round,ground_truth,agent0_pred,agent1_pred,hedge0,hedge1,fused_B0_pred,acc_B0,fused_M1_pred,acc_M1,cos_sim_beliefs,p_b0_gt,p_m1_gt,loss_b0,loss_m1,pi0,pi1,m1_conf_top1,m1_margin
0,7,7,27,0.5,0.5,7,1,9,0,0.02671869657933712,0.2782512903213501,0.09373845160007477,1.2792306515637395,2.3672468046517934,0.4200000464916229,0.5799998641014099,0.17965452373027802,0.021846473217010498
1,10,10,10,0.5733796954154968,0.4266203045845032,10,1,10,1,0.7978729009628296,0.7573666572570801,0.2603859007358551,0.2779077871173726,1.3455905147531702,0.47392281889915466,0.5260772109031677,0.2603859007358551,0.015568971633911133
2,23,23,23,0.5834073424339294,0.41659268736839294,23,1,23,1,0.9967120885848999,0.9111186861991882,0.4093971848487854,0.09308210897951381,0.8930694820639209,0.4591991901397705,0.5408008098602295,0.4093971848487854,0.27968816459178925
3,1,1,1,0.5819861888885498,0.4180138409137726,1,1,1,1,0.8998174071311951,0.786993145942688,0.40121254324913025,0.2395357396970826,0.9132639590532394,0.23624271154403687,0.7637573480606079,0.40121254324913025,0.21196356415748596
4,8,9,8,0.5768626928329468,0.4231373369693756,8,1,8,1,0.355266809463501,0.4992886781692505,0.1779239922761917,0.6945708371397333,1.726398829568965,0.0736067071557045,0.9263932704925537,0.1779239922761917,0.019429385662078857
5,11,11,15,0.5522177219390869,0.4477822780609131,11,1,11,1,0.2597508430480957,0.312062531709671,0.15280532836914062,1.1645516891081085,1.878590531331925,0.04473463445901871,0.9552653431892395,0.15280532836914062,0.042210668325424194
6,5,8,5,0.5689728856086731,0.4310271143913269,5,1,8,0,0.35520413517951965,0.5271401405334473,0.23604410886764526,0.6402888444757417,1.4437365894389786,0.7414491176605225,0.25855085253715515,0.25856491923332214,0.02252081036567688
7,4,4,4,0.551289439201355,0.448710560798645,4,1,11,0,0.989951491355896,0.810412585735321,0.20767292380332947,0.21021179589268799,1.5717909186425745,0.5395250916481018,0.4604749381542206,0.2175212800502777,0.009848356246948242
8,2,2,2,0.5501391887664795,0.4498608112335205,2,1,2,1,0.9960943460464478,0.8808231353759766,0.1887899488210678,0.12689842759712136,1.6671202638644331,0.5302106142044067,0.4697894752025604,0.1887899488210678,0.006902158260345459
9,0,0,0,0.5501542091369629,0.4498458206653595,0,1,0,1,0.9999994039535522,0.9980999231338501,0.7409908771514893,0.001901884302072886,0.2997669652982895,0.597516655921936,0.40248337388038635,0.7409908771514893,0.7013074792921543
10,14,14,14,0.550116240978241,0.4498837888240814,14,1,14,1,0.9998286962509155,0.9235082864761353,0.5576679110527039,0.07957550647986611,0.5839916352504243,0.5637331008911133,0.43626683950424194,0.5576679110527039,0.4789244681596756
11,17,17,17,0.5498689413070679,0.4501310884952545,17,1,17,1,0.7863673567771912,0.6011075973510742,0.473468542098999,0.5089813299367497,0.7476698055239681,0.38726818561553955,0.6127317547798157,0.473468542098999,0.329131543636322
12,26,8,7,0.5445642471313477,0.45543575286865234,8,0,8,0,0.22378918528556824,0.044620316475629807,0.03866477310657501,3.109565997317341,3.2528263491247,0.44836124777793884,0.5516387820243835,0.3183898627758026,0.08022011816501617
13,9,27,27,0.5562223792076111,0.4437776207923889,27,0,27,0,0.9963194727897644,0.1019536629319191,0.13723444938659668,2.283236853897735,1.9860645063842841,0.652571976184845,0.34742799401283264,0.622514545917511,0.4852800965309143
14,4,21,4,0.5489869117736816,0.45101308822631836,4,1,11,0,0.3483486473560333,0.5557263493537903,0.21198290586471558,0.5874792833118583,1.5512496402747225,0.2100025862455368,0.789997398853302,0.25784045457839966,0.04585754871368408
15,20,3,3,0.529079020023346,0.47092100977897644,3,0,3,0,0.8983168005943298,0.07333206385374069,0.10498973727226257,2.612757332533078,2.2538926738656704,0.4471255838871002,0.5528744459152222,0.23007765412330627,0.1250879168510437
16,3,3,3,0.5088484883308411,0.49115151166915894,3,1,3,1,0.9084136486053467,0.7521170973777771,0.37597888708114624,0.284863252556449,0.9782222885487205,0.20871137082576752,0.7912886142730713,0.37597888708114624,0.1840817779302597
17,27,14,8,0.5163952112197876,0.4836048185825348,14,0,14,0,0.0415382944047451,0.044322095811367035,0.0539926141500473,3.116271949498545,2.9189080167715398,0.0825461745262146,0.9174538254737854,0.16296759247779846,0.040574073791503906
18,14,9,14,0.497470498085022,0.502529501914978,14,1,14,1,0.8485047817230225,0.44241705536842346,0.3466011583805084,0.8155022775993436,1.059580559581264,0.3753015100955963,0.6246984601020813,0.3466011583805084,0.16759046912193298
19,4,4,4,0.48903945088386536,0.5109605193138123,4,1,4,1,0.9996888041496277,0.9795942306518555,0.624225378036499,0.02061684341528594,0.47124379307269787,0.45872563123703003,0.54127436876297,0.624225378036499,0.47610414028167725
20,9,8,5,0.48882150650024414,0.5111784934997559,5,0,5,0,0.10277168452739716,0.07388409227132797,0.05491025000810623,2.6052577343983216,2.90205524464934,0.9607684016227722,0.03923160210251808,0.22326304018497467,0.07638564705848694
21,8,26,8,0.5269432663917542,0.47305670380592346,8,1,8,1,0.033066559582948685,0.46620798110961914,0.3144853115081787,0.7631234330297647,1.1568179081988423,0.13619059324264526,0.8638094067573547,0.3144853115081787,0.03997555375099182
22,19,19,19,0.48291438817977905,0.517085611820221,19,1,1,0,0.6220017671585083,0.5427904725074768,0.14452403783798218,0.6110319036672222,1.934309433444634,0.27206799387931824,0.7279319763183594,0.1548677384853363,0.010343700647354126
23,19,19,19,0.4686129689216614,0.5313870310783386,19,1,19,1,0.9856759905815125,0.8866958022117615,0.3500608801841736,0.12025330677704307,1.0496481962417208,0.4194759726524353,0.5805240273475647,0.3500608801841736,0.22619837522506714
24,8,12,14,0.47133150696754456,0.5286684632301331,14,0,14,0,0.018388651311397552,0.06937103718519211,0.05266404524445534,2.6682858302019308,2.943822309701494,0.608910858631134,0.39108920097351074,0.21427176892757416,0.08011573553085327
25,11,21,4,0.507171630859375,0.4928283393383026,21,0,21,0,0.20418603718280792,0.0320407971739769,0.07530995458364487,3.44074527650545,2.5861429539278173,0.13213180005550385,0.8678682446479797,0.09151206910610199,0.00396362692117691
26,5,5,5,0.44092217087745667,0.559077799320221,5,1,5,1,0.8260974884033203,0.791990339756012,0.46456342935562134,0.23320608451986127,0.7666571760021988,0.7868152260780334,0.21318474411964417,0.46456342935562134,0.2996741831302643
27,20,20,20,0.4331362545490265,0.5668637752532959,20,1,20,1,0.9297535419464111,0.5117114186286926,0.384364515542984,0.6699944483356587,0.9561639174295081,0.4451660215854645,0.5548339486122131,0.384364515542984,0.19253922998905182
28,22,22,2,0.43036994338035583,0.5696300864219666,22,1,22,1,0.3851150572299957,0.41246670484542847,0.1402646154165268,0.8855997919913088,1.964224530265283,0.6431532502174377,0.35684677958488464,0.1402646154165268,0.052668698132038116
29,0,0,0,0.4571492671966553,0.5428507328033447,0,1,0,1,1.0,0.9998842477798462,0.9414770007133484,0.0001157589199590604,0.060305359528130625,0.5809645056724548,0.4190354645252228,0.9414770007133484,0.9287180406972766
30,14,14,14,0.4571518898010254,0.5428481101989746,14,1,14,1,0.880571186542511,0.7359399795532227,0.4566187560558319,0.30660671309868165,0.7839064680782617,0.6742545366287231,0.32574549317359924,0.4566187560558319,0.2978934049606323
31,8,12,8,0.45230400562286377,0.5476959943771362,8,1,8,1,0.20841410756111145,0.5585313439369202,0.2577333152294159,0.5824445404058871,1.3558298905588984,0.31793197989463806,0.6820680499076843,0.2577333152294159,0.11659778654575348
32,7,26,7,0.4241347014904022,0.5758653283119202,7,1,7,1,0.13710859417915344,0.3816158175468445,0.21314747631549835,0.9633408896726016,1.5457709757870655,0.20462077856063843,0.7953792214393616,0.21314747631549835,0.08068941533565521
33,14,14,14,0.4039197564125061,0.5960802435874939,14,1,14,1,0.763805091381073,0.4501591920852661,0.2452574372291565,0.7981539985866738,1.4054468559030604,0.3521086275577545,0.6478913426399231,0.2452574372291565,0.17306622117757797
34,26,26,26,0.39935997128486633,0.600640058517456,26,1,26,1,0.9980645179748535,0.9538425803184509,0.5652700662612915,0.047256631297897186,0.5704516686553257,0.6480531096458435,0.35194694995880127,0.5652700662612915,0.4335140436887741
35,24,24,24,0.40028366446495056,0.599716305732727,24,1,24,1,0.998304545879364,0.9412904977798462,0.43816500902175903,0.060503475263888204,0.8251597066253314,0.4920642673969269,0.5079357028007507,0.43816500902175903,0.2942166030406952
36,14,14,14,0.4014826714992523,0.5985172986984253,14,1,14,1,0.9906463623046875,0.9249575138092041,0.6811973452568054,0.07800747354164997,0.38390322735797194,0.4405812919139862,0.5594186782836914,0.6811973452568054,0.5732593759894371
37,25,25,25,0.3999197781085968,0.6000802516937256,25,1,25,1,0.9042900800704956,0.6880678534507751,0.3847622573375702,0.37386782171013216,0.9551296488431935,0.5741259455680847,0.42587411403656006,0.3847622573375702,0.28469914197921753
38,12,5,12,0.40528541803359985,0.5947145819664001,12,1,12,1,0.15732617676258087,0.5117644667625427,0.22620084881782532,0.6698907856413934,1.4863319627968776,0.016476048156619072,0.9835240244865417,0.22620084881782532,0.045636922121047974
39,10,10,10,0.3773447871208191,0.6226552128791809,10,1,10,1,0.9999937415122986,0.9964879751205444,0.8195582628250122,0.0035182065164516647,0.19898978774883744,0.4842030704021454,0.5157968997955322,0.8195582628250122,0.7709737606346607
40,7,7,7,0.37738192081451416,0.6226180791854858,7,1,7,1,0.950563371181488,0.7379150986671448,0.28114789724349976,0.3039265034559989,1.2688744233986966,0.36434468626976013,0.6356552839279175,0.28114789724349976,0.11769449710845947
41,11,11,15,0.372659832239151,0.6273401379585266,11,1,11,1,0.23641322553157806,0.3064829707145691,0.18213994801044464,1.1825930856239004,1.7029799422798357,0.029069310054183006,0.9709306955337524,0.18213994801044464,0.08718696236610413
42,14,14,14,0.4072819650173187,0.5927180051803589,14,1,14,1,0.984885573387146,0.880733847618103,0.6367251873016357,0.12699980127825908,0.4514171336060006,0.6234121918678284,0.37658780813217163,0.6367251873016357,0.5279044881463051
43,4,4,4,0.40581828355789185,0.5941817164421082,4,1,4,1,0.9952629208564758,0.9301925301551819,0.543297529220581,0.07236369258862618,0.6100981731607855,0.5004783272743225,0.4995216727256775,0.543297529220581,0.45608077198266983
44,3,6,3,0.4050023853778839,0.5949975848197937,3,1,3,1,0.6671499609947205,0.5279220342636108,0.279229074716568,0.638806668558563,1.2757227777113496,0.6466401815414429,0.3533598482608795,0.279229074716568,0.0008665919303894043
45,9,9,9,0.3978908061981201,0.6021091938018799,9,1,9,1,0.9991485476493835,0.8918944597244263,0.2819972038269043,0.11440747209692598,1.265858123600614,0.12746183574199677,0.872538149356842,0.2819972038269043,0.013117581605911255
46,17,17,17,0.39747267961502075,0.6025273203849792,17,1,17,1,0.9857537746429443,0.7939245104789734,0.4206696152687073,0.23076689721842175,0.8659075152185651,0.5467023849487305,0.45329758524894714,0.4206696152687073,0.32029449939727783
47,24,0,10,0.39672622084617615,0.6032737493515015,24,1,24,1,0.31500136852264404,0.37847474217414856,0.31558671593666077,0.9716059397073645,1.1533217823517357,0.25283220410346985,0.7471677660942078,0.31558671593666077,0.041288018226623535
48,22,22,22,0.3953792452812195,0.6046207547187805,22,1,22,1,0.8601040244102478,0.6128650307655334,0.30902817845344543,0.489610545485223,1.174322813836194,0.11493734270334244,0.8850626349449158,0.30902817845344543,0.19466642290353775
49,4,4,4,0.4060226082801819,0.5939773917198181,4,1,4,1,0.9881508350372314,0.9009780287742615,0.436251163482666,0.10427440704930548,0.82953713846008,0.4924883246421814,0.5075116157531738,0.436251163482666,0.2925902456045151
50,17,17,17,0.4028901159763336,0.597109854221344,17,1,17,1,0.9178791046142578,0.6567242741584778,0.4283795952796936,0.4204910226211235,0.8477455716089657,0.7310577034950256,0.268942266702652,0.4283795952796936,0.3162223622202873
51,14,27,14,0.4106121361255646,0.589387834072113,14,1,14,1,0.6851301789283752,0.6717574000358582,0.46956583857536316,0.39785801549085525,0.7559467589078736,0.7624704241752625,0.23752960562705994,0.46956583857536316,0.29088959097862244
52,22,2,16,0.4007936716079712,0.5992063283920288,16,0,16,0,0.019761258736252785,0.1425475925207138,0.2078051120042801,1.9480793524317057,1.5711546000215242,0.06477902829647064,0.9352208971977234,0.32802996039390564,0.12022484838962555
53,2,2,2,0.4488701820373535,0.5511298179626465,2,1,2,1,0.9225703477859497,0.7437570691108704,0.15184205770492554,0.29604081748058225,1.8849143924148892,0.3644670844078064,0.6355328559875488,0.15184205770492554,0.008625924587249756
54,20,20,15,0.44197404384613037,0.5580259561538696,20,1,20,1,0.5818060636520386,0.5783277153968811,0.32334616780281067,0.5476145893276251,1.1290318027051167,0.6173280477523804,0.38267192244529724,0.32334616780281067,0.22074393928050995
55,5,5,5,0.45862430334091187,0.5413756966590881,5,1,5,1,0.9994531869888306,0.9436335563659668,0.5373272895812988,0.05801737001441395,0.6211478923244124,0.4893016815185547,0.5106983780860901,0.5373272895812988,0.4347224086523056
56,9,9,9,0.45780372619628906,0.5421962738037109,9,1,9,1,0.9832829833030701,0.8269518613815308,0.3123897910118103,0.1900087943811392,1.1635035407701408,0.5285089612007141,0.47149109840393066,0.3123897910118103,0.06016188859939575
57,1,5,1,0.45768341422080994,0.5423165559768677,5,0,5,0,0.04399725794792175,0.28089991211891174,0.12854525446891785,1.2697568577274108,2.0514742617904793,0.1648704558610916,0.8351294994354248,0.1888992041349411,0.060353949666023254
58,8,14,8,0.40575695037841797,0.594243049621582,8,1,8,1,0.2696782648563385,0.4430943429470062,0.28336983919143677,0.8139725678475708,1.2610023822605154,0.36281001567840576,0.6371899247169495,0.28336983919143677,0.058461666107177734
59,19,5,19,0.3788282871246338,0.6211717128753662,19,1,19,1,0.2849159836769104,0.38995659351348877,0.21470190584659576,0.9417198447359652,1.538504697347812,0.6521754264831543,0.3478245437145233,0.21470190584659576,0.024914473295211792
60,9,27,27,0.33854085206985474,0.6614591479301453,27,0,27,0,0.9611522555351257,0.1479705572128296,0.14111627638339996,1.9107419627599127,1.9581710732438296,0.6830570697784424,0.31694296002388,0.5633025169372559,0.4116351008415222
61,6,3,11,0.3051401674747467,0.6948598623275757,11,0,3,0,0.010468573309481144,0.08263763040304184,0.09168028086423874,2.493290128310776,2.3894479624924907,0.6706083416938782,0.3293916881084442,0.34893709421157837,0.0775860846042633
62,27,14,14,0.3454420864582062,0.6545578837394714,14,0,14,0,0.9708755016326904,0.08843094110488892,0.10634675621986389,2.425533358079881,2.2410502387896414,0.6678146123886108,0.33218538761138916,0.674541711807251,0.5681949555873871
63,14,27,14,0.36118823289871216,0.6388117671012878,14,1,14,1,0.17232584953308105,0.6317881941795349,0.44289347529411316,0.45920107679770444,0.8144259999426833,0.876351535320282,0.12364839762449265,0.44289347529411316,0.2013745754957199
64,12,12,12,0.33870115876197815,0.6612988114356995,12,1,12,1,0.8843370676040649,0.8395956158638,0.34474891424179077,0.1748349127455761,1.0649389117211088,0.4426637291908264,0.5573362112045288,0.34474891424179077,0.22827991843223572
65,12,1,12,0.33207249641418457,0.6679275035858154,12,1,12,1,0.013969536870718002,0.5326582193374634,0.2646377384662628,0.6298753000152382,1.3293934128821507,0.33654212951660156,0.6634578704833984,0.2646377384662628,0.07759067416191101
66,3,3,3,0.2715425193309784,0.728457510471344,3,1,3,1,0.9990044236183167,0.9148653745651245,0.6424177289009094,0.0889783561543495,0.4425165188149127,0.548661470413208,0.4513384997844696,0.6424177289009094,0.541432186961174
67,14,14,14,0.27126187086105347,0.7287381291389465,14,1,14,1,0.9998050332069397,0.968997597694397,0.8154146671295166,0.031493146253992986,0.2040585011091197,0.4537167251110077,0.5462833046913147,0.8154146671295166,0.7812900170683861
68,6,3,6,0.2714385390281677,0.7285614609718323,6,1,6,1,0.745486855506897,0.74834805727005,0.40129485726356506,0.28988709202818985,0.9130588169830955,0.2672412097454071,0.7327588200569153,0.40129485726356506,0.15908344089984894
69,19,19,5,0.26541024446487427,0.7345897555351257,5,0,5,0,0.41652336716651917,0.3984103202819824,0.21804064512252808,0.92027284928496,1.5230737880556693,0.7271825671195984,0.2728174328804016,0.2693752944469452,0.051334649324417114
70,21,21,6,0.27537497878074646,0.7246250510215759,21,1,6,0,0.33943429589271545,0.4009157121181488,0.08972441405057907,0.914004067988549,2.4110123724732273,0.12991087138652802,0.870089054107666,0.1958041787147522,0.07736285775899887
71,24,24,24,0.29253849387168884,0.7074615359306335,24,1,24,1,0.9558687806129456,0.784905195236206,0.4447619616985321,0.24219233889279806,0.8102160574667084,0.5351406931877136,0.4648592472076416,0.4447619616985321,0.18458649516105652
72,24,24,24,0.29615116119384766,0.7038488388061523,24,1,24,1,0.9186242818832397,0.7826234698295593,0.46783363819122314,0.24510358009562636,0.7596425202107097,0.5200629234313965,0.4799370765686035,0.46783363819122314,0.10932576656341553
73,24,24,10,0.2999504804611206,0.7000495195388794,24,1,24,1,0.6599645018577576,0.6175863742828369,0.43016746640205383,0.4819363428808211,0.8435806893641614,0.6512860059738159,0.3487139642238617,0.43016746640205383,0.022147148847579956
74,26,26,26,0.3081953227519989,0.6918047070503235,26,1,26,1,0.9996378421783447,0.9594824314117432,0.5320313572883606,0.041361273851318915,0.6310528491061655,0.25879842042922974,0.7412015795707703,0.5320313572883606,0.4421466588973999
75,14,17,14,0.3085123896598816,0.6914876103401184,14,1,14,1,0.21016517281532288,0.7140038013458252,0.5242391228675842,0.3368669926429644,0.6458073574027908,0.6396111845970154,0.360388845205307,0.5242391228675842,0.2721802592277527
76,17,17,17,0.28783732652664185,0.7121626734733582,17,1,17,1,0.9038182497024536,0.7563791275024414,0.601151168346405,0.2792125371020483,0.5089088480441771,0.6892823576927185,0.3107176125049591,0.601151168346405,0.48049288243055344
77,19,5,5,0.2846246361732483,0.7153753638267517,5,0,5,0,0.9881560802459717,0.12453439086675644,0.14576362073421478,2.0831733693608734,1.9257690053960836,0.5014916062355042,0.49850839376449585,0.3322538137435913,0.18649019300937653
78,17,27,27,0.27955183386802673,0.7204481363296509,27,0,27,0,0.9176466464996338,0.10723958164453506,0.13245388865470886,2.232689866735984,2.021520704278587,0.6494110226631165,0.35058894753456116,0.2826821804046631,0.15022829174995422
79,4,4,22,0.26665326952934265,0.7333467602729797,22,0,22,0,0.030074940994381905,0.2758033871650696,0.14990128576755524,1.2880670324616939,1.8977782964083354,0.7420164942741394,0.257983535528183,0.2373637855052948,0.08746249973773956
80,2,2,2,0.3102332651615143,0.6897667646408081,2,1,22,0,0.9058144092559814,0.6600853800773621,0.11703561246395111,0.41538608857485576,2.1452770104648153,0.5012776851654053,0.4987223148345947,0.1798529475927353,0.06281733512878418
81,1,1,1,0.3059612512588501,0.6940387487411499,1,1,1,1,0.9988827705383301,0.9373070001602173,0.4187169373035431,0.06474440882675517,0.8705601546530571,0.6164610385894775,0.38353899121284485,0.4187169373035431,0.32642941176891327
82,21,21,21,0.306765615940094,0.693234384059906,21,1,21,1,0.9997391104698181,0.9836622476577759,0.611709713935852,0.01647268510190248,0.49149743263107887,0.5368798971176147,0.46312007308006287,0.611709713935852,0.5239294394850731
83,0,0,0,0.30623283982276917,0.6937671303749084,0,1,0,1,1.0,0.9997396469116211,0.9158555865287781,0.0002603869861279372,0.08789658336509086,0.4450632631778717,0.5549367666244507,0.9158555865287781,0.9014142295345664
84,19,19,19,0.3062339127063751,0.6937660574913025,19,1,19,1,0.9919617772102356,0.875874400138855,0.5340154767036438,0.1325325771623972,0.6273304578508362,0.23576873540878296,0.7642313241958618,0.5340154767036438,0.4133613258600235
85,18,0,16,0.3082834482192993,0.6917165517807007,0,0,24,0,0.041651368141174316,0.010285909287631512,0.015719179064035416,4.576980350681375,4.152873715734318,0.48326918482780457,0.5167309045791626,0.12898209691047668,0.025348417460918427
86,4,2,4,0.2948959171772003,0.7051041126251221,4,1,4,1,0.05393039062619209,0.7041009068489075,0.4055953919887543,0.3508335995031744,0.9023991877441717,0.4356266260147095,0.5643733739852905,0.4055953919887543,0.32202935963869095
87,21,21,21,0.2591101825237274,0.740889847278595,21,1,21,1,0.9989635944366455,0.9623143076896667,0.701278805732727,0.03841415850869092,0.35484974529516794,0.5878415107727051,0.4121585190296173,0.701278805732727,0.5899998620152473
88,27,27,17,0.2595948874950409,0.7404051423072815,27,1,17,0,0.7999430298805237,0.37217941880226135,0.1631954461336136,0.9883792323741729,1.812806740434497,0.74080890417099,0.25919109582901,0.3082951605319977,0.1450997143983841
89,17,27,17,0.2663499712944031,0.7336500287055969,17,1,17,1,0.3338770270347595,0.7528843879699707,0.5856285095214844,0.2838435982024265,0.5350696332279247,0.2801271080970764,0.7198728919029236,0.5856285095214844,0.4287578910589218
90,20,20,11,0.24939121305942535,0.7506088018417358,20,1,20,1,0.4300364851951599,0.4027777910232544,0.3587113618850708,0.9093702561442606,1.0252372197711102,0.8498734831809998,0.15012651681900024,0.3587113618850708,0.17818212509155273
91,13,13,13,0.2642132639884949,0.7357867360115051,13,1,13,1,0.5848528742790222,0.4107782542705536,0.23060473799705505,0.8897017374053937,1.4670501249703296,0.9015896320343018,0.09841039776802063,0.23060473799705505,0.09963597357273102
92,17,17,17,0.2790597975254059,0.7209401726722717,17,1,17,1,0.9731493592262268,0.7869157195091248,0.6959633827209473,0.23963412713910706,0.3624582310648481,0.4663655459880829,0.5336344242095947,0.6959633827209473,0.6147579699754715
93,26,26,26,0.2818272113800049,0.7181727886199951,26,1,26,1,0.999999463558197,0.9988424777984619,0.8760833144187927,0.0011581926477824912,0.1322940847841942,0.5178984999656677,0.48210155963897705,0.8760833144187927,0.8639349704608321
94,11,11,4,0.28179627656936646,0.7182037234306335,4,0,3,0,0.29555249214172363,0.1957736760377884,0.14555808901786804,1.6307960010405176,1.9271800348083636,0.3785776197910309,0.6214223504066467,0.18183821439743042,0.03628012537956238
95,26,26,26,0.30530768632888794,0.6946923136711121,26,1,26,1,0.9999998211860657,0.9985654354095459,0.8704757690429688,0.0014355945633958505,0.13871535583854588,0.48824048042297363,0.5117595791816711,0.8704757690429688,0.8567248983308673
96,16,5,16,0.3053028881549835,0.6946970820426941,16,1,16,1,0.2961770296096802,0.7083084583282471,0.43217092752456665,0.34487560456260824,0.8389341034268791,0.016493504866957664,0.9835065007209778,0.43217092752456665,0.3287363722920418
97,21,21,22,0.2883915603160858,0.7116084694862366,21,1,21,1,0.06200810521841049,0.31056666374206543,0.2177528440952301,1.1693567026108513,1.5243946020478878,0.71089768409729,0.28910231590270996,0.2177528440952301,0.031256303191185
98,6,3,11,0.32446393370628357,0.6755360960960388,3,0,3,0,0.3490656316280365,0.2129681259393692,0.15131308138370514,1.546612767947554,1.8884042020197493,0.2543084919452667,0.7456914782524109,0.22483868896961212,0.07352560758590698
99,8,8,8,0.32981768250465393,0.6701823472976685,8,1,8,1,0.861012876033783,0.7148094773292542,0.37569460272789,0.3357392370700788,0.9789786924146672,0.47751620411872864,0.5224838256835938,0.37569460272789,0.3043809086084366
100,18,18,22,0.32367241382598877,0.6763275861740112,22,0,22,0,0.32153621315956116,0.2757308781147003,0.09823184460401535,1.2883299682586211,2.3204248330535164,0.7870662808418274,0.2129337340593338,0.23132650554180145,0.06256483495235443
101,27,27,27,0.3423002064228058,0.6576997637748718,27,1,27,1,0.8977369666099548,0.8200700283050537,0.38114896416664124,0.1983655419982257,0.9645649982043315,0.17078638076782227,0.8292136192321777,0.38114896416664124,0.16530299186706543
102,1,4,14,0.33557891845703125,0.6644210815429688,14,0,14,0,0.1702336221933365,0.10182256251573563,0.06119219958782196,2.284523563708786,2.793735555302609,0.4608955681324005,0.5391044020652771,0.29410243034362793,0.189453125
103,18,18,25,0.3290875554084778,0.6709124445915222,18,1,25,0,0.7700098752975464,0.4866381287574768,0.15510646998882294,0.7202344942066609,1.8636434947191858,0.5639052987098694,0.4360946714878082,0.2733880877494812,0.11828161776065826
104,6,6,6,0.33467140793800354,0.6653286218643188,6,1,6,1,0.749247133731842,0.39026370644569397,0.22472266852855682,0.9409325979850601,1.4928882213520767,0.32829955220222473,0.6717004776000977,0.22472266852855682,0.0991407185792923
105,12,8,12,0.33895447850227356,0.6610455513000488,12,1,12,1,0.13656024634838104,0.6320745944976807,0.25665152072906494,0.45874786253170363,1.3600360646901846,0.03448157384991646,0.9655184745788574,0.25665152072906494,0.18615058809518814
106,1,1,1,0.30665165185928345,0.6933483481407166,1,1,1,1,0.7581013441085815,0.7694263458251953,0.29787343740463257,0.2621100472106823,1.211086589386029,0.045494746416807175,0.954505205154419,0.29787343740463257,0.19633664935827255
107,24,24,4,0.29560208320617676,0.7043979167938232,4,0,24,1,0.0673479363322258,0.3190361261367798,0.209077388048172,1.1424509345316924,1.5650508178107618,0.8254715800285339,0.17452841997146606,0.209077388048172,0.10689304023981094
108,21,21,21,0.33107873797416687,0.6689212918281555,21,1,21,1,0.9490372538566589,0.7763955593109131,0.496717631816864,0.25309314729288,0.6997335595788684,0.18217921257019043,0.8178207874298096,0.496717631816864,0.36569179594516754
109,3,3,3,0.3344154357910156,0.6655845642089844,3,1,3,1,0.9393302202224731,0.7066380977630615,0.3553052544593811,0.3472366284951907,1.034777987268052,0.3194894790649414,0.6805105805397034,0.3553052544593811,0.21602508425712585
110,14,27,9,0.34005966782569885,0.6599403619766235,9,0,14,1,0.05945884436368942,0.1586819887161255,0.24936486780643463,1.8408531505425654,1.388838122513581,0.9696772694587708,0.030322745442390442,0.24936486780643463,0.02275562286376953
111,15,15,15,0.30043599009513855,0.6995640397071838,15,1,15,1,0.999695897102356,0.9379213452339172,0.3428533971309662,0.06408918718701422,1.070452336795774,0.2345702350139618,0.7654297351837158,0.3428533971309662,0.25283535569906235
112,5,11,18,0.2996866703033447,0.7003133296966553,18,0,18,0,0.04992164671421051,0.07598531991243362,0.07581376284360886,2.5772151164003434,2.5794754349576228,0.24084174633026123,0.7591583132743835,0.110893115401268,0.007852010428905487
113,4,4,4,0.2688702642917633,0.7311297655105591,4,1,4,1,0.8179602026939392,0.4287371337413788,0.21201035380363464,0.8469112897187229,1.551120166806305,0.17102670669555664,0.8289732933044434,0.21201035380363464,0.08311621844768524
114,1,5,1,0.2760705053806305,0.7239294648170471,1,1,1,1,0.09408124536275864,0.7334306836128235,0.39165350794792175,0.3100221867332687,0.9373777383650805,0.058914657682180405,0.9410853385925293,0.39165350794792175,0.19211256504058838
115,9,9,9,0.24904057383537292,0.7509594559669495,9,1,9,1,0.9215039610862732,0.7469372153282166,0.22650010883808136,0.2917741464737222,1.4850098535378333,0.4268074631690979,0.5731925964355469,0.22650010883808136,0.09797964990139008
116,4,4,4,0.2455229014158249,0.7544770836830139,4,1,4,1,0.9556710720062256,0.6655128002166748,0.3543390929698944,0.4071974073474564,1.0375009345865192,0.4349207282066345,0.5650792121887207,0.3543390929698944,0.2599325403571129
117,1,1,5,0.24452514946460724,0.755474865436554,5,0,1,1,0.5792600512504578,0.392314076423645,0.25099438428878784,0.9356925446269221,1.3823247134520833,0.8251030445098877,0.1748969703912735,0.25099438428878784,0.025121361017227173
118,24,24,24,0.25035691261291504,0.749643087387085,24,1,24,1,0.8607556819915771,0.686622679233551,0.545802652835846,0.37597036728712396,0.6054978102656143,0.4172575771808624,0.58274245262146,0.545802652835846,0.28880995512008667
119,27,14,27,0.2553820312023163,0.7446179986000061,27,1,27,1,0.383550763130188,0.8118494153022766,0.5644908547401428,0.20844040515340354,0.5718310961611316,0.10093609988689423,0.8990639448165894,0.5644908547401428,0.30732572078704834
120,2,2,22,0.24336092174053192,0.7566390633583069,2,1,25,0,0.22181402146816254,0.2261226326227188,0.07635779678821564,1.4866778046516362,2.5723251334976855,0.6138198375701904,0.38618016242980957,0.1409498155117035,0.012031570076942444
121,7,7,7,0.26949596405029297,0.730504035949707,7,1,7,1,0.9967581033706665,0.9606053233146667,0.6764348745346069,0.04019164811085838,0.39091910424690596,0.40400683879852295,0.5959932208061218,0.6764348745346069,0.5884366631507874
122,15,15,15,0.2687402069568634,0.731259822845459,15,1,15,1,0.9999987483024597,0.9968729019165039,0.7686118483543396,0.003131997671702806,0.26316918546885854,0.39049389958381653,0.6095060706138611,0.7686118483543396,0.7224387302994728
123,2,22,19,0.2687683403491974,0.7312316298484802,2,1,19,0,0.7725332975387573,0.3284761309623718,0.09856514632701874,1.11329110439032,2.3170375653914763,0.49504706263542175,0.5049529075622559,0.20407995581626892,0.04567475616931915
124,5,7,5,0.26985105872154236,0.73014897108078,5,1,5,1,0.47807571291923523,0.5818092823028564,0.2494955062866211,0.5416125785916955,1.3883143748280276,0.3779919743537903,0.6220080256462097,0.2494955062866211,0.09996189177036285
125,7,1,0,0.25899991393089294,0.7410000562667847,0,0,1,0,0.3516407012939453,0.11275667697191238,0.08454792201519012,2.18252308308966,2.470436780933179,0.31452295184135437,0.685477077960968,0.09033174812793732,0.005783826112747192
126,15,15,15,0.26532483100891113,0.7346751689910889,15,1,15,1,0.9992352724075317,0.9819325804710388,0.607997477054596,0.018232628309363574,0.49758454660583623,0.3215714395046234,0.6784285306930542,0.607997477054596,0.5036077126860619
127,1,1,1,0.2647622227668762,0.7352377772331238,1,1,1,1,0.972694456577301,0.7998501062393188,0.3758638799190521,0.2233309360704881,0.9785282226297253,0.4379526376724243,0.5620473027229309,0.3758638799190521,0.3125091642141342
128,10,10,10,0.26433053612709045,0.7356694936752319,10,1,10,1,0.9997047185897827,0.9768299460411072,0.6912853717803955,0.023442699365326482,0.3692025567055547,0.4497406780719757,0.5502593517303467,0.6912853717803955,0.5746332183480263
129,15,15,15,0.2646196782588959,0.7353803515434265,15,1,16,0,0.8941365480422974,0.6584301590919495,0.22688019275665283,0.41789682402810563,1.4833331860413586,0.3208790719509125,0.6791209578514099,0.24079138040542603,0.013911187648773193
130,7,7,7,0.27071452140808105,0.729285478591919,7,1,7,1,0.9995028972625732,0.9448767304420471,0.60354083776474,0.05670080397361947,0.5049415725239327,0.2496868222951889,0.7503131628036499,0.60354083776474,0.46996550261974335
131,27,17,9,0.2708224952220917,0.7291775345802307,9,0,14,0,0.24294379353523254,0.11304987221956253,0.06410300731658936,2.1799262105589956,2.7472640001406,0.8453426957130432,0.15465733408927917,0.26096823811531067,0.057169586420059204
132,14,14,14,0.2737320065498352,0.7262679934501648,14,1,14,1,0.808104395866394,0.7951928377151489,0.6532976031303406,0.22917063057778364,0.42572250600739986,0.6446807384490967,0.3553192615509033,0.6532976031303406,0.5264062285423279
133,4,5,4,0.2682318687438965,0.7317681312561035,4,1,4,1,0.025323251262307167,0.5434731245040894,0.34247058629989624,0.60977502257803,1.0715695043840667,0.37085437774658203,0.629145622253418,0.34247058629989624,0.2910425141453743
134,9,5,27,0.21492615342140198,0.7850738763809204,27,0,27,0,0.009439139626920223,0.2418191283941269,0.1191149577498436,1.4195652356006212,2.1276662206674692,0.17189393937587738,0.8281060457229614,0.40014034509658813,0.21615193784236908
135,20,20,11,0.19292716681957245,0.8070728182792664,20,1,20,1,0.6724411845207214,0.5072057247161865,0.4488193690776825,0.6788385890218188,0.8011347682234405,0.8495365977287292,0.15046346187591553,0.4488193690776825,0.2185799479484558
136,14,26,14,0.19864797592163086,0.8013520240783691,14,1,14,1,0.2010292112827301,0.3925849199295044,0.3371638357639313,0.9350024086530765,1.0871863072301475,0.425336629152298,0.5746634006500244,0.3371638357639313,0.22768386453390121
137,0,0,0,0.18305005133152008,0.8169499635696411,0,1,0,1,0.9999997615814209,0.9988059401512146,0.8754490613937378,0.0011947733062437932,0.13301831125187003,0.42929744720458984,0.5707024931907654,0.8754490613937378,0.850934961810708
138,10,10,10,0.18305537104606628,0.8169446587562561,10,1,10,1,0.9885584115982056,0.9317383766174316,0.45872190594673157,0.07070321548734514,0.7793111219317215,0.41517481207847595,0.5848251581192017,0.45872190594673157,0.3995344787836075
139,7,26,7,0.18097729980945587,0.8190227150917053,7,1,7,1,0.24674567580223083,0.42928850650787354,0.2779783308506012,0.8456260767448314,1.2802121149100638,0.23689325153827667,0.7631067633628845,0.2779783308506012,0.044126957654953
140,11,15,11,0.1583927720785141,0.8416072130203247,11,1,11,1,0.6247562766075134,0.7430763244628906,0.33840927481651306,0.29695651482567703,1.0834992437754412,0.39461398124694824,0.6053860187530518,0.33840927481651306,0.25786735862493515
141,1,1,1,0.15142668783664703,0.8485733270645142,1,1,1,1,0.983342170715332,0.6325279474258423,0.2682003676891327,0.4580308737031134,1.3160209371842209,0.5756403803825378,0.42435967922210693,0.2682003676891327,0.18502483516931534
142,19,19,2,0.15451617538928986,0.8454838395118713,2,0,19,1,0.2995799481868744,0.29006582498550415,0.2123003453016281,1.23764739904966,1.5497532837946069,0.47905585169792175,0.5209441184997559,0.2123003453016281,0.050621092319488525
143,13,13,13,0.16676312685012817,0.8332368731498718,13,1,13,1,0.991126298904419,0.8446060419082642,0.49341925978660583,0.16888498293427864,0.7063960408157126,0.46039828658103943,0.5396016836166382,0.49341925978660583,0.39084542542696
144,10,10,10,0.1661861538887024,0.8338138461112976,10,1,10,1,0.9998075366020203,0.9785197377204895,0.7179805636405945,0.02171432094373388,0.3313127804387635,0.5587841868400574,0.441215842962265,0.7179805636405945,0.6092518270015717
145,7,7,27,0.16634297370910645,0.8336570262908936,27,0,27,0,0.8221856951713562,0.27045688033103943,0.18572558462619781,1.3076426006812585,1.6834850461436066,0.1468835175037384,0.8531164526939392,0.3274477422237396,0.1417221575975418
146,17,17,27,0.1690993756055832,0.8309006094932556,27,0,27,0,0.3150024712085724,0.29064637422561646,0.23692536354064941,1.235647959622319,1.4400101092146913,0.049277711659669876,0.950722336769104,0.38240593671798706,0.14548057317733765
147,7,7,8,0.17826291918754578,0.8217370510101318,8,0,8,0,0.24906416237354279,0.17885233461856842,0.2616763114929199,1.7211947598617843,1.340646991338511,0.20545357465744019,0.7945464253425598,0.3964674472808838,0.13479113578796387
148,8,8,8,0.18936868011951447,0.8106313347816467,8,1,8,1,0.9545477628707886,0.9058830738067627,0.523869514465332,0.09884503887623716,0.6465126438672053,0.3618158996105194,0.6381840705871582,0.523869514465332,0.3765057474374771
149,6,18,6,0.18625402450561523,0.8137459754943848,6,1,6,1,0.20203186571598053,0.6986410617828369,0.37153685092926025,0.35861817109246447,0.990107224779457,0.14791999757289886,0.8520799875259399,0.37153685092926025,0.29397134482860565
150,21,21,21,0.17138788104057312,0.8286120891571045,21,1,21,1,0.9998443126678467,0.9694439768791199,0.7292428016662598,0.03103259155018536,0.31574854115548195,0.4077065587043762,0.5922934412956238,0.7292428016662598,0.6891721561551094
151,10,10,24,0.1716080754995346,0.8283919095993042,24,0,24,0,0.14105527102947235,0.262152761220932,0.22810901701450348,1.3388278870382084,1.4779316195020424,0.11949203908443451,0.8805079460144043,0.5007417798042297,0.27263276278972626
152,7,5,7,0.18783286213874817,0.8121671676635742,7,1,7,1,0.33369481563568115,0.2904096245765686,0.25315335392951965,1.2364628540993992,1.3737598318705755,0.27501049637794495,0.7249895334243774,0.25315335392951965,0.13519752770662308
153,27,27,27,0.17865782976150513,0.8213421702384949,27,1,27,1,0.9704968929290771,0.7336167693138123,0.39831599593162537,0.3097684993673753,0.9205096290897141,0.8135741949081421,0.1864258199930191,0.39831599593162537,0.2533102184534073
154,16,16,16,0.18069444596767426,0.8193055391311646,16,1,16,1,0.9884524941444397,0.8749308586120605,0.5932183861732483,0.13361041447574054,0.5221926743011055,0.5058751702308655,0.4941248893737793,0.5932183861732483,0.47832517325878143
155,3,3,6,0.18181246519088745,0.8181875348091125,6,0,6,0,0.5381993651390076,0.47024813294410706,0.22376561164855957,0.7544947811563388,1.4971561515301837,0.10025997459888458,0.8997399806976318,0.51063472032547,0.2868691086769104
156,21,21,21,0.1894715428352356,0.8105284571647644,21,1,21,1,0.9999080300331116,0.9890875220298767,0.8360400199890137,0.010972455794760489,0.17907879624295003,0.45288118720054626,0.5471187829971313,0.8360400199890137,0.8105428367853165
157,17,17,27,0.18929412961006165,0.810705840587616,27,0,27,0,0.26566600799560547,0.2924036681652069,0.246383935213089,1.2296200061605544,1.4008642474470814,0.34708666801452637,0.6529133319854736,0.40642690658569336,0.16004297137260437
158,18,23,25,0.20408858358860016,0.795911431312561,25,0,25,0,0.16469964385032654,0.04591801017522812,0.05080943554639816,3.080897860330693,2.979673202542746,0.6591233611106873,0.34087666869163513,0.22904862463474274,0.12505710124969482
159,7,7,27,0.20302806794643402,0.7969719171524048,27,0,14,0,0.07477184385061264,0.18335995078086853,0.1807977855205536,1.696304113884744,1.7103760793260976,0.6216452717781067,0.3783547282218933,0.18382415175437927,0.0030263662338256836
160,5,7,5,0.23409943282604218,0.7659005522727966,5,1,5,1,0.12731200456619263,0.4276585578918457,0.19003665447235107,0.8494301637166722,1.6605383071524564,0.4893149435520172,0.5106850862503052,0.19003665447235107,0.037973374128341675
161,10,10,10,0.21378739178180695,0.7862126231193542,10,1,10,1,0.9873586297035217,0.7298864722251892,0.2948654294013977,0.3148662744335413,1.221236198240884,0.623259425163269,0.37674054503440857,0.2948654294013977,0.18819386512041092
162,20,20,15,0.21732772886753082,0.7826722860336304,15,0,20,1,0.20528346300125122,0.29540684819221497,0.29682815074920654,1.2194017263769492,1.214601924648897,0.6090670824050903,0.3909328877925873,0.29682815074920654,0.1318899691104889
163,10,10,24,0.2372458279132843,0.7627541422843933,24,0,24,0,0.06544634699821472,0.26949942111968994,0.20150980353355408,1.311189036614279,1.6019172460069266,0.132673978805542,0.867326021194458,0.26279157400131226,0.06128177046775818
164,8,8,8,0.2669271230697632,0.7330728769302368,8,1,8,1,0.9999798536300659,0.9873114824295044,0.7567192316055298,0.01276970430017945,0.2787629905054654,0.4327408969402313,0.5672591328620911,0.7567192316055298,0.6753226518630981
165,1,1,1,0.26691749691963196,0.7330825328826904,1,1,1,1,0.9999464750289917,0.9494088292121887,0.6362961530685425,0.05191577312704904,0.45209117454424935,0.5100732445716858,0.489926815032959,0.6362961530685425,0.5963803231716156
166,12,12,12,0.2672003209590912,0.7327997088432312,12,1,12,1,0.981370210647583,0.9003431797027588,0.48474863171577454,0.10497927755746368,0.7241248075229273,0.3025386333465576,0.6974613070487976,0.48474863171577454,0.3886411190032959
167,0,0,0,0.2643809914588928,0.7356190085411072,0,1,0,1,0.9997904300689697,0.9911344647407532,0.7498759031295776,0.008905067942671098,0.28784754863610607,0.4683026969432831,0.5316973328590393,0.7498759031295776,0.6858438849449158
168,21,21,6,0.2640528678894043,0.7359471321105957,6,0,6,0,0.2102382332086563,0.31352612376213074,0.12118194997310638,1.159872592996075,2.110462144052375,0.09617866575717926,0.9038213491439819,0.2843504548072815,0.1631685048341751
169,7,8,12,0.28283411264419556,0.7171658873558044,8,0,7,1,0.10201967507600784,0.09298107773065567,0.13068561255931854,2.3753592717925125,2.034960744293992,0.48103067278862,0.5189692974090576,0.13068561255931854,0.035212479531764984
170,5,5,5,0.3042965233325958,0.6957035064697266,5,1,5,1,0.9763071537017822,0.7380765676498413,0.366980642080307,0.3037077095603076,1.002446178693891,0.443331241607666,0.5566688179969788,0.366980642080307,0.24868422746658325
171,5,5,5,0.3076314628124237,0.6923685669898987,5,1,5,1,0.7974652051925659,0.6871172785758972,0.45238974690437317,0.37525029015621464,0.7932111987804359,0.4627840518951416,0.5372159481048584,0.45238974690437317,0.17163950204849243
172,12,12,12,0.3137744069099426,0.6862255930900574,12,1,12,1,0.8947219252586365,0.7690589427947998,0.355735719203949,0.26258766378602094,1.033567185603726,0.09097921848297119,0.909020721912384,0.355735719203949,0.24129927903413773
173,9,5,17,0.30559492111206055,0.6944050788879395,17,0,17,0,0.03245052322745323,0.06603741645812988,0.07944797724485397,2.717533781559626,2.5326528457967137,0.5953702330589294,0.40462979674339294,0.16928401589393616,0.02542513608932495
174,27,9,27,0.2694427967071533,0.7305572032928467,27,1,27,1,0.17208190262317657,0.6346190571784973,0.5454254150390625,0.45473037006254485,0.6061892107581728,0.011451569385826588,0.9885483980178833,0.5454254150390625,0.36222997307777405
175,8,8,18,0.23445400595664978,0.7655459642410278,18,0,7,0,0.07066288590431213,0.11809758096933365,0.1075042113661766,2.136244038890091,2.2302252566824423,0.35792794823646545,0.6420720219612122,0.17320092022418976,0.050383344292640686
176,8,26,8,0.26625314354896545,0.7337468266487122,8,1,8,1,0.12992282211780548,0.48836714029312134,0.23834653198719025,0.7166878193261239,1.4340296475223657,0.11069389432668686,0.8893060684204102,0.23834653198719025,0.11819273233413696
177,1,1,1,0.24182504415512085,0.7581749558448792,1,1,1,1,0.9932811856269836,0.9085826873779297,0.5805198550224304,0.09586938001189825,0.5438312751174305,0.4411064386367798,0.5588935613632202,0.5805198550224304,0.5361881628632545
178,9,17,9,0.24098628759384155,0.7590137124061584,9,1,14,0,0.24294379353523254,0.3917433023452759,0.19149824976921082,0.9371484946495904,1.652876609989569,0.6116877794265747,0.3883122205734253,0.2888915240764618,0.09739327430725098
179,26,26,26,0.22578255832195282,0.774217426776886,26,1,26,1,0.9999949336051941,0.9972670674324036,0.8513798117637634,0.0027366738458013233,0.160896937680627,0.23338676989078522,0.766613245010376,0.8513798117637634,0.8332229759544134
180,14,14,14,0.22569683194160461,0.774303138256073,14,1,14,1,0.6439652442932129,0.41614434123039246,0.26294130086898804,0.87672310479095,1.3358244623273166,0.4516538381576538,0.548346221446991,0.26294130086898804,0.025258749723434448
181,26,26,7,0.23440766334533691,0.7655923366546631,7,0,7,0,0.023874441161751747,0.18458153307437897,0.09089381992816925,1.6896639994343785,2.398063267698862,0.2734090983867645,0.7265908718109131,0.6107333898544312,0.5198395699262619
182,7,7,7,0.2763201892375946,0.7236798405647278,7,1,7,1,0.9628408551216125,0.9253112077713013,0.7630881071090698,0.077625157219399,0.27038177977842,0.46220096945762634,0.537799060344696,0.7630881071090698,0.6852030009031296
183,16,16,16,0.27346232533454895,0.7265376448631287,16,1,16,1,0.9984460473060608,0.9220422506332397,0.5435889959335327,0.08116423149365377,0.6095618398579191,0.4279032051563263,0.5720968246459961,0.5435889959335327,0.45886311680078506
184,12,26,12,0.2745652198791504,0.7254347801208496,12,1,12,1,0.4411800503730774,0.7735651135444641,0.4541347920894623,0.2567454321054408,0.7893612261310707,0.030046718195080757,0.9699532985687256,0.4541347920894623,0.30569829046726227
185,14,14,14,0.25958478450775146,0.7404152154922485,14,1,14,1,0.995107114315033,0.9115434885025024,0.7906484603881836,0.09261597508273119,0.2349018342882373,0.5551608204841614,0.44483914971351624,0.7906484603881836,0.7319039292633533
186,6,3,13,0.2598617672920227,0.7401382327079773,13,0,6,1,0.5490344166755676,0.31415465474128723,0.32300665974617004,1.157869883304268,1.1300823375628417,0.3501860201358795,0.6498140096664429,0.32300665974617004,0.042763739824295044
187,10,10,25,0.25984883308410645,0.7401511669158936,25,0,25,0,0.0665808916091919,0.28359466791152954,0.2368200272321701,1.2602092859412188,1.4404548050883266,0.4270194470882416,0.5729805827140808,0.24277906119823456,0.005959033966064453
188,7,9,7,0.2920336425304413,0.7079663872718811,7,1,7,1,0.006771774962544441,0.6867841482162476,0.5156973600387573,0.3757352308654705,0.662235197118553,0.13205574452877045,0.8679442405700684,0.5156973600387573,0.3664250820875168
189,15,15,15,0.23457227647304535,0.7654277086257935,15,1,15,1,0.8962646126747131,0.8136418461799622,0.3823521137237549,0.20623500221256774,0.9614133312640689,0.17072106897830963,0.8292788863182068,0.3823521137237549,0.23208817839622498
190,16,16,16,0.23057220876216888,0.7694277763366699,16,1,16,1,0.9936587810516357,0.8673556447029114,0.5360095500946045,0.14230618480844986,0.623603300729382,0.46666938066482544,0.5333306789398193,0.5360095500946045,0.44234974682331085
191,16,16,25,0.23148158192634583,0.7685183882713318,25,0,25,0,0.10048943012952805,0.25093358755111694,0.23011980950832367,1.3825669662906543,1.4691551947801749,0.8426415920257568,0.15735842287540436,0.3054441511631012,0.07532434165477753
192,8,8,8,0.2539311647415161,0.7460688352584839,8,1,8,1,0.9954761266708374,0.9534133672714233,0.6470106840133667,0.04770671567678263,0.4353924714593597,0.36794257164001465,0.6320574283599854,0.6470106840133667,0.5185866504907608
193,21,9,21,0.25253331661224365,0.7474666833877563,21,1,21,1,0.4013773798942566,0.7983466982841492,0.6544000506401062,0.22521231687962112,0.4240364163095774,0.14930927753448486,0.8506906628608704,0.6544000506401062,0.5785219371318817
194,24,24,16,0.23825885355472565,0.7617411613464355,24,1,24,1,0.6243698596954346,0.5015154480934143,0.3408043384552002,0.6901208682790713,1.076446753899084,0.5246773958206177,0.47532257437705994,0.3408043384552002,0.10238321125507355
195,20,15,24,0.24799714982509613,0.7520028352737427,24,0,10,0,0.03180496767163277,0.0875602662563324,0.12266767770051956,2.4354279654877353,2.0982763873914814,0.14886872470378876,0.8511313199996948,0.17741462588310242,0.005719274282455444
196,14,14,14,0.23326873779296875,0.7667312622070312,14,1,14,1,0.9989891052246094,0.933356761932373,0.7646881937980652,0.06896776973160346,0.2682871180493549,0.46912673115730286,0.5308732390403748,0.7646881937980652,0.7223446480929852
197,2,2,2,0.2329099178314209,0.7670900821685791,2,1,2,1,0.9970465302467346,0.9450554847717285,0.34501880407333374,0.05651163916783916,1.0641563588757093,0.41159361600875854,0.5884064435958862,0.34501880407333374,0.26727132499217987
198,19,19,19,0.23114214837551117,0.7688578367233276,19,1,19,1,0.9611225724220276,0.7641066908836365,0.4216141998767853,0.2690478518120055,0.8636646014000078,0.510944664478302,0.4890553653240204,0.4216141998767853,0.332623690366745
199,3,3,1,0.22935576736927032,0.7706442475318909,1,0,1,0,0.05750368908047676,0.24200186133384705,0.1354706883430481,1.418809861392852,1.9989999842549286,0.2651534676551819,0.7348465919494629,0.2538376450538635,0.11836695671081543
200,10,10,10,0.2599809169769287,0.7400190830230713,10,1,10,1,0.9999985098838806,0.9981026649475098,0.9082408547401428,0.0018991372726120084,0.09624567703127962,0.45417267084121704,0.545827329158783,0.9082408547401428,0.8914880715310574
201,21,21,6,0.259970486164093,0.740029513835907,6,0,6,0,0.0624924898147583,0.29439082741737366,0.11772416532039642,1.2228470494831354,2.1394109729571062,0.04595961049199104,0.9540403485298157,0.5531789660453796,0.4354548007249832
202,24,24,24,0.28963562846183777,0.7103644013404846,24,1,24,1,0.9859507083892822,0.8803841471672058,0.6306775212287903,0.1273969358899419,0.4609606069358105,0.492477148771286,0.5075228810310364,0.6306775212287903,0.4681750684976578
203,26,26,26,0.29112815856933594,0.7088718414306641,26,1,26,1,0.9847475290298462,0.7410501837730408,0.34355854988098145,0.29968693158917464,1.06839773095406,0.4457206726074219,0.5542793273925781,0.34355854988098145,0.2819276489317417
204,10,10,10,0.29582351446151733,0.7041764855384827,10,1,10,1,0.9999948143959045,0.9951483011245728,0.8573604226112366,0.004863506573494371,0.15389688565594772,0.3335563838481903,0.6664436459541321,0.8573604226112366,0.8303852304816246
205,4,4,4,0.2958903908729553,0.7041096091270447,4,1,4,1,0.8816329836845398,0.86579829454422,0.7009692192077637,0.14410331377959268,0.35529130274361803,0.4557029902935028,0.5442969799041748,0.7009692192077637,0.5969544127583504
206,20,20,11,0.28983452916145325,0.7101655006408691,20,1,20,1,0.645395815372467,0.5674450993537903,0.5847741961479187,0.5666112755331149,0.5365294957541361,0.8875406384468079,0.11245933175086975,0.5847741961479187,0.440857857465744
207,27,27,9,0.29899248480796814,0.7010074853897095,27,1,27,1,0.7378158569335938,0.5550346374511719,0.4286128878593445,0.5887247573611831,0.8472011267275845,0.8943612575531006,0.10563872009515762,0.4286128878593445,0.25025804340839386
208,17,17,0,0.3056007921695709,0.6943991780281067,0,0,16,0,0.19122333824634552,0.2328222543001175,0.11012829095125198,1.457479973621007,2.206109311392491,0.7415975332260132,0.2584024667739868,0.12997779250144958,0.0198495015501976
209,15,15,15,0.3351997435092926,0.6648002862930298,15,1,15,1,0.9638180136680603,0.8012923002243042,0.4261590540409088,0.22152947934910433,0.8529426361034034,0.327749103307724,0.6722508668899536,0.4261590540409088,0.21993421018123627
210,3,3,3,0.33913061022758484,0.6608693599700928,3,1,3,1,0.9089178442955017,0.7280627489089966,0.34477049112319946,0.3173680409435882,1.0648763264443264,0.1753314584493637,0.8246685862541199,0.34477049112319946,0.11271914839744568
211,21,21,21,0.34433767199516296,0.6556623578071594,21,1,21,1,0.726520299911499,0.6519219875335693,0.4877851903438568,0.42783037523637163,0.7178801537598888,0.1583520770072937,0.8416479229927063,0.4877851903438568,0.286127969622612
212,11,11,11,0.3518615961074829,0.6481384038925171,11,1,11,1,0.9814327955245972,0.8023621439933777,0.2597638666629791,0.22019522192020974,1.3479822657771647,0.5754139423370361,0.42458608746528625,0.2597638666629791,0.026045769453048706
213,9,9,9,0.3495837152004242,0.6504163146018982,9,1,9,1,0.9171530604362488,0.7904310822486877,0.3014392554759979,0.23517680861432716,1.1991867574883848,0.5203952193260193,0.4796047806739807,0.3014392554759979,0.11152088642120361
214,14,14,14,0.3453134298324585,0.6546865701675415,14,1,14,1,0.9834511876106262,0.9132502675056458,0.7666757702827454,0.09074532039066899,0.26569129152166265,0.42469388246536255,0.5753060579299927,0.7666757702827454,0.7027709409594536
215,23,23,23,0.34251531958580017,0.6574846506118774,23,1,23,1,0.7211995124816895,0.5960452556610107,0.20144610106945038,0.5174386824823677,1.6022334218659062,0.40375053882598877,0.5962494611740112,0.20144610106945038,0.06615296006202698
216,0,0,0,0.3342851400375366,0.6657148599624634,0,1,0,1,0.9994208812713623,0.9721184372901917,0.5501067042350769,0.02827763288070901,0.5976430118725408,0.47238093614578247,0.5276190638542175,0.5501067042350769,0.4779891148209572
217,27,27,27,0.3333391547203064,0.6666608452796936,27,1,27,1,0.8908085823059082,0.7853151559829712,0.5603753924369812,0.24167016917851325,0.5791483761954136,0.2551008462905884,0.7448991537094116,0.5603753924369812,0.38219626247882843
218,10,10,10,0.32717177271842957,0.6728282570838928,10,1,10,1,0.9961848258972168,0.9054224491119385,0.5543734431266785,0.09935364959809008,0.5899167342619371,0.5079024434089661,0.49209752678871155,0.5543734431266785,0.4707883894443512
219,16,16,16,0.32878461480140686,0.6712153553962708,16,1,16,1,0.9960868954658508,0.9268578290939331,0.6417746543884277,0.07595509185136405,0.44351804253457144,0.26548799872398376,0.7345120310783386,0.6417746543884277,0.5927954129874706
220,19,19,26,0.3270973861217499,0.6729025840759277,19,1,19,1,0.3274867534637451,0.21629266440868378,0.14824114739894867,1.5311228605663905,1.9089149568909733,0.230973020195961,0.7690269947052002,0.14824114739894867,0.046193353831768036
221,5,26,1,0.347002774477005,0.6529971957206726,5,1,1,0,0.19946137070655823,0.34221211075782776,0.21474656462669373,1.0723245272741093,1.5382967153274791,0.3491956889629364,0.6508042812347412,0.24316582083702087,0.02841925621032715
222,2,2,2,0.3395213186740875,0.6604786515235901,2,1,2,1,0.8213096261024475,0.8004968762397766,0.2989339828491211,0.2225226488143474,1.207532523116598,0.5695935487747192,0.4304064214229584,0.2989339828491211,0.17366014420986176
223,0,0,0,0.3307744562625885,0.6692255735397339,0,1,0,1,0.9995745420455933,0.9691510796546936,0.5249980688095093,0.03133476628819244,0.6443606948553564,0.43957552313804626,0.5604244470596313,0.5249980688095093,0.4807710163295269
224,17,9,27,0.32970306277275085,0.6702969074249268,27,0,27,0,0.7526567578315735,0.01624072529375553,0.06610583513975143,4.120233284300338,2.7164982585660855,0.04872580245137215,0.9512742161750793,0.6479382514953613,0.5017226189374924
225,4,4,4,0.31875425577163696,0.681245744228363,4,1,4,1,0.7433319091796875,0.5016287565231323,0.47162705659866333,0.6898949617151328,0.7515667400421009,0.19804885983467102,0.8019511699676514,0.47162705659866333,0.3351971209049225
226,16,16,25,0.32757043838500977,0.6724295616149902,16,1,16,1,0.43152400851249695,0.4945843517780304,0.40466687083244324,0.7040375625311235,0.9046910915026523,0.9487420320510864,0.05125798285007477,0.40466687083244324,0.2213798314332962
227,10,10,10,0.3424054980278015,0.6575945019721985,10,1,10,1,0.823697030544281,0.8310398459434509,0.5142629146575928,0.18507753588578982,0.6650206371862045,0.6523191332817078,0.3476808965206146,0.5142629146575928,0.3307361751794815
228,2,2,19,0.3358544707298279,0.6641455292701721,19,0,19,0,0.31142210960388184,0.22321435809135437,0.0889582708477974,1.4996227221776788,2.419587886081123,0.437524676322937,0.5624752640724182,0.22484222054481506,0.11246422678232193
229,7,7,7,0.36252477765083313,0.6374751925468445,7,1,7,1,0.998661458492279,0.9643904566764832,0.8610804677009583,0.03625902833121361,0.14956732049981813,0.5304269194602966,0.46957314014434814,0.8610804677009583,0.7972080931067467
230,1,2,10,0.36310330033302307,0.6368966698646545,10,0,10,0,0.019817987456917763,0.029446927830576897,0.0479959137737751,3.5251656924728523,3.0366394014110045,0.6569855213165283,0.34301450848579407,0.2369668036699295,0.13153573870658875
231,21,21,21,0.41541874408721924,0.5845812559127808,21,1,21,1,0.9999989867210388,0.9986196160316467,0.9614078998565674,0.0013813375759674455,0.03935650652195338,0.44960346817970276,0.5503965616226196,0.9614078998565674,0.9519944051280618
232,25,26,22,0.41544395685195923,0.5845560431480408,25,1,25,1,0.2665790617465973,0.3167453110218048,0.1530112326145172,1.1496572632943913,1.87724394450335,0.4119243621826172,0.5880756974220276,0.1530112326145172,0.015727877616882324
233,2,2,2,0.40349698066711426,0.5965030193328857,2,1,2,1,0.9985095262527466,0.9282560348510742,0.41298484802246094,0.07444768462523625,0.8843443742910575,0.30553576350212097,0.6944642066955566,0.41298484802246094,0.30999360978603363
234,2,2,2,0.40345534682273865,0.5965446829795837,2,1,2,1,0.9814478754997253,0.8155068755149841,0.30750328302383423,0.20394542591432366,1.179269515292284,0.561667263507843,0.43833279609680176,0.30750328302383423,0.17666968703269958
235,24,24,24,0.40735745429992676,0.5926425457000732,24,1,24,1,0.9984307885169983,0.9535039663314819,0.6783438920974731,0.04761169418997744,0.3881009041490357,0.4898968040943146,0.5101032257080078,0.6783438920974731,0.5807470232248306
236,24,24,10,0.40788090229034424,0.5921190977096558,10,0,10,0,0.09270267188549042,0.39822113513946533,0.2984778583049774,0.9207478120667737,1.2090595254334342,0.8379257321357727,0.16207419335842133,0.444001168012619,0.1455233097076416
237,16,16,10,0.43760937452316284,0.5623906254768372,16,1,16,1,0.1619160920381546,0.5109346508979797,0.5316693186759949,0.6715135816961488,0.6317335643384229,0.8902083039283752,0.10979173332452774,0.5316693186759949,0.2645125091075897
238,24,24,24,0.4626997709274292,0.5373002290725708,24,1,24,1,0.9977314472198486,0.9610176086425781,0.8282530307769775,0.03976254693041238,0.1884365785550055,0.5166016817092896,0.48339831829071045,0.8282530307769775,0.7383651062846184
239,5,5,5,0.4636145830154419,0.5363854169845581,5,1,5,1,0.9806682467460632,0.7799987196922302,0.43147197365760803,0.24846300072006441,0.8405527215353645,0.49993079900741577,0.5000692009925842,0.43147197365760803,0.31099966913461685
240,4,4,4,0.459764689207077,0.5402352809906006,4,1,4,1,0.7294487953186035,0.6605046391487122,0.5193917155265808,0.41475113135220176,0.6550969299642878,0.4978874623775482,0.5021125674247742,0.5193917155265808,0.4213140532374382
241,4,4,4,0.44711336493492126,0.5528866052627563,4,1,4,1,0.9583058953285217,0.5163552165031433,0.35921451449394226,0.6609603462661122,1.023835535536552,0.33354148268699646,0.6664584875106812,0.35921451449394226,0.2604314982891083
242,9,12,16,0.45057931542396545,0.5494207143783569,12,0,16,0,0.12659938633441925,0.05640093982219696,0.09676706045866013,2.8752694571028283,2.335448627127494,0.8394426107406616,0.16055737435817719,0.12613548338413239,0.00066336989402771
243,3,3,6,0.4250374436378479,0.5749625563621521,6,0,6,0,0.5608923435211182,0.3584509789943695,0.2340400367975235,1.0259633674988993,1.4522630808346166,0.1023285984992981,0.8976714015007019,0.4102359116077423,0.1761958748102188
244,15,15,15,0.438634991645813,0.561365008354187,15,1,15,1,0.9977049231529236,0.9311925768852234,0.6072465181350708,0.07128917359470129,0.4988204449407962,0.20882590115070343,0.7911741137504578,0.6072465181350708,0.5400587543845177
245,23,18,23,0.4366115629673004,0.563388466835022,23,1,23,1,0.7582131624221802,0.38144803047180176,0.11395727097988129,0.9637806617262313,2.171931716814657,0.46255630254745483,0.5374437570571899,0.11395727097988129,0.01711895316839218
246,9,9,9,0.43421676754951477,0.5657832622528076,9,1,9,1,0.9112027883529663,0.7727082371711731,0.31515201926231384,0.25785374385459797,1.1547001557380905,0.5392376780509949,0.46076226234436035,0.31515201926231384,0.17265349626541138
247,25,25,23,0.4265804886817932,0.5734195113182068,25,1,25,1,0.5803431272506714,0.5604159235954285,0.2212100476026535,0.5790760502273495,1.508642587207088,0.6836962699890137,0.31630373001098633,0.2212100476026535,0.11152642220258713
248,13,13,20,0.4438857436180115,0.5561142563819885,13,1,20,0,0.8545002937316895,0.31521305441856384,0.15461227297782898,1.1545065055534942,1.8668347606120799,0.5806297659873962,0.41937026381492615,0.31894221901893616,0.16432994604110718
249,0,0,0,0.4471442997455597,0.5528556704521179,0,1,0,1,0.9999826550483704,0.9923571348190308,0.7264154553413391,0.007672221548553433,0.3196331752951049,0.49766573309898376,0.5023342967033386,0.7264154553413391,0.6805149652063847
250,27,27,27,0.4469359815120697,0.5530640482902527,27,1,27,1,0.9973242878913879,0.887489378452301,0.7051875591278076,0.11935872564525184,0.3492914702365448,0.5796387195587158,0.4203612506389618,0.7051875591278076,0.6142584979534149
251,21,21,21,0.4470125734806061,0.5529874563217163,21,1,21,1,0.9999857544898987,0.9939212203025818,0.9100484251976013,0.006097330695215574,0.09425746638422416,0.38210436701774597,0.6178956627845764,0.9100484251976013,0.8934043627232313
252,1,7,1,0.4471174478530884,0.5528825521469116,1,1,1,1,0.014808695763349533,0.5440439581871033,0.3352847099304199,0.6087252298997836,1.0927752277116038,0.06535687297582626,0.9346431493759155,0.3352847099304199,0.13649189472198486
253,14,27,14,0.387631893157959,0.612368106842041,14,1,14,1,0.516187846660614,0.6206955909729004,0.46224603056907654,0.4769145089019195,0.7716579959468481,0.7232900857925415,0.2767099142074585,0.46224603056907654,0.30727073550224304
254,7,1,26,0.37505844235420227,0.6249415874481201,1,0,1,0,0.007302086800336838,0.05571113899350166,0.06591298431158066,2.8875751701126076,2.7194198263568956,0.8114375472068787,0.18856249749660492,0.1921684592962265,0.08506892621517181
255,18,18,18,0.3086560368537903,0.6913439631462097,18,1,18,1,0.957305371761322,0.758072018623352,0.30640092492103577,0.27697688647660645,1.1828608224484694,0.36631304025650024,0.6336869597434998,0.30640092492103577,0.11919248104095459
256,23,12,23,0.30916211009025574,0.6908379197120667,23,1,23,1,0.038938552141189575,0.4527064263820648,0.14019182324409485,0.7925114289659988,1.9647436281645085,0.311661034822464,0.6883389353752136,0.14019182324409485,0.030545674264431
257,6,6,6,0.26525864005088806,0.7347413897514343,6,1,6,1,0.9150269627571106,0.5877243280410767,0.30688390135765076,0.5314972708807064,1.1812857743932548,0.5736149549484253,0.4263851046562195,0.30688390135765076,0.1963885873556137
258,16,16,16,0.2728603780269623,0.7271395921707153,16,1,16,1,0.9999997019767761,0.9971438646316528,0.8934065103530884,0.00286022190595956,0.11271358292580726,0.35024553537368774,0.6497544646263123,0.8934065103530884,0.8797540999948978
259,15,15,15,0.2728847861289978,0.7271152138710022,15,1,15,1,0.8431696891784668,0.6537069082260132,0.46383360028266907,0.4250961805349221,0.7682294111558954,0.31122100353240967,0.6887789964675903,0.46383360028266907,0.20305779576301575
260,7,12,26,0.2793317139148712,0.7206683158874512,26,0,26,0,0.18871276080608368,0.1356406956911087,0.1379885971546173,1.997745832785414,1.9805842265532896,0.833213210105896,0.1667868047952652,0.20977772772312164,0.07178913056850433
261,25,25,25,0.26656201481819153,0.7334379553794861,25,1,25,1,0.9757498502731323,0.6182451844215393,0.35329219698905945,0.48087016165819363,1.0404598109377587,0.4755694568157196,0.524430513381958,0.35329219698905945,0.2712930664420128
262,14,14,14,0.2675330936908722,0.7324669361114502,14,1,14,1,0.9337610602378845,0.7971476316452026,0.6782109141349792,0.22671538316095943,0.38829695662300706,0.6871727108955383,0.31282731890678406,0.6782109141349792,0.5802887380123138
263,16,16,16,0.26483795046806335,0.735162079334259,16,1,16,1,0.977634072303772,0.8490580320358276,0.7141286134719849,0.16362774160768662,0.33669220195103355,0.5919673442840576,0.40803262591362,0.7141286134719849,0.6450514942407608
264,26,26,26,0.266433984041214,0.7335659861564636,26,1,26,1,0.9999997019767761,0.9992485046386719,0.9226050972938538,0.0007517778755147751,0.08055398295079418,0.4925519526004791,0.5074480772018433,0.9226050972938538,0.9113691747188568
265,6,1,6,0.2664166986942291,0.7335832715034485,6,1,6,1,0.01260971836745739,0.5876331925392151,0.33340874314308167,0.5316523479537645,1.0983860848248832,0.3697497546672821,0.6302502155303955,0.33340874314308167,0.1920432597398758
266,2,5,2,0.21945148706436157,0.7805485129356384,2,1,2,1,0.3679555058479309,0.7976547479629517,0.25102049112319946,0.2260794218138671,1.3822207052415147,0.163144052028656,0.836855947971344,0.25102049112319946,0.12926608324050903
267,0,0,0,0.20140039920806885,0.7985996007919312,0,1,0,1,0.9989348649978638,0.9797664880752563,0.6454283595085144,0.020441013184335326,0.4378410593496175,0.6179137229919434,0.38208627700805664,0.6454283595085144,0.6016860269010067
268,0,0,0,0.20057407021522522,0.7994259595870972,0,1,0,1,0.9999569058418274,0.9958017468452454,0.8080925345420837,0.004207090562653623,0.21307870407017043,0.4446585774421692,0.555341362953186,0.8080925345420837,0.7785350661724806
269,24,24,10,0.20040790736675262,0.7995920777320862,10,0,24,1,0.11748306453227997,0.2841847240924835,0.4849730432033539,1.2581308153179949,0.7236619706133488,0.8410223722457886,0.15897756814956665,0.4849730432033539,0.05344459414482117
270,0,1,0,0.2190786898136139,0.7809213399887085,0,1,0,1,0.0033178662415593863,0.781360387802124,0.420615017414093,0.2467187915262013,0.8660373116098692,0.5442962050437927,0.45570385456085205,0.420615017414093,0.22787708044052124
271,13,13,11,0.17194987833499908,0.8280501365661621,11,0,13,1,0.2287440299987793,0.30816590785980225,0.4310877323150635,1.177116979152322,0.8414436543375816,0.9382566213607788,0.0617433562874794,0.4310877323150635,0.2602597326040268
272,27,7,27,0.1847766935825348,0.8152232766151428,27,1,27,1,0.05260622128844261,0.8078919053077698,0.5732073783874512,0.2133270099701498,0.5565077108369771,0.050126537680625916,0.9498734474182129,0.5732073783874512,0.42859460413455963
273,10,10,10,0.15909941494464874,0.8409005999565125,10,1,10,1,0.9991236329078674,0.9077668190002441,0.5180607438087463,0.09676774062993047,0.6576627775577277,0.8232905864715576,0.17670942842960358,0.5180607438087463,0.4582194313406944
274,6,6,6,0.15985213220119476,0.840147852897644,6,1,6,1,0.9123029112815857,0.7892459630966187,0.545072078704834,0.23667726641727704,0.6068372385594664,0.5036059021949768,0.4963940382003784,0.545072078704834,0.41310760378837585
275,4,4,4,0.157535120844841,0.8424648642539978,4,1,4,1,0.9138815402984619,0.6011257171630859,0.5995967388153076,0.5089511863501525,0.511497951702262,0.6097836494445801,0.39021632075309753,0.5995967388153076,0.49372583627700806
276,2,22,2,0.16108524799346924,0.8389147520065308,2,1,2,1,0.19760733842849731,0.8413340449333191,0.4787789285182953,0.17276649818920062,0.7365163152093155,0.34039586782455444,0.6596041321754456,0.4787789285182953,0.3288039118051529
277,10,10,10,0.14870762825012207,0.8512923717498779,10,1,10,1,0.9237249493598938,0.7044834494590759,0.3168276250362396,0.3502904405253536,1.1493974226029309,0.5679599046707153,0.4320400059223175,0.3168276250362396,0.23111200332641602
278,10,10,10,0.1477023959159851,0.8522976040840149,10,1,10,1,0.9298149347305298,0.6750101447105408,0.3989820182323456,0.3930275590217434,0.9188389301946784,0.5019559860229492,0.49804404377937317,0.3989820182323456,0.23030225932598114
279,15,15,15,0.1506994068622589,0.8493005633354187,15,1,15,1,0.9999983906745911,0.9969127178192139,0.906156599521637,0.0030920576678015524,0.09854314072138128,0.6540105938911438,0.3459893763065338,0.906156599521637,0.8822968825697899
280,14,14,14,0.15072095394134521,0.8492790460586548,14,1,14,1,0.9776117205619812,0.9472652077674866,0.8213108777999878,0.054176174562012056,0.19685358371151424,0.54107266664505,0.45892736315727234,0.8213108777999878,0.7600974962115288
281,1,1,1,0.1494087129831314,0.8505913019180298,1,1,1,1,0.9996590614318848,0.9760956764221191,0.7078916430473328,0.02419466825256115,0.3454642435445499,0.4537990391254425,0.5462008714675903,0.7078916430473328,0.6858966685831547
282,7,7,7,0.14900271594524384,0.850997269153595,7,1,7,1,0.9979795813560486,0.9337165355682373,0.812736451625824,0.06858238192620901,0.2073483897299606,0.4004535377025604,0.5995465517044067,0.812736451625824,0.7622636929154396
283,3,3,6,0.14943161606788635,0.850568413734436,6,0,6,0,0.25732889771461487,0.2710365951061249,0.17709925770759583,1.3055014299271768,1.7310449255765215,0.0923568457365036,0.90764319896698,0.4190085530281067,0.24190929532051086
284,13,10,20,0.16171284019947052,0.8382871747016907,20,0,20,0,0.12698374688625336,0.044990174472332,0.04737946391105652,3.101311158111859,3.0495663949829526,0.20280587673187256,0.7971941828727722,0.2243061363697052,0.0995926484465599
285,19,19,19,0.18543711304664612,0.8145628571510315,19,1,19,1,0.8179131150245667,0.5279536843299866,0.3572326898574829,0.6387467181954135,1.0293679172089756,0.8268345594406128,0.17316541075706482,0.3572326898574829,0.24339509010314941
286,2,2,2,0.18905243277549744,0.8109475374221802,2,1,2,1,0.999636173248291,0.9493660926818848,0.5309041738510132,0.05196078797300935,0.6331737375831192,0.5261930823326111,0.47380688786506653,0.5309041738510132,0.4412839040160179
287,27,14,27,0.18921853601932526,0.8107814788818359,27,1,27,1,0.7116828560829163,0.5616120100021362,0.3695565164089203,0.5769440411677594,0.9954515965447256,0.3262330889701843,0.6737669110298157,0.3695565164089203,0.16274936497211456
288,27,1,27,0.18622013926506042,0.813779890537262,27,1,27,1,0.15080538392066956,0.6325802803039551,0.32082730531692505,0.4579481410530593,1.1368522902873872,0.011367114260792732,0.98863285779953,0.32082730531692505,0.17556673288345337
289,26,26,26,0.1671529859304428,0.832846999168396,26,1,26,1,0.9999967813491821,0.9968089461326599,0.8617652058601379,0.0031961561370351895,0.1487724284143084,0.4878160357475281,0.5121840238571167,0.8617652058601379,0.8487368607893586
290,18,18,25,0.16712665557861328,0.8328733444213867,25,0,25,0,0.07992074638605118,0.1948087066411972,0.18926990032196045,1.6357371934891536,1.664581238576133,0.15604236721992493,0.8439576029777527,0.320622980594635,0.07552771270275116
291,4,4,4,0.1899363100528717,0.8100637197494507,4,1,4,1,0.8301512598991394,0.6192893385887146,0.6702488660812378,0.47918268644754525,0.40010619365229944,0.4546385109424591,0.5453615188598633,0.6702488660812378,0.5586374774575233
292,15,11,15,0.194508358836174,0.8054916262626648,15,1,15,1,0.5813225507736206,0.6995722055435181,0.4713975489139557,0.35728626569563815,0.7520534880821781,0.03377699851989746,0.9662230014801025,0.4713975489139557,0.32538726925849915
293,22,22,19,0.18801583349704742,0.8119841814041138,22,1,19,0,0.38634181022644043,0.2995454668998718,0.08273449540138245,1.2054890636000193,2.4921186490309726,0.6977757215499878,0.3022242784500122,0.15402500331401825,0.0712905079126358
294,4,4,4,0.20270557701587677,0.7972944378852844,4,1,4,1,0.9969812631607056,0.8920109272003174,0.7877123355865479,0.11427689625259001,0.23862231213580165,0.3398871123790741,0.6601129174232483,0.7877123355865479,0.750813189893961
295,26,8,26,0.20351049304008484,0.7964895367622375,26,1,26,1,0.04791606217622757,0.6810126900672913,0.3930457830429077,0.3841743385461982,0.9338291776056559,0.8006462454795837,0.19935370981693268,0.3930457830429077,0.24340182542800903
296,26,26,26,0.1724294126033783,0.8275706171989441,26,1,26,1,0.9999919533729553,0.9967811107635498,0.860181987285614,0.003224081004553091,0.15061129899867534,0.4697102904319763,0.5302897095680237,0.860181987285614,0.8315737843513489
297,6,5,6,0.1723448783159256,0.8276551365852356,6,1,6,1,0.12017703056335449,0.2708438038825989,0.17470525205135345,1.3062129937040559,1.7446549990349816,0.03896748274564743,0.9610325694084167,0.17470525205135345,0.06210597604513168
298,3,3,3,0.14961344003677368,0.8503865599632263,3,1,6,0,0.9028155207633972,0.3939802646636963,0.18648269772529602,0.9314544606247834,1.6794168177929087,0.2923794984817505,0.7076205015182495,0.28346726298332214,0.09698456525802612
299,1,14,1,0.15165983140468597,0.8483401536941528,1,1,1,1,0.010854347608983517,0.8234955668449402,0.50715172290802,0.19419711268805148,0.6789450639303316,0.049894098192453384,0.9501059651374817,0.50715172290802,0.4267429932951927
300,17,17,17,0.12076099216938019,0.879239022731781,17,1,17,1,0.8702861666679382,0.6723752021789551,0.6909985542297363,0.3969387576950332,0.36961754750357884,0.7969515323638916,0.20304854214191437,0.6909985542297363,0.46995238959789276
301,25,22,25,0.12316422164440155,0.8768357634544373,25,1,25,1,0.2865184545516968,0.853104293346405,0.42760613560676575,0.1588734724387204,0.8495527509941411,0.251905232667923,0.7480947375297546,0.42760613560676575,0.34631655365228653
302,8,8,8,0.11229672282934189,0.8877032995223999,8,1,8,1,0.7969141602516174,0.5736158490180969,0.46679505705833435,0.5557953592937618,0.7618649676182284,0.8970327377319336,0.10296724736690521,0.46679505705833435,0.18290308117866516
303,14,14,14,0.11526740342378616,0.8847326040267944,14,1,14,1,0.9734035730361938,0.8080359101295471,0.7331873774528503,0.2131487782189752,0.31035397885920013,0.8106977939605713,0.18930219113826752,0.7331873774528503,0.6520349979400635
304,27,14,7,0.11557778716087341,0.8844221830368042,7,0,7,0,0.15118566155433655,0.17136366665363312,0.1798243373632431,1.7639672751398103,1.7157748081333621,0.7001245617866516,0.29987549781799316,0.5133175253868103,0.3334931880235672
305,0,0,0,0.12221876531839371,0.8777812123298645,0,1,0,1,0.9999927282333374,0.9980266690254211,0.8839019536972046,0.0019752805573500613,0.12340913460293085,0.4364980161190033,0.5635020136833191,0.8839019536972046,0.8687368202954531
306,26,26,26,0.12217395007610321,0.8778260350227356,26,1,26,1,0.999999463558197,0.9982298612594604,0.9228132963180542,0.0017717072874236406,0.08032834411918344,0.6249858140945435,0.37501418590545654,0.9228132963180542,0.9103252282366157
307,0,0,0,0.12216813117265701,0.8778318762779236,0,1,0,1,0.998475193977356,0.9878730773925781,0.7627938389778137,0.012201053664050951,0.27076748213981017,0.45617246627807617,0.5438275337219238,0.7627938389778137,0.722503948956728
308,11,11,4,0.1216210201382637,0.8783789873123169,4,0,4,0,0.3958284258842468,0.13778623938560486,0.09106560796499252,1.9820517847095722,2.396175065588621,0.3977181911468506,0.6022817492485046,0.3075404465198517,0.15517860651016235
309,4,4,4,0.13281488418579102,0.867185115814209,4,1,4,1,0.9998841881752014,0.9615551829338074,0.8290120363235474,0.03920332305333029,0.1875206048647311,0.41753870248794556,0.5824612379074097,0.8290120363235474,0.8065941352397203
310,5,5,5,0.1330406218767166,0.8669593930244446,5,1,5,1,0.8198866844177246,0.9032816886901855,0.5529002547264099,0.10172082660251154,0.5925776649286255,0.4843958020210266,0.5156041979789734,0.5529002547264099,0.42696352303028107
311,11,11,11,0.12835095822811127,0.8716490268707275,11,1,20,0,0.964033842086792,0.49194228649139404,0.2101130485534668,0.7093938732497475,1.5601095666652887,0.3144012987613678,0.6855987310409546,0.4056479036808014,0.1955348551273346
312,5,26,5,0.12925399839878082,0.8707460165023804,5,1,5,1,0.2177799940109253,0.4165581166744232,0.2487291693687439,0.8757292912765096,1.391390647681108,0.30597415566444397,0.6940258741378784,0.2487291693687439,0.029104948043823242
313,20,16,11,0.11546088010072708,0.8845391273498535,11,0,3,0,0.41588646173477173,0.18642359972000122,0.1123899519443512,1.6797337768048344,2.185780741031453,0.7306039333343506,0.2693960666656494,0.16985677182674408,0.005352601408958435
314,3,3,3,0.09475278854370117,0.9052472114562988,3,1,3,1,0.7420685291290283,0.5399381518363953,0.40727993845939636,0.6163006796195998,0.8982545204895304,0.25431370735168457,0.7456863522529602,0.40727993845939636,0.014126747846603394
315,5,5,5,0.09774995595216751,0.9022500514984131,5,1,5,1,0.9243761897087097,0.9431816935539246,0.5849683284759521,0.05849633881721533,0.5361975725732152,0.27440470457077026,0.7255952954292297,0.5849683284759521,0.5370496027171612
316,13,13,13,0.0955369621515274,0.9044630527496338,13,1,13,1,0.9950294494628906,0.869229793548584,0.6910129189491272,0.14014775421010264,0.36959675937023817,0.6807114481925964,0.31928858160972595,0.6910129189491272,0.6381415612995625
317,3,3,3,0.09510443359613419,0.904895544052124,3,1,3,1,0.9802654981613159,0.8240736126899719,0.6047388911247253,0.1934954172740684,0.5029584990286807,0.2348005622625351,0.7651994824409485,0.6047388911247253,0.37017175555229187
318,17,0,9,0.09593554586172104,0.9040644764900208,9,0,9,0,0.03785436972975731,0.042158614844083786,0.023484038189053535,3.166316230030605,3.7514343146082303,0.6298797726631165,0.37012019753456116,0.2471698373556137,0.09499871730804443
319,2,2,2,0.07412192970514297,0.9258780479431152,2,1,2,1,0.9698145985603333,0.6790615320205688,0.3176559805870056,0.38704353399682195,1.146786303847255,0.432049423456192,0.5679506063461304,0.3176559805870056,0.20632930099964142
320,24,24,24,0.07530046254396439,0.9246995449066162,24,1,24,1,0.9994106292724609,0.9224196672439575,0.667801558971405,0.08075498843764141,0.4037642169868307,0.6412684321403503,0.35873153805732727,0.667801558971405,0.633294153958559
321,5,5,5,0.07560497522354126,0.9243950247764587,5,1,5,1,0.9795858263969421,0.8407837748527527,0.49092769622802734,0.17342075687872,0.7114584202225588,0.48916250467300415,0.5108374357223511,0.49092769622802734,0.4015078768134117
322,27,27,9,0.0748046413064003,0.9251953363418579,9,0,27,1,0.13095392286777496,0.11820443719625473,0.2968611717224121,2.13533963498331,1.2144906847394368,0.9900211691856384,0.0099787637591362,0.2968611717224121,0.10737885534763336
323,22,18,2,0.08515116572380066,0.914848804473877,2,0,2,0,0.518368661403656,0.16759000718593597,0.07973692566156387,1.7862347157072846,2.529022492304856,0.29045093059539795,0.7095490097999573,0.17992495000362396,0.035356223583221436
324,3,4,3,0.08176055550575256,0.918239414691925,3,1,3,1,0.07148122787475586,0.5340909361839294,0.3731858432292938,0.6271891620407919,0.9856787441976425,0.15176163613796234,0.8482383489608765,0.3731858432292938,0.09861400723457336
325,23,23,23,0.07358728349208832,0.9264127016067505,23,1,23,1,0.9904729723930359,0.803980827331543,0.47913169860839844,0.21817985669006393,0.7357797744589342,0.6625770926475525,0.33742281794548035,0.47913169860839844,0.3565355911850929
326,26,26,26,0.0737493634223938,0.9262506365776062,26,1,26,1,0.9999893307685852,0.9886341094970703,0.8708747625350952,0.011430975875162442,0.13825709830581664,0.2573547661304474,0.742645263671875,0.8708747625350952,0.8489053808152676
327,13,6,21,0.07378602772951126,0.9262139797210693,21,0,21,0,0.06270439177751541,0.1620362251996994,0.22720274329185486,1.8199353564034433,1.4819125178600825,0.39790087938308716,0.6020990610122681,0.42493000626564026,0.1977272629737854
328,11,11,15,0.06942624598741531,0.9305737614631653,15,0,15,0,0.2701624929904938,0.22004832327365875,0.17642562091350555,1.5139081055056747,1.7348559026823882,0.06250343471765518,0.9374966025352478,0.42346394062042236,0.2470383197069168
329,10,10,10,0.07390128821134567,0.9260987043380737,10,1,10,1,0.9999967813491821,0.9971408843994141,0.9218011498451233,0.002863210678992318,0.08142575130539921,0.527618408203125,0.4723816215991974,0.9218011498451233,0.9017647095024586
330,4,4,4,0.07388608902692795,0.9261139035224915,4,1,4,1,0.9897034764289856,0.7700088620185852,0.6141794323921204,0.26135325508559115,0.4874681583610537,0.4559847116470337,0.5440153479576111,0.6141794323921204,0.5748061537742615
331,2,2,25,0.07470244914293289,0.9252975583076477,25,0,25,0,0.591265082359314,0.03555180877447128,0.09318544715642929,3.336764244295254,2.373163715872952,0.46893438696861267,0.5310656428337097,0.46210378408432007,0.35724085569381714
332,0,0,0,0.08927556127309799,0.9107244610786438,0,1,0,1,0.7575357556343079,0.9385828971862793,0.6251493692398071,0.06338409740910199,0.46976466701579217,0.43455004692077637,0.5654499530792236,0.6251493692398071,0.5532347336411476
333,18,21,5,0.08520007878541946,0.9147999286651611,5,0,5,0,0.00934066716581583,0.019736701622605324,0.038610365241765976,3.9252753499914954,3.254234508979537,0.8351884484291077,0.16481146216392517,0.21741749346256256,0.08270987868309021
334,13,13,13,0.09095032513141632,0.9090496897697449,13,1,13,1,0.7196876406669617,0.49497854709625244,0.588102400302887,0.703240856552107,0.5308541960709137,0.9405772686004639,0.05942268669605255,0.588102400302887,0.4420092850923538
335,12,12,12,0.09419159591197968,0.9058083891868591,12,1,12,1,0.9936068058013916,0.9477744102478027,0.6252131462097168,0.05363876891863614,0.46966265344904345,0.5384709239006042,0.46152904629707336,0.6252131462097168,0.5729308128356934
336,1,8,1,0.0933084562420845,0.9066915512084961,1,1,1,1,0.009737825021147728,0.8548461198806763,0.5109785795211792,0.15683380299088226,0.671427608402294,0.23642495274543762,0.7635750770568848,0.5109785795211792,0.42272569239139557
337,5,5,5,0.07237558811903,0.9276244044303894,5,1,5,1,0.9818227887153625,0.7516279816627502,0.48250022530555725,0.2855137826750087,0.7287738912486826,0.36549878120422363,0.6345011591911316,0.48250022530555725,0.32785122096538544
338,21,21,21,0.07269902527332306,0.9273009896278381,21,1,21,1,0.9948246479034424,0.8682720065116882,0.6675540804862976,0.14125024185515336,0.40413487253450375,0.36230790615081787,0.6376920938491821,0.6675540804862976,0.5482029467821121
339,3,6,6,0.07282375544309616,0.9271762371063232,6,0,3,1,0.7688639163970947,0.24957714974880219,0.3084415793418884,1.3879871941583513,1.176222823611966,0.6446901559829712,0.3553099036216736,0.3084415793418884,0.02091333270072937
340,7,7,7,0.06650835275650024,0.9334916472434998,7,1,7,1,0.9563539028167725,0.9364308714866638,0.598671019077301,0.06567957564027961,0.513043048640864,0.7654538750648499,0.23454618453979492,0.598671019077301,0.4830440655350685
341,23,18,23,0.0653284341096878,0.9346715807914734,23,1,23,1,0.5021823644638062,0.3262670040130615,0.21428710222244263,1.120039202123147,1.5404385639300593,0.5500428080558777,0.4499572217464447,0.21428710222244263,0.09683039039373398
342,4,4,4,0.06587571650743484,0.9341242909431458,4,1,4,1,0.9699692130088806,0.8170396685600281,0.6783884763717651,0.2020676313717951,0.38803518112901464,0.4620387554168701,0.5379612445831299,0.6783884763717651,0.6304801926016808
343,3,3,3,0.06459356099367142,0.9354064464569092,3,1,3,1,0.9492346048355103,0.7162755727767944,0.5811463594436646,0.33369030788821896,0.5427526443125155,0.11445777118206024,0.8855422735214233,0.5811463594436646,0.43344709277153015
344,26,17,26,0.06561196595430374,0.9343880414962769,26,1,26,1,0.08393526822328568,0.934361457824707,0.6313927173614502,0.06789191580608707,0.4598272370371332,0.9106367230415344,0.08936325460672379,0.6313927173614502,0.4593167304992676
345,5,5,5,0.058057453483343124,0.941942572593689,5,1,5,1,0.9966849088668823,0.9794434309005737,0.7938212156295776,0.020770796301990618,0.23089701232166898,0.509978711605072,0.49002131819725037,0.7938212156295776,0.7612114250659943
346,12,12,12,0.057811252772808075,0.9421887397766113,12,1,12,1,0.9469744563102722,0.9777975678443909,0.7540775537490845,0.02245261621602711,0.2822600598323945,0.36557045578956604,0.6344295740127563,0.7540775537490845,0.6829184293746948
347,4,4,4,0.05688095837831497,0.9431190490722656,4,1,4,1,0.6612544655799866,0.3003140091896057,0.33786046504974365,1.2029266544329225,1.0851222940315566,0.4916236102581024,0.5083763003349304,0.33786046504974365,0.2442164570093155
348,8,14,15,0.06056053563952446,0.9394394755363464,15,0,15,0,0.028708020225167274,0.010610213503241539,0.026054805144667625,4.54593820372727,3.647553069264636,0.0391698032617569,0.9608302116394043,0.30573156476020813,0.20747846364974976
349,2,22,2,0.07355321198701859,0.926446795463562,2,1,2,1,0.6842851638793945,0.8645901679992676,0.5051373243331909,0.14549967854670454,0.6829249573002125,0.38297271728515625,0.6170272827148438,0.5051373243331909,0.3939344361424446
350,6,6,6,0.07115142047405243,0.9288485646247864,6,1,3,0,0.9068945050239563,0.5459701418876648,0.3310914635658264,0.6051909899199485,1.1053606168035026,0.4119030833244324,0.5880968570709229,0.3682717978954315,0.0371803343296051
351,4,4,4,0.07106474041938782,0.9289352297782898,4,1,4,1,0.9983882308006287,0.9363968372344971,0.8853751420974731,0.06571592095064853,0.12174383441425268,0.48354431986808777,0.5164556503295898,0.8853751420974731,0.8670406844466925
352,26,26,26,0.07129219174385071,0.9287078380584717,26,1,26,1,0.8009529113769531,0.389774352312088,0.32126525044441223,0.9421872911178096,1.1354881716989718,0.9427735805511475,0.05722636356949806,0.32126525044441223,0.2138112336397171
353,15,15,15,0.07487522065639496,0.9251247644424438,15,1,15,1,0.998996913433075,0.9100476503372192,0.6455094218254089,0.09425831783420255,0.43771547263556637,0.5640125274658203,0.4359874427318573,0.6455094218254089,0.5653002932667732
354,2,2,2,0.07521191984415054,0.9247880578041077,2,1,2,1,0.9928385019302368,0.9190076589584351,0.5535229444503784,0.08446082264764662,0.5914520743043958,0.6414811015129089,0.35851889848709106,0.5535229444503784,0.43721189349889755
355,26,26,26,0.0748734325170517,0.9251265525817871,26,1,26,1,0.9999992251396179,0.9986562132835388,0.9458372592926025,0.0013446904075002499,0.05568475507526214,0.32100117206573486,0.6789988279342651,0.9458372592926025,0.9386118655093014
356,26,26,26,0.0748647078871727,0.9251353144645691,26,1,26,1,0.9999918341636658,0.991849422454834,0.883581817150116,0.008183975099025319,0.12377138579399666,0.6389468312263489,0.3610531687736511,0.883581817150116,0.8672343492507935
357,6,6,3,0.07488882541656494,0.9251111745834351,3,0,3,0,0.6489232182502747,0.33393388986587524,0.31009435653686523,1.0968122401303693,1.1708786518905279,0.9154220223426819,0.0845780000090599,0.5682214498519897,0.2581270933151245
358,8,8,8,0.07748416811227798,0.9225158095359802,8,1,8,1,0.9974621534347534,0.974962055683136,0.681905210018158,0.025356725989651278,0.38286461904160607,0.2989872097969055,0.7010127902030945,0.681905210018158,0.6336999088525772
359,0,0,16,0.07693106681108475,0.9230689406394958,16,0,24,0,0.0038778260350227356,0.0712227076292038,0.046768978238105774,2.641943584034274,3.06253515400627,0.020876634865999222,0.9791233539581299,0.282234251499176,0.060988277196884155
360,12,6,12,0.10498956590890884,0.8950104117393494,12,1,12,1,0.019868111237883568,0.8708117008209229,0.4376254975795746,0.13832951284830372,0.8263917627080689,0.22848111391067505,0.7715188264846802,0.4376254975795746,0.28822407126426697
361,22,25,22,0.08619794994592667,0.9138020277023315,25,0,25,0,0.5688562989234924,0.29608583450317383,0.06531461328268051,1.2171058852649237,2.728539480865234,0.7304660677909851,0.2695339024066925,0.19318655133247375,0.04243077337741852
362,27,27,14,0.07170809805393219,0.928291916847229,14,0,27,1,0.5228847861289978,0.32457756996154785,0.44151952862739563,1.1252307268389594,0.8175330274647161,0.962486982345581,0.03751299902796745,0.44151952862739563,0.26860567927360535
363,1,1,1,0.07530016452074051,0.9246998429298401,1,1,1,1,0.9593461751937866,0.620989978313446,0.3855108320713043,0.47644033516044526,0.9531859876152683,0.7363647818565369,0.26363518834114075,0.3855108320713043,0.29520873725414276
364,9,14,9,0.0770234614610672,0.922976553440094,9,1,14,0,0.07478565722703934,0.809122622013092,0.24596641957759857,0.21180480108189134,1.4025602581496561,0.7989239692687988,0.20107603073120117,0.3359140455722809,0.08994762599468231
365,1,6,1,0.061264052987098694,0.9387359619140625,1,1,1,1,0.3676673173904419,0.8648297190666199,0.459075003862381,0.1452226479994373,0.7785416751634953,0.5186942219734192,0.4813058078289032,0.459075003862381,0.38459859043359756
366,5,1,1,0.055964790284633636,0.9440352320671082,1,0,1,0,0.9989961385726929,0.006883819587528706,0.02293175458908081,4.978581608482266,3.7752326656729776,0.4628945291042328,0.5371054410934448,0.7878353595733643,0.7617970034480095
367,21,21,21,0.05812988430261612,0.9418700933456421,21,1,21,1,0.999987781047821,0.9981213212013245,0.9441376328468323,0.001880445729033041,0.05748332595682239,0.41356322169303894,0.5864368081092834,0.9441376328468323,0.9329329477623105
368,1,1,1,0.05811220407485962,0.9418877959251404,1,1,1,1,0.9998025894165039,0.9441513419151306,0.6452483534812927,0.057468805861135966,0.43811999213979974,0.560634195804596,0.43936580419540405,0.6452483534812927,0.6145460363477468
369,8,5,8,0.05824735388159752,0.9417526721954346,8,1,8,1,0.5584097504615784,0.7568724751472473,0.4098043739795685,0.27856050057167747,0.8920753697848879,0.16877081990242004,0.8312292098999023,0.4098043739795685,0.2123328447341919
370,9,5,9,0.05573895573616028,0.9442610740661621,9,1,9,1,0.5285237431526184,0.853173017501831,0.4223029911518097,0.15879291794148098,0.8620322340651694,0.46845370531082153,0.5315462946891785,0.4223029911518097,0.27878981828689575
371,2,2,2,0.052898917347192764,0.9471010565757751,2,1,2,1,0.9982056021690369,0.9524657726287842,0.6628068089485168,0.048701106874927194,0.41127172047628485,0.2733302116394043,0.7266697883605957,0.6628068089485168,0.6139495745301247
372,4,4,11,0.05259576067328453,0.9474042654037476,11,0,4,1,0.13606229424476624,0.06493031233549118,0.1757308840751648,2.7344407021315407,1.7388015219158763,0.32205328345298767,0.6779467463493347,0.1757308840751648,0.05212666839361191
373,24,24,24,0.06283267587423325,0.9371673464775085,24,1,24,1,0.9585804343223572,0.5416935682296753,0.34456658363342285,0.6130548096956296,1.0654679310545843,0.40135741233825684,0.5986425876617432,0.34456658363342285,0.26646899431943893
374,9,27,27,0.06483814120292664,0.935161828994751,27,0,27,0,0.9290046691894531,0.43304726481437683,0.1394505500793457,0.8369084003216081,1.9700452202814553,0.6588265299797058,0.3411734998226166,0.7240318059921265,0.5845812559127808
375,24,24,24,0.06274325400590897,0.9372567534446716,24,1,24,1,0.9950757622718811,0.9055774211883545,0.8345755338668823,0.09918250427739099,0.18083202605561532,0.5586065053939819,0.44139352440834045,0.8345755338668823,0.7462456971406937
376,11,4,4,0.06304555386304855,0.9369544386863708,4,0,4,0,0.6235415935516357,0.18826040625572205,0.08820699900388718,1.6699291349150989,2.4280689653321677,0.6463871002197266,0.3536129295825958,0.24385738372802734,0.07932920753955841
377,17,7,17,0.06366471201181412,0.9363352656364441,17,1,17,1,0.537830114364624,0.8798596262931824,0.6741352081298828,0.12799289980977663,0.39432458265447884,0.13870488107204437,0.8612951040267944,0.6741352081298828,0.6154238693416119
378,6,3,11,0.05995703861117363,0.9400429725646973,11,0,11,0,0.01868894137442112,0.0074177454225718975,0.023714374750852585,4.903880119380444,3.7416738851339306,0.23863470554351807,0.7613652944564819,0.17632655799388885,0.013682544231414795
379,21,21,13,0.0641641840338707,0.9358358383178711,13,0,13,0,0.4741736054420471,0.34905409812927246,0.28032782673835754,1.0525283598259616,1.2717955508962984,0.07299916446208954,0.927000880241394,0.5270910859107971,0.24676325917243958
380,21,21,21,0.06707077473402023,0.9329292178153992,21,1,21,1,1.0,0.9992491006851196,0.9660041332244873,0.0007511813809819159,0.03458716607847525,0.43880200386047363,0.5611979961395264,0.9660041332244873,0.9591322746127844
381,5,5,5,0.0670706257224083,0.9329293966293335,5,1,5,1,0.9864041209220886,0.9628130793571472,0.771072268486023,0.03789598845719566,0.2599731763666059,0.5384288430213928,0.4615711569786072,0.771072268486023,0.7265694066882133
382,2,25,2,0.06633933633565903,0.9336606860160828,2,1,2,1,0.04043443500995636,0.5693467259407043,0.2989175319671631,0.563265670263346,1.207587556453654,0.23252005875110626,0.7674799561500549,0.2989175319671631,0.17036175727844238
383,6,6,3,0.05074476823210716,0.9492552280426025,3,0,3,0,0.36407947540283203,0.1813948005437851,0.206416055560112,1.7070794046458206,1.5778614598336689,0.7202627658843994,0.279737263917923,0.2547691762447357,0.04835312068462372
384,1,26,1,0.055373381823301315,0.9446266293525696,1,1,1,1,0.6379503607749939,0.9574739933013916,0.7821733951568604,0.043456719339136855,0.24567883007877883,0.034305647015571594,0.9656943082809448,0.7821733951568604,0.7337855845689774
385,7,0,27,0.05284857749938965,0.9471514225006104,27,0,27,0,0.12989844381809235,0.07840881496667862,0.12274110317230225,2.5458189221467333,2.0976779941823014,0.26836708188056946,0.7316329479217529,0.1561671644449234,0.033426061272621155
386,10,10,10,0.05150759220123291,0.9484924077987671,10,1,10,1,0.9999966621398926,0.9956556558609009,0.8960358500480652,0.004353808222200873,0.1097748555932754,0.5052186250686646,0.49478137493133545,0.8960358500480652,0.875700568780303
387,6,6,21,0.05151621624827385,0.9484837651252747,21,0,21,0,0.2544460594654083,0.029662182554602623,0.040748223662376404,3.5178823591872512,3.2003430313527126,0.10771133750677109,0.8922886252403259,0.6621091961860657,0.6152332611382008
388,1,1,1,0.062143925577402115,0.9378560781478882,1,1,1,1,0.982694685459137,0.9670552015304565,0.7622540593147278,0.033499699811244746,0.27147536769046166,0.09826114773750305,0.9017388820648193,0.7622540593147278,0.7386155314743519
389,8,22,16,0.06085635721683502,0.9391436576843262,16,0,16,0,0.006164952181279659,0.0077085429802536964,0.04011823236942291,4.865426087183284,3.2159243754476714,0.052710339426994324,0.9472896456718445,0.38791459798812866,0.22578619420528412
390,7,5,7,0.05402025952935219,0.9459797143936157,7,1,7,1,0.009171887300908566,0.943966805934906,0.7793161869049072,0.05766427665942506,0.24933842726543357,0.5497000217437744,0.4502999186515808,0.7793161869049072,0.630468487739563
391,13,4,11,0.043063368648290634,0.9569366574287415,11,0,4,0,0.31236007809638977,0.10307244211435318,0.056137483566999435,2.2723232164685845,2.879951533296011,0.3984690010547638,0.6015309691429138,0.2834688425064087,0.005730003118515015
392,15,11,15,0.041866485029459,0.9581335186958313,15,1,15,1,0.19640159606933594,0.718589723110199,0.3890424370765686,0.3304647056710571,0.9440668485720496,0.2963356673717499,0.7036643028259277,0.3890424370765686,0.16651761531829834
393,14,14,14,0.03518666699528694,0.9648133516311646,14,1,14,1,0.9580895900726318,0.9595440030097961,0.8165130615234375,0.04129710423179758,0.20271236973271187,0.3660636246204376,0.63393634557724,0.8165130615234375,0.7812103852629662
394,3,3,6,0.034592803567647934,0.9654071927070618,6,0,6,0,0.2951478660106659,0.16463623940944672,0.17870832979679108,1.804016848450712,1.7220002446026672,0.030974913388490677,0.9690250754356384,0.5022611618041992,0.32355283200740814
395,0,0,0,0.037895962595939636,0.9621040225028992,0,1,0,1,0.999997615814209,0.9997624158859253,0.958388090133667,0.00023761234165137508,0.042502478520299515,0.5272191166877747,0.47278088331222534,0.958388090133667,0.9488778989762068
396,2,2,2,0.03788958862423897,0.9621104001998901,2,1,2,1,0.9995468854904175,0.9736387729644775,0.7144152522087097,0.026714913775084597,0.33629089997150347,0.4002276062965393,0.5997724533081055,0.7144152522087097,0.6681240163743496
397,8,8,8,0.03773284703493118,0.9622671604156494,8,1,8,1,0.6991806626319885,0.9737603068351746,0.746778130531311,0.0265900971700903,0.29198715198102715,0.1128215566277504,0.8871784806251526,0.746778130531311,0.6830833107233047
398,2,2,25,0.035784367471933365,0.9642156362533569,25,0,25,0,0.19396227598190308,0.17002588510513306,0.2480073720216751,1.771804588198751,1.3942968073651092,0.39966827630996704,0.600331723690033,0.38037052750587463,0.13236315548419952
399,15,15,15,0.0371711403131485,0.9628288745880127,15,1,15,1,0.996006429195404,0.8932958245277405,0.6962653994560242,0.11283748249579005,0.36202437027460904,0.5454510450363159,0.45454901456832886,0.6962653994560242,0.5874172821640968
400,21,21,21,0.037362128496170044,0.9626379013061523,21,1,21,1,0.9999938011169434,0.992967426776886,0.9194843173027039,0.0070574183180046,0.08394229076270655,0.459969162940979,0.540030837059021,0.9194843173027039,0.9004926364868879
401,21,21,21,0.03737294673919678,0.9626270532608032,21,1,21,1,1.0,0.9996383786201477,0.9733022451400757,0.00036168678063083315,0.02706061282258934,0.4087413549423218,0.5912585854530334,0.9733022451400757,0.9682186688296497
402,13,21,11,0.03737351670861244,0.9626264572143555,11,0,11,0,0.13399827480316162,0.18458718061447144,0.15117886662483215,1.6896334034500304,1.8892915960053682,0.21086445450782776,0.7891355752944946,0.2863476276397705,0.13516876101493835
403,7,7,7,0.03034147620201111,0.9696584939956665,7,1,7,1,0.9993788599967957,0.9917521476745605,0.9237156510353088,0.008282054049774555,0.07935099167596638,0.600645899772644,0.39935410022735596,0.9237156510353088,0.8981552235782146
404,2,2,2,0.030245820060372353,0.969754159450531,2,1,2,1,0.9979848861694336,0.9892178177833557,0.7795096635818481,0.010840731180723198,0.24909019340675848,0.5756313800811768,0.42436856031417847,0.7795096635818481,0.7453942410647869
405,20,20,11,0.029976023361086845,0.9700239896774292,11,0,20,1,0.2166404128074646,0.1410544365644455,0.39739102125167847,1.958609388186571,0.9228345428497119,0.9601037502288818,0.03989627957344055,0.39739102125167847,0.005990713834762573
406,9,27,9,0.0330791212618351,0.9669208526611328,9,1,25,0,0.2598569989204407,0.29249027371406555,0.0909375324845314,1.2293238651226994,2.3975824643981745,0.8465611934661865,0.15343883633613586,0.144255593419075,0.0361296609044075
407,14,14,14,0.032157912850379944,0.9678421020507812,14,1,14,1,0.7732433080673218,0.3036855161190033,0.21619141101837158,1.19176259947698,1.531591101585726,0.2896991968154907,0.7103008031845093,0.21619141101837158,0.06464377045631409
408,21,21,21,0.034011632204055786,0.9659883379936218,21,1,21,1,0.9999660849571228,0.9843398332595825,0.8947277069091797,0.01578408254893646,0.11123584508738049,0.4416327476501465,0.5583672523498535,0.8947277069091797,0.8678087592124939
409,3,3,3,0.03403740003705025,0.9659625887870789,3,1,3,1,0.9661770462989807,0.7593662738800049,0.6005109548568726,0.2752710437060728,0.509974394736121,0.1306537687778473,0.8693462610244751,0.6005109548568726,0.37718576192855835
410,10,10,10,0.03447820246219635,0.9655218124389648,10,1,10,1,0.999995768070221,0.9964585304260254,0.9317429065704346,0.003547755422495292,0.07069835366979557,0.6103188991546631,0.3896811008453369,0.9317429065704346,0.9096812140196562
411,10,10,10,0.03448403254151344,0.9655159711837769,10,1,10,1,0.9999901056289673,0.9963966012001038,0.9198536276817322,0.0036099066797129027,0.08354072194279698,0.5224943161010742,0.4775056540966034,0.9198536276817322,0.8963667508214712
412,20,11,6,0.03447601944208145,0.9655239582061768,6,0,6,0,0.27186936140060425,0.10839558392763138,0.11629942059516907,2.221967929481421,2.151587201454717,0.6142387986183167,0.38576123118400574,0.15007194876670837,0.013000160455703735
413,6,4,6,0.03425828740000725,0.9657416939735413,6,1,6,1,0.014724092558026314,0.7559705376625061,0.41464054584503174,0.2797528749078981,0.8803432886703549,0.1855935901403427,0.8144063949584961,0.41464054584503174,0.23974555730819702
414,26,26,26,0.02716953307390213,0.9728304743766785,26,1,26,1,0.9661843180656433,0.7158366441726685,0.6823686361312866,0.3343032886486299,0.3821852449815357,0.6100879907608032,0.3899120092391968,0.6823686361312866,0.609123706817627
415,0,0,0,0.027626505121588707,0.9723734855651855,0,1,0,1,0.9999995231628418,0.999777615070343,0.9688442349433899,0.00022240966085208304,0.03165142826519151,0.43724268674850464,0.5627573132514954,0.9688442349433899,0.9643305325880647
416,5,5,5,0.02762342430651188,0.9723765850067139,5,1,5,1,0.9872967004776001,0.9825684428215027,0.7840391993522644,0.017585275760161227,0.2432962607078396,0.523987889289856,0.47601214051246643,0.7840391993522644,0.7527373805642128
417,3,3,11,0.027026314288377762,0.9729737043380737,11,0,11,0,0.03206891566514969,0.04546637833118439,0.17580121755599976,3.0907821639504864,1.7384013679529973,0.13290905952453613,0.8670909404754639,0.33887454867362976,0.16307333111763
418,4,11,11,0.03208170086145401,0.9679182767868042,11,0,11,0,0.8661569356918335,0.22943845391273499,0.08269991725683212,1.4721204601189735,2.4925366774749733,0.399610698223114,0.600389301776886,0.22881905734539032,0.071190744638443
419,12,17,16,0.03181678429245949,0.9681832194328308,16,0,16,0,0.17757189273834229,0.33128076791763306,0.19308963418006897,1.1047890217155358,1.6446007720860696,0.014954262413084507,0.9850457310676575,0.3041638433933258,0.11107420921325684
420,26,1,26,0.02983946166932583,0.9701605439186096,26,1,26,1,0.06469152867794037,0.5722318887710571,0.3076867461204529,0.5582109698052957,1.178673071613531,0.657819926738739,0.3421800434589386,0.3076867461204529,0.24079379439353943
421,6,2,6,0.02628045715391636,0.9737195372581482,6,1,6,1,0.257680743932724,0.9085453152656555,0.6653468608856201,0.09591051317612781,0.4074467789931146,0.2711507976055145,0.7288491725921631,0.6653468608856201,0.5598454102873802
422,5,5,5,0.024091070517897606,0.9759089350700378,5,1,5,1,0.8010581731796265,0.9166094064712524,0.5857939720153809,0.08707384460841545,0.534787134816626,0.20868787169456482,0.7913120985031128,0.5857939720153809,0.5375693626701832
423,7,7,26,0.023223744705319405,0.9767762422561646,26,0,7,1,0.2488935887813568,0.1513405740261078,0.32750362157821655,1.8882225247659852,1.116256165713876,0.7646698951721191,0.2353300154209137,0.32750362157821655,0.08592666685581207
424,8,5,8,0.025567224249243736,0.9744327664375305,8,1,8,1,0.4578503370285034,0.9770246744155884,0.7755887508392334,0.02324337197106987,0.2541328595362103,0.06386417150497437,0.9361357688903809,0.7755887508392334,0.7473256289958954
425,9,9,9,0.023245852440595627,0.9767541289329529,9,1,9,1,0.7774476408958435,0.8768333792686462,0.5329948663711548,0.1314382940916505,0.6292434864364949,0.4787226617336273,0.5212773084640503,0.5329948663711548,0.40070030093193054
426,15,3,15,0.022488974034786224,0.9775110483169556,15,1,15,1,0.07728102058172226,0.447307288646698,0.23070795834064484,0.8045094739148632,1.4666026179056775,0.026392612606287003,0.9736073613166809,0.23070795834064484,0.05822187662124634
427,24,24,24,0.019442124292254448,0.9805578589439392,24,1,24,1,0.711355447769165,0.3333590030670166,0.3245561420917511,1.0985352824321162,1.1252967467341108,0.6247700452804565,0.37522995471954346,0.3245561420917511,0.2054668292403221
428,5,1,5,0.020557306706905365,0.9794427156448364,5,1,5,1,0.10970623791217804,0.979004442691803,0.7969673871994019,0.021219098472339066,0.22694152047782573,0.8405871391296387,0.15941289067268372,0.7969673871994019,0.6991137638688087
429,2,4,2,0.018153507262468338,0.9818465113639832,2,1,2,1,0.07718599587678909,0.977761447429657,0.7176812887191772,0.02248955748392634,0.33172969605891495,0.07602515816688538,0.923974871635437,0.7176812887191772,0.6527204364538193
430,19,19,2,0.015421953052282333,0.9845780730247498,2,0,2,0,0.3211141526699066,0.2036411166191101,0.20325623452663422,1.5913960666635354,1.593287856846878,0.5852025151252747,0.41479742527008057,0.31057000160217285,0.10731376707553864
431,21,0,24,0.016683947294950485,0.9833160638809204,24,0,24,0,0.07505976408720016,0.09805385768413544,0.11632660031318665,2.322238383063403,2.151353524086767,0.06523668766021729,0.9347633123397827,0.3729512095451355,0.2559472620487213
432,5,10,5,0.017360486090183258,0.982639491558075,5,1,5,1,0.0426984578371048,0.9710424542427063,0.7571062445640564,0.029385089460495766,0.2782516859025896,0.7364228367805481,0.2635771930217743,0.7571062445640564,0.6672483161091805
433,17,17,17,0.014624331146478653,0.9853756427764893,17,1,17,1,0.8051459789276123,0.8726790547370911,0.7937327027320862,0.13618742563132183,0.23100852084627332,0.12338503450155258,0.8766149282455444,0.7937327027320862,0.7032195702195168
434,9,14,16,0.014004998840391636,0.9859949946403503,16,0,16,0,0.03399988263845444,0.14395259320735931,0.13680055737495422,1.938271247446691,1.9892311994236669,0.03200991079211235,0.9679901003837585,0.2699509561061859,0.10821346938610077
435,2,2,2,0.013286631554365158,0.9867133498191833,2,1,2,1,0.8769682049751282,0.9809876084327698,0.7638155221939087,0.01919545106355617,0.26942898206950194,0.3262716829776764,0.673728346824646,0.7638155221939087,0.7277460619807243
436,14,14,14,0.012792151421308517,0.98720782995224,14,1,14,1,0.789219856262207,0.3254547715187073,0.29401707649230957,1.1225317777754498,1.22411743002305,0.6895368695259094,0.3104631304740906,0.29401707649230957,0.18942906707525253
437,0,0,0,0.013409176841378212,0.9865908026695251,0,1,0,1,0.9999779462814331,0.9990746974945068,0.9172781705856323,0.0009257308621165231,0.08634450421438955,0.45655104517936707,0.5434489846229553,0.9172781705856323,0.9070153413340449
438,13,13,4,0.013402799144387245,0.9865971803665161,4,0,13,1,0.16943761706352234,0.10424213856458664,0.30717772245407104,2.2610388305990683,1.1803287983913353,0.987447202205658,0.012552772648632526,0.30717772245407104,0.1472063660621643
439,4,4,4,0.015069779008626938,0.9849302172660828,4,1,4,1,0.9777909517288208,0.7546126246452332,0.6703855395317078,0.28155074134375363,0.3999022999578348,0.6064969301223755,0.3935030996799469,0.6703855395317078,0.5855176523327827
440,17,17,14,0.015237689018249512,0.9847623109817505,14,0,9,0,0.06424420326948166,0.046907659620046616,0.23882582783699036,3.0595742987401953,1.4320207465408956,0.9861204028129578,0.013879536651074886,0.33248066902160645,0.04740819334983826
441,7,17,7,0.017895003780722618,0.982105016708374,7,1,7,1,0.6026561856269836,0.41289135813713074,0.3452621102333069,0.8845707759842708,1.0634514106002857,0.8451686501502991,0.15483136475086212,0.3452621102333069,0.23768500238656998
442,1,1,1,0.017580833286046982,0.9824191927909851,1,1,1,1,0.887962818145752,0.5251154899597168,0.47365134954452515,0.6441370597071072,0.747283777420432,0.9210289120674133,0.0789710208773613,0.47365134954452515,0.3428952246904373
443,11,11,13,0.018142420798540115,0.9818575978279114,13,0,13,0,0.10100693255662918,0.09612847864627838,0.05006932467222214,2.3420696630331985,2.9943467404040582,0.03688475489616394,0.9631152749061584,0.7072235345840454,0.6141263023018837
444,15,15,15,0.02001769468188286,0.979982316493988,15,1,15,1,0.919745683670044,0.9924701452255249,0.9299386143684387,0.00755834725052008,0.07263670106877321,0.37896689772605896,0.6210331320762634,0.9299386143684387,0.9060006458312273
445,18,2,22,0.019665351137518883,0.9803346395492554,22,0,19,0,0.17786240577697754,0.0532393679022789,0.053489137440919876,2.9329571581350433,2.928276684182759,0.7475717067718506,0.2524283230304718,0.1498812586069107,0.043828532099723816
446,18,18,16,0.02082260139286518,0.9791774153709412,16,0,16,0,0.012764264829456806,0.013044319115579128,0.02569585107266903,4.339402556805165,3.6614257369744228,0.058170612901449203,0.9418293833732605,0.4387846291065216,0.36893729865550995
447,0,0,0,0.028695320710539818,0.9713046550750732,0,1,0,1,1.0,0.9995387196540833,0.9617021679878235,0.00046138676842384484,0.039050472937632724,0.4970235824584961,0.5029764771461487,0.9617021679878235,0.954087212216109
448,24,24,24,0.028694357722997665,0.9713056683540344,24,1,24,1,0.9987572431564331,0.9001396894454956,0.6908669471740723,0.10520531720673384,0.3698080248777202,0.7692956924438477,0.23070432245731354,0.6908669471740723,0.6453738324344158
449,26,26,26,0.028840987011790276,0.971159040927887,26,1,26,1,0.9998781681060791,0.9350703358650208,0.7534072995185852,0.06713352699866154,0.28314929500210484,0.6000089645385742,0.3999910056591034,0.7534072995185852,0.7335696611553431
450,17,17,17,0.028923451900482178,0.9710765480995178,17,1,17,1,0.991912305355072,0.8647652864456177,0.8379871845245361,0.14529715402058868,0.17675247154713988,0.6476749181747437,0.3523250222206116,0.8379871845245361,0.7606697902083397
451,3,3,3,0.029085857793688774,0.9709141254425049,3,1,3,1,0.9955751299858093,0.8437471389770508,0.7279065251350403,0.16990242764316027,0.3175826385691575,0.4232291281223297,0.5767709016799927,0.7279065251350403,0.5827074497938156
452,10,10,21,0.029222838580608368,0.970777153968811,21,0,21,0,0.0008450105669908226,0.02950996160507202,0.04925280436873436,3.523027391110073,3.0107889714880005,0.2637770175933838,0.7362229228019714,0.6631754636764526,0.5653005689382553
453,20,20,11,0.04197113960981369,0.9580288529396057,11,0,11,0,0.0782470777630806,0.04465803876519203,0.36793142557144165,3.108720948330825,0.9998587017331888,0.947045087814331,0.052954964339733124,0.41854584217071533,0.05061441659927368
454,17,17,17,0.05303560569882393,0.9469643831253052,17,1,17,1,0.7489069700241089,0.9152790904045105,0.8593302369117737,0.08852624337926317,0.1516019874410345,0.06439424306154251,0.9356057047843933,0.8593302369117737,0.8091837987303734
455,5,5,5,0.05094805359840393,0.9490519165992737,5,1,5,1,0.9988418817520142,0.988498330116272,0.8618487119674683,0.011568325683694591,0.14867553188019259,0.5090254545211792,0.4909746050834656,0.8618487119674683,0.8321950659155846
456,4,3,4,0.05076904222369194,0.949230968952179,4,1,4,1,0.12233738601207733,0.8921343088150024,0.7182191014289856,0.11413858731630934,0.3309806012907159,0.4824690520763397,0.5175309181213379,0.7182191014289856,0.6773804239928722
457,17,27,9,0.0441504642367363,0.9558495283126831,9,0,9,0,0.0667194053530693,0.1680086851119995,0.13373559713363647,1.7837396038198916,2.0118905839866223,0.9362528324127197,0.06374714523553848,0.26079732179641724,0.07243002951145172
458,26,9,26,0.037048906087875366,0.962951123714447,26,1,26,1,0.2537805736064911,0.7375460267066956,0.5193431973457336,0.30442678362170417,0.6551903477945373,0.37808072566986084,0.6219192743301392,0.5193431973457336,0.4245970621705055
459,18,18,22,0.033410102128982544,0.9665898680686951,22,0,22,0,0.05044088140130043,0.06520269811153412,0.08719715476036072,2.730254428827,2.439583577494483,0.5216256380081177,0.4783744215965271,0.19533947110176086,0.07392056286334991
460,9,14,9,0.039285216480493546,0.9607147574424744,9,1,9,1,0.202596515417099,0.9276735186576843,0.5556240677833557,0.07507541988751176,0.5876633504956127,0.665006160736084,0.33499380946159363,0.5556240677833557,0.3692629188299179
461,8,26,27,0.036119312047958374,0.963880717754364,27,0,14,0,0.36864855885505676,0.13909226655960083,0.07229931652545929,1.9726177778628213,2.6269406031752505,0.41267701983451843,0.5873229503631592,0.1669069081544876,0.056041695177555084
462,16,16,16,0.03391027823090553,0.9660897254943848,16,1,16,1,0.9999665021896362,0.9766931533813477,0.736667275428772,0.023582746503774493,0.3056189467648911,0.4552267789840698,0.5447732210159302,0.736667275428772,0.7062440533190966
463,20,20,11,0.03393947333097458,0.9660605192184448,11,0,20,1,0.2364092618227005,0.1486855000257492,0.44826897978782654,1.905921941866092,0.8023618254237948,0.9230132102966309,0.07698684185743332,0.44826897978782654,0.22808676958084106
464,0,0,0,0.03725823760032654,0.9627417325973511,0,1,0,1,0.9968792200088501,0.9942512512207031,0.8300089836120605,0.005765336438299004,0.18631875462107989,0.5176115036010742,0.48238852620124817,0.8300089836120605,0.7850715480744839
465,16,16,16,0.03696225583553314,0.9630377292633057,16,1,16,1,0.9999877214431763,0.9883750081062317,0.8080706596374512,0.011693090389470976,0.2131057742382236,0.3936057984828949,0.6063941717147827,0.8080706596374512,0.7667488865554333
466,17,4,14,0.03696799278259277,0.9630320072174072,14,0,14,0,0.0697108805179596,0.019849196076393127,0.030909288674592972,3.919591772598899,3.4766985358951144,0.23288565874099731,0.7671142816543579,0.6359387040138245,0.5880917757749557
467,19,19,19,0.0398128516972065,0.9601871371269226,19,1,19,1,0.8787112236022949,0.5138682723045349,0.29799753427505493,0.6657883259353526,1.2106700667557464,0.5684672594070435,0.43153268098831177,0.29799753427505493,0.1487777829170227
468,13,4,13,0.041091110557317734,0.9589089155197144,13,1,13,1,0.11159180849790573,0.4632853865623474,0.3801594078540802,0.7694120291197036,0.9671646198720198,0.0849473848938942,0.9150526523590088,0.3801594078540802,0.02156689763069153
469,11,11,15,0.03777414560317993,0.9622258543968201,15,0,15,0,0.051064010709524155,0.058623623102903366,0.07538445293903351,2.836617539009146,2.58515421967175,0.06742854416370392,0.9325714707374573,0.542311429977417,0.4141688495874405
470,0,0,16,0.04457155242562294,0.955428421497345,16,0,16,0,0.13537368178367615,0.1459905207157135,0.12510401010513306,1.9242135859863259,2.0786098068261216,0.03793785721063614,0.9620620608329773,0.5570557713508606,0.43195176124572754
471,7,0,12,0.04867926985025406,0.9513207077980042,12,0,12,0,0.024687916040420532,0.23105229437351227,0.1646503359079361,1.4651112115116935,1.803931230028616,0.014077803120017052,0.9859222173690796,0.3944145739078522,0.22976423799991608
472,8,8,8,0.04365261271595955,0.9563474059104919,8,1,8,1,0.9864992499351501,0.921194851398468,0.6460627913475037,0.0820837000672177,0.4368585796948375,0.5827832818031311,0.4172167479991913,0.6460627913475037,0.5375973135232925
473,23,23,23,0.043406471610069275,0.9565935134887695,23,1,23,1,0.4670284688472748,0.295132577419281,0.1596614122390747,1.2203306086183696,1.8346998795131444,0.8548822999000549,0.14511770009994507,0.1596614122390747,0.0373300164937973
474,2,21,22,0.043576907366514206,0.9564231038093567,22,0,2,1,0.03681732714176178,0.2093377411365509,0.26557832956314087,1.5638063450189332,1.3258454552087668,0.475422203540802,0.5245777368545532,0.26557832956314087,0.16740500181913376
475,9,9,9,0.0378381572663784,0.9621618390083313,9,1,9,1,0.8956477642059326,0.6084729433059692,0.580859363079071,0.4968028321183692,0.5432466115363707,0.4227888882160187,0.5772111415863037,0.580859363079071,0.2637776732444763
476,25,25,22,0.03854485601186752,0.9614551663398743,22,0,25,1,0.5415109992027283,0.29507267475128174,0.19630391895771027,1.2205335978936587,1.6280912137741408,0.7708004117012024,0.22919955849647522,0.19630391895771027,0.03365267813205719
477,15,15,16,0.04082281515002251,0.9591771960258484,16,0,16,0,0.24318283796310425,0.2243754267692566,0.3395780920982361,1.4944346177057186,1.0800513375262273,0.5502156615257263,0.4497842788696289,0.3802525997161865,0.04067450761795044
478,12,7,12,0.04418342933058739,0.9558165669441223,12,1,12,1,0.2636142075061798,0.9338573217391968,0.6275516748428345,0.06843161287289923,0.4659292610196552,0.046156179159879684,0.9538438320159912,0.6275516748428345,0.5837813504040241
479,17,9,27,0.03980974107980728,0.9601902365684509,27,0,27,0,0.17208190262317657,0.006378735415637493,0.028764130547642708,5.054785411986905,3.548626135174706,0.052084021270275116,0.9479159712791443,0.733249306678772,0.6120263934135437
480,17,17,17,0.03945058211684227,0.9605494141578674,17,1,17,1,0.8754187226295471,0.45454445481300354,0.3600751459598541,0.7884595597780811,1.021442530537516,0.9004177451133728,0.09958219528198242,0.3600751459598541,0.20792575180530548
481,10,10,10,0.03883664682507515,0.961163341999054,10,1,10,1,0.9941290020942688,0.8720900416374207,0.5508266687393188,0.13686260164546613,0.5963350951092755,0.5189207196235657,0.4810793101787567,0.5508266687393188,0.4944756291806698
482,1,5,1,0.038670871406793594,0.9613291025161743,1,1,1,1,0.6220211982727051,0.9352710247039795,0.7182080149650574,0.06691892570291957,0.3309960374570231,0.05546155571937561,0.944538414478302,0.7182080149650574,0.6757620424032211
483,9,9,27,0.03690376877784729,0.9630962014198303,9,1,9,1,0.6932669281959534,0.45486214756965637,0.35845085978507996,0.7877608783109703,1.025963700066855,0.2607129216194153,0.7392870783805847,0.35845085978507996,0.031043440103530884
484,16,16,16,0.038276780396699905,0.9617232084274292,16,1,16,1,0.9949813485145569,0.8446581959724426,0.5272228717803955,0.1688232352656481,0.6401319132364023,0.5352542996406555,0.46474573016166687,0.5272228717803955,0.4196697846055031
485,1,5,1,0.03857254236936569,0.9614274501800537,1,1,1,1,0.274917334318161,0.950046956539154,0.6680918335914612,0.05124386767311907,0.403329639458054,0.31000491976737976,0.6899951100349426,0.6680918335914612,0.607478179037571
486,1,5,1,0.03514845669269562,0.9648515582084656,1,1,1,1,0.06260614842176437,0.9497017860412598,0.784729540348053,0.05160725309768183,0.24241615515387357,0.09856259077787399,0.9014374017715454,0.784729540348053,0.7144926339387894
487,7,7,7,0.030450165271759033,0.969549834728241,7,1,7,1,0.9395211935043335,0.7064272165298462,0.7232047915458679,0.34753510193820547,0.32406284444787214,0.5863745808601379,0.41362541913986206,0.7232047915458679,0.6442686021327972
488,2,2,2,0.030952733010053635,0.9690472483634949,2,1,2,1,0.997833788394928,0.8770133256912231,0.6378070712089539,0.1312330920945781,0.4497194375925151,0.31240424513816833,0.6875957250595093,0.6378070712089539,0.5664017796516418
489,0,0,0,0.03104880079627037,0.9689512252807617,0,1,0,1,0.9995627403259277,0.9885122776031494,0.8006682991981506,0.011554216010409872,0.2223085260471793,0.31460312008857727,0.6853968501091003,0.8006682991981506,0.7759712990373373
490,20,20,11,0.031002916395664215,0.968997061252594,11,0,20,1,0.0692499652504921,0.08303159475326538,0.3621470630168915,2.4885340839401575,1.0157048982262578,0.9313458800315857,0.0686541497707367,0.3621470630168915,0.09327271580696106
491,14,14,9,0.03569813817739487,0.9643018841743469,9,0,14,1,0.7369499206542969,0.3907293975353241,0.5238535404205322,0.9397400365080162,0.6465431367435939,0.8231969475746155,0.17680303752422333,0.5238535404205322,0.2516961097717285
492,11,11,4,0.036299534142017365,0.9637004733085632,4,0,4,0,0.5628113746643066,0.05922945588827133,0.0552353672683239,2.8263362951566755,2.896151819484315,0.7937597632408142,0.2062402367591858,0.44853872060775757,0.26290129125118256
493,5,12,5,0.04146698862314224,0.958532989025116,5,1,5,1,0.1982511579990387,0.7853510975837708,0.5826802253723145,0.24162440312130762,0.5401167416157258,0.943538248538971,0.056461792439222336,0.5826802253723145,0.4737921431660652
494,25,25,25,0.03731836751103401,0.9626816511154175,25,1,25,1,0.9583609700202942,0.729927659034729,0.3975394070148468,0.3148098469628534,0.9224612126572437,0.5913126468658447,0.4086873531341553,0.3975394070148468,0.049586594104766846
495,9,27,14,0.03761579468846321,0.9623842239379883,14,0,14,0,0.09003844857215881,0.26661625504493713,0.21262739598751068,1.3219449014347953,1.5482139597228493,0.9642527103424072,0.03574731573462486,0.33632227778434753,0.12369488179683685
496,7,7,7,0.036245811730623245,0.9637541770935059,7,1,7,1,0.9980272054672241,0.994800329208374,0.9343496561050415,0.005213236123736314,0.06790454667190439,0.48584702610969543,0.514153003692627,0.9343496561050415,0.9204936055466533
497,10,10,10,0.03607682138681412,0.9639231562614441,10,1,10,1,0.8748443126678467,0.5213649272918701,0.46112415194511414,0.6513050461589736,0.7740879621667681,0.7806479334831238,0.21935200691223145,0.46112415194511414,0.350829616189003
498,8,8,8,0.03728777542710304,0.9627122282981873,8,1,8,1,0.9298278093338013,0.6100424528121948,0.38527417182922363,0.4942267294622942,0.9538000635205335,0.7109965682029724,0.2890033721923828,0.38527417182922363,0.2448151558637619
499,1,5,1,0.03821558132767677,0.9617844223976135,1,1,1,1,0.39312079548835754,0.9573217034339905,0.7245031595230103,0.04361578577946976,0.32226915626057046,0.33186617493629456,0.6681338548660278,0.7245031595230103,0.6778170131146908
500,23,23,23,0.035105928778648376,0.9648940563201904,23,1,23,1,0.918705403804779,0.7200523018836975,0.45826640725135803,0.328431428105167,0.780304588754104,0.5829989910125732,0.41700100898742676,0.45826640725135803,0.4028434343636036
501,17,17,17,0.03500012308359146,0.9649998545646667,17,1,17,1,0.9978122711181641,0.9406326413154602,0.9221808314323425,0.06120260742026112,0.08101394512026298,0.4762144088745117,0.5237856507301331,0.9221808314323425,0.8857408761978149
502,2,2,2,0.03492507338523865,0.965074896812439,2,1,2,1,0.9943562746047974,0.8562094569206238,0.6706387400627136,0.15524024010848209,0.39952467736312486,0.5709969401359558,0.4290030598640442,0.6706387400627136,0.5657710209488869
503,11,11,11,0.03519182279706001,0.9648081660270691,11,1,11,1,0.812599241733551,0.45353055000305176,0.18302208185195923,0.790692646749772,1.6981484675625544,0.17428342998027802,0.8257165551185608,0.18302208185195923,0.012900859117507935
504,3,6,1,0.03488011658191681,0.9651198983192444,1,0,1,0,0.061159830540418625,0.036360666155815125,0.04823460057377815,3.314267688723661,3.0316786612319255,0.2281614989042282,0.7718384861946106,0.3406725823879242,0.22355137765407562
505,22,2,22,0.03786617890000343,0.9621338248252869,22,1,5,0,0.4978216886520386,0.19691585004329681,0.046306222677230835,1.6249787986423738,3.0724789278444353,0.8266138434410095,0.1733861118555069,0.11989600211381912,0.02460888773202896
506,4,4,4,0.03498867526650429,0.9650112986564636,4,1,4,1,0.9984070062637329,0.9727376103401184,0.880283534526825,0.02764090393452285,0.12751122507868143,0.4960520565509796,0.5039479732513428,0.880283534526825,0.8558613602072
507,17,26,17,0.034882523119449615,0.9651174545288086,17,1,17,1,0.381907194852829,0.7651845216751099,0.5831944942474365,0.2676382694367379,0.5392345389230666,0.37091064453125,0.62908935546875,0.5831944942474365,0.5038834810256958
508,21,21,21,0.03237513452768326,0.967624843120575,21,1,21,1,0.9972220659255981,0.9572449326515198,0.8400281071662903,0.04369598229085242,0.17431992679233124,0.5089274048805237,0.4910726249217987,0.8400281071662903,0.7967410981655121
509,5,5,5,0.03229060396552086,0.9677094221115112,5,1,5,1,0.7376710772514343,0.937296986579895,0.7233874797821045,0.0647550922355105,0.32381026707575594,0.5476158261299133,0.45238420367240906,0.7233874797821045,0.6683041602373123
510,1,5,1,0.030927782878279686,0.9690722227096558,1,1,1,1,0.5679460167884827,0.9473187923431396,0.7290159463882446,0.05411960850248212,0.31605967288042147,0.06310656666755676,0.9368934035301208,0.7290159463882446,0.6783666834235191
511,6,6,21,0.02917669340968132,0.9708232879638672,21,0,6,1,0.13024501502513885,0.11423037946224213,0.2375069260597229,2.169537997327747,1.4375584935759265,0.7399747967720032,0.2600252032279968,0.2375069260597229,0.004975929856300354
512,16,16,16,0.032638438045978546,0.967361569404602,16,1,16,1,0.9985331892967224,0.9105849862098694,0.661101222038269,0.09366804401677728,0.4138483161519987,0.38964852690696716,0.6103515028953552,0.661101222038269,0.6130958646535873
513,10,10,24,0.03276810422539711,0.9672318696975708,24,0,24,0,0.11828473955392838,0.13267378509044647,0.13970813155174255,2.019861907344614,1.968199807170945,0.1295815259218216,0.8704184293746948,0.6712297797203064,0.5315216481685638
514,5,5,5,0.036557652056217194,0.963442325592041,5,1,5,1,0.9136178493499756,0.9355236291885376,0.756126880645752,0.0666488752347213,0.2795460853427418,0.7602916359901428,0.2397083193063736,0.756126880645752,0.6928869038820267
515,16,9,16,0.0354781337082386,0.9645218849182129,16,1,16,1,0.5396928191184998,0.933795690536499,0.6837557554244995,0.06849761143078449,0.3801545078415195,0.13407430052757263,0.865925669670105,0.6837557554244995,0.6028452813625336
516,11,11,15,0.033539723604917526,0.9664602875709534,15,0,20,0,0.1471441686153412,0.0980219617486,0.10933830589056015,2.3225637259425915,2.213308479593976,0.09903004765510559,0.9009699821472168,0.19566836953163147,0.012301325798034668
517,13,13,13,0.03809379041194916,0.9619061946868896,13,1,13,1,0.9654388427734375,0.7277892827987671,0.7195284962654114,0.3177437193882238,0.32915914778866906,0.8371976017951965,0.16280242800712585,0.7195284962654114,0.6585100740194321
518,20,20,15,0.038679078221321106,0.9613209366798401,15,0,20,1,0.1888854056596756,0.14721672236919403,0.3686267137527466,1.9158494760881093,0.9979707628164819,0.8050929307937622,0.19490699470043182,0.3686267137527466,0.029122769832611084
519,24,24,24,0.04278022423386574,0.9572197794914246,24,1,24,1,0.9991195201873779,0.9554610252380371,0.8486597537994385,0.0455613060468361,0.1640969341283972,0.5439188480377197,0.4560811221599579,0.8486597537994385,0.7754343673586845
520,25,25,25,0.04287320375442505,0.957126796245575,25,1,25,1,0.9898994565010071,0.7636134028434753,0.4762513339519501,0.2696936351061179,0.7418095515961725,0.43586355447769165,0.5641364455223083,0.4762513339519501,0.31175294518470764
521,14,27,14,0.0431617796421051,0.9568381905555725,14,1,14,1,0.7221803069114685,0.8193488717079163,0.5567105412483215,0.1992453130483779,0.5857098487315608,0.6512051224708557,0.3487948477268219,0.5567105412483215,0.4837470278143883
522,19,19,19,0.041722822934389114,0.95827716588974,19,1,19,1,0.9994470477104187,0.9531456232070923,0.6616570353507996,0.04798758195726835,0.413007930779785,0.6450478434562683,0.3549521565437317,0.6616570353507996,0.5933787524700165
523,15,15,15,0.04175430163741112,0.9582456946372986,15,1,15,1,0.9984728097915649,0.9347732067108154,0.7747412919998169,0.06745133878338118,0.2552261221324419,0.6368374824523926,0.3631625473499298,0.7747412919998169,0.7125325985252857
524,10,10,10,0.04189356416463852,0.9581064581871033,10,1,10,1,0.9115670323371887,0.44147250056266785,0.3941108286380768,0.8176395472592728,0.931123118279502,0.7028142213821411,0.2971857488155365,0.3941108286380768,0.3427939713001251
525,11,4,22,0.04365004226565361,0.9563499689102173,22,0,4,0,0.24752375483512878,0.032270342111587524,0.040072303265333176,3.433606671437818,3.2170698749445488,0.7000027298927307,0.2999972999095917,0.21951492130756378,0.13347644358873367
526,25,25,25,0.03710321709513664,0.9628967642784119,25,1,25,1,0.9732030630111694,0.6791613698005676,0.3574729263782501,0.38689652163229077,1.0286956501262563,0.6273564696311951,0.3726435601711273,0.3574729263782501,0.1280515193939209
527,22,18,25,0.037775274366140366,0.9622247219085693,25,0,25,0,0.108022540807724,0.1730150580406189,0.055355004966259,1.7543766475749607,2.893988199954172,0.5226964950561523,0.47730347514152527,0.19618205726146698,0.06638216972351074
528,9,14,27,0.03389082849025726,0.9661091566085815,27,0,9,1,0.6146172285079956,0.4554128348827362,0.395094633102417,0.786550941993095,0.928629965300642,0.2717186212539673,0.7282813787460327,0.395094633102417,0.06820639967918396
529,3,4,6,0.033067695796489716,0.9669322967529297,6,0,6,0,0.09883194416761398,0.16253608465194702,0.20495498180389404,1.8168552424672864,1.584964924916164,0.024352431297302246,0.9756475687026978,0.5389966368675232,0.33404165506362915
530,24,24,24,0.03219824284315109,0.9678017497062683,24,1,24,1,0.9981659650802612,0.9353776574134827,0.8248236179351807,0.06680491957163685,0.19258571194737867,0.6062207221984863,0.3937792479991913,0.8248236179351807,0.7589389234781265
531,21,21,21,0.032301124185323715,0.967698872089386,21,1,21,1,0.9999969601631165,0.9952439069747925,0.9287717342376709,0.0047674392256578865,0.07389228162218225,0.5116471648216248,0.48835280537605286,0.9287717342376709,0.9082657378166914
532,11,11,11,0.03230759873986244,0.9676923751831055,11,1,11,1,0.9898462891578674,0.878555178642273,0.5159826874732971,0.1294765632622607,0.6616820654717743,0.5026952028274536,0.4973047971725464,0.5159826874732971,0.33661122620105743
533,5,1,18,0.03176950663328171,0.9682304859161377,18,0,1,0,0.56891930103302,0.2879940867424011,0.21838444471359253,1.244815331201419,1.5214982614867871,0.911864161491394,0.08813580125570297,0.3796228766441345,0.161238431930542
534,1,6,1,0.030337190255522728,0.9696627855300903,1,1,1,1,0.17132410407066345,0.912920355796814,0.5112252831459045,0.09110663571160467,0.6709449187187085,0.5969942212104797,0.40300580859184265,0.5112252831459045,0.4477602243423462
535,24,24,24,0.026657961308956146,0.9733420610427856,24,1,24,1,0.8440356850624084,0.6081978678703308,0.6396319270133972,0.49725500938406586,0.44686238211150164,0.7501272559165955,0.24987274408340454,0.6396319270133972,0.41176632046699524
536,3,3,10,0.02733110450208187,0.9726688861846924,10,0,10,0,0.028725679963827133,0.03259652853012085,0.049827300012111664,3.4235494830857065,2.999192252140139,0.20129616558551788,0.7987037897109985,0.3901953399181366,0.3219408541917801
537,7,7,7,0.03410356491804123,0.9658964276313782,7,1,7,1,0.9915651679039001,0.8511093258857727,0.649715781211853,0.1612146911091628,0.43122027139241437,0.6421914100646973,0.35780858993530273,0.649715781211853,0.5390535518527031
538,8,12,8,0.03402877599000931,0.9659712314605713,8,1,8,1,0.07187257707118988,0.9497056007385254,0.5687457323074341,0.051603236374052994,0.56432181238041,0.8427450060844421,0.15725497901439667,0.5687457323074341,0.43867379426956177
539,7,7,7,0.02930857613682747,0.970691442489624,7,1,7,1,0.9627323746681213,0.7297892570495605,0.5999798774719238,0.31499947549158824,0.5108591618751804,0.5586931109428406,0.44130685925483704,0.5999798774719238,0.5340588316321373
540,8,8,8,0.029622891917824745,0.9703770875930786,8,1,8,1,0.9985201954841614,0.9917742609977722,0.9064443111419678,0.008259757070903085,0.09822568350169826,0.8048527240753174,0.1951473355293274,0.9064443111419678,0.8900255281478167
541,18,2,22,0.02953549288213253,0.9704645276069641,22,0,25,0,0.006739619188010693,0.2373741716146469,0.16711832582950592,1.4381175996308289,1.7890531795586224,0.8473349809646606,0.15266503393650055,0.18331904709339142,0.016200721263885498
542,24,24,24,0.024219226092100143,0.9757807850837708,24,1,24,1,0.9628334641456604,0.4792287051677704,0.44351157546043396,0.7355773317049952,0.8130313773241029,0.8280338644981384,0.17196613550186157,0.44351157546043396,0.39902760088443756
543,27,17,14,0.024738885462284088,0.9752610921859741,14,0,14,0,0.6335353255271912,0.14362353086471558,0.09997014701366425,1.9405597718318306,2.3028836674263133,0.9332864284515381,0.06671354919672012,0.37560999393463135,0.13257543742656708
544,14,27,14,0.024526439607143402,0.9754735827445984,14,1,14,1,0.5505817532539368,0.9401046633720398,0.7500436902046204,0.06176406590356368,0.28762382054229585,0.4963889718055725,0.5036110281944275,0.7500436902046204,0.7001016363501549
545,7,12,26,0.02317071333527565,0.9768292903900146,26,0,26,0,0.5290294885635376,0.13749995827674866,0.09831918776035309,1.984131665317385,2.3195360749428477,0.45431339740753174,0.5456865429878235,0.13957855105400085,0.041259363293647766
546,0,0,0,0.02190815471112728,0.978091835975647,0,1,0,1,0.9998605847358704,0.9877688884735107,0.8624333739280701,0.012306527146558492,0.14799738068000218,0.7039551734924316,0.29604482650756836,0.8624333739280701,0.8251398876309395
547,0,0,0,0.02190265990793705,0.9780973196029663,0,1,0,1,0.9998757839202881,0.999028205871582,0.9343961477279663,0.0009722666264706742,0.06785478963931169,0.6318250298500061,0.36817502975463867,0.9343961477279663,0.9189226888120174
548,25,25,25,0.02187025360763073,0.9781297445297241,25,1,25,1,0.9998394250869751,0.985931396484375,0.8518214225769043,0.014168504402189024,0.16037837203596556,0.5345795750617981,0.4654204249382019,0.8518214225769043,0.8261884916573763
549,17,17,17,0.021817808970808983,0.9781821966171265,17,1,17,1,0.9989098310470581,0.9330108165740967,0.9240956902503967,0.06933848487498924,0.07893965182545759,0.6898338198661804,0.31016620993614197,0.9240956902503967,0.8842789381742477
550,11,11,20,0.021839076653122902,0.9781609177589417,20,0,20,0,0.2564917802810669,0.17227105796337128,0.1182098239660263,1.7586861242333116,2.135294064384091,0.16224350035190582,0.8377564549446106,0.4991775453090668,0.38096772134304047
551,27,27,27,0.023857062682509422,0.976142942905426,27,1,27,1,0.9958626627922058,0.9134838581085205,0.7396679520606995,0.09048957369948653,0.30155390691740597,0.6182305216789246,0.38176947832107544,0.7396679520606995,0.612246111035347
552,6,4,4,0.023754434660077095,0.9762455821037292,4,0,4,0,0.7834557890892029,0.012025912292301655,0.021547507494688034,4.420691599564343,3.8374951306210825,0.5484467148780823,0.4515532851219177,0.5612942576408386,0.38176627457141876
553,19,5,19,0.026869669556617737,0.9731303453445435,19,1,19,1,0.1970953792333603,0.5088937878608704,0.23422062397003174,0.6755159524556262,1.4514917703377446,0.8940701484680176,0.10592980682849884,0.23422062397003174,0.071443110704422
554,11,11,11,0.023770499974489212,0.9762294888496399,11,1,11,1,0.9478208422660828,0.6540852189064026,0.5165069103240967,0.4245176318755549,0.6606666113752608,0.4792559742927551,0.5207440853118896,0.5165069103240967,0.40429388731718063
555,4,4,19,0.024203944951295853,0.9757960438728333,19,0,19,0,0.3955674171447754,0.14994275569915771,0.20968987047672272,1.8975016863969172,1.5621256470730116,0.7717954516410828,0.22820453345775604,0.22480997443199158,0.01512010395526886
556,10,10,10,0.026641158387064934,0.9733588695526123,10,1,10,1,0.9914578199386597,0.9932470917701721,0.9167041778564453,0.006775812285501247,0.08697045652894289,0.6410561203956604,0.358943909406662,0.9167041778564453,0.9001598469913006
557,26,26,8,0.02644701488316059,0.9735530018806458,8,0,8,0,0.06005460396409035,0.025210605934262276,0.08274392038583755,3.680490502598634,2.4920047370815444,0.05251109227538109,0.9474889039993286,0.48273080587387085,0.3999868854880333
558,22,22,19,0.035861995071172714,0.9641380310058594,19,0,5,0,0.4660016894340515,0.11844596266746521,0.06373710930347443,2.1332984336567176,2.752988322394517,0.6677424907684326,0.3322575092315674,0.25239720940589905,0.05512911081314087
559,3,3,6,0.039026036858558655,0.9609739780426025,6,0,3,1,0.9488741755485535,0.3980783224105835,0.46933287382125854,0.9211065030819664,0.7564430100067613,0.600845456123352,0.39915457367897034,0.46933287382125854,0.11793330311775208
560,25,25,25,0.03971531242132187,0.9602847099304199,25,1,25,1,0.9690048694610596,0.75140780210495,0.5272982120513916,0.28580676247196785,0.6399890232130933,0.39264315366744995,0.60735684633255,0.5272982120513916,0.36232587695121765
561,24,24,24,0.03979786857962608,0.960202157497406,24,1,24,1,0.9994556903839111,0.9637293219566345,0.9240588545799255,0.03694481015149877,0.07897951393610099,0.6582852602005005,0.3417147397994995,0.9240588545799255,0.8894410021603107
562,26,26,26,0.03986753150820732,0.9601324796676636,26,1,26,1,0.9999997615814209,0.9986010789871216,0.9663974046707153,0.001399900416390551,0.034180137369435926,0.7172049283981323,0.28279510140419006,0.9663974046707153,0.9608869617804885
563,21,21,21,0.039869360625743866,0.9601306319236755,21,1,21,1,0.9985969662666321,0.9273467063903809,0.7744863033294678,0.07542777428912077,0.2555553038142302,0.5136964321136475,0.4863035976886749,0.7744863033294678,0.6847764104604721
564,15,15,15,0.03988460451364517,0.960115373134613,15,1,15,1,0.7943978309631348,0.48738959431648254,0.4339507520198822,0.7186914873901211,0.834824225929029,0.8672265410423279,0.13277341425418854,0.4339507520198822,0.23289313912391663
565,15,15,20,0.041371434926986694,0.9586285948753357,20,0,15,1,0.10685741901397705,0.0862920731306076,0.19627809524536133,2.450017537595721,1.628222772080186,0.959559440612793,0.040440551936626434,0.19627809524536133,0.03154994547367096
566,7,26,14,0.04787645488977432,0.9521235227584839,14,0,14,0,0.46088746190071106,0.2335389256477356,0.173062264919281,1.4544065106374524,1.7541038364092296,0.8155182003974915,0.18448176980018616,0.34897366166114807,0.06087735295295715
567,12,8,16,0.047678980976343155,0.9523209929466248,16,0,16,0,0.1604650914669037,0.03190436214208603,0.02559989131987095,3.4450125342739635,3.6651671728231725,0.03984775021672249,0.9601522088050842,0.36506208777427673,0.26230688393116
568,6,0,6,0.05041641369462013,0.9495835900306702,6,1,6,1,0.09647369384765625,0.8143525123596191,0.48839032649993896,0.20536194485696932,0.7166403434529205,0.020986592397093773,0.9790134429931641,0.48839032649993896,0.3152313232421875
569,18,18,25,0.0430808924138546,0.9569191336631775,25,0,25,0,0.13201001286506653,0.09949006140232086,0.11716476827859879,2.3076975252102794,2.144174058989405,0.25152599811553955,0.7484740018844604,0.3989318907260895,0.2817671224474907
570,3,15,6,0.04679141938686371,0.9532085657119751,6,0,15,0,0.0364084467291832,0.0382709763944149,0.06337831169366837,3.2630634665589087,2.758633562914668,0.8355974555015564,0.16440251469612122,0.14343629777431488,0.020368024706840515
571,17,17,17,0.04322552680969238,0.9567744731903076,17,1,17,1,0.9998827576637268,0.9768919348716736,0.924822211265564,0.023379242195508385,0.07815376398050314,0.49060356616973877,0.5093963742256165,0.924822211265564,0.909517296589911
572,6,6,6,0.04321753606200218,0.9567824602127075,6,1,6,1,0.7767689824104309,0.5558797717094421,0.6052875518798828,0.5872032460470054,0.5020516415034911,0.6523480415344238,0.34765195846557617,0.6052875518798828,0.5141790881752968
573,10,10,10,0.04451558366417885,0.9554843902587891,10,1,10,1,0.9999547004699707,0.9860315322875977,0.9211208820343018,0.014066944883145647,0.08216400048789334,0.6813120245933533,0.3186880052089691,0.9211208820343018,0.897852685302496
574,3,3,20,0.04454321041703224,0.9554567933082581,20,0,3,1,0.29927706718444824,0.13708914816379547,0.1937502920627594,1.9871238482541551,1.6411851033291232,0.15777373313903809,0.8422262668609619,0.1937502920627594,0.05510227382183075
575,24,24,10,0.049368347972631454,0.9506316781044006,10,0,24,1,0.22400836646556854,0.2091178596019745,0.5178630948066711,1.5648572644207783,0.6580443673949453,0.8596502542495728,0.14034982025623322,0.5178630948066711,0.25477972626686096
576,5,7,1,0.0537148155272007,0.9462851881980896,1,0,1,0,0.2222200632095337,0.19869033992290497,0.18236687779426575,1.6160077469982044,1.701734808871765,0.3209288418292999,0.6790711283683777,0.21810482442378998,0.03573794662952423
577,5,5,5,0.05191000923514366,0.9480900168418884,5,1,5,1,0.9912737607955933,0.8123877048492432,0.6496256589889526,0.2077775837463621,0.43135899123964866,0.4358366131782532,0.5641633868217468,0.6496256589889526,0.5230416357517242
578,15,15,15,0.051765989512205124,0.9482340216636658,15,1,15,1,0.990749716758728,0.9175572991371155,0.766033947467804,0.08604024962781498,0.26652879238046623,0.26350298523902893,0.7364969849586487,0.766033947467804,0.7109062448143959
579,8,17,8,0.05157114565372467,0.9484288692474365,8,1,8,1,0.0386384092271328,0.9466553926467896,0.7857222557067871,0.05482014574183635,0.24115191324151436,0.018127750605344772,0.9818722605705261,0.7857222557067871,0.748037900775671
580,19,19,19,0.04266287386417389,0.9573371410369873,19,1,19,1,0.9972376823425293,0.8742578625679016,0.5895963907241821,0.13437990957849075,0.5283170596926023,0.6121314764022827,0.3878684937953949,0.5895963907241821,0.4860859364271164
581,6,21,24,0.042944665998220444,0.9570553302764893,24,0,24,0,0.18710672855377197,0.029133474454283714,0.037525489926338196,3.5358674410319404,3.2827348455494874,0.43479180335998535,0.5652081966400146,0.27867886424064636,0.18956877291202545
582,13,13,13,0.04699435830116272,0.9530056118965149,13,1,13,1,0.9695156216621399,0.6912128329277039,0.6528124213218689,0.3693074955076612,0.4264654477530495,0.6608794927597046,0.3391205370426178,0.6528124213218689,0.575163833796978
583,22,22,25,0.047863733023405075,0.9521362781524658,25,0,22,1,0.6373011469841003,0.32334059476852417,0.18193860352039337,1.1290490383580145,1.7040859921129325,0.675630509853363,0.32436951994895935,0.18193860352039337,0.020392104983329773
584,22,22,25,0.04947769269347191,0.9505223035812378,25,0,25,0,0.3170897662639618,0.23595911264419556,0.20006313920021057,1.444096740473949,1.6091222662545448,0.28776875138282776,0.7122312784194946,0.3121381998062134,0.11207506060600281
585,3,6,3,0.053389210253953934,0.9466108083724976,6,0,3,1,0.9267621636390686,0.44489535689353943,0.43127259612083435,0.8099161775169361,0.8410149152072973,0.7840291261672974,0.21597088873386383,0.43127259612083435,0.09259191155433655
586,17,17,27,0.05238615721464157,0.9476138353347778,27,0,27,0,0.4343235194683075,0.11885394155979156,0.25757330656051636,2.1298599215711067,1.3564509137217147,0.6171784400939941,0.38282158970832825,0.6139861345291138,0.3564128279685974
587,11,20,20,0.05788083374500275,0.9421191811561584,20,0,20,0,0.960507333278656,0.1318453997373581,0.060225825756788254,2.026125256913942,2.809654019379048,0.8743588924407959,0.12564106285572052,0.5374979376792908,0.4750974476337433
588,7,7,7,0.05455392971634865,0.9454460740089417,7,1,7,1,0.9389023780822754,0.6804068684577942,0.6735875606536865,0.3850643237762346,0.395137283187591,0.8739785552024841,0.12602145969867706,0.6735875606536865,0.5927491784095764
589,13,4,13,0.0551624558866024,0.9448375701904297,13,1,13,1,0.007869861088693142,0.920416533946991,0.8580923080444336,0.08292895711114147,0.15304360014766769,0.03894504904747009,0.9610549807548523,0.8580923080444336,0.8137662522494793
590,11,15,4,0.04135623201727867,0.9586437940597534,4,0,4,0,0.007635411806404591,0.054673321545124054,0.08096442371606827,2.906379411653685,2.513745434174021,0.9865078926086426,0.013492163270711899,0.4809420108795166,0.25333067774772644
591,0,0,0,0.040190380066633224,0.9598096013069153,0,1,0,1,0.9999999403953552,0.9997199773788452,0.9593223333358765,0.0002800618348096088,0.04152814656206004,0.5706685781478882,0.42933139204978943,0.9593223333358765,0.9552443134598434
592,26,26,27,0.04018953815102577,0.9598104357719421,27,0,9,0,0.06701488047838211,0.06718464940786362,0.09925781190395355,2.7003104889780674,2.3100346531525227,0.5798744559288025,0.4201255738735199,0.15546469390392303,0.0003260970115661621
593,13,13,13,0.04765908420085907,0.9523409008979797,13,1,13,1,0.9984356760978699,0.938746452331543,0.8886292576789856,0.06320985505176657,0.11807516343268884,0.6877056956291199,0.31229424476623535,0.8886292576789856,0.856866467744112
594,21,21,21,0.047749895602464676,0.9522501230239868,21,1,21,1,0.9999935030937195,0.9980524778366089,0.9337915182113647,0.0019494210504965828,0.06850207957568796,0.5730631351470947,0.4269368350505829,0.9337915182113647,0.9168715197592974
595,7,8,8,0.0477343313395977,0.9522656798362732,8,0,8,0,0.7864857316017151,0.04985148087143898,0.043589696288108826,2.9987070764670958,3.132934480223215,0.07935428619384766,0.9206457138061523,0.7946943044662476,0.7425746954977512
596,10,10,10,0.05415751412510872,0.9458425045013428,10,1,10,1,0.9999988079071045,0.9982678890228271,0.9664468765258789,0.001733612815876231,0.034128946639116205,0.6789754033088684,0.3210245668888092,0.9664468765258789,0.9568631993606687
597,17,17,17,0.05415636673569679,0.9458436369895935,17,1,17,1,0.9999785423278809,0.9561320543289185,0.928105354309082,0.04485924332688167,0.07461002428948803,0.6163761615753174,0.3836239278316498,0.928105354309082,0.8898013681173325
598,15,15,15,0.05414392426609993,0.9458560943603516,15,1,15,1,0.9999957084655762,0.9929654002189636,0.9221223592758179,0.0070594592308641044,0.08107735351953144,0.5011300444602966,0.49887001514434814,0.9221223592758179,0.9108935324475169
599,16,16,16,0.05415980890393257,0.9458401799201965,16,1,16,1,0.9981565475463867,0.9131047129631042,0.6887667775154114,0.09090471387595114,0.3728525594426791,0.5804906487464905,0.41950932145118713,0.6887667775154114,0.5959262102842331
600,8,8,8,0.05436737462878227,0.9456326365470886,8,1,8,1,0.996720552444458,0.9931498169898987,0.9057621359825134,0.006873753215556273,0.0989785504752803,0.5970260500907898,0.40297386050224304,0.9057621359825134,0.8854825478047132
601,0,0,0,0.05407869070768356,0.9459213018417358,0,1,0,1,1.0,0.9998866319656372,0.9759692549705505,0.00011337446100412233,0.024324194119977004,0.44380855560302734,0.5561914443969727,0.9759692549705505,0.9726776808965951
602,0,0,0,0.05407851189374924,0.9459214806556702,0,1,0,1,0.999839723110199,0.966597855091095,0.6727522015571594,0.03397273859793262,0.3963782169060662,0.725060224533081,0.2749398350715637,0.6727522015571594,0.6344832181930542
603,18,18,18,0.05401831492781639,0.9459816813468933,18,1,18,1,0.7418177127838135,0.5745928883552551,0.28377848863601685,0.5540935092012266,1.2595613147469609,0.6751155257225037,0.3248845040798187,0.28377848863601685,0.10616414248943329
604,13,13,13,0.051899876445531845,0.9481001496315002,13,1,13,1,0.9766808152198792,0.5622652769088745,0.5561442971229553,0.5757815174867162,0.5867274912033528,0.9541429281234741,0.04585711658000946,0.5561442971229553,0.5022054612636566
605,11,11,11,0.052921466529369354,0.94707852602005,11,1,11,1,0.9309695959091187,0.5753752589225769,0.4600571393966675,0.5527328268381817,0.7764045811334629,0.5883099436759949,0.4116900563240051,0.4600571393966675,0.3535598888993263
606,20,20,20,0.05409115180373192,0.9459088444709778,20,1,20,1,0.7704648375511169,0.39832860231399536,0.47668659687042236,0.9204779803911631,0.7408960336541044,0.9815794229507446,0.018420619890093803,0.47668659687042236,0.3652714714407921
607,9,27,9,0.05672553926706314,0.9432744383811951,9,1,9,1,0.24030958116054535,0.9178197979927063,0.5513006448745728,0.08575420611360622,0.5954749836527868,0.8587003946304321,0.14129966497421265,0.5513006448745728,0.4028933644294739
608,16,16,16,0.05172470211982727,0.9482753276824951,16,1,16,1,0.927710235118866,0.6096270084381104,0.5170865654945374,0.4949079704105188,0.6595449803960183,0.834494948387146,0.16550502181053162,0.5170865654945374,0.3962980657815933
609,27,27,27,0.05302831903100014,0.9469716548919678,27,1,27,1,0.9916431307792664,0.9168819189071655,0.7482378482818604,0.08677658392967891,0.29003437256581893,0.6115062832832336,0.38849368691444397,0.7482378482818604,0.6707197725772858
610,16,0,16,0.05289175361394882,0.947108268737793,16,1,16,1,0.11928117275238037,0.8110339045524597,0.5186158418655396,0.2094454198805651,0.6565918589751804,0.03273136541247368,0.9672685861587524,0.5186158418655396,0.4294266104698181
611,24,24,25,0.04634400084614754,0.953656017780304,25,0,24,1,0.349698930978775,0.2417466640472412,0.5164501667022705,1.4198649439280537,0.6607764777446294,0.8908700346946716,0.10912997275590897,0.5164501667022705,0.36234796047210693
612,16,0,16,0.049966029822826385,0.950033962726593,16,1,16,1,0.05803989619016647,0.9217441082000732,0.648694634437561,0.08148763386002522,0.4327931900512868,0.01483908575028181,0.9851609468460083,0.648694634437561,0.5929521434009075
613,15,15,15,0.04154830053448677,0.9584516882896423,15,1,15,1,0.9999956488609314,0.9941757321357727,0.9260162711143494,0.005841295058453367,0.07686347309254737,0.5403353571891785,0.45966464281082153,0.9260162711143494,0.9145280849188566
614,3,3,3,0.041553691029548645,0.9584463238716125,3,1,3,1,0.726096510887146,0.39394301176071167,0.5498021841049194,0.9315490203468453,0.5981967307144671,0.2852022647857666,0.7147977352142334,0.5498021841049194,0.41205962002277374
615,11,11,16,0.04349736124277115,0.9565026164054871,16,0,15,0,0.21131324768066406,0.047471508383750916,0.07282225787639618,3.0476255714076066,2.6197336304480774,0.17209090292453766,0.8279090523719788,0.19752837717533112,0.04402732849121094
616,4,4,4,0.05104660987854004,0.94895339012146,4,1,4,1,0.9917312860488892,0.5217212438583374,0.4340561032295227,0.6506218493336646,0.8345814831222857,0.6046829223632812,0.39531704783439636,0.4340561032295227,0.2058417797088623
617,6,0,6,0.05133296921849251,0.948667049407959,6,1,3,0,0.21492648124694824,0.3226207196712494,0.1764475405216217,1.1312778882262566,1.734731667628324,0.11178900301456451,0.8882109522819519,0.29350101947784424,0.11705347895622253
618,26,26,26,0.04392009228467941,0.95607990026474,26,1,26,1,0.9764550924301147,0.6758464574813843,0.6695981621742249,0.39178936264126224,0.40107750447278734,0.7861321568489075,0.21386785805225372,0.6695981621742249,0.6072810143232346
619,15,15,15,0.044791851192712784,0.9552081227302551,15,1,15,1,0.9999301433563232,0.980024516582489,0.8892709016799927,0.020177690709530238,0.11735336358865688,0.5103163123130798,0.4896836578845978,0.8892709016799927,0.8615923002362251
620,4,4,11,0.04480962082743645,0.9551903605461121,11,0,11,0,0.4136463403701782,0.12808702886104584,0.15380840003490448,2.0550453331217104,1.8720476067901637,0.4965623617172241,0.5034376382827759,0.27252450585365295,0.048889026045799255
621,10,10,10,0.04940406233072281,0.9505959153175354,10,1,10,1,0.9986077547073364,0.9470468163490295,0.8826924562454224,0.05440675053539369,0.12477843321947445,0.751288115978241,0.24871192872524261,0.8826924562454224,0.8329279907047749
622,15,15,11,0.04953021556138992,0.9504697918891907,11,0,15,1,0.24619081616401672,0.18921642005443573,0.397990345954895,1.664863839373052,0.9213275303866266,0.960224449634552,0.03977562487125397,0.397990345954895,0.13962751626968384
623,7,7,7,0.05423939228057861,0.9457606077194214,7,1,7,1,0.9111261963844299,0.9783193469047546,0.8702271580696106,0.021919131669367698,0.13900100018506392,0.5473260879516602,0.45267391204833984,0.8702271580696106,0.7998357266187668
624,15,15,15,0.05305706337094307,0.946942925453186,15,1,15,1,0.9647006988525391,0.6415324807167053,0.5918106436729431,0.4438954637581779,0.5245685539243926,0.6757591962814331,0.3242407441139221,0.5918106436729431,0.5229196920990944
625,17,17,27,0.05337226763367653,0.9466277360916138,27,0,27,0,0.3934432566165924,0.20159684121608734,0.3034513294696808,1.601485411478672,1.1925340455278608,0.335028737783432,0.6649712920188904,0.4979296028614044,0.19447827339172363
626,2,23,2,0.056000206619501114,0.9439997673034668,2,1,2,1,0.0016156508354470134,0.9262713193893433,0.6608936190605164,0.07658808575214371,0.41416239147665984,0.7222912311553955,0.2777087390422821,0.6608936190605164,0.4967208355665207
627,14,17,14,0.03975197672843933,0.9602480530738831,14,1,14,1,0.5632405877113342,0.9177868366241455,0.6478042006492615,0.08579011943832704,0.4341667877811199,0.9011690616607666,0.09883096814155579,0.6478042006492615,0.5157986730337143
628,2,6,2,0.037790555506944656,0.9622094631195068,2,1,2,1,0.21192309260368347,0.46075913310050964,0.24699760973453522,0.7748798603812189,1.3983766195891008,0.6234878897666931,0.3765121102333069,0.24699760973453522,0.04587072134017944
629,9,27,14,0.034788768738508224,0.9652112126350403,14,0,14,0,0.15694616734981537,0.2974373996257782,0.20727099478244781,1.2125514975641025,1.573728188372688,0.9088420867919922,0.09115792065858841,0.33476847410202026,0.12749747931957245
630,17,17,17,0.032889142632484436,0.9671108722686768,17,1,17,1,0.9982450008392334,0.9695379734039307,0.9119309186935425,0.03093563703766842,0.09219103882331237,0.6858085989952087,0.3141913414001465,0.9119309186935425,0.8844729866832495
631,10,10,24,0.032694000750780106,0.9673060178756714,24,0,24,0,0.21590816974639893,0.20092891156673431,0.23687860369682312,1.6048041072777308,1.4402074897653472,0.37022560834884644,0.6297744512557983,0.5664249658584595,0.32954636216163635
632,5,7,5,0.03557523712515831,0.9644247889518738,5,1,5,1,0.5746679902076721,0.8623831868171692,0.5657283663749695,0.14805557482314438,0.5696412340419122,0.7746638059616089,0.22533616423606873,0.5657283663749695,0.45468077808618546
633,25,25,25,0.03375043347477913,0.9662495851516724,25,1,25,1,0.8999348282814026,0.5789878964424133,0.44708961248397827,0.5464737058721751,0.8049962291054109,0.9110991954803467,0.08890075981616974,0.44708961248397827,0.1782989501953125
634,12,12,12,0.034449756145477295,0.9655502438545227,12,1,12,1,0.9979708790779114,0.9868069291114807,0.8191431760787964,0.013280872552357579,0.19949639224095417,0.7182784676551819,0.2817215919494629,0.8191431760787964,0.7795057184994221
635,21,21,21,0.0342613123357296,0.9657387137413025,21,1,21,1,0.9999982714653015,0.9978675246238708,0.9466857314109802,0.002134752339365303,0.05478809788336249,0.7443362474441528,0.2556636929512024,0.9466857314109802,0.9320488972589374
636,2,2,22,0.034259431064128876,0.9657405614852905,22,0,22,0,0.48995542526245117,0.2182125300168991,0.15977223217487335,1.5222857827731384,1.8340060268637282,0.6942492723464966,0.30575066804885864,0.19740097224712372,0.037628740072250366
637,27,17,17,0.03650524094700813,0.9634947776794434,17,0,17,0,0.9980512261390686,0.03389671444892883,0.02592528983950615,3.3844371882033273,3.652536345005949,0.7413235306739807,0.2586764991283417,0.7806259393692017,0.7389775104820728
638,4,15,4,0.03546033427119255,0.964539647102356,4,1,4,1,0.3150894343852997,0.41630852222442627,0.483735054731369,0.8763286536373286,0.726217929727551,0.9392498135566711,0.06075020506978035,0.483735054731369,0.35753971338272095
639,5,1,5,0.03468773141503334,0.9653122425079346,5,1,5,1,0.054999664425849915,0.8409324884414673,0.5379615426063538,0.1732438975685639,0.6199682035196468,0.9555168151855469,0.044483184814453125,0.5379615426063538,0.3826063424348831
640,3,3,11,0.03003474324941635,0.9699652791023254,11,0,3,1,0.4172085225582123,0.23577150702476501,0.44702956080436707,1.4448921335287943,0.8051305550017691,0.540256679058075,0.45974335074424744,0.44702956080436707,0.2548428773880005
641,7,7,7,0.03203057125210762,0.9679694175720215,7,1,7,1,0.9999573230743408,0.9911051988601685,0.9702072739601135,0.008934596037708487,0.030245545817026008,0.6606689095497131,0.33933112025260925,0.9702072739601135,0.9612477654591203
642,0,0,0,0.0320335291326046,0.9679664969444275,0,1,0,1,0.999998927116394,0.9997252821922302,0.9675121307373047,0.00027475554961912534,0.03302731592703084,0.44822436571121216,0.5517756342887878,0.9675121307373047,0.9635644406080246
643,9,5,9,0.032027337700128555,0.9679726362228394,9,1,9,1,0.14590317010879517,0.6336537599563599,0.40813541412353516,0.4562525936653722,0.8961562622821151,0.9148553609848022,0.08514460921287537,0.40813541412353516,0.34023284167051315
644,24,24,24,0.027015818282961845,0.9729841947555542,24,1,24,1,0.8530799746513367,0.5391778349876404,0.5968733429908752,0.6177098274477325,0.5160503438919378,0.8232177495956421,0.1767822653055191,0.5968733429908752,0.507738932967186
645,8,9,12,0.027855953201651573,0.9721440672874451,12,0,12,0,0.05823967605829239,0.2685602307319641,0.22435759007930756,1.3146800671657903,1.4945141157113866,0.008567985147237778,0.9914319515228271,0.3985975384712219,0.17423994839191437
646,0,0,0,0.026319369673728943,0.9736806154251099,0,1,0,1,0.9999997615814209,0.9998480677604675,0.9720907807350159,0.00015194378240434642,0.02830608306489828,0.45923691987991333,0.5407630801200867,0.9720907807350159,0.9687699791975319
647,10,10,10,0.0263176541775465,0.9736823439598083,10,1,10,1,0.9873626232147217,0.693210244178772,0.51677006483078,0.36642194315009463,0.6601572522804577,0.7896212935447693,0.2103787511587143,0.51677006483078,0.4595942758023739
648,11,11,16,0.026773909106850624,0.9732260704040527,16,0,22,0,0.028758613392710686,0.022258935496211052,0.05813433602452278,3.8050117556523833,2.844998808195856,0.6940118074417114,0.3059881627559662,0.10663355141878128,0.007515579462051392
649,15,15,15,0.0339013934135437,0.9660986065864563,15,1,15,1,0.9999839663505554,0.9871734380722046,0.9087816476821899,0.012909532521799544,0.09565042523082674,0.5578022003173828,0.4421977400779724,0.9087816476821899,0.8936366233974695
650,15,15,15,0.03390692174434662,0.9660930633544922,15,1,15,1,0.9974780082702637,0.8776564002037048,0.7535249590873718,0.13050010567350592,0.28299313726063535,0.46201345324516296,0.5379865765571594,0.7535249590873718,0.7090664431452751
651,0,0,0,0.03412485867738724,0.9658751487731934,0,1,0,1,0.9994944334030151,0.9578931927680969,0.7801768183708191,0.0430189970303833,0.24823469476984605,0.5378994345664978,0.4621005356311798,0.7801768183708191,0.7143197953701019
652,9,9,9,0.034116972237825394,0.9658830165863037,9,1,9,1,0.9712165594100952,0.7377229928970337,0.6131570935249329,0.30418687322050225,0.489134105853119,0.5287380814552307,0.4712618887424469,0.6131570935249329,0.5196164920926094
653,13,13,13,0.034263405948877335,0.9657365679740906,13,1,13,1,0.9399489164352417,0.8842189311981201,0.7901145219802856,0.12305058728072094,0.23557737949540514,0.6278716325759888,0.37212836742401123,0.7901145219802856,0.7398902103304863
654,2,2,2,0.033673353493213654,0.9663266539573669,2,1,2,1,0.7307115793228149,0.36883634328842163,0.3068424165248871,0.9974022474466074,1.1814209644009768,0.7916802167892456,0.2083197832107544,0.3068424165248871,0.17542606592178345
655,4,4,4,0.03516777604818344,0.9648322463035583,4,1,4,1,0.9033052921295166,0.9821358323097229,0.9377890825271606,0.018025658085631023,0.06423021397347152,0.4564507007598877,0.5435492992401123,0.9377890825271606,0.9183893799781799
656,15,15,15,0.034419164061546326,0.9655808210372925,15,1,15,1,0.9999994039535522,0.9961580634117126,0.9408184289932251,0.00384933578423599,0.061005113388871525,0.7403830289840698,0.2596169114112854,0.9408184289932251,0.928572534583509
657,16,16,16,0.034423161298036575,0.9655768275260925,16,1,16,1,0.9993407726287842,0.9458450675010681,0.7633636593818665,0.055676499769014336,0.27002074344325533,0.553720235824585,0.4462797939777374,0.7633636593818665,0.7067807465791702
658,1,1,1,0.034484442323446274,0.9655155539512634,1,1,5,0,0.6773576140403748,0.4796781539916992,0.23135428130626678,0.7346399124915468,1.463805058046017,0.7476327419281006,0.2523673176765442,0.4356597363948822,0.20430545508861542
659,4,4,11,0.03407098352909088,0.9659290313720703,11,0,4,1,0.6386535167694092,0.294104665517807,0.46988505125045776,1.2238195698356484,0.7552671859981313,0.5526801347732544,0.4473199248313904,0.46988505125045776,0.36347845941782
660,9,27,9,0.0359668955206871,0.9640331268310547,9,1,9,1,0.812791645526886,0.5524064898490906,0.45058268308639526,0.593471109056399,0.7972136825116551,0.8183041214942932,0.18169592320919037,0.45058268308639526,0.09177213907241821
661,25,2,25,0.03439830616116524,0.9656016826629639,25,1,25,1,0.19083547592163086,0.48132047057151794,0.2798008620738983,0.7312219717439131,1.2736771357194114,0.7418396472930908,0.2581603527069092,0.2798008620738983,0.050031036138534546
662,19,1,12,0.030368175357580185,0.9696318507194519,19,1,7,0,0.26988354325294495,0.24622134864330292,0.14766189455986023,1.4015243563862998,1.9128301148776907,0.4388630986213684,0.5611369013786316,0.19290564954280853,0.0452437549829483
663,17,17,16,0.029363783076405525,0.9706361889839172,16,0,16,0,0.001605380792170763,0.030002597719430923,0.12150432169437408,3.506471310421038,2.1078054473330923,0.7789504528045654,0.22104956209659576,0.37703362107276917,0.2555292993783951
664,15,15,15,0.04084119200706482,0.9591587781906128,15,1,15,1,0.999343991279602,0.9382099509239197,0.8437256217002869,0.06378152674462409,0.16992793001246245,0.5976709723472595,0.4023290276527405,0.8437256217002869,0.8028911724686623
665,16,10,25,0.040971461683511734,0.9590285420417786,25,0,25,0,0.45489826798439026,0.16295172274112701,0.09459070861339569,1.8143013015474743,2.358196025365352,0.48523157835006714,0.5147683620452881,0.3062806725502014,0.0007638633251190186
666,10,10,10,0.03906452655792236,0.9609354734420776,10,1,10,1,0.9999383687973022,0.9911224842071533,0.9227982759475708,0.00891715571323622,0.08034462096823385,0.718363881111145,0.28163614869117737,0.9227982759475708,0.9118311135098338
667,2,23,2,0.03900616243481636,0.9609938263893127,2,1,2,1,0.569891631603241,0.8527576327323914,0.597749650478363,0.15927990699650735,0.5145832573726685,0.46814125776290894,0.5318587422370911,0.597749650478363,0.5175550356507301
668,21,21,21,0.03709594905376434,0.9629040360450745,21,1,21,1,0.9408620595932007,0.6865040063858032,0.6155004501342773,0.3761432178322137,0.4853196020268202,0.5299117565155029,0.47008827328681946,0.6155004501342773,0.43797922134399414
669,14,14,14,0.037648994475603104,0.9623510241508484,14,1,14,1,0.9937877058982849,0.8833547830581665,0.7651679515838623,0.12402836625744071,0.2676599246979117,0.6186266541481018,0.38137343525886536,0.7651679515838623,0.6769403517246246
670,21,20,6,0.037836089730262756,0.9621639251708984,6,0,21,1,0.3793979585170746,0.05652882158756256,0.17130953073501587,2.8730046543009533,1.7642832375172601,0.8603059649467468,0.13969404995441437,0.17130953073501587,0.03305070102214813
671,0,0,0,0.04097773879766464,0.9590222835540771,0,1,0,1,0.9999504089355469,0.9985381364822388,0.9191709756851196,0.0014629330827326016,0.08428312857152549,0.5466859936714172,0.45331403613090515,0.9191709756851196,0.9118788079358637
672,9,17,9,0.04090997204184532,0.9590900540351868,9,1,9,1,0.09992150962352753,0.7255361676216125,0.4742372930049896,0.32084435590651134,0.7460474644005364,0.988392174243927,0.011607789434492588,0.4742372930049896,0.2455824911594391
673,17,17,27,0.03450148180127144,0.9654985070228577,27,0,17,1,0.6133995056152344,0.4634983539581299,0.6345676183700562,0.7689524453134288,0.4548114279706687,0.7537958025932312,0.2462042272090912,0.6345676183700562,0.43110425770282745
674,4,4,4,0.034990787506103516,0.9650092124938965,4,1,4,1,0.9885544776916504,0.9631595015525818,0.8859745264053345,0.03753625104181995,0.12106708002589493,0.4378185570240021,0.5621814131736755,0.8859745264053345,0.8687764424830675
675,5,19,5,0.03470449522137642,0.9652954936027527,5,1,5,1,0.10006053000688553,0.45556560158729553,0.37014809250831604,0.7862155516043098,0.9938521034000645,0.6315153241157532,0.3684847056865692,0.37014809250831604,0.26713454723358154
676,6,6,6,0.030796382576227188,0.9692035913467407,6,1,6,1,0.9807029962539673,0.6613125205039978,0.4622102677822113,0.4135287513127514,0.7717353663686773,0.686356782913208,0.3136431872844696,0.4622102677822113,0.2746228873729706
677,7,7,7,0.03130911663174629,0.9686908721923828,7,1,7,1,0.9984163045883179,0.9936969876289368,0.9349023103713989,0.0063229602187342355,0.06731323603816242,0.6968562602996826,0.303143709897995,0.9349023103713989,0.9175897184759378
678,24,24,24,0.031142529100179672,0.96885746717453,24,1,24,1,0.8027717471122742,0.796278178691864,0.667943000793457,0.22780668347000022,0.4035524372396528,0.2393658310174942,0.7606341242790222,0.667943000793457,0.6215807348489761
679,27,27,27,0.029967494308948517,0.9700325131416321,27,1,27,1,0.9193984270095825,0.9320904016494751,0.6379474997520447,0.07032547152251949,0.449499287813154,0.32860422134399414,0.6713957786560059,0.6379474997520447,0.5222708582878113
680,24,24,10,0.029409943148493767,0.9705900549888611,10,0,24,1,0.5302127599716187,0.32666438817977905,0.5636847019195557,1.1188219709698144,0.5732602229544499,0.8898254632949829,0.1101745143532753,0.5636847019195557,0.40506526827812195
681,23,23,15,0.031146278604865074,0.9688537120819092,15,0,15,0,0.18605272471904755,0.0919279083609581,0.14232543110847473,2.3867506138839922,1.9496390751070725,0.5283475518226624,0.47165241837501526,0.15094923973083496,0.00862380862236023
682,10,10,10,0.034866075962781906,0.9651339054107666,10,1,10,1,0.9698145985603333,0.7170702815055847,0.6458941102027893,0.33258142156068116,0.4371197047299999,0.5195468068122864,0.48045316338539124,0.6458941102027893,0.5394874736666679
683,10,10,10,0.03536459431052208,0.96463543176651,10,1,10,1,0.9191476106643677,0.6997132301330566,0.7812280654907227,0.3570846991154102,0.2468881544975439,0.7704706788063049,0.22952933609485626,0.7812280654907227,0.6575298607349396
684,15,15,15,0.03600224852561951,0.9639977812767029,15,1,15,1,0.7204079627990723,0.4051472246646881,0.5337711572647095,0.9035047602415577,0.6277880763214664,0.6794926524162292,0.32050734758377075,0.5337711572647095,0.4073013663291931
685,1,1,1,0.037404075264930725,0.9625959396362305,1,1,1,1,0.7984068989753723,0.8327657580375671,0.5366455912590027,0.18300287919627933,0.6224173813888195,0.16505135595798492,0.8349486589431763,0.5366455912590027,0.4808035269379616
686,7,8,7,0.036273293197155,0.9637266993522644,7,1,7,1,0.7418378591537476,0.8267431259155273,0.674892246723175,0.1902612417414026,0.39320223533673276,0.7743324041366577,0.22566761076450348,0.674892246723175,0.5837620496749878
687,5,5,5,0.03486158326268196,0.9651384353637695,5,1,5,1,0.9032114744186401,0.9557469487190247,0.7795888781547546,0.045262098962084704,0.24898857754239312,0.777550458908081,0.22244955599308014,0.7795888781547546,0.7530407384037971
688,23,23,23,0.03382721170783043,0.9661728143692017,23,1,23,1,0.9897983074188232,0.7570270895957947,0.5372949242591858,0.27835624072157156,0.6212081280457774,0.6369114518165588,0.36308857798576355,0.5372949242591858,0.44383805990219116
689,6,6,6,0.03410613536834717,0.9658938646316528,6,1,6,1,0.868710994720459,0.7198107242584229,0.573207437992096,0.3287669845062348,0.5565076068525485,0.5454346537590027,0.4545653760433197,0.573207437992096,0.4250113368034363
690,8,8,8,0.033870674669742584,0.9661293029785156,8,1,8,1,0.9793781042098999,0.9621127843856812,0.7716009616851807,0.03862359570228697,0.25928775159936895,0.39608457684516907,0.6039154529571533,0.7716009616851807,0.7004458233714104
691,27,27,14,0.033532917499542236,0.9664670825004578,14,0,14,0,0.24326299130916595,0.02884403057396412,0.07458885759115219,3.545852219951618,2.595764144976942,0.6788643002510071,0.3211357593536377,0.524827778339386,0.40560557693243027
692,10,10,10,0.04114994779229164,0.9588500261306763,10,1,10,1,0.7997798919677734,0.8767929673194885,0.6762223839759827,0.13148438366967663,0.3912332866593911,0.6618871092796326,0.33811289072036743,0.6762223839759827,0.6275091245770454
693,4,4,13,0.03975595906376839,0.9602440595626831,13,0,4,1,0.5058996677398682,0.22084537148475647,0.4585041105747223,1.5102924988918125,0.7797860220592354,0.40851855278015137,0.5914813876152039,0.4585041105747223,0.40476541966199875
694,9,27,14,0.04301053658127785,0.9569894671440125,14,0,14,0,0.20297008752822876,0.13430854678153992,0.15900549292564392,2.0076155380024976,1.838816530656466,0.734318196773529,0.26568180322647095,0.41492488980293274,0.2559193968772888
695,7,7,7,0.04236989840865135,0.9576300978660583,7,1,7,1,0.9154833555221558,0.6985592246055603,0.8348574042320251,0.3587353156109239,0.18049434208953485,0.35544994473457336,0.644550085067749,0.8348574042320251,0.765549786388874
696,1,1,1,0.04283308610320091,0.9571669101715088,1,1,1,1,0.7700545787811279,0.7669989466667175,0.48517030477523804,0.26526985093170713,0.7232553058147627,0.3313145637512207,0.6686854362487793,0.48517030477523804,0.4324619546532631
697,19,19,19,0.04077393189072609,0.9592260718345642,19,1,19,1,0.6976838707923889,0.35293418169021606,0.2610734701156616,1.0414736935689388,1.3429534165756205,0.7362884283065796,0.263711541891098,0.2610734701156616,0.13888373225927353
698,1,1,1,0.04300789535045624,0.9569920897483826,1,1,1,1,0.9928274154663086,0.984282910823822,0.8833770155906677,0.015841912253431584,0.12400319828059284,0.72801673412323,0.27198326587677,0.8833770155906677,0.8689956841990352
699,14,12,14,0.042731765657663345,0.957268238067627,14,1,14,1,0.0023095307406038046,0.9273504018783569,0.4193384051322937,0.07542378928482049,0.8690770355529234,0.9822707772254944,0.0177292563021183,0.4193384051322937,0.28678151965141296
700,18,18,18,0.028219548985362053,0.9717804789543152,18,1,18,1,0.9062948226928711,0.5431704521179199,0.23426924645900726,0.6103321001709199,1.4512841991938665,0.7733370065689087,0.2266630083322525,0.23426924645900726,0.121179960668087
701,5,5,5,0.029054168611764908,0.9709458351135254,5,1,5,1,0.9847373366355896,0.924974262714386,0.7857241034507751,0.07798936594936479,0.24114956159396714,0.6589934825897217,0.3410065174102783,0.7857241034507751,0.7340176478028297
702,24,24,24,0.02863338217139244,0.9713666439056396,24,1,24,1,0.9995107054710388,0.9690231084823608,0.9473783373832703,0.03146681961270992,0.05405675408716053,0.6403542160987854,0.3596458435058594,0.9473783373832703,0.9199151694774628
703,8,8,8,0.02867760881781578,0.9713224172592163,8,1,8,1,0.9999958872795105,0.9892961978912354,0.8800739645957947,0.010761499891685383,0.12774932436490574,0.51700359582901,0.48299640417099,0.8800739645957947,0.8506328780204058
704,19,19,19,0.028685081750154495,0.9713149070739746,19,1,19,1,0.9031193256378174,0.8094753623008728,0.5103926658630371,0.21136894202759438,0.6725749164453989,0.7280755043029785,0.2719244658946991,0.5103926658630371,0.3759893923997879
705,7,8,26,0.02816171571612358,0.9718382954597473,26,0,26,0,0.05028896778821945,0.16020800173282623,0.18336138129234314,1.831282297200587,1.6962963122580073,0.9077678918838501,0.09223208576440811,0.5163866281509399,0.3330252468585968
706,25,18,25,0.027803698554635048,0.9721962809562683,25,1,25,1,0.277109295129776,0.4717995524406433,0.27258574962615967,0.7512010606299464,1.2998020368522356,0.43938377499580383,0.5606161952018738,0.27258574962615967,0.1558130830526352
707,13,13,13,0.02672821842133999,0.9732717871665955,13,1,13,1,0.977921724319458,0.8087013959884644,0.7947840690612793,0.21232553266883658,0.22968481246449335,0.8818506598472595,0.11814938485622406,0.7947840690612793,0.6911533325910568
708,14,27,14,0.027009332552552223,0.9729906916618347,14,1,14,1,0.6769739389419556,0.9072941541671753,0.7491635084152222,0.0972885659363427,0.288798016999379,0.6412530541419983,0.3587470054626465,0.7491635084152222,0.6228318214416504
709,17,17,17,0.025902939960360527,0.9740970730781555,17,1,17,1,0.9993670582771301,0.9588609933853149,0.932959794998169,0.04200916415097364,0.0693931712410274,0.7772925496101379,0.22270748019218445,0.932959794998169,0.9027606770396233
710,15,15,15,0.025945020839571953,0.9740549921989441,15,1,15,1,0.9920650720596313,0.7559990286827087,0.6930111646652222,0.27971518761466124,0.3667091692939824,0.7238447666168213,0.2761552035808563,0.6930111646652222,0.6580933704972267
711,13,21,13,0.026293037459254265,0.9737069606781006,13,1,13,1,0.4386218190193176,0.7960181832313538,0.6915708184242249,0.22813325014318767,0.36878972036016255,0.2618463635444641,0.7381536364555359,0.6915708184242249,0.6182722374796867
712,26,26,26,0.024939050897955894,0.9750609397888184,26,1,26,1,1.0,0.9994886517524719,0.9827773571014404,0.0005114790306289078,0.017372677772842345,0.6549786329269409,0.3450213670730591,0.9827773571014404,0.9800313550513238
713,26,26,26,0.024939319118857384,0.9750607013702393,26,1,26,1,0.9999918341636658,0.9877395033836365,0.9176642298698425,0.012336276541699063,0.0859237179381438,0.7207564115524292,0.2792435586452484,0.9176642298698425,0.9079352580010891
714,26,26,26,0.024953477084636688,0.9750465154647827,26,1,26,1,0.9999997615814209,0.9982555508613586,0.9703988432884216,0.0017459724618710494,0.030048113347626196,0.8078542947769165,0.1921456754207611,0.9703988432884216,0.9662887291051447
715,6,6,11,0.02495519071817398,0.9750447869300842,11,0,11,0,0.0029415248427540064,0.02231527678668499,0.1667405217885971,3.802483777362099,1.7913164366498995,0.9376184940338135,0.06238151714205742,0.1746699959039688,0.007929474115371704
716,15,0,15,0.03355371206998825,0.9664462804794312,15,1,15,1,0.49820590019226074,0.9532957673072815,0.8329209685325623,0.047830069535174824,0.1828165170274891,0.036133915185928345,0.963866114616394,0.8329209685325623,0.8052210342139006
717,15,15,20,0.031303972005844116,0.9686960577964783,20,0,11,0,0.43542349338531494,0.042321138083934784,0.05794655159115791,3.162468599451181,2.848234217590643,0.45504361391067505,0.5449563264846802,0.23254479467868805,0.035666123032569885
718,16,16,16,0.03510843217372894,0.9648915529251099,16,1,16,1,0.9999386072158813,0.9885643124580383,0.8863728642463684,0.011501577832240638,0.12061757689818747,0.5944173336029053,0.4055826961994171,0.8863728642463684,0.8439027369022369
719,21,21,21,0.03508463874459267,0.9649153351783752,21,1,21,1,0.9245727062225342,0.9811843633651733,0.8139191269874573,0.01899490296085065,0.2058942705106541,0.6655763983726501,0.33442360162734985,0.8139191269874573,0.7528435178101063
720,14,14,14,0.03419730067253113,0.9658026695251465,14,1,14,1,0.9952916502952576,0.9238792061805725,0.7303006052970886,0.07917394512806966,0.31429904152293897,0.5185759663581848,0.48142409324645996,0.7303006052970886,0.682764183729887
721,12,5,16,0.03407113254070282,0.965928852558136,16,0,16,0,0.24554982781410217,0.34388360381126404,0.1396290510892868,1.06745203987951,1.9687660079453693,0.011466260999441147,0.9885336756706238,0.324741393327713,0.1546197384595871
722,6,3,3,0.03196344152092934,0.9680365324020386,3,0,3,0,0.8947378993034363,0.27452728152275085,0.22980351746082306,1.2927046367315074,1.4705306070665978,0.6868082284927368,0.3131917119026184,0.3060527443885803,0.07624922692775726
723,6,6,6,0.03229309618473053,0.9677069187164307,6,1,6,1,0.941649317741394,0.7982472777366638,0.6291787624359131,0.22533685768223852,0.4633398616481632,0.4380873739719391,0.5619125962257385,0.6291787624359131,0.48197127878665924
724,6,3,6,0.03163159266114235,0.968368411064148,6,1,6,1,0.26640164852142334,0.902996301651001,0.7321680784225464,0.10203682119812237,0.3117451760470435,0.19173501431941986,0.808264970779419,0.7321680784225464,0.5615196973085403
725,23,18,18,0.02922630123794079,0.9707736968994141,18,0,18,0,0.5725117325782776,0.02924519032239914,0.14862032234668732,3.5320401522471805,1.9063603973230754,0.840133786201477,0.15986618399620056,0.21572861075401306,0.003877401351928711
726,10,10,10,0.034345660358667374,0.9656543135643005,10,1,10,1,0.9702109694480896,0.8085013031959534,0.8314833045005798,0.21257298809743924,0.18454405932333987,0.5778545141220093,0.4221455156803131,0.8314833045005798,0.7584780007600784
727,0,0,0,0.03421445190906525,0.965785562992096,0,1,0,1,0.9998942613601685,0.9936733841896057,0.8434481620788574,0.006346713656610605,0.17025683462987445,0.6889432072639465,0.31105682253837585,0.8434481620788574,0.8248806726187468
728,1,26,1,0.034181538969278336,0.965818464756012,1,1,1,1,0.5292009711265564,0.962348997592926,0.8188222646713257,0.038378110745772784,0.19988823373356807,0.1278984546661377,0.8721015453338623,0.8188222646713257,0.7850692942738533
729,10,10,10,0.03213420882821083,0.9678657650947571,10,1,10,1,0.9997970461845398,0.9632548093795776,0.9145892262458801,0.03743730262087774,0.08928024757184548,0.7292718291282654,0.270728200674057,0.9145892262458801,0.8991160290315747
730,5,5,5,0.03219389542937279,0.9678061008453369,5,1,5,1,0.9999973773956299,0.9970278739929199,0.9557621479034424,0.0029765515445931076,0.045246196150588905,0.6484846472740173,0.3515153229236603,0.9557621479034424,0.9417690802365541
731,7,7,7,0.032188426703214645,0.9678115844726562,7,1,7,1,0.9618560075759888,0.9811907410621643,0.9399170279502869,0.018988402983372746,0.06196367575194152,0.6506510972976685,0.34934890270233154,0.9399170279502869,0.9273838335648179
732,23,23,23,0.03178524971008301,0.968214750289917,23,1,23,1,0.9575986862182617,0.5533032417297363,0.4681394100189209,0.5918490701945742,0.7589891427675015,0.5791307687759399,0.42086929082870483,0.4681394100189209,0.3879949375987053
733,7,17,17,0.032539695501327515,0.9674602746963501,17,0,17,0,0.8603274822235107,0.0036193286068737507,0.007659147027879953,5.621466738060154,4.871854655492631,0.7564820051193237,0.24351799488067627,0.8057952523231506,0.674021765589714
734,4,4,4,0.0324755422770977,0.9675244688987732,4,1,4,1,0.999197781085968,0.9820111393928528,0.9305521845817566,0.01815262711476589,0.0719771221706585,0.5209577083587646,0.47904232144355774,0.9305521845817566,0.9238695572130382
735,22,22,13,0.03234626352787018,0.967653751373291,13,0,13,0,0.011231468990445137,0.035637762397527695,0.04985925182700157,3.3343494618093112,2.998551206474608,0.19692082703113556,0.8030791878700256,0.3465074300765991,0.15302427113056183
736,16,0,16,0.0414164662361145,0.9585835337638855,16,1,16,1,0.02829277142882347,0.9362047910690308,0.767751157283783,0.06592103255926503,0.26428961229173514,0.024691453203558922,0.9753085374832153,0.767751157283783,0.7171867601573467
737,15,15,15,0.03434333577752113,0.9656566381454468,15,1,15,1,0.9121116399765015,0.47638046741485596,0.5438219904899597,0.7415384427301625,0.609133309039486,0.5129750967025757,0.4870249629020691,0.5438219904899597,0.4826378747820854
738,8,8,8,0.035662684589624405,0.9643372893333435,8,1,8,1,0.9999890327453613,0.9961175322532654,0.8933094143867493,0.0038900240891482723,0.11282226944400553,0.6420945525169373,0.35790547728538513,0.8933094143867493,0.8742278963327408
739,15,15,15,0.03565213456749916,0.9643478393554688,15,1,15,1,0.9964345693588257,0.9125659465789795,0.8531562089920044,0.0914949259133181,0.15881261930926655,0.6711758971214294,0.32882413268089294,0.8531562089920044,0.802966482937336
740,2,22,2,0.035812586545944214,0.9641873836517334,2,1,2,1,0.09178237617015839,0.913737952709198,0.6821601986885071,0.09021145245464253,0.3824907532845952,0.35372069478034973,0.6462793350219727,0.6821601986885071,0.6172130554914474
741,0,0,0,0.03156555816531181,0.9684344530105591,0,1,0,1,0.8385915160179138,0.9832906126976013,0.8106033802032471,0.016850563974433914,0.20997639479508487,0.7551409006118774,0.24485909938812256,0.8106033802032471,0.7539379484951496
742,4,4,4,0.030492743477225304,0.9695072770118713,4,1,4,1,0.9979420304298401,0.9860368371009827,0.9402475953102112,0.014061564934389948,0.06161203913540181,0.41452696919441223,0.5854730010032654,0.9402475953102112,0.9315466964617372
743,15,15,15,0.030337482690811157,0.9696624875068665,15,1,15,1,0.9984529614448547,0.9859028458595276,0.9288567304611206,0.01419746284528358,0.07380077115588156,0.4184633195400238,0.5815366506576538,0.9288567304611206,0.9133395571261644
744,27,14,27,0.030215861275792122,0.969784140586853,27,1,27,1,0.21551506221294403,0.8102695941925049,0.5601661801338196,0.2103882543556219,0.579521789035622,0.27513572573661804,0.7248643040657043,0.5601661801338196,0.3834046274423599
745,8,8,8,0.02760051004588604,0.9723994731903076,8,1,8,1,0.9308105707168579,0.9848066568374634,0.8218465447425842,0.015309944551612269,0.19620158658181308,0.8172277212142944,0.18277229368686676,0.8218465447425842,0.7674840316176414
746,7,7,7,0.026890186592936516,0.9731098413467407,7,1,7,1,0.9981349110603333,0.937686026096344,0.9118871688842773,0.06434011298567009,0.09223901489019262,0.7128113508224487,0.28718864917755127,0.9118871688842773,0.8845456950366497
747,18,18,23,0.026960058137774467,0.9730399250984192,23,0,23,0,0.30331793427467346,0.1877540647983551,0.17516113817691803,1.6726223385144352,1.7420489391429097,0.43340227007865906,0.5665977597236633,0.3840535283088684,0.20889239013195038
748,27,27,27,0.02939409576356411,0.9706059098243713,27,1,27,1,0.9994849562644958,0.926343560218811,0.7482805848121643,0.07651009779004803,0.2899772579598502,0.5366296172142029,0.4633704125881195,0.7482805848121643,0.6552225947380066
749,8,8,8,0.029443642124533653,0.970556378364563,8,1,8,1,0.9000933170318604,0.6321109533309937,0.5682175159454346,0.4586903411759415,0.5652509829596957,0.6222127079963684,0.3777872622013092,0.5682175159454346,0.3247552514076233
750,17,1,17,0.03009144403040409,0.9699085354804993,17,1,17,1,0.1283264011144638,0.38590294122695923,0.303750216960907,0.9521693887341052,1.191549570053043,0.9780504703521729,0.021949470043182373,0.303750216960907,0.12432555854320526
751,7,7,7,0.028429627418518066,0.9715703725814819,7,1,7,1,0.9774336218833923,0.9913132190704346,0.9157317280769348,0.008724730946516737,0.0880318304822164,0.626112699508667,0.3738873302936554,0.9157317280769348,0.8673549182713032
752,3,3,3,0.028055056929588318,0.9719449281692505,3,1,3,1,0.9850383400917053,0.7685393691062927,0.6959668397903442,0.26326348881036105,0.3624532637621183,0.657089352607727,0.34291064739227295,0.6959668397903442,0.5202599614858627
753,7,7,7,0.028368474915623665,0.9716315269470215,7,1,7,1,0.8972553014755249,0.8600533604621887,0.7601599097251892,0.1507608446103655,0.2742264603011771,0.7804030179977417,0.2195969820022583,0.7601599097251892,0.692134439945221
754,17,7,9,0.027752775698900223,0.9722472429275513,9,0,17,1,0.2195124626159668,0.3381274342536926,0.32255277037620544,1.0843324301357564,1.1314885270585813,0.9347354769706726,0.06526454538106918,0.32255277037620544,0.012581437826156616
755,24,24,24,0.02691769041121006,0.9730823040008545,24,1,24,1,0.9983953833580017,0.9094838500022888,0.8167517185211182,0.09487803818844685,0.2024201244063016,0.5451600551605225,0.45483994483947754,0.8167517185211182,0.7641029767692089
756,10,10,10,0.027041340246796608,0.9729586839675903,10,1,10,1,0.9978570342063904,0.8601952791213989,0.8221114873886108,0.1505958467649767,0.19587926369626238,0.41894668340682983,0.5810533761978149,0.8221114873886108,0.7965933904051781
757,1,12,1,0.02711312100291252,0.972886860370636,1,1,1,1,0.17135703563690186,0.9437376856803894,0.5686171054840088,0.05790702678971232,0.5645479967073456,0.8745608925819397,0.12543907761573792,0.5686171054840088,0.5065657123923302
758,18,18,23,0.024102769792079926,0.9758972525596619,23,0,23,0,0.023396475240588188,0.02808362990617752,0.06285588443279266,3.572568438016177,2.7669107217129434,0.19019494950771332,0.8098049759864807,0.5053424835205078,0.4016704708337784
759,26,26,26,0.03109862096607685,0.9689013957977295,26,1,26,1,0.999941349029541,0.9981487989425659,0.9485604763031006,0.001852916647706903,0.05280973169963557,0.7891018390655518,0.21089811623096466,0.9485604763031006,0.9429839006625116
760,4,13,13,0.03104390949010849,0.9689561128616333,13,0,13,0,0.9862426519393921,0.1268981397151947,0.014699947088956833,2.064370563823976,4.2199113845946155,0.8934271335601807,0.10657285153865814,0.8387007713317871,0.8176485579460859
761,9,27,9,0.02540222369134426,0.9745977520942688,9,1,9,1,0.3302662670612335,0.3835214078426361,0.2192734330892563,0.9583598374573787,1.5174357750406773,0.9820563197135925,0.017943693324923515,0.2192734330892563,0.1065559908747673
762,25,25,25,0.024817045778036118,0.9751829504966736,25,1,25,1,0.9738637208938599,0.673394501209259,0.6565641760826111,0.3954239380009186,0.42073483513105664,0.9697843194007874,0.030215691775083542,0.6565641760826111,0.5912207737565041
763,24,24,10,0.0252800565212965,0.9747199416160583,10,0,10,0,0.0768556222319603,0.09489931911230087,0.36242783069610596,2.354938748183344,1.0149299122428814,0.7344391942024231,0.2655607759952545,0.5973435044288635,0.23491567373275757
764,3,15,3,0.028742443770170212,0.9712575674057007,3,1,11,0,0.13817165791988373,0.388833224773407,0.14811283349990845,0.9446047553827822,1.9097809071756244,0.9755609631538391,0.024438977241516113,0.3174048662185669,0.07967478036880493
765,2,2,2,0.025368092581629753,0.9746319055557251,2,1,2,1,0.9977363348007202,0.977249801158905,0.8316407203674316,0.023012977779131905,0.18435475790628603,0.4455627202987671,0.5544372797012329,0.8316407203674316,0.7876780703663826
766,17,17,9,0.02519434504210949,0.9748056530952454,9,0,17,1,0.6394972205162048,0.3904256522655487,0.640715479850769,0.9405177189544429,0.4451697897881227,0.9489561319351196,0.05104391276836395,0.640715479850769,0.4835047721862793
767,10,10,10,0.026331476867198944,0.9736685156822205,10,1,10,1,0.8938624858856201,0.6187845468521118,0.7893427014350891,0.47999813336151514,0.2365547033446222,0.7703689336776733,0.22963111102581024,0.7893427014350891,0.7026498094201088
768,9,9,9,0.026975398883223534,0.9730246067047119,9,1,9,1,0.6256285309791565,0.929706871509552,0.7236862182617188,0.07288593444346333,0.3233973807324245,0.8095825910568237,0.19041742384433746,0.7236862182617188,0.6707168221473694
769,27,17,27,0.025458641350269318,0.9745413661003113,27,1,27,1,0.025978855788707733,0.9508290886878967,0.669975757598877,0.050420950055903115,0.4005137499399779,0.7538946866989136,0.24610529839992523,0.669975757598877,0.4087267220020294
770,17,1,1,0.019999172538518906,0.9800008535385132,1,0,1,0,0.7555227875709534,0.002369601745158434,0.017050834372639656,6.045033377972941,4.071556139638268,0.181254044175148,0.818746030330658,0.838641345500946,0.820130193606019
771,11,21,23,0.024925701320171356,0.975074291229248,23,0,6,0,0.09601426869630814,0.029575377702713013,0.024928322061896324,3.5208130981861157,3.691750689692713,0.06794680655002594,0.9320531487464905,0.21218222379684448,0.09702173620462418
772,16,16,12,0.022601855918765068,0.977398157119751,12,0,16,1,0.6687369346618652,0.3497745096683502,0.2743570804595947,1.0504665902125294,1.2933248076833506,0.2742217481136322,0.7257782220840454,0.2743570804595947,0.12689542770385742
773,8,8,8,0.02338946983218193,0.976610541343689,8,1,8,1,0.9999760985374451,0.9982975125312805,0.947909414768219,0.0017039383474791684,0.05349633533465664,0.7105897068977356,0.289410263299942,0.947909414768219,0.9366235183551908
774,2,6,2,0.023374851793050766,0.9766251444816589,2,1,2,1,0.0032651645597070456,0.6800004243850708,0.40135112404823303,0.38566185671648706,0.912918613740146,0.6331472992897034,0.366852730512619,0.40135112404823303,0.2802201807498932
775,0,0,0,0.017339736223220825,0.9826602935791016,0,1,0,1,0.9999918937683105,0.9990979433059692,0.9550628066062927,0.0009024637920057656,0.04597817458401295,0.5017262697219849,0.49827373027801514,0.9550628066062927,0.9448559489101171
776,2,2,2,0.017335010692477226,0.9826650023460388,2,1,2,1,0.989366888999939,0.9917718768119812,0.8628111481666565,0.008262161033932297,0.14755944363422563,0.41503700613975525,0.5849630236625671,0.8628111481666565,0.8477744376286864
777,24,24,25,0.017034968361258507,0.9829650521278381,25,0,24,1,0.4973032772541046,0.277263879776001,0.5583893060684204,1.28278559169274,0.5826988787409599,0.9752087593078613,0.02479121834039688,0.5583893060684204,0.437778502702713
778,8,8,8,0.01817241497337818,0.9818275570869446,8,1,8,1,0.9999327063560486,0.9986235499382019,0.9451194405555725,0.0013773982393636619,0.05644396735290666,0.6248100996017456,0.3751899003982544,0.9451194405555725,0.9370864350348711
779,1,12,1,0.01814470812678337,0.9818552732467651,1,1,1,1,0.23222194612026215,0.9732210040092468,0.7253780364990234,0.027144085887615955,0.3210623303708403,0.6711538434028625,0.3288462162017822,0.7253780364990234,0.6843936592340469
780,14,14,14,0.01640135608613491,0.9835986495018005,14,1,14,1,0.971502959728241,0.9205958843231201,0.7705274820327759,0.0827341182551765,0.26067995706729324,0.7070829272270203,0.29291707277297974,0.7705274820327759,0.6713724061846733
781,21,21,21,0.01616915687918663,0.9838308691978455,21,1,21,1,0.9997789859771729,0.9596493244171143,0.8564668297767639,0.04118734831933299,0.1549396896074019,0.6614528298377991,0.3385471701622009,0.8564668297767639,0.8152108117938042
782,8,17,8,0.01619201898574829,0.9838079810142517,8,1,8,1,0.09571273624897003,0.9807054996490479,0.8059175610542297,0.01948306871843241,0.21577382327705985,0.17842356860637665,0.8215764760971069,0.8059175610542297,0.7694482542574406
783,24,24,10,0.013872913084924221,0.9861270785331726,10,0,24,1,0.12892410159111023,0.12538979947566986,0.5555224418640137,2.0763279979860902,0.5878462713233218,0.9095026850700378,0.09049732983112335,0.5555224418640137,0.2223149836063385
784,0,0,0,0.015412131324410439,0.9845878481864929,0,1,0,1,0.9998860955238342,0.9916405081748962,0.8718515634536743,0.008394628329459374,0.13713609496030724,0.6606022119522095,0.33939775824546814,0.8718515634536743,0.8504590298980474
785,6,3,6,0.015394225716590881,0.9846057891845703,6,1,6,1,0.47405824065208435,0.905946671962738,0.7619897723197937,0.0987748356398128,0.2718221455380704,0.1913606971502304,0.8086392879486084,0.7619897723197937,0.613794669508934
786,12,7,8,0.014587041921913624,0.9854129552841187,8,0,8,0,0.14027413725852966,0.16022033989429474,0.13143591582775116,1.8312052867750301,2.0292358782575595,0.35829904675483704,0.6417009234428406,0.40293946862220764,0.2303895354270935
787,15,11,15,0.01099076122045517,0.9890092611312866,15,1,15,1,0.373234361410141,0.9893069267272949,0.930324137210846,0.010750655032576262,0.07222221892360399,0.05833887308835983,0.9416611194610596,0.930324137210846,0.904048964381218
788,10,10,10,0.010187707841396332,0.9898123145103455,10,1,10,1,0.7531003355979919,0.3384441137313843,0.40600237250328064,1.0833963000198468,0.9013962757933387,0.8534786105155945,0.1465214192867279,0.40600237250328064,0.33767908066511154
789,27,27,9,0.01074117049574852,0.9892588257789612,9,0,17,0,0.2667675316333771,0.022011078894138336,0.10103735327720642,3.816209366283549,2.2922649960849864,0.955184817314148,0.04481513798236847,0.32453811168670654,0.042577505111694336
790,27,7,27,0.012976349331438541,0.987023651599884,27,1,27,1,0.04415357485413551,0.9685636162757874,0.7958602905273438,0.03194111292749774,0.22833162295509585,0.086643747985363,0.9133562445640564,0.7958602905273438,0.7471654191613197
791,27,9,27,0.010896817781031132,0.9891031980514526,27,1,27,1,0.7526567578315735,0.9000164866447449,0.7029063701629639,0.1053421973314469,0.3525315821539569,0.16166789829730988,0.8383321762084961,0.7029063701629639,0.5523801296949387
792,0,0,0,0.010551844723522663,0.9894481301307678,0,1,0,1,0.9999881386756897,0.997535228729248,0.9304500222206116,0.0024678138199473085,0.07208691501332598,0.36672958731651306,0.6332704424858093,0.9304500222206116,0.91628981474787
793,0,0,0,0.010548416525125504,0.9894515872001648,0,1,0,1,0.9999997019767761,0.9996109008789062,0.972689688205719,0.0003891748397987927,0.027690170370174214,0.30091592669487,0.6990841031074524,0.972689688205719,0.9677603463642299
794,27,27,0,0.01054714247584343,0.9894528388977051,0,0,27,1,0.3929172158241272,0.2465100735425949,0.3462325930595398,1.4003524200358373,1.0606444954965375,0.9790987968444824,0.020901208743453026,0.3462325930595398,0.17565496265888214
795,10,16,10,0.011290479451417923,0.9887095093727112,10,1,10,1,0.10805938392877579,0.9741631746292114,0.634746789932251,0.026176458951120724,0.4545291156259685,0.8225982785224915,0.17740172147750854,0.634746789932251,0.5047946870326996
796,5,5,5,0.01002069003880024,0.9899793267250061,5,1,5,1,0.9168216586112976,0.9218769669532776,0.7263038754463196,0.0813435058119953,0.31978679050882747,0.6351169347763062,0.36488303542137146,0.7263038754463196,0.6846404559910297
797,3,3,15,0.010037914849817753,0.989962100982666,15,0,15,0,0.13386209309101105,0.09876549243927002,0.092440664768219,2.3150070020451805,2.3811883022537077,0.04081562161445618,0.9591843485832214,0.6618121266365051,0.5693714618682861
798,25,25,25,0.011285524815320969,0.9887144565582275,25,1,25,1,0.991773247718811,0.8239353895187378,0.6579445004463196,0.19366316292518196,0.41863469704039113,0.35523611307144165,0.6447638869285583,0.6579445004463196,0.49849526584148407
799,6,12,6,0.011356721632182598,0.9886432886123657,6,1,6,1,0.13400055468082428,0.5648301839828491,0.34989070892333984,0.5712301523350927,1.0501344334810805,0.9114348888397217,0.08856504410505295,0.34989070892333984,0.25546859949827194
800,27,27,27,0.010295428335666656,0.9897045493125916,27,1,27,1,0.9997672438621521,0.9757004976272583,0.8524294495582581,0.024599606847599924,0.15966483036543713,0.37946635484695435,0.6205336451530457,0.8524294495582581,0.8013988137245178
801,4,4,4,0.010291608981788158,0.9897083640098572,4,1,4,1,0.8197177052497864,0.40733325481414795,0.5527821779251099,0.8981236206826823,0.592791246691819,0.7950161099433899,0.2049838751554489,0.5527821779251099,0.4721679538488388
802,8,8,8,0.010720105841755867,0.9892798662185669,8,1,8,1,0.9746217727661133,0.9743353128433228,0.8316202759742737,0.025999770885242426,0.1843793414120665,0.30853521823883057,0.6914647817611694,0.8316202759742737,0.7798124924302101
803,5,1,18,0.010528468526899815,0.9894715547561646,18,0,22,0,0.1671278476715088,0.042278457432985306,0.05095269903540611,3.1634776032013705,2.976857546518133,0.9829922318458557,0.017007816582918167,0.1366191953420639,0.0182105153799057
804,7,8,17,0.011717683635652065,0.988282322883606,17,0,17,0,0.12164876610040665,0.06695520877838135,0.09698379039764404,2.7037314088499187,2.3332114237457082,0.5560577511787415,0.44394227862358093,0.23395974934101105,0.01390734314918518
805,21,21,21,0.012076903134584427,0.9879230856895447,21,1,21,1,0.9998329281806946,0.9757475852966309,0.8905403017997742,0.024551347639687873,0.11592691978097498,0.5564560890197754,0.4435439109802246,0.8905403017997742,0.8454211466014385
806,21,21,21,0.012089832685887814,0.9879101514816284,21,1,21,1,0.9999985694885254,0.9994854927062988,0.9743554592132568,0.0005146396979960724,0.025979094059320435,0.5624982714653015,0.4375016391277313,0.9743554592132568,0.9695572312921286
807,2,2,2,0.012087213806807995,0.9879127740859985,2,1,2,1,0.9313371181488037,0.5765817761421204,0.5297263264656067,0.5506380999968342,0.6353947709576021,0.8011638522148132,0.19883613288402557,0.5297263264656067,0.44483955949544907
808,10,10,10,0.012403476051986217,0.9875965118408203,10,1,10,1,0.9904839992523193,0.8195341229438782,0.8637692928314209,0.19901924292945491,0.14644956802070833,0.5531272888183594,0.44687265157699585,0.8637692928314209,0.8285870030522346
809,27,8,27,0.012527229264378548,0.9874727725982666,27,1,27,1,0.2517327070236206,0.959118664264679,0.823926568031311,0.041740474251279996,0.19367386951062915,0.28263625502586365,0.7173637747764587,0.823926568031311,0.7789608538150787
810,14,21,14,0.011421377770602703,0.9885786175727844,14,1,14,1,0.3290168046951294,0.35916873812675476,0.29170000553131104,1.0239629782826976,1.2320293831461337,0.7845794558525085,0.21542057394981384,0.29170000553131104,0.18799730390310287
811,6,3,6,0.010814786888659,0.9891852140426636,6,1,6,1,0.6968836784362793,0.5734805464744568,0.5280527472496033,0.5560312636951691,0.6385591001716121,0.19686195254325867,0.803138017654419,0.5280527472496033,0.23822462558746338
812,1,5,22,0.010334508493542671,0.9896655082702637,22,0,5,0,0.17342734336853027,0.10622663050889969,0.054238319396972656,2.2421804435212853,2.914367620399117,0.6788918375968933,0.3211081922054291,0.11950848251581192,0.006681360304355621
813,26,8,26,0.01117300521582365,0.9888269901275635,26,1,26,1,0.200434148311615,0.3132689893245697,0.1653173714876175,1.160693066693515,1.7998881890076037,0.8299537897109985,0.17004619538784027,0.1653173714876175,0.07297243922948837
814,11,15,11,0.010597790591418743,0.9894022345542908,11,1,11,1,0.07612462341785431,0.8887680768966675,0.5343896746635437,0.11791895838470806,0.6266299783094903,0.8904433846473694,0.10955657064914703,0.5343896746635437,0.3986760526895523
815,14,14,14,0.010059637017548084,0.989940345287323,14,1,14,1,0.9700685143470764,0.8716686367988586,0.7647276520729065,0.1373459309638825,0.2682355189045486,0.624398410320282,0.37560153007507324,0.7647276520729065,0.6737643033266068
816,3,11,6,0.010067608207464218,0.9899324178695679,6,0,6,0,0.08001536875963211,0.15001770853996277,0.23312902450561523,1.8970019349209675,1.4561632254382018,0.18321582674980164,0.8167842030525208,0.5719345211982727,0.33880549669265747
817,24,24,24,0.010982608422636986,0.9890173673629761,24,1,24,1,0.7421531677246094,0.27896255254745483,0.4155619442462921,1.2766777264291351,0.8781235921732417,0.8339094519615173,0.16609057784080505,0.4155619442462921,0.31603488326072693
818,11,11,13,0.011714759282767773,0.9882852435112,13,0,6,0,0.27542373538017273,0.08505097776651382,0.04542623460292816,2.4645044638334648,3.091665486138518,0.12005995213985443,0.8799400925636292,0.21895290911197662,0.0009221732616424561
819,12,27,2,0.012765358202159405,0.9872346520423889,2,0,2,0,0.032236166298389435,0.04953361675143242,0.03457196429371834,3.0051037136178342,3.3647122059015366,0.6462255716323853,0.35377445816993713,0.509731113910675,0.41718509793281555
820,1,5,1,0.013098428025841713,0.986901581287384,1,1,1,1,0.5827116370201111,0.9859760999679565,0.9055470824241638,0.01412316405669145,0.09921600695943521,0.030503634363412857,0.9694963693618774,0.9055470824241638,0.8774271514266729
821,25,25,22,0.01254073902964592,0.9874592423439026,22,0,25,1,0.5811942219734192,0.34702256321907043,0.5123236775398254,1.0583654774631441,0.6687986709909592,0.9198462963104248,0.08015374839305878,0.5123236775398254,0.3554573804140091
822,11,11,11,0.013078605756163597,0.9869213700294495,11,1,11,1,0.7465498447418213,0.4542529881000519,0.41509926319122314,0.7891009936316156,0.8792375989398407,0.45166173577308655,0.5483382344245911,0.41509926319122314,0.1281072199344635
823,12,12,12,0.013600211590528488,0.98639976978302,12,1,12,1,0.9355639219284058,0.6236020922660828,0.40096956491470337,0.47224278666289526,0.9138697525242852,0.553583562374115,0.44641637802124023,0.40096956491470337,0.25683197379112244
824,26,26,26,0.01354928594082594,0.986450731754303,26,1,26,1,0.9944509863853455,0.8442076444625854,0.7995024919509888,0.1693567904004121,0.2237656298261954,0.643218457698822,0.35678160190582275,0.7995024919509888,0.7340105399489403
825,7,7,7,0.013664600439369678,0.9863353967666626,7,1,7,1,0.9999759793281555,0.9949826598167419,0.9645691514015198,0.005029969295259128,0.03607375257447981,0.5758213996887207,0.4241785407066345,0.9645691514015198,0.9592464664019644
826,4,4,4,0.013660307973623276,0.9863396883010864,4,1,4,1,0.9940672516822815,0.757458508014679,0.7415801882743835,0.27778651799692594,0.29897197992770674,0.5050058364868164,0.4949941337108612,0.7415801882743835,0.7209574412554502
827,4,4,13,0.013807985931634903,0.986191987991333,13,0,4,1,0.609540581703186,0.2532423436641693,0.47058817744255066,1.3734083686334724,0.7537719253109676,0.2920401096343994,0.7079599499702454,0.47058817744255066,0.3622989282011986
828,6,6,6,0.014738237485289574,0.9852617383003235,6,1,6,1,0.9690818190574646,0.9388644099235535,0.8276265859603882,0.06308420857779592,0.18919320945998613,0.6132225394248962,0.38677752017974854,0.8276265859603882,0.7703828141093254
829,12,14,12,0.014598329551517963,0.9854016900062561,12,1,12,1,0.024168189615011215,0.9176719784736633,0.6542904376983643,0.0859152741404509,0.42420393176563825,0.011952918954193592,0.9880471229553223,0.6542904376983643,0.5677477866411209
830,9,9,9,0.011446728371083736,0.9885532855987549,9,1,9,1,0.9998025894165039,0.9391452670097351,0.7779263257980347,0.06278510778856666,0.2511234562054749,0.4088186025619507,0.5911814570426941,0.7779263257980347,0.7181906178593636
831,3,3,3,0.011437656357884407,0.9885623455047607,3,1,3,1,0.6913676857948303,0.370403528213501,0.36376598477363586,0.9931622508410597,1.0112445170670863,0.10179726779460907,0.8982027173042297,0.36376598477363586,0.11321446299552917
832,0,0,0,0.012001973576843739,0.9879980087280273,0,1,0,1,0.9971543550491333,0.9961247444152832,0.8947747349739075,0.003882783843218029,0.11118328515380574,0.4756855368614197,0.5243144631385803,0.8947747349739075,0.8822908969596028
833,9,27,14,0.0119306156411767,0.9880693554878235,14,0,14,0,0.09987201541662216,0.05797497555613518,0.15123596787452698,2.847743817468312,1.888913960758288,0.8627179861068726,0.13728207349777222,0.6668679714202881,0.5156320035457611
834,18,2,18,0.012622210197150707,0.9873777627944946,18,1,18,1,0.05046803131699562,0.5400331020355225,0.37356144189834595,0.6161248412368069,0.984672784863858,0.8975772261619568,0.1024227887392044,0.37356144189834595,0.20479534566402435
835,15,15,15,0.01033028308302164,0.9896697402000427,15,1,15,1,0.9997748136520386,0.9955037236213684,0.9598161578178406,0.0045064150314728015,0.04101351513223949,0.3756297826766968,0.6243701577186584,0.9598161578178406,0.9529403890483081
836,9,9,9,0.010316863656044006,0.9896831512451172,9,1,9,1,0.99976646900177,0.9814444184303284,0.8800726532936096,0.018729896079173247,0.12775081435690042,0.41588225960731506,0.5841177701950073,0.8800726532936096,0.8646594760939479
837,9,27,9,0.010305596515536308,0.9896944165229797,9,1,9,1,0.16739962995052338,0.9157654643058777,0.6125178337097168,0.08799499042689227,0.490177220726363,0.6764655113220215,0.3235344886779785,0.6125178337097168,0.4638652503490448
838,25,25,25,0.010042145848274231,0.989957869052887,25,1,25,1,0.8140164613723755,0.528925359249115,0.6063122153282166,0.6369079549068326,0.5003602187740462,0.8582413196563721,0.14175863564014435,0.6063122153282166,0.4251811355352402
839,3,16,6,0.01032448373734951,0.9896755218505859,6,0,6,0,0.15072491765022278,0.23225869238376617,0.09350621700286865,1.4599034751477973,2.369727352888701,0.7114717364311218,0.2885282635688782,0.44523903727531433,0.33695098012685776
840,8,26,8,0.01074758917093277,0.9892523884773254,8,1,8,1,0.22805380821228027,0.8179293274879456,0.6452674865722656,0.20097934282580407,0.43809034028992627,0.07118204236030579,0.9288179278373718,0.6452674865722656,0.6003816574811935
841,1,1,1,0.010102725587785244,0.9898972511291504,1,1,1,1,0.9998083710670471,0.9870287775993347,0.9003279805183411,0.013056083338104423,0.10499615924552962,0.6095561981201172,0.3904438316822052,0.9003279805183411,0.8871778314933181
842,26,26,26,0.010096119716763496,0.9899038672447205,26,1,26,1,0.9999973177909851,0.9993596076965332,0.9788859486579895,0.0006405974422021535,0.021340141033742578,0.5235057473182678,0.47649431228637695,0.9788859486579895,0.9766625126358122
843,16,16,10,0.010093518532812595,0.9899064898490906,10,0,10,0,0.016262173652648926,0.025568630546331406,0.24353112280368805,3.6663890481593646,1.412510530238193,0.8937765955924988,0.10622342675924301,0.5815636515617371,0.338032528758049
844,3,3,6,0.01239442266523838,0.9876055717468262,6,0,6,0,0.7147650718688965,0.24202263355255127,0.2334745079278946,1.4187240301221768,1.4546823815894134,0.1521703153848648,0.8478296399116516,0.5388978123664856,0.305423304438591
845,21,21,21,0.012755547650158405,0.9872444272041321,21,1,21,1,0.9999187588691711,0.9971458315849304,0.954622745513916,0.0028582493206512974,0.046439047422137905,0.5609517097473145,0.43904823064804077,0.954622745513916,0.9448979971930385
846,6,6,6,0.012734385207295418,0.9872655868530273,6,1,6,1,0.7324748635292053,0.2779938876628876,0.3704494535923004,1.2801561523573592,0.9930382711042263,0.588054895401001,0.411945104598999,0.3704494535923004,0.2578786611557007
847,26,26,26,0.013204637914896011,0.9867953658103943,26,1,26,1,0.9999995231628418,0.9993454217910767,0.9811307191848755,0.0006547925387746757,0.019049577340911474,0.7848623991012573,0.2151375263929367,0.9811307191848755,0.9791154607664794
848,10,10,10,0.013203859329223633,0.9867961406707764,10,1,10,1,0.9999694228172302,0.9865618944168091,0.9493269324302673,0.01352921406156706,0.05200203766540833,0.6095879673957825,0.3904120624065399,0.9493269324302673,0.939057101495564
849,0,0,0,0.013211362063884735,0.9867886304855347,0,1,0,1,0.9967964291572571,0.9978261590003967,0.9363857507705688,0.0021762072217648134,0.06572776051387318,0.6420762538909912,0.3579237461090088,0.9363857507705688,0.9278106093406677
850,13,15,13,0.013115069828927517,0.9868849515914917,13,1,13,1,0.0065699550323188305,0.6460739970207214,0.29398417472839355,0.43684123528777635,1.2242293405466484,0.6087195873260498,0.3912804424762726,0.29398417472839355,0.10868985950946808
851,26,26,14,0.010243806056678295,0.989756166934967,14,0,26,1,0.12250053137540817,0.11374133825302124,0.38751789927482605,2.1738283712766115,0.9479932395785676,0.9203775525093079,0.07962249219417572,0.38751789927482605,0.05750715732574463
852,10,10,18,0.011449459940195084,0.9885505437850952,10,1,10,1,0.636436939239502,0.3084047734737396,0.5566260814666748,1.1763421592229313,0.5858615724422257,0.8050675392150879,0.19493244588375092,0.5566260814666748,0.4550783485174179
853,11,11,4,0.01213208120316267,0.9878678917884827,4,0,21,0,0.29146498441696167,0.09325919300317764,0.1756976991891861,2.3723726408328645,1.7389903789847527,0.8937743902206421,0.10622561722993851,0.24065421521663666,0.06495651602745056
854,27,17,27,0.013378959149122238,0.9866210222244263,27,1,27,1,0.448310911655426,0.8355802893638611,0.6064229607582092,0.17962883818031006,0.5001775813236213,0.7370948195457458,0.2629051208496094,0.6064229607582092,0.4574352949857712
855,27,27,27,0.012609188444912434,0.9873908162117004,27,1,27,1,0.9065530896186829,0.922379195690155,0.8298492431640625,0.08079886482397505,0.18651122943117432,0.15594877302646637,0.84405118227005,0.8298492431640625,0.7496368288993835
856,13,13,11,0.012282457202672958,0.9877175688743591,11,0,13,1,0.3094851076602936,0.13658888638019562,0.2529478669166565,1.990779694011806,1.3745718711057753,0.9258235692977905,0.0741763710975647,0.2529478669166565,0.0948866605758667
857,24,24,24,0.013534056954085827,0.9864659309387207,24,1,24,1,0.9886260032653809,0.7154945135116577,0.717648983001709,0.33478134806302867,0.33177471108871015,0.6835039854049683,0.3164960443973541,0.717648983001709,0.6729541979730129
858,21,21,21,0.013762839138507843,0.9862371683120728,21,1,21,1,0.8933495879173279,0.5462276935577393,0.5736276507377625,0.604719368998372,0.5557747852488123,0.6516706347465515,0.3483293354511261,0.5736276507377625,0.47938214987516403
859,0,0,0,0.013953831046819687,0.9860461950302124,0,1,0,1,0.9999340176582336,0.9985679388046265,0.9386425614356995,0.0014330875750165164,0.06332053099073043,0.2875737249851227,0.7124263048171997,0.9386425614356995,0.933195449411869
860,21,21,21,0.013938886113464832,0.9860610961914062,21,1,21,1,0.9999465346336365,0.9901657700538635,0.9303073287010193,0.009882905371914772,0.07224028645619716,0.8016451597213745,0.19835489988327026,0.9303073287010193,0.9049824215471745
861,15,15,15,0.013935498893260956,0.9860644936561584,15,1,15,1,0.9997214674949646,0.9565986394882202,0.8969637155532837,0.0443713699738114,0.10873986862970118,0.4270394742488861,0.5729605555534363,0.8969637155532837,0.8762580659240484
862,13,13,13,0.013966202735900879,0.9860337972640991,13,1,13,1,0.7770822644233704,0.3507087528705597,0.5357607007026672,1.0477991638624284,0.62406767151449,0.9766225814819336,0.023377450183033943,0.5357607007026672,0.4097896218299866
863,2,2,2,0.014710883609950542,0.9852890968322754,2,1,2,1,0.8583379983901978,0.7626209259033203,0.6245133280754089,0.27099419172623207,0.47078260764999214,0.5512247085571289,0.4487752914428711,0.6245133280754089,0.5082243159413338
864,16,16,11,0.014242936857044697,0.985757052898407,11,0,16,1,0.5471058487892151,0.23673442006111145,0.27978572249412537,1.440816356637385,1.2737312455933583,0.5550320744514465,0.44496792554855347,0.27978572249412537,0.1529553085565567
865,10,10,10,0.015326225198805332,0.984673798084259,10,1,10,1,0.9999404549598694,0.9954767823219299,0.9736677408218384,0.0045334783797674715,0.026685162056844153,0.6001264452934265,0.3998735845088959,0.9736677408218384,0.9678434217348695
866,3,6,3,0.015300482511520386,0.984699547290802,3,1,3,1,0.5016993880271912,0.8257027864456177,0.524028480052948,0.1915203929179451,0.6462092448919864,0.9264739155769348,0.07352607697248459,0.524028480052948,0.17926883697509766
867,24,24,24,0.014374821446835995,0.9856252074241638,24,1,24,1,0.7362610697746277,0.5234416127204895,0.8424859046936035,0.6473297874218666,0.17139834722957561,0.7668009996414185,0.23319897055625916,0.8424859046936035,0.720142237842083
868,16,16,16,0.014849255792796612,0.9851507544517517,16,1,16,1,0.9763491153717041,0.7794193029403687,0.7208622694015503,0.24920611997367867,0.32730718712751994,0.5225315690040588,0.47746846079826355,0.7208622694015503,0.6600497663021088
869,2,18,2,0.015031995251774788,0.9849680066108704,2,1,2,1,0.004636471159756184,0.9814514517784119,0.8933643102645874,0.018722729781469664,0.11276081907721724,0.07261830568313599,0.927381694316864,0.8933643102645874,0.8344313614070415
870,5,5,5,0.011205356568098068,0.9887946248054504,5,1,5,1,0.9828949570655823,0.9652526378631592,0.8450140953063965,0.035365411012559744,0.16840197092811462,0.6618465185165405,0.3381534516811371,0.8450140953063965,0.8030273392796516
871,8,26,8,0.01108130905777216,0.988918662071228,8,1,8,1,0.10591673851013184,0.9789248108863831,0.8341787457466125,0.021300441355712713,0.18130757615019175,0.18120801448822021,0.8187919855117798,0.8341787457466125,0.7603327631950378
872,6,6,6,0.010016243904829025,0.9899837374687195,6,1,6,1,0.9915236830711365,0.8271892070770264,0.7061228156089783,0.18972182285053618,0.3479660968320558,0.5220909714698792,0.4779090881347656,0.7061228156089783,0.6114362478256226
873,12,12,19,0.010094238445162773,0.9899057745933533,19,0,2,0,0.4462112486362457,0.05940999090671539,0.07595978677272797,2.8232928696743307,2.577551200141413,0.9892276525497437,0.010772391222417355,0.1610669046640396,0.029563605785369873
874,15,15,15,0.011525200679898262,0.9884747862815857,15,1,15,1,0.9964696168899536,0.8538481593132019,0.7991763353347778,0.15800190040081516,0.22417366252816076,0.5320361256599426,0.4679638743400574,0.7991763353347778,0.7658433429896832
875,24,24,24,0.011615338735282421,0.9883846640586853,24,1,24,1,0.9682356119155884,0.6612975001335144,0.7252895832061768,0.41355146453925007,0.32118427876446926,0.6632010340690613,0.33679893612861633,0.7252895832061768,0.6733232997357845
876,18,18,19,0.011857621371746063,0.9881423711776733,19,0,19,0,0.42183417081832886,0.26036855578422546,0.18572764098644257,1.345657129455815,1.6834739741695168,0.7081320881843567,0.2918678820133209,0.39603662490844727,0.2103089839220047
877,24,24,24,0.01261927466839552,0.9873807430267334,24,1,24,1,0.9907878637313843,0.6925464272499084,0.703033983707428,0.3673800002077657,0.35235004736201037,0.7695645689964294,0.23043543100357056,0.703033983707428,0.6661463566124439
878,21,21,21,0.012850917875766754,0.9871490597724915,21,1,21,1,0.9107421040534973,0.6133378148078918,0.6723337769508362,0.488839410321912,0.3970003698784497,0.7522258758544922,0.24777407944202423,0.6723337769508362,0.5013138800859451
879,8,5,8,0.013049566186964512,0.9869504570960999,8,1,8,1,0.24042589962482452,0.6462665796279907,0.5169970989227295,0.43654319835823224,0.6597180158574798,0.03349357470870018,0.9665064215660095,0.5169970989227295,0.3509746640920639
880,21,21,21,0.011932059191167355,0.9880679249763489,21,1,21,1,0.9999974966049194,0.999189019203186,0.9760549068450928,0.0008113098196398549,0.024236437137996274,0.5758147835731506,0.42418521642684937,0.9760549068450928,0.9718623482622206
881,17,17,27,0.011928800493478775,0.9880712032318115,27,0,27,0,0.03398682922124863,0.0327831394970417,0.07713097333908081,3.41784093548009,2.5622503496541555,0.39754149317741394,0.6024584770202637,0.7056540846824646,0.6285231113433838
882,5,7,5,0.013051760382950306,0.9869482517242432,5,1,5,1,0.025957278907299042,0.982088029384613,0.829975426197052,0.01807433168750659,0.1863591856212927,0.7484112977981567,0.2515886425971985,0.829975426197052,0.7255569025874138
883,1,6,1,0.01075119711458683,0.9892488121986389,1,1,1,1,0.2245747148990631,0.9311319589614868,0.6956311464309692,0.0713542728001203,0.3629357211516953,0.3282945156097412,0.6717054843902588,0.6956311464309692,0.6686905417591333
884,14,27,14,0.010037988424301147,0.9899620413780212,14,1,14,1,0.6088300943374634,0.8551743030548096,0.6003831624984741,0.1564499676006602,0.510187223422737,0.8015435934066772,0.19845646619796753,0.6003831624984741,0.4033873826265335
885,14,6,27,0.010075157508254051,0.9899248480796814,27,0,27,0,0.07276469469070435,0.2868238091468811,0.14737987518310547,1.2488871571511655,1.9147418405488843,0.8346085548400879,0.1653914749622345,0.2245609015226364,0.04883958399295807
886,6,5,24,0.010633367113769054,0.9893666505813599,24,0,24,0,0.010925421491265297,0.005083085037767887,0.013091701082885265,5.2818369108190515,4.335776754647452,0.23856104910373688,0.7614389061927795,0.6458212733268738,0.6007750928401947
887,25,25,25,0.013076690956950188,0.986923336982727,25,1,25,1,0.9843223094940186,0.8130513429641724,0.7277562618255615,0.20696101895090344,0.31778909202988825,0.5783675909042358,0.42163240909576416,0.7277562618255615,0.6727809198200703
888,1,1,1,0.01297849602997303,0.9870215058326721,1,1,1,1,0.8882054090499878,0.9630479216575623,0.8047064542770386,0.03765210553786211,0.2172777211376742,0.06115156039595604,0.9388484358787537,0.8047064542770386,0.7774857822805643
889,0,0,0,0.012587102130055428,0.9874128699302673,0,1,0,1,0.995621383190155,0.9964659810066223,0.9050822257995605,0.0035402783900696103,0.09972948217239623,0.6375819444656372,0.36241811513900757,0.9050822257995605,0.8957403730601072
890,1,5,1,0.012389836832880974,0.9876101613044739,1,1,1,1,0.12877623736858368,0.8604695200920105,0.610342264175415,0.15027708511766566,0.49373539035409586,0.3435778319835663,0.6564221978187561,0.610342264175415,0.5531596206128597
891,10,10,10,0.01086015347391367,0.9891398549079895,10,1,10,1,0.9999964237213135,0.9944571852684021,0.9678299427032471,0.005558233129783245,0.03269888616449883,0.9327495098114014,0.06725050508975983,0.9678299427032471,0.9614493399858475
892,3,3,3,0.010861915536224842,0.9891380667686462,3,1,3,1,0.9654184579849243,0.7020055055618286,0.7511911988258362,0.35381403230641206,0.2860950673097588,0.6972934603691101,0.3027065396308899,0.7511911988258362,0.6697137504816055
893,26,26,26,0.01104227639734745,0.9889577031135559,26,1,26,1,0.9999977350234985,0.9995065331459045,0.9847694635391235,0.0004935886489329627,0.015347712371763493,0.7624481916427612,0.23755182325839996,0.9847694635391235,0.9832199651282281
894,0,0,0,0.011038577184081078,0.988961398601532,0,1,0,1,0.9999882578849792,0.999435544013977,0.969208836555481,0.0005646153512756301,0.03127517271083724,0.28321555256843567,0.7167844772338867,0.969208836555481,0.9658019945491105
895,11,2,20,0.01103406772017479,0.9889659285545349,20,0,11,1,0.06865914165973663,0.40680766105651855,0.42151984572410583,0.8994147824960776,0.8638884190801634,0.38955265283584595,0.610447347164154,0.42151984572410583,0.23175200819969177
896,5,5,5,0.010460338555276394,0.9895396828651428,5,1,5,1,0.9821127653121948,0.9962373971939087,0.9488201141357422,0.0037696992022354893,0.052536051410535384,0.5134589076042175,0.4865410625934601,0.9488201141357422,0.9334897734224796
897,3,3,3,0.010355540551245213,0.989644467830658,3,1,3,1,0.9579752683639526,0.7425754070281982,0.7956082224845886,0.2976308551748404,0.22864839710777562,0.3632618486881256,0.636738121509552,0.7956082224845886,0.6939805969595909
898,27,8,9,0.010506315156817436,0.9894936680793762,9,0,9,0,0.03393682464957237,0.2788577079772949,0.11131905019283295,1.2770536345085437,2.195354874584769,0.9717262983322144,0.028273722156882286,0.4499930739402771,0.33867402374744415
899,11,11,11,0.010652369819581509,0.9893476366996765,11,1,11,1,0.973118245601654,0.760569155216217,0.6884373426437378,0.2736882375363969,0.3733309705556503,0.590656578540802,0.409343421459198,0.6884373426437378,0.5518734753131866
900,1,1,1,0.010788720101118088,0.9892112612724304,1,1,1,1,0.9803053140640259,0.9290868043899536,0.8048837780952454,0.07355310600815954,0.21705738702361485,0.5380505323410034,0.4619494676589966,0.8048837780952454,0.7741241212934256
901,5,5,5,0.010698629543185234,0.9893013834953308,5,1,5,1,0.9984789490699768,0.9840255975723267,0.8865313529968262,0.016103368475221577,0.12043878692257741,0.5701807737350464,0.429819256067276,0.8865313529968262,0.8654067497700453
902,0,0,0,0.010630146600306034,0.9893698692321777,0,1,0,1,0.9999905228614807,0.9995471835136414,0.970993161201477,0.00045291903870323173,0.029435853762497056,0.7519561052322388,0.24804389476776123,0.970993161201477,0.9677851046435535
903,11,15,19,0.01062224805355072,0.9893777370452881,19,0,4,0,0.19149063527584076,0.0332341343164444,0.0280079897493124,3.40417778917417,3.575265461321256,0.931557297706604,0.06844273209571838,0.2107815444469452,0.04988504946231842
904,15,11,15,0.011844448745250702,0.9881555438041687,15,1,15,1,0.2379187047481537,0.9054161310195923,0.804039478302002,0.09936062768262566,0.2181069086429783,0.1451520472764969,0.8548479676246643,0.804039478302002,0.7505464106798172
905,4,4,3,0.010865384712815285,0.9891346096992493,3,0,3,0,0.13606932759284973,0.04642299935221672,0.09669572860002518,3.0699602668622186,2.336186049163168,0.2808615565299988,0.7191384434700012,0.39717674255371094,0.18285444378852844
906,15,15,15,0.012604852207005024,0.987395167350769,15,1,15,1,0.9963932037353516,0.8608888387680054,0.7950172424316406,0.14978989001139312,0.22939147596974063,0.35552889108657837,0.6444711685180664,0.7950172424316406,0.7429209984838963
907,2,3,2,0.012699051760137081,0.9873009324073792,2,1,2,1,0.07033160328865051,0.9001777172088623,0.7022770643234253,0.10516307158578746,0.3534272742980094,0.09106303006410599,0.9089369177818298,0.7022770643234253,0.6565793380141258
908,16,16,16,0.01053526159375906,0.9894647598266602,16,1,16,1,0.999962329864502,0.9863753914833069,0.9070777893066406,0.01371827525007072,0.09752706704670053,0.3683234453201294,0.6316765546798706,0.9070777893066406,0.8919032905250788
909,25,25,25,0.010542270727455616,0.9894577264785767,25,1,25,1,0.8354750871658325,0.49995046854019165,0.6748077273368835,0.6932462483866171,0.3933274770764177,0.9220755100250244,0.07792451977729797,0.6748077273368835,0.6117466241121292
910,24,24,24,0.010707478038966656,0.9892925024032593,24,1,24,1,0.8754585981369019,0.558914065361023,0.8229221105575562,0.5817595468735263,0.19489372366161525,0.6605349183082581,0.33946505188941956,0.8229221105575562,0.7653868086636066
911,18,18,1,0.011013335548341274,0.9889866709709167,1,0,1,0,0.29025799036026,0.18751195073127747,0.144350066781044,1.6739126983693229,1.9355139102405046,0.6382040977478027,0.36179593205451965,0.17623867094516754,0.031888604164123535
912,3,3,3,0.011223681271076202,0.9887763261795044,3,1,3,1,0.9842491149902344,0.7166674733161926,0.6990240812301636,0.33314332097169364,0.35807008636869564,0.6270626187324524,0.37293741106987,0.6990240812301636,0.6402367912232876
913,0,0,0,0.01137801818549633,0.9886220097541809,0,1,0,1,0.9966393113136292,0.9976941347122192,0.9288316965103149,0.002308527888997412,0.07382772287764902,0.5743694305419922,0.4256305694580078,0.9288316965103149,0.9199980851262808
914,14,14,14,0.011254355311393738,0.9887456297874451,14,1,14,1,0.973706066608429,0.7186013460159302,0.6367198824882507,0.3304485311957474,0.451425465042528,0.5816797614097595,0.4183202385902405,0.6367198824882507,0.5936241410672665
915,25,25,25,0.011320958845317364,0.988679051399231,25,1,25,1,0.9836803078651428,0.9498159885406494,0.8393276333808899,0.05148700942209697,0.17515414411640445,0.48198702931404114,0.5180129408836365,0.8393276333808899,0.8004238568246365
916,2,2,2,0.011044934391975403,0.9889550805091858,2,1,2,1,0.9922654032707214,0.8602057695388794,0.7442572116851807,0.15058365144867092,0.29536858926395937,0.7515056133270264,0.24849438667297363,0.7442572116851807,0.6360595598816872
917,17,8,1,0.011067904531955719,0.9889320731163025,1,0,1,0,0.02231965959072113,0.004987360909581184,0.04059703275561333,5.300848384958298,3.204060299882387,0.8279388546943665,0.17206110060214996,0.7882634401321411,0.7476664073765278
918,14,14,14,0.01364071760326624,0.9863592982292175,14,1,14,1,0.7893341779708862,0.9069140553474426,0.7812536358833313,0.09770759041578311,0.24685542401169125,0.6193187832832336,0.38068121671676636,0.7812536358833313,0.7187235653400421
919,16,12,21,0.013181330636143684,0.9868186712265015,21,0,23,0,0.2529628574848175,0.032933808863162994,0.03558908402919769,3.4132555238358,3.335716316537573,0.9835675954818726,0.01643243245780468,0.15545658767223358,0.04037906229496002
920,2,2,2,0.01430293545126915,0.9856970906257629,2,1,2,1,0.8419184684753418,0.9800435304641724,0.885570764541626,0.020158289463014747,0.12152291016782017,0.403715044260025,0.5962850451469421,0.885570764541626,0.849252238869667
921,13,3,13,0.013767976313829422,0.9862320423126221,13,1,13,1,0.031368330121040344,0.8286399841308594,0.839314877986908,0.18796949545738212,0.1751693413890766,0.016428254544734955,0.9835717678070068,0.839314877986908,0.8061572760343552
922,9,17,9,0.010916557163000107,0.989083468914032,9,1,9,1,0.3857552111148834,0.6346465945243835,0.6279861927032471,0.45468697907366307,0.46523709889696346,0.8768203854560852,0.12317962199449539,0.6279861927032471,0.4398309290409088
923,7,7,7,0.010504711419343948,0.9894952774047852,7,1,7,1,0.9985412359237671,0.8931187391281128,0.79888916015625,0.11303574039606751,0.22453306604751502,0.7332773208618164,0.266722708940506,0.79888916015625,0.7712936755269766
924,17,27,17,0.010562257841229439,0.9894377589225769,17,1,17,1,0.9488709568977356,0.6137208342552185,0.628162682056427,0.4882151215643065,0.46495609820048944,0.395338237285614,0.604661762714386,0.628162682056427,0.37376677989959717
925,12,12,12,0.010388090275228024,0.9896119236946106,12,1,12,1,0.9992724657058716,0.972148060798645,0.8028025031089783,0.02824716019758169,0.2196465440914986,0.4584272801876068,0.5415726900100708,0.8028025031089783,0.7805034071207047
926,14,14,14,0.010363547131419182,0.9896364808082581,14,1,14,1,0.9632045030593872,0.9510527849197388,0.8940606117248535,0.05018571332960816,0.11198170775687916,0.5140209794044495,0.48597899079322815,0.8940606117248535,0.8525948487222195
927,15,15,20,0.010196907445788383,0.9898030757904053,20,0,15,1,0.3325462341308594,0.15058977901935577,0.3695293962955475,1.8931958343168798,0.9955249848015407,0.6947007775306702,0.30529922246932983,0.3695293962955475,0.24536920338869095
928,3,3,10,0.011209873482584953,0.9887901544570923,10,0,10,0,0.058163005858659744,0.02978624776005745,0.10667860507965088,3.513708476549381,2.2379346554976167,0.48853400349617004,0.5114659667015076,0.12880437076091766,0.018314123153686523
929,4,4,13,0.013628389686346054,0.986371636390686,13,0,13,0,0.21567119657993317,0.14381957054138184,0.1857612133026123,1.9391957473963677,1.6832932294937424,0.18487656116485596,0.815123438835144,0.41518303751945496,0.22942182421684265
930,17,17,9,0.014986271038651466,0.9850137233734131,9,0,9,0,0.0448894165456295,0.027803828939795494,0.32831019163131714,3.5825815361223583,1.113796411303321,0.9952657222747803,0.004734240472316742,0.35137492418289185,0.023064732551574707
931,9,7,14,0.018214218318462372,0.981785774230957,14,0,14,0,0.04295851290225983,0.05402512103319168,0.06796388328075409,2.91830613627348,2.6887788431287936,0.5447738170623779,0.4552261233329773,0.7557778358459473,0.6878139525651932
932,6,6,6,0.016605373471975327,0.9833946228027344,6,1,6,1,0.934291422367096,0.7243096232414246,0.6551740765571594,0.32253632160455314,0.42285431292022124,0.4425567090511322,0.5574433207511902,0.6551740765571594,0.5693618059158325
933,19,19,19,0.01641441322863102,0.9835855960845947,19,1,19,1,0.9983829259872437,0.9070276618003845,0.6804080605506897,0.09758233120594581,0.3850625717482841,0.6283124089241028,0.371687650680542,0.6804080605506897,0.6179312914609909
934,24,24,24,0.016470305621623993,0.9835296869277954,24,1,24,1,0.9998205304145813,0.9593695998191833,0.9060941934585571,0.041478877075385626,0.09861201205347972,0.7323676347732544,0.26763230562210083,0.9060941934585571,0.8922426756471395
935,25,24,25,0.016504360362887383,0.9834956526756287,25,1,24,0,0.5600259304046631,0.5265345573425293,0.17511625587940216,0.6414383135838402,1.7423052063101498,0.8740737438201904,0.125926211476326,0.3343701660633087,0.15925391018390656
936,12,12,12,0.015965040773153305,0.9840349555015564,12,1,12,1,0.7818091511726379,0.973850429058075,0.8465503454208374,0.026497550727103702,0.16658560437438738,0.5421757102012634,0.4578242301940918,0.8465503454208374,0.7907548062503338
937,14,14,14,0.015350913628935814,0.9846490621566772,14,1,14,1,0.8208299875259399,0.8482240438461304,0.8291648626327515,0.16461047543686896,0.1873362743391605,0.6324158310890198,0.36758413910865784,0.8291648626327515,0.7273575216531754
938,8,8,8,0.01499334629625082,0.9850066304206848,8,1,8,1,0.9034466743469238,0.57191401720047,0.5155476331710815,0.5587666184810575,0.6625255779101472,0.7102196216583252,0.28978031873703003,0.5155476331710815,0.26597633957862854
939,0,0,0,0.015367618761956692,0.9846323728561401,0,1,0,1,0.891361653804779,0.47361913323402405,0.3481953740119934,0.747351796663297,1.0549915371699783,0.304887592792511,0.695112407207489,0.3481953740119934,0.21764521300792694
940,0,0,0,0.01594686135649681,0.9840531349182129,0,1,0,1,0.9999606013298035,0.9888232350349426,0.9147610664367676,0.011239694339839387,0.08909237738418352,0.7374839186668396,0.2625160813331604,0.9147610664367676,0.8948483783751726
941,2,19,2,0.015950346365571022,0.9840496778488159,2,1,2,1,0.07427551597356796,0.709695041179657,0.5952832102775574,0.3429199206819554,0.5187180030210357,0.06693094223737717,0.9330690503120422,0.5952832102775574,0.5360713340342045
942,10,10,10,0.013505137525498867,0.9864948391914368,10,1,10,1,0.9991715550422668,0.9255655407905579,0.8862932920455933,0.07735033284651195,0.12070735375836632,0.6304939985275269,0.36950603127479553,0.8862932920455933,0.8687000516802073
943,11,11,11,0.013556821271777153,0.9864431619644165,11,1,11,1,0.9975367188453674,0.9339779019355774,0.8392107486724854,0.06830250063107,0.17529341374508042,0.6735761165618896,0.32642388343811035,0.8392107486724854,0.7782008461654186
944,6,15,24,0.013552538119256496,0.9864474534988403,24,0,24,0,0.05237860605120659,0.013390735723078251,0.02111881598830223,4.313192175076922,3.857590882875494,0.6994617581367493,0.30053821206092834,0.2774091958999634,0.19799094647169113
945,18,18,22,0.014783685095608234,0.9852163195610046,22,0,19,0,0.3633419871330261,0.19195997714996338,0.18963751196861267,1.6504683810275058,1.6626408607948164,0.8379529714584351,0.16204698383808136,0.21755674481391907,0.027919232845306396
946,16,16,16,0.016006404533982277,0.9839935898780823,16,1,16,1,0.9721068739891052,0.7796680331230164,0.6465752124786377,0.24888704845150733,0.43606574959629674,0.476642370223999,0.523357629776001,0.6465752124786377,0.4189433604478836
947,5,5,5,0.016085734590888023,0.9839142560958862,5,1,5,1,0.7602634429931641,0.92243492603302,0.7652485370635986,0.08073844644119524,0.2675546128688657,0.7707244157791138,0.22927552461624146,0.7652485370635986,0.6963627561926842
948,24,24,23,0.015521121211349964,0.9844788908958435,23,0,24,1,0.13011501729488373,0.055493567138910294,0.25858256220817566,2.8914881723545527,1.3525402464408967,0.9059330224990845,0.09406701475381851,0.25858256220817566,0.12682220339775085
949,10,10,10,0.018062418326735497,0.9819375872612,10,1,10,1,0.9995593428611755,0.9636892080307007,0.9490225911140442,0.03698643466150065,0.05232267547741919,0.916984498500824,0.08301547169685364,0.9490225911140442,0.9317876007407904
950,7,12,26,0.018094222992658615,0.9819057583808899,26,0,23,0,0.31342238187789917,0.06729503720998764,0.05016391724348068,2.6986687863582404,2.9924592907410017,0.9944372177124023,0.005562769249081612,0.1312120258808136,0.02177342027425766
951,16,16,16,0.015843745321035385,0.9841562509536743,16,1,16,1,0.8488872647285461,0.9883408546447754,0.9104800820350647,0.011727646151483393,0.09378325590760975,0.0934075117111206,0.9065924882888794,0.9104800820350647,0.8980860998854041
952,16,16,16,0.015178212895989418,0.9848217964172363,16,1,16,1,0.9978315830230713,0.9565954804420471,0.8471826910972595,0.04437467235294815,0.16583891561982175,0.382579505443573,0.617420494556427,0.8471826910972595,0.8125817887485027
953,12,5,12,0.015143109485507011,0.984856903553009,12,1,12,1,0.459231972694397,0.9810342788696289,0.8245057463645935,0.019147877244762437,0.19297116749240595,0.05205570161342621,0.9479442238807678,0.8245057463645935,0.7959307543933392
954,15,15,15,0.014090411365032196,0.9859095811843872,15,1,15,1,0.9844599962234497,0.7214083075523376,0.6938744783401489,0.3265499947038495,0.3654642017787613,0.6595696210861206,0.3404304087162018,0.6938744783401489,0.6416852734982967
955,21,21,21,0.014310267753899097,0.9856897592544556,21,1,21,1,0.9995229840278625,0.9990575313568115,0.9739945530891418,0.0009429130460059279,0.026349567666181645,0.5938601493835449,0.40613988041877747,0.9739945530891418,0.9653721852228045
956,20,20,6,0.014280134811997414,0.9857198596000671,6,0,20,1,0.23118145763874054,0.1188092976808548,0.20091551542282104,2.130235611809147,1.6048707805623081,0.9480491280555725,0.051950860768556595,0.20091551542282104,0.04018130898475647
957,25,25,25,0.015418371185660362,0.9845816493034363,25,1,25,1,0.9995039701461792,0.9413637518882751,0.8616628050804138,0.06042565523030653,0.14889126224919397,0.5528658628463745,0.4471341669559479,0.8616628050804138,0.8249864019453526
958,12,5,12,0.015452951192855835,0.9845470190048218,12,1,12,1,0.5611806511878967,0.9783528447151184,0.8273181319236755,0.021884892096167334,0.1895659760387741,0.0209132619202137,0.9790867567062378,0.8273181319236755,0.7947338968515396
959,3,21,6,0.014541523531079292,0.985458493232727,6,0,3,1,0.03521352261304855,0.380350798368454,0.22329668700695038,0.966661298504737,1.4992539567577288,0.8065558075904846,0.19344422221183777,0.22329668700695038,0.03922468423843384
960,12,8,12,0.01185065321624279,0.9881493449211121,12,1,12,1,0.09176594763994217,0.9528129696846008,0.7410258054733276,0.04833664885421968,0.29971982909226114,0.05691336467862129,0.943086564540863,0.7410258054733276,0.6944618299603462
961,5,5,1,0.010036816820502281,0.989963173866272,1,0,1,0,0.01448703370988369,0.016113702207803726,0.05536869540810585,4.128085300137742,2.8937409097738347,0.05710386112332344,0.9428960680961609,0.7375325560569763,0.6821638606488705
962,25,25,25,0.012455515563488007,0.9875444769859314,25,1,25,1,0.7582602500915527,0.37566012144088745,0.5240777134895325,0.9790704767235099,0.6461152974715361,0.9626246690750122,0.03737535700201988,0.5240777134895325,0.40522198379039764
963,3,3,6,0.013075366616249084,0.9869246482849121,6,0,3,1,0.5702424645423889,0.17972904443740845,0.3547004163265228,1.7163048708883755,1.036481743460586,0.4871786832809448,0.5128212571144104,0.3547004163265228,0.18422314524650574
964,2,2,2,0.01407985482364893,0.9859201312065125,2,1,2,1,0.9930759072303772,0.8883842825889587,0.8113288283348083,0.118350878936288,0.20908184670470387,0.60282963514328,0.39717036485671997,0.8113288283348083,0.7280350401997566
965,18,2,22,0.01401100866496563,0.985988974571228,22,0,25,0,0.13034817576408386,0.13431499898433685,0.14946982264518738,2.007567499005918,1.90066076174304,0.9477576613426208,0.052242305129766464,0.1732061505317688,0.022385552525520325
966,3,3,15,0.013339215889573097,0.9866607785224915,15,0,15,0,0.027183830738067627,0.029972443357110023,0.1298792064189911,3.5074768742129265,2.041150441875559,0.37709516286849976,0.6229048371315002,0.4418608546257019,0.2244417518377304
967,24,24,10,0.016299337148666382,0.983700692653656,10,0,24,1,0.5493861436843872,0.35388806462287903,0.6479029655456543,1.038774617480924,0.4340143383710049,0.9143577814102173,0.0856422483921051,0.6479029655456543,0.525934524834156
968,5,17,5,0.017178798094391823,0.9828212261199951,5,1,5,1,0.03963155671954155,0.9688466787338257,0.8135517835617065,0.03164890589135103,0.20634569907949424,0.6646506786346436,0.33534929156303406,0.8135517835617065,0.775425560772419
969,2,0,2,0.01408461108803749,0.9859153628349304,2,1,2,1,0.17409811913967133,0.9682614207267761,0.7723339796066284,0.03225316543166316,0.2583382064379508,0.018092552199959755,0.9819074273109436,0.7723339796066284,0.7316744662821293
970,26,26,26,0.012118295766413212,0.9878817200660706,26,1,26,1,0.9999663829803467,0.9965875744819641,0.9609756469726562,0.003418261121484123,0.0398062116725294,0.5696414113044739,0.43035855889320374,0.9609756469726562,0.9551938693039119
971,0,0,0,0.012106929905712605,0.9878930449485779,0,1,0,1,0.9981675744056702,0.9987953901290894,0.9696493148803711,0.0012053359965718598,0.030820803903978386,0.8289347887039185,0.17106516659259796,0.9696493148803711,0.9644619100727141
972,25,25,19,0.012064997106790543,0.9879350066184998,19,0,25,1,0.179022878408432,0.07807261496782303,0.32849374413490295,2.5501159242421547,1.113237484968173,0.995905876159668,0.0040941196493804455,0.32849374413490295,0.19235485792160034
973,11,11,24,0.013689517974853516,0.9863104820251465,24,0,11,1,0.07293131947517395,0.05604059621691704,0.2145373523235321,2.881678918438644,1.5392714190676584,0.7985967397689819,0.20140323042869568,0.2145373523235321,0.024221748113632202
974,16,16,16,0.0159155260771513,0.9840844869613647,16,1,16,1,0.9999642372131348,0.9841166138648987,0.9003806710243225,0.01601087892633838,0.10493763727869024,0.627593994140625,0.3724060356616974,0.9003806710243225,0.8868220429867506
975,25,25,25,0.01592356339097023,0.9840764403343201,25,1,25,1,0.8368622064590454,0.49626976251602173,0.6322441697120667,0.7006356240638123,0.45847961496597395,0.9453747272491455,0.05462527275085449,0.6322441697120667,0.5659215673804283
976,14,14,14,0.016324134543538094,0.9836758375167847,14,1,14,1,0.9889242053031921,0.7299882173538208,0.6990325450897217,0.3147268855811657,0.3580579783333001,0.6283595561981201,0.3716403841972351,0.6990325450897217,0.5820698067545891
977,8,14,16,0.016174789518117905,0.9838252067565918,16,0,16,0,0.08976636826992035,0.06965884566307068,0.04756183922290802,2.664145585196933,3.04572453627339,0.20552758872509003,0.7944724559783936,0.27875277400016785,0.16451239585876465
978,23,23,23,0.016764327883720398,0.9832356572151184,23,1,23,1,0.7925035953521729,0.7801215052604675,0.5951898097991943,0.24830559545535857,0.5188749162428887,0.5828462243080139,0.4171537458896637,0.5951898097991943,0.527007982134819
979,1,1,1,0.01638968475162983,0.9836103320121765,1,1,1,1,0.997684895992279,0.9915198087692261,0.8749931454658508,0.008516352634638277,0.13353922640851998,0.881442129611969,0.11855784803628922,0.8749931454658508,0.8614454716444016
980,6,6,6,0.01631428487598896,0.9836857318878174,6,1,6,1,0.9421218037605286,0.4984457790851593,0.3660042881965637,0.6962604636300102,1.0051102292653533,0.81223464012146,0.18776537477970123,0.3660042881965637,0.1788671761751175
981,15,15,15,0.01671055145561695,0.9832894206047058,15,1,15,1,0.999992847442627,0.9949501752853394,0.9606060981750488,0.0050626181674546635,0.04019084147357379,0.6947427988052368,0.30525723099708557,0.9606060981750488,0.9522881899029016
982,21,21,21,0.016699738800525665,0.9833002686500549,21,1,21,1,0.9720593690872192,0.7812522053718567,0.8042622208595276,0.24685725505953354,0.21782991762933218,0.697468638420105,0.302531361579895,0.8042622208595276,0.7229631617665291
983,21,21,21,0.01690257340669632,0.9830974340438843,21,1,21,1,0.9999542832374573,0.9983958005905151,0.9707175493240356,0.0016054875151274178,0.029719739387475453,0.6437072157859802,0.35629287362098694,0.9707175493240356,0.964139670599252
984,11,11,11,0.016889004036784172,0.9831110239028931,11,1,11,1,0.9995760321617126,0.9364340305328369,0.8341416716575623,0.0656762021495706,0.18135202095668052,0.6880151629447937,0.3119848668575287,0.8341416716575623,0.7793847396969795
985,27,17,27,0.016924289986491203,0.983075737953186,27,1,27,1,0.27048906683921814,0.9485294818878174,0.4907819628715515,0.05284240744614104,0.711755317286157,0.9642349481582642,0.03576497733592987,0.4907819628715515,0.10571920871734619
986,15,15,15,0.015363181941211224,0.9846368432044983,15,1,15,1,0.9999050498008728,0.9711713790893555,0.9037728309631348,0.02925232874730761,0.10117724335175593,0.7948440909385681,0.2051558941602707,0.9037728309631348,0.8869121093302965
987,9,9,9,0.015384764410555363,0.9846152067184448,9,1,9,1,0.9817639589309692,0.9127788543701172,0.785149335861206,0.09126164637950891,0.24188134252658,0.5436179637908936,0.45638203620910645,0.785149335861206,0.7429155111312866
988,21,12,21,0.015291975811123848,0.9847080111503601,21,1,21,1,0.6008281707763672,0.4319280982017517,0.4212331175804138,0.839496143938389,0.8645688750791104,0.9971606731414795,0.002839290536940098,0.4212331175804138,0.34582624584436417
989,20,11,11,0.015043678693473339,0.9849563241004944,11,0,11,0,0.705177366733551,0.13874609768390656,0.07642623037099838,1.9751096515517763,2.571429312270406,0.5170946717262268,0.4829052984714508,0.6682468056678772,0.5918205752968788
990,15,15,15,0.013709409162402153,0.9862905740737915,15,1,15,1,0.9519567489624023,0.9891589879989624,0.9467898011207581,0.010900203960871758,0.05467817334713838,0.6584758758544922,0.3415241241455078,0.9467898011207581,0.9374822052195668
991,17,17,17,0.013483349233865738,0.9865166544914246,17,1,17,1,0.7134412527084351,0.9444184899330139,0.9233079552650452,0.05718589546496204,0.07979245411910385,0.15453174710273743,0.845468282699585,0.9233079552650452,0.8857917487621307
992,16,6,16,0.01279828418046236,0.9872016906738281,16,1,16,1,0.2310032844543457,0.8759010434150696,0.7909359335899353,0.13250215856472283,0.2345383086919908,0.09512439370155334,0.904875636100769,0.7909359335899353,0.7617598567157984
993,19,19,19,0.011592559516429901,0.9884074330329895,19,1,19,1,0.9960447549819946,0.8651313185691833,0.665113091468811,0.1448739701979635,0.4077981904261323,0.6183160543441772,0.38168394565582275,0.665113091468811,0.5857408791780472
994,9,9,14,0.01164319273084402,0.9883568286895752,14,0,9,1,0.520322322845459,0.3446487784385681,0.4779404401779175,1.065229414010252,0.7382691563924204,0.8046542406082153,0.19534580409526825,0.4779404401779175,0.13746631145477295
995,16,16,16,0.01183279138058424,0.9881672263145447,16,1,16,1,0.9910591244697571,0.8267914652824402,0.7266461849212646,0.19020277381798092,0.3193155981525096,0.5730885863304138,0.4269113838672638,0.7266461849212646,0.6018844470381737
996,24,24,10,0.011913055554032326,0.9880869388580322,10,0,24,1,0.49763888120651245,0.32880672812461853,0.7486148476600647,1.1122851533433549,0.28953064980512516,0.9243936538696289,0.07560640573501587,0.7486148476600647,0.627360925078392
997,16,16,6,0.012596123851835728,0.9874038696289062,6,0,16,1,0.25287318229675293,0.12466201931238174,0.32768213748931885,2.082149049173493,1.1157112334925963,0.8427923321723938,0.1572076827287674,0.32768213748931885,0.1394934058189392
998,1,1,1,0.013994994573295116,0.9860050082206726,1,1,1,1,0.9455381035804749,0.5408337712287903,0.41547074913978577,0.6146433094043043,0.8783430663469973,0.9711059927940369,0.028893975540995598,0.41547074913978577,0.2399829775094986
999,4,4,4,0.013924739323556423,0.9860752820968628,4,1,4,1,0.8448964953422546,0.5007622241973877,0.7312758564949036,0.6916238929570623,0.3129645217519266,0.6823693513870239,0.31763067841529846,0.7312758564949036,0.6021399796009064
1000,27,27,27,0.014345923438668251,0.9856540560722351,27,1,27,1,0.9770702719688416,0.9540197849273682,0.81562739610672,0.047070868831322214,0.20379765072002853,0.4642614722251892,0.5357385277748108,0.81562739610672,0.7560724206268787
1001,19,19,19,0.014182951301336288,0.9858170747756958,19,1,19,1,0.9800263047218323,0.7758237719535828,0.6460462808609009,0.25382988258753375,0.43688413556617806,0.5724585056304932,0.42754146456718445,0.6460462808609009,0.5423318967223167
1002,23,4,23,0.014361250214278698,0.9856387376785278,23,1,23,1,0.05478677526116371,0.7678033113479614,0.5124022364616394,0.26422168365063,0.6686453442898492,0.4425848424434662,0.5574151277542114,0.5124022364616394,0.45059269666671753
1003,10,10,10,0.011444483883678913,0.9885554909706116,10,1,10,1,0.9999876022338867,0.9937025904655457,0.9754648804664612,0.00631732185927129,0.024841121139097446,0.8382732272148132,0.1617266982793808,0.9754648804664612,0.9675785768777132
1004,10,10,10,0.01144779659807682,0.9885522127151489,10,1,10,1,0.999840259552002,0.9836094975471497,0.9577756524085999,0.016526312782742646,0.043141711726026565,0.9280624389648438,0.07193755358457565,0.9577756524085999,0.9453442813828588
1005,14,14,14,0.01143372617661953,0.9885662794113159,14,1,14,1,0.9940863847732544,0.9512772560119629,0.8698643445968628,0.04994971737892025,0.13941800524192374,0.7633594274520874,0.2366405427455902,0.8698643445968628,0.8145840018987656
1006,9,14,9,0.011387146078050137,0.9886128306388855,9,1,9,1,0.5278946757316589,0.4974104166030884,0.4688166677951813,0.6983398057269922,0.7575434871807603,0.4104968011379242,0.5895031690597534,0.4688166677951813,0.2911599576473236
1007,21,21,21,0.010974304750561714,0.9890257120132446,21,1,21,1,0.9876739382743835,0.8251358270645142,0.882230281829834,0.19220726733286903,0.12530216654352558,0.7192954421043396,0.2807046175003052,0.882230281829834,0.8156654313206673
1008,26,26,26,0.011071844026446342,0.9889281392097473,26,1,26,1,0.9999913573265076,0.9872090220451355,0.9229001998901367,0.012873486848123285,0.08023417612146844,0.8575985431671143,0.14240139722824097,0.9229001998901367,0.9082940444350243
1009,13,13,4,0.01107836700975895,0.9889216423034668,4,0,13,1,0.35541054606437683,0.14584298431873322,0.4450119137763977,1.925224685856658,0.8096542246430438,0.9940069913864136,0.005993005353957415,0.4450119137763977,0.32577745616436005
1010,9,9,9,0.012117777019739151,0.9878821969032288,9,1,9,1,0.7399948239326477,0.9776813983917236,0.864153265953064,0.0225714305370295,0.14600513476065133,0.8151507377624512,0.18484921753406525,0.864153265953064,0.8285817466676235
1011,16,16,16,0.011623691767454147,0.9883763194084167,16,1,16,1,0.9999902844429016,0.9875929951667786,0.9148522019386292,0.012484614320006332,0.0889927546895822,0.562061071395874,0.437938928604126,0.9148522019386292,0.9010479738935828
1012,9,14,9,0.011628223583102226,0.9883717894554138,9,1,9,1,0.1550258845090866,0.7629498243331909,0.5840136408805847,0.270563010891236,0.5378309387544621,0.48973774909973145,0.5102622509002686,0.5840136408805847,0.40112270414829254
1013,24,24,10,0.010145624168217182,0.9898543953895569,10,0,24,1,0.21430610120296478,0.17495805025100708,0.6836034655570984,1.743209046645729,0.38037725818494644,0.9299496412277222,0.07005039602518082,0.6836034655570984,0.4950529634952545
1014,5,5,5,0.011073307134211063,0.9889267086982727,5,1,5,1,0.8420457243919373,0.9927105903625488,0.9279115200042725,0.0073161072026601765,0.07481889556452531,0.9736658334732056,0.026334237307310104,0.9279115200042725,0.9117819461971521
1015,9,27,9,0.010688052512705326,0.989311933517456,9,1,9,1,0.8197943568229675,0.7452132701873779,0.7745223045349121,0.2940848328617561,0.2555088209150803,0.6617480516433716,0.3382520079612732,0.7745223045349121,0.6227982938289642
1016,16,16,16,0.010391822084784508,0.9896081686019897,16,1,16,1,0.9999750256538391,0.9902819991111755,0.9382123351097107,0.00976552882782701,0.06377898554075034,0.5292133092880249,0.4707867205142975,0.9382123351097107,0.92602280061692
1017,15,15,15,0.010387543588876724,0.9896124601364136,15,1,15,1,0.9877380728721619,0.7623401880264282,0.7895739078521729,0.2713623819410502,0.23626183617560725,0.6986339688301086,0.3013659715652466,0.7895739078521729,0.7590693049132824
1018,1,2,5,0.010529614053666592,0.989470362663269,5,0,5,0,0.45261940360069275,0.36945390701293945,0.12987586855888367,0.9957292905890535,2.0411761419324908,0.9175596833229065,0.08244026452302933,0.6963486075401306,0.566472738981247
1019,0,0,0,0.010505863465368748,0.9894941449165344,0,1,0,1,0.9999955892562866,0.9905749559402466,0.8759366869926453,0.00946974085539429,0.1324614657802692,0.6490793824195862,0.35092058777809143,0.8759366869926453,0.8619712805375457
1020,5,5,5,0.010510594584047794,0.9894893765449524,5,1,5,1,0.8635459542274475,0.9646719098091125,0.897325336933136,0.03596722528791515,0.10833678821827322,0.7916263341903687,0.20837368071079254,0.897325336933136,0.8452123962342739
1021,0,0,0,0.010252761654555798,0.9897472262382507,0,1,0,1,0.9999036192893982,0.9910502433776855,0.9336292147636414,0.008990046262575761,0.06867590590766137,0.8177499175071716,0.18225011229515076,0.9336292147636414,0.9145185630768538
1022,24,24,21,0.010242888703942299,0.9897571206092834,21,0,24,1,0.2880590558052063,0.17601987719535828,0.5819745659828186,1.7371583517110798,0.5413285332660676,0.9282642602920532,0.07173570990562439,0.5819745659828186,0.4715789332985878
1023,7,7,14,0.01118851825594902,0.9888114929199219,14,0,26,0,0.04673266038298607,0.015550057403743267,0.10287350416183472,4.163690948804655,2.2742551604373005,0.9703455567359924,0.029654523357748985,0.21454040706157684,0.049692004919052124
1024,16,16,16,0.013610919006168842,0.9863891005516052,16,1,16,1,0.9999838471412659,0.9873306155204773,0.9286240935325623,0.012750325506429067,0.07405125765002962,0.4726512134075165,0.5273487567901611,0.9286240935325623,0.9169301092624664
1025,6,6,6,0.013615304604172707,0.9863846898078918,6,1,6,1,0.7172845005989075,0.4220564663410187,0.3816358149051666,0.8626161674021109,0.9632884892387827,0.6199164390563965,0.3800835907459259,0.3816358149051666,0.2576112523674965
1026,27,27,9,0.013697061687707901,0.98630291223526,9,0,9,0,0.36255934834480286,0.24016298353672028,0.31253355741500854,1.4264374880532311,1.1630434318428733,0.8315781950950623,0.16842186450958252,0.5676731467247009,0.2551395893096924
1027,1,1,18,0.014528989791870117,0.9854710102081299,18,0,1,1,0.19007349014282227,0.09675329923629761,0.24431660771369934,2.335590847020092,1.4092903222115984,0.9972183704376221,0.002781600458547473,0.24431660771369934,0.1216752827167511
1028,21,21,21,0.01623266190290451,0.9837673306465149,21,1,21,1,0.9992913603782654,0.9977696537971497,0.970835268497467,0.0022328371293841914,0.02959847647616539,0.7046745419502258,0.2953254282474518,0.970835268497467,0.9662991887889802
1029,27,27,27,0.01619594357907772,0.9838040471076965,27,1,27,1,0.8198628425598145,0.4252315163612366,0.48895904421806335,0.8551215139976979,0.7154765471701298,0.9068718552589417,0.09312813729047775,0.48895904421806335,0.31276802718639374
1030,14,27,14,0.016822682693600655,0.9831773042678833,14,1,7,0,0.14569643139839172,0.5776256918907166,0.1992136538028717,0.5488292119725295,1.6133773929935091,0.9524058699607849,0.04759411886334419,0.22107014060020447,0.021856486797332764
1031,4,6,4,0.013957894407212734,0.9860420823097229,4,1,4,1,0.5058427453041077,0.9654406905174255,0.8836756944656372,0.03517060777571552,0.12366514511883471,0.8364155292510986,0.16358450055122375,0.8836756944656372,0.8557172417640686
1032,17,17,17,0.0129800820723176,0.9870198965072632,17,1,17,1,0.8894944787025452,0.5859101414680481,0.74574875831604,0.5345888433679384,0.29336652060235613,0.7170220017433167,0.2829780578613281,0.74574875831604,0.6036889553070068
1033,7,7,7,0.013246092014014721,0.9867538809776306,7,1,7,1,0.988288164138794,0.9950791001319885,0.9135061502456665,0.00493304736322365,0.0904651705696991,0.8874721527099609,0.11252778023481369,0.9135061502456665,0.8785743229091167
1034,22,22,22,0.01308091264218092,0.986919105052948,22,1,25,0,0.6636661291122437,0.4165349304676056,0.129444882273674,0.8757849542229311,2.0445001079525453,0.8573454022407532,0.14265455305576324,0.21924369037151337,0.03316320478916168
1035,27,14,27,0.01327270083129406,0.9867272973060608,27,1,27,1,0.072707399725914,0.9447547197341919,0.7980048656463623,0.05682994101567432,0.22564058424971087,0.04670221731066704,0.9532977938652039,0.7980048656463623,0.759855680167675
1036,23,23,23,0.011226554401218891,0.9887734651565552,23,1,23,1,0.438812792301178,0.25831344723701477,0.2850010395050049,1.3535815196972538,1.2552624513341561,0.7927059531211853,0.20729407668113708,0.2850010395050049,0.1950112208724022
1037,4,1,12,0.011048607528209686,0.9889513850212097,12,0,12,0,0.2803208827972412,0.08701474964618683,0.12115301191806793,2.4416776385341175,2.110700970963277,0.1481674611568451,0.8518325090408325,0.15324705839157104,0.03209404647350311
1038,6,6,6,0.011632542125880718,0.9883674383163452,6,1,6,1,0.9240351915359497,0.6006523370742798,0.6675931811332703,0.509738985913674,0.4040763012471142,0.8623377084732056,0.13766227662563324,0.6675931811332703,0.43500810861587524
1039,13,13,4,0.011796240694820881,0.988203763961792,13,1,13,1,0.6244086623191833,0.2915540933609009,0.5040513873100281,1.2325297214163018,0.6850770571597603,0.9992913007736206,0.0007086282130330801,0.5040513873100281,0.3961878567934036
1040,14,27,14,0.012498259544372559,0.9875017404556274,14,1,14,1,0.37452298402786255,0.9404813647270203,0.7121639847755432,0.06136344465636709,0.33944707839276184,0.7823949456214905,0.21760505437850952,0.7121639847755432,0.5696020722389221
1041,11,11,13,0.011658252216875553,0.988341748714447,13,0,13,0,0.02285439893603325,0.024584298953413963,0.04196596145629883,3.7056472937408285,3.170896430800734,0.32039904594421387,0.6796010136604309,0.5161780714988708,0.36062590777873993
1042,4,4,4,0.014301163144409657,0.9856988191604614,4,1,4,1,0.9980368614196777,0.9330781698226929,0.8863828778266907,0.06926629834035297,0.1206062797069448,0.37411341071128845,0.6258866190910339,0.8863828778266907,0.8725342154502869
1043,17,17,27,0.014276356436312199,0.985723614692688,27,0,17,1,0.609270453453064,0.42818698287010193,0.7379783987998962,0.8481953029380918,0.3038407247288768,0.924012303352356,0.07598764449357986,0.7379783987998962,0.5494325309991837
1044,21,21,6,0.014886351302266121,0.9851136207580566,6,0,21,1,0.37896764278411865,0.15452803671360016,0.39967337250709534,1.8673797317056116,0.917107634180267,0.8762333989143372,0.12376667559146881,0.39967337250709534,0.19152148067951202
1045,26,17,26,0.01620841585099697,0.9837915897369385,26,1,26,1,0.11068557947874069,0.8471803069114685,0.2555359899997711,0.16584172987602755,1.3643920182025093,0.9260919094085693,0.07390809804201126,0.2555359899997711,0.03635568916797638
1046,3,3,3,0.013982999138534069,0.9860169887542725,3,1,3,1,0.9914655685424805,0.8347497582435608,0.8097270131111145,0.180623289773796,0.21105810897041855,0.8209425210952759,0.1790575087070465,0.8097270131111145,0.7458957508206367
1047,25,25,25,0.014096164144575596,0.9859038591384888,25,1,25,1,0.9801475405693054,0.7478947639465332,0.8149800896644592,0.29049300081646556,0.20459159589924744,0.7443287968635559,0.2556711435317993,0.8149800896644592,0.7794400416314602
1048,1,1,1,0.014126630499958992,0.9858733415603638,1,1,1,1,0.8778105974197388,0.9893997311592102,0.91497403383255,0.01065685190959849,0.08885959243436993,0.2650470733642578,0.7349529266357422,0.91497403383255,0.892215259373188
1049,16,16,16,0.013734397478401661,0.9862655997276306,16,1,16,1,0.5893375873565674,0.4058888256549835,0.447479248046875,0.9016759853142573,0.8041251154221004,0.9902792572975159,0.009720752015709877,0.447479248046875,0.33566631376743317
1050,10,21,10,0.013588822446763515,0.9864111542701721,10,1,10,1,0.04505132511258125,0.9685903191566467,0.6725929975509644,0.0319135437391409,0.3966148907456782,0.728829562664032,0.2711704969406128,0.6725929975509644,0.5274091958999634
1051,8,8,8,0.011567370966076851,0.9884326457977295,8,1,8,1,0.9939658641815186,0.9551334977149963,0.8343953490257263,0.04590416008762223,0.18104794934547377,0.6449133157730103,0.35508665442466736,0.8343953490257263,0.7843728139996529
1052,2,2,2,0.011402977630496025,0.98859703540802,2,1,2,1,0.9841689467430115,0.7536121606826782,0.687868058681488,0.2828774190631869,0.37415823461225883,0.7647272348403931,0.23527275025844574,0.687868058681488,0.6306554712355137
1053,6,6,11,0.011561709456145763,0.9884383082389832,11,0,6,1,0.11396851390600204,0.06830911338329315,0.25949627161026,2.6837120896332074,1.3490129440699288,0.950797438621521,0.049202531576156616,0.25949627161026,0.006375104188919067
1054,27,8,7,0.013073301874101162,0.9869266748428345,7,0,8,0,0.4199495017528534,0.18191510438919067,0.10019809007644653,1.7042151601314222,2.300606151626346,0.9924775958061218,0.007522419560700655,0.4026508033275604,0.1580916792154312
1055,24,24,24,0.012758688069880009,0.9872413277626038,24,1,24,1,0.9901741743087769,0.688973069190979,0.7510597109794617,0.3725530955379333,0.2862701217508672,0.771595299243927,0.2284047156572342,0.7510597109794617,0.7229834720492363
1056,8,8,8,0.01299918070435524,0.9870008230209351,8,1,8,1,0.6883872747421265,0.9893459677696228,0.8951908349990845,0.010711192787892995,0.11071835997350915,0.21934743225574493,0.7806525230407715,0.8951908349990845,0.8826191779226065
1057,5,1,5,0.012134668417274952,0.9878653287887573,5,1,5,1,0.6790589094161987,0.9696307182312012,0.8142055869102478,0.030839982824869612,0.20554238109665376,0.9220909476280212,0.07790904492139816,0.8142055869102478,0.7500148043036461
1058,17,17,9,0.01158821489661932,0.9884117841720581,9,0,17,1,0.2004714459180832,0.11731131374835968,0.46668967604637146,2.142924076581178,0.7620907474487353,0.995712399482727,0.004287603311240673,0.46668967604637146,0.31108546257019043
1059,14,14,14,0.012908759526908398,0.9870912432670593,14,1,14,1,0.7496035099029541,0.9888339638710022,0.9048237204551697,0.011228844293566848,0.1000151382825202,0.6792749166488647,0.32072508335113525,0.9048237204551697,0.8780189622193575
1060,8,8,8,0.0124337924644351,0.9875662326812744,8,1,8,1,0.9715781807899475,0.9127498269081116,0.7232375741004944,0.09129344808419397,0.32401751591572914,0.26546794176101685,0.7345320582389832,0.7232375741004944,0.6337235569953918
1061,7,27,7,0.012188048101961613,0.9878119230270386,7,1,7,1,0.5359053611755371,0.9703540802001953,0.8690930008888245,0.0300942429581423,0.14030513885751061,0.843215823173523,0.15678416192531586,0.8690930008888245,0.7901749014854431
1062,10,10,10,0.011619907803833485,0.9883800745010376,10,1,10,1,0.9999986290931702,0.997243344783783,0.9832496047019958,0.0027604617874199032,0.016892269702339785,0.6380288600921631,0.3619711697101593,0.9832496047019958,0.9784953221678734
1063,22,25,19,0.011620733886957169,0.9883792400360107,19,0,25,0,0.5454161167144775,0.37089335918426514,0.16321322321891785,0.9918406992457889,1.812697815108726,0.9734160900115967,0.026583945378661156,0.3333783447742462,0.17016512155532837
1064,27,17,27,0.011608092114329338,0.9883919358253479,27,1,27,1,0.4988691508769989,0.9768892526626587,0.7953837513923645,0.023381987855085832,0.2289305746390256,0.6946304440498352,0.3053695261478424,0.7953837513923645,0.6692977398633957
1065,6,0,6,0.011030618101358414,0.9889693856239319,6,1,6,1,0.013066684827208519,0.439361572265625,0.34434404969215393,0.8224325778728244,1.0661139769660393,0.32175081968307495,0.6782492399215698,0.34434404969215393,0.19353826344013214
1066,21,21,24,0.010420519858598709,0.9895794987678528,24,0,21,1,0.36709460616111755,0.1691681444644928,0.3387674391269684,1.7768621210217646,1.0824414272956993,0.7731085419654846,0.22689150273799896,0.3387674391269684,0.202214315533638
1067,6,3,23,0.01138701569288969,0.9886130094528198,23,0,6,1,0.1458432972431183,0.080020010471344,0.12321719527244568,2.5254785446939714,2.093806665605381,0.7627661824226379,0.23723386228084564,0.12321719527244568,0.001894630491733551
1068,12,12,12,0.011892231181263924,0.9881077408790588,12,1,12,1,0.5014353394508362,0.9714780449867249,0.8581688404083252,0.028936609507267612,0.15295441516085923,0.029519004747271538,0.9704810380935669,0.8581688404083252,0.8291211016476154
1069,2,22,2,0.010905425995588303,0.9890945553779602,2,1,2,1,0.2087520807981491,0.7885724902153015,0.5953915119171143,0.23753094247969558,0.5185360866036687,0.6787431240081787,0.3212569057941437,0.5953915119171143,0.5170195028185844
1070,1,1,1,0.010122328996658325,0.9898776412010193,1,1,1,1,0.7757973670959473,0.8756313920021057,0.6825246810913086,0.13281006198648274,0.3819565898057314,0.6354386210441589,0.36456137895584106,0.6825246810913086,0.6256191805005074
1071,24,24,25,0.010065006092190742,0.9899349808692932,25,0,24,1,0.208710178732872,0.1692088395357132,0.4382127821445465,1.776621590055766,0.8250506825872594,0.6145715713500977,0.3854284882545471,0.4382127821445465,0.1262131929397583
1072,25,18,25,0.011017438024282455,0.9889825582504272,25,1,25,1,0.0853552371263504,0.8404965400695801,0.769917368888855,0.17376244265641902,0.26147208302423075,0.14733465015888214,0.852665364742279,0.769917368888855,0.6951024383306503
1073,23,6,23,0.010091557167470455,0.9899084568023682,23,1,23,1,0.005432928446680307,0.7788273692131042,0.3690803349018097,0.24996586330099008,0.9967409488759389,0.8855895400047302,0.11441048234701157,0.3690803349018097,0.19775821268558502
1074,6,6,6,0.010120347142219543,0.9898796677589417,6,1,6,1,0.9357667565345764,0.6269354820251465,0.5837672352790833,0.46691164312515626,0.5382529453315327,0.6748970746994019,0.32510292530059814,0.5837672352790833,0.49906133115291595
1075,4,4,4,0.010233690962195396,0.9897662997245789,4,1,4,1,0.9982067346572876,0.9942774176597595,0.9679684042930603,0.005739019051512081,0.032555832431382256,0.5659173130989075,0.43408262729644775,0.9679684042930603,0.9641457558609545
1076,17,17,14,0.010163218714296818,0.9898367524147034,14,0,17,1,0.16120988130569458,0.09532987326383591,0.4578246772289276,2.3504120519243408,0.7812689689650875,0.999160647392273,0.0008393799071200192,0.4578246772289276,0.332840159535408
1077,8,8,8,0.011413929052650928,0.9885860681533813,8,1,8,1,0.9999822378158569,0.9988174438476562,0.9752556681632996,0.0011832559236040793,0.025055618601699886,0.5391353368759155,0.46086472272872925,0.9752556681632996,0.9719662906136364
1078,18,18,25,0.01140482909977436,0.988595187664032,25,0,25,0,0.19983656704425812,0.15381163358688354,0.15451374650001526,1.872026583764185,1.8674722124921672,0.060280781239271164,0.9397191405296326,0.5945771336555481,0.44006338715553284
1079,8,5,16,0.012351270765066147,0.9876487255096436,16,0,16,0,0.03136437013745308,0.4451978802680969,0.3352400064468384,0.8092364208946499,1.0929085665209153,0.04343346133828163,0.9565665125846863,0.49400216341018677,0.1587621569633484
1080,9,9,9,0.010725801810622215,0.9892742037773132,9,1,9,1,0.9766975045204163,0.6907355785369873,0.627452552318573,0.36999819337413814,0.4660872246700117,0.767422080039978,0.23257794976234436,0.627452552318573,0.5197509974241257
1081,8,4,24,0.010886619798839092,0.9891133904457092,24,0,26,0,0.002647868823260069,0.05805831775069237,0.09320519864559174,2.846307295130385,2.372951779387069,0.8399366140365601,0.16006344556808472,0.3124215602874756,0.14449520409107208
1082,26,26,26,0.01151583157479763,0.9884841442108154,26,1,26,1,0.7474279999732971,0.9646635055541992,0.8662930130958557,0.035975937360317345,0.14353207534325116,0.24316608905792236,0.7568339109420776,0.8662930130958557,0.8502853959798813
1083,22,22,22,0.011143242008984089,0.9888567328453064,22,1,18,0,0.6425580978393555,0.2793734669685364,0.13107925653457642,1.2752058009903031,2.031953127012463,0.7898282408714294,0.21017171442508698,0.19674783945083618,0.04752649366855621
1084,7,7,7,0.011855384334921837,0.9881446361541748,7,1,7,1,0.9897823333740234,0.996796727180481,0.9746331572532654,0.003208414280501246,0.025694127754703193,0.59842848777771,0.4015715420246124,0.9746331572532654,0.9702331330627203
1085,6,6,6,0.011745649389922619,0.9882543683052063,6,1,6,1,0.7688639163970947,0.3768962323665619,0.601227343082428,0.9757853751332171,0.5087821412951778,0.9158774614334106,0.08412256091833115,0.601227343082428,0.46841034293174744
1086,2,23,2,0.012259410694241524,0.9877405762672424,2,1,2,1,0.017512323334813118,0.9851317405700684,0.791924774646759,0.014979899981707212,0.23328887318535751,0.8687600493431091,0.13123992085456848,0.791924774646759,0.6713660359382629
1087,12,1,19,0.010024034418165684,0.9899759888648987,19,0,5,0,0.13084515929222107,0.047728877514600754,0.06742088496685028,3.0422186656387176,2.696800443085415,0.9969183206558228,0.0030817287042737007,0.18171663582324982,0.07532092928886414
1088,5,1,1,0.011651689186692238,0.9883483052253723,1,0,1,0,0.7757973670959473,0.020492827519774437,0.03252007067203522,3.8876803311432155,3.425897821118074,0.2755378782749176,0.7244621515274048,0.7450858950614929,0.7106664627790451
1089,0,0,0,0.013695900328457355,0.9863041043281555,0,1,0,1,0.9140486121177673,0.6207098960876465,0.5713768601417542,0.47689146225858525,0.55970628678225,0.5742364525794983,0.4257635772228241,0.5713768601417542,0.4225291758775711
1090,24,26,21,0.014010973274707794,0.9859890341758728,21,0,21,0,0.18138867616653442,0.1425691694021225,0.09485568106174469,1.9479279977284298,2.355398689173415,0.7292174696922302,0.2707825005054474,0.14386728405952454,0.0032766759395599365
1091,3,3,1,0.012426192872226238,0.9875738024711609,1,0,14,0,0.02710038237273693,0.01555034052580595,0.10992539674043655,4.163672741831013,2.2079533547297223,0.9835430383682251,0.016457004472613335,0.13838526606559753,0.02845986932516098
1092,11,11,11,0.015659833326935768,0.9843401908874512,11,1,11,1,0.9398339986801147,0.5137740969657898,0.5269728302955627,0.6659716102019904,0.6406062871861904,0.7284935712814331,0.2715063989162445,0.5269728302955627,0.2943182587623596
1093,22,22,25,0.015919838100671768,0.9840801358222961,25,0,25,0,0.00980992242693901,0.018454233184456825,0.025795308873057365,3.992461493921168,3.657562630212714,0.06507336348295212,0.9349266886711121,0.8670983910560608,0.8311862237751484
1094,7,7,7,0.02119872160255909,0.9788012504577637,7,1,7,1,0.993843138217926,0.8390290141105652,0.8298887610435486,0.17550999133626938,0.18646361001245476,0.7089402675628662,0.2910597026348114,0.8298887610435486,0.8108991850167513
1095,22,22,16,0.0213179774582386,0.9786820411682129,16,0,16,0,0.016840867698192596,0.0287900622934103,0.04122938588261604,3.5477250106434672,3.1886040272901925,0.026370860636234283,0.9736291766166687,0.6136014461517334,0.5416413769125938
1096,18,18,18,0.026606198400259018,0.9733937978744507,18,1,18,1,0.7153067588806152,0.45224273204803467,0.4455280005931854,0.7935362254869787,0.8084951819853589,0.7598668932914734,0.2401331067085266,0.4455280005931854,0.30968858301639557
1097,17,17,17,0.026118962094187737,0.9738810658454895,17,1,17,1,0.8165042996406555,0.44308599829673767,0.7230727076530457,0.813991400696553,0.32424549804410474,0.9585356116294861,0.04146439582109451,0.7230727076530457,0.6383706852793694
1098,14,27,14,0.026769809424877167,0.9732301831245422,14,1,14,1,0.3078632354736328,0.9377428889274597,0.6544908285140991,0.06427947317076949,0.4238977066958361,0.8680061101913452,0.1319938749074936,0.6544908285140991,0.5020275563001633
1099,10,10,24,0.02488398365676403,0.9751160144805908,24,0,10,1,0.5620704889297485,0.23339097201824188,0.3773932158946991,1.4550402401766616,0.9744676221109538,0.8647636771202087,0.13523635268211365,0.3773932158946991,0.24341155588626862
1100,23,23,23,0.026804309338331223,0.9731956720352173,23,1,23,1,0.998196542263031,0.9202930331230164,0.7899169325828552,0.08306314538980242,0.23582748767887174,0.5821779370307922,0.4178220331668854,0.7899169325828552,0.770200539380312
1101,18,18,25,0.026796896010637283,0.9732031226158142,25,0,18,1,0.46706682443618774,0.4369271993637085,0.36332395672798157,0.8279886896095703,1.012460399930761,0.93427973985672,0.0657203197479248,0.36332395672798157,0.18060821294784546
1102,20,20,15,0.02634156309068203,0.9736584424972534,15,0,15,0,0.06494780629873276,0.06535011529922485,0.23823943734169006,2.727996074579494,1.4344790717781977,0.9006162285804749,0.09938379377126694,0.29029223322868347,0.05205279588699341
1103,5,12,5,0.030771709978580475,0.9692282676696777,5,1,5,1,0.05719168856739998,0.9644150733947754,0.5428071618080139,0.036233502981032076,0.6110011569153669,0.9962837100028992,0.0037163414526730776,0.5428071618080139,0.3981204926967621
1104,17,17,17,0.025883471593260765,0.9741165041923523,17,1,17,1,0.6802613735198975,0.3724694848060608,0.7501641511917114,0.9876001645018774,0.28746322814432806,0.9957518577575684,0.004248104989528656,0.7501641511917114,0.6677795276045799
1105,16,21,16,0.026910340413451195,0.9730896353721619,16,1,16,1,0.25909918546676636,0.8867693543434143,0.7882713079452515,0.12017035941106508,0.23791294895879514,0.017961278557777405,0.982038676738739,0.7882713079452515,0.7658126372843981
1106,7,8,7,0.02368338033556938,0.9763166308403015,7,1,7,1,0.5078266263008118,0.9641237854957581,0.7563539147377014,0.03653558442459706,0.27924587115906735,0.8456314206123352,0.1543685793876648,0.7563539147377014,0.6372291073203087
1107,5,26,1,0.02257012575864792,0.9774298667907715,1,0,1,0,0.08282435685396194,0.01772676408290863,0.03094329871237278,4.032679686387406,3.475598823089421,0.2944609522819519,0.7055390477180481,0.27208584547042847,0.11249546706676483
1108,18,18,18,0.02258993685245514,0.977410078048706,18,1,18,1,0.9754332900047302,0.7659701704978943,0.6215525269508362,0.26661205190855575,0.47553485518943,0.6946074366569519,0.3053925931453705,0.6215525269508362,0.5218228250741959
1109,14,27,14,0.022729063406586647,0.9772709608078003,14,1,14,1,0.15038377046585083,0.9720540642738342,0.79861980676651,0.0283438543876269,0.22487028279918223,0.7830793261528015,0.21692070364952087,0.79861980676651,0.7154373601078987
1110,3,3,3,0.020269406959414482,0.9797306060791016,3,1,3,1,0.9382869005203247,0.6343937516212463,0.7228850722312927,0.4550854579829441,0.32450502902822675,0.5693852305412292,0.43061476945877075,0.7228850722312927,0.5862607061862946
1111,15,15,15,0.020692121237516403,0.9793078899383545,15,1,15,1,0.991400420665741,0.8155595660209656,0.7964737415313721,0.20388081725748666,0.2275611174932681,0.5513886213302612,0.448611319065094,0.7964737415313721,0.7572862580418587
1112,3,3,3,0.020880509167909622,0.9791194796562195,3,1,3,1,0.9362612962722778,0.5843640565872192,0.6885611414909363,0.5372311058102,0.373151160847857,0.5688024759292603,0.43119746446609497,0.6885611414909363,0.5727782547473907
1113,24,10,24,0.021398553624749184,0.9786014556884766,24,1,24,1,0.14877949655056,0.7606638073921204,0.6379417777061462,0.2735637961413549,0.4495082573154448,0.5611838102340698,0.43881621956825256,0.6379417777061462,0.5627182200551033
1114,15,15,15,0.018536007031798363,0.9814639687538147,15,1,15,1,0.9997144937515259,0.9518662095069885,0.8882538676261902,0.049330790299068235,0.1184976898814284,0.6090694665908813,0.39093050360679626,0.8882538676261902,0.853558387607336
1115,18,2,18,0.018578968942165375,0.9814210534095764,18,1,18,1,0.09731537848711014,0.37505635619163513,0.38911116123199463,0.9806789811254181,0.9438902146639007,0.8078363537788391,0.19216367602348328,0.38911116123199463,0.15637649595737457
1116,4,4,13,0.01571343094110489,0.9842865467071533,13,0,13,0,0.2505495846271515,0.020961131900548935,0.06700378656387329,3.865085418098614,2.7030061453094274,0.2743549048900604,0.7256450653076172,0.3891669809818268,0.08192366361618042
1117,3,3,13,0.019005456939339638,0.9809945225715637,13,0,3,1,0.24754168093204498,0.1456323266029358,0.4602360427379608,1.926670144491281,0.7760157847215803,0.7392476201057434,0.2607523202896118,0.4602360427379608,0.29077307879924774
1118,16,16,10,0.02100050449371338,0.9789994955062866,10,0,16,1,0.12298871576786041,0.12222446501255035,0.5330260992050171,2.1018960475975708,0.6291848894015775,0.9622272849082947,0.037772711366415024,0.5330260992050171,0.23465868830680847
1119,14,14,14,0.02339334785938263,0.9766066670417786,14,1,14,1,0.7227166891098022,0.4698987305164337,0.5486231446266174,0.7552380744806901,0.6003435128402597,0.6890867352485657,0.31091320514678955,0.5486231446266174,0.3014742583036423
1120,11,20,11,0.023197956383228302,0.9768020510673523,11,1,11,1,0.8267486095428467,0.3390660583972931,0.3634030222892761,1.081560328056035,1.0122428063532847,0.8466098308563232,0.15339019894599915,0.3634030222892761,0.20469032227993011
1121,16,16,16,0.022998908534646034,0.9770010709762573,16,1,16,1,0.999988317489624,0.9844350814819336,0.8977920413017273,0.01568732367445853,0.10781681734086414,0.5886682271957397,0.41133180260658264,0.8977920413017273,0.8777326475828886
1122,13,13,13,0.022993192076683044,0.9770067930221558,13,1,13,1,0.9393891096115112,0.953292727470398,0.8581816554069519,0.047833258305999646,0.15293948231508186,0.816474437713623,0.18352557718753815,0.8581816554069519,0.8290265686810017
1123,18,18,22,0.02261102758347988,0.9773889780044556,22,0,18,1,0.5060890913009644,0.25921377539634705,0.34897172451019287,1.3501021700969662,1.0527643786573295,0.7934535145759583,0.20654645562171936,0.34897172451019287,0.1047922819852829
1124,17,17,17,0.024129891768097878,0.9758701324462891,17,1,17,1,0.9931968450546265,0.8215436339378357,0.9144277572631836,0.19657022795756007,0.08945681125011842,0.8676061630249023,0.13239385187625885,0.9144277572631836,0.8588994815945625
1125,3,3,11,0.024241220206022263,0.9757587909698486,11,0,3,1,0.35894060134887695,0.24926349520683289,0.5990361571311951,1.3892447283487797,0.5124333201989553,0.8055256605148315,0.19447435438632965,0.5990361571311951,0.40848103165626526
1126,1,1,1,0.02603108622133732,0.9739689230918884,1,1,1,1,0.9963415265083313,0.9705615639686584,0.8420438766479492,0.029880443074693647,0.1719231560642971,0.854167640209198,0.1458323746919632,0.8420438766479492,0.8129456453025341
1127,4,4,4,0.02593999169766903,0.9740599989891052,4,1,4,1,0.9856913089752197,0.7009364366531372,0.7677192091941833,0.35533807130396355,0.2643312257156106,0.6839279532432556,0.3160720765590668,0.7677192091941833,0.7376117911189795
1128,26,26,26,0.026357298716902733,0.9736427068710327,26,1,26,1,0.9999982118606567,0.9970289468765259,0.9606322646141052,0.0029754754633152538,0.040163602334938195,0.8174037933349609,0.18259622156620026,0.9606322646141052,0.9520808970555663
1129,3,3,20,0.026360126212239265,0.9736398458480835,20,0,3,1,0.42174550890922546,0.1799803525209427,0.33619433641433716,1.7149075867109416,1.0900659040319152,0.6877327561378479,0.3122672438621521,0.33619433641433716,0.22315089404582977
1130,21,21,21,0.02768704667687416,0.9723129272460938,21,1,21,1,0.7768360376358032,0.8143104314804077,0.8063485026359558,0.2054136202258723,0.21523924452272894,0.82865309715271,0.17134688794612885,0.8063485026359558,0.7451543249189854
1131,8,0,8,0.02698269672691822,0.9730172753334045,8,1,8,1,0.36858049035072327,0.4625876545906067,0.3027651309967041,0.7709192165478057,1.194797919278566,0.2547018527984619,0.7452981472015381,0.3027651309967041,0.11989161372184753
1132,13,13,13,0.023570554330945015,0.9764294624328613,13,1,13,1,0.9889554381370544,0.7730345726013184,0.702759861946106,0.2574315061667621,0.3527400359305958,0.890507161617279,0.10949276387691498,0.702759861946106,0.6470518968999386
1133,15,15,16,0.02370828203856945,0.9762917160987854,16,0,15,1,0.1787932813167572,0.12025327235460281,0.40887880325317383,2.1181551574384416,0.8943364914165014,0.7389755249023438,0.26102444529533386,0.40887880325317383,0.29195184260606766
1134,5,1,5,0.026537811383605003,0.9734621644020081,5,1,5,1,0.20179912447929382,0.8021759390830994,0.47082188725471497,0.2204273197595545,0.7532754151806225,0.9810983538627625,0.01890159398317337,0.47082188725471497,0.1276320219039917
1135,0,0,0,0.02227679267525673,0.9777231812477112,0,1,0,1,0.8366858959197998,0.9876362681388855,0.8665477633476257,0.012440798674989574,0.1432380491902792,0.7635253071784973,0.23647473752498627,0.8665477633476257,0.8227254785597324
1136,27,9,9,0.021445438265800476,0.9785545468330383,9,0,9,0,0.7974069714546204,0.31363868713378906,0.12407415360212326,1.1595136335298823,2.086875879195223,0.3452105224132538,0.654789388179779,0.7511122226715088,0.6270380690693855
1137,24,24,25,0.01999666914343834,0.9800033569335938,25,0,24,1,0.06890776008367538,0.06639372557401657,0.5987971425056458,2.7121527213318433,0.5128323984827097,0.9421663284301758,0.0578337199985981,0.5987971425056458,0.501739889383316
1138,8,7,8,0.02321307547390461,0.9767869114875793,8,1,8,1,0.3949952721595764,0.881179690361023,0.7542514204978943,0.12649371202606197,0.2820295176197227,0.10973451286554337,0.8902654647827148,0.7542514204978943,0.6887296587228775
1139,9,5,9,0.021758483722805977,0.978241503238678,9,1,9,1,0.011936246417462826,0.8043480515480042,0.7237398624420166,0.21772320354198577,0.3233232571816089,0.5707229971885681,0.4292770326137543,0.7237398624420166,0.6352033093571663
1140,8,8,8,0.01735149510204792,0.982648491859436,8,1,8,1,0.9550809264183044,0.9734625220298767,0.8851143717765808,0.02689595308262892,0.12203840867830174,0.5434564352035522,0.45654353499412537,0.8851143717765808,0.857746371999383
1141,18,18,18,0.017054034397006035,0.98294597864151,18,1,18,1,0.820557177066803,0.6350085735321045,0.6429038643836975,0.45411677855523014,0.44176007698975595,0.7465983033180237,0.2534017860889435,0.6429038643836975,0.5556319504976273
1142,27,17,27,0.01698538102209568,0.9830146431922913,27,1,17,0,0.28078293800354004,0.4027339816093445,0.17489641904830933,0.9094790302564252,1.7435613714478602,0.9714066386222839,0.028593366965651512,0.4690784215927124,0.2941820025444031
1143,0,26,0,0.014812231995165348,0.9851877689361572,0,1,0,1,0.21768897771835327,0.9865822792053223,0.8801091313362122,0.013508551822297956,0.1277093663167874,0.4689067006111145,0.5310932993888855,0.8801091313362122,0.8445855155587196
1144,19,19,5,0.013219187036156654,0.9867808222770691,5,0,5,0,0.5136286616325378,0.12016481161117554,0.1540028303861618,2.1188910483993886,1.8707842976064812,0.6680278182029724,0.3319721221923828,0.3403702974319458,0.186367467045784
1145,20,20,4,0.0140303336083889,0.9859696626663208,4,0,24,0,0.4260222613811493,0.11276558041572571,0.1459961235523224,2.182444124640759,1.9241752086377755,0.9771642088890076,0.022835761308670044,0.15052883327007294,0.004532709717750549
1146,11,9,11,0.01538928784430027,0.9846107363700867,11,1,11,1,0.006425659637898207,0.6481760144233704,0.46767985820770264,0.43359299231729115,0.7599712808015457,0.6507587432861328,0.3492412865161896,0.46767985820770264,0.36783090978860855
1147,6,3,6,0.011703683994710445,0.9882963299751282,6,1,6,1,0.238191157579422,0.629277229309082,0.4448115825653076,0.4631833732623702,0.8101044964448076,0.16733607649803162,0.8326639533042908,0.4448115825653076,0.10268014669418335
1148,2,2,2,0.01024351641535759,0.9897564649581909,2,1,2,1,0.9976766109466553,0.8975516557693481,0.7996419668197632,0.10808460510117747,0.22359119296608174,0.7432747483253479,0.2567252218723297,0.7996419668197632,0.7460830882191658
1149,1,1,1,0.010284175164997578,0.9897158145904541,1,1,1,1,0.9219386577606201,0.6462854743003845,0.5035299062728882,0.43651396213159405,0.6861121718190407,0.9046463370323181,0.09535366296768188,0.5035299062728882,0.406344935297966
1150,4,4,4,0.010270504280924797,0.9897295236587524,4,1,4,1,0.9999967217445374,0.989876925945282,0.9579277634620667,0.010174660808516292,0.04298290733853495,0.6439277529716492,0.3560722768306732,0.9579277634620667,0.9531530565582216
1151,17,17,17,0.010271098464727402,0.9897289276123047,17,1,17,1,0.9937482476234436,0.86183762550354,0.9242762923240662,0.14868839554765617,0.07874423437058725,0.8621989488601685,0.13780106604099274,0.9242762923240662,0.8740363754332066
1152,8,8,9,0.010321386158466339,0.9896786212921143,9,0,8,1,0.008736892603337765,0.013310639187693596,0.18313652276992798,4.319191624610714,1.6975233782146568,0.9989744424819946,0.0010256291134282947,0.18313652276992798,0.013377085328102112
1153,8,8,8,0.013726471923291683,0.9862735271453857,8,1,8,1,0.9936658143997192,0.8894844651222229,0.8427209854125977,0.11711323675925442,0.1711193539238882,0.6989725232124329,0.3010275661945343,0.8427209854125977,0.7496172040700912
1154,24,24,24,0.013705999590456486,0.9862939715385437,24,1,24,1,0.9183362722396851,0.66823410987854,0.9158594608306885,0.40311670295358565,0.08789235311987233,0.8486413359642029,0.1513586938381195,0.9158594608306885,0.8719680644571781
1155,12,8,12,0.013972749002277851,0.9860272407531738,12,1,12,1,0.37916767597198486,0.9643089175224304,0.8506373763084412,0.036343581844521175,0.1617693560176627,0.11437980830669403,0.8856202363967896,0.8506373763084412,0.8155711218714714
1156,12,8,12,0.012796509079635143,0.9872034788131714,12,1,12,1,0.1399533599615097,0.7622269988059998,0.7336106896400452,0.27151086896295923,0.3097767866628864,0.13139276206493378,0.868607223033905,0.7336106896400452,0.5678767561912537
1157,23,23,19,0.010157271288335323,0.9898427128791809,19,0,23,1,0.345598965883255,0.07748833298683167,0.12367615103721619,2.5576278960608336,2.09008881496026,0.9215819835662842,0.07841802388429642,0.12367615103721619,0.004631601274013519
1158,21,21,21,0.011387274600565434,0.988612711429596,21,1,21,1,0.9832345247268677,0.9946687817573547,0.9643958210945129,0.00534547989719922,0.03625346585071318,0.6796022653579712,0.3203977346420288,0.9643958210945129,0.9592824215069413
1159,7,7,7,0.011198108084499836,0.988801896572113,7,1,7,1,0.8526524305343628,0.4315679967403412,0.53766268491745,0.8403301986246698,0.6205238951616661,0.8229802250862122,0.17701977491378784,0.53766268491745,0.47352612763643265
1160,23,13,23,0.011672399938106537,0.9883276224136353,23,1,23,1,0.19857606291770935,0.8148025274276733,0.6329416036605835,0.20480949273484536,0.45737711439437434,0.690733790397644,0.30926626920700073,0.6329416036605835,0.5660439506173134
1161,14,14,14,0.010327511467039585,0.9896724820137024,14,1,14,1,0.9657876491546631,0.4823528826236725,0.6293147206306458,0.7290793111759633,0.4631237966512587,0.6252774596214294,0.37472254037857056,0.6293147206306458,0.40855084359645844
1162,16,16,25,0.01043581124395132,0.9895641803741455,25,0,16,1,0.3816055953502655,0.16738669574260712,0.287214457988739,1.7874485999357494,1.2475261018887258,0.9925079941749573,0.007492071483284235,0.287214457988739,0.15598982572555542
1163,3,3,15,0.011429006233811378,0.9885709881782532,15,0,15,0,0.007193354889750481,0.016493547707796097,0.02409258671104908,4.104786022567173,3.7258510911564184,0.1089310273528099,0.8910689949989319,0.7973065376281738,0.7732139509171247
1164,10,10,10,0.014570395462214947,0.985429584980011,10,1,10,1,0.98867267370224,0.805207371711731,0.8609742522239685,0.21665543012709843,0.1496906795033335,0.8759701251983643,0.12402985990047455,0.8609742522239685,0.826557494699955
1165,14,17,14,0.014725392684340477,0.985274612903595,14,1,14,1,0.25910770893096924,0.8376526832580566,0.5960314869880676,0.17715172353123773,0.5174617827953779,0.9656184911727905,0.03438149392604828,0.5960314869880676,0.4240756332874298
1166,18,12,18,0.01355968788266182,0.9864403009414673,18,1,18,1,0.4387258291244507,0.5686280131340027,0.47922733426094055,0.5645288141233702,0.7355801923616627,0.8173410296440125,0.18265894055366516,0.47922733426094055,0.17993775010108948
1167,19,19,19,0.012638530693948269,0.987361490726471,19,1,19,1,0.9990325570106506,0.9210277795791626,0.761652410030365,0.08226508077219231,0.27226498218154205,0.2904609143733978,0.7095390558242798,0.761652410030365,0.6856903359293938
1168,17,14,14,0.012684422545135021,0.9873155951499939,14,0,14,0,0.9322764277458191,0.003726627677679062,0.010443884879350662,5.592251562139276,4.561738650864884,0.6184335947036743,0.3815663158893585,0.8951587677001953,0.8451345860958099
1169,4,4,13,0.014806183986365795,0.9851937890052795,13,0,4,1,0.44914302229881287,0.27223798632621765,0.6838570237159729,1.3010786455027898,0.38000641286434017,0.8830466270446777,0.11695338040590286,0.6838570237159729,0.64209970459342
1170,6,6,6,0.015516221523284912,0.9844837784767151,6,1,6,1,0.7763303518295288,0.5956088304519653,0.6723471879959106,0.5181711521371838,0.3969804230725909,0.534805953502655,0.4651940166950226,0.6723471879959106,0.6150664240121841
1171,14,14,14,0.015451215207576752,0.984548807144165,14,1,14,1,0.9202849864959717,0.9546096324920654,0.9186019897460938,0.04645278385569293,0.08490234102911283,0.5824033617973328,0.4175967276096344,0.9186019897460938,0.8964987229555845
1172,16,16,25,0.015167266130447388,0.984832763671875,25,0,16,1,0.00687205046415329,0.020112039521336555,0.34694454073905945,3.9064366620736983,1.0585903367681306,0.9831246137619019,0.01687539927661419,0.34694454073905945,0.10709525644779205
1173,15,15,11,0.019527386873960495,0.9804726243019104,11,0,15,1,0.373945951461792,0.19778071343898773,0.4664039611816406,1.6205963699115484,0.7627031508823481,0.9487415552139282,0.051258381456136703,0.4664039611816406,0.2961670458316803
1174,14,14,1,0.021209340542554855,0.9787906408309937,1,0,14,1,0.24667371809482574,0.1426398754119873,0.4946703612804413,1.947432178871357,0.7038636750550422,0.9505610466003418,0.04943893477320671,0.4946703612804413,0.3818366602063179
1175,0,0,0,0.0234487596899271,0.9765512347221375,0,1,0,1,1.0,0.9998765587806702,0.9892147183418274,0.00012344883882419504,0.010843864410157843,0.5689391493797302,0.4310608506202698,0.9892147183418274,0.9881585211260244
1176,25,25,18,0.023448390886187553,0.9765515923500061,18,0,18,0,0.2613983750343323,0.014831079170107841,0.01309969648718834,4.2110303560862095,4.335166217960356,0.8962564468383789,0.10374359786510468,0.44334691762924194,0.3205297589302063
1177,3,3,3,0.027555501088500023,0.972444474697113,3,1,3,1,0.9616955518722534,0.507626473903656,0.6385008096694946,0.6780093894513881,0.4486323354296977,0.8831332325935364,0.11686675995588303,0.6385008096694946,0.5036173164844513
1178,5,1,5,0.028120141476392746,0.9718798398971558,5,1,5,1,0.7090808153152466,0.9437627792358398,0.8308524489402771,0.057880437598431735,0.18530305832734031,0.3898071050643921,0.6101929545402527,0.8308524489402771,0.7678539231419563
1179,18,11,18,0.02718484215438366,0.9728151559829712,18,1,18,1,0.04051339626312256,0.9151400327682495,0.579953670501709,0.08867818413946182,0.5448070570774542,0.6231443881988525,0.3768555521965027,0.579953670501709,0.4473271071910858
1180,6,6,6,0.02266518957912922,0.9773347973823547,6,1,6,1,0.8801741003990173,0.363739937543869,0.510527491569519,1.011316123988704,0.6723107905854397,0.7720939517021179,0.2279060035943985,0.510527491569519,0.20781570672988892
1181,14,14,14,0.023132512345910072,0.9768674969673157,14,1,14,1,0.9111241102218628,0.9597358107566833,0.9259775280952454,0.041097229522388375,0.0769053123461412,0.42645686864852905,0.573543131351471,0.9259775280952454,0.9077209830284119
1182,10,10,10,0.022658970206975937,0.9773410558700562,10,1,10,1,0.8642956018447876,0.5954756736755371,0.8103757500648499,0.5183947412721637,0.21025724990992628,0.6768397092819214,0.3231602609157562,0.8103757500648499,0.7333666607737541
1183,2,21,2,0.023258136585354805,0.9767418503761292,2,1,2,1,0.015107199549674988,0.933397650718689,0.7349697351455688,0.0689239623769291,0.3079259572897783,0.287558913230896,0.712441086769104,0.7349697351455688,0.657835491001606
1184,26,7,7,0.018391819670796394,0.9816081523895264,7,0,7,0,0.8481602072715759,0.17108915746212006,0.045863259583711624,1.7655704696879524,3.082090927241941,0.7889807224273682,0.21101929247379303,0.7217758297920227,0.6759125702083111
1185,3,3,6,0.015609350055456161,0.9843906760215759,6,0,3,1,0.4163457453250885,0.1678932160139084,0.45616471767425537,1.7844271206350832,0.7849013117232029,0.7172269225120544,0.28277304768562317,0.45616471767425537,0.30122362077236176
1186,8,9,8,0.0170895978808403,0.9829103946685791,8,1,8,1,0.03621388599276543,0.97972172498703,0.9410967230796814,0.020486701734984118,0.060709357134209,0.019484518095850945,0.9805154800415039,0.9410967230796814,0.926023444160819
1187,11,11,11,0.014186359941959381,0.9858136177062988,11,1,11,1,0.9237813353538513,0.57444828748703,0.5752488374710083,0.5543451988221533,0.5529525709795977,0.7607554793357849,0.23924453556537628,0.5752488374710083,0.4536457732319832
1188,9,9,9,0.014573900029063225,0.985426127910614,9,1,9,1,0.5721458792686462,0.8942191004753113,0.7309525012969971,0.11180445500408946,0.3134067990493875,0.4920567572116852,0.5079432725906372,0.7309525012969971,0.6573378071188927
1189,1,8,1,0.013653931207954884,0.9863460659980774,1,1,1,1,0.009922238998115063,0.9657753705978394,0.710788369178772,0.034824007423219464,0.3413805458366811,0.785167932510376,0.21483202278614044,0.710788369178772,0.6269110068678856
1190,21,21,21,0.010700839571654797,0.9892991781234741,21,1,21,1,0.9998922348022461,0.9925109148025513,0.9568125605583191,0.007517269199093712,0.044147768198108436,0.7300021052360535,0.2699979245662689,0.9568125605583191,0.9450579015538096
1191,27,14,27,0.01068277470767498,0.9893172383308411,27,1,27,1,0.18818211555480957,0.6574427485466003,0.553344190120697,0.41939759317525754,0.5917750657920864,0.08738076686859131,0.9126192331314087,0.553344190120697,0.3678649216890335
1192,6,6,6,0.010211302898824215,0.9897887110710144,6,1,6,1,0.9252417087554932,0.5567898750305176,0.7001124024391174,0.5855673543396944,0.3565143819164789,0.7373038530349731,0.26269617676734924,0.7001124024391174,0.6174420341849327
1193,16,16,16,0.010478392243385315,0.9895216226577759,16,1,16,1,0.9985281229019165,0.9263285994529724,0.8381262421607971,0.07652624826304008,0.17658654287624434,0.5904406905174255,0.4095592498779297,0.8381262421607971,0.7934591174125671
1194,6,15,3,0.010517125949263573,0.9894828796386719,3,0,6,1,0.1556117832660675,0.3890109658241272,0.30198124051094055,0.9441477459817679,1.1973903810500819,0.8195505738258362,0.18044942617416382,0.30198124051094055,0.020081043243408203
1195,17,17,17,0.010480600409209728,0.9895194172859192,17,1,17,1,0.9986956119537354,0.9043256044387817,0.935350239276886,0.10056580153858295,0.06683423237190796,0.7595403790473938,0.24045957624912262,0.935350239276886,0.89350975304842
1196,26,26,26,0.010501795448362827,0.9894981980323792,26,1,26,1,0.9940948486328125,0.8636281490325928,0.7915554046630859,0.1466129858835829,0.23375540253659136,0.7441938519477844,0.2558061182498932,0.7915554046630859,0.7335539422929287
1197,26,26,26,0.010578835383057594,0.9894211888313293,26,1,26,1,0.9999983310699463,0.9983833432197571,0.9655580520629883,0.0016179649799455318,0.035049052496450635,0.7414376735687256,0.258562296628952,0.9655580520629883,0.9597434131428599
1198,0,0,0,0.010576660744845867,0.9894233345985413,0,1,0,1,0.9924368262290955,0.9985697865486145,0.9763546586036682,0.0014312371828632052,0.023929378858590936,0.672233521938324,0.327766478061676,0.9763546586036682,0.9683043016120791
1199,14,26,17,0.010508382692933083,0.9894916415214539,17,0,26,0,0.16262421011924744,0.08906871825456619,0.06160075217485428,2.418347091957762,2.7870811978864607,0.9825531244277954,0.01744695007801056,0.2855716049671173,0.06111504137516022
1200,22,18,25,0.011270709335803986,0.9887292981147766,25,0,25,0,0.06190597638487816,0.002047186018899083,0.01619674824178219,6.191289102519173,4.122944782707836,0.10623105615377426,0.8937689661979675,0.7064814567565918,0.6659636273980141
1201,0,0,0,0.014853419736027718,0.9851465821266174,0,1,0,1,0.9981440305709839,0.9977556467056274,0.9571437835693359,0.002246875629942333,0.043801654750599925,0.24659784138202667,0.7534021735191345,0.9571437835693359,0.9509097365662456
1202,17,27,9,0.014753135852515697,0.9852468371391296,9,0,27,0,0.7136280536651611,0.08104339241981506,0.13937224447727203,2.5127705588638722,1.9706069075298522,0.8868740200996399,0.11312594264745712,0.5715216994285583,0.3783440440893173
1203,7,5,7,0.015756048262119293,0.9842439293861389,7,1,7,1,0.361605167388916,0.9818490743637085,0.8856521248817444,0.018317674533494515,0.12143104105223741,0.5522099733352661,0.44779008626937866,0.8856521248817444,0.8256563283503056
1204,3,3,11,0.014476324431598186,0.9855237007141113,11,0,3,1,0.6053682565689087,0.28846344351768494,0.6229523420333862,1.2431869133063838,0.47328526065947574,0.6995606422424316,0.30043938755989075,0.6229523420333862,0.4601617902517319
1205,12,12,12,0.015336892567574978,0.9846631288528442,12,1,12,1,0.9979731440544128,0.9940434098243713,0.9125587940216064,0.00597440142364637,0.09150276379662983,0.7223688364028931,0.27763110399246216,0.9125587940216064,0.8926876969635487
1206,0,0,0,0.015241321176290512,0.9847586750984192,0,1,0,1,0.996964156627655,0.995625913143158,0.9549685716629028,0.004383681162530459,0.046076848296433055,0.5435228943824768,0.45647719502449036,0.9549685716629028,0.9482941799797118
1207,5,5,5,0.015140957199037075,0.984859049320221,5,1,5,1,0.835993230342865,0.9886727333068848,0.9006978273391724,0.011391908787563035,0.10458545238678661,0.7682076692581177,0.23179231584072113,0.9006978273391724,0.8801534473896027
1208,24,24,24,0.01456650160253048,0.9854335188865662,24,1,24,1,0.8647326827049255,0.6131094098091125,0.8654348254203796,0.4892118764123159,0.14452321000845886,0.8817219138145447,0.11827809363603592,0.8654348254203796,0.8096560128033161
1209,27,8,27,0.01492854580283165,0.9850714802742004,27,1,27,1,0.4878557622432709,0.6598886847496033,0.40076515078544617,0.4156841176565718,0.9143796821298859,0.9525529742240906,0.047447022050619125,0.40076515078544617,0.28204842656850815
1210,4,4,4,0.01438448578119278,0.9856154918670654,4,1,4,1,0.9473662972450256,0.5270512104034424,0.6622844338417053,0.6404575617207405,0.41206015695070003,0.8010600805282593,0.1989399641752243,0.6622844338417053,0.6213169619441032
1211,19,9,19,0.014431491494178772,0.9855685234069824,19,1,19,1,0.3633486032485962,0.9212714433670044,0.696907639503479,0.08200055936738715,0.36110238847480447,0.5703519582748413,0.4296480417251587,0.696907639503479,0.6079292595386505
1212,27,27,27,0.013593053445219994,0.9864069223403931,27,1,27,1,0.9663739800453186,0.865342915058136,0.7583827376365662,0.14462941701607224,0.2765670898555338,0.452562153339386,0.547437846660614,0.7583827376365662,0.6702055335044861
1213,14,9,14,0.013360531069338322,0.9866394400596619,14,1,14,1,0.06038668379187584,0.9404884576797485,0.7894911766052246,0.0613559028525127,0.23636662127640934,0.5663740038871765,0.4336260259151459,0.7894911766052246,0.6894309967756271
1214,2,2,2,0.011009255424141884,0.9889907240867615,2,1,2,1,0.9927554726600647,0.8842861652374268,0.7494344115257263,0.12297455239738976,0.28843647490746727,0.4655335545539856,0.5344665050506592,0.7494344115257263,0.643460176885128
1215,25,25,25,0.010908510535955429,0.9890915155410767,25,1,25,1,0.7889482378959656,0.4353027641773224,0.3643220365047455,0.8317134803927663,1.0097170868032534,0.9081993699073792,0.09180064499378204,0.3643220365047455,0.13624687492847443
1216,15,11,15,0.011349956505000591,0.9886500239372253,15,1,15,1,0.17321929335594177,0.9410429000854492,0.899269700050354,0.06076655054705086,0.10617228944552447,0.21126946806907654,0.7887305021286011,0.899269700050354,0.8766769841313362
1217,11,21,11,0.010190200060606003,0.9898098111152649,11,1,11,1,0.31466662883758545,0.6734685897827148,0.6010036468505859,0.3953139215129384,0.5091542764943147,0.6423994302749634,0.35760053992271423,0.6010036468505859,0.47082431614398956
1218,4,26,25,0.010195698589086533,0.9898043274879456,25,0,25,0,0.012468945235013962,0.013948936015367508,0.026557575911283493,4.2723520449233865,3.628440226939589,0.17120565474033356,0.8287943601608276,0.5785834789276123,0.5356397740542889
1219,17,17,17,0.012406840920448303,0.9875931739807129,17,1,17,1,0.9905449748039246,0.8363590240478516,0.8998770713806152,0.17869730348397694,0.1054971123416005,0.7666558027267456,0.23334422707557678,0.8998770713806152,0.8738503195345402
1220,6,6,6,0.012448211200535297,0.9875518083572388,6,1,6,1,0.9995190501213074,0.9294673800468445,0.9005612134933472,0.07314356652268529,0.10473713944899173,0.4867686331272125,0.5132313370704651,0.9005612134933472,0.8778920061886311
1221,3,6,6,0.012468705885112286,0.987531304359436,6,0,3,1,0.9291037321090698,0.31320321559906006,0.4256439208984375,1.1609030479991,0.8541521486794962,0.7865186333656311,0.2134813368320465,0.4256439208984375,0.01185193657875061
1222,26,26,26,0.012749943882226944,0.987250030040741,26,1,26,1,0.9999998807907104,0.9992370009422302,0.9833294153213501,0.0007632902897000695,0.016811102743285056,0.8510486483573914,0.14895127713680267,0.9833294153213501,0.9816138499882072
1223,26,26,26,0.012749958783388138,0.987250030040741,26,1,26,1,0.9760927557945251,0.7486059069633484,0.7349522113800049,0.2895425928625385,0.3079498004137023,0.8401137590408325,0.15988625586032867,0.7349522113800049,0.7048987727612257
1224,19,19,22,0.01293510664254427,0.9870648980140686,22,0,19,1,0.454814076423645,0.23730945587158203,0.3937534987926483,1.438390268582183,0.9320302030591741,0.7262763381004333,0.27372366189956665,0.3937534987926483,0.1285037398338318
1225,13,21,4,0.013895608484745026,0.9861043691635132,4,0,4,0,0.2421712428331375,0.1270294487476349,0.012075078673660755,2.063336339500898,4.416611564047686,0.22394396364688873,0.7760560512542725,0.8301443457603455,0.805979548022151
1226,16,16,16,0.012820739299058914,0.9871792793273926,16,1,16,1,0.9997777938842773,0.9596829414367676,0.8804967403411865,0.04115231840788428,0.1272690531070315,0.561951756477356,0.43804818391799927,0.8804967403411865,0.849537368863821
1227,4,4,20,0.012835430912673473,0.9871645569801331,20,0,4,1,0.04505885764956474,0.028570011258125305,0.2107904702425003,3.5553976686854445,1.556890670915095,0.513809859752655,0.48619014024734497,0.2107904702425003,0.0397663414478302
1228,16,16,16,0.015723615884780884,0.9842764139175415,16,1,16,1,0.9998283982276917,0.9705151915550232,0.8926328420639038,0.02992822316737892,0.11357993375567918,0.49967050552368164,0.5003294944763184,0.8926328420639038,0.8400172553956509
1229,1,7,1,0.01573948562145233,0.9842604994773865,1,1,1,1,0.00777159258723259,0.9171993136405945,0.7120375037193298,0.0864304763189964,0.3396246951942715,0.1825874000787735,0.8174126148223877,0.7120375037193298,0.6622784063220024
1230,17,8,27,0.01211960706859827,0.9878804087638855,27,0,27,0,0.22332806885242462,0.36531054973602295,0.14592812955379486,1.0070074659482433,1.9246410418053428,0.8691053986549377,0.13089457154273987,0.48910894989967346,0.3431808203458786
1231,24,24,24,0.011134188622236252,0.9888657927513123,24,1,24,1,0.9986635446548462,0.9446113109588623,0.9681705236434937,0.05698174725467226,0.03234704643131667,0.7008973956108093,0.2991025447845459,0.9681705236434937,0.9528181301429868
1232,1,7,1,0.01116560585796833,0.9888343811035156,1,1,1,1,0.427824467420578,0.8420853018760681,0.5898404121398926,0.1718739612297731,0.5279032665693086,0.20352162420749664,0.7964784502983093,0.5898404121398926,0.48911507427692413
1233,25,25,25,0.010376089252531528,0.9896239042282104,25,1,25,1,0.9702014923095703,0.707493782043457,0.6104264855384827,0.3460264381345207,0.49359740949044584,0.3930336534976959,0.6069663763046265,0.6104264855384827,0.4154804199934006
1234,9,17,27,0.010512148961424828,0.9894878268241882,27,0,27,0,0.35856109857559204,0.03403506800532341,0.03376956284046173,3.380363873984515,3.3881953898724264,0.8566954135894775,0.14330457150936127,0.687498927116394,0.5122446715831757
1235,12,6,12,0.011830627918243408,0.9881693720817566,12,1,12,1,0.026240050792694092,0.9651104211807251,0.8118384480476379,0.03551275809530161,0.20845391422110848,0.027573728933930397,0.9724262952804565,0.8118384480476379,0.7671000696718693
1236,6,6,3,0.010030106641352177,0.9899699091911316,3,0,3,0,0.5851123332977295,0.3904263973236084,0.34155115485191345,0.9405158106337563,1.074257816601055,0.6212103962898254,0.37878960371017456,0.41570916771888733,0.07415801286697388
1237,6,6,6,0.010476677678525448,0.9895233511924744,6,1,6,1,0.9896963834762573,0.8120344877243042,0.8341072201728821,0.20821246715551595,0.18139332352832171,0.5677036046981812,0.4322963356971741,0.8341072201728821,0.7983119785785675
1238,9,9,9,0.010584322735667229,0.98941570520401,9,1,9,1,0.9833050966262817,0.8019750714302063,0.8002180457115173,0.22067775460343947,0.2228710313117624,0.6451454162597656,0.3548545241355896,0.8002180457115173,0.741959385573864
1239,25,25,2,0.010680717416107655,0.9893192648887634,2,0,2,0,0.048252638429403305,0.03241875767707825,0.11768712848424911,3.429018083054775,2.1397256293684817,0.8366828560829163,0.16331717371940613,0.31270790100097656,0.0075550377368927
1240,2,2,22,0.012687885202467442,0.9873121380805969,22,0,2,1,0.6513953804969788,0.3488394320011139,0.5220306515693665,1.0531435428751252,0.6500289733418747,0.8553881049156189,0.1446119248867035,0.5220306515693665,0.3362935334444046
1241,24,24,24,0.013288748450577259,0.9867112636566162,24,1,24,1,0.9996150732040405,0.9677573442459106,0.9688267707824707,0.032773900562309735,0.03166945419515387,0.7716977596282959,0.2283022105693817,0.9688267707824707,0.9542671795934439
1242,4,4,4,0.013310006819665432,0.9866899847984314,4,1,4,1,0.9999433755874634,0.9753453135490417,0.9427226185798645,0.024963702944273518,0.058983187466082575,0.5758489966392517,0.4241510033607483,0.9427226185798645,0.9338216288015246
