round,ground_truth,agent0_pred,agent1_pred,hedge0,hedge1,fused_B0_pred,acc_B0,fused_M1_pred,acc_M1,cos_sim_beliefs,p_b0_gt,p_m1_gt,loss_b0,loss_m1,pi0,pi1,m1_conf_top1,m1_margin
0,4,13,13,0.5,0.5,13,0,13,0,0.9862426519393921,0.0665033832192421,0.11594812572002411,2.710502457137117,2.154612379964723,0.8020697832107544,0.19793018698692322,0.47141334414482117,0.35546521842479706
1,15,15,15,0.4485894739627838,0.5514105558395386,15,1,15,1,0.991400420665741,0.886227011680603,0.5739595890045166,0.12078214033754602,0.5551962875720938,0.4577101469039917,0.5422898530960083,0.5739595890045166,0.5115931108593941
2,4,5,4,0.4508799612522125,0.5491200685501099,4,1,4,1,0.025323251262307167,0.4083631932735443,0.1386876255273819,0.8955983209608329,1.9755311731801755,0.7098719477653503,0.29012805223464966,0.1386876255273819,0.06024101376533508
3,21,21,21,0.38013216853141785,0.6198678612709045,21,1,21,1,0.9720593690872192,0.8599238395690918,0.5171278715133667,0.1509114522967225,0.6594651013740801,0.773777961730957,0.22622208297252655,0.5171278715133667,0.37884384393692017
4,3,3,3,0.3830297291278839,0.6169702410697937,3,1,15,0,0.9616955518722534,0.5997565984725952,0.15459303557872772,0.511231375284347,1.866959191846562,0.7594801783561707,0.24051986634731293,0.20094452798366547,0.046351492404937744
5,5,7,5,0.38797232508659363,0.6120277047157288,5,1,8,0,0.47807571291923523,0.5253583192825317,0.18922141194343567,0.6436747362774249,1.6648374578193164,0.5474711656570435,0.45252886414527893,0.21375122666358948,0.02452981472015381
6,2,2,2,0.374809592962265,0.6251903772354126,2,1,2,1,0.9985095262527466,0.928348183631897,0.7138189673423767,0.07434841868586042,0.3371258959305913,0.5718616247177124,0.42813840508461,0.7138189673423767,0.6657775118947029
7,7,7,7,0.37476903200149536,0.6252309679985046,7,1,7,1,0.993843138217926,0.8749688267707825,0.26733580231666565,0.13356701980684033,1.3192497242278802,0.4944249093532562,0.5055750608444214,0.26733580231666565,0.09612582623958588
8,24,24,24,0.37611299753189087,0.6238870024681091,24,1,24,1,0.7362610697746277,0.6977618336677551,0.7460755109786987,0.3598774469563781,0.29292846274982054,0.681388795375824,0.3186112344264984,0.7460755109786987,0.5985706150531769
9,23,18,18,0.3838765025138855,0.6161234974861145,18,0,25,0,0.5725117325782776,0.18592150509357452,0.08995283395051956,1.6824307099685347,2.4084698132395417,0.7193912863731384,0.28060874342918396,0.2347407191991806,0.05469980835914612
10,17,17,17,0.4239857792854309,0.5760142207145691,17,1,17,1,0.9999785423278809,0.9544180631637573,0.47028979659080505,0.04665348217912436,0.7544061857995394,0.7784485816955566,0.22155141830444336,0.47028979659080505,0.21395602822303772
11,21,21,21,0.4239264726638794,0.5760735273361206,21,1,21,1,0.9490372538566589,0.7990421056747437,0.4053654074668884,0.2243416366384645,0.9029663779910636,0.6632485389709473,0.33675146102905273,0.4053654074668884,0.23548851907253265
12,9,9,9,0.4276007413864136,0.5723992586135864,9,1,9,1,0.9112027883529663,0.7756760716438293,0.34873515367507935,0.25402027939718747,1.0534425168599937,0.5848115086555481,0.4151885211467743,0.34873515367507935,0.2669743150472641
13,13,6,21,0.41999441385269165,0.5800055861473083,21,0,21,0,0.06270439177751541,0.11870785802602768,0.12048379331827164,2.131089778832937,2.116240030380782,0.9129034876823425,0.08709657192230225,0.1588830053806305,0.022170305252075195
14,20,11,6,0.4041033089160919,0.5958967208862305,11,0,11,0,0.27186936140060425,0.10344753414392471,0.11598740518093109,2.2686907112861294,2.154273669797032,0.8036988973617554,0.19630107283592224,0.14887696504592896,0.032889559864997864
15,4,4,13,0.4025243818759918,0.5974755883216858,4,1,4,1,0.44914302229881287,0.43609583377838135,0.20586715638637543,0.8298932575420829,1.580524190122681,0.831204891204834,0.16879506409168243,0.20586715638637543,0.04248376190662384
16,24,24,24,0.41401407122612,0.5859858989715576,24,1,24,1,0.9986635446548462,0.9669154286384583,0.8779365420341492,0.03364424481111317,0.13018096354655595,0.8626110553741455,0.13738897442817688,0.8779365420341492,0.8393803834915161
17,3,3,3,0.4147055745124817,0.5852944254875183,3,1,3,1,0.9850383400917053,0.8443299531936646,0.39665794372558594,0.16921192098031415,0.9246809723942352,0.38252630829811096,0.6174736618995667,0.39665794372558594,0.22833776473999023
18,15,15,15,0.4174830913543701,0.5825169086456299,15,1,15,1,0.8941365480422974,0.7291038632392883,0.4554957449436188,0.3159390835426047,0.7863689038326305,0.7889527678489685,0.2110472023487091,0.4554957449436188,0.3670167401432991
19,8,8,8,0.4250636696815491,0.5749363303184509,8,1,8,1,0.9999822378158569,0.9922026991844177,0.7753371000289917,0.00782785871532329,0.25445737642050786,0.644935131072998,0.35506483912467957,0.7753371000289917,0.7447150964289904
20,17,17,17,0.42486652731895447,0.5751335024833679,17,1,17,1,0.9978122711181641,0.9246512651443481,0.4477667212486267,0.07833862321085497,0.8034828936830658,0.7324466109275818,0.26755332946777344,0.4477667212486267,0.2523795813322067
21,8,8,8,0.42432305216789246,0.5756769180297852,8,1,8,1,0.9545477628707886,0.8296846151351929,0.4659334421157837,0.18670963216768535,0.7637124831351098,0.4131726026535034,0.5868274569511414,0.4659334421157837,0.3629149869084358
22,0,0,0,0.41934308409690857,0.5806569457054138,0,1,0,1,0.9971543550491333,0.949923038482666,0.7167189121246338,0.05137430979271931,0.33307154854663684,0.5566539764404297,0.4433459937572479,0.7167189121246338,0.6611670069396496
23,8,8,8,0.41787418723106384,0.5821257829666138,8,1,8,1,0.9985201954841614,0.9689853191375732,0.7521846890449524,0.031505817734961424,0.2847733880520911,0.7265716791152954,0.2734283208847046,0.7521846890449524,0.6919592246413231
24,6,6,6,0.41713371872901917,0.5828662514686584,6,1,6,1,0.7763303518295288,0.5760282278060913,0.18930938839912415,0.551598612879233,1.664372626650001,0.6966035962104797,0.3033963739871979,0.18930938839912415,0.01006537675857544
25,6,4,4,0.4160972833633423,0.5839027166366577,4,0,4,0,0.7834557890892029,0.05474484711885452,0.04180464148521423,2.9050720312653695,3.174747905299816,0.8598906993865967,0.14010924100875854,0.2720007002353668,0.0749005675315857
26,14,14,14,0.4471011161804199,0.5528988838195801,14,1,9,0,0.7227166891098022,0.43836191296577454,0.2180173248052597,0.8247104244814786,1.523180747766987,0.6816992163658142,0.3183007836341858,0.24469603598117828,0.02667871117591858
27,0,0,0,0.4449792206287384,0.555020809173584,0,1,0,1,0.9998605847358704,0.9856314063072205,0.8232401609420776,0.014472821544960152,0.19450730927952734,0.5734026432037354,0.42659732699394226,0.8232401609420776,0.7566696926951408
28,4,21,4,0.44491589069366455,0.5550841093063354,4,1,4,1,0.3483486473560333,0.6379769444465637,0.321266770362854,0.449453133521404,1.1354834406711238,0.8593389987945557,0.14066101610660553,0.321266770362854,0.09046179056167603
29,15,15,15,0.42522379755973816,0.5747762322425842,15,1,15,1,0.9992352724075317,0.9729868173599243,0.7972158193588257,0.02738474533608949,0.22662984718906834,0.41594791412353516,0.5840520858764648,0.7972158193588257,0.7453143894672394
30,6,15,24,0.42451804876327515,0.5754819512367249,15,0,15,0,0.05237860605120659,0.038365237414836884,0.037753645330667496,3.2606035050532176,3.276673242898413,0.9586321115493774,0.04136788472533226,0.24193830788135529,0.13172344863414764
31,14,14,14,0.4461956024169922,0.5538043975830078,14,1,14,1,0.763805091381073,0.44327113032341003,0.1369064301252365,0.8135736638196516,1.9884575782857519,0.8063971996307373,0.19360285997390747,0.1369064301252365,0.011366814374923706
32,1,1,1,0.4415120780467987,0.5584878921508789,1,1,5,0,0.887962818145752,0.7217134237289429,0.1576104313135147,0.32612713892593703,1.847628915211193,0.6279417276382446,0.37205827236175537,0.20846201479434967,0.05085158348083496
33,2,2,2,0.4494205713272095,0.5505794286727905,2,1,2,1,0.9698145985603333,0.7795835137367249,0.5575368404388428,0.2489954586519583,0.5842266963264989,0.782192587852478,0.21780741214752197,0.5575368404388428,0.47276508063077927
34,10,10,24,0.4536426365375519,0.5463573336601257,10,1,24,0,0.14105527102947235,0.5120348334312439,0.1637687236070633,0.6693626222114417,1.8093000683648426,0.6209922432899475,0.3790077567100525,0.49944302439689636,0.33567430078983307
35,6,6,11,0.4810480773448944,0.518951952457428,6,1,3,0,0.11396851390600204,0.38223952054977417,0.1956310272216797,0.9617078497226748,1.6315249080834664,0.8893221616744995,0.1106778234243393,0.22295184433460236,0.02330198884010315
36,23,6,23,0.5121375322341919,0.4878624379634857,6,0,23,1,0.005432928446680307,0.3845333755016327,0.22611354291439056,0.9557246914585955,1.486718003595556,0.8714945912361145,0.12850534915924072,0.22611354291439056,0.02804434299468994
37,14,14,14,0.4332074522972107,0.5667925477027893,14,1,14,1,0.9834511876106262,0.8941715955734253,0.46162697672843933,0.11185758086970946,0.7729981237098548,0.6215602159500122,0.3784397840499878,0.46162697672843933,0.2996862232685089
38,21,21,21,0.4301651120185852,0.5698348879814148,21,1,21,1,0.726520299911499,0.6916841864585876,0.3523031175136566,0.36862580548659774,1.0432633446429973,0.32371971011161804,0.6762803196907043,0.3523031175136566,0.11807361245155334
39,27,9,9,0.4383107125759125,0.5616893172264099,9,0,9,0,0.7974069714546204,0.2125808447599411,0.17570917308330536,1.5484329170397335,1.7389250763681638,0.5909452438354492,0.4090547263622284,0.38929283618927,0.19772258400917053
40,19,19,5,0.42081066966056824,0.5791893601417542,19,1,19,1,0.41652336716651917,0.4722914695739746,0.2134963423013687,0.7501589636999307,1.544135578538112,0.29985329508781433,0.7001466751098633,0.2134963423013687,0.01583494246006012
41,0,0,0,0.433169424533844,0.566830575466156,0,1,0,1,0.9999927282333374,0.9954413175582886,0.8813279271125793,0.004569104921760578,0.12632550083600944,0.6323306560516357,0.36766934394836426,0.8813279271125793,0.8495459817349911
42,2,3,2,0.43306681513786316,0.5669331550598145,2,1,2,1,0.07033160328865051,0.525763988494873,0.33521172404289246,0.642902858010774,1.092992934724252,0.1799638271331787,0.8200362324714661,0.33521172404289246,0.2395612746477127
43,6,6,3,0.3873801529407501,0.6126198172569275,3,0,3,0,0.6489232182502747,0.4391677975654602,0.2433425635099411,0.8228737121364278,1.4132851019945842,0.7741857767105103,0.22581425309181213,0.3977023959159851,0.154359832406044
44,16,16,16,0.39616748690605164,0.603832483291626,16,1,16,1,0.9993407726287842,0.958669126033783,0.5645344257354736,0.0422092834087931,0.5717539127780737,0.7963494658470154,0.2036505937576294,0.5645344257354736,0.4525122195482254
45,24,24,10,0.39660826325416565,0.6033917665481567,10,0,24,1,0.0768556222319603,0.43949395418167114,0.6608259081840515,0.8221313180796875,0.41426485024363474,0.4451093077659607,0.5548906922340393,0.6608259081840515,0.38764724135398865
46,8,8,8,0.4285670220851898,0.5714330077171326,8,1,8,1,0.9550809264183044,0.8541010022163391,0.5556749105453491,0.1577058226126943,0.5875718489950797,0.33742445707321167,0.6625755429267883,0.5556749105453491,0.4631010368466377
47,20,20,11,0.4242636561393738,0.5757363438606262,11,0,20,1,0.2364092618227005,0.4348573386669159,0.33588695526123047,0.832737258770689,1.0909806183033766,0.5886701941490173,0.41132980585098267,0.33588695526123047,0.08395358920097351
48,26,26,26,0.4480484127998352,0.5519515872001648,26,1,26,1,0.9847475290298462,0.7981448173522949,0.2366146445274353,0.22546522261817722,1.4413224336329595,0.669757068157196,0.33024290204048157,0.2366146445274353,0.15542453527450562
49,26,26,26,0.453654944896698,0.546345055103302,26,1,26,1,0.9944509863853455,0.9136878252029419,0.4429299533367157,0.09026631378676836,0.8143436403178548,0.5949273705482483,0.4050725996494293,0.4429299533367157,0.30631445348262787
50,10,10,10,0.45578524470329285,0.5442147254943848,10,1,10,1,0.9999966621398926,0.9970783591270447,0.80513596534729,0.002925917196936961,0.21674411477321634,0.5957418084144592,0.4042581617832184,0.80513596534729,0.7602296993136406
51,26,26,26,0.45582902431488037,0.5441709756851196,26,1,26,1,0.9940948486328125,0.924757719039917,0.510740339756012,0.07822350114040241,0.6718939593036819,0.5687813758850098,0.43121859431266785,0.510740339756012,0.40330200642347336
52,6,3,13,0.4576619267463684,0.5423380732536316,3,0,6,1,0.5490344166755676,0.3140711188316345,0.22133581340312958,1.1581358256251948,1.5080742131019684,0.898812472820282,0.10118754953145981,0.22133581340312958,0.009063825011253357
53,15,15,15,0.4576452374458313,0.5423547625541687,15,1,15,1,0.998996913433075,0.9452665448188782,0.7199432849884033,0.05628833324988145,0.3285828409240622,0.59633868932724,0.4036613702774048,0.7199432849884033,0.6875253394246101
54,10,10,10,0.4588494598865509,0.5411505699157715,10,1,10,1,0.8748443126678467,0.7309532165527344,0.2669028043746948,0.31340582052426297,1.3208707154155632,0.8559837341308594,0.14401626586914062,0.2669028043746948,0.111739382147789
55,5,1,1,0.46737056970596313,0.5326294302940369,1,0,1,0,0.7757973670959473,0.20367158949375153,0.20765429735183716,1.5912464377703486,1.571880613950544,0.7339643836021423,0.26603567600250244,0.22131748497486115,0.013663187623023987
56,3,6,3,0.5082523226737976,0.4917476773262024,3,1,3,1,0.5016993880271912,0.5300825238227844,0.31129026412963867,0.6347225792307772,1.167029476904342,0.8568137288093567,0.1431862860918045,0.31129026412963867,0.1037708967924118
57,2,22,2,0.49241721630096436,0.5075827836990356,2,1,2,1,0.2087520807981491,0.43215861916542053,0.47902712225914,0.8389625841358728,0.7359980605037862,0.021560007706284523,0.9784399271011353,0.47902712225914,0.3271271735429764
58,14,21,14,0.45941728353500366,0.5405827164649963,14,1,14,1,0.3290168046951294,0.2507975399494171,0.15288914740085602,1.3831092790856045,1.8780421469778747,0.36991456151008606,0.6300854086875916,0.15288914740085602,0.0681394636631012
59,17,17,27,0.4457457959651947,0.5542542338371277,27,0,27,0,0.03398682922124863,0.10222552716732025,0.049655087292194366,2.280573855813251,3.002654430654453,0.1107184961438179,0.8892814517021179,0.14551310241222382,0.061021558940410614
60,2,2,2,0.4683498442173004,0.5316501259803772,2,1,2,1,0.9927554726600647,0.8155511617660522,0.6838369965553284,0.2038911222046251,0.38003569888935623,0.5114571452140808,0.4885427951812744,0.6838369965553284,0.6207992434501648
61,6,1,6,0.4660361409187317,0.5339638590812683,6,1,6,1,0.01260971836745739,0.4290292263031006,0.20957604050636292,0.8462302357939762,1.5626686436304458,0.6120536923408508,0.38794639706611633,0.20957604050636292,0.03854495286941528
62,6,3,6,0.4032236635684967,0.5967763662338257,3,0,3,0,0.238191157579422,0.3855254054069519,0.17219293117523193,0.9531481856678605,1.7591397379168456,0.4411605894565582,0.5588393807411194,0.2598762810230255,0.08768334984779358
63,18,18,18,0.3582530617713928,0.6417469382286072,18,1,25,0,0.7153067588806152,0.4044598639011383,0.1307351440191269,0.9052027713840236,2.034581803761118,0.45409443974494934,0.545905590057373,0.13969147205352783,0.00895632803440094
64,5,5,5,0.35390058159828186,0.6460994482040405,5,1,5,1,0.9818227887153625,0.7728294730186462,0.39431414008140564,0.25769685884697574,0.9306073775155695,0.7383334636688232,0.26166653633117676,0.39431414008140564,0.26965397596359253
65,25,25,25,0.35500064492225647,0.6449993848800659,25,1,22,0,0.7889482378959656,0.6172086596488953,0.12901246547698975,0.4825481280521947,2.047846247684426,0.5241743326187134,0.475825697183609,0.21214371919631958,0.08313125371932983
66,14,27,9,0.3642389476299286,0.6357610821723938,9,0,9,0,0.05945884436368942,0.15309542417526245,0.18170322477817535,1.8766938645818538,1.7053805559214572,0.5290720462799072,0.4709279239177704,0.2744311988353729,0.04732625186443329
67,24,24,24,0.3231775760650635,0.6768224239349365,24,1,24,1,0.9907878637313843,0.7878376841545105,0.5646323561668396,0.23846319491748863,0.5715804566807442,0.6119752526283264,0.3880247175693512,0.5646323561668396,0.4863904193043709
68,14,17,14,0.3272206783294678,0.6727793216705322,14,1,14,1,0.21016517281532288,0.6983314156532288,0.5581992268562317,0.35906148137907445,0.5830393429467439,0.5914809107780457,0.4085191488265991,0.5581992268562317,0.42829927802085876
69,21,21,21,0.3058464229106903,0.6941536068916321,21,1,21,1,0.9997391104698181,0.9837071299552917,0.6999529600143433,0.016427058390381628,0.35674214617626177,0.6501795649528503,0.3498203456401825,0.6999529600143433,0.6239907965064049
70,18,18,25,0.3053145408630371,0.6946854591369629,25,0,25,0,0.19983656704425812,0.32761090993881226,0.13011832535266876,1.1159286249362157,2.039311047482333,0.889337956905365,0.1106620579957962,0.2766164243221283,0.14649809896945953
71,27,27,9,0.32269003987312317,0.6773099303245544,27,1,27,1,0.7378158569335938,0.56412672996521,0.2857899069786072,0.5724763542051338,1.2524983290903393,0.5044233798980713,0.4955766201019287,0.2857899069786072,0.015619367361068726
72,4,4,20,0.32957589626312256,0.6704241037368774,4,1,4,1,0.04505885764956474,0.33650434017181396,0.16434741020202637,1.0891442319959446,1.805772736817626,0.37386953830718994,0.6261304616928101,0.16434741020202637,0.058199673891067505
73,0,0,0,0.3765496015548706,0.6234503984451294,0,1,0,1,0.9999036192893982,0.9840497374534607,0.8129364848136902,0.01607883701475802,0.20710229694660676,0.603356122970581,0.39664387702941895,0.8129364848136902,0.766243539750576
74,11,9,11,0.37632110714912415,0.6236789226531982,11,1,20,0,0.006425659637898207,0.4115101099014282,0.13008077442646027,0.8879216907550778,2.0395996797374103,0.7963427901268005,0.20365720987319946,0.13999736309051514,0.00991658866405487
75,21,21,21,0.3137388825416565,0.6862611174583435,21,1,21,1,0.9999465346336365,0.9887059330940247,0.7461000084877014,0.011358329192812535,0.29289562812857756,0.678255558013916,0.3217444121837616,0.7461000084877014,0.7155846636742353
76,18,18,18,0.313685804605484,0.6863142251968384,18,1,18,1,0.9754332900047302,0.7957316040992737,0.31007298827171326,0.22849333077578146,1.170947563178229,0.7235327363014221,0.27646729350090027,0.31007298827171326,0.18743078410625458
77,4,4,4,0.31503984332084656,0.684960126876831,4,1,4,1,0.989951491355896,0.8282861113548279,0.3769347667694092,0.18839663916931473,0.9756831389478519,0.6868941783905029,0.31310582160949707,0.3769347667694092,0.2142229825258255
78,23,23,23,0.314037561416626,0.685962438583374,23,1,23,1,0.438812792301178,0.23664700984954834,0.09492897242307663,1.4411856580380464,2.3546263257222124,0.9538610577583313,0.046138960868120193,0.09492897242307663,0.004595667123794556
79,22,25,19,0.3105674684047699,0.6894325613975525,22,1,22,1,0.5454161167144775,0.36847731471061707,0.319091796875,0.9983761304129304,1.1422764530951217,0.8879299163818359,0.11207006126642227,0.319091796875,0.09547285735607147
80,9,5,17,0.31033170223236084,0.6896682977676392,17,0,5,0,0.03245052322745323,0.06560566276311874,0.07966862618923187,2.7240932641491584,2.5298794195036707,0.49068042635917664,0.5093196034431458,0.19282369315624237,0.03614574670791626
81,6,4,6,0.2738402187824249,0.7261598110198975,6,1,4,0,0.014724092558026314,0.5700540542602539,0.2350040078163147,0.5620240906142813,1.4481527104458958,0.4441150724887848,0.5558848977088928,0.2354326844215393,0.0004286766052246094
82,27,14,8,0.2289285808801651,0.7710714340209961,14,0,8,0,0.0415382944047451,0.0609654001891613,0.0665399357676506,2.79744878574703,2.70995297371162,0.4393184185028076,0.5606816411018372,0.23216906189918518,0.044604912400245667
83,8,5,8,0.2158370167016983,0.7841629981994629,8,1,8,1,0.4578503370285034,0.8139644861221313,0.4528449773788452,0.20583854277395286,0.7922054253591663,0.1334938406944275,0.8665061593055725,0.4528449773788452,0.355914868414402
84,10,10,25,0.19978201389312744,0.8002179861068726,25,0,22,0,0.0665808916091919,0.22705204784870148,0.17634867131710052,1.482576002105579,1.7352921566800301,0.7271729111671448,0.2728270888328552,0.22857294976711273,0.05222427845001221
85,18,2,22,0.22680677473545074,0.7731932401657104,22,0,2,0,0.006739619188010693,0.18996365368366241,0.1076962947845459,1.6609225215229182,2.2284400985263035,0.9751814007759094,0.02481858991086483,0.41068172454833984,0.29441262036561966
86,0,0,0,0.19304578006267548,0.8069542050361633,0,1,0,1,0.9998757839202881,0.9939257502555847,0.9050837159156799,0.006092773047599807,0.09972783578618925,0.5899853706359863,0.41001465916633606,0.9050837159156799,0.8908633971586823
87,14,14,14,0.19281005859375,0.80718994140625,14,1,14,1,0.973706066608429,0.735117495059967,0.3567115366458893,0.30772493532066003,1.0308278444268508,0.6291695237159729,0.3708304166793823,0.3567115366458893,0.2812844291329384
88,26,26,26,0.193740576505661,0.8062593936920166,26,1,26,1,0.9980645179748535,0.9386327862739563,0.6214532256126404,0.06333094519209431,0.4756946313420379,0.5782247185707092,0.42177534103393555,0.6214532256126404,0.4863553047180176
89,21,21,21,0.19434258341789246,0.8056573867797852,21,1,21,1,0.9998922348022461,0.9863882064819336,0.7191814184188843,0.013705283324793805,0.32964163261721957,0.5694787502288818,0.43052127957344055,0.7191814184188843,0.6913487985730171
90,10,10,10,0.1940753310918808,0.805924654006958,10,1,10,1,0.7978729009628296,0.5456738471984863,0.30136603116989136,0.6057338311748203,1.1994297026253598,0.9462323188781738,0.05376763269305229,0.30136603116989136,0.20049703121185303
91,23,4,23,0.2005884051322937,0.7994115948677063,23,1,23,1,0.05478677526116371,0.6242139339447021,0.2375802844762802,0.4712621265097939,1.4372496727299282,0.8364720940589905,0.16352787613868713,0.2375802844762802,0.14692244678735733
92,25,18,25,0.16622774302959442,0.8337722420692444,25,1,25,1,0.0853552371263504,0.7191662192344666,0.3722202181816101,0.3296627668465538,0.9882696155034423,0.7325603365898132,0.267439603805542,0.3722202181816101,0.163136288523674
93,4,6,4,0.14940397441387177,0.850596010684967,4,1,4,1,0.5058427453041077,0.8635737895965576,0.41325822472572327,0.14667593096815854,0.8836826399364714,0.7781538367271423,0.22184619307518005,0.41325822472572327,0.33422841876745224
94,7,7,7,0.14028754830360413,0.8597124814987183,7,1,7,1,0.9563539028167725,0.9139591455459595,0.36651527881622314,0.08996940705439263,1.0037150700762851,0.7742435932159424,0.22575639188289642,0.36651527881622314,0.2605561316013336
95,7,7,7,0.13799220323562622,0.8620077967643738,7,1,8,0,0.9389023780822754,0.6952133774757385,0.21557575464248657,0.3635364625870087,1.5344429015468999,0.5189245343208313,0.4810754954814911,0.34682318568229675,0.13124743103981018
96,0,0,0,0.13939423859119415,0.860605776309967,0,1,0,1,0.9999779462814331,0.9978663325309753,0.9305387735366821,0.002135946980515709,0.07199153419605274,0.5667015910148621,0.43329840898513794,0.9305387735366821,0.9200230138376355
97,7,12,26,0.13933639228343964,0.8606635928153992,26,0,26,0,0.18871276080608368,0.1528722196817398,0.07104585319757462,1.878152872013513,2.644429790708461,0.8299704790115356,0.17002956569194794,0.12894244492053986,0.05789659172296524
98,1,1,1,0.131796196103096,0.8682038187980652,1,1,1,1,0.8778105974197388,0.93843013048172,0.3892848491668701,0.0635468738018545,0.9434439432662116,0.6489349007606506,0.35106512904167175,0.3892848491668701,0.18615573644638062
99,9,7,14,0.12856286764144897,0.871437132358551,14,0,14,0,0.04295851290225983,0.04889187589287758,0.10983484238386154,3.018144033463585,2.2087774743435435,0.2599346935749054,0.740065336227417,0.4386187493801117,0.3048536330461502
100,16,16,16,0.11838230490684509,0.8816176652908325,16,1,16,1,0.9985281229019165,0.9340617060661316,0.482730895280838,0.06821277648362534,0.7282959332244285,0.6306421756744385,0.3693578541278839,0.482730895280838,0.36247189342975616
101,5,5,5,0.11877204477787018,0.881227970123291,5,1,5,1,0.9988418817520142,0.9836881160736084,0.6871704459190369,0.016446387380550046,0.3751729157575083,0.6947933435440063,0.3052067160606384,0.6871704459190369,0.6146080493927002
102,18,18,18,0.11838444322347641,0.8816155791282654,18,1,18,1,0.9062948226928711,0.5825313329696655,0.3254166841506958,0.5403723044830753,1.122648812768222,0.7594723105430603,0.2405276894569397,0.3254166841506958,0.20405841618776321
103,17,27,17,0.12155221402645111,0.8784477710723877,17,1,17,1,0.3338770270347595,0.8690742254257202,0.3451664447784424,0.14032674260520614,1.0637285296585353,0.8387377858161926,0.16126224398612976,0.3451664447784424,0.12120841443538666
104,24,24,10,0.11240038275718689,0.8875996470451355,10,0,24,1,0.09270267188549042,0.16459444165229797,0.44384440779685974,1.8042707601289218,0.8122812108558215,0.7299169301986694,0.27008306980133057,0.44384440779685974,0.10259386897087097
105,12,1,12,0.125144362449646,0.874855637550354,12,1,12,1,0.013969536870718002,0.6969015002250671,0.27533677220344543,0.3611111978278743,1.289760304364244,0.8967972993850708,0.10320264101028442,0.27533677220344543,0.10379548370838165
106,5,5,5,0.09686312824487686,0.9031368494033813,5,1,5,1,0.8420457243919373,0.9489180445671082,0.6624654531478882,0.052432843883191534,0.4117868686732866,0.3502837121486664,0.649716317653656,0.6624654531478882,0.5725587382912636
107,24,24,24,0.093776173889637,0.9062238335609436,24,1,24,1,0.9991195201873779,0.9577178359031677,0.8815738558769226,0.04320207894293696,0.1260464963352351,0.3198244571685791,0.6801754832267761,0.8815738558769226,0.8423939123749733
108,9,14,9,0.09396910667419434,0.9060308933258057,9,1,9,1,0.1550258845090866,0.7010436654090881,0.35685962438583374,0.3551851037176158,1.030412783532696,0.7220015525817871,0.2779984474182129,0.35685962438583374,0.15261900424957275
109,12,8,12,0.07950521260499954,0.920494794845581,12,1,12,1,0.37916767597198486,0.9111266732215881,0.33516672253608704,0.09307334284672202,1.0931271917460958,0.888018012046814,0.11198202520608902,0.33516672253608704,0.21029462665319443
110,12,12,12,0.07322204113006592,0.9267779588699341,12,1,12,1,0.9469744563102722,0.9733343124389648,0.5835688710212708,0.027027666457981925,0.5385928033358405,0.5231421589851379,0.4768577814102173,0.5835688710212708,0.44360704720020294
111,15,11,15,0.07206271588802338,0.9279372692108154,15,1,15,1,0.19640159606933594,0.6965781450271606,0.42690855264663696,0.36157529531908933,0.8511854511096123,0.656882107257843,0.3431178331375122,0.42690855264663696,0.3308410868048668
112,18,18,22,0.06087116152048111,0.9391288161277771,22,0,2,0,0.5060890913009644,0.28520891070365906,0.1980189085006714,1.254533347228601,1.6193927553690575,0.8397171497344971,0.16028285026550293,0.23599153757095337,0.03797262907028198
113,14,9,14,0.06478972733020782,0.9352102875709534,14,1,14,1,0.06038668379187584,0.8924515247344971,0.588141918182373,0.11378308082637534,0.530787002752519,0.3902459740638733,0.6097540259361267,0.588141918182373,0.4386869817972183
114,9,5,9,0.05388187989592552,0.9461181163787842,9,1,9,1,0.14590317010879517,0.619790256023407,0.26814502477645874,0.4783741549146898,1.3162273076076376,0.41805151104927063,0.5819485783576965,0.26814502477645874,0.14504201710224152
115,26,26,26,0.045611780136823654,0.9543882012367249,26,1,26,1,0.9999967813491821,0.9972668290138245,0.8616809844970703,0.0027369129177765117,0.14887016440816292,0.7655194401741028,0.2344805747270584,0.8616809844970703,0.8394003305584192
116,8,8,8,0.045603543519973755,0.9543964266777039,8,1,8,1,0.9746217727661133,0.9639160633087158,0.7129479050636292,0.03675105941903221,0.338346925664064,0.660747230052948,0.339252769947052,0.7129479050636292,0.6489670053124428
117,6,6,6,0.04481656476855278,0.9551834464073181,6,1,6,1,0.7767689824104309,0.5566143989562988,0.41419240832328796,0.5858825607382532,0.8814246587176233,0.7465339303016663,0.25346603989601135,0.41419240832328796,0.1817677617073059
118,27,14,27,0.046160317957401276,0.9538396596908569,27,1,27,1,0.072707399725914,0.9143412709236145,0.45229336619377136,0.08955139546310602,0.793424269433731,0.615091860294342,0.38490810990333557,0.45229336619377136,0.3486235737800598
119,27,27,27,0.03924580290913582,0.9607542157173157,27,1,27,1,0.8977369666099548,0.9526774883270264,0.506881058216095,0.04847884988937378,0.6794789020929458,0.5555049777030945,0.4444950222969055,0.506881058216095,0.4387212544679642
120,10,10,10,0.03813019394874573,0.9618698358535767,10,1,10,1,0.9999547004699707,0.9859492778778076,0.7940855026245117,0.014150368017299617,0.2305641376076366,0.668291449546814,0.3317086100578308,0.7940855026245117,0.7204134091734886
121,6,3,23,0.03815401718020439,0.9618459939956665,23,0,23,0,0.1458432972431183,0.0829865112900734,0.05284254997968674,2.489077198969893,2.9404385419820698,0.8487170934677124,0.1512828916311264,0.14549170434474945,0.07612280547618866
122,2,2,19,0.03979901596903801,0.9602009654045105,19,0,2,1,0.31142210960388184,0.07353727519512177,0.2224571853876114,2.6099628558063084,1.5030206211161694,0.9952056407928467,0.004794363863766193,0.2224571853876114,0.11320973932743073
123,13,13,13,0.044535987079143524,0.9554640054702759,13,1,13,1,0.9393891096115112,0.9472891688346863,0.47398197650909424,0.054150879888502645,0.7465859822524176,0.6737635731697083,0.32623642683029175,0.47398197650909424,0.36971838027238846
124,26,26,26,0.043811820447444916,0.9561882019042969,26,1,26,1,0.9999998807907104,0.9992377161979675,0.9377901554107666,0.0007625744880627805,0.06422906991772143,0.796152651309967,0.20384733378887177,0.9377901554107666,0.9274904821068048
125,2,2,2,0.0438118651509285,0.9561881422996521,2,1,2,1,0.9970465302467346,0.9786248803138733,0.8424559831619263,0.021606876054361793,0.17143386362559623,0.7014524936676025,0.29854750633239746,0.8424559831619263,0.8253897726535797
126,8,8,8,0.043398138135671616,0.9566018581390381,8,1,8,1,0.9999327063560486,0.9978522062301636,0.8989667296409607,0.0021501035868082704,0.10650925338114227,0.627550482749939,0.37244945764541626,0.8989667296409607,0.8881874280050397
127,17,27,9,0.043333668261766434,0.9566663503646851,9,0,9,0,0.7136280536651611,0.08727767318487167,0.09204810857772827,2.43866059701443,2.385443919284628,0.5957886576652527,0.4042113125324249,0.3932206332683563,0.07423293590545654
128,23,13,23,0.046188391745090485,0.9538115859031677,23,1,23,1,0.19857606291770935,0.7887662053108215,0.4626224935054779,0.23728531977730025,0.7708439062737898,0.34476056694984436,0.6552394032478333,0.4626224935054779,0.3958059251308441
129,9,27,9,0.041031695902347565,0.9589682817459106,9,1,9,1,0.8197943568229675,0.735366940498352,0.5079329609870911,0.3073856655742475,0.6774058066728522,0.6591238975524902,0.340876042842865,0.5079329609870911,0.2291460633277893
130,15,15,15,0.03992840275168419,0.9600716233253479,15,1,15,1,0.9519567489624023,0.9817078113555908,0.8474252820014954,0.018461559347210662,0.16555260644419645,0.5134292840957642,0.4865707755088806,0.8474252820014954,0.8175145089626312
131,27,27,0,0.039287228137254715,0.9607127904891968,0,0,0,0,0.3929172158241272,0.26686930656433105,0.14566045999526978,1.3209962289436072,1.9264769821905594,0.723619282245636,0.276380717754364,0.33702391386032104,0.19136345386505127
132,5,1,5,0.04197017848491669,0.9580298066139221,5,1,5,1,0.054999664425849915,0.8349226713180542,0.5473715662956238,0.18041616761971338,0.6026274269186174,0.555969774723053,0.44403013586997986,0.5473715662956238,0.3986242413520813
133,17,17,17,0.03637713938951492,0.9636228680610657,17,1,27,0,0.7863673567771912,0.7340907454490662,0.281730055809021,0.3091226266073559,1.2668059154035305,0.7749348878860474,0.2250651717185974,0.3124847114086151,0.030754655599594116
134,7,7,7,0.03563404455780983,0.9643659591674805,7,1,7,1,0.9993788599967957,0.991420567035675,0.7495127320289612,0.008616448164332257,0.28833197422024437,0.7629043459892273,0.23709562420845032,0.7495127320289612,0.6732940301299095
135,25,25,25,0.03552231192588806,0.9644776582717896,25,1,25,1,0.9998394250869751,0.9852859377861023,0.7105894684791565,0.014823387768035495,0.34166041610853154,0.7223304510116577,0.2776695489883423,0.7105894684791565,0.6440351456403732
136,4,4,4,0.03543831780552864,0.9645617008209229,4,1,4,1,0.9984070062637329,0.972710907459259,0.6573966145515442,0.027668355579340734,0.41946776751954606,0.6578383445739746,0.342161625623703,0.6573966145515442,0.5830200240015984
137,17,17,16,0.03533084690570831,0.9646691679954529,16,0,16,0,0.001605380792170763,0.03588414564728737,0.05186491459608078,3.3274597064568816,2.959112736757741,0.6657224893569946,0.33427751064300537,0.26781266927719116,0.21313104778528214
138,0,0,16,0.04902280122041702,0.9509772062301636,16,0,24,0,0.0038778260350227356,0.04574136435985565,0.12947431206703186,3.084752262239107,2.044272779935713,0.7883294820785522,0.21167048811912537,0.1551964282989502,0.00539204478263855
139,23,23,23,0.0676484927535057,0.9323515295982361,23,1,23,1,0.7211995124816895,0.6998482942581177,0.5219298005104065,0.3568916899148478,0.6502221819238143,0.6509358882904053,0.3490641713142395,0.5219298005104065,0.41896019130945206
140,9,9,9,0.06536635756492615,0.9346336126327515,9,1,9,1,0.5721458792686462,0.8605391979217529,0.4641844630241394,0.15019611187325244,0.7674732561368048,0.7256367206573486,0.274363249540329,0.4641844630241394,0.3656521886587143
141,0,0,0,0.06144005432724953,0.9385599493980408,0,1,0,1,0.9998860955238342,0.9905749559402466,0.8581157326698303,0.00946974085539429,0.15301630202897523,0.717368483543396,0.282631516456604,0.8581157326698303,0.8336863722652197
142,22,22,22,0.06137200444936752,0.9386280179023743,22,1,22,1,0.6636661291122437,0.42340585589408875,0.2983836829662323,0.8594240897343866,1.2093750938961838,0.9595769047737122,0.04042304679751396,0.2983836829662323,0.08615902066230774
143,8,8,8,0.06222718209028244,0.937772810459137,8,1,8,1,0.6991806626319885,0.9574301838874817,0.7345729470252991,0.04350247558578296,0.30846597308479573,0.1642112135887146,0.8357887864112854,0.7345729470252991,0.6919057965278625
144,2,21,22,0.05909151956439018,0.9409084916114807,22,0,22,0,0.03681732714176178,0.20612849295139313,0.1862247735261917,1.5792555524538694,1.6808008750505314,0.7960284948348999,0.2039714753627777,0.2910243570804596,0.10479958355426788
145,3,3,6,0.0514194518327713,0.9485805630683899,6,0,6,0,0.5608923435211182,0.212518572807312,0.1866363137960434,1.5487258929907752,1.6785934018066768,0.5923890471458435,0.4076109528541565,0.4299048185348511,0.24326850473880768
146,15,15,15,0.0541909784078598,0.945809006690979,15,1,15,1,0.9999301433563232,0.9801012873649597,0.8389272689819336,0.02009935820418252,0.1756312640175442,0.7393827438354492,0.26061728596687317,0.8389272689819336,0.8104824535548687
147,9,9,9,0.054212260991334915,0.9457877278327942,9,1,9,1,0.7774476408958435,0.8633162975311279,0.5275424122810364,0.14697414574078052,0.6395260144355125,0.6944441199302673,0.3055558502674103,0.5275424122810364,0.39052431285381317
148,11,11,11,0.052501317113637924,0.9474986791610718,11,1,20,0,0.964033842086792,0.4855690598487854,0.15558098256587982,0.7224337565699149,1.8605888947209461,0.8573799729347229,0.14262008666992188,0.3675994575023651,0.2120184749364853
149,0,0,0,0.05290309339761734,0.9470968842506409,0,1,0,1,0.9999997019767761,0.9995076656341553,0.9648149013519287,0.0004924556022028058,0.03581900811197924,0.6945831775665283,0.30541685223579407,0.9648149013519287,0.95986242685467
150,2,2,2,0.052896976470947266,0.9471030235290527,2,1,2,1,0.9930759072303772,0.8851159811019897,0.7949770092964172,0.12203659046813907,0.22944208386997456,0.5813286900520325,0.4186713397502899,0.7949770092964172,0.7515517137944698
151,24,24,24,0.05264845862984657,0.9473515152931213,24,1,24,1,0.9977314472198486,0.9319530129432678,0.9138842821121216,0.0704728808643626,0.09005132154744706,0.7496532797813416,0.2503467798233032,0.9138842821121216,0.8859713431447744
152,26,26,26,0.05283227562904358,0.9471677541732788,26,1,26,1,0.9999913573265076,0.9877029061317444,0.7482439875602722,0.012373328750075267,0.2900261676170319,0.7490270137786865,0.25097304582595825,0.7482439875602722,0.7214311249554157
153,18,18,23,0.05286208540201187,0.9471378922462463,23,0,23,0,0.023396475240588188,0.055529188364744186,0.13454417884349823,2.8908464799934754,2.0058626666358914,0.7968893051147461,0.2031107097864151,0.24028430879116058,0.09423702955245972
154,21,21,6,0.06762690097093582,0.9323731064796448,6,0,4,0,0.37896764278411865,0.1898476481437683,0.14113909006118774,1.6615333803517272,1.9580094204956473,0.3854019045829773,0.6145980954170227,0.14420415461063385,0.003065064549446106
155,17,17,14,0.07328443229198456,0.9267155528068542,14,0,14,0,0.16120988130569458,0.14720411598682404,0.0837407261133194,1.9159351112112757,2.4800298473836007,0.24828152358531952,0.7517184615135193,0.2684764266014099,0.07626274228096008
156,5,5,5,0.0816621333360672,0.918337881565094,5,1,5,1,0.9806682467460632,0.8705548048019409,0.5404824018478394,0.1386245639131038,0.6152932014563546,0.7470592260360718,0.25294074416160583,0.5404824018478394,0.4615016430616379
157,3,3,10,0.08050794154405594,0.9194920659065247,10,0,15,0,0.058163005858659744,0.09697963297367096,0.05105353146791458,2.333254291869001,2.974880560115387,0.9755676984786987,0.02443234622478485,0.16570830345153809,0.06539655476808548
158,22,22,19,0.09641952067613602,0.9035804867744446,19,0,22,1,0.38634181022644043,0.2254478633403778,0.2054363638162613,1.4896663514703206,1.5826189581296761,0.6578720808029175,0.34212788939476013,0.2054363638162613,0.11114980280399323
159,5,1,5,0.10487715154886246,0.8951228260993958,5,1,5,1,0.7090808153152466,0.9069284200668335,0.701043426990509,0.0976917514225013,0.3551854438085851,0.7068944573402405,0.29310551285743713,0.701043426990509,0.6043105274438858
160,6,6,6,0.10165588557720184,0.898344099521637,6,1,6,1,0.7172845005989075,0.4268440902233124,0.21022187173366547,0.8513364607117153,1.5595917739367868,0.9088842272758484,0.09111575782299042,0.21022187173366547,0.10066832602024078
161,26,26,26,0.10221152752637863,0.8977884650230408,26,1,26,1,0.9999919533729553,0.9976073503494263,0.8741541504859924,0.0023955166107494158,0.13449854532482114,0.8262733221054077,0.1737266629934311,0.8741541504859924,0.8601219393312931
162,15,11,15,0.10215717554092407,0.8978428244590759,15,1,15,1,0.373234361410141,0.9179580211639404,0.7024542689323425,0.08560361798681555,0.35317497749838367,0.35374578833580017,0.6462542414665222,0.7024542689323425,0.6424526572227478
163,17,17,17,0.09533503651618958,0.904664933681488,17,1,17,1,0.9038182497024536,0.7989795207977295,0.3940237760543823,0.22441996458598332,0.9313440261892174,0.8239356875419617,0.17606428265571594,0.3940237760543823,0.27904606610536575
164,11,11,13,0.09398739784955978,0.9060125946998596,13,0,21,0,0.27542373538017273,0.1161692664027214,0.08695599436759949,2.152706958336627,2.4423531001602012,0.8075243234634399,0.19247570633888245,0.1855580359697342,0.04098649322986603
165,16,16,16,0.10165739059448242,0.8983426094055176,16,1,16,1,0.9721068739891052,0.7867156267166138,0.3982182741165161,0.23988843421562694,0.9207549966006277,0.7477713227272034,0.252228707075119,0.3982182741165161,0.12273752689361572
166,1,8,1,0.10211716592311859,0.8978828191757202,1,1,1,1,0.009737825021147728,0.8465771675109863,0.3713114261627197,0.16655392088930274,0.99071414487448,0.751212477684021,0.24878747761249542,0.3713114261627197,0.23118320107460022
167,4,4,4,0.07938116043806076,0.9206188321113586,4,1,4,1,0.9996888041496277,0.9865934252738953,0.7474576234817505,0.013497254228730578,0.29107766631860443,0.5701593160629272,0.42984071373939514,0.7474576234817505,0.6824654787778854
168,7,7,7,0.07931744307279587,0.9206825494766235,7,1,7,1,0.9980272054672241,0.990827202796936,0.7202414274215698,0.009215126357333025,0.3281688073145446,0.7693091034889221,0.23069094121456146,0.7202414274215698,0.6567635238170624
169,7,8,7,0.07896409928798676,0.921035885810852,7,1,7,1,0.5078266263008118,0.9302119016647339,0.5431334972381592,0.07234286753658763,0.6104001379973439,0.8980578184127808,0.10194222629070282,0.5431334972381592,0.2562979459762573
170,11,11,11,0.07545315474271774,0.9245468378067017,11,1,11,1,0.9309695959091187,0.5827579498291016,0.27801206707954407,0.5399833592389405,1.2800907594725963,0.8532618880271912,0.14673814177513123,0.27801206707954407,0.0763310045003891
171,12,12,12,0.07708031684160233,0.9229196906089783,12,1,12,1,0.9355639219284058,0.6206997632980347,0.3327611982822418,0.4769077869094133,1.1003301685324187,0.6060037612915039,0.3939962387084961,0.3327611982822418,0.17351271212100983
172,9,27,14,0.07681020349264145,0.9231898188591003,14,0,14,0,0.09003844857215881,0.2608868479728699,0.2575625479221344,1.3436684983328984,1.3564926838229021,0.4882766008377075,0.5117233395576477,0.3904925286769867,0.1329299807548523
173,0,0,0,0.07412269711494446,0.9258773326873779,0,1,0,1,0.9999882578849792,0.9989166259765625,0.9475131630897522,0.0010839612972712892,0.0539144496790445,0.6987821459770203,0.30121785402297974,0.9475131630897522,0.9327130345627666
174,18,18,25,0.07409434765577316,0.9259056448936462,25,0,25,0,0.7700098752975464,0.41979244351387024,0.30804261565208435,0.8679948719627786,1.177517143073004,0.8690862059593201,0.13091382384300232,0.3400384783744812,0.03199586272239685
175,15,11,15,0.07584064453840256,0.9241593480110168,15,1,15,1,0.17321929335594177,0.8866729140281677,0.6649785041809082,0.12027912000289444,0.40800056338871976,0.31961390376091003,0.6803860664367676,0.6649785041809082,0.5945828780531883
176,26,26,26,0.06854803115129471,0.9314519762992859,26,1,26,1,0.9999995231628418,0.9992793798446655,0.9327081441879272,0.0007208799268438306,0.0696629414466275,0.9421780705451965,0.057821907103061676,0.9327081441879272,0.9258383112028241
177,1,6,1,0.06854421645402908,0.9314557909965515,1,1,1,1,0.3676673173904419,0.8591582179069519,0.3023848533630371,0.1518021854754338,1.196054724016404,0.9190008044242859,0.08099925518035889,0.3023848533630371,0.21550939977169037
178,18,18,22,0.06265725940465927,0.9373427629470825,22,0,18,1,0.05044088140130043,0.09270843118429184,0.2088771015405655,2.378295859259286,1.566009230881691,0.9823364615440369,0.017663592472672462,0.2088771015405655,0.05447345972061157
179,12,12,12,0.07328549772500992,0.9267144799232483,12,1,12,1,0.981370210647583,0.9473050832748413,0.5936858057975769,0.05413408004849713,0.5214050460297511,0.5503166913986206,0.4496833086013794,0.5936858057975769,0.5271629020571709
180,26,26,26,0.07231033593416214,0.9276896715164185,26,1,26,1,0.9996378421783447,0.9527140855789185,0.6227503418922424,0.04844043547377776,0.47360957583599567,0.8397364020347595,0.16026362776756287,0.6227503418922424,0.5260917991399765
181,25,25,25,0.07241013646125793,0.9275898337364197,25,1,25,1,0.8140164613723755,0.553335964679718,0.33633682131767273,0.5917899308656914,1.0896421767329512,0.7092220187187195,0.29077795147895813,0.33633682131767273,0.08349046111106873
182,4,4,4,0.07430335134267807,0.9256966710090637,4,1,4,1,0.9777909517288208,0.7658494710922241,0.3958710730075836,0.2667696414871757,0.926666693951294,0.7204197645187378,0.2795802056789398,0.3958710730075836,0.17102207243442535
183,26,26,26,0.07508093863725662,0.924919068813324,26,1,26,1,0.9999992251396179,0.9986556768417358,0.9196039438247681,0.00134522757128086,0.08381219747163245,0.7972009778022766,0.20279905200004578,0.9196039438247681,0.9090477051213384
184,4,4,4,0.07507218420505524,0.924927830696106,4,1,4,1,0.9952629208564758,0.9508791565895081,0.6396251916885376,0.05036829434307521,0.4468729121679871,0.8439320921897888,0.15606790781021118,0.6396251916885376,0.5548294484615326
185,6,2,6,0.07483749836683273,0.9251624941825867,6,1,6,1,0.257680743932724,0.8710137605667114,0.43070337176322937,0.13809750367037613,0.8423356583870562,0.9041949510574341,0.09580505639314651,0.43070337176322937,0.2363092601299286
186,18,18,16,0.0688890889286995,0.9311109185218811,16,0,16,0,0.012764264829456806,0.04126334562897682,0.0908081904053688,3.1877806881266832,2.399005794740609,0.7813572883605957,0.21864274144172668,0.21445438265800476,0.1091427132487297
187,24,24,24,0.09320517629384995,0.9067948460578918,24,1,24,1,0.9984307885169983,0.940466582775116,0.8839445114135742,0.061379162211894586,0.12336098820875267,0.7882015109062195,0.21179845929145813,0.8839445114135742,0.860654205083847
188,11,21,11,0.09338854998350143,0.906611442565918,11,1,11,1,0.31466662883758545,0.6315970420837402,0.27357685565948486,0.45950367982292056,1.296172688699685,0.6432195901870728,0.35678040981292725,0.27357685565948486,0.13724417984485626
189,13,13,11,0.08781463652849197,0.9121853709220886,11,0,11,0,0.2287440299987793,0.24028977751731873,0.1627928614616394,1.4259096776467974,1.8152766748907998,0.3421598970890045,0.6578401327133179,0.28605109453201294,0.12325823307037354
190,6,6,6,0.0950859785079956,0.9049140214920044,6,1,6,1,0.868710994720459,0.7139188647270203,0.40693923830986023,0.3369859579355859,0.8990913963066105,0.8364387154579163,0.16356125473976135,0.40693923830986023,0.23037080466747284
191,26,26,26,0.09447070211172104,0.9055293202400208,26,1,26,1,0.7474279999732971,0.9255617260932922,0.4282785952091217,0.07735445433219677,0.8479813717732815,0.9449843168258667,0.055015649646520615,0.4282785952091217,0.2169307917356491
192,14,27,14,0.09166303277015686,0.9083369374275208,14,1,14,1,0.3078632354736328,0.8894677758216858,0.5747860670089722,0.11713199982681012,0.5537573647910049,0.7669030427932739,0.23309697210788727,0.5747860670089722,0.4469822496175766
193,10,10,10,0.0856078565120697,0.9143921136856079,10,1,10,1,0.9999988079071045,0.9982537627220154,0.8979779481887817,0.0017477637275877646,0.10760976756410366,0.6240302920341492,0.375969797372818,0.8979779481887817,0.8664567694067955
194,21,21,21,0.08560609817504883,0.9143939018249512,21,1,21,1,1.0,0.9996536374092102,0.9661810398101807,0.000346422588166242,0.03440405051723757,0.5994230508804321,0.4005768895149231,0.9661810398101807,0.960879223421216
195,5,5,5,0.08560733497142792,0.9143926501274109,5,1,5,1,0.9999973773956299,0.9968412518501282,0.9279717803001404,0.003163747525430429,0.07475395581763582,0.6843852400779724,0.3156147599220276,0.9279717803001404,0.9065751992166042
196,22,22,22,0.08559359610080719,0.914406418800354,22,1,22,1,0.8601040244102478,0.4396965801715851,0.3839699327945709,0.8216703804658618,0.9571910294741546,0.7053722739219666,0.29462775588035583,0.3839699327945709,0.2912176623940468
197,5,5,5,0.08912700414657593,0.9108729958534241,5,1,5,1,0.8010581731796265,0.8847195506095886,0.5535849332809448,0.12248457616164331,0.5913400909432834,0.8560577034950256,0.14394228160381317,0.5535849332809448,0.4740089476108551
198,23,23,23,0.08612489700317383,0.9138751029968262,23,1,23,1,0.9897983074188232,0.7643181681632996,0.57454913854599,0.26877112603152525,0.554169652633913,0.8052713871002197,0.1947285681962967,0.57454913854599,0.48807188868522644
199,20,20,11,0.08679630607366562,0.9132037162780762,11,0,11,0,0.2166404128074646,0.18547122180461884,0.23886312544345856,1.684855547489447,1.4318645879934229,0.5187292098999023,0.48127081990242004,0.5476989150047302,0.30883578956127167
200,14,26,14,0.09520410746335983,0.9047958850860596,14,1,9,0,0.2010292112827301,0.43514856696128845,0.24016980826854706,0.8320677729583142,1.4264090713723645,0.49073004722595215,0.5092698931694031,0.26076632738113403,0.020596519112586975
201,17,17,17,0.08684835582971573,0.9131516218185425,17,1,17,1,0.9931968450546265,0.8266293406486511,0.6174353957176208,0.19039888195176888,0.4821808382729438,0.7894713282585144,0.2105286419391632,0.6174353957176208,0.4182492643594742
202,6,6,6,0.08722318708896637,0.9127768278121948,6,1,6,1,0.9357667565345764,0.6144251823425293,0.2693827450275421,0.487068111102987,1.3116220666950673,0.859847366809845,0.14015263319015503,0.2693827450275421,0.14624224603176117
203,11,21,4,0.0860419049859047,0.9139580726623535,4,0,21,0,0.20418603718280792,0.059150293469429016,0.061263978481292725,2.8276737271257715,2.7925632354928083,0.8192591071128845,0.1807408630847931,0.12181086838245392,0.0047762393951416016
204,11,11,13,0.06729147583246231,0.9327085018157959,13,0,13,0,0.02285439893603325,0.07371629774570465,0.08610328286886215,2.60753136792852,2.452207739717114,0.8317681550979614,0.16823187470436096,0.2885533571243286,0.10532982647418976
205,3,6,6,0.08150628954172134,0.9184936881065369,6,0,6,0,0.7688639163970947,0.24759462475776672,0.20740759372711182,1.3959624477863193,1.5730693699364828,0.8242037296295166,0.1757962852716446,0.2846602201461792,0.07725262641906738
206,21,21,21,0.07449842989444733,0.9255015850067139,21,1,21,1,0.9999935030937195,0.9978703260421753,0.9109360575675964,0.0021319449382795237,0.09328257346372117,0.6036969423294067,0.39630311727523804,0.9109360575675964,0.8993448661640286
207,17,17,17,0.07447482645511627,0.9255251884460449,17,1,17,1,0.9937482476234436,0.8675714731216431,0.686591625213623,0.14205738078939034,0.3760155955079963,0.6091699004173279,0.3908300995826721,0.686591625213623,0.5218419879674911
208,14,14,14,0.07481569796800613,0.9251843094825745,14,1,14,1,0.984885573387146,0.9158247113227844,0.5532917380332947,0.08793029580501041,0.5918698613542169,0.8023247122764587,0.19767533242702484,0.5532917380332947,0.401568740606308
209,18,2,22,0.07439684867858887,0.9256031513214111,22,0,2,0,0.13034817576408386,0.12915341556072235,0.10879414528608322,2.0467543133267885,2.2182977577169907,0.995805025100708,0.004194916691631079,0.1568751186132431,0.031373679637908936
210,16,16,16,0.07103830575942993,0.9289616942405701,16,1,16,1,0.9763491153717041,0.7917131185531616,0.5231701731681824,0.23355617683572674,0.6478484889347922,0.5857770442962646,0.41422292590141296,0.5231701731681824,0.3790043294429779
211,10,10,10,0.07186207920312881,0.9281378984451294,10,1,10,1,0.9999901056289673,0.9962177276611328,0.8659427165985107,0.0037894432180792074,0.14393651972240246,0.7649529576301575,0.23504701256752014,0.8659427165985107,0.8215085901319981
212,11,11,4,0.07184603065252304,0.9281539916992188,4,0,4,0,0.5628113746643066,0.0796317309141159,0.11095276474952698,2.5303426359891397,2.198650711035888,0.9127870798110962,0.08721289038658142,0.32102617621421814,0.18911412358283997
213,8,9,8,0.08164504170417786,0.9183549880981445,8,1,8,1,0.355266809463501,0.92657071352005,0.613946795463562,0.07626491288797632,0.487847006929001,0.18327341973781586,0.8167265057563782,0.613946795463562,0.5658536963164806
214,17,17,17,0.07443520426750183,0.9255648255348206,17,1,17,1,0.7489069700241089,0.9037380218505859,0.6542975306510925,0.1012157594276057,0.4241930911452139,0.9021261930465698,0.09787386655807495,0.6542975306510925,0.5586289912462234
215,20,20,15,0.07156899571418762,0.9284310340881348,15,0,15,0,0.1888854056596756,0.1744099259376526,0.11562769114971161,1.7463468543467244,2.1573798086120854,0.28294095396995544,0.7170590758323669,0.5083443522453308,0.3927166610956192
216,3,3,6,0.07887133955955505,0.9211286902427673,6,0,6,0,0.9488741755485535,0.4049365520477295,0.31536218523979187,0.9040248857588543,1.1540335062518112,0.7606817483901978,0.23931829631328583,0.3710130751132965,0.05565088987350464
217,7,27,7,0.08020561933517456,0.9197943806648254,7,1,7,1,0.5359053611755371,0.9291565418243408,0.7279861569404602,0.0734780486325343,0.31747324615791767,0.8667507767677307,0.1332492232322693,0.7279861569404602,0.6272889077663422
218,27,9,27,0.07671310007572174,0.9232869148254395,27,1,27,1,0.7526567578315735,0.871544599533081,0.5153763890266418,0.1374882397341485,0.6628577927821018,0.7041361331939697,0.29586392641067505,0.5153763890266418,0.2914547920227051
219,22,22,25,0.0744413286447525,0.9255586862564087,22,1,22,1,0.6373011469841003,0.33160537481307983,0.32991334795951843,1.1038096471277496,1.1089252409431383,0.70585036277771,0.2941496968269348,0.32991334795951843,0.2517121210694313
220,2,2,2,0.076879121363163,0.9231208562850952,2,1,2,1,0.9922654032707214,0.8626346588134766,0.7529243230819702,0.1477640161024903,0.2837905567879151,0.6474907398223877,0.3525092899799347,0.7529243230819702,0.7141693569719791
221,22,22,25,0.07702834159135818,0.9229716658592224,25,0,25,0,0.00980992242693901,0.07827457785606384,0.26424697041511536,2.547532404871865,1.3308711191409732,0.35626205801963806,0.6437379121780396,0.42240360379219055,0.1581566333770752
222,14,14,9,0.10050088167190552,0.8994991183280945,9,0,14,1,0.7369499206542969,0.4010657072067261,0.3621714115142822,0.9136300067279964,1.0156376667576261,0.6960329413414001,0.30396705865859985,0.3621714115142822,0.03630056977272034
223,4,4,4,0.10207843035459518,0.8979215621948242,4,1,4,1,0.9473662972450256,0.5302115082740784,0.23382647335529327,0.6344792798288649,1.453176005578869,0.9211336970329285,0.07886633276939392,0.23382647335529327,0.12382327020168304
224,25,25,2,0.10238222777843475,0.897617757320404,2,0,2,0,0.048252638429403305,0.10268004238605499,0.05123654752969742,2.276137510181708,2.971302182644837,0.13490480184555054,0.8650952577590942,0.4846791625022888,0.2950701266527176
225,16,16,6,0.11954008787870407,0.8804599046707153,6,0,6,0,0.25287318229675293,0.2155010849237442,0.13113079965114594,1.5347893350020783,2.031559983301782,0.8173035979270935,0.1826963722705841,0.22518426179885864,0.06300924718379974
226,21,21,21,0.13123714923858643,0.8687628507614136,21,1,21,1,0.9999660849571228,0.9858514666557312,0.8247100710868835,0.014249578064184736,0.19272338339868897,0.647095799446106,0.3529042601585388,0.8247100710868835,0.7852223254740238
227,9,9,9,0.1313265562057495,0.8686734437942505,9,1,9,1,0.9171530604362488,0.8512530326843262,0.4284897446632385,0.16104585890000198,0.8474884743386654,0.6828643083572388,0.31713566184043884,0.4284897446632385,0.3252296447753906
228,9,9,14,0.1291927844285965,0.8708072304725647,14,0,14,0,0.520322322845459,0.3602433502674103,0.20068319141864777,1.0209755029337702,1.6060277764695758,0.7553057074546814,0.24469424784183502,0.27314719557762146,0.0724640041589737
229,8,8,8,0.13104277849197388,0.8689572215080261,8,1,8,1,0.9999760985374451,0.996929943561554,0.8785216808319092,0.0030747787293234404,0.1295146922834099,0.8289749622344971,0.17102500796318054,0.8785216808319092,0.8613026924431324
230,21,21,21,0.13096989691257477,0.8690301179885864,21,1,21,1,0.9992913603782654,0.9926148056983948,0.8577823042869568,0.007412599862672905,0.15340493629498506,0.5105329751968384,0.489467054605484,0.8577823042869568,0.8358797952532768
231,17,17,14,0.13070811331272125,0.8692919015884399,14,0,14,0,0.06424420326948166,0.14577436447143555,0.17470332980155945,1.9256953015374385,1.7446660019118077,0.6957531571388245,0.3042468726634979,0.42649078369140625,0.2517874538898468
232,16,16,16,0.15042641758918762,0.8495736122131348,16,1,16,1,0.9985331892967224,0.9197226762771606,0.60450679063797,0.08368309321004032,0.5033423755115263,0.5820022821426392,0.41799771785736084,0.60450679063797,0.5356665104627609
233,17,27,27,0.15095099806785583,0.8490489721298218,27,0,27,0,0.9176466464996338,0.11983136087656021,0.11663902550935745,2.121669850625501,2.1486713654432683,0.4354425072669983,0.5645574331283569,0.19206199049949646,0.022471800446510315
234,6,3,11,0.1428098976612091,0.8571901321411133,11,0,3,0,0.3490656316280365,0.19282473623752594,0.14219632744789124,1.6459736050482636,1.9505465886139421,0.866392970085144,0.13360701501369476,0.15194018185138702,0.009743854403495789
235,27,27,14,0.14581327140331268,0.8541867136955261,27,1,14,0,0.5228847861289978,0.36428117752075195,0.18228614330291748,1.009829243827131,1.702177610592834,0.6979414820671082,0.30205854773521423,0.23912747204303741,0.056841328740119934
236,7,0,27,0.15250761806964874,0.8474923968315125,27,0,0,0,0.12989844381809235,0.07506375759840012,0.07137618213891983,2.589417425265294,2.6397910487764644,0.5573221445083618,0.4426778554916382,0.14145949482917786,0.029664121568202972
237,6,6,11,0.14903578162193298,0.8509641885757446,11,0,11,0,0.0029415248427540064,0.12408826500177383,0.1822410374879837,2.0867621520664725,1.7024250863232644,0.910447359085083,0.08955260366201401,0.279783695936203,0.0975426584482193
238,14,14,14,0.19196996092796326,0.8080300092697144,14,1,14,1,0.9632045030593872,0.9026683568954468,0.6413701176643372,0.1024000611359567,0.44414858204391516,0.6155915260314941,0.3844084143638611,0.6413701176643372,0.5314254686236382
239,21,20,6,0.18944218754768372,0.8105577826499939,6,0,11,0,0.3793979585170746,0.08798955380916595,0.09270493686199188,2.4305371782641534,2.3783335514962287,0.6980974078178406,0.30190256237983704,0.14436526596546173,0.038499072194099426
240,16,16,16,0.20252250134944916,0.7974774837493896,16,1,16,1,0.9999386072158813,0.9862537980079651,0.7790791988372803,0.013841555870821498,0.249642570965578,0.7739377021789551,0.22606225311756134,0.7790791988372803,0.7329020127654076
241,11,11,20,0.2024090439081192,0.797590970993042,20,0,20,0,0.2564917802810669,0.3151102662086487,0.22021931409835815,1.1548326499541932,1.513131346921658,0.8462575078010559,0.15374250710010529,0.2808131277561188,0.06059381365776062
242,17,17,9,0.21740373969078064,0.7825962901115417,9,0,17,1,0.2004714459180832,0.29188185930252075,0.2506873607635498,1.2314061500127744,1.3835486908704198,0.5602131485939026,0.43978679180145264,0.2506873607635498,0.08317741751670837
243,17,17,9,0.2365647405385971,0.7634352445602417,9,0,9,0,0.0448894165456295,0.20751377940177917,0.27071523666381836,1.5725575347606529,1.3066877977847564,0.5123344659805298,0.487665593624115,0.29643458127975464,0.02571934461593628
244,3,3,3,0.27423200011253357,0.7257680296897888,3,1,3,1,0.7420685291290283,0.627813994884491,0.38811707496643066,0.46551134287548385,0.9464482452688998,0.6535541415214539,0.34644579887390137,0.38811707496643066,0.047337889671325684
245,15,15,15,0.2811431884765625,0.7188568115234375,15,1,15,1,0.7943978309631348,0.6161144375801086,0.5065287947654724,0.48432255741032587,0.6801741064345532,0.9531921744346619,0.04680776223540306,0.5065287947654724,0.4097781330347061
246,21,21,21,0.28891733288764954,0.7110826373100281,21,1,21,1,0.9832345247268677,0.9150664806365967,0.6342887878417969,0.08875855991252755,0.4552509269263937,0.5721099972724915,0.42789000272750854,0.6342887878417969,0.5742783583700657
247,27,14,27,0.28544899821281433,0.7145509719848633,27,1,27,1,0.7116828560829163,0.54288649559021,0.2355627417564392,0.6108550129606766,1.4457779816610596,0.8183974027633667,0.18160255253314972,0.2355627417564392,0.020495951175689697
248,14,14,14,0.28145506978034973,0.7185449600219727,14,1,14,1,0.789219856262207,0.4623618721961975,0.23715299367904663,0.7714074213467811,1.4390498031706638,0.9480810761451721,0.05191890522837639,0.23715299367904663,0.12223142385482788
249,3,3,3,0.29120832681655884,0.7087916731834412,3,1,3,1,0.9654184579849243,0.7794448733329773,0.4030996263027191,0.24917331353293787,0.9085715359179455,0.8108792304992676,0.18912078440189362,0.4030996263027191,0.1901898831129074
250,6,6,6,0.2946570813655853,0.7053428888320923,6,1,6,1,0.9068945050239563,0.5428032279014587,0.3689374327659607,0.611008404278864,0.9971282082181808,0.9041997194290161,0.09580031037330627,0.3689374327659607,0.07847201824188232
251,24,24,10,0.2943844199180603,0.7056155800819397,10,0,24,1,0.12892410159111023,0.3632292151451111,0.6469802856445312,1.01272119731511,0.43543945535577605,0.7271603345870972,0.2728396952152252,0.6469802856445312,0.46319541335105896
252,26,8,26,0.31704065203666687,0.6829593181610107,26,1,26,1,0.200434148311615,0.21742455661296844,0.13471655547618866,1.5259033547726466,2.0045822968361526,0.968992292881012,0.031007729470729828,0.13471655547618866,0.013785496354103088
253,14,14,14,0.2701484262943268,0.7298515439033508,14,1,14,1,0.9657876491546631,0.5116953253746033,0.4103558659553528,0.6700258986933683,0.8907305300034647,0.758425235748291,0.2415747046470642,0.4103558659553528,0.15443983674049377
254,4,4,11,0.2722318768501282,0.7277681231498718,4,1,4,1,0.6386535167694092,0.42967021465301514,0.25021669268608093,0.8447373072129218,1.3854279658044037,0.8764215111732483,0.12357853353023529,0.25021669268608093,0.027523726224899292
255,19,5,5,0.283490926027298,0.7165090441703796,5,0,5,0,0.9881560802459717,0.12459705770015717,0.08886000514030457,2.082670286871024,2.4206931236271494,0.8176249265670776,0.18237502872943878,0.4740549325942993,0.38519492745399475
256,26,8,26,0.2784304618835449,0.7215695381164551,26,1,26,1,0.04791606217622757,0.6183084845542908,0.3314163088798523,0.4807677801208695,1.1043799631309883,0.9029297828674316,0.09707015752792358,0.3314163088798523,0.13356232643127441
257,3,4,3,0.23934562504291534,0.7606543898582458,3,1,3,1,0.07148122787475586,0.45251309871673584,0.3390929102897644,0.7929385688208251,1.0814811375012385,0.589287519454956,0.41071245074272156,0.3390929102897644,0.11050660908222198
258,16,16,12,0.21917939186096191,0.7808206081390381,16,1,12,0,0.6687369346618652,0.41807568073272705,0.2166498303413391,0.8720928084612333,1.5294729138967371,0.9416364431381226,0.05836356803774834,0.2753542959690094,0.05870446562767029
259,19,19,19,0.2252386063337326,0.7747613787651062,19,1,19,1,0.9031193256378174,0.7588211894035339,0.33793899416923523,0.27598911642512136,1.0848898904130755,0.846183180809021,0.153816819190979,0.33793899416923523,0.19471882283687592
260,17,9,27,0.2219485342502594,0.778051495552063,27,0,27,0,0.7526567578315735,0.017637664452195168,0.09886305034160614,4.037718637838442,2.3140197164143927,0.8007861971855164,0.19921375811100006,0.48529553413391113,0.2486361265182495
261,1,1,1,0.21343861520290375,0.7865613698959351,1,1,1,1,0.7984068989753723,0.7624269127845764,0.16862502694129944,0.27124862718047654,1.7800778046837364,0.8777399659156799,0.12226007878780365,0.16862502694129944,0.01819552481174469
262,5,7,5,0.20813673734664917,0.7918632626533508,5,1,5,1,0.5746679902076721,0.761164665222168,0.4210292100906372,0.2729055644718277,0.8650530650685264,0.8085821270942688,0.1914178729057312,0.4210292100906372,0.35186951607465744
263,15,15,15,0.19928960502147675,0.8007103800773621,15,1,15,1,0.9647006988525391,0.6539487838745117,0.5166071057319641,0.424726242709976,0.660472643610572,0.7668750286102295,0.2331249713897705,0.5166071057319641,0.4531943053007126
264,10,10,10,0.2002898007631302,0.799710214138031,10,1,10,1,0.9999948143959045,0.9945371747016907,0.8256253600120544,0.005477801093432071,0.19161416765773387,0.6688454151153564,0.33115458488464355,0.8256253600120544,0.7846089042723179
265,10,10,24,0.20034122467041016,0.7996587753295898,24,0,24,0,0.06544634699821472,0.23422466218471527,0.11533106863498688,1.4514745294141917,2.159948428898144,0.8107039332389832,0.18929611146450043,0.3723675608634949,0.257036492228508
266,17,17,17,0.22677817940711975,0.7732218503952026,17,1,17,1,0.9993670582771301,0.9653830528259277,0.8820597529411316,0.03523031047174216,0.12549547817128814,0.6249217987060547,0.3750782012939453,0.8820597529411316,0.8382928520441055
267,9,27,9,0.22707052528858185,0.7729294896125793,9,1,22,0,0.2598569989204407,0.26702165603637695,0.11661230027675629,1.3204255151205488,2.148900519405228,0.9611796736717224,0.0388202928006649,0.14281758666038513,0.026205286383628845
268,27,7,27,0.22198720276355743,0.7780128121376038,27,1,27,1,0.04415357485413551,0.7695171236991882,0.38430365920066833,0.2619920729304104,0.9563222597271143,0.5294115543365479,0.4705883860588074,0.38430365920066833,0.2214253544807434
269,14,14,1,0.1929607391357422,0.8070392608642578,1,0,1,0,0.24667371809482574,0.2881167531013489,0.22945857048034668,1.244389488282599,1.472032786560178,0.9553817510604858,0.044618211686611176,0.22958172857761383,0.00012315809726715088
270,8,9,12,0.20945410430431366,0.7905458807945251,12,0,12,0,0.05823967605829239,0.23432447016239166,0.16387209296226501,1.451048499474979,1.8086690764163191,0.9431402087211609,0.05685972794890404,0.32199233770370483,0.15812024474143982
271,25,25,25,0.19996069371700287,0.8000392913818359,25,1,25,1,0.9995039701461792,0.949446439743042,0.7002050876617432,0.051876159227587516,0.35638200447576807,0.8127874135971069,0.18721257150173187,0.7002050876617432,0.6457998342812061
272,4,4,4,0.20032496750354767,0.7996750473976135,4,1,4,1,0.9998841881752014,0.964134693145752,0.629489004611969,0.03652427095172522,0.46284689250974403,0.9214898943901062,0.07851015776395798,0.629489004611969,0.567973006516695
273,6,6,6,0.20063889026641846,0.7993611097335815,6,1,6,1,0.9690818190574646,0.9080633521080017,0.6054707169532776,0.09644113177067509,0.5017490789201794,0.7174913883209229,0.28250864148139954,0.6054707169532776,0.4229300320148468
274,15,15,20,0.199090838432312,0.800909161567688,20,0,15,1,0.10685741901397705,0.23629841208457947,0.31697672605514526,1.4426598147247631,1.1489269271845912,0.9849509000778198,0.015049087814986706,0.31697672605514526,0.21665818244218826
275,19,19,19,0.22458496689796448,0.7754150032997131,19,1,19,1,0.9800263047218323,0.8227251768112183,0.5293598175048828,0.19513306261205687,0.6360868940251001,0.6859960556030273,0.31400397419929504,0.5293598175048828,0.399238184094429
276,4,2,4,0.22679981589317322,0.7732002139091492,4,1,4,1,0.05393039062619209,0.7694362998008728,0.35205966234207153,0.2620971104151783,1.0439546224567677,0.9835414290428162,0.016458624973893166,0.35205966234207153,0.14611534774303436
277,4,4,4,0.1969691812992096,0.803030788898468,4,1,4,1,0.8448964953422546,0.5760056972503662,0.37164822220802307,0.5516377272754984,0.9898075113335817,0.8834460377693176,0.11655395478010178,0.37164822220802307,0.13859935104846954
278,24,24,24,0.20179393887519836,0.798206090927124,24,1,24,1,0.9558687806129456,0.758487343788147,0.7511426210403442,0.276429166175678,0.2861597370720533,0.8296301960945129,0.17036981880664825,0.7511426210403442,0.6428171545267105
279,19,19,19,0.20461007952690125,0.7953898906707764,19,1,19,1,0.8179131150245667,0.5334864258766174,0.37621018290519714,0.6283216520942602,0.9776072946846243,0.7517832517623901,0.24821679294109344,0.37621018290519714,0.2189219743013382
280,1,1,1,0.20850352942943573,0.7914964556694031,1,1,1,1,0.9219386577606201,0.6428868770599365,0.15536148846149445,0.44178650014434,1.862000693759641,0.8862805366516113,0.11371949315071106,0.15536148846149445,0.028209656476974487
281,20,20,11,0.20828182995319366,0.7917181849479675,20,1,11,0,0.4300364851951599,0.3707886338233948,0.24472087621688843,0.9921230988794693,1.4076369986584503,0.8590424656867981,0.1409575641155243,0.2618505358695984,0.01712965965270996
282,9,9,9,0.22138123214244843,0.7786187529563904,9,1,9,1,0.9712165594100952,0.7504948973655701,0.3619983494281769,0.2870224269116535,1.0161156267574325,0.7255348563194275,0.2744651734828949,0.3619983494281769,0.23496870696544647
283,5,8,5,0.22214655578136444,0.7778534293174744,5,1,5,1,0.35520413517951965,0.7730997204780579,0.5035615563392639,0.2573472342156519,0.6860493174159181,0.9474126696586609,0.05258728563785553,0.5035615563392639,0.3584928512573242
284,1,26,1,0.20999084413051605,0.7900091409683228,1,1,1,1,0.6379503607749939,0.8612790107727051,0.3426421582698822,0.14933677272496898,1.071068646751706,0.6765872836112976,0.3234127461910248,0.3426421582698822,0.1122671365737915
285,20,20,11,0.20192310214042664,0.798076868057251,20,1,20,1,0.645395815372467,0.5173840522766113,0.3423135280609131,0.6589698325181298,1.072028213160872,0.8795815706253052,0.1204184964299202,0.3423135280609131,0.01320028305053711
286,13,13,13,0.20912127196788788,0.7908787131309509,13,1,13,1,0.9766808152198792,0.6060988306999207,0.2064446359872818,0.5007122192464903,1.5777230091271688,0.9247655868530273,0.07523433864116669,0.2064446359872818,0.11476548761129379
287,25,25,25,0.21254383027553558,0.7874561548233032,25,1,25,1,0.9757498502731323,0.6148557662963867,0.2890061140060425,0.48636756502856227,1.2413074353632334,0.8731968402862549,0.1268032342195511,0.2890061140060425,0.13903485238552094
288,24,24,16,0.21337535977363586,0.7866246104240417,24,1,24,1,0.6243698596954346,0.4852994382381439,0.6777610182762146,0.7229891801274908,0.3889605335961283,0.9275751113891602,0.07242490351200104,0.6777610182762146,0.5689770206809044
289,20,15,24,0.22239355742931366,0.7776064276695251,24,0,15,0,0.03180496767163277,0.08979973942041397,0.04919319227337837,2.4101732054553207,3.0120000334849375,0.9842368364334106,0.015763165429234505,0.22002428770065308,0.08212979137897491
290,1,1,1,0.20876361429691315,0.791236400604248,1,1,1,1,0.9593461751937866,0.6709970235824585,0.19190144538879395,0.3989905778139469,1.6507733440073018,0.8698092103004456,0.13019074499607086,0.19190144538879395,0.04435478150844574
291,14,9,14,0.21283826231956482,0.7871617674827576,14,1,14,1,0.8485047817230225,0.524153470993042,0.3980908989906311,0.6459707539686086,0.9210749103508972,0.7720967531204224,0.22790326178073883,0.3980908989906311,0.17841707170009613
292,26,26,26,0.2072417438030243,0.7927582263946533,26,1,26,1,0.9999997019767761,0.9993531107902527,0.9300598502159119,0.000647098532849597,0.07250633983466119,0.8826863765716553,0.1173136979341507,0.9300598502159119,0.9233633908443153
293,17,17,17,0.20722723007202148,0.7927727699279785,17,1,17,1,0.8165042996406555,0.49499890208244324,0.4530867338180542,0.7031997344311728,0.7916717064442419,0.7746708989143372,0.22532911598682404,0.4530867338180542,0.2753280699253082
294,11,11,4,0.21141135692596436,0.7885886430740356,4,0,4,0,0.29555249214172363,0.16108357906341553,0.09299915283918381,1.8258319240787557,2.3751648951264586,0.9142072200775146,0.08579283207654953,0.1794714778661728,0.05499013513326645
295,21,0,24,0.23093858361244202,0.7690614461898804,24,0,0,0,0.07505976408720016,0.12367957830429077,0.08664373308420181,2.0900611037195787,2.445950589911518,0.9861754775047302,0.013824556022882462,0.1601167917251587,0.050111234188079834
296,21,21,21,0.23819857835769653,0.7618014216423035,21,1,21,1,0.8933495879173279,0.5855873823165894,0.3898518979549408,0.53513986315769,0.941988360814778,0.848499596118927,0.151500403881073,0.3898518979549408,0.20930148661136627
297,26,26,27,0.24074386060237885,0.75925612449646,27,0,26,1,0.06701488047838211,0.26163679361343384,0.16831481456756592,1.3407980209197525,1.781919156896608,0.817300021648407,0.1827000081539154,0.16831481456756592,0.06954894214868546
298,3,4,6,0.27481546998023987,0.7251845598220825,6,0,6,0,0.09883194416761398,0.1456570327281952,0.19909915328025818,1.926500511619175,1.6139523206570505,0.545302152633667,0.4546978771686554,0.287619024515152,0.05236147344112396
299,5,5,1,0.26936039328575134,0.730639636516571,1,0,1,0,0.01448703370988369,0.1278228759765625,0.15630805492401123,2.0571097548053157,1.855926507860125,0.8806846737861633,0.11931530386209488,0.30616605281829834,0.09309472143650055
300,6,5,24,0.3064849376678467,0.6935150623321533,24,0,5,0,0.010925421491265297,0.02263888530433178,0.07463084161281586,3.7880862625336618,2.5952014307643347,0.9620587825775146,0.037941254675388336,0.1382542997598648,0.0420895516872406
301,4,4,4,0.3354824185371399,0.6645175814628601,4,1,4,1,0.7433319091796875,0.5090833902359009,0.368303120136261,0.6751434443458129,0.9988489838421557,0.8929507732391357,0.10704921931028366,0.368303120136261,0.19992318749427795
302,24,24,10,0.3445272743701935,0.6554726958274841,24,1,24,1,0.5302127599716187,0.5451950430870056,0.6407518982887268,0.6066116711178088,0.44511295113801136,0.8884287476539612,0.11157123744487762,0.6407518982887268,0.5211957320570946
303,17,17,17,0.3580056130886078,0.6419944167137146,17,1,17,1,0.8754187226295471,0.4137655198574066,0.3394472301006317,0.8824558427649739,1.0804367782305613,0.7482370734214783,0.25176289677619934,0.3394472301006317,0.18032890558242798
304,20,20,15,0.3542626202106476,0.6457374095916748,20,1,20,1,0.20528346300125122,0.417020320892334,0.3009531497955322,0.8746203272139836,1.2008006748675757,0.7931259274482727,0.20687411725521088,0.3009531497955322,0.09986300766468048
305,11,11,4,0.38062748312950134,0.6193724870681763,4,0,4,0,0.3958284258842468,0.26755112409591675,0.15763281285762787,1.3184446127912397,1.8474869198183361,0.9377186894416809,0.062281280755996704,0.2578379213809967,0.10020510852336884
306,15,15,15,0.4046773314476013,0.5953226685523987,15,1,15,1,0.9964345693588257,0.9453232288360596,0.8601772785186768,0.056228368874755484,0.1506167731656483,0.8444429039955139,0.1555570662021637,0.8601772785186768,0.822853323072195
307,2,25,2,0.4057996869087219,0.5942003130912781,2,1,2,1,0.04043443500995636,0.36309218406677246,0.18975432217121124,1.0130985263601118,1.6620250847249154,0.26595979928970337,0.7340401411056519,0.18975432217121124,0.06248109042644501
308,3,3,6,0.33941641449928284,0.6605836153030396,3,1,3,1,0.25732889771461487,0.42636024951934814,0.25846755504608154,0.8524706339297649,1.3529851053052617,0.8349002003669739,0.1650998294353485,0.25846755504608154,0.003091365098953247
309,22,22,19,0.36069047451019287,0.6393095254898071,19,0,22,1,0.4660016894340515,0.27582475543022156,0.3728361427783966,1.2879895590207555,0.9866162513571348,0.7940555810928345,0.20594437420368195,0.3728361427783966,0.19247299432754517
310,0,0,0,0.3811829090118408,0.6188170909881592,0,1,0,1,0.9981675744056702,0.9737703800201416,0.869798481464386,0.026579752598849274,0.13949372466470109,0.7939882278442383,0.20601174235343933,0.869798481464386,0.840448185801506
311,23,23,23,0.3803548216819763,0.6196451783180237,23,1,23,1,0.998196542263031,0.9184485673904419,0.7337347269058228,0.08506937220352721,0.30960772317630114,0.7614718675613403,0.2385280877351761,0.7337347269058228,0.7017317935824394
312,15,0,15,0.38028785586357117,0.6197121739387512,15,1,15,1,0.49820590019226074,0.6948924660682678,0.4280743896961212,0.3639981704701342,0.848458290801931,0.7810498476028442,0.21895015239715576,0.4280743896961212,0.301383301615715
313,5,5,5,0.3635348975658417,0.6364651322364807,5,1,5,1,0.8635459542274475,0.8297140002250671,0.6938226222991943,0.186674215614236,0.36553893860851305,0.6642008423805237,0.3357991576194763,0.6938226222991943,0.562808632850647
314,7,26,7,0.3577480912208557,0.6422519087791443,7,1,26,0,0.13710859417915344,0.41294267773628235,0.135886088013649,0.8844464904814012,1.995938332353955,0.9101310968399048,0.08986897766590118,0.23220612108707428,0.09632003307342529
315,26,26,26,0.33883553743362427,0.6611644625663757,26,1,26,1,0.9999949336051941,0.996164083480835,0.8539756536483765,0.0038432925154486385,0.15785259420840375,0.9355230927467346,0.06447690725326538,0.8539756536483765,0.8421102371066809
316,15,15,15,0.3387256860733032,0.6612743139266968,15,1,15,1,0.8431696891784668,0.684978187084198,0.6870227456092834,0.3783682848996359,0.3753878787062883,0.9512828588485718,0.048717208206653595,0.6870227456092834,0.6124026328325272
317,16,16,16,0.3459879159927368,0.6540120840072632,16,1,16,1,0.9984460473060608,0.9296401143074036,0.6824191808700562,0.07295774159154957,0.3821111752423968,0.7475709915161133,0.25242891907691956,0.6824191808700562,0.6281353458762169
318,8,26,8,0.3472434878349304,0.6527565121650696,8,1,8,1,0.22805380821228027,0.5706558227539062,0.242115318775177,0.5609690133126786,1.4183411424625236,0.335565447807312,0.6644344925880432,0.242115318775177,0.11352819204330444
319,5,5,5,0.3226836323738098,0.6773163676261902,5,1,5,1,0.9168216586112976,0.7687694430351257,0.4947683811187744,0.26296416842823134,0.7036655428525047,0.9065383076667786,0.09346166998147964,0.4947683811187744,0.42891740798950195
320,1,1,1,0.314525842666626,0.685474157333374,1,1,1,1,0.9998025894165039,0.9563571214675903,0.5190675854682922,0.044623877665669866,0.6557211818122012,0.687065064907074,0.312934935092926,0.5190675854682922,0.4592156894505024
321,1,8,1,0.3150578439235687,0.6849421858787537,1,1,1,1,0.009922238998115063,0.672810971736908,0.4271562993526459,0.39629086288070003,0.8506052920915285,0.8750286102294922,0.12497136741876602,0.4271562993526459,0.18973161280155182
322,19,19,19,0.26439034938812256,0.7356096506118774,19,1,19,1,0.9611225724220276,0.7592641711235046,0.42453157901763916,0.27540551059627644,0.85676888490777,0.5795419812202454,0.42045798897743225,0.42453157901763916,0.3316735550761223
323,15,15,15,0.262434720993042,0.737565279006958,15,1,15,1,0.9997748136520386,0.9889949560165405,0.9260458946228027,0.01106604745681815,0.07683148333647555,0.8517553806304932,0.14824463427066803,0.9260458946228027,0.9133482882753015
324,20,20,20,0.2621805667877197,0.7378194332122803,20,1,20,1,0.9297535419464111,0.5310649871826172,0.3743714988231659,0.6328708788208617,0.9825066622144755,0.8884595036506653,0.1115405485033989,0.3743714988231659,0.18655109405517578
325,3,6,1,0.26000529527664185,0.7399947047233582,1,0,1,0,0.061159830540418625,0.06820082664489746,0.10752478986978531,2.6852985933132536,2.2300338545594425,0.9717554450035095,0.028244508430361748,0.2003602385520935,0.01783493161201477
326,21,21,6,0.27673789858818054,0.7232621312141418,6,0,21,1,0.2102382332086563,0.3225291967391968,0.24806249141693115,1.1315616143194904,1.3940745830392822,0.5871012806892395,0.41289862990379333,0.24806249141693115,0.05502970516681671
327,9,27,9,0.29605841636657715,0.7039415836334229,27,0,27,0,0.812791645526886,0.4638175368309021,0.32261839509010315,0.7682640436834177,1.131285093558646,0.7367923259735107,0.26320770382881165,0.33235251903533936,0.009734123945236206
328,17,9,27,0.2865179777145386,0.7134820222854614,27,0,27,0,0.17208190262317657,0.006106202490627766,0.04073881730437279,5.098450222653354,3.2005738989344485,0.7754719257354736,0.22452807426452637,0.4012340307235718,0.05206179618835449
329,27,27,9,0.28459274768829346,0.7154072523117065,9,0,9,0,0.36255934834480286,0.3856826424598694,0.27269160747528076,0.9527404174773415,1.2994137652723787,0.7503557801246643,0.2496441900730133,0.32651224732398987,0.053820639848709106
330,14,14,14,0.2969249188899994,0.7030750513076782,14,1,14,1,0.9776117205619812,0.9207653403282166,0.7343002557754517,0.08255006310803187,0.3088372661990825,0.8062404990196228,0.19375957548618317,0.7343002557754517,0.6350959613919258
331,12,6,12,0.2947815954685211,0.7052184343338013,12,1,6,0,0.019868111237883568,0.6887840032577515,0.23424062132835388,0.37282755021241126,1.4514063956838752,0.9363592267036438,0.06364081799983978,0.23726704716682434,0.003026425838470459
332,4,4,4,0.2515681982040405,0.7484318017959595,4,1,4,1,0.9982067346572876,0.9629653692245483,0.698368489742279,0.03773782917586116,0.3590083932548242,0.8026265501976013,0.19737350940704346,0.698368489742279,0.6452538222074509
333,17,17,17,0.2502560019493103,0.7497439980506897,17,1,17,1,0.9986956119537354,0.9133591651916504,0.8313133716583252,0.09062608561153741,0.1847484533364898,0.6940164566040039,0.3059835731983185,0.8313133716583252,0.7522510439157486
334,8,8,8,0.25063928961753845,0.7493607401847839,8,1,8,1,0.6883872747421265,0.8108242154121399,0.40892449021339417,0.20970399877708754,0.8942247604889474,0.37255987524986267,0.6274402141571045,0.40892449021339417,0.2935643494129181
335,12,1,19,0.23777788877487183,0.7622221112251282,5,0,5,0,0.13084515929222107,0.0985657274723053,0.09168095141649246,2.317031669356265,2.389440648490012,0.7942928671836853,0.2057071477174759,0.22512713074684143,0.08381259441375732
336,16,16,16,0.2542452812194824,0.7457547187805176,16,1,16,1,0.927710235118866,0.6919968128204346,0.5847156047821045,0.3681739291258911,0.536629695629016,0.9765086770057678,0.023491298779845238,0.5847156047821045,0.4910559728741646
337,4,4,4,0.25925758481025696,0.7407424449920654,4,1,4,1,0.9138815402984619,0.6396387815475464,0.4543101489543915,0.446851665796177,0.7889751667031749,0.8173777461051941,0.18262223899364471,0.4543101489543915,0.3005520701408386
338,11,11,11,0.26438069343566895,0.735619306564331,11,1,11,1,0.9898462891578674,0.8182001113891602,0.3948894739151001,0.2006483373475666,0.9291493661091057,0.6935079097747803,0.30649206042289734,0.3948894739151001,0.23165717720985413
339,3,3,3,0.2610199451446533,0.7389800548553467,3,1,3,1,0.9393302202224731,0.6786982417106628,0.327013224363327,0.38757866594814966,1.117754667424554,0.8990544080734253,0.10094564408063889,0.327013224363327,0.08421984314918518
340,15,15,15,0.2659203112125397,0.7340796589851379,15,1,15,1,0.999343991279602,0.9526687264442444,0.8701912760734558,0.04848804704495014,0.13904223394294185,0.8749942183494568,0.12500576674938202,0.8701912760734558,0.8475873712450266
341,6,3,6,0.26656895875930786,0.7334310412406921,6,1,6,1,0.745486855506897,0.7502579092979431,0.424259752035141,0.28733825250071066,0.8574093886024862,0.7044007182121277,0.2955993115901947,0.424259752035141,0.1673542857170105
342,5,1,5,0.2606101334095001,0.7393898963928223,5,1,5,1,0.10970623791217804,0.7584235668182373,0.5951954126358032,0.2765132541329882,0.5188655027580716,0.8162519931793213,0.18374794721603394,0.5951954126358032,0.4354563057422638
343,3,3,3,0.2369266152381897,0.7630733847618103,3,1,3,1,0.9579752683639526,0.7994607090950012,0.5155513882637024,0.2238178922622161,0.6625182942399219,0.7903720140457153,0.20962798595428467,0.5155513882637024,0.3356788158416748
344,2,2,22,0.23957762122154236,0.76042240858078,2,1,2,1,0.48995542526245117,0.33006834983825684,0.3309860825538635,1.108455525246156,1.1056789511541247,0.9948651194572449,0.005134910345077515,0.3309860825538635,0.21805226057767868
345,15,15,15,0.25177377462387085,0.7482262253761292,15,1,15,1,0.9999839663505554,0.9879006743431091,0.9130861163139343,0.012173118329341136,0.09092508047605934,0.7585809230804443,0.24141907691955566,0.9130861163139343,0.9035671763122082
346,22,25,22,0.2518055737018585,0.7481943964958191,25,0,25,0,0.5688562989234924,0.24350492656230927,0.13393886387348175,1.4126181043754182,2.0103718228903835,0.9284811615943909,0.07151884585618973,0.2682434916496277,0.13430462777614594
347,8,8,8,0.21605929732322693,0.7839407324790955,8,1,8,1,0.7969141602516174,0.6174379587173462,0.6009643077850342,0.4821766872404251,0.5092197342553375,0.8953178524971008,0.10468216240406036,0.6009643077850342,0.42648346722126007
348,2,2,25,0.22109124064445496,0.7789087295532227,25,0,25,0,0.591265082359314,0.08990570157766342,0.1668701022863388,2.4089939181845375,1.7905395998533042,0.9721020460128784,0.02789793536067009,0.3078646659851074,0.14099456369876862
349,14,14,14,0.2563115358352661,0.7436884641647339,14,1,14,1,0.880571186542511,0.792083740234375,0.5971047282218933,0.23308816013785025,0.515662756817278,0.566437840461731,0.43356215953826904,0.5971047282218933,0.48059284687042236
350,4,4,11,0.25260239839553833,0.7473976016044617,11,0,11,0,0.4136463403701782,0.2661353051662445,0.21372142434120178,1.3237504334886399,1.5430818673948332,0.5792778134346008,0.42072218656539917,0.2960459291934967,0.08232450485229492
351,18,18,22,0.27242588996887207,0.7275741100311279,22,0,18,1,0.32153621315956116,0.2501966953277588,0.32304051518440247,1.3855078891590211,1.12997752961823,0.9895729422569275,0.010427053086459637,0.32304051518440247,0.08911827206611633
352,13,21,4,0.2893662452697754,0.7106337547302246,4,0,4,0,0.2421712428331375,0.09856101870536804,0.03214313089847565,2.3170794433598387,3.437556509027834,0.6544422507286072,0.34555771946907043,0.30444103479385376,0.11488661170005798
353,5,5,5,0.2728794515132904,0.727120578289032,5,1,5,1,0.9243761897087097,0.8748346567153931,0.6273162364959717,0.1337203742342587,0.46630450107081595,0.5931466817855835,0.4068533778190613,0.6273162364959717,0.560296081006527
354,27,14,27,0.26787883043289185,0.7321211695671082,27,1,27,1,0.21551506221294403,0.6432775259017944,0.31861037015914917,0.4411790368169906,1.1437863328860292,0.6383228898048401,0.3616771996021271,0.31861037015914917,0.04266536235809326
355,0,0,16,0.24999532103538513,0.7500047087669373,16,0,0,1,0.13537368178367615,0.2756512463092804,0.32302555441856384,1.2886188126097389,1.1300238430420273,0.7591261267662048,0.24087390303611755,0.32302555441856384,0.07972756028175354
356,12,7,12,0.26772981882095337,0.7322701811790466,12,1,12,1,0.2636142075061798,0.741243839263916,0.40396633744239807,0.2994256399844493,0.9064237276549355,0.761848509311676,0.23815152049064636,0.40396633744239807,0.31090976297855377
357,25,25,22,0.2469445914030075,0.7530553936958313,25,1,25,1,0.5415109992027283,0.4253126382827759,0.24689877033233643,0.8549307610042352,1.3987768630713666,0.9131255745887756,0.08687445521354675,0.24689877033233643,0.06066519021987915
358,15,15,15,0.2582308053970337,0.7417691946029663,15,1,15,1,0.9877380728721619,0.8218403458595276,0.7103782892227173,0.1962091292386197,0.3419576491130798,0.9126138687133789,0.0873861238360405,0.7103782892227173,0.6387992426753044
359,9,9,9,0.2608690857887268,0.7391309142112732,9,1,9,1,0.6256285309791565,0.77561354637146,0.34870705008506775,0.25410089009898956,1.0535231073085651,0.8542706370353699,0.1457294076681137,0.34870705008506775,0.233758807182312
360,21,21,21,0.24957430362701416,0.7504256963729858,21,1,21,1,0.9998443126678467,0.971817135810852,0.7960401773452759,0.02858762410255978,0.22810562035967202,0.6453813910484314,0.354618638753891,0.7960401773452759,0.774064751341939
361,23,12,23,0.2498646378517151,0.7501353621482849,23,1,23,1,0.038938552141189575,0.4908020794391632,0.32980141043663025,0.7117143293182452,1.1092645922234843,0.3534925580024719,0.6465074419975281,0.32980141043663025,0.2622186541557312
362,18,18,1,0.211800217628479,0.788199782371521,1,0,1,0,0.29025799036026,0.20497260987758636,0.14245256781578064,1.5848789191236246,1.9487461921158815,0.9004481434822083,0.09955184906721115,0.21832865476608276,0.07587608695030212
363,26,26,7,0.21501170098781586,0.784988284111023,7,0,7,0,0.023874441161751747,0.17006579041481018,0.23327884078025818,1.7715699143579446,1.45552079939462,0.9762164950370789,0.023783493787050247,0.35649868845939636,0.12321984767913818
364,16,0,16,0.25460952520370483,0.7453904747962952,16,1,0,0,0.02829277142882347,0.7324150800704956,0.1878296285867691,0.3114078764558818,1.672219957949121,0.9367963075637817,0.06320371478796005,0.46942344307899475,0.28159381449222565
365,22,22,13,0.21946287155151367,0.7805371284484863,13,0,22,1,0.011231468990445137,0.20980998873710632,0.2615216374397278,1.561552973394925,1.3412382553448543,0.3962884247303009,0.6037115454673767,0.2615216374397278,0.05518946051597595
366,14,14,14,0.2665492296218872,0.7334507703781128,14,1,14,1,0.808104395866394,0.7979544401168823,0.6608105897903442,0.22570377574753248,0.4142880311919991,0.8314318060874939,0.16856826841831207,0.6608105897903442,0.5486118644475937
367,27,27,27,0.2611415386199951,0.7388584613800049,27,1,27,1,0.9193984270095825,0.8622559905052185,0.47064208984375,0.14820307966224794,0.7536573680062737,0.7258946299552917,0.27410539984703064,0.47064208984375,0.2604651153087616
368,9,12,16,0.25742432475090027,0.7425756454467773,16,0,12,0,0.12659938633441925,0.07212457805871964,0.051492419093847275,2.629360404310055,2.9663206842089513,0.7458964586257935,0.25410357117652893,0.16224870085716248,0.03325675427913666
369,17,17,27,0.2380870133638382,0.761913001537323,27,0,17,1,0.3934432566165924,0.2616496682167053,0.3988722860813141,1.3407488142071269,0.919113998339652,0.6018742322921753,0.3981257379055023,0.3988722860813141,0.11094933748245239
370,5,5,5,0.2474326342344284,0.7525673508644104,5,1,5,1,0.7376710772514343,0.8160997033119202,0.5340826511383057,0.20321874605078716,0.6272046745861727,0.4826900362968445,0.5173100233078003,0.5340826511383057,0.44507839530706406
371,18,18,18,0.23923452198505402,0.7607654929161072,18,1,18,1,0.820557177066803,0.6238766312599182,0.5577406287193298,0.4718026364734127,0.5838612477482023,0.9850243330001831,0.014975722879171371,0.5577406287193298,0.4139679819345474
372,6,6,6,0.23848843574523926,0.7615115642547607,6,1,6,1,0.9252417087554932,0.6432571411132812,0.39949676394462585,0.4412107262677882,0.9175496140723801,0.8570415377616882,0.1429583728313446,0.39949676394462585,0.21202795207500458
373,3,3,3,0.24325895309448242,0.7567410469055176,3,1,3,1,0.9661770462989807,0.8073809742927551,0.5939199328422546,0.2139596350064609,0.5210107618997688,0.7354905605316162,0.2645094692707062,0.5939199328422546,0.41016826033592224
374,14,14,14,0.2457200437784195,0.7542799711227417,14,1,14,1,0.8208299875259399,0.7734616994857788,0.6166006326675415,0.25687912605045626,0.48353373747232364,0.7810876965522766,0.2189122438430786,0.6166006326675415,0.4925352707505226
375,24,24,25,0.24131156504154205,0.7586884498596191,25,0,24,1,0.06890776008367538,0.2769830524921417,0.5333523154258728,1.2837989570053527,0.6285730686322223,0.8082051873207092,0.19179481267929077,0.5333523154258728,0.2730196714401245
376,2,23,2,0.27030715346336365,0.7296928763389587,2,1,2,1,0.569891631603241,0.7216418385505676,0.5464008450508118,0.32622633166150916,0.6044024241476682,0.4138599932193756,0.5861400365829468,0.5464008450508118,0.4495961517095566
377,4,4,4,0.2601358890533447,0.7398641109466553,4,1,4,1,0.9556710720062256,0.6644927263259888,0.419406920671463,0.40873134697454155,0.8689136592878907,0.9560447335243225,0.04395529627799988,0.419406920671463,0.3311699405312538
378,1,1,1,0.25909915566444397,0.7409008741378784,1,1,1,1,0.7581013441085815,0.7991363406181335,0.3531952202320099,0.22422370870154645,1.0407343430958544,0.6550950407981873,0.34490495920181274,0.3531952202320099,0.22379234433174133
379,21,21,21,0.24914731085300446,0.7508527040481567,21,1,21,1,1.0,0.9992405772209167,0.9650843739509583,0.0007597112866373338,0.03553974731922256,0.7603399753570557,0.23966006934642792,0.9650843739509583,0.9613531848881394
380,8,17,8,0.24914687871932983,0.7508531212806702,8,1,8,1,0.09571273624897003,0.7587078809738159,0.4647446274757385,0.2761384492216264,0.7662672124780877,0.25836578011512756,0.74163419008255,0.4647446274757385,0.32286591827869415
381,24,24,24,0.22095629572868347,0.7790437340736389,24,1,24,1,0.8647326827049255,0.6940948963165283,0.8451249599456787,0.36514658961489516,0.16827078096584883,0.9400885105133057,0.059911493211984634,0.8451249599456787,0.7974105998873711
382,17,17,17,0.22527536749839783,0.7747246026992798,17,1,17,1,0.6802613735198975,0.460566908121109,0.5019832253456116,0.7752971393326202,0.6891885754949151,0.8117467761039734,0.188253253698349,0.5019832253456116,0.34613314270973206
383,4,4,4,0.23232604563236237,0.7676739692687988,4,1,4,1,0.9940672516822815,0.797680139541626,0.49372854828834534,0.2260475895272728,0.7057694102152492,0.7984345555305481,0.20156548917293549,0.49372854828834534,0.4325055480003357
384,24,24,24,0.2342761605978012,0.7657238245010376,24,1,24,1,0.711355447769165,0.479261577129364,0.5943671464920044,0.7355087405837003,0.5202580588221339,0.9555830955505371,0.0444168858230114,0.5943671464920044,0.5226588025689125
385,25,18,25,0.24463963508605957,0.7553603649139404,25,1,18,0,0.277109295129776,0.41406500339508057,0.19619618356227875,0.881732304450483,1.628640183812342,0.984452486038208,0.015547545626759529,0.3575780987739563,0.16138191521167755
386,22,22,16,0.237223282456398,0.7627767324447632,16,0,22,1,0.016840867698192596,0.22240842878818512,0.3300766348838806,1.5032398180964162,1.1084304245612582,0.6301727890968323,0.3698272705078125,0.3300766348838806,0.07739463448524475
387,14,14,14,0.28070810437202454,0.7192919254302979,14,1,14,1,0.9337610602378845,0.7944402098655701,0.5890511870384216,0.23011755088365143,0.5292421941177389,0.6308736205101013,0.3691263794898987,0.5890511870384216,0.466736264526844
388,12,12,12,0.2779306173324585,0.7220693826675415,12,1,12,1,0.9979731440544128,0.9628633260726929,0.6608026027679443,0.03784380241449879,0.41430011796965077,0.7846366763114929,0.2153632938861847,0.6608026027679443,0.6004631109535694
389,4,4,13,0.27665844559669495,0.7233415246009827,4,1,4,1,0.5058996677398682,0.40773820877075195,0.32585516571998596,0.8971299556900622,1.1213022732682247,0.9448176622390747,0.055182285606861115,0.32585516571998596,0.21832118928432465
390,7,7,27,0.2933814525604248,0.7066185474395752,7,1,27,0,0.07477184385061264,0.2554241716861725,0.10569576919078827,1.3648296973946197,2.2471904134842458,0.4241349995136261,0.5758649706840515,0.12156946212053299,0.00867152214050293
391,27,27,17,0.332511305809021,0.667488694190979,27,1,17,0,0.7999430298805237,0.39385920763015747,0.1507730484008789,0.9317617745859362,1.891979563513445,0.8884401917457581,0.11155979335308075,0.33121854066848755,0.18044549226760864
392,24,24,24,0.3402917683124542,0.6597082018852234,24,1,24,1,0.998304545879364,0.9356004595756531,0.8654335737228394,0.06656675306268577,0.14452465633163503,0.6604629158973694,0.3395370543003082,0.8654335737228394,0.8479306120425463
393,8,8,8,0.3414134085178375,0.6585866212844849,8,1,8,1,0.9000933170318604,0.7419223785400391,0.6452438831329346,0.2985106524189055,0.4381269202688211,0.9425214529037476,0.05747848376631737,0.6452438831329346,0.49829432368278503
394,16,6,16,0.3464747369289398,0.6535252928733826,16,1,16,1,0.2310032844543457,0.6202238202095032,0.27881327271461487,0.4776748657500357,1.2772129946485278,0.7840895652770996,0.21591046452522278,0.27881327271461487,0.049233242869377136
395,1,1,1,0.3241555094718933,0.6758444905281067,1,1,1,1,0.9963415265083313,0.9504294395446777,0.5568662881851196,0.0508413549016099,0.5854301249914523,0.7161146402359009,0.28388530015945435,0.5568662881851196,0.4306420087814331
396,14,14,14,0.32336750626564026,0.6766324639320374,14,1,14,1,0.9580895900726318,0.8764820098876953,0.698303759098053,0.13183909977421948,0.35910108593104245,0.6545597910881042,0.34544023871421814,0.698303759098053,0.6010803729295731
397,3,21,6,0.31952062249183655,0.6804793477058411,6,0,6,0,0.03521352261304855,0.26452821493148804,0.19916875660419464,1.3298073606640723,1.613602790489454,0.3089154362678528,0.6910845637321472,0.2259977012872696,0.02682894468307495
398,7,7,7,0.2762124240398407,0.7237876057624817,7,1,7,1,0.9395211935043335,0.7753441333770752,0.3613087832927704,0.25444830511954414,1.018022330875567,0.7945003509521484,0.20549969375133514,0.3613087832927704,0.13602322340011597
399,26,26,26,0.27960145473480225,0.7203985452651978,26,1,26,1,0.9764550924301147,0.7551226615905762,0.4570203721523285,0.2808750772463498,0.7830273110676546,0.8688896298408508,0.13111035525798798,0.4570203721523285,0.36294081062078476
400,25,2,25,0.28376278281211853,0.7162372469902039,25,1,2,0,0.19083547592163086,0.36679184436798096,0.07752776890993118,1.0029607733945076,2.557119098284761,0.9984423518180847,0.001557694049552083,0.6067609786987305,0.5292332097887993
401,4,4,4,0.2583331763744354,0.741666853427887,4,1,4,1,0.9983882308006287,0.9488245248794556,0.7716483473777771,0.05253140275965239,0.2592263413109171,0.9101637601852417,0.0898362323641777,0.7716483473777771,0.6953675448894501
402,16,16,16,0.25899288058280945,0.7410071492195129,16,1,16,1,0.5893375873565674,0.3864929676055908,0.2347005307674408,0.9506416061898154,1.4494449146558765,0.8954772353172302,0.10452274233102798,0.2347005307674408,0.09662608802318573
403,26,9,26,0.25692492723464966,0.7430750727653503,26,1,26,1,0.2537805736064911,0.5895597338676453,0.17963506281375885,0.528379234422113,1.7168279149202965,0.9783266186714172,0.021673351526260376,0.17963506281375885,0.007005676627159119
404,10,10,10,0.23700590431690216,0.762994110584259,10,1,10,1,0.8938624858856201,0.701193630695343,0.42845895886421204,0.3549712094113622,0.847560324144641,0.8672956824302673,0.13270433247089386,0.42845895886421204,0.16188615560531616
405,8,8,8,0.24152380228042603,0.758476197719574,8,1,8,1,0.9999890327453613,0.9948625564575195,0.891390323638916,0.005150685578501642,0.11497287376876617,0.7834450602531433,0.21655488014221191,0.891390323638916,0.8773039085790515
406,0,0,0,0.24146759510040283,0.7585324048995972,0,1,0,1,0.9999997615814209,0.9995604753494263,0.9614027142524719,0.00043962126984503294,0.03936190029714624,0.5818967223167419,0.41810324788093567,0.9614027142524719,0.9578514881432056
407,8,9,8,0.2414553463459015,0.7585446834564209,8,1,8,1,0.03621388599276543,0.7612602114677429,0.570746660232544,0.2727800459688614,0.5608098451311064,0.1576763093471527,0.8423236608505249,0.570746660232544,0.46405743062496185
408,17,17,27,0.20852233469486237,0.7914776802062988,17,1,17,1,0.6133995056152344,0.49051138758659363,0.5507303476333618,0.7123067839636572,0.5965099768535174,0.6532416343688965,0.3467583656311035,0.5507303476333618,0.36859196424484253
409,7,0,12,0.2109404355287552,0.789059579372406,12,0,0,0,0.024687916040420532,0.19583645462989807,0.18076904118061066,1.6304753832233,1.7105350780941304,0.9773338437080383,0.02266608737409115,0.25954678654670715,0.0787777453660965
410,2,2,2,0.19254986941814423,0.8074501156806946,2,1,2,1,0.9976766109466553,0.9111770391464233,0.8037675619125366,0.09301806564511594,0.21844515370007364,0.7177631855010986,0.28223684430122375,0.8037675619125366,0.7595051750540733
411,11,11,15,0.19317291676998138,0.8068270683288574,15,0,15,0,0.2701624929904938,0.2846633195877075,0.18270286917686462,1.2564481318194167,1.6998941114146202,0.7535347938537598,0.24646516144275665,0.3435952365398407,0.16089236736297607
412,3,3,15,0.20387683808803558,0.7961231470108032,15,0,15,0,0.13386209309101105,0.2676521837711334,0.1888328194618225,1.3180669631207975,1.6668932084825037,0.6480854153633118,0.35191455483436584,0.5110759139060974,0.3222430944442749
413,0,0,0,0.2237708419561386,0.7762291431427002,0,1,0,1,0.8385915160179138,0.8852933049201965,0.6373118758201599,0.12183627089209552,0.4504961422518607,0.8454766273498535,0.1545233577489853,0.6373118758201599,0.46595318615436554
414,11,11,15,0.21763360500335693,0.7823663949966431,15,0,15,0,0.23641322553157806,0.19602394104003906,0.16249336302280426,1.6295184790476347,1.8171181209830294,0.9586911797523499,0.04130885377526283,0.19042927026748657,0.027935907244682312
415,19,19,26,0.24344201385974884,0.7565580010414124,19,1,19,1,0.3274867534637451,0.1821170449256897,0.11713011562824249,1.7031056946207888,2.1444698627221292,0.8493747711181641,0.15062524378299713,0.11713011562824249,0.0176994651556015
416,2,2,2,0.2602252960205078,0.7397747039794922,2,1,2,1,0.9313371181488037,0.6740682125091553,0.6743723750114441,0.3944239676875637,0.39397283545339284,0.9917407035827637,0.008259258233010769,0.6743723750114441,0.6263062320649624
417,7,17,7,0.26529061794281006,0.7347093820571899,7,1,7,1,0.6026561856269836,0.3817954957485199,0.22953379154205322,0.9628701651709758,1.4717050204856033,0.9160214066505432,0.0839785635471344,0.22953379154205322,0.04779863357543945
418,26,26,26,0.26179084181785583,0.7382091283798218,26,1,26,1,0.9999663829803467,0.9919047951698303,0.8501102924346924,0.00812814891398812,0.16238918210981085,0.9079395532608032,0.09206046164035797,0.8501102924346924,0.8127313479781151
419,3,3,11,0.2616073191165924,0.7383926510810852,11,0,3,1,0.35894060134887695,0.4306725859642029,0.4192439615726471,0.8424071389032313,0.8693022813100385,0.9440476298332214,0.055952321738004684,0.4192439615726471,0.25054894387722015
420,12,5,16,0.27596649527549744,0.7240334749221802,16,0,12,1,0.24554982781410217,0.281342476606369,0.1950884759426117,1.2681825737967243,1.6343021005368235,0.910140872001648,0.08985916525125504,0.1950884759426117,0.026520952582359314
421,1,6,1,0.26296865940093994,0.7370313405990601,1,1,1,1,0.2245747148990631,0.7130378484725952,0.3420579433441162,0.33822077656494104,1.0727751312875276,0.8980677127838135,0.10193228721618652,0.3420579433441162,0.2589273303747177
422,12,12,12,0.23929309844970703,0.760706901550293,12,1,12,1,0.8843370676040649,0.8837116956710815,0.6120917797088623,0.12362440565712957,0.49087304086916783,0.72829270362854,0.2717072367668152,0.6120917797088623,0.5505892783403397
423,10,10,10,0.23392176628112793,0.7660782337188721,10,1,10,1,0.98867267370224,0.8473768830299377,0.5314008593559265,0.16560972104148616,0.632238628503184,0.9475278258323669,0.05247221142053604,0.5314008593559265,0.4473865255713463
424,19,19,19,0.2358517050743103,0.7641482949256897,19,1,19,1,0.9919617772102356,0.8635820746421814,0.627673864364624,0.14666633710833918,0.46573457166963983,0.5916327238082886,0.4083673059940338,0.627673864364624,0.5489123985171318
425,6,5,6,0.2375914752483368,0.7624084949493408,6,1,6,1,0.12017703056335449,0.2503725588321686,0.20643259584903717,1.3848052350899431,1.5777813322184882,0.9727298021316528,0.027270149439573288,0.20643259584903717,0.13889244198799133
426,4,4,4,0.20842145383358002,0.7915785312652588,4,1,4,1,0.8197177052497864,0.5093509554862976,0.3916630446910858,0.6746180000544323,0.9373533887119744,0.9634324312210083,0.03656754270195961,0.3916630446910858,0.26101818680763245
427,12,5,12,0.21530462801456451,0.7846953868865967,12,1,12,1,0.459231972694397,0.8283873796463013,0.500926673412323,0.18827438419010536,0.6912955490634539,0.9221166968345642,0.0778832733631134,0.500926673412323,0.3560018837451935
428,24,24,10,0.20320840179920197,0.7967916131019592,24,1,24,1,0.5493861436843872,0.4765491187572479,0.7529670000076294,0.7411844788138351,0.28373387683363654,0.8984814882278442,0.1015184298157692,0.7529670000076294,0.6963222771883011
429,27,8,27,0.21199943125247955,0.7880005836486816,27,1,27,1,0.2517327070236206,0.7955322265625,0.34119755029678345,0.22874392094690865,1.0752936430598377,0.8129903674125671,0.18700958788394928,0.34119755029678345,0.06647241115570068
430,11,4,22,0.19679424166679382,0.8032057881355286,4,0,4,0,0.24752375483512878,0.027285268530249596,0.04646953195333481,3.6014083367119754,3.0689584079537306,0.9854023456573486,0.014597604982554913,0.2411879003047943,0.16193825006484985
431,6,6,21,0.17139464616775513,0.8286053538322449,21,0,21,0,0.2544460594654083,0.08000995963811874,0.2061338573694229,2.5256041565806897,1.5792295281612028,0.9774083495140076,0.022591648623347282,0.3468798100948334,0.14074595272541046
432,0,1,0,0.20149917900562286,0.7985008358955383,0,1,0,1,0.0033178662415593863,0.7988949418067932,0.534643292427063,0.22452582896143297,0.6261554975851631,0.3441101014614105,0.6558898687362671,0.534643292427063,0.42785990983247757
433,1,1,1,0.15738993883132935,0.8426100611686707,1,1,5,0,0.6773576140403748,0.46654611825942993,0.21379420161247253,0.7623984034322494,1.542741401374152,0.8765559196472168,0.12344402074813843,0.3171082139015198,0.10331401228904724
434,4,4,4,0.15574057400226593,0.8442594408988953,4,1,4,1,0.9583058953285217,0.4738450348377228,0.3542533814907074,0.7468749414626636,1.0377428549644354,0.911952793598175,0.08804716169834137,0.3542533814907074,0.20862890779972076
435,25,25,25,0.15759164094924927,0.8424083590507507,25,1,25,1,0.8999348282814026,0.6162573099136353,0.5024289488792419,0.48409069176676944,0.6883010443113493,0.8599570989608765,0.14004291594028473,0.5024289488792419,0.31316690146923065
436,11,15,19,0.1604309380054474,0.8395690321922302,19,0,18,0,0.19149063527584076,0.03605159744620323,0.03910527378320694,3.32280410427167,3.2414979417203145,0.9908987283706665,0.009101287461817265,0.14071768522262573,0.024241968989372253
437,19,19,19,0.16348913311958313,0.8365108966827393,19,1,19,1,0.9983829259872437,0.916563868522644,0.6594288945198059,0.08712352670801721,0.41638112989325676,0.6311049461364746,0.3688949942588806,0.6594288945198059,0.5739616602659225
438,10,10,10,0.16396234929561615,0.8360376358032227,10,1,10,1,0.9999937415122986,0.9958156943321228,0.9102652072906494,0.004193084371917088,0.09401928534750181,0.8753861784934998,0.12461380660533905,0.9102652072906494,0.8885077815502882
439,7,7,7,0.1639840006828308,0.8360159993171692,7,1,7,1,0.9897823333740234,0.9707286357879639,0.7642291188240051,0.02970831855694885,0.2688876410260606,0.820479691028595,0.17952030897140503,0.7642291188240051,0.6883159577846527
440,15,15,15,0.16269798576831818,0.837302029132843,15,1,15,1,0.9984529614448547,0.9755021929740906,0.880059540271759,0.024802870870149398,0.12776571439895268,0.820406973361969,0.179593026638031,0.880059540271759,0.8622558899223804
441,0,0,0,0.16213445365428925,0.8378655314445496,0,1,0,1,0.995621383190155,0.9555248022079468,0.7009255290031433,0.04549455833053453,0.3553536329644713,0.7310401201248169,0.2689598500728607,0.7009255290031433,0.656047910451889
442,21,21,21,0.15997318923473358,0.8400267958641052,21,1,21,1,0.9107421040534973,0.6460790038108826,0.6057755947113037,0.43683348575632314,0.5012456672498549,0.7139015197753906,0.2860984206199646,0.6057755947113037,0.49685386568307877
443,6,3,11,0.16207265853881836,0.8379273414611816,11,0,3,0,0.01868894137442112,0.009476087056100368,0.03169940784573555,4.6589838057184725,3.4514572782186255,0.9109498262405396,0.08905018121004105,0.23821502923965454,0.11659743636846542
444,8,8,8,0.17213311791419983,0.8278668522834778,8,1,8,1,0.9034466743469238,0.6297581195831299,0.5198036432266235,0.46241947048893944,0.6543041478985331,0.9358652830123901,0.06413471698760986,0.5198036432266235,0.36987170577049255
445,7,5,7,0.17573018372058868,0.8242698311805725,7,1,8,0,0.33369481563568115,0.29327327013015747,0.07473772019147873,1.2266504420642916,2.593770358581378,0.9824075102806091,0.017592426389455795,0.2475900948047638,0.12762876600027084
446,15,15,15,0.16702476143836975,0.8329752683639526,15,1,15,1,0.919745683670044,0.9478501081466675,0.8201192617416382,0.05355890299775314,0.19830550815103742,0.8921579718589783,0.10784205049276352,0.8201192617416382,0.7303130179643631
447,8,26,8,0.16451925039291382,0.8354807496070862,8,1,8,1,0.033066559582948685,0.8018526434898376,0.5110127329826355,0.22083042429416438,0.6713607713146375,0.5469827055931091,0.4530172646045685,0.5110127329826355,0.3244742602109909
448,16,16,16,0.1417018324136734,0.8582981824874878,16,1,16,1,0.9999902844429016,0.9886103272438049,0.8479273319244385,0.011455031831851065,0.16496034034746246,0.9151015877723694,0.08489837497472763,0.8479273319244385,0.8312375396490097
449,9,14,9,0.1417497992515564,0.8582502007484436,9,1,9,1,0.07478565722703934,0.752830445766449,0.3163412809371948,0.2839152481620818,1.150933645213054,0.7023230195045471,0.2976769804954529,0.3163412809371948,0.0363459587097168
450,23,18,23,0.1143883541226387,0.8856116533279419,23,1,18,0,0.5021823644638062,0.3293568193912506,0.12878429889678955,1.1106135585040529,2.049616375717892,0.9730830192565918,0.026916954666376114,0.17523977160453796,0.016498282551765442
451,4,4,4,0.11529593169689178,0.884704053401947,4,1,4,1,0.6612544655799866,0.3425288796424866,0.29263433814048767,1.0713993047105506,1.2288314420510513,0.9763082265853882,0.023691844195127487,0.29263433814048767,0.17302579432725906
452,5,5,5,0.12226444482803345,0.8777355551719666,5,1,5,1,0.9864041209220886,0.9515280723571777,0.7824151515960693,0.049686089415588386,0.24536979491214062,0.8337563872337341,0.16624367237091064,0.7824151515960693,0.7467666901648045
453,3,3,15,0.12100942432880402,0.8789905905723572,15,0,15,0,0.027183830738067627,0.1349496692419052,0.23511163890361786,2.002853390488854,1.447694818478527,0.9296104907989502,0.07038945704698563,0.3678082227706909,0.13269658386707306
454,22,18,25,0.14436674118041992,0.8556332588195801,25,0,18,0,0.108022540807724,0.15593823790550232,0.03243113309144974,1.858295260988162,3.428636419666447,0.9753587245941162,0.02464120462536812,0.23984529078006744,0.01348179578781128
455,7,17,17,0.13101385533809662,0.8689861297607422,17,0,17,0,0.8603274822235107,0.003605062374845147,0.015032530762255192,5.625416206080026,4.1975387086694615,0.4570322632789612,0.5429677963256836,0.7283025979995728,0.5852859914302826
456,10,16,10,0.13078179955482483,0.8692181706428528,10,1,10,1,0.10805938392877579,0.8652496933937073,0.4214809834957123,0.14473715082247313,0.8639806188196514,0.5702042579650879,0.4297957420349121,0.4214809834957123,0.2160893827676773
457,18,2,18,0.11668948084115982,0.8833104968070984,18,1,2,0,0.09731537848711014,0.338826060295105,0.1879267543554306,1.0822683997553442,1.671702996560127,0.9994909763336182,0.0005090283812023699,0.429500550031662,0.24157379567623138
458,8,8,8,0.10023733973503113,0.8997626900672913,8,1,8,1,0.9999798536300659,0.9874734282493591,0.8851571679115295,0.01260569067080439,0.1219900588811123,0.6851116418838501,0.3148884177207947,0.8851571679115295,0.8599116466939449
459,27,27,27,0.10023289918899536,0.8997671008110046,27,1,27,1,0.8908085823059082,0.8765699863433838,0.4855176508426666,0.1317387302974995,0.7225396359020092,0.5332593321800232,0.4667406976222992,0.4855176508426666,0.2796560525894165
460,2,22,19,0.09774605184793472,0.9022539258003235,19,0,2,1,0.7725332975387573,0.32213953137397766,0.3123268783092499,1.1327705000484896,1.1637049527249121,0.9509042501449585,0.04909578338265419,0.3123268783092499,0.1295284479856491
461,27,27,9,0.09823236614465714,0.9017676115036011,9,0,17,0,0.2667675316333771,0.0803314819931984,0.10223643481731415,2.5215936801529693,2.280467159683581,0.7653349041938782,0.23466509580612183,0.27180448174476624,0.05020010471343994
462,20,16,11,0.11652936041355133,0.8834706544876099,11,0,11,0,0.41588646173477173,0.18620148301124573,0.09475444257259369,1.680925949556249,2.356466548809081,0.9666922092437744,0.0333077572286129,0.1947476863861084,0.07243524491786957
463,11,11,13,0.09565035253763199,0.9043496251106262,13,0,13,0,0.10100693255662918,0.13903099298477173,0.2810075283050537,1.9730583995923439,1.2693738188860795,0.900712251663208,0.09928776323795319,0.28447699546813965,0.0034694671630859375
464,18,18,23,0.10468299686908722,0.895317018032074,23,0,25,0,0.30331793427467346,0.25117650628089905,0.28984639048576355,1.381599374713753,1.238404184315979,0.6705475449562073,0.3294524848461151,0.30882135033607483,0.01897495985031128
465,27,27,14,0.11331692337989807,0.8866831064224243,14,0,14,0,0.24326299130916595,0.07681557536125183,0.10443288087844849,2.5663478552075323,2.2592107021772425,0.6196037530899048,0.3803962767124176,0.5083140730857849,0.4038811922073364
466,14,17,14,0.136497363448143,0.8635026216506958,14,1,14,1,0.5632405877113342,0.8584434986114502,0.6932204365730286,0.15263441489146165,0.36640724007925485,0.6067744493484497,0.39322561025619507,0.6932204365730286,0.6110236197710037
467,13,13,11,0.13041068613529205,0.8695893287658691,11,0,6,0,0.3094851076602936,0.228749617934227,0.09670383483171463,1.4751272450607886,2.3361022203111235,0.7778651714324951,0.2221347689628601,0.1972358375787735,0.05242760479450226
468,17,17,27,0.14196951687335968,0.8580304980278015,17,1,17,1,0.609270453453064,0.49995866417884827,0.6003358364105225,0.6932298556197374,0.5102660530040449,0.4556320607662201,0.5443679094314575,0.6003358364105225,0.34547919034957886
469,24,24,24,0.1472206562757492,0.8527793288230896,24,1,24,1,0.9996150732040405,0.9720236659049988,0.9612005949020386,0.028375127179209293,0.039572156204036195,0.7040366530418396,0.2959633469581604,0.9612005949020386,0.9491962557658553
470,6,0,6,0.14742416143417358,0.8525758385658264,6,1,6,1,0.21492648124694824,0.2912423610687256,0.2685379981994629,1.2335995025364017,1.314762854750319,0.975005030632019,0.024994974955916405,0.2685379981994629,0.11292135715484619
471,5,7,1,0.12800736725330353,0.8719926476478577,1,0,1,0,0.2222200632095337,0.19088682532310486,0.09805764257907867,1.6560745641306411,2.3221997836448205,0.9872616529464722,0.012738374061882496,0.21649464964866638,0.11843700706958771
472,14,14,14,0.12403352558612823,0.875966489315033,14,1,14,1,0.9989891052246094,0.9374059438705444,0.7560482621192932,0.06463885270870087,0.2796500660580785,0.6495074033737183,0.3504925072193146,0.7560482621192932,0.6743572801351547
473,20,20,15,0.12381560355424881,0.8761844038963318,20,1,20,1,0.5818060636520386,0.3466188609600067,0.31753769516944885,1.0595294861009599,1.147158742753493,0.8433321714401245,0.15666788816452026,0.31753769516944885,0.20533299446105957
474,17,8,27,0.13130025565624237,0.8686997294425964,27,0,8,0,0.22332806885242462,0.3292412757873535,0.15577657520771027,1.1109644359387991,1.8593325085329393,0.9221113324165344,0.07788865268230438,0.2928253412246704,0.0335831344127655
475,19,19,19,0.12181947380304337,0.8781805038452148,19,1,19,1,0.9972376823425293,0.8843991160392761,0.6602318286895752,0.12284682950265138,0.415164250047203,0.6620960235595703,0.3379039466381073,0.6602318286895752,0.5606336444616318
476,21,21,21,0.12255717068910599,0.8774428367614746,21,1,21,1,0.9999187588691711,0.9935226440429688,0.898826539516449,0.006498425057785411,0.1066652113849917,0.5678728222846985,0.4321272373199463,0.898826539516449,0.8855086546391249
477,26,8,7,0.12237641960382462,0.8776235580444336,7,0,7,0,0.22378918528556824,0.02869921363890171,0.05628066137433052,3.550885555933334,2.877404295306587,0.9879488945007324,0.012051098980009556,0.40431079268455505,0.07199978828430176
478,6,6,6,0.12752710282802582,0.872472882270813,6,1,6,1,0.9807029962539673,0.6869698762893677,0.38996416330337524,0.3754648359171193,0.9417004330461991,0.6009111404418945,0.39908885955810547,0.38996416330337524,0.2582746148109436
479,19,1,12,0.1294352412223816,0.8705647587776184,19,1,12,0,0.26988354325294495,0.23383429646492004,0.11940695345401764,1.4531425492355863,2.1252178430860087,0.8676507472991943,0.13234920799732208,0.21866634488105774,0.0992593914270401
480,27,14,7,0.12557865679264069,0.8744213581085205,7,0,7,0,0.15118566155433655,0.17474327981472015,0.1576344221830368,1.7444373546035472,1.847476710540428,0.8981727361679077,0.10182732343673706,0.4892760217189789,0.3316415995359421
481,27,17,27,0.13270804286003113,0.8672919869422913,27,1,27,1,0.448310911655426,0.7652226090431213,0.4788631498813629,0.2675884952723932,0.7363404220125054,0.47073543071746826,0.5292645692825317,0.4788631498813629,0.2584536522626877
482,25,25,25,0.12594901025295258,0.8740509748458862,25,1,25,1,0.7582602500915527,0.4456075131893158,0.36621829867362976,0.8083167296734228,1.0045256789196046,0.9275587797164917,0.07244119048118591,0.36621829867362976,0.24112273752689362
483,10,10,10,0.13146500289440155,0.8685349822044373,10,1,10,1,0.9999985098838806,0.9982414841651917,0.9321073293685913,0.0017600638388382463,0.07030731066025148,0.637864887714386,0.3621351420879364,0.9321073293685913,0.9108984265476465
484,17,17,17,0.1314588338136673,0.8685411810874939,17,1,17,1,0.7134412527084351,0.8710814118385315,0.6178450584411621,0.13801983710780746,0.48151756745508123,0.9407781362533569,0.05922188609838486,0.6178450584411621,0.504599504172802
485,8,26,8,0.12554244697093964,0.8744575381278992,8,1,8,1,0.10591673851013184,0.8735454082489014,0.6573455929756165,0.13519516650168897,0.4195453820901611,0.18884436786174774,0.8111556172370911,0.6573455929756165,0.5269073098897934
486,1,5,1,0.11160197108983994,0.8883980512619019,1,1,1,1,0.09408124536275864,0.8862974047660828,0.5315088033676147,0.12070271340851352,0.6320355180868524,0.5982934832572937,0.4017065465450287,0.5315088033676147,0.36863306164741516
487,17,17,17,0.09848438948392868,0.9015156030654907,17,1,17,1,0.8894944787025452,0.6112182140350342,0.6866384148597717,0.4923012411238604,0.3759474501211326,0.6541711688041687,0.3458288311958313,0.6866384148597717,0.4986872673034668
488,0,0,0,0.1003245934844017,0.8996754288673401,0,1,0,1,0.999997615814209,0.9995445013046265,0.9680705070495605,0.00045560246641719175,0.03245035649699197,0.7202727198600769,0.2797273099422455,0.9680705070495605,0.9618547018617392
489,15,15,20,0.10030880570411682,0.8996911644935608,20,0,15,1,0.3325462341308594,0.22471670806407928,0.4093399941921234,1.4929147453496983,0.8932091866192264,0.9939462542533875,0.006053748074918985,0.4093399941921234,0.30787137895822525
490,15,15,15,0.1092851534485817,0.8907148241996765,15,1,15,1,0.999992847442627,0.9937453269958496,0.9128106832504272,0.006274315418765286,0.0912267766788918,0.8844844698905945,0.11551558971405029,0.9128106832504272,0.89834566693753
491,2,2,2,0.10922109335660934,0.8907788991928101,2,1,2,1,0.7307115793228149,0.40756648778915405,0.5631396174430847,0.8975511993916175,0.5742276932328617,0.9962244033813477,0.0037756268866360188,0.5631396174430847,0.46368469297885895
492,10,10,10,0.11367391794919968,0.8863260746002197,10,1,10,1,0.8642956018447876,0.6331453919410706,0.49435779452323914,0.45705519610131085,0.7044957435472771,0.906500518321991,0.09349948167800903,0.49435779452323914,0.31787849962711334
493,19,19,19,0.11639317125082016,0.8836068511009216,19,1,19,1,0.8787112236022949,0.549241304397583,0.4739314317703247,0.5992173996177381,0.7466926264635364,0.7851658463478088,0.21483421325683594,0.4739314317703247,0.32825663685798645
494,7,1,26,0.11982332915067673,0.8801766633987427,26,0,12,0,0.007302086800336838,0.07836644351482391,0.02524455077946186,2.546359459643489,3.679144957265633,0.8631168603897095,0.13688310980796814,0.1581529676914215,0.05000409483909607
495,23,18,23,0.09195972979068756,0.9080402851104736,23,1,23,1,0.7582131624221802,0.4066711366176605,0.17551732063293457,0.8997504383005809,1.7400175478809023,0.960622251033783,0.03937773406505585,0.17551732063293457,0.0036602020263671875
496,4,11,11,0.09114948660135269,0.9088504910469055,11,0,11,0,0.8661569356918335,0.2272939234972,0.15063147246837616,1.4815112818852947,1.8929190049160276,0.9313262104988098,0.0686737522482872,0.38987043499946594,0.23923896253108978
497,3,3,15,0.09044238924980164,0.909557580947876,15,0,15,0,0.007193354889750481,0.08589136600494385,0.1644752472639084,2.454671967209576,1.8049951926586694,0.40081968903541565,0.599180281162262,0.5480774641036987,0.38360221683979034
498,12,12,12,0.11282290518283844,0.8871771097183228,12,1,12,1,0.9979708790779114,0.9784706830978394,0.8276085257530212,0.02176445365990723,0.18921503138394105,0.627594530582428,0.37240543961524963,0.8276085257530212,0.7958399690687656
499,12,12,19,0.11225559562444687,0.8877444267272949,19,0,22,0,0.4462112486362457,0.08567129820585251,0.08160373568534851,2.4572374195567113,2.5058802376022666,0.9101921916007996,0.08980775624513626,0.11918152868747711,0.006283849477767944
500,6,6,6,0.12105828523635864,0.8789417147636414,6,1,6,1,0.9995190501213074,0.9328858852386475,0.6936115026473999,0.06947239511290812,0.365843269674944,0.3444279730319977,0.6555720567703247,0.6936115026473999,0.6144575998187065
501,2,2,22,0.12123564630746841,0.8787643313407898,22,0,2,1,0.22181402146816254,0.13765566051006317,0.35369426012039185,1.9829999257540056,1.0393224110041834,0.9996026158332825,0.0003974227583967149,0.35369426012039185,0.19905579090118408
502,24,24,24,0.1366235762834549,0.8633764386177063,24,1,24,1,0.8530799746513367,0.5898162126541138,0.7016597390174866,0.5279442945858918,0.3543066947167281,0.8735372424125671,0.12646277248859406,0.7016597390174866,0.6353958919644356
503,3,3,6,0.14038048684597015,0.8596194982528687,6,0,3,1,0.7147650718688965,0.26622843742370605,0.2813126742839813,1.3234005514401046,1.2682885083904747,0.7599667906761169,0.2400331199169159,0.2813126742839813,0.02507936954498291
504,17,17,17,0.1439271867275238,0.8560728430747986,17,1,17,1,0.9905449748039246,0.8440236449241638,0.7783907651901245,0.16957476946561117,0.2505266120166316,0.8678866624832153,0.1321132928133011,0.7783907651901245,0.7384880259633064
505,8,12,14,0.14434298872947693,0.8556569814682007,14,0,14,0,0.018388651311397552,0.026688948273658752,0.04174678772687912,3.6235057216003077,3.1761327713189123,0.22485527396202087,0.7751446962356567,0.41483306884765625,0.32373491674661636
506,3,3,3,0.16298431158065796,0.837015688419342,3,1,3,1,0.9362612962722778,0.6376110315322876,0.4828445613384247,0.45002685000541526,0.7280604962995719,0.9734992384910583,0.026500781998038292,0.4828445613384247,0.31641216576099396
507,27,17,14,0.16642867028713226,0.8335713148117065,14,0,14,0,0.6335353255271912,0.14031162858009338,0.20028339326381683,1.9638894116298853,1.6080219490644723,0.6137292981147766,0.3862707018852234,0.29837924242019653,0.0980958491563797
508,14,14,14,0.16520556807518005,0.8347944021224976,14,1,14,1,0.9889242053031921,0.7114136219024658,0.5337664484977722,0.3405012716296444,0.6277968980564794,0.6635153889656067,0.3364846110343933,0.5337664484977722,0.32266487181186676
509,8,8,8,0.16392114758491516,0.8360788822174072,8,1,8,1,0.9974621534347534,0.9627060294151306,0.7589913010597229,0.03800717919182841,0.27576496270656903,0.619443416595459,0.3805566132068634,0.7589913010597229,0.7137903869152069
510,10,10,10,0.1628599464893341,0.8371400237083435,10,1,10,1,0.823697030544281,0.9088919758796692,0.6387197375297546,0.0955290302827078,0.44828951623079866,0.8581553101539612,0.14184467494487762,0.6387197375297546,0.5269678682088852
511,15,15,16,0.15891392529010773,0.8410860896110535,16,0,15,1,0.1787932813167572,0.24200159311294556,0.37336719036102295,1.418810969735774,0.9851929190060312,0.9775431752204895,0.022456763312220573,0.37336719036102295,0.2727555185556412
512,16,16,16,0.17498765885829926,0.8250123262405396,16,1,16,1,0.977634072303772,0.8361049890518188,0.7271167635917664,0.1790010887923562,0.31866820417755826,0.7105582356452942,0.2894417643547058,0.7271167635917664,0.6514404639601707
513,24,24,24,0.17617198824882507,0.8238280415534973,24,1,24,1,0.9886260032653809,0.7623433470726013,0.7618781924247742,0.27135823806974796,0.27196858853418343,0.8593189716339111,0.14068102836608887,0.7618781924247742,0.7192668206989765
514,2,2,2,0.17865212261676788,0.8213478922843933,2,1,2,1,0.8583379983901978,0.7020438313484192,0.6881534457206726,0.3537594390872244,0.37374343434589163,0.47470858693122864,0.5252914428710938,0.6881534457206726,0.6497142612934113
515,25,25,19,0.1738896369934082,0.8261103630065918,19,0,25,1,0.179022878408432,0.2098075896501541,0.3241282105445862,1.5615644080300586,1.1266161299056128,0.9822962880134583,0.017703747376799583,0.3241282105445862,0.1387355625629425
516,2,2,2,0.1930457353591919,0.8069542646408081,2,1,2,1,0.997833788394928,0.8863836526870728,0.8423102498054504,0.12060540552484722,0.17160686490492816,0.7740117907524109,0.2259882390499115,0.8423102498054504,0.8157086074352264
517,27,14,27,0.193544402718544,0.8064556121826172,27,1,27,1,0.18818211555480957,0.5361157059669495,0.3036474287509918,0.6234052718664451,1.1918880244794703,0.48406651616096497,0.5159335136413574,0.3036474287509918,0.09435130655765533
518,6,6,6,0.14802664518356323,0.8519733548164368,6,1,3,0,0.8801741003990173,0.3871096670627594,0.3028254508972168,0.9490472486730026,1.1945987091107872,0.8804469704627991,0.1195530816912651,0.32675638794898987,0.02393093705177307
519,10,10,10,0.15068022906780243,0.8493197560310364,10,1,10,1,0.9999383687973022,0.9877291321754456,0.8209890723228455,0.012346776539526746,0.19724547982188909,0.8104960322380066,0.189504012465477,0.8209890723228455,0.8011260963976383
520,26,17,26,0.1504812240600586,0.8495187759399414,26,1,26,1,0.11068557947874069,0.7374057769775391,0.329028457403183,0.3046169589606256,1.1116110352911763,0.6735877990722656,0.326412171125412,0.329028457403183,0.041518449783325195
521,9,9,9,0.13229934871196747,0.8677006363868713,9,1,9,1,0.9832829833030701,0.8295602202415466,0.46337074041366577,0.1868595737449946,0.7692278100786268,0.7564219832420349,0.24357804656028748,0.46337074041366577,0.328066885471344
522,1,7,1,0.13224372267723083,0.8677563071250916,1,1,1,1,0.00777159258723259,0.8091832995414734,0.5159761905670166,0.21172981213499123,0.6616946568771469,0.9413262605667114,0.05867371708154678,0.5159761905670166,0.4321970194578171
523,2,5,2,0.10467904806137085,0.8953209519386292,2,1,2,1,0.3679555058479309,0.898383378982544,0.7184877991676331,0.10715837641632757,0.33060655458478205,0.04685898870229721,0.9531409740447998,0.7184877991676331,0.6708240211009979
524,1,1,1,0.0949205756187439,0.9050794243812561,1,1,1,1,0.9999464750289917,0.9446582198143005,0.5716809630393982,0.056932089061721175,0.5591742001307236,0.617406964302063,0.3825930953025818,0.5716809630393982,0.48956164717674255
525,0,0,0,0.09504477679729462,0.9049552083015442,0,1,0,1,1.0,0.9998838305473328,0.9832509160041809,0.00011617620086073052,0.016890936062026702,0.5424325466156006,0.45756739377975464,0.9832509160041809,0.9801524635404348
526,9,17,9,0.09504447877407074,0.9049555063247681,9,1,9,1,0.09992150962352753,0.6858208179473877,0.2801545262336731,0.37713888370189935,1.272413948636346,0.4949963092803955,0.5050037503242493,0.2801545262336731,0.0682036280632019
527,20,20,11,0.08087094128131866,0.9191290736198425,11,0,11,0,0.0782470777630806,0.07983534783124924,0.22286434471607208,2.52778891732329,1.5011920122823625,0.433655321598053,0.566344678401947,0.6498972177505493,0.42703287303447723
528,19,19,19,0.10110793262720108,0.8988920450210571,19,1,19,1,0.9990325570106506,0.9272293448448181,0.7600024938583374,0.07555433857387063,0.2744335643145948,0.6677149534225464,0.33228498697280884,0.7600024938583374,0.704642940312624
529,0,0,0,0.10144206136465073,0.8985579609870911,0,1,0,1,0.9140486121177673,0.6523774266242981,0.5919197201728821,0.4271320093484544,0.5243842611097802,0.25232696533203125,0.7476730346679688,0.5919197201728821,0.48543451726436615
530,2,4,2,0.10356377065181732,0.8964362144470215,2,1,2,1,0.07718599587678909,0.8958456516265869,0.8262177109718323,0.10998714465593364,0.19089696758519195,0.016206080093979836,0.9837939143180847,0.8262177109718323,0.7946859113872051
531,7,7,7,0.08914744108915329,0.9108525514602661,7,1,7,1,0.9985412359237671,0.9013092517852783,0.5851935744285583,0.103906848538164,0.5358125900253659,0.7975318431854248,0.20246818661689758,0.5851935744285583,0.5341323278844357
532,12,26,12,0.08959679305553436,0.9104031920433044,12,1,12,1,0.4411800503730774,0.9164363145828247,0.630919873714447,0.08726270175142514,0.46057640752384393,0.9154830574989319,0.08451691269874573,0.630919873714447,0.5740392543375492
533,2,2,2,0.08354607969522476,0.9164538979530334,2,1,2,1,0.8213096261024475,0.9371999502182007,0.8827047348022461,0.06485862546608144,0.12476452297096358,0.3614271283149719,0.6385729312896729,0.8827047348022461,0.85640480928123
534,3,3,3,0.08058909326791763,0.9194108843803406,3,1,3,1,0.9842491149902344,0.7324296236038208,0.5959540605545044,0.31138801969797536,0.517591694494109,0.9359139800071716,0.06408600509166718,0.5959540605545044,0.4638412892818451
535,14,14,14,0.0816185399889946,0.9183814525604248,14,1,14,1,0.971502959728241,0.9054242372512817,0.7160534262657166,0.0993516746773453,0.3340004971157045,0.6442223191261292,0.35577771067619324,0.7160534262657166,0.6285801976919174
536,17,17,27,0.08053864538669586,0.9194613695144653,27,0,27,0,0.4343235194683075,0.13644938170909882,0.25515642762184143,1.991801563101531,1.3658784802478496,0.14625366032123566,0.8537463545799255,0.5571814179420471,0.3020249903202057
537,21,21,21,0.0887097492814064,0.9112902283668518,21,1,21,1,0.9998329281806946,0.9773845076560974,0.8974159359931946,0.022875144838414404,0.10823582763804672,0.5924901962280273,0.4075097441673279,0.8974159359931946,0.8782740850001574
538,16,16,16,0.08879734575748444,0.9112026691436768,16,1,16,1,0.9960868954658508,0.9599818587303162,0.8106951713562012,0.04084089185472929,0.20986316314757134,0.7435384392738342,0.25646162033081055,0.8106951713562012,0.7809481080621481
539,1,5,1,0.08817986398935318,0.911820113658905,1,1,1,1,0.5827116370201111,0.9422721862792969,0.7421159744262695,0.059461101047573385,0.29824974826243045,0.8630056977272034,0.13699428737163544,0.7421159744262695,0.6134024113416672
540,2,21,2,0.08469980955123901,0.915300190448761,2,1,2,1,0.015107199549674988,0.8751799464225769,0.8111448884010315,0.13332576071383961,0.20930858681478093,0.003936652094125748,0.9960632920265198,0.8111448884010315,0.7692734934389591
541,9,27,9,0.06787129491567612,0.9321287274360657,9,1,9,1,0.16739962995052338,0.8684733510017395,0.5439766645431519,0.14101837770755996,0.6088489291066393,0.44480064511299133,0.5551993250846863,0.5439766645431519,0.37280458211898804
542,9,9,9,0.06124249845743179,0.9387574791908264,9,1,9,1,0.9766975045204163,0.7029396891593933,0.4278604984283447,0.3524841815211284,0.8489580747812882,0.7503365278244019,0.24966342747211456,0.4278604984283447,0.3473784700036049
543,10,10,10,0.06211318448185921,0.9378868341445923,10,1,10,1,0.9191476106643677,0.7079790830612183,0.7156040668487549,0.3453407294236852,0.33462824423242665,0.9028322696685791,0.09716779738664627,0.7156040668487549,0.5665796846151352
544,14,27,14,0.06320153921842575,0.9367984533309937,14,1,14,1,0.6851301789283752,0.8403449058532715,0.6255283355712891,0.17394286921252014,0.4691586494276921,0.5734924674034119,0.42650753259658813,0.6255283355712891,0.47846029698848724
545,17,27,9,0.06083285063505173,0.9391671419143677,9,0,9,0,0.0667194053530693,0.16515566408634186,0.1528910994529724,1.8008668311161857,1.878029379298232,0.46574488282203674,0.5342551469802856,0.3943311870098114,0.241440087556839
546,21,21,21,0.05119165778160095,0.9488083720207214,21,1,21,1,0.9245727062225342,0.9745806455612183,0.8146234750747681,0.025748007623585714,0.20502926626656878,0.6024948954582214,0.39750513434410095,0.8146234750747681,0.7340181767940521
547,24,24,10,0.049918025732040405,0.950082004070282,10,0,24,1,0.11748306453227997,0.14956653118133545,0.646171510219574,1.9000139605211679,0.4366903147413457,0.8133179545402527,0.18668203055858612,0.646171510219574,0.38153931498527527
548,4,4,4,0.0555424727499485,0.9444575309753418,4,1,4,1,0.9856913089752197,0.708903968334198,0.5342535376548767,0.34403520826097206,0.6268847630829941,0.8619411587715149,0.13805878162384033,0.5342535376548767,0.423971489071846
549,26,26,26,0.05640842765569687,0.9435915946960449,26,1,26,1,1.0,0.9994955658912659,0.9531257152557373,0.0005045613784204049,0.048008468754393206,0.9206458926200867,0.07935403287410736,0.9531257152557373,0.9474897370673716
550,12,8,12,0.05640900880098343,0.9435909986495972,12,1,12,1,0.09176594763994217,0.9113223552703857,0.5389520525932312,0.09285859659429976,0.6181286682577513,0.8368076086044312,0.16319243609905243,0.5389520525932312,0.43023674190044403
551,26,26,26,0.04805099964141846,0.9519490003585815,26,1,26,1,0.9999982118606567,0.997076690196991,0.9254960417747498,0.0029275910186934762,0.07742542382835216,0.789539098739624,0.21046090126037598,0.9254960417747498,0.9080742094665766
552,5,5,5,0.048056039959192276,0.9519439339637756,5,1,5,1,0.9763071537017822,0.6753302812576294,0.5270785093307495,0.39255340221368223,0.6404057674741651,0.8668424487113953,0.13315756618976593,0.5270785093307495,0.4413231760263443
553,2,23,2,0.04877961426973343,0.9512203931808472,2,1,2,1,0.0016156508354470134,0.933350682258606,0.9331432580947876,0.06897428352548801,0.06919654426814328,0.011807571165263653,0.9881923794746399,0.9331432580947876,0.9127231072634459
554,9,8,5,0.03454973176121712,0.9654502868652344,5,0,5,0,0.10277168452739716,0.011548482812941074,0.02249370701611042,4.461201208829497,3.7945196970646644,0.7796918749809265,0.22030819952487946,0.6019223928451538,0.5489803403615952
555,11,11,11,0.040017589926719666,0.9599823951721191,11,1,11,1,0.9814327955245972,0.8508231043815613,0.5203107595443726,0.16155103995805906,0.6533290313986928,0.8135417699813843,0.18645820021629333,0.5203107595443726,0.3778854012489319
556,27,7,27,0.0396350659430027,0.9603649377822876,27,1,27,1,0.05260622128844261,0.9469966292381287,0.6525346636772156,0.054459745213028515,0.42689101678681424,0.4769538938999176,0.5230461359024048,0.6525346636772156,0.5626553669571877
557,10,10,10,0.033303264528512955,0.9666967391967773,10,1,10,1,0.9998075366020203,0.9755554795265198,0.9136890769004822,0.024748247623288474,0.09026494384766183,0.6100040078163147,0.3899959623813629,0.9136890769004822,0.8946843110024929
558,16,16,10,0.03333970531821251,0.9666603207588196,10,0,16,1,0.12298871576786041,0.13265229761600494,0.4151914715766907,2.020023877658797,0.8790154878599853,0.7892702221870422,0.21072974801063538,0.4151914715766907,0.06688931584358215
559,11,20,20,0.037085242569446564,0.962914764881134,20,0,20,0,0.960507333278656,0.13388971984386444,0.10088562965393066,2.010738804110138,2.2937677834312042,0.8473278880119324,0.15267209708690643,0.437612920999527,0.3367272913455963
560,6,6,6,0.03490934520959854,0.9650906324386597,6,1,6,1,0.7324748635292053,0.28459128737449646,0.23393341898918152,1.2567012073772235,1.452718738346248,0.9694479703903198,0.03055206872522831,0.23393341898918152,0.08352424204349518
561,2,2,2,0.03616847097873688,0.9638315439224243,2,1,2,1,0.9982056021690369,0.9542978405952454,0.9209069609642029,0.046779454376908405,0.08239626741249353,0.45433634519577026,0.5456637144088745,0.9209069609642029,0.9075693842023611
562,7,26,14,0.03595755249261856,0.9640424251556396,14,0,14,0,0.46088746190071106,0.23377129435539246,0.21835124492645264,1.4534120161159898,1.5216502975488329,0.948753297328949,0.05124669894576073,0.4042787253856659,0.18592748045921326
563,2,22,2,0.03580738976597786,0.9641926288604736,2,1,2,1,0.19760733842849731,0.945027768611908,0.9215373396873474,0.05654096714561255,0.0817119821426275,0.008994936011731625,0.9910050630569458,0.9215373396873474,0.9076846400275826
564,13,13,13,0.03268098458647728,0.9673190116882324,13,1,13,1,0.7196876406669617,0.4646289348602295,0.2588618993759155,0.7665161815058182,1.351460566530824,0.8852282762527466,0.11477170139551163,0.2588618993759155,0.06581161916255951
565,9,9,9,0.033923156559467316,0.9660768508911133,9,1,9,1,0.99976646900177,0.9809383153915405,0.7902288436889648,0.01924570070921408,0.23543269991328128,0.7224733829498291,0.2775265872478485,0.7902288436889648,0.7425225637853146
566,10,10,10,0.03388698771595955,0.9661130309104919,10,1,10,1,0.7997798919677734,0.880126416683197,0.6108005046844482,0.12768972650550775,0.4929848793700766,0.9285625219345093,0.07143746316432953,0.6108005046844482,0.537894569337368
567,24,24,24,0.03273063898086548,0.9672693610191345,24,1,24,1,0.9998205304145813,0.9600383043289185,0.9214659929275513,0.04078209497362923,0.0817894065927836,0.7694100141525269,0.23059001564979553,0.9214659929275513,0.9012634288519621
568,27,17,9,0.0327971950173378,0.9672027826309204,9,0,9,0,0.24294379353523254,0.10464166104793549,0.16388154029846191,2.257213517470191,1.8086114274065703,0.36350539326667786,0.6364945769309998,0.26725098490715027,0.04180784523487091
569,18,18,25,0.033266209065914154,0.9667338132858276,25,0,25,0,0.07992074638605118,0.07272979617118835,0.12080707401037216,2.62100412736068,2.1135604355074626,0.3673517405986786,0.6326483488082886,0.49468961358070374,0.27199025452136993
570,1,5,1,0.03865432366728783,0.9613456726074219,1,1,1,1,0.5679460167884827,0.9420867562294006,0.7093679904937744,0.05965791073845734,0.34338085960344567,0.6246843934059143,0.37531566619873047,0.7093679904937744,0.6253426671028137
571,3,3,3,0.03648223727941513,0.9635177850723267,3,1,3,1,0.9492346048355103,0.7084729075431824,0.6198964715003967,0.3446434597594153,0.47820279633692747,0.8116850852966309,0.18831485509872437,0.6198964715003967,0.4422389566898346
572,2,2,2,0.03707499802112579,0.9629250168800354,2,1,2,1,0.9977363348007202,0.9757400155067444,0.9443146586418152,0.024559105608412242,0.057295843544585334,0.5842159390449524,0.41578409075737,0.9443146586418152,0.9325180342420936
573,6,6,6,0.03682409226894379,0.963175892829895,6,1,6,1,0.934291422367096,0.7212293744087219,0.5853884220123291,0.32679805857570127,0.5354796828284968,0.9531200528144836,0.04687991738319397,0.5853884220123291,0.505648672580719
574,0,0,0,0.036409225314855576,0.9635908007621765,0,1,0,1,0.9999955892562866,0.9908095598220825,0.8725287318229675,0.009232932824377637,0.13635969499162715,0.7895023226737976,0.2104976773262024,0.8725287318229675,0.8599432483315468
575,2,2,2,0.03642519190907478,0.9635748267173767,2,1,2,1,0.989366888999939,0.9860806465148926,0.9384506940841675,0.01401713612699781,0.06352496127317482,0.5860102772712708,0.413989782333374,0.9384506940841675,0.930435923859477
576,0,0,0,0.035806771367788315,0.9641932249069214,0,1,0,1,0.7575357556343079,0.9726912975311279,0.8252806663513184,0.027688515860933367,0.19203174886495034,0.8664920330047607,0.13350795209407806,0.8252806663513184,0.7905225604772568
577,13,13,13,0.034080833196640015,0.9659191370010376,13,1,13,1,0.9695156216621399,0.6871132850646973,0.3609439730644226,0.37525610215211347,1.0190325319614362,0.9013073444366455,0.09869271516799927,0.3609439730644226,0.1694265604019165
578,24,0,10,0.03472001850605011,0.9652799963951111,10,0,24,1,0.31500136852264404,0.3937123417854309,0.3246947228908539,0.9321347333260988,1.1248698522664045,0.9944610595703125,0.0055389404296875,0.3246947228908539,0.03380918502807617
579,21,21,24,0.03453178331255913,0.9654682278633118,24,0,21,1,0.36709460616111755,0.18859049677848816,0.29850924015045166,1.668177298289382,1.20895439135069,0.8141849637031555,0.1858149915933609,0.29850924015045166,0.10073646903038025
580,26,26,8,0.037649497389793396,0.9623504877090454,8,0,8,0,0.06005460396409035,0.0351850688457489,0.06052006781101227,3.347133466886588,2.804780269589836,0.7499489784240723,0.2500510513782501,0.38366639614105225,0.2528468072414398
581,3,16,6,0.0508442185819149,0.9491558074951172,6,0,6,0,0.15072491765022278,0.2236281782388687,0.08342594653367996,1.4977705248948578,2.4837959084854204,0.8520984053611755,0.14790156483650208,0.3588915765285492,0.26476703584194183
582,23,23,23,0.04537510126829147,0.9546248912811279,23,1,23,1,0.4670284688472748,0.2951819896697998,0.21535995602607727,1.2201631987207013,1.5354444367137718,0.9846945405006409,0.01530544925481081,0.21535995602607727,0.09572263807058334
583,7,7,7,0.045552901923656464,0.9544470906257629,7,1,7,1,0.8972553014755249,0.8546274304389954,0.6327904462814331,0.15708965888620513,0.45761596017516326,0.9621628522872925,0.03783721476793289,0.6327904462814331,0.4787483513355255
584,0,0,0,0.044581349939107895,0.9554186463356018,0,1,0,1,0.998475193977356,0.9954108595848083,0.9299421310424805,0.004599702847445154,0.07263291945637636,0.5640192627906799,0.4359806776046753,0.9299421310424805,0.9190333699807525
585,23,23,23,0.044364143162965775,0.9556358456611633,23,1,23,1,0.918705403804779,0.7196471691131592,0.5053384304046631,0.3289942299806883,0.6825269149460353,0.9002044200897217,0.09979555755853653,0.5053384304046631,0.4561646021902561
586,1,1,1,0.04423171281814575,0.9557682871818542,1,1,1,1,0.7757973670959473,0.8626909255981445,0.5816144943237305,0.14769879156145724,0.541947431608901,0.8033978343009949,0.19660212099552155,0.5816144943237305,0.5212037153542042
587,6,6,6,0.043053656816482544,0.9569463133811951,6,1,6,1,0.9123029112815857,0.8176094889640808,0.6363936066627502,0.20137045372421203,0.4519380286677259,0.6143726110458374,0.3856273889541626,0.6363936066627502,0.4724219888448715
588,12,14,12,0.04234427586197853,0.9576557278633118,12,1,12,1,0.024168189615011215,0.892022967338562,0.5566921830177307,0.11426339859620392,0.5857428255335613,0.9758006930351257,0.02419935166835785,0.5566921830177307,0.4893728494644165
589,7,7,8,0.03340572863817215,0.9665942788124084,8,0,8,0,0.24906416237354279,0.12403921037912369,0.13403703272342682,2.0871575506269417,2.00963915360495,0.4498036205768585,0.5501963496208191,0.6288008093833923,0.4947637766599655
590,13,3,13,0.035880956798791885,0.964119017124176,13,1,13,1,0.031368330121040344,0.8102319836616516,0.41656434535980225,0.2104346727378981,0.8757143386479034,0.9326038956642151,0.06739611178636551,0.41656434535980225,0.2689822316169739
591,22,22,2,0.028582556173205376,0.9714174270629883,2,0,22,1,0.3851150572299957,0.11611475795507431,0.20333154499530792,2.1531762841871527,1.59291740562661,0.9100682735443115,0.08993172645568848,0.20333154499530792,0.11546441912651062
592,5,19,5,0.03175478056073189,0.9682452082633972,5,1,5,1,0.10006053000688553,0.45683610439300537,0.16578848659992218,0.7834305861257185,1.7970424801883622,0.2694912552833557,0.7305087447166443,0.16578848659992218,0.01719680428504944
593,3,3,10,0.028169145807623863,0.9718308448791504,10,0,10,0,0.028725679963827133,0.03331870585680008,0.12967827916145325,3.4016363022697114,2.042698671526682,0.9810377955436707,0.01896224170923233,0.19356141984462738,0.06388314068317413
594,15,11,15,0.03514176607131958,0.9648582339286804,15,1,15,1,0.5813225507736206,0.7707756161689758,0.5803818106651306,0.2603579773883668,0.5440690977720628,0.6999844312667847,0.30001556873321533,0.5803818106651306,0.49524424970149994
595,16,16,16,0.0337459035217762,0.9662541151046753,16,1,16,1,0.9999997019767761,0.9965574741363525,0.9240091443061829,0.0034484649901235145,0.07903331095415944,0.7635765075683594,0.23642350733280182,0.9240091443061829,0.91328180488199
596,11,11,15,0.033749911934137344,0.9662500619888306,15,0,15,0,0.051064010709524155,0.05527824908494949,0.18414101004600525,2.8953757735961663,1.6920534559305447,0.8665010333061218,0.1334989070892334,0.4312722682952881,0.24713125824928284
597,6,3,6,0.03985315561294556,0.9601468443870544,6,1,6,1,0.47405824065208435,0.8910593390464783,0.6258314251899719,0.11534425547246413,0.4686742329806978,0.664781928062439,0.3352181017398834,0.6258314251899719,0.39011813700199127
598,5,5,5,0.037812739610672,0.9621872901916504,5,1,5,1,0.9828949570655823,0.9600631594657898,0.8491660356521606,0.040756205574197596,0.16350054565217803,0.934609591960907,0.06539036333560944,0.8491660356521606,0.8172754980623722
599,9,17,27,0.03740527853369713,0.962594747543335,27,0,27,0,0.35856109857559204,0.03476652503013611,0.07040915638208389,3.359100279569284,2.653431962029991,0.358773797750473,0.6412261724472046,0.5710668563842773,0.40642133355140686
600,15,15,15,0.03848404064774513,0.9615159630775452,15,1,15,1,0.9977049231529236,0.9917165040969849,0.9180900454521179,0.008317994701065097,0.08545980444423398,0.8199002742767334,0.18009977042675018,0.9180900454521179,0.9068061737343669
601,4,4,4,0.038180965930223465,0.961819052696228,4,1,4,1,0.8816329836845398,0.9794989824295044,0.8588693737983704,0.02071408046535597,0.15213843631645357,0.8642566204071045,0.13574333488941193,0.8588693737983704,0.8090095482766628
602,0,0,0,0.037121452391147614,0.9628785252571106,0,1,0,1,0.9924368262290955,0.9953131079673767,0.9302771687507629,0.004697909951095392,0.07227270632242769,0.6437007784843445,0.3562992513179779,0.9302771687507629,0.8908301219344139
603,11,2,20,0.036888204514980316,0.9631118178367615,20,0,11,1,0.06865914165973663,0.39636150002479553,0.22345447540283203,0.9254286052976523,1.4985475751488189,0.9935978651046753,0.006402155850082636,0.22345447540283203,0.0786004513502121
604,10,10,10,0.03034330904483795,0.9696567058563232,10,1,10,1,0.9885584115982056,0.9680134654045105,0.7890897393226624,0.032509281260461036,0.236875226552408,0.8988069295883179,0.10119309276342392,0.7890897393226624,0.7628151774406433
605,5,5,5,0.02993532083928585,0.9700646996498108,5,1,5,1,0.9994531869888306,0.970292866230011,0.8297514319419861,0.03015732910610675,0.18662910263242907,0.74017333984375,0.2598266303539276,0.8297514319419861,0.8059455268085003
606,25,25,25,0.02983948402106762,0.9701605439186096,25,1,25,1,0.9732030630111694,0.6769680380821228,0.5885380506515503,0.3901312182890344,0.53011369736,0.8450995683670044,0.154900461435318,0.5885380506515503,0.48982957005500793
607,14,14,14,0.030384119600057602,0.9696158766746521,14,1,14,1,0.7893341779708862,0.8992593288421631,0.662005603313446,0.10618382243501136,0.41248125886124315,0.5524630546569824,0.4475369155406952,0.662005603313446,0.5601490661501884
608,1,12,1,0.0293776523321867,0.9706223607063293,1,1,1,1,0.17135703563690186,0.9417421817779541,0.6133848428726196,0.06002373424645992,0.48876273762909694,0.5378772020339966,0.46212276816368103,0.6133848428726196,0.5137792527675629
609,4,4,4,0.026122620329260826,0.9738773703575134,4,1,4,1,0.9699692130088806,0.8284481763839722,0.5977353453636169,0.1882009952077445,0.5146071892744432,0.9492101669311523,0.050789766013622284,0.5977353453636169,0.5192398205399513
610,14,27,14,0.025592990219593048,0.9744070172309875,14,1,7,0,0.14569643139839172,0.572591245174408,0.2474677711725235,0.5575831760361133,1.3964749229371785,0.9379710555076599,0.062028925865888596,0.2656060755252838,0.018138304352760315
611,0,0,0,0.021266983821988106,0.9787330031394958,0,1,0,1,1.0,0.9998772144317627,0.9829345345497131,0.0001227931070022957,0.0172127586623407,0.5973401069641113,0.40265995264053345,0.9829345345497131,0.9807691792957485
612,8,8,8,0.021266648545861244,0.9787333607673645,8,1,8,1,0.9298278093338013,0.6036845445632935,0.4828363060951233,0.5047034946946625,0.7280775935489429,0.9817550778388977,0.018244951963424683,0.4828363060951233,0.3386577069759369
613,15,15,15,0.021804841235280037,0.9781951308250427,15,1,15,1,0.7204079627990723,0.39847686886787415,0.5348532795906067,0.9201058279375158,0.6257628134537013,0.9592671394348145,0.04073285311460495,0.5348532795906067,0.47110283374786377
614,9,27,27,0.02266686223447323,0.977333128452301,27,0,27,0,0.9611522555351257,0.21375399827957153,0.26780423521995544,1.542929465938707,1.3174990309884478,0.8068764805793762,0.19312350451946259,0.528507649898529,0.2607034146785736
615,0,0,0,0.01951126754283905,0.9804887175559998,0,1,0,1,0.996964156627655,0.9950910806655884,0.9228163361549377,0.004921007655548805,0.08032505002720522,0.8077640533447266,0.19223591685295105,0.9228163361549377,0.8988670594990253
616,13,21,11,0.01938333921134472,0.9806166887283325,11,0,11,0,0.13399827480316162,0.18798896670341492,0.04835705831646919,1.6713720056221741,3.029143083942825,0.6502371430397034,0.349762886762619,0.33626770973205566,0.19500915706157684
617,15,15,11,0.015681112185120583,0.9843189120292664,11,0,15,1,0.373945951461792,0.19469693303108215,0.421664297580719,1.636311119008061,0.863545784890056,0.9967509508132935,0.0032490999437868595,0.421664297580719,0.3101819381117821
618,6,3,6,0.01703753136098385,0.9829624891281128,6,1,3,0,0.6968836784362793,0.5713226199150085,0.3671278953552246,0.5598012202756715,1.0020450029293182,0.7962421178817749,0.2037578970193863,0.3817560076713562,0.014628112316131592
619,2,2,25,0.016285454854369164,0.9837145209312439,25,0,25,0,0.19396227598190308,0.16620619595050812,0.31754040718078613,1.7945261171683813,1.147150202035974,0.9479392170906067,0.052060749381780624,0.3815893232822418,0.06404891610145569
620,10,10,10,0.01692984439432621,0.9830701351165771,10,1,10,1,0.9873626232147217,0.6904844641685486,0.5519264936447144,0.3703618057797525,0.5943404052592244,0.891620934009552,0.108379065990448,0.5519264936447144,0.5101450830698013
621,13,13,13,0.01722622849047184,0.9827737808227539,13,1,13,1,0.9889554381370544,0.7724147439002991,0.5417892932891846,0.258233640183886,0.6128781108974148,0.8351172208786011,0.16488279402256012,0.5417892932891846,0.4484867453575134
622,18,18,18,0.01732754148542881,0.9826724529266357,18,1,18,1,0.957305371761322,0.7475075125694275,0.6823949813842773,0.2910109235076954,0.38214663719238323,0.8215429186820984,0.17845706641674042,0.6823949813842773,0.5240701735019684
623,5,5,5,0.017367953434586525,0.982632040977478,5,1,5,1,0.8260974884033203,0.990313708782196,0.8901547193527222,0.009733508490817451,0.11635998939536493,0.43041399121284485,0.5695859789848328,0.8901547193527222,0.8616351205855608
624,25,25,25,0.01683603599667549,0.9831639528274536,25,1,25,1,0.9690048694610596,0.7506492137908936,0.6981563568115234,0.2868168284954586,0.3593121944122625,0.7993780970573425,0.20062194764614105,0.6981563568115234,0.5622635781764984
625,26,7,7,0.016871869564056396,0.9831281304359436,7,0,7,0,0.8481602072715759,0.17134448885917664,0.07814690470695496,1.764079194241635,2.5491648299757443,0.9239600300788879,0.07603994011878967,0.45796915888786316,0.3707096502184868
626,3,3,1,0.014315997250378132,0.9856839776039124,1,0,4,0,0.02710038237273693,0.01690554991364479,0.08114093542098999,4.0801133137065975,2.511567692788775,0.9843456149101257,0.01565444841980934,0.09503239393234253,0.0014321580529212952
627,15,15,15,0.018032439053058624,0.981967568397522,15,1,15,1,0.9638180136680603,0.7074118852615356,0.7454013228416443,0.34614220102091703,0.2938325172650304,0.930884063243866,0.06911592185497284,0.7454013228416443,0.7047395631670952
628,4,4,4,0.018346549943089485,0.9816534519195557,4,1,4,1,0.9881508350372314,0.9891741871833801,0.8771078586578369,0.010884838314064949,0.1311253082452651,0.8817678093910217,0.11823222786188126,0.8771078586578369,0.857498787343502
629,7,7,7,0.018113793805241585,0.9818862080574036,7,1,7,1,0.9967581033706665,0.9788303971290588,0.8481713533401489,0.021396892390051287,0.16467259598504516,0.7776539921760559,0.22234603762626648,0.8481713533401489,0.8217478096485138
630,9,9,9,0.018045581877231598,0.9819543957710266,9,1,9,1,0.9833050966262817,0.8031761050224304,0.6164274215698242,0.21918128021027378,0.4838146898776828,0.6947162747383118,0.30528372526168823,0.6164274215698242,0.5098444223403931
631,8,8,8,0.018208680674433708,0.9817913174629211,8,1,8,1,0.9864992499351501,0.9238213896751404,0.7610644698143005,0.0792365272429217,0.2730372074757697,0.8665484189987183,0.13345161080360413,0.7610644698143005,0.6799983605742455
632,0,0,0,0.01810329407453537,0.981896698474884,0,1,0,1,0.9995627403259277,0.9888973832130432,0.8937501311302185,0.011164710869018303,0.11232903825480481,0.8133000731468201,0.18669989705085754,0.8937501311302185,0.8774865102022886
633,8,22,16,0.018076185137033463,0.9819238185882568,16,0,16,0,0.006164952181279659,0.008030000142753124,0.033386074006557465,4.8245707332459915,3.3996164118570507,0.6353613138198853,0.3646387457847595,0.3841022849082947,0.19644124805927277
634,8,8,8,0.015963969752192497,0.9840360283851624,8,1,8,1,0.9715781807899475,0.9116739630699158,0.7181442379951477,0.09247284945882546,0.3310848415366911,0.8606265783309937,0.13937348127365112,0.7181442379951477,0.6308812275528908
635,7,7,7,0.01564956083893776,0.9843504428863525,7,1,7,1,0.9618560075759888,0.9849390387535095,0.8977721333503723,0.015175529315633554,0.10783899193271314,0.8804003000259399,0.11959972977638245,0.8977721333503723,0.8702023644000292
636,14,26,17,0.015450234524905682,0.9845497608184814,17,0,17,0,0.16262421011924744,0.08862713724374771,0.12238096445798874,2.423317178835316,2.100616440132345,0.974709153175354,0.025290850549936295,0.21075592935085297,0.07101033627986908
637,10,10,10,0.012116855941712856,0.9878831505775452,10,1,10,1,0.9873586297035217,0.6609942317008972,0.5150558948516846,0.41401016579349437,0.6634798505151646,0.9691135287284851,0.030886413529515266,0.5150558948516846,0.4640810191631317
638,17,17,17,0.01237005740404129,0.9876299500465393,17,1,17,1,0.8051459789276123,0.8738386034965515,0.7671495676040649,0.13485958457072145,0.2650734932304412,0.670823335647583,0.3291766941547394,0.7671495676040649,0.6683066114783287
639,10,10,10,0.011845043860375881,0.988154947757721,10,1,10,1,0.9702109694480896,0.8098912835121155,0.8100114464759827,0.21085525820995632,0.21070689996367017,0.8963677287101746,0.10363227874040604,0.8100114464759827,0.738419234752655
640,14,14,14,0.011798741295933723,0.9882012605667114,14,1,14,1,0.9906463623046875,0.971216082572937,0.8687346577644348,0.029206299327872234,0.14071754238634632,0.7348502278327942,0.2651497721672058,0.8687346577644348,0.8067435398697853
641,5,5,5,0.01172309834510088,0.9882768988609314,5,1,5,1,0.7974652051925659,0.5599063634872437,0.6657227873802185,0.5799857172922616,0.40688193025648656,0.9338014125823975,0.06619859486818314,0.6657227873802185,0.5198782682418823
642,18,23,25,0.012060116976499557,0.9879398941993713,25,0,23,0,0.16469964385032654,0.04702708497643471,0.04675137996673584,3.0570315671610264,3.062911505678044,0.8416234254837036,0.15837660431861877,0.2504017651081085,0.06934885680675507
643,8,8,8,0.011982426047325134,0.9880175590515137,8,1,8,1,0.9793781042098999,0.9660829901695251,0.826153576374054,0.03450553731119368,0.19097459492996813,0.9033915996551514,0.09660840779542923,0.826153576374054,0.7477343454957008
644,10,10,10,0.011860257014632225,0.9881397485733032,10,1,10,1,0.9997047185897827,0.9694473743438721,0.911423921585083,0.031029087006467573,0.09274715342078513,0.6007147431373596,0.39928528666496277,0.911423921585083,0.884130347520113
645,9,27,14,0.011877689510583878,0.988122284412384,14,0,14,0,0.15694616734981537,0.30223548412323,0.2545113265514374,1.19654881670097,1.3684099388681799,0.5862451791763306,0.41375482082366943,0.4205024242401123,0.16599109768867493
646,0,0,0,0.01121457852423191,0.988785445690155,0,1,0,1,0.9999606013298035,0.988802433013916,0.9330435991287231,0.011260731709411862,0.0693033491851037,0.5583785176277161,0.4416213929653168,0.9330435991287231,0.9194942424073815
647,7,8,8,0.011217040941119194,0.9887829422950745,8,0,8,0,0.7864857316017151,0.03504163771867752,0.04682483151555061,3.3512182754594253,3.0613416288314297,0.737834095954895,0.262165904045105,0.8450724482536316,0.798247616738081
648,14,14,14,0.012792427092790604,0.9872075915336609,14,1,14,1,0.6439652442932129,0.3084898591041565,0.3629019856452942,1.176066307800458,1.0136224931735234,0.9577298164367676,0.0422702319920063,0.3629019856452942,0.15240471065044403
649,2,6,2,0.013428661040961742,0.9865713119506836,2,1,2,1,0.0032651645597070456,0.6869097352027893,0.7243472337722778,0.37555238519889583,0.32248439691213254,0.34390124678611755,0.6560987234115601,0.7243472337722778,0.6591031178832054
650,3,3,1,0.010215840302407742,0.9897841811180115,1,0,1,0,0.05750368908047676,0.04334527626633644,0.15126627683639526,3.138557549020836,1.8887135724140716,0.9885379076004028,0.011462116613984108,0.16898687183856964,0.017720595002174377
651,0,0,0,0.012036968022584915,0.9879630208015442,0,1,0,1,0.8366858959197998,0.993169367313385,0.922189474105835,0.006854068238799815,0.08100457316988345,0.8672585487365723,0.13274137675762177,0.922189474105835,0.9053144566714764
652,6,12,6,0.011583229526877403,0.9884167909622192,6,1,6,1,0.13400055468082428,0.5647125244140625,0.38376185297966003,0.5714384836683615,0.9577330933143174,0.49932223558425903,0.5006777048110962,0.38376185297966003,0.24332886934280396
653,24,24,24,0.010297764092683792,0.9897022247314453,24,1,24,1,0.9994556903839111,0.9626760482788086,0.9639461040496826,0.03803832224304072,0.036719894596693906,0.8920802474021912,0.10791970789432526,0.9639461040496826,0.9499230124056339
654,3,3,3,0.01031634584069252,0.9896836280822754,3,1,3,1,0.9028155207633972,0.37439626455307007,0.3317982852458954,0.9824405115837338,1.1032280692744234,0.986069917678833,0.013930076733231544,0.3317982852458954,0.11117276549339294
655,13,4,13,0.010503537021577358,0.9894964694976807,13,1,13,1,0.11159180849790573,0.47541144490242004,0.3788878917694092,0.7435746500874728,0.9705149177378983,0.774389922618866,0.22561006247997284,0.3788878917694092,0.13349518179893494
656,1,1,1,0.01037560123950243,0.9896243810653687,1,1,1,1,0.8998174071311951,0.979971706867218,0.81863933801651,0.020231578277936698,0.2001116608420589,0.7076032757759094,0.2923967242240906,0.81863933801651,0.7760075628757477
657,21,21,21,0.0101619279012084,0.9898380637168884,21,1,21,1,0.9408620595932007,0.6799358129501343,0.6791713237762451,0.3857568779876486,0.3868818654648809,0.8299705982208252,0.17002947628498077,0.6791713237762451,0.6245723329484463
658,3,3,13,0.010317730717360973,0.9896822571754456,13,0,13,0,0.24754168093204498,0.13814426958560944,0.26898258924484253,1.979456708128395,1.313108625471854,0.8977631330490112,0.10223691910505295,0.2742825746536255,0.005299985408782959
659,19,19,19,0.011411416344344616,0.9885885715484619,19,1,19,1,0.9856759905815125,0.7979527115821838,0.6123332381248474,0.22570594195713514,0.49047863791986795,0.731848418712616,0.2681516110897064,0.6123332381248474,0.5184214785695076
660,4,4,3,0.011535193771123886,0.9884648323059082,3,0,3,0,0.13606932759284973,0.04691676050424576,0.13319602608680725,3.0593803005419513,2.0159333555040253,0.9071996212005615,0.09280035644769669,0.28406909108161926,0.1352725625038147
661,23,23,23,0.013380441814661026,0.9866195321083069,23,1,23,1,0.9904729723930359,0.8016344308853149,0.7326674461364746,0.22110259687273637,0.3110633688067074,0.8700438737869263,0.1299561858177185,0.7326674461364746,0.6595041453838348
662,14,27,14,0.013411832973361015,0.986588180065155,14,1,14,1,0.516187846660614,0.8248650431632996,0.5665972828865051,0.1925354900732706,0.5681064870675596,0.5729357004165649,0.42706429958343506,0.5665972828865051,0.4671854004263878
663,7,7,7,0.01272457093000412,0.9872754216194153,7,1,7,1,0.9981349110603333,0.9369593858718872,0.8564221858978271,0.06511534253703925,0.15499181660283284,0.5601783394813538,0.43982166051864624,0.8564221858978271,0.8139051385223866
664,2,2,2,0.012758118100464344,0.9872418642044067,2,1,2,1,0.9225703477859497,0.915522575378418,0.9146795272827148,0.08826025610178397,0.08918151846303206,0.11042645573616028,0.8895735144615173,0.9146795272827148,0.899954910390079
665,14,27,14,0.012411226518452168,0.9875887632369995,14,1,14,1,0.6088300943374634,0.8539686799049377,0.6921318769454956,0.15786076045047823,0.36797876790065476,0.5147290229797363,0.4852709174156189,0.6921318769454956,0.5819732695817947
666,9,9,9,0.01187576912343502,0.9881242513656616,9,1,9,1,0.9817639589309692,0.9131498336791992,0.6995032429695129,0.09085530048373032,0.35738484876224014,0.7964114546775818,0.2035885453224182,0.6995032429695129,0.6477057300508022
667,16,16,16,0.011803889647126198,0.9881961345672607,16,1,16,1,0.9997777938842773,0.9596600532531738,0.7520750761032104,0.04117616842703996,0.2849191247718726,0.9006546139717102,0.09934541583061218,0.7520750761032104,0.6957167759537697
668,7,7,7,0.011817429214715958,0.988182544708252,7,1,7,1,0.950563371181488,0.8401789665222168,0.70149827003479,0.17414035445426138,0.3545368455370456,0.9570600986480713,0.04293986037373543,0.70149827003479,0.6465394459664822
669,15,15,15,0.011584454216063023,0.988415539264679,15,1,15,1,0.9999983906745911,0.9964451789855957,0.9703187942504883,0.003561154404459984,0.030130607613077672,0.8483564257621765,0.1516435593366623,0.9703187942504883,0.9655271815136075
670,1,1,1,0.011586382053792477,0.9884136319160461,1,1,1,1,0.983342170715332,0.5830554962158203,0.33695223927497864,0.5394729063972976,1.0878140818931077,0.894385039806366,0.10561498999595642,0.33695223927497864,0.2721404358744621
671,7,7,7,0.011862658895552158,0.9881373643875122,7,1,7,1,0.9628408551216125,0.990830659866333,0.9278119802474976,0.009211637289454951,0.07492617421552786,0.8008047938346863,0.19919520616531372,0.9278119802474976,0.9094353411346674
672,15,15,15,0.011695764027535915,0.9883042573928833,15,1,15,1,0.9999956488609314,0.9940952062606812,0.9615609645843506,0.005922295965905674,0.039197310259406544,0.9302541613578796,0.06974579393863678,0.9615609645843506,0.9560799738392234
673,8,8,9,0.01169732864946127,0.9883026480674744,9,0,9,0,0.008736892603337765,0.014672581106424332,0.06758425384759903,4.2217747577621365,2.6943802543144506,0.983180582523346,0.0168194267898798,0.19793148338794708,0.024902716279029846
674,11,11,11,0.01554921455681324,0.9844507575035095,11,1,11,1,0.973118245601654,0.7616577744483948,0.5891659259796143,0.2722579390749122,0.5290474270577673,0.8573593497276306,0.1426406353712082,0.5891659259796143,0.3659933805465698
675,9,27,27,0.015747247263789177,0.9842527508735657,27,0,9,1,0.9290046691894531,0.4441284239292145,0.514299213886261,0.8116415152888122,0.6649500547144686,0.7787050008773804,0.2212950438261032,0.514299213886261,0.14165690541267395
676,6,6,6,0.01521266158670187,0.9847873449325562,6,1,6,1,0.9915236830711365,0.8269519209861755,0.5692054033279419,0.1900087223036152,0.5635139199654988,0.8855875730514526,0.11441243439912796,0.5692054033279419,0.45697909593582153
677,22,22,25,0.015170215629041195,0.9848297834396362,25,0,22,1,0.3170897662639618,0.20907549560070038,0.3395299017429352,1.565059869272778,1.08019326003581,0.6468714475631714,0.353128582239151,0.3395299017429352,0.11567896604537964
678,1,1,1,0.016416357830166817,0.9835836291313171,1,1,1,1,0.9928274154663086,0.987596869468689,0.8293484449386597,0.012480691353430034,0.18711489256812508,0.8512470126152039,0.14875294268131256,0.8293484449386597,0.7955792434513569
679,4,4,4,0.016308048740029335,0.983691930770874,4,1,4,1,0.9033052921295166,0.9888842105865479,0.8632212281227112,0.011178031476851698,0.14708427298342686,0.9405139684677124,0.05948605015873909,0.8632212281227112,0.8091227561235428
680,19,19,19,0.015954263508319855,0.9840457439422607,19,1,19,1,0.9994470477104187,0.9527562260627747,0.818464994430542,0.048396204415854044,0.20032465103843386,0.6611723899841309,0.33882763981819153,0.818464994430542,0.7816558927297592
681,16,16,10,0.015966622158885002,0.9840334057807922,10,0,10,0,0.016262173652648926,0.03133278712630272,0.3063262403011322,3.4630902176714593,1.1831046001835281,0.8467538952827454,0.15324614942073822,0.49460268020629883,0.18827643990516663
682,15,15,15,0.019579868763685226,0.9804201126098633,15,1,15,1,0.9999050498008728,0.9712897539138794,0.907085120677948,0.029130447467256005,0.09751898467298749,0.8518186807632446,0.14818136394023895,0.907085120677948,0.8926242953166366
683,14,14,14,0.01960725709795952,0.9803927540779114,14,1,14,1,0.7496035099029541,0.9852855205535889,0.8830052614212036,0.014823811231505103,0.12442411982151974,0.7449919581413269,0.2550080418586731,0.8830052614212036,0.8518888056278229
684,5,1,18,0.018890541046857834,0.9811094403266907,18,0,19,0,0.1671278476715088,0.04329874739050865,0.053516704589128494,3.1396315730178,2.9277614385046635,0.9788004755973816,0.021199483424425125,0.11408942937850952,0.01504567265510559
685,11,11,11,0.020213104784488678,0.9797868728637695,11,1,11,1,0.9398339986801147,0.5146980285644531,0.4491933286190033,0.664174902592172,0.800301907922252,0.9084230065345764,0.0915769636631012,0.4491933286190033,0.1747574508190155
686,7,7,7,0.020547132939100266,0.9794528484344482,7,1,7,1,0.8526524305343628,0.43679511547088623,0.3143322467803955,0.8282910371439891,1.1573047417129159,0.9566741585731506,0.04332586005330086,0.3143322467803955,0.22934246808290482
687,0,0,0,0.021408824250102043,0.9785912036895752,0,1,0,1,1.0,0.9997109174728394,0.9827461242675781,0.0002891243195688967,0.017404458450265926,0.7343641519546509,0.26563578844070435,0.9827461242675781,0.9809656810248271
688,14,12,14,0.02140893042087555,0.9785910844802856,14,1,14,1,0.0023095307406038046,0.948002815246582,0.637290358543396,0.05339780706213438,0.45052990537605087,0.461698979139328,0.5383010506629944,0.637290358543396,0.5917893163859844
689,11,15,11,0.01403205469250679,0.9859679341316223,11,1,11,1,0.6247562766075134,0.8214802742004395,0.6336196064949036,0.19664735372196776,0.4563064943664659,0.8254393935203552,0.17456063628196716,0.6336196064949036,0.5724689997732639
690,0,0,0,0.013314484618604183,0.9866855144500732,0,1,0,1,0.9998942613601685,0.9940834641456604,0.914066731929779,0.0059341078972936,0.08985169932905959,0.6982989311218262,0.30170106887817383,0.914066731929779,0.9041351648047566
691,16,16,16,0.013301398605108261,0.9866986274719238,16,1,16,1,0.9999665021896362,0.9763315320014954,0.8274001479148865,0.0239530658209766,0.18946684618413068,0.8752102255821228,0.1247897818684578,0.8274001479148865,0.8003526218235493
692,10,10,21,0.013313094154000282,0.9866868853569031,21,0,13,0,0.0008450105669908226,0.013741020113229752,0.1988101601600647,4.2873697508951425,1.615404878620611,0.9910385608673096,0.00896152202039957,0.2894424498081207,0.05441196262836456
693,9,14,9,0.019258545711636543,0.9807414412498474,9,1,9,1,0.202596515417099,0.9435251355171204,0.6538465619087219,0.05813227381072112,0.42488256986976836,0.8302695155143738,0.1697305291891098,0.6538465619087219,0.5278159379959106
694,16,16,25,0.01767684891819954,0.982323169708252,25,0,16,1,0.3816055953502655,0.173458531498909,0.3207536041736603,1.7518167196966976,1.1370820388428655,0.9841550588607788,0.015844905748963356,0.3207536041736603,0.1673746258020401
695,8,26,27,0.019345711916685104,0.9806542992591858,27,0,14,0,0.36864855885505676,0.14084063470363617,0.07817044854164124,1.960126278147387,2.5488635987384565,0.9860708117485046,0.013929219916462898,0.2834157645702362,0.14826899766921997
696,7,5,7,0.01814323291182518,0.9818567633628845,7,1,7,1,0.009171887300908566,0.9794448018074036,0.7308560013771057,0.020769396623533273,0.3135388271773605,0.9326271414756775,0.06737285852432251,0.7308560013771057,0.5483483076095581
697,1,5,1,0.014352845028042793,0.9856471419334412,1,1,1,1,0.6220211982727051,0.949760377407074,0.7248969674110413,0.05154556051231711,0.3217257481424068,0.7096632719039917,0.2903367280960083,0.7248969674110413,0.6729874312877655
698,27,17,17,0.013681164011359215,0.986318826675415,17,0,17,0,0.9980512261390686,0.034252725541591644,0.03654520586133003,3.373989139583362,3.3092052679741157,0.5728733539581299,0.4271266460418701,0.7450576424598694,0.7085124365985394
699,5,5,5,0.013280556537210941,0.9867194294929504,5,1,5,1,0.9912737607955933,0.8141793012619019,0.7542783617973328,0.20557466541535405,0.281993799001824,0.8474836349487305,0.1525164097547531,0.7542783617973328,0.6727363988757133
700,24,24,24,0.013242213986814022,0.9867578148841858,24,1,24,1,0.9987572431564331,0.8986053466796875,0.867608368396759,0.10691133235299806,0.14201485462093366,0.9175365567207336,0.08246342837810516,0.867608368396759,0.843958918005228
701,15,15,15,0.013310963287949562,0.986689031124115,15,1,15,1,0.9920650720596313,0.753017246723175,0.7532141804695129,0.28366714742969573,0.28340565541206186,0.9189414978027344,0.08105850964784622,0.7532141804695129,0.7195714600384235
702,2,18,2,0.013491859659552574,0.9865081310272217,2,1,2,1,0.004636471159756184,0.9829820394515991,0.9641584157943726,0.017164430159978525,0.036499666135671245,0.08175209164619446,0.9182479381561279,0.9641584157943726,0.9483874309808016
703,19,5,19,0.010053285397589207,0.989946722984314,19,1,2,0,0.1970953792333603,0.516958475112915,0.12870870530605316,0.6597927266299778,2.0502035263718845,0.9995606541633606,0.00043935474241152406,0.3652043342590332,0.23649562895298004
704,26,26,26,0.010327737778425217,0.9896722435951233,26,1,26,1,0.9999973177909851,0.9993584156036377,0.9538565874099731,0.0006417902997054242,0.047241946496688045,0.7963500618934631,0.20364996790885925,0.9538565874099731,0.947473534848541
705,25,25,25,0.010325077921152115,0.9896749258041382,25,1,25,1,0.9801475405693054,0.7477685809135437,0.6956875324249268,0.2906617326821257,0.3628546671202282,0.9241065979003906,0.07589338719844818,0.6956875324249268,0.6116913706064224
706,24,24,10,0.010347479023039341,0.9896525144577026,10,0,24,1,0.21430610120296478,0.1751217246055603,0.7461832761764526,1.7422739776801135,0.292784030431688,0.9404556751251221,0.05954426899552345,0.7461832761764526,0.6434790194034576
707,10,10,10,0.011293408460915089,0.9887065887451172,10,1,10,1,0.9997970461845398,0.9624710083007812,0.9037225842475891,0.03825133451979316,0.10123284151829705,0.8431745767593384,0.15682539343833923,0.9037225842475891,0.885723564773798
708,0,0,0,0.01131483819335699,0.9886851906776428,0,1,0,1,0.9968792200088501,0.9982117414474487,0.9556268453598022,0.0017898593956422314,0.045387771250522006,0.5287531614303589,0.47124674916267395,0.9556268453598022,0.946794698946178
709,8,8,8,0.011222549714148045,0.9887774586677551,8,1,8,1,0.996720552444458,0.9977388978004456,0.9602006673812866,0.0022636623510370016,0.04061298784149923,0.9066333770751953,0.09336668252944946,0.9602006673812866,0.9529668698087335
710,12,12,12,0.011160256341099739,0.9888397455215454,12,1,12,1,0.7818091511726379,0.9764435291290283,0.8625145554542542,0.023838360210601872,0.14790325433002813,0.8516750335693359,0.14832501113414764,0.8625145554542542,0.8308404572308064
711,17,7,9,0.010728939436376095,0.9892710447311401,9,0,9,0,0.2195124626159668,0.3408477008342743,0.16390150785446167,1.0763195265847558,1.8084895934304879,0.7000725865364075,0.29992741346359253,0.4839182198047638,0.3200167119503021
712,15,15,15,0.01055214274674654,0.989447832107544,15,1,15,1,0.990749716758728,0.9204598069190979,0.8579961657524109,0.08288194366308493,0.1531556483241939,0.9322616457939148,0.067738376557827,0.8579961657524109,0.8328468073159456
713,1,12,1,0.010510706342756748,0.9894893169403076,1,1,1,1,0.23222194612026215,0.9798038005828857,0.7627293467521667,0.020402930847764022,0.2708520331008033,0.5794758796691895,0.42052409052848816,0.7627293467521667,0.6995871663093567
714,21,21,21,0.010010655038058758,0.9899893403053284,21,1,21,1,0.9989635944366455,0.950070321559906,0.8956530690193176,0.0512192744324571,0.11020214074361342,0.6551918983459473,0.34480810165405273,0.8956530690193176,0.8765585701912642
715,26,17,26,0.010035693645477295,0.9899643063545227,26,1,26,1,0.08393526822328568,0.9855744242668152,0.7579168081283569,0.014530635944184562,0.27718165117249144,0.39765435457229614,0.6023456454277039,0.7579168081283569,0.6751548275351524
716,10,10,10,0.010002926923334599,0.9899970889091492,10,1,10,1,0.9961848258972168,0.862382709980011,0.8117061257362366,0.14805612775285976,0.20861691844511443,0.8227803707122803,0.17721961438655853,0.8117061257362366,0.7883660029619932
717,7,7,7,0.010075652971863747,0.9899243712425232,7,1,7,1,0.988288164138794,0.995789647102356,0.9253034591674805,0.0042192413913088615,0.07763353130608412,0.7274613380432129,0.2725386321544647,0.9253034591674805,0.9134115530177951
718,16,16,25,0.010001723654568195,0.9899982810020447,25,0,25,0,0.00687205046415329,0.015175681561231613,0.14865939319133759,4.188061029619676,1.9060975415489805,0.9568438529968262,0.043156132102012634,0.5944616198539734,0.4458022266626358
719,1,1,1,0.01291933748871088,0.9870806336402893,1,1,1,1,0.9803053140640259,0.9287775754928589,0.7659293413162231,0.07388599241612198,0.26666535720876106,0.7828879952430725,0.21711203455924988,0.7659293413162231,0.7258519195020199
720,1,1,1,0.012811685912311077,0.9871883392333984,1,1,1,1,0.9996590614318848,0.9844340682029724,0.859789252281189,0.015688352974918995,0.15106797525257534,0.7390998005867004,0.26090019941329956,0.859789252281189,0.8407518733292818
721,1,5,1,0.012771300040185452,0.9872286915779114,1,1,1,1,0.274917334318161,0.9717170596122742,0.8116543889045715,0.028690607830761734,0.20868065885424222,0.9029285311698914,0.09707143902778625,0.8116543889045715,0.7816021367907524
722,21,21,21,0.011609934270381927,0.9883900880813599,21,1,21,1,0.9999982714653015,0.997893214225769,0.9652641415596008,0.0021090081693357636,0.03535349327471421,0.6726974844932556,0.3273025155067444,0.9652641415596008,0.9606847269460559
723,10,10,10,0.011609281413257122,0.9883907437324524,10,1,10,1,0.7531003355979919,0.3393469750881195,0.5097319483757019,1.080732169712913,0.6738702828555451,0.9690083265304565,0.03099169209599495,0.5097319483757019,0.4605163261294365
724,1,2,10,0.012239018455147743,0.9877609610557556,10,0,2,0,0.019817987456917763,0.0019286603201180696,0.015554960817098618,6.250929651742193,4.163375667626476,0.9985659718513489,0.0014340078923851252,0.26848503947257996,0.05977851152420044
725,7,7,7,0.015209625475108624,0.9847903847694397,7,1,7,1,0.9154833555221558,0.6937729716300964,0.7693578004837036,0.3656105022100931,0.262199137472889,0.8240140676498413,0.17598597705364227,0.7693578004837036,0.6534341499209404
726,26,26,14,0.01538066565990448,0.9846193194389343,14,0,14,0,0.12250053137540817,0.11830269545316696,0.152052640914917,2.13450872336162,1.8835284962827517,0.7284296154975891,0.2715703547000885,0.6619635820388794,0.5099109411239624
727,11,11,16,0.017180411145091057,0.9828196167945862,16,0,11,1,0.028758613392710686,0.016073917970061302,0.12121976912021637,4.130557322473184,2.1101501070952255,0.963361918926239,0.03663809970021248,0.12121976912021637,0.00867372751235962
728,24,24,24,0.021811245009303093,0.9781887531280518,24,1,24,1,0.9994106292724609,0.9179492592811584,0.8857110142707825,0.08561316300346794,0.12136455057633426,0.7899048924446106,0.2100950926542282,0.8857110142707825,0.8620036095380783
729,0,0,0,0.02190457284450531,0.9780954122543335,0,1,0,1,0.9999995231628418,0.9997907280921936,0.9833412766456604,0.00020929380822757684,0.016799040404268262,0.5780526995658875,0.42194733023643494,0.9833412766456604,0.9806451161857694
730,13,13,4,0.021902117878198624,0.9780978560447693,4,0,13,1,0.35541054606437683,0.15351788699626923,0.23516805469989777,1.8739381910807142,1.4474548940364647,0.9761132597923279,0.023886751383543015,0.23516805469989777,0.006156265735626221
731,21,12,21,0.02393247000873089,0.9760675430297852,21,1,21,1,0.6008281707763672,0.4308679699897766,0.30745241045951843,0.8419535699387221,1.1794349664458255,0.8167321085929871,0.18326786160469055,0.30745241045951843,0.1904715970158577
732,23,23,19,0.023547230288386345,0.9764527678489685,19,0,23,1,0.345598965883255,0.08396156877279282,0.2116388976573944,2.477396099440175,1.5528737695337906,0.9788551926612854,0.021144747734069824,0.2116388976573944,0.14455576986074448
733,3,3,20,0.026005154475569725,0.9739948511123657,20,0,3,1,0.42174550890922546,0.17987380921840668,0.333109587430954,1.7154997338470714,1.0992837517561393,0.9906296133995056,0.009370335377752781,0.333109587430954,0.22815301269292831
734,26,26,26,0.02731470763683319,0.9726852774620056,26,1,26,1,0.9998781681060791,0.934984028339386,0.6974995732307434,0.06722583182931041,0.36025337714236855,0.9144706130027771,0.0855293795466423,0.6974995732307434,0.668223625048995
735,24,24,24,0.027392933145165443,0.9726070761680603,24,1,24,1,0.7421531677246094,0.29092228412628174,0.6188195943832397,1.2346991123369528,0.4799414956532697,0.9839895367622375,0.016010522842407227,0.6188195943832397,0.5568095557391644
736,5,5,5,0.029186785221099854,0.9708132147789001,5,1,5,1,0.9032114744186401,0.9583054780960083,0.8032060265541077,0.042588681175830055,0.2191440268929061,0.7670090794563293,0.23299095034599304,0.8032060265541077,0.7697974257171154
737,26,26,26,0.028315851464867592,0.9716841578483582,26,1,26,1,0.9999918341636658,0.9915270209312439,0.8947202563285828,0.008509078815472904,0.11124417232656265,0.8803650140762329,0.11963500827550888,0.8947202563285828,0.8761198855936527
738,3,3,3,0.028325431048870087,0.9716745615005493,3,1,3,1,0.9990044236183167,0.9211403131484985,0.8380813002586365,0.08214290563527601,0.17664016619082093,0.8029010891914368,0.19709888100624084,0.8380813002586365,0.7641306892037392
739,13,13,20,0.028286395594477654,0.9717136025428772,20,0,11,0,0.8545002937316895,0.280337929725647,0.17735540866851807,1.2717595116441271,1.7295996010833674,0.9554790258407593,0.044520940631628036,0.2439061552286148,0.06655074656009674
740,10,10,10,0.02865123189985752,0.971348762512207,10,1,10,1,0.999995768070221,0.9964381456375122,0.9804260730743408,0.003568212868943704,0.01976803335872923,0.8996466994285583,0.10035326331853867,0.9804260730743408,0.9752700040116906
741,10,10,18,0.028656108304858208,0.9713438749313354,10,1,10,1,0.636436939239502,0.3199365437030792,0.5578439235687256,1.139632603780471,0.5836760625921706,0.9758539199829102,0.0241460632532835,0.5578439235687256,0.41326533257961273
742,3,3,20,0.03033312037587166,0.9696668982505798,20,0,3,1,0.29927706718444824,0.1259675920009613,0.26281583309173584,2.07173061145546,1.336301746501052,0.997566819190979,0.0024331652093678713,0.26281583309173584,0.14241691678762436
743,7,7,7,0.033673204481601715,0.9663267731666565,7,1,7,1,0.9627323746681213,0.7305667996406555,0.61761075258255,0.31393460824773095,0.4818968701534546,0.676909863948822,0.3230901062488556,0.61761075258255,0.5004108622670174
744,9,27,14,0.03403269127011299,0.9659672975540161,14,0,14,0,0.20297008752822876,0.13463687896728516,0.1624596118927002,2.0051739099439794,1.817325850302844,0.8548201322555542,0.1451798528432846,0.47144263982772827,0.3089830279350281
745,24,24,24,0.03352109342813492,0.9664788842201233,24,1,24,1,0.8027717471122742,0.795222818851471,0.8414664268493652,0.22913292831271628,0.1726091629393727,0.8707447648048401,0.1292552351951599,0.8414664268493652,0.8095582947134972
746,14,14,14,0.03225930035114288,0.9677407145500183,14,1,14,1,0.995107114315033,0.9055321216583252,0.8392781615257263,0.09923252834160914,0.17521308809875935,0.8216400742530823,0.17835994064807892,0.8392781615257263,0.754414975643158
747,0,0,0,0.0323043018579483,0.9676957130432129,0,1,0,1,0.9999340176582336,0.9981738924980164,0.9447225332260132,0.0018277768688932353,0.05686401023575241,0.746705949306488,0.25329411029815674,0.9447225332260132,0.9357616193592548
748,20,20,20,0.03227034956216812,0.9677296280860901,20,1,20,1,0.7704648375511169,0.38452771306037903,0.29156482219696045,0.9557394170540988,1.2324929233095194,0.9747606515884399,0.025239327922463417,0.29156482219696045,0.06722769141197205
749,16,16,16,0.03388006612658501,0.9661199450492859,16,1,16,1,0.9999838471412659,0.9874618053436279,0.9260310530662537,0.012617461087913402,0.07684751026944711,0.8477193117141724,0.15228067338466644,0.9260310530662537,0.9117919895797968
750,4,1,12,0.03389076143503189,0.9661092162132263,12,0,12,0,0.2803208827972412,0.0905885174870491,0.09888825565576553,2.4014278125187545,2.313764797093696,0.9846173524856567,0.015382702462375164,0.20785638689994812,0.10896813124418259
751,20,20,11,0.03563843294978142,0.9643615484237671,11,0,11,0,0.6724411845207214,0.4365456998348236,0.34373536705970764,0.8288622131121158,1.0678831994610003,0.9085383415222168,0.0914616733789444,0.3839131295681,0.040177762508392334
752,11,11,11,0.03690849989652634,0.9630914926528931,11,1,11,1,0.9237813353538513,0.5838518142700195,0.5473665595054626,0.5381080710403554,0.6026365739283782,0.9576115012168884,0.04238850623369217,0.5473665595054626,0.42735789716243744
753,27,27,27,0.037892896682024,0.9621071219444275,27,1,27,1,0.9997672438621521,0.9754993319511414,0.6997211575508118,0.024805803746328806,0.35707336965570136,0.8040781617164612,0.19592180848121643,0.6997211575508118,0.6163707226514816
754,0,0,0,0.037879232317209244,0.962120771408081,0,1,0,1,0.9995745420455933,0.9961865544319153,0.9128413796424866,0.003820735290175464,0.0911931488122395,0.6532614231109619,0.3467385768890381,0.9128413796424866,0.8984662154689431
755,10,10,10,0.03770309314131737,0.9622969031333923,10,1,10,1,0.9914578199386597,0.9917083978652954,0.9645570516586304,0.00832616867496396,0.03608629684749872,0.8898058533668518,0.11019421368837357,0.9645570516586304,0.9547701384872198
756,5,7,5,0.03743143752217293,0.9625685811042786,5,1,5,1,0.025957278907299042,0.9583137035369873,0.7217555046081543,0.04258009789433326,0.326068833716317,0.7101166844367981,0.28988325595855713,0.7217555046081543,0.5761346518993378
757,8,5,8,0.03096844255924225,0.969031572341919,8,1,8,1,0.5584097504615784,0.7698612213134766,0.5878631472587585,0.26154501243857714,0.5312611009295223,0.8458027839660645,0.15419714152812958,0.5878631472587585,0.5122809335589409
758,20,20,4,0.029597878456115723,0.9704021215438843,4,0,4,0,0.4260222613811493,0.12177617847919464,0.13537248969078064,2.105570521822955,1.9997251172066477,0.9832041263580322,0.016795912757515907,0.13705791532993317,0.0016854256391525269
759,1,1,1,0.032415106892585754,0.9675849080085754,1,1,1,1,0.9455381035804749,0.5398656725883484,0.4932147264480591,0.6164349248343625,0.7068106491594962,0.9070267677307129,0.0929732471704483,0.4932147264480591,0.3939335569739342
760,26,26,26,0.03225540742278099,0.9677445888519287,26,1,26,1,0.9999983310699463,0.9982936382293701,0.9351736903190613,0.0017078192641194422,0.06702300189851552,0.8590193390846252,0.14098066091537476,0.9351736903190613,0.9266977142542601
761,15,3,15,0.03224892541766167,0.9677510857582092,15,1,3,0,0.07728102058172226,0.4430743455886841,0.09679680317640305,0.8140177000184188,2.335141310282103,0.9881410598754883,0.011858907528221607,0.16431909799575806,0.057650282979011536
762,17,1,1,0.027917541563510895,0.9720824360847473,1,0,1,0,0.7555227875709534,0.0029714414849877357,0.0077943443320691586,5.818708095430288,4.854356893920477,0.22646689414978027,0.773533046245575,0.8100648522377014,0.7785116359591484
763,10,10,10,0.03472553566098213,0.965274453163147,10,1,10,1,0.9298149347305298,0.6327517032623291,0.7622196674346924,0.45767718771962723,0.27152048736610807,0.9340289235115051,0.06597109884023666,0.7622196674346924,0.7173850238323212
764,16,0,16,0.03552569821476936,0.9644743204116821,16,1,16,1,0.11928117275238037,0.8249350786209106,0.2882482409477234,0.19245058832459402,1.2439332223746649,0.9293371438980103,0.07066284120082855,0.2882482409477234,0.07029104232788086
765,1,1,18,0.031057285144925117,0.9689427018165588,18,0,1,1,0.19007349014282227,0.10886293649673462,0.22738432884216309,2.2176656513561186,1.481113614542776,0.9738196134567261,0.026180414482951164,0.22738432884216309,0.10079200565814972
766,2,22,2,0.03463096544146538,0.9653690457344055,2,1,2,1,0.09178237617015839,0.9147728085517883,0.8895418047904968,0.08907954120204835,0.11704877490249208,0.010685236193239689,0.9893147945404053,0.8895418047904968,0.8708688989281654
767,27,27,9,0.030519628897309303,0.9694803953170776,9,0,9,0,0.13095392286777496,0.0803997740149498,0.10595287382602692,2.5207439135604974,2.2447608702748862,0.8429202437400818,0.157079815864563,0.4903694987297058,0.33105508983135223
768,10,10,10,0.034972451627254486,0.9650275707244873,10,1,10,1,0.9237249493598938,0.7165436148643494,0.7055601477622986,0.3333161614599832,0.3487632558133219,0.8494278788566589,0.15057210624217987,0.7055601477622986,0.6652562581002712
769,0,0,0,0.034704700112342834,0.9652953147888184,0,1,0,1,0.891361653804779,0.4837093651294708,0.48285362124443054,0.7262710378986806,0.7280417328677471,0.8258662819862366,0.17413370311260223,0.48285362124443054,0.42320365086197853
770,14,27,14,0.03598616272211075,0.9640138149261475,14,1,14,1,0.15038377046585083,0.960163414478302,0.7844356298446655,0.04065178559171878,0.24279076263612914,0.6916120052337646,0.30838799476623535,0.7844356298446655,0.7137239947915077
771,2,22,2,0.03213905543088913,0.9678609371185303,2,1,2,1,0.6842851638793945,0.8836086392402649,0.8603365421295166,0.12374103016361852,0.1504316382258607,0.21167457103729248,0.7883254289627075,0.8603365421295166,0.8213214352726936
772,12,12,12,0.031044278293848038,0.9689556956291199,12,1,12,1,0.5014353394508362,0.955944836139679,0.7338313460350037,0.04505507037836798,0.30947605056393707,0.7533770203590393,0.2466229945421219,0.7338313460350037,0.6942539289593697
773,17,4,14,0.028514117002487183,0.9714858531951904,14,0,14,0,0.0697108805179596,0.019306471571326256,0.025155680254101753,3.947314924700176,3.6826715529039302,0.44922658801078796,0.5507733821868896,0.6341953277587891,0.5685342475771904
774,27,27,27,0.030729170888662338,0.9692708253860474,27,1,27,1,0.9704968929290771,0.7009307146072388,0.3780321180820465,0.35534623476780297,0.9727761185011429,0.6479641795158386,0.3520358204841614,0.3780321180820465,0.13573604822158813
775,0,0,0,0.031143413856625557,0.9688565731048584,0,1,0,1,0.9999918937683105,0.9990217089653015,0.9660254120826721,0.000978769873694176,0.034565138611827695,0.7172565460205078,0.2827434837818146,0.9660254120826721,0.9606744782067835
776,4,4,13,0.03113504685461521,0.9688649773597717,13,0,4,1,0.609540581703186,0.2648842930793762,0.2940536141395569,1.3284621782356476,1.223993167250304,0.9898747205734253,0.010125359520316124,0.2940536141395569,0.059208258986473083
777,21,9,21,0.03319334238767624,0.9668066501617432,21,1,21,1,0.4013773798942566,0.9700836539268494,0.6051911115646362,0.030372970041563363,0.5022109839493566,0.9637396931648254,0.03626032546162605,0.6051911115646362,0.476639986038208
778,2,2,22,0.030806105583906174,0.9691938757896423,22,0,2,1,0.6513953804969788,0.35847005248069763,0.748932957649231,1.0259101580504517,0.28910580861765445,0.9982650876045227,0.0017349618719890714,0.748932957649231,0.7037686221301556
779,4,26,25,0.0322369821369648,0.9677630066871643,25,0,25,0,0.012468945235013962,0.016423804685473442,0.04283441975712776,4.109023491355611,3.150413299656996,0.9962742328643799,0.003725798800587654,0.2597591280937195,0.1891077384352684
780,14,27,14,0.03598826378583908,0.9640117287635803,14,1,14,1,0.37452298402786255,0.9236319661140442,0.7374100089073181,0.07944159175636817,0.3046112200340158,0.6317650675773621,0.3682349920272827,0.7374100089073181,0.6236736178398132
781,5,1,1,0.03362324833869934,0.966376781463623,1,0,1,0,0.9989961385726929,0.006705913692712784,0.020819736644625664,5.004765501180065,3.8718538650287417,0.6794487237930298,0.3205512762069702,0.8915790915489197,0.870759354904294
782,24,24,24,0.034956030547618866,0.9650439620018005,24,1,24,1,0.9183362722396851,0.6749821305274963,0.8738526701927185,0.39306906175262907,0.13484348710959765,0.8513444662094116,0.14865554869174957,0.8738526701927185,0.8229496702551842
783,5,12,5,0.035621415823698044,0.9643785953521729,5,1,5,1,0.1982511579990387,0.78958660364151,0.5487314462661743,0.23624575701298253,0.6001461260688234,0.3988223969936371,0.6011776328086853,0.5487314462661743,0.36249372363090515
784,24,24,24,0.03203807398676872,0.9679619073867798,24,1,24,1,0.9186242818832397,0.7024961113929749,0.9415037035942078,0.3531154131732222,0.06027699717603634,0.8889309763908386,0.11106900870800018,0.9415037035942078,0.9173575099557638
785,20,20,11,0.03260605409741402,0.9673939347267151,11,0,11,0,0.0692499652504921,0.0845414251089096,0.30089521408081055,2.4705136267711243,1.20099320082055,0.7768349647521973,0.22316506505012512,0.44522732496261597,0.14433211088180542
786,18,18,22,0.03753465786576271,0.9624653458595276,22,0,18,1,0.3633419871330261,0.2085452675819397,0.37840235233306885,1.5675991506036524,0.9717972252987129,0.9986528158187866,0.0013471909333020449,0.37840235233306885,0.24885770678520203
787,10,10,10,0.04056158289313316,0.9594384431838989,10,1,10,1,0.9995593428611755,0.9644796848297119,0.9481151700019836,0.03616650976153662,0.05327929676224038,0.7795078754425049,0.22049212455749512,0.9481151700019836,0.9366934932768345
788,25,25,22,0.040631361305713654,0.9593686461448669,22,0,25,1,0.5811942219734192,0.35988348722457886,0.5869349241256714,1.0219749465152368,0.5328413270957942,0.9841445684432983,0.015855401754379272,0.5869349241256714,0.4600193351507187
789,9,27,9,0.04232238233089447,0.9576776027679443,9,1,9,1,0.24030958116054535,0.9297415614128113,0.7230353951454163,0.07284862240764767,0.324297102080574,0.48569434881210327,0.514305591583252,0.7230353951454163,0.6411671191453934
790,10,10,10,0.038539424538612366,0.9614605903625488,10,1,10,1,0.9999876022338867,0.99386066198349,0.9757992029190063,0.006158261242626427,0.024498448449466848,0.9221388697624207,0.07786106318235397,0.9757992029190063,0.9717366811819375
791,25,25,25,0.03855027258396149,0.9614497423171997,25,1,25,1,0.9836803078651428,0.9396058917045593,0.7880336046218872,0.062294755777958705,0.23821454457430194,0.8885779976844788,0.11142206192016602,0.7880336046218872,0.7294018715620041
792,25,25,25,0.037635620683431625,0.9623643755912781,25,1,25,1,0.9583609700202942,0.7299689054489136,0.7927027344703674,0.31475334102236563,0.23230698957973447,0.5222166776657104,0.47778332233428955,0.7927027344703674,0.7413191832602024
793,25,26,22,0.03793548047542572,0.9620645046234131,22,0,25,1,0.2665790617465973,0.41829174757003784,0.3182605803012848,0.8715761292247977,1.1448847968457483,0.9994503855705261,0.0005495828809216619,0.3182605803012848,0.22404157370328903
794,10,10,10,0.036172784864902496,0.9638271927833557,10,1,10,1,0.9999964237213135,0.9945399165153503,0.9707207083702087,0.005475044223251648,0.029716485051510273,0.87001633644104,0.12998369336128235,0.9707207083702087,0.9677597782574594
795,0,0,0,0.036178503185510635,0.9638214707374573,0,1,0,1,0.9999569058418274,0.9991744756698608,0.9699810743331909,0.0008258652629941441,0.030478718671760913,0.5190331935882568,0.48096680641174316,0.9699810743331909,0.9647985096089542
796,2,2,2,0.03614237532019615,0.9638576507568359,2,1,2,1,0.9943562746047974,0.8563864231109619,0.9113845229148865,0.15503357583580532,0.09279038195675285,0.8105436563491821,0.18945631384849548,0.9113845229148865,0.8960594777017832
797,26,26,26,0.036418069154024124,0.963581919670105,26,1,26,1,0.999999463558197,0.9995917081832886,0.9692873358726501,0.00040837519050988797,0.031194182798833677,0.8158208727836609,0.1841791421175003,0.9692873358726501,0.9659002071712166
798,21,21,21,0.03641270473599434,0.9635872840881348,21,1,21,1,0.9999080300331116,0.9925614595413208,0.9441436529159546,0.007466344366897444,0.057476949714926936,0.5454198718070984,0.45458006858825684,0.9441436529159546,0.9342230586335063
799,10,10,10,0.03637218102812767,0.963627815246582,10,1,10,1,0.9999404549598694,0.9947731494903564,0.9679825305938721,0.005240558279273938,0.03254123877556438,0.942646861076355,0.05735310539603233,0.9679825305938721,0.9639234920032322
800,17,26,17,0.036312393844127655,0.9636875987052917,17,1,17,1,0.381907194852829,0.7642998099327087,0.6129533648490906,0.2687951454148568,0.48946642285820735,0.9523126482963562,0.04768738895654678,0.6129533648490906,0.5289277285337448
801,7,8,17,0.03370581939816475,0.9662941694259644,17,0,8,0,0.12164876610040665,0.06818359345197678,0.07746884971857071,2.685551308293457,2.5578793625372303,0.9794553518295288,0.020544640719890594,0.21315407752990723,0.014837890863418579
802,8,12,8,0.0347154326736927,0.9652845859527588,8,1,8,1,0.07187257707118988,0.9490624070167542,0.7302563190460205,0.0522807217158595,0.3143596844877472,0.20342044532299042,0.7965795397758484,0.7302563190460205,0.6615990623831749
803,17,1,17,0.029902935028076172,0.9700970649719238,17,1,17,1,0.1283264011144638,0.3859541714191437,0.3111535310745239,0.9520366434593118,1.1674688195674632,0.7067368626594543,0.29326313734054565,0.3111535310745239,0.170241579413414
804,8,17,8,0.028251225128769875,0.9717487692832947,8,1,8,1,0.0386384092271328,0.9694734215736389,0.8417709469795227,0.031002219245986326,0.17224733621402255,0.1540406495332718,0.8459593057632446,0.8417709469795227,0.8104550950229168
805,14,14,14,0.023272335529327393,0.9767276644706726,14,1,14,1,0.9111241102218628,0.9596890807151794,0.8360670208930969,0.04114592123387004,0.1790465005783479,0.8710007071495056,0.1289992481470108,0.8360670208930969,0.7858959697186947
806,21,21,21,0.02279599756002426,0.9772040247917175,21,1,21,1,0.9972220659255981,0.9577280879020691,0.8644049763679504,0.04319137438712147,0.14571389734613685,0.5486612915992737,0.45133861899375916,0.8644049763679504,0.831025667488575
807,16,16,16,0.02273589000105858,0.9772641062736511,16,1,16,1,0.999962329864502,0.986538290977478,0.9348496794700623,0.013553139293044816,0.06736953323868582,0.7624821662902832,0.23751778900623322,0.9348496794700623,0.924982120282948
808,17,8,1,0.02275083027780056,0.9772491455078125,1,0,1,0,0.02231965959072113,0.007245697546750307,0.024293625727295876,4.927347428099394,3.717541278795569,0.9311664700508118,0.06883345544338226,0.7632229328155518,0.674135684967041
809,7,1,0,0.027962634339928627,0.9720373749732971,0,0,22,0,0.3516407012939453,0.09334746748209,0.05565382167696953,2.3714265386383615,2.8886045301778935,0.9409229159355164,0.059077080339193344,0.097737155854702,0.015159554779529572
810,25,25,25,0.028865277767181396,0.9711347222328186,25,1,25,1,0.9702014923095703,0.7114217281341553,0.7169158458709717,0.3404898771535522,0.3327968150463806,0.9053487777709961,0.0946512222290039,0.7169158458709717,0.6466900557279587
811,8,5,8,0.029236620292067528,0.9707633852958679,8,1,8,1,0.24042589962482452,0.6374154090881348,0.46550634503364563,0.45033370238032383,0.7646295517807987,0.7927117943763733,0.2072882056236267,0.46550634503364563,0.24714207649230957
812,16,10,25,0.02677052654325962,0.9732294678688049,25,0,10,0,0.45489826798439026,0.16444702446460724,0.10560879856348038,1.805166800371471,2.248013591450944,0.8262473344802856,0.17375266551971436,0.491217702627182,0.32169683277606964
813,18,11,18,0.025506969541311264,0.9744930267333984,18,1,18,1,0.04051339626312256,0.9166795015335083,0.7184202075004578,0.08699737541473412,0.33070063390915283,0.6031773090362549,0.3968226909637451,0.7184202075004578,0.6614722274243832
814,6,6,6,0.021260177716612816,0.9787397980690002,6,1,6,1,0.941649317741394,0.8013463020324707,0.6198868155479431,0.22146208822535265,0.4782183731761294,0.5659589767456055,0.4340410530567169,0.6198868155479431,0.48848050832748413
815,5,5,5,0.02081981487572193,0.9791801571846008,5,1,5,1,0.9136178493499756,0.9424587488174438,0.8519260883331299,0.0592631284507616,0.1602555066985995,0.49781301617622375,0.5021870136260986,0.8519260883331299,0.8209992237389088
816,15,15,15,0.020195282995700836,0.9798046946525574,15,1,15,1,0.9974780082702637,0.8759574890136719,0.829243540763855,0.13243771774649812,0.1872413904360141,0.925865888595581,0.07413407415151596,0.829243540763855,0.7943504974246025
817,21,21,21,0.020326942205429077,0.9796730279922485,21,1,21,1,0.9999857544898987,0.9903212785720825,0.9325864911079407,0.009725864689779054,0.06979337990697268,0.6517058610916138,0.3482941687107086,0.9325864911079407,0.9220978347584605
818,1,1,1,0.02033539116382599,0.9796646237373352,1,1,1,1,0.982694685459137,0.981940507888794,0.8348116278648376,0.018224555060840378,0.18054917495319706,0.7738144397735596,0.22618556022644043,0.8348116278648376,0.800373338162899
819,18,21,5,0.019895680248737335,0.9801043272018433,5,0,5,0,0.00934066716581583,0.01650501973927021,0.012155445292592049,4.1040907177207,4.409978037364959,0.2625502943992615,0.7374496459960938,0.31875237822532654,0.15385565161705017
820,0,0,0,0.02134128101170063,0.9786587357521057,0,1,0,1,1.0,0.9995437860488892,0.9830831289291382,0.00045631804835704855,0.017061595849850945,0.5390682220458984,0.4609317183494568,0.9830831289291382,0.9800432305783033
821,4,4,4,0.021340560168027878,0.978659451007843,4,1,4,1,0.9897034764289856,0.7593778967857361,0.5752593874931335,0.2752557377632341,0.5529342312200086,0.7311652898788452,0.2688346803188324,0.5752593874931335,0.4856986403465271
822,2,2,2,0.02158988267183304,0.9784101247787476,2,1,2,1,0.9979848861694336,0.9906697273254395,0.9569747447967529,0.009374072323318845,0.043978277849449236,0.6734005808830261,0.32659944891929626,0.9569747447967529,0.9511285037733614
823,15,15,15,0.021395592018961906,0.9786044359207153,15,1,15,1,0.9999957084655762,0.992763102054596,0.9599882960319519,0.007263211319667706,0.04083418622795713,0.844109833240509,0.15589015185832977,0.9599882960319519,0.9548145215958357
824,13,13,13,0.021402087062597275,0.9785979390144348,13,1,13,1,0.9950294494628906,0.8754370212554932,0.7442841529846191,0.13303206444616877,0.29533239100964026,0.7377172708511353,0.26228275895118713,0.7442841529846191,0.6941625885665417
825,3,6,6,0.021297289058566093,0.97870272397995,6,0,3,1,0.9291037321090698,0.31477129459381104,0.42540401220321655,1.1559089527661968,0.8547159446591222,0.942087709903717,0.05791231244802475,0.42540401220321655,0.13560864329338074
826,14,14,14,0.021773269400000572,0.9782267212867737,14,1,14,1,0.7732433080673218,0.29724037647247314,0.3442545533180237,1.2132141191330692,1.0663739146837254,0.8722249865531921,0.12777496874332428,0.3442545533180237,0.2797381728887558
827,2,2,2,0.023042626678943634,0.976957380771637,2,1,2,1,0.9814478754997253,0.7127518057823181,0.8232283592224121,0.33862201765020367,0.19452164507704936,0.9406681656837463,0.059331752359867096,0.8232283592224121,0.7995898015797138
828,9,17,9,0.023409869521856308,0.9765901565551758,9,1,9,1,0.3857552111148834,0.6303361654281616,0.47126370668411255,0.46150200599052116,0.75233745484107,0.484295517206192,0.5157045722007751,0.47126370668411255,0.17896348237991333
829,25,25,25,0.022537430748343468,0.9774625897407532,25,1,25,1,0.9738637208938599,0.6726946830749512,0.7251928448677063,0.396463717839474,0.32131766657633315,0.8449490070343018,0.15505103766918182,0.7251928448677063,0.6535580679774284
830,3,3,3,0.022958911955356598,0.9770410656929016,3,1,3,1,0.9802654981613159,0.8117099404335022,0.8150287866592407,0.20861221885226805,0.204531845310765,0.811331033706665,0.18866898119449615,0.8150287866592407,0.7137505561113358
831,16,16,16,0.023175695911049843,0.9768242835998535,16,1,16,1,0.8488872647285461,0.9840856790542603,0.8887945413589478,0.01604231351083436,0.11788918226091874,0.893170177936554,0.10682985931634903,0.8887945413589478,0.8676498997956514
832,7,8,7,0.022209128364920616,0.977790892124176,7,1,7,1,0.7418378591537476,0.8334013223648071,0.7148747444152832,0.1822399732842111,0.3356479342703672,0.9271451234817505,0.0728549137711525,0.7148747444152832,0.6309713944792747
833,27,27,27,0.021332664415240288,0.9786673188209534,27,1,27,1,0.9663739800453186,0.8633581399917603,0.5854089260101318,0.14692567978827525,0.5354446571294047,0.8370251059532166,0.16297487914562225,0.5854089260101318,0.4193328469991684
834,25,22,25,0.02097056247293949,0.9790294170379639,25,1,25,1,0.2865184545516968,0.9387981295585632,0.6906678080558777,0.06315480738202625,0.3700963116816821,0.9499292969703674,0.05007072910666466,0.6906678080558777,0.5996137037873268
835,15,15,15,0.018925581127405167,0.9810743927955627,15,1,15,1,0.9997144937515259,0.9518841505050659,0.9115083813667297,0.0493119422416183,0.0926544897694028,0.9672244191169739,0.032775525003671646,0.9115083813667297,0.8893315624445677
836,10,10,10,0.018969427794218063,0.9810305833816528,10,1,10,1,0.9991236329078674,0.8929280638694763,0.8154759407043457,0.11324925692770693,0.2039833598647424,0.8308121562004089,0.16918784379959106,0.8154759407043457,0.7927141766995192
837,25,25,18,0.01907421089708805,0.9809257984161377,18,0,18,0,0.2613983750343323,0.013772056438028812,0.14473243057727814,4.285113635487186,1.9328685476003709,0.9708833694458008,0.02911665290594101,0.23944945633411407,0.03577025234699249
838,14,14,14,0.022432761266827583,0.9775672554969788,14,1,14,1,0.9998286962509155,0.9332567453384399,0.8289093375205994,0.06907493341989697,0.18764449349382964,0.7434752583503723,0.25652480125427246,0.8289093375205994,0.7829783596098423
839,15,15,15,0.022410858422517776,0.9775891304016113,15,1,15,1,0.9997214674949646,0.9569685459136963,0.8949792385101318,0.043984755453134516,0.1109547581717242,0.8432722091674805,0.15672774612903595,0.8949792385101318,0.8750253170728683
840,21,21,21,0.022459810599684715,0.9775401949882507,21,1,21,1,0.9999985694885254,0.9994401335716248,0.9776830077171326,0.0005600232121054173,0.022569784475145682,0.6132860779762268,0.3867139220237732,0.9776830077171326,0.9756426317617297
841,14,14,14,0.022454995661973953,0.9775450229644775,14,1,14,1,0.9937877058982849,0.881904125213623,0.8232349753379822,0.12567193045564573,0.19451360831676295,0.6135504245758057,0.38644957542419434,0.8232349753379822,0.7626332566142082
842,5,26,1,0.02256835624575615,0.9774316549301147,1,0,1,0,0.08282435685396194,0.01772676408290863,0.04086434096097946,4.032679686387406,3.1974974553683775,0.9851531982421875,0.01484682410955429,0.24257968366146088,0.07029089331626892
843,3,3,6,0.022588161751627922,0.9774118661880493,6,0,3,1,0.2951478660106659,0.15531449019908905,0.3711888790130615,1.862303248614165,0.9910442380742179,0.8521812558174133,0.14781875908374786,0.3711888790130615,0.13210523128509521
844,24,24,24,0.024774450808763504,0.975225567817688,24,1,24,1,0.9950757622718811,0.9018879532814026,0.9560805559158325,0.10326498694436127,0.044913105970420863,0.8124138116836548,0.1875862330198288,0.9560805559158325,0.9385486673563719
845,12,12,12,0.024898676201701164,0.9751013517379761,12,1,12,1,0.9936068058013916,0.9603238105773926,0.836980938911438,0.04048474870923302,0.17795398185658692,0.4695768654346466,0.5304230451583862,0.836980938911438,0.8110843524336815
846,21,21,21,0.0246475450694561,0.9753524661064148,21,1,21,1,0.9999938011169434,0.992891252040863,0.9464150071144104,0.007134135495186271,0.05507410939126164,0.5143449306488037,0.4856550693511963,0.9464150071144104,0.9369552154093981
847,13,13,13,0.024654777720570564,0.9753451943397522,13,1,13,1,0.7770822644233704,0.35753756761550903,0.41236263513565063,1.0285148381298506,0.8858521343978785,0.9600129127502441,0.039987120777368546,0.41236263513565063,0.27158671617507935
848,16,16,16,0.02595437504351139,0.9740456342697144,16,1,16,1,0.999988317489624,0.9844202995300293,0.8946701288223267,0.015702339456772595,0.1113001997945598,0.8323661684989929,0.16763383150100708,0.8946701288223267,0.8794009117409587
849,20,3,3,0.025947943329811096,0.9740520715713501,3,0,3,0,0.8983168005943298,0.1247660219669342,0.03042714297771454,2.0813151199965945,3.492420207824306,0.975222647190094,0.02477729693055153,0.5132097601890564,0.46257877349853516
850,3,3,3,0.023976271972060204,0.9760237336158752,3,1,3,1,0.726096510887146,0.3835645318031311,0.5497312545776367,0.9582474016576551,0.5983257482138641,0.9221965670585632,0.07780338078737259,0.5497312545776367,0.431399829685688
851,1,5,1,0.02511930651962757,0.9748806953430176,1,1,1,1,0.39312079548835754,0.9680458903312683,0.7476446628570557,0.03247578546224103,0.2908274635358384,0.7254946827888489,0.2745053172111511,0.7476446628570557,0.6908828318119049
852,17,17,0,0.02304977923631668,0.9769502282142639,0,0,0,0,0.19122333824634552,0.05791553482413292,0.14152204990386963,2.8487696260012036,1.9552997443297067,0.6021226048469543,0.3978774845600128,0.2178817093372345,0.07635965943336487
853,26,26,26,0.02631952427327633,0.9736804962158203,26,1,26,1,0.8009529113769531,0.36070477962493896,0.30173152685165405,1.019695440190271,1.198217640922748,0.9688147902488708,0.031185230240225792,0.30173152685165405,0.1671498417854309
854,9,9,9,0.027709737420082092,0.9722902774810791,9,1,9,1,0.9215039610862732,0.8033983111381531,0.655210018157959,0.2189046592023648,0.4227994563312966,0.6952788829803467,0.30472108721733093,0.655210018157959,0.5600554347038269
855,18,12,18,0.027205083519220352,0.9727948904037476,18,1,18,1,0.4387258291244507,0.5626723766326904,0.550500750541687,0.5750577445019542,0.5969269594385207,0.3207836151123047,0.6792164444923401,0.550500750541687,0.38051044940948486
856,12,8,16,0.025380797684192657,0.9746192097663879,16,0,16,0,0.1604650914669037,0.030467355623841286,0.034028030931949615,3.4910994759718204,3.3805706548542886,0.7672789692878723,0.23272103071212769,0.29039475321769714,0.13778407871723175
857,25,25,25,0.026874132454395294,0.9731258749961853,25,1,25,1,0.8354750871658325,0.5029544830322266,0.7195038795471191,0.6872556039665637,0.3291933606649162,0.9452959299087524,0.05470402538776398,0.7195038795471191,0.6394002288579941
858,15,15,15,0.027288217097520828,0.9727118015289307,15,1,15,1,0.9999994039535522,0.9961410164833069,0.969899594783783,0.0038664486048744216,0.030562723374475912,0.8508673310279846,0.14913274347782135,0.969899594783783,0.9644495127722621
859,7,7,7,0.02729140594601631,0.9727085828781128,7,1,7,1,0.9999573230743408,0.9910962581634521,0.9613866209983826,0.008943617014546828,0.03937863978471744,0.7444446086883545,0.2555553913116455,0.9613866209983826,0.9499597866088152
860,15,15,20,0.027293937280774117,0.9727060794830322,20,0,11,0,0.43542349338531494,0.041055839508771896,0.16250601410865784,3.192822199637517,1.8170402679977615,0.967653214931488,0.03234679624438286,0.17908436059951782,0.0007324516773223877
861,1,1,5,0.030626455321907997,0.9693735241889954,5,0,5,0,0.5792600512504578,0.3320678770542145,0.26215264201164246,1.1024158820040113,1.338828341770465,0.9658684730529785,0.03413156792521477,0.46139344573020935,0.1992408037185669
862,14,27,14,0.03157005459070206,0.9684299230575562,14,1,14,1,0.17232584953308105,0.8922765254974365,0.7170770764350891,0.1139791882810642,0.33257194564529935,0.5239878296852112,0.47601211071014404,0.7170770764350891,0.6171725615859032
863,0,0,0,0.028683116659522057,0.9713168740272522,0,1,0,1,0.9981440305709839,0.9959792494773865,0.941444456577301,0.004028855472612361,0.06033992723240166,0.7362009882926941,0.2637990415096283,0.941444456577301,0.9311520047485828
864,24,24,10,0.028492160141468048,0.9715078473091125,10,0,24,1,0.6599645018577576,0.4714853763580322,0.8871409893035889,0.751867192536938,0.11975135856703416,0.9423328042030334,0.05766717344522476,0.8871409893035889,0.8398589789867401
865,5,5,5,0.029590735211968422,0.9704092741012573,5,1,5,1,0.835993230342865,0.9808367490768433,0.8796650171279907,0.01934924603061976,0.1282141063347467,0.565261721611023,0.43473827838897705,0.8796650171279907,0.8616195823997259
866,4,4,4,0.028483906760811806,0.9715160727500916,4,1,11,0,0.9917312860488892,0.5202574133872986,0.3499358296394348,0.6534315641466826,1.050005485195552,0.9475365281105042,0.05246353521943092,0.38216906785964966,0.032233238220214844
867,27,17,27,0.028647515922784805,0.9713524580001831,27,1,27,1,0.4988691508769989,0.9660922288894653,0.69733726978302,0.034495974286216306,0.3604860974770354,0.3633081614971161,0.6366918683052063,0.69733726978302,0.5526752918958664
868,22,2,16,0.027245741337537766,0.9727542400360107,16,0,16,0,0.019761258736252785,0.01596439629793167,0.030948404222726822,4.137394267627972,3.475433841028062,0.985592782497406,0.014407183043658733,0.6033145785331726,0.4314035177230835
869,24,24,10,0.03298019617795944,0.96701979637146,10,0,24,1,0.22400836646556854,0.1955399513244629,0.722679615020752,1.6319905658334406,0.3247892877870856,0.985752522945404,0.014247484505176544,0.722679615020752,0.618262767791748
870,19,19,19,0.03593836724758148,0.9640616178512573,19,1,19,1,0.6976838707923889,0.34971296787261963,0.3241337835788727,1.0506425527504313,1.1265989361341526,0.635052502155304,0.36494752764701843,0.3241337835788727,0.1951429843902588
871,17,17,17,0.03791786730289459,0.9620821475982666,17,1,17,1,0.9998827576637268,0.9769119024276733,0.8929193615913391,0.023358802522272765,0.11325900275258896,0.5770024657249451,0.42299753427505493,0.8929193615913391,0.8720175679773092
872,6,6,6,0.0379108190536499,0.9620891809463501,6,1,6,1,0.9421218037605286,0.5051493644714355,0.36569085717201233,0.6829011222078993,1.0059669550362054,0.9619722962379456,0.038027677685022354,0.36569085717201233,0.1951666921377182
873,2,2,2,0.03881096467375755,0.9611890316009521,2,1,2,1,0.8419184684753418,0.9670093059539795,0.9481098055839539,0.033547160044663085,0.053284954759681466,0.270866334438324,0.7291336059570312,0.9481098055839539,0.9402068490162492
874,25,25,25,0.03739412873983383,0.962605893611908,25,1,25,1,0.8368622064590454,0.5031982064247131,0.6381910443305969,0.6867711379410639,0.4491175979368654,0.9413028955459595,0.05869714170694351,0.6381910443305969,0.584847055375576
875,1,1,1,0.03831377997994423,0.9616861939430237,1,1,1,1,0.8882054090499878,0.9517014622688293,0.789818286895752,0.0495038834241651,0.23595237656659818,0.6519713997840881,0.34802865982055664,0.789818286895752,0.7621561605483294
876,8,14,16,0.037187136709690094,0.9628128409385681,16,0,14,0,0.08976636826992035,0.07119961082935333,0.06077498197555542,2.642267926459014,2.800577055356622,0.9957168698310852,0.0042831371538341045,0.19056585431098938,0.05055275559425354
877,9,14,27,0.03851255401968956,0.9614874720573425,27,0,9,1,0.6146172285079956,0.4545619785785675,0.4300065040588379,0.7884210081521713,0.8439549446906938,0.7612408995628357,0.2387591302394867,0.4300065040588379,0.041005730628967285
878,11,15,4,0.037581536918878555,0.9624184370040894,4,0,15,0,0.007635411806404591,0.054767757654190063,0.050637878477573395,2.9046536221568062,2.98305539622654,0.9902575016021729,0.009742473252117634,0.40163829922676086,0.11435317993164062
879,4,4,13,0.03651804476976395,0.9634819626808167,13,0,13,0,0.2505495846271515,0.032750535756349564,0.11520881950855255,3.4188359580621768,2.161008975416815,0.9339983463287354,0.06600166857242584,0.45355790853500366,0.32109101116657257
880,7,8,12,0.04397398978471756,0.956026017665863,12,0,8,0,0.10201967507600784,0.04098740592598915,0.056970756500959396,3.1944904320018264,2.8652171866424276,0.9992122650146484,0.0007877376629039645,0.14544804394245148,0.040300361812114716
881,3,3,3,0.048537611961364746,0.9514623880386353,3,1,3,1,0.9914655685424805,0.839860737323761,0.8323725461959839,0.17451918978956116,0.1834751665106634,0.8127357959747314,0.18726418912410736,0.8323725461959839,0.7795397154986858
882,15,15,15,0.04891655594110489,0.9510834217071533,15,1,15,1,0.999695897102356,0.9545109868049622,0.9008376002311707,0.04655612534830893,0.10443028153625579,0.867292046546936,0.13270801305770874,0.9008376002311707,0.8854404836893082
883,1,7,1,0.04875084012746811,0.9512491822242737,1,1,1,1,0.427824467420578,0.81740802526474,0.49539318680763245,0.201616889861571,0.7024035149329712,0.9563809633255005,0.043618954718112946,0.49539318680763245,0.3774992823600769
884,0,0,0,0.045425768941640854,0.9545742273330688,0,1,0,1,0.9999826550483704,0.9990714192390442,0.9647457599639893,0.0009290121591500038,0.03589067353235725,0.7039861083030701,0.29601386189460754,0.9647457599639893,0.960803818423301
885,27,27,27,0.04538923501968384,0.9546107649803162,27,1,27,1,0.9973242878913879,0.8852800130844116,0.658048152923584,0.1218512850523678,0.4184771695994691,0.7354122400283813,0.26458773016929626,0.658048152923584,0.43287621438503265
886,2,23,2,0.04540266469120979,0.9545973539352417,2,1,2,1,0.017512323334813118,0.9524965286254883,0.9408143162727356,0.04866881647559853,0.06100948482692165,0.008454784750938416,0.9915452003479004,0.9408143162727356,0.9195524100214243
887,23,23,15,0.036807551980018616,0.9631924629211426,15,0,23,1,0.18605272471904755,0.09568463265895844,0.24062910676002502,2.3466975716935967,1.4244985070310794,0.9366021752357483,0.06339781731367111,0.24062910676002502,0.009060516953468323
888,17,17,17,0.04117473587393761,0.9588252902030945,17,1,17,1,0.9989098310470581,0.9333740472793579,0.8873411417007446,0.0689492503533406,0.11952576892089746,0.6574191451072693,0.3425808846950531,0.8873411417007446,0.8239988163113594
889,16,16,25,0.04121407866477966,0.9587859511375427,25,0,16,1,0.10048943012952805,0.10471471399068832,0.36050161719322205,2.2565156362071597,1.0202588362943186,0.831163227558136,0.1688368171453476,0.36050161719322205,0.019500732421875
890,7,7,7,0.04632335528731346,0.9536766409873962,7,1,7,1,0.9979795813560486,0.9270838499069214,0.8264608383178711,0.07571126453288025,0.1906027453991568,0.6442338824272156,0.3557661473751068,0.8264608383178711,0.7859224006533623
891,21,21,21,0.046472832560539246,0.9535271525382996,21,1,21,1,0.9999542832374573,0.9979171752929688,0.9651541113853455,0.002084996802998868,0.03546748947652868,0.4635756015777588,0.5364243388175964,0.9651541113853455,0.960599965415895
892,6,6,6,0.04643664136528969,0.9535633325576782,6,1,6,1,0.749247133731842,0.344797819852829,0.21955426037311554,1.0647970631452195,1.5161558771382468,0.9619746804237366,0.03802533447742462,0.21955426037311554,0.03557676076889038
893,18,18,19,0.04729314148426056,0.9527068734169006,19,0,18,1,0.42183417081832886,0.2830071449279785,0.5218514800071716,1.2622831345622716,0.6503722526423522,0.9939666986465454,0.006033244542777538,0.5218514800071716,0.37547095119953156
894,4,4,4,0.05021526664495468,0.9497847557067871,4,1,4,1,0.8179602026939392,0.35096415877342224,0.39969733357429504,1.0470711724866635,0.917047684354674,0.9298258423805237,0.07017415016889572,0.39969733357429504,0.21878178417682648
895,21,21,21,0.0519762821495533,0.9480237364768982,21,1,21,1,0.7768360376358032,0.8060813546180725,0.6184099316596985,0.21557060531851904,0.480603721586113,0.8978363275527954,0.10216360539197922,0.6184099316596985,0.5317647308111191
896,1,1,1,0.05068622902035713,0.949313759803772,1,1,1,1,0.997684895992279,0.9884721040725708,0.8919664025306702,0.011594857232421036,0.11432681243584461,0.44940632581710815,0.5505936741828918,0.8919664025306702,0.877313225530088
897,7,7,7,0.05046114698052406,0.9495388269424438,7,1,7,1,0.9774336218833923,0.9860602617263794,0.8931610584259033,0.014037808877538832,0.11298835778797174,0.6036189198493958,0.39638108015060425,0.8931610584259033,0.8576219752430916
898,17,14,14,0.049811188131570816,0.9501888155937195,14,0,14,0,0.9322764277458191,0.00610822718590498,0.011288837529718876,5.09811869750656,4.483940870717101,0.7085992693901062,0.291400671005249,0.8174566626548767,0.7365357428789139
899,5,5,5,0.057779815047979355,0.9422202110290527,5,1,5,1,0.7602634429931641,0.9024153351783752,0.747948169708252,0.10268040461237245,0.29042159524233757,0.6540846228599548,0.34591540694236755,0.747948169708252,0.639201931655407
900,2,2,2,0.05583477392792702,0.9441652297973633,2,1,2,1,0.9995468854904175,0.9721918106079102,0.9369221925735474,0.02820215797352004,0.06515503906724965,0.6625086665153503,0.33749136328697205,0.9369221925735474,0.9273795718327165
901,27,1,27,0.05560809001326561,0.9443919062614441,27,1,27,1,0.15080538392066956,0.7252070307731628,0.3457021117210388,0.32129810520474833,1.0621778235367998,0.5292900800704956,0.47070997953414917,0.3457021117210388,0.24224872142076492
902,10,10,10,0.04910733550786972,0.9508926868438721,10,1,10,1,0.999840259552002,0.982698917388916,0.9562966227531433,0.017452495284337257,0.044687139209637246,0.9099847674369812,0.09001526236534119,0.9562966227531433,0.9500442519783974
903,23,23,23,0.04904927313327789,0.9509507417678833,23,1,23,1,0.9967120885848999,0.9685220122337341,0.8972411155700684,0.031984068222242895,0.10843065084789275,0.6213845610618591,0.37861546874046326,0.8972411155700684,0.8821356585249305
904,8,8,8,0.04877738282084465,0.9512225985527039,8,1,8,1,0.9954761266708374,0.9812659621238708,0.9059904217720032,0.018911742885219997,0.09872654499062315,0.6894898414611816,0.31051015853881836,0.9059904217720032,0.8835170567035675
905,6,6,3,0.04843555763363838,0.9515644311904907,6,1,6,1,0.5851123332977295,0.3901859223842621,0.35155606269836426,0.9411319293930488,1.0453860848638126,0.9078657627105713,0.0921342596411705,0.35155606269836426,0.13539889454841614
906,26,26,26,0.048398323357105255,0.9516016840934753,26,1,26,1,0.9999998211860657,0.9986810088157654,0.9282619953155518,0.001319861818763717,0.07444126350313486,0.7856760621070862,0.21432392299175262,0.9282619953155518,0.9152528457343578
907,21,21,13,0.048397284001111984,0.9516026973724365,13,0,21,1,0.4741736054420471,0.34115323424339294,0.6104976534843445,1.0754235353511834,0.49348082903525164,0.4986528158187866,0.5013471841812134,0.6104976534843445,0.5058377012610435
908,5,5,5,0.050628289580345154,0.9493716955184937,5,1,5,1,0.9821127653121948,0.9888548851013184,0.9378064870834351,0.011207687041931622,0.06421165500846124,0.8230971097946167,0.1769029051065445,0.9378064870834351,0.9210479259490967
909,16,16,11,0.050141461193561554,0.949858546257019,16,1,16,1,0.5471058487892151,0.2645151615142822,0.517032265663147,1.3298567079115369,0.6596499970146201,0.9819183349609375,0.018081674352288246,0.517032265663147,0.43625595420598984
910,19,19,5,0.05380608141422272,0.9461939334869385,5,0,5,0,0.5136286616325378,0.13125817477703094,0.19048058986663818,2.030589095434499,1.6582049800704088,0.27549996972084045,0.7245000600814819,0.29502710700035095,0.10454651713371277
911,16,5,16,0.05696392059326172,0.9430360794067383,16,1,16,1,0.2961770296096802,0.8951993584632874,0.7529428005218506,0.11070883862533146,0.283766016189888,0.8475359082221985,0.1524640917778015,0.7529428005218506,0.6763646081089973
912,6,0,6,0.05276377871632576,0.9472362399101257,6,1,6,1,0.09647369384765625,0.8124175667762756,0.6056773066520691,0.2077408262006336,0.5014079320136599,0.8163634538650513,0.18363654613494873,0.6056773066520691,0.5397210121154785
913,3,3,3,0.04510293900966644,0.9548970460891724,3,1,3,1,0.6913676857948303,0.39059942960739136,0.594456672668457,0.9400727208391619,0.5201074457957477,0.9744171500205994,0.025582920759916306,0.594456672668457,0.4953105226159096
914,7,7,7,0.04724886268377304,0.9527511596679688,7,1,7,1,0.998661458492279,0.9490711688995361,0.910240113735199,0.052271489612394056,0.09404685302902652,0.6083542108535767,0.39164575934410095,0.910240113735199,0.8837786559015512
915,11,11,11,0.04736163839697838,0.9526383876800537,11,1,11,1,0.9995760321617126,0.937670886516571,0.8124496936798096,0.06435625879735155,0.20770128216609002,0.9418707489967346,0.05812922865152359,0.8124496936798096,0.7295404225587845
916,17,17,17,0.04745751619338989,0.9525424838066101,17,1,17,1,0.991912305355072,0.8667176961898804,0.8375100493431091,0.14304196515495265,0.17732201613925286,0.5192977786064148,0.4807021915912628,0.8375100493431091,0.7482574880123138
917,3,3,11,0.04771887883543968,0.95228111743927,11,0,3,1,0.03206891566514969,0.06194255128502846,0.3023640513420105,2.7815479156659038,1.1961235195805562,0.8591082692146301,0.14089179039001465,0.3023640513420105,0.031089097261428833
918,5,12,5,0.056420449167490005,0.9435795545578003,5,1,5,1,0.05719168856739998,0.939641535282135,0.7066735625267029,0.062256821893289654,0.34718644173929636,0.21227319538593292,0.7877267599105835,0.7066735625267029,0.6591212823987007
919,10,10,24,0.047658126801252365,0.9523418545722961,24,0,10,1,0.11828473955392838,0.14599105715751648,0.4950413405895233,1.9242099114955797,0.703114003558271,0.7687514424324036,0.23124858736991882,0.4950413405895233,0.2270776927471161
920,1,26,1,0.05307517573237419,0.9469248056411743,1,1,1,1,0.5292009711265564,0.9489024877548218,0.7996444702148438,0.0524492382808933,0.22358806232603803,0.9402493834495544,0.05975060909986496,0.7996444702148438,0.7497262917459011
921,16,16,10,0.04995472729206085,0.9500452876091003,10,0,16,1,0.1619160920381546,0.17476223409175873,0.6522351503372192,1.744328891209964,0.4273501220512681,0.9779992699623108,0.02200067602097988,0.6522351503372192,0.46832798421382904
922,7,7,27,0.05499223992228508,0.9450077414512634,27,0,9,0,0.02671869657933712,0.03193892538547516,0.0862046629190445,3.443929781549148,2.4510310085870763,0.6933324933052063,0.3066674768924713,0.3764527440071106,0.11760413646697998
923,26,26,26,0.07253758609294891,0.9274623990058899,26,1,26,1,0.9760927557945251,0.7637233734130859,0.6056333184242249,0.26954963206564875,0.5014805611592364,0.9873455166816711,0.012654472142457962,0.6056333184242249,0.48389071226119995
924,12,7,8,0.0735262781381607,0.9264737367630005,8,0,8,0,0.14027413725852966,0.15065772831439972,0.08777816593647003,1.892744714924738,2.4329424888060154,0.6562901735305786,0.3437097668647766,0.3551207184791565,0.09407135844230652
925,9,14,16,0.05509668216109276,0.9449033141136169,16,0,14,0,0.03399988263845444,0.140035018324852,0.1467597782611847,1.9658627567585487,1.918958190390278,0.9693856835365295,0.030614273622632027,0.2070387452840805,0.06027896702289581
926,9,14,9,0.05238255485892296,0.9476174712181091,9,1,9,1,0.5278946757316589,0.4866161644458771,0.424040824174881,0.7202796300190726,0.8579255449538082,0.9086288809776306,0.09137117862701416,0.424040824174881,0.1971089094877243
927,17,17,17,0.05055943503975868,0.9494405388832092,17,1,17,1,0.9857537746429443,0.8109844923019409,0.7355286478996277,0.20950634674875587,0.3071657894617585,0.7658829092979431,0.23411710560321808,0.7355286478996277,0.7039282992482185
928,21,21,21,0.05040998011827469,0.9495900273323059,21,1,21,1,0.9999989867210388,0.9978623986244202,0.9762116074562073,0.0021398893064378333,0.024075905150889886,0.6127367615699768,0.3872632086277008,0.9762116074562073,0.9729858483187854
929,12,12,12,0.050414953380823135,0.9495850205421448,12,1,12,1,0.8947219252586365,0.8992143273353577,0.7554603815078735,0.10623386654509352,0.2804279387398412,0.8013430237770081,0.19865690171718597,0.7554603815078735,0.725639957934618
930,1,2,5,0.04861437529325485,0.9513856172561646,5,0,5,0,0.45261940360069275,0.35704752802848816,0.2659241259098053,1.0298863743312807,1.3245442518299542,0.9974370002746582,0.002562927547842264,0.46415436267852783,0.19823023676872253
931,6,0,6,0.0440482571721077,0.9559517502784729,6,1,6,1,0.013066684827208519,0.42490869760513306,0.3610062897205353,0.8558809623012034,1.0188598977524614,0.9907218217849731,0.009278199635446072,0.3610062897205353,0.226699098944664
932,27,8,27,0.03595149517059326,0.9640485048294067,27,1,27,1,0.4878557622432709,0.6524872183799744,0.2682400643825531,0.4269637286668439,1.3158729368057276,0.9621849060058594,0.03781510889530182,0.2682400643825531,0.10958078503608704
933,27,27,27,0.03466823324561119,0.9653317928314209,27,1,27,1,0.9958626627922058,0.9126473069190979,0.6405476331710815,0.0914057743141651,0.4454317916813198,0.8219923377037048,0.17800764739513397,0.6405476331710815,0.3913984149694443
934,0,0,0,0.03452073782682419,0.9654792547225952,0,1,0,1,0.9999504089355469,0.9987571835517883,0.9517785906791687,0.0012435893850524257,0.0494228440560224,0.48849624395370483,0.5115038156509399,0.9517785906791687,0.9412149209529161
935,11,11,4,0.034463267773389816,0.9655367136001587,4,0,4,0,0.29146498441696167,0.10536915063858032,0.18710342049598694,2.2502853741550126,1.6760937642230918,0.9651616811752319,0.03483833372592926,0.28874754905700684,0.1016441285610199
936,27,8,7,0.03791714459657669,0.9620828628540039,7,0,7,0,0.4199495017528534,0.1801455020904541,0.07250010222196579,1.7139904096797793,2.624167307164353,0.9887911081314087,0.011208927258849144,0.4450397789478302,0.13095521926879883
937,26,26,26,0.037027083337306976,0.9629729390144348,26,1,26,1,0.9999918341636658,0.9878792762756348,0.8620350360870361,0.012194778704494251,0.14845936403186324,0.8408540487289429,0.15914592146873474,0.8620350360870361,0.840187668800354
938,10,10,10,0.037047840654850006,0.9629521369934082,10,1,10,1,0.9991715550422668,0.9273182153701782,0.8813916444778442,0.07545849791997246,0.12625320644917723,0.9284376502037048,0.07156233489513397,0.8813916444778442,0.8646448105573654
939,3,3,3,0.03718622773885727,0.9628137946128845,3,1,3,1,0.9084136486053467,0.5451667308807373,0.7091217041015625,0.606663602883853,0.3437281111846523,0.960106611251831,0.03989340364933014,0.7091217041015625,0.656167384237051
940,13,13,13,0.03828297555446625,0.9617170095443726,13,1,13,1,0.991126298904419,0.8533819317817688,0.5888160467147827,0.15854808049154237,0.529641458686825,0.7985660433769226,0.20143398642539978,0.5888160467147827,0.4829711467027664
941,4,4,4,0.03813018277287483,0.9618698358535767,4,1,4,1,0.9969812631607056,0.8769777417182922,0.7633146643638611,0.13127366695678458,0.27008492856629024,0.9128616452217102,0.08713839203119278,0.7633146643638611,0.7111511304974556
942,7,7,7,0.038312993943691254,0.9616870284080505,7,1,7,1,0.9111261963844299,0.9842405915260315,0.8888710737228394,0.01588490823264802,0.11780307791903398,0.8250458836555481,0.17495405673980713,0.8888710737228394,0.8442688696086407
943,21,21,21,0.03746408224105835,0.9625359177589417,21,1,21,1,0.9985969662666321,0.927328884601593,0.8839648365974426,0.07544699251669107,0.12333799474034643,0.6383165717124939,0.3616833984851837,0.8839648365974426,0.8575374241918325
944,23,23,23,0.03747844323515892,0.9625215530395508,23,1,23,1,0.9575986862182617,0.5552299618721008,0.5938941240310669,0.5883729053376869,0.5210542178784928,0.8613831400871277,0.1386169046163559,0.5938941240310669,0.5298011973500252
945,13,4,13,0.038362666964530945,0.9616373181343079,13,1,13,1,0.007869861088693142,0.9367413520812988,0.5453588962554932,0.06534807318303418,0.6063111758120574,0.8920103311538696,0.10798967629671097,0.5453588962554932,0.2570211589336395
946,27,14,14,0.0286337211728096,0.971366286277771,14,0,14,0,0.9708755016326904,0.0473683625459671,0.07322098314762115,3.049800729965724,2.614273244070425,0.9345966577529907,0.0654032826423645,0.696674108505249,0.5397325307130814
947,7,7,7,0.03061433881521225,0.9693856835365295,7,1,7,1,0.9999759793281555,0.9948755502700806,0.9514187574386597,0.005137624751534228,0.04980097956062732,0.613987147808075,0.38601288199424744,0.9514187574386597,0.9438175056129694
948,19,19,2,0.030604885891079903,0.969395101070404,2,0,19,1,0.3211141526699066,0.2151440978050232,0.4221786558628082,1.536447253004224,0.8623266994104837,0.1551409661769867,0.8448590636253357,0.4221786558628082,0.22243565320968628
949,18,18,25,0.03306758776307106,0.9669324159622192,25,0,18,1,0.46706682443618774,0.4361075162887573,0.5054027438163757,0.8298664690405808,0.6823996550432239,0.9719502329826355,0.028049757704138756,0.5054027438163757,0.2585509717464447
950,27,27,27,0.03250926360487938,0.9674907326698303,27,1,27,1,0.9065530896186829,0.9147700667381287,0.6993622779846191,0.0890825384684111,0.3575863906306462,0.7177625298500061,0.2822374403476715,0.6993622779846191,0.5337671488523483
951,5,7,5,0.03168342262506485,0.9683165550231934,5,1,5,1,0.12731200456619263,0.5268574357032776,0.24259962141513824,0.6408252875251814,1.4163428430045746,0.961571455001831,0.03842851147055626,0.24259962141513824,0.03698807954788208
952,21,21,6,0.028285730630159378,0.9717142581939697,6,0,6,0,0.0624924898147583,0.0768406018614769,0.11964384466409683,2.5660221084539856,2.123235910463423,0.09164494276046753,0.9083550572395325,0.6068532466888428,0.48720940202474594
953,5,1,5,0.0326809287071228,0.9673190712928772,5,1,5,1,0.6790589094161987,0.9574587345123291,0.7994817495346069,0.043472655971104335,0.22379157431751037,0.703602135181427,0.2963978350162506,0.7994817495346069,0.7334494516253471
954,4,4,4,0.031238483265042305,0.9687615036964417,4,1,4,1,0.9885544776916504,0.9637283682823181,0.8516297340393066,0.03694579971855515,0.16060343107292385,0.9455962777137756,0.05440370738506317,0.8516297340393066,0.8192657344043255
955,20,11,11,0.03098190762102604,0.9690181016921997,11,0,11,0,0.705177366733551,0.1368463784456253,0.10930118709802628,1.9888963075239134,2.21364802294347,0.7263123393058777,0.2736876606941223,0.5152326822280884,0.4059314951300621
956,4,4,4,0.02827461063861847,0.9717254042625427,4,1,4,1,0.9999433755874634,0.9755707383155823,0.8673292398452759,0.024732606616650075,0.14233662821390378,0.9297754764556885,0.07022450864315033,0.8673292398452759,0.8394306264817715
957,10,10,24,0.02829567715525627,0.9717043042182922,24,0,10,1,0.21590816974639893,0.19729678332805634,0.6833959221839905,1.6230461695428495,0.38068090627222984,0.9362959861755371,0.0637039989233017,0.6833959221839905,0.5914347916841507
958,1,1,1,0.030801644548773766,0.9691983461380005,1,1,1,1,0.9932811856269836,0.9257283806800842,0.7661706209182739,0.07717441276374414,0.26635039133186944,0.728579044342041,0.2714208960533142,0.7661706209182739,0.7236009798943996
959,25,25,25,0.030665209516882896,0.9693347811698914,25,1,25,1,0.9898994565010071,0.7622193694114685,0.7869172096252441,0.2715208783600628,0.2396322335249987,0.6567031741142273,0.3432967960834503,0.7869172096252441,0.7399666719138622
960,10,10,10,0.030874265357851982,0.9691257476806641,10,1,10,1,0.9999986290931702,0.997270941734314,0.985397458076477,0.002732788934215182,0.014710208461072303,0.646724283695221,0.35327574610710144,0.985397458076477,0.9827695589046925
961,3,3,6,0.030876414850354195,0.9691236019134521,6,0,3,1,0.5702424645423889,0.19039194285869598,0.37150678038597107,1.6586704744388716,0.9901881636154507,0.9943682551383972,0.00563175231218338,0.37150678038597107,0.23364271223545074
962,11,4,4,0.03320242464542389,0.9667975902557373,4,0,4,0,0.6235415935516357,0.18697549402713776,0.2173244208097458,1.6767777186983082,1.5263640151085816,0.975550651550293,0.024449290707707405,0.23446762561798096,0.01714320480823517
963,24,24,24,0.03353898972272873,0.9664610028266907,24,1,24,1,0.9682356119155884,0.6687711477279663,0.7941047549247742,0.40231335850111927,0.23053989328278715,0.8917524218559265,0.10824752599000931,0.7941047549247742,0.7503898218274117
964,27,17,27,0.034222740679979324,0.9657772779464722,27,1,27,1,0.28078293800354004,0.3961161971092224,0.3542533218860626,0.9260476837254611,1.0377430232187215,0.31528571248054504,0.6847143173217773,0.3542533218860626,0.12657827138900757
965,8,5,16,0.029911309480667114,0.9700887203216553,16,0,16,0,0.03136437013745308,0.4377433657646179,0.26014992594718933,0.8261224632374311,1.346497175900144,0.77202308177948,0.2279769778251648,0.4923801124095917,0.23223018646240234
966,10,10,10,0.026035796850919724,0.9739642143249512,10,1,10,1,0.9978570342063904,0.8601469397544861,0.8674461841583252,0.1506520441498867,0.14220180463777016,0.8897963762283325,0.11020359396934509,0.8674461841583252,0.8499632216989994
967,10,10,10,0.02610497921705246,0.9738950133323669,10,1,10,1,0.9115670323371887,0.43251165747642517,0.6105082631111145,0.8381459992707304,0.49346345053343427,0.962833821773529,0.03716612234711647,0.6105082631111145,0.5716379918158054
968,3,11,6,0.027218293398618698,0.9727817177772522,6,0,6,0,0.08001536875963211,0.14900636672973633,0.1630028784275055,1.903766244219793,1.8139874192668433,0.6591099500656128,0.3408900499343872,0.3294539451599121,0.14550943672657013
969,27,27,27,0.02656826376914978,0.9734317660331726,27,1,27,1,0.9916431307792664,0.9181714057922363,0.7466374635696411,0.0853711892417349,0.2921755348566869,0.7273478507995605,0.27265220880508423,0.7466374635696411,0.6184483617544174
970,16,16,16,0.02649793215095997,0.9735020399093628,16,1,16,1,0.9949813485145569,0.8429422378540039,0.781765878200531,0.17085684307400673,0.2461999717528767,0.9495908617973328,0.050409138202667236,0.781765878200531,0.7555709667503834
971,8,12,8,0.02670520916581154,0.9732947945594788,8,1,8,1,0.20841410756111145,0.9184360504150391,0.7607641220092773,0.08508300068653774,0.27343192710521613,0.05867955461144447,0.9413204193115234,0.7607641220092773,0.7184897549450397
972,8,14,15,0.02388603799045086,0.9761139750480652,15,0,15,0,0.028708020225167274,0.005511733703315258,0.02852877415716648,5.200876058608522,3.5568420814808626,0.98526531457901,0.014734655618667603,0.16704705357551575,0.011981099843978882
973,0,0,0,0.029255583882331848,0.9707444310188293,0,1,0,1,0.999839723110199,0.9671569466590881,0.8133633136749268,0.03339449405207229,0.20657738896662234,0.8943610787391663,0.10563892871141434,0.8133633136749268,0.7891393937170506
974,8,8,8,0.029222164303064346,0.9707778096199036,8,1,8,1,0.861012876033783,0.8219054937362671,0.6127585172653198,0.19612986165940607,0.4897843566047187,0.44041624665260315,0.559583842754364,0.6127585172653198,0.4625112861394882
975,19,5,19,0.02844001166522503,0.971560001373291,19,1,19,1,0.2849159836769104,0.5994793176651001,0.5095632672309875,0.5116938044172724,0.6742012588940303,0.9869929552078247,0.013007014989852905,0.5095632672309875,0.3584231287240982
976,12,12,12,0.023977143689990044,0.9760228395462036,12,1,12,1,0.9992724657058716,0.971531093120575,0.8747291564941406,0.028882005406007487,0.13384097597577138,0.5922755002975464,0.407724529504776,0.8747291564941406,0.8591566756367683
977,9,5,9,0.023921271786093712,0.9760787487030029,9,1,9,1,0.011936246417462826,0.8025876879692078,0.4472757875919342,0.21991416144987838,0.8045799001404728,0.6093337535858154,0.39066627621650696,0.4472757875919342,0.1764855980873108
978,2,2,2,0.01908477209508419,0.9809152483940125,2,1,2,1,0.999636173248291,0.9458473324775696,0.9130074381828308,0.05567410511277795,0.09101125145120839,0.8786914348602295,0.12130851298570633,0.9130074381828308,0.9043604582548141
979,2,2,2,0.019105058163404465,0.980894923210144,2,1,2,1,0.9058144092559814,0.7307865619659424,0.5978227257728577,0.3136338427618229,0.5144610141759584,0.781508207321167,0.2184918075799942,0.5978227257728577,0.5171671882271767
980,5,11,18,0.018733099102973938,0.9812669157981873,18,0,18,0,0.04992164671421051,0.10441166162490845,0.0387064628303051,2.2594139083837224,3.2517486946899496,0.9518709182739258,0.04812903329730034,0.5737704038619995,0.48706232756376266
981,27,9,27,0.016140934079885483,0.9838590621948242,27,1,27,1,0.17208190262317657,0.8474050164222717,0.5294533967971802,0.1655765210263743,0.6359101314171595,0.9132129549980164,0.08678709715604782,0.5294533967971802,0.15307986736297607
982,2,19,2,0.013439818285405636,0.9865601658821106,2,1,2,1,0.07427551597356796,0.7114428877830505,0.47378140687942505,0.34046013483139437,0.7470092305782735,0.018669528886675835,0.9813304543495178,0.47378140687942505,0.3827626034617424
983,0,0,0,0.011375028640031815,0.9886249899864197,0,1,0,1,0.9994944334030151,0.9579972624778748,0.8842356204986572,0.04291035855411214,0.12303171283407871,0.8077361583709717,0.1922638863325119,0.8842356204986572,0.8573142755776644
984,10,10,24,0.011372337117791176,0.9886276721954346,24,0,10,1,0.5620704889297485,0.222970113158226,0.4875374734401703,1.5007175382157214,0.7183881229032532,0.9975236058235168,0.0024764130357652903,0.4875374734401703,0.4381127581000328
985,4,4,11,0.01226306613534689,0.9877369403839111,11,0,11,0,0.13606229424476624,0.030514582991600037,0.15756937861442566,3.4895505787647823,1.8478894185685026,0.9669754505157471,0.03302447870373726,0.19119346141815186,0.033624082803726196
986,25,25,25,0.01477227546274662,0.9852277040481567,25,1,25,1,0.9843223094940186,0.8128557205200195,0.8248251676559448,0.20720165071822913,0.19258383309804092,0.9473418593406677,0.052658192813396454,0.8248251676559448,0.7947548981755972
987,3,3,6,0.014661536552011967,0.9853384494781494,6,0,3,1,0.5381993651390076,0.36567655205726624,0.6811478734016418,1.0060060738554675,0.38397585484549535,0.7959772348403931,0.20402279496192932,0.6811478734016418,0.5131416022777557
988,18,18,25,0.015411808155477047,0.9845882058143616,25,0,25,0,0.13201001286506653,0.08884257078170776,0.32109495997428894,2.4208893431649057,1.136018374134772,0.9668692350387573,0.033130694180727005,0.3287203907966614,0.0076254308223724365
989,0,0,0,0.01678100787103176,0.9832189679145813,0,1,0,1,0.9999997615814209,0.9986878037452698,0.9684135317802429,0.0013130579381166489,0.032096080678145095,0.85638827085495,0.14361178874969482,0.9684135317802429,0.9625908192247152
990,8,8,18,0.016781596466898918,0.9832184314727783,18,0,8,1,0.07066288590431213,0.022625254467129707,0.14327766001224518,3.788688542293442,1.9429708529358705,0.9890525937080383,0.010947375558316708,0.14327766001224518,0.00035731494426727295
991,17,17,27,0.019822128117084503,0.9801778793334961,27,0,27,0,0.26566600799560547,0.15875202417373657,0.2218398153781891,1.8404118905899227,1.5057997099045448,0.41668304800987244,0.5833169221878052,0.5085436701774597,0.28670385479927063
992,26,26,26,0.021726306527853012,0.9782736897468567,26,1,26,1,0.999999463558197,0.9983386397361755,0.953407883644104,0.0016627418532114166,0.04771246726709736,0.9575538039207458,0.04244615137577057,0.953407883644104,0.9438219107687473
993,9,9,9,0.021725153550505638,0.9782748222351074,9,1,9,1,0.9998025894165039,0.9389916658401489,0.7919154167175293,0.0629486753828587,0.2333006899447514,0.8145627975463867,0.18543721735477448,0.7919154167175293,0.7421689741313457
994,9,27,9,0.021708115935325623,0.9782918691635132,9,1,9,1,0.3302662670612335,0.38406509160995483,0.24750085175037384,0.9569432313585813,1.3963412555636618,0.9746793508529663,0.02532065287232399,0.24750085175037384,0.1635892316699028
995,10,10,10,0.021206185221672058,0.9787937998771667,10,1,10,1,0.9904839992523193,0.8211362957954407,0.9241909980773926,0.19706617137705534,0.07883652082561626,0.9445449113845825,0.05545515567064285,0.9241909980773926,0.908943759277463
996,26,26,26,0.021415861323475838,0.9785841107368469,26,1,26,1,0.9999997615814209,0.9985834360122681,0.9622599482536316,0.0014175682630231193,0.038470648338461574,0.9045711755752563,0.09542874246835709,0.9622599482536316,0.9549975274130702
997,24,24,24,0.021416863426566124,0.9785831570625305,24,1,24,1,0.8440356850624084,0.606100857257843,0.8763303160667419,0.5007088756423919,0.132012185984404,0.8799446225166321,0.12005540728569031,0.8763303160667419,0.8197190538048744
998,24,24,24,0.021960647776722908,0.9780393242835999,24,1,24,1,0.9585804343223572,0.5217146873474121,0.7373480200767517,0.6506344164894032,0.3046952864766248,0.933743953704834,0.0662560686469078,0.7373480200767517,0.686825904995203
999,0,0,0,0.022693168371915817,0.9773068428039551,0,1,0,1,0.9999999403953552,0.9997276067733765,0.9813506603240967,0.0002724303323968842,0.0188254313770939,0.7929856181144714,0.20701433718204498,0.9813506603240967,0.9791932781226933
1000,16,16,16,0.022692684084177017,0.9773073196411133,16,1,16,1,0.9999750256538391,0.990181028842926,0.9439038038253784,0.00986749515278416,0.05773102075642541,0.88127601146698,0.11872401833534241,0.9439038038253784,0.9317871211096644
1001,13,13,13,0.022683456540107727,0.9773165583610535,13,1,13,1,0.9399489164352417,0.887344241142273,0.7763931155204773,0.11952227597329301,0.2530962949078458,0.9170885682106018,0.0829114243388176,0.7763931155204773,0.7126799449324608
1002,17,17,17,0.022288218140602112,0.9777117967605591,17,1,17,1,0.9731493592262268,0.7283109426498413,0.757153332233429,0.31702720295030945,0.2781894935676567,0.6746119260787964,0.3253880739212036,0.757153332233429,0.6560360640287399
1003,15,15,15,0.022589031606912613,0.9774109721183777,15,1,15,1,0.9964696168899536,0.8554579019546509,0.7886499166488647,0.15611839556359808,0.23743276173703243,0.9046539068222046,0.09534604847431183,0.7886499166488647,0.7519889958202839
1004,21,21,22,0.022763704881072044,0.977236270904541,22,0,22,0,0.06200810521841049,0.05516796186566353,0.1969989836215973,2.897372895181296,1.6245567095386897,0.8068639636039734,0.19313600659370422,0.24978284537792206,0.05278386175632477
1005,13,4,11,0.026865363121032715,0.9731346368789673,11,0,4,0,0.31236007809638977,0.10382986813783646,0.08835573494434357,2.2650016026489306,2.4263841706723537,0.9919833540916443,0.008016645908355713,0.3971019387245178,0.14308154582977295
1006,6,6,6,0.026106400415301323,0.9738935828208923,6,1,6,1,0.9240351915359497,0.6034830808639526,0.5429674983024597,0.5050372738599874,0.6107058166362064,0.8751091957092285,0.12489079684019089,0.5429674983024597,0.2193852961063385
1007,26,26,26,0.026468327268958092,0.9735316634178162,26,1,26,1,0.9999997615814209,0.9982576370239258,0.9582957625389099,0.0017438826559235624,0.04259881949452931,0.866679310798645,0.13332073390483856,0.9582957625389099,0.9504848541691899
1008,2,2,2,0.026470141485333443,0.9735298752784729,2,1,2,1,0.8769682049751282,0.9740017056465149,0.9320718050003052,0.026342224164015247,0.07034542327253802,0.4112231731414795,0.5887768864631653,0.9320718050003052,0.9237773939967155
1009,17,7,17,0.025497697293758392,0.9745023250579834,17,1,17,1,0.537830114364624,0.9052629470825195,0.7435709834098816,0.0995298282210212,0.29629104566883485,0.9899054169654846,0.010094578377902508,0.7435709834098816,0.6996142752468586
1010,19,19,2,0.023955905809998512,0.9760441184043884,2,0,19,1,0.2995799481868744,0.18139290809631348,0.3682417869567871,1.7070898374550176,0.9990155267888926,0.3732428550720215,0.6267571449279785,0.3682417869567871,0.23745669424533844
1011,6,6,6,0.026175016537308693,0.9738249778747559,6,1,6,1,0.9896963834762573,0.8149532675743103,0.7267395853996277,0.20462450778491717,0.31918707002130187,0.9669937491416931,0.03300626575946808,0.7267395853996277,0.662412516772747
1012,9,17,9,0.026439649984240532,0.9735603332519531,9,1,9,1,0.24294379353523254,0.4772851765155792,0.3139092028141022,0.7396411124071428,1.1586514979019822,0.4050447344779968,0.5949552655220032,0.3139092028141022,0.11405022442340851
1013,15,15,15,0.024337567389011383,0.9756624102592468,15,1,15,1,0.9999987483024597,0.9961748123168945,0.9709139466285706,0.0038325224239925074,0.029517438069625885,0.9613997340202332,0.03860020264983177,0.9709139466285706,0.9665189743973315
1014,13,13,13,0.02434096857905388,0.9756590127944946,13,1,13,1,0.977921724319458,0.8082411885261536,0.8081650137901306,0.21289476435231716,0.21298901632434025,0.9496986269950867,0.050301387906074524,0.8081650137901306,0.7605252750217915
1015,9,9,9,0.024597611278295517,0.9754024147987366,9,1,9,1,0.8956477642059326,0.6047579646110535,0.647578239440918,0.5029269594901705,0.43451565959479005,0.8483325839042664,0.15166744589805603,0.647578239440918,0.34897276759147644
1016,1,4,14,0.02506345883011818,0.9749365448951721,14,0,14,0,0.1702336221933365,0.11827321350574493,0.07386447489261627,2.1347579621594703,2.60552328524871,0.9539980888366699,0.04600192606449127,0.33484947681427,0.20589306950569153
1017,6,21,24,0.02435842715203762,0.9756415486335754,24,0,21,0,0.18710672855377197,0.026688946411013603,0.02837878093123436,3.623505791391189,3.562113563379524,0.9253648519515991,0.07463511824607849,0.2011292576789856,0.07408131659030914
1018,14,14,14,0.0267043374478817,0.9732956886291504,14,1,14,1,0.9202849864959717,0.951221227645874,0.7570828795433044,0.05000861715370203,0.27828254733248864,0.8076126575469971,0.19238737225532532,0.7570828795433044,0.656514011323452
1019,21,21,6,0.026219094172120094,0.9737809300422668,6,0,21,1,0.33943429589271545,0.20193658769130707,0.34176313877105713,1.5998015531851204,1.073637358554377,0.4368893504142761,0.5631105899810791,0.34176313877105713,0.14989779889583588
1020,13,13,4,0.02846326120197773,0.9715367555618286,13,1,13,1,0.6244086623191833,0.302081435918808,0.47666195034980774,1.197058642597448,0.7409477388162761,0.9964558482170105,0.003544136416167021,0.47666195034980774,0.3559472933411598
1021,9,9,9,0.03012692928314209,0.9698730707168579,9,1,9,1,0.9991485476493835,0.9033035039901733,0.8026206493377686,0.10169667573481127,0.21987309342425285,0.7784851789474487,0.22151488065719604,0.8026206493377686,0.6961745694279671
1022,8,7,8,0.03007596731185913,0.9699240326881409,8,1,8,1,0.3949952721595764,0.8766643404960632,0.6257710456848145,0.1316310959085007,0.46877071649940183,0.5978964567184448,0.4021035432815552,0.6257710456848145,0.4677703231573105
1023,4,4,4,0.028203748166561127,0.9717962741851807,4,1,4,1,0.8301512598991394,0.5495760440826416,0.6540729999542236,0.598608126937658,0.4245363130289554,0.9816870093345642,0.018312940374016762,0.6540729999542236,0.5299817472696304
1024,5,26,1,0.029022134840488434,0.9709778428077698,1,0,5,1,0.19946137070655823,0.40568146109580994,0.3241821825504303,0.9021870059050096,1.1264496293943034,0.9984554052352905,0.0015445954632014036,0.3241821825504303,0.059560805559158325
1025,11,11,11,0.028101379051804543,0.97189861536026,11,1,11,1,0.812599241733551,0.45407530665397644,0.2700105607509613,0.7894922210091352,1.3092942068562414,0.9946236610412598,0.0053764223121106625,0.2700105607509613,0.062090858817100525
1026,0,0,0,0.027850665152072906,0.9721493124961853,0,1,0,1,0.9967964291572571,0.9958097338676453,0.9499853253364563,0.004199069899509939,0.051308741521113414,0.7210922837257385,0.2789076864719391,0.9499853253364563,0.9417353654280305
1027,5,5,5,0.02765066549181938,0.9723493456840515,5,1,5,1,0.8198866844177246,0.9611097574234009,0.824658215045929,0.03966666485462471,0.1927862632799231,0.7038238048553467,0.2961761951446533,0.824658215045929,0.7621451020240784
1028,21,21,21,0.02656215988099575,0.9734378457069397,21,1,21,1,0.999987781047821,0.9983243346214294,0.977747917175293,0.0016770708761161869,0.022503395570932342,0.5211353302001953,0.4788646101951599,0.977747917175293,0.9758139231707901
1029,12,6,12,0.026553809642791748,0.9734461903572083,12,1,12,1,0.026240050792694092,0.9508576989173889,0.5708202123641968,0.050390860737640174,0.5606809834174036,0.9959654808044434,0.004034452605992556,0.5708202123641968,0.4664371460676193
1030,27,17,27,0.021066538989543915,0.9789334535598755,27,1,27,1,0.27048906683921814,0.945099949836731,0.7229725122451782,0.05646459005833579,0.32438407657076357,0.21989451348781586,0.780105471611023,0.7229725122451782,0.5850793868303299
1031,1,14,1,0.019130783155560493,0.9808692336082458,1,1,1,1,0.010854347608983517,0.9513656497001648,0.7735899686813354,0.04985680063873729,0.25671330198848097,0.9892132878303528,0.010786734521389008,0.7735899686813354,0.732666838914156
1032,13,15,13,0.014763230457901955,0.9852367639541626,13,1,13,1,0.0065699550323188305,0.6449966430664062,0.36583927273750305,0.43851016674811566,1.0055611875593542,0.9828417301177979,0.01715831831097603,0.36583927273750305,0.09553208947181702
1033,4,4,4,0.010707954876124859,0.9892920255661011,4,1,4,1,0.7294487953186035,0.9293397665023804,0.7406604886054993,0.07328087344546264,0.30021293870215726,0.9882348775863647,0.0117650730535388,0.7406604886054993,0.662936806678772
1034,16,16,16,0.010180449113249779,0.9898195266723633,16,1,16,1,0.9884524941444397,0.8513628244400024,0.8656089901924133,0.16091689057708985,0.1443219848620466,0.8265271186828613,0.17347286641597748,0.8656089901924133,0.8342694640159607
1035,7,8,26,0.010256646201014519,0.9897433519363403,26,0,26,0,0.05028896778821945,0.1608762890100479,0.21358737349510193,1.8271196006034758,1.543709286493977,0.9955580830574036,0.004441950004547834,0.35531771183013916,0.14173033833503723
1036,27,14,27,0.010947639122605324,0.9890523552894592,27,1,27,1,0.383550763130188,0.9878861308097839,0.8380307555198669,0.012187840093134202,0.17670047807582956,0.9769201278686523,0.023079821839928627,0.8380307555198669,0.7717247754335403
1037,3,3,3,0.010273575782775879,0.9897264242172241,3,1,3,1,0.9382869005203247,0.6311048865318298,0.7389874458312988,0.46028320754150426,0.3024743462278971,0.9879719614982605,0.012028009630739689,0.7389874458312988,0.6800919026136398
1038,19,19,19,0.010490062646567822,0.9895099401473999,19,1,19,1,0.9960447549819946,0.8650435209274292,0.8099057674407959,0.14497546010502407,0.21083737457611185,0.6361904144287109,0.3638095557689667,0.8099057674407959,0.7601288594305515
1039,23,23,23,0.010535931214690208,0.9894640445709229,23,1,23,1,0.7925035953521729,0.7819230556488037,0.5448646545410156,0.24599893758885644,0.6072178554521639,0.9562684893608093,0.04373153671622276,0.5448646545410156,0.44644374400377274
1040,0,0,0,0.010299020446836948,0.989700973033905,0,1,0,1,1.0,0.9997895956039429,0.9865206480026245,0.00021042653416742727,0.01357102317325278,0.6607746481895447,0.33922532200813293,0.9865206480026245,0.9841707337182015
1041,2,2,2,0.010299128480255604,0.9897008538246155,2,1,2,1,0.9928385019302368,0.9245901703834534,0.9302300214767456,0.07840469869428644,0.07232338849584263,0.7195634841918945,0.2804364860057831,0.9302300214767456,0.9220576249063015
1042,17,17,17,0.010249540209770203,0.9897504448890686,17,1,17,1,0.8702861666679382,0.6329761743545532,0.7700974345207214,0.4573224967966461,0.2612382338011085,0.7912394404411316,0.208760604262352,0.7700974345207214,0.6051054894924164
1043,1,1,1,0.010479727759957314,0.989520251750946,1,1,1,1,0.9988827705383301,0.9160383343696594,0.7722437381744385,0.08769706543514659,0.2584550557635027,0.6598539352416992,0.3401460647583008,0.7722437381744385,0.7444043699651957
1044,8,8,8,0.010519051924347878,0.9894809722900391,8,1,8,1,0.9999958872795105,0.9891995787620544,0.9330641627311707,0.010859169171951575,0.06928131015513059,0.8226345181465149,0.1773654669523239,0.9330641627311707,0.9144676849246025
1045,15,15,15,0.010521844029426575,0.9894781708717346,15,1,15,1,0.8962646126747131,0.8855934739112854,0.8221842050552368,0.12149726673039339,0.195790815290045,0.8408788442611694,0.15912118554115295,0.8221842050552368,0.7749033831059933
1046,12,8,12,0.010291051119565964,0.9897089600563049,12,1,12,1,0.13656024634838104,0.9222730398178101,0.6237996816635132,0.08091396063490218,0.4719259851267542,0.9844777584075928,0.015522217378020287,0.6237996816635132,0.538191556930542
1047,14,17,14,0.010038182139396667,0.9899618029594421,14,1,14,1,0.25910770893096924,0.8408807516098022,0.6320619583129883,0.17330542263026433,0.45876785433506495,0.4493940472602844,0.5506059527397156,0.6320619583129883,0.5090840458869934
1048,11,11,16,0.01008244976401329,0.9899175763130188,16,0,20,0,0.21131324768066406,0.027521194890141487,0.11449240893125534,3.592798847886406,2.1672467557292436,0.871886670589447,0.12811332941055298,0.20013943314552307,0.04254186153411865
1049,26,26,26,0.012091887183487415,0.987908124923706,26,1,26,1,0.9661843180656433,0.7114691734313965,0.6408673524856567,0.34042318855893605,0.4449327818760836,0.9654901623725891,0.034509819000959396,0.6408673524856567,0.5468915924429893
1050,0,0,0,0.012298469431698322,0.9877015352249146,0,1,0,1,0.999998927116394,0.999803900718689,0.9857456684112549,0.0001961185112891315,0.014356900440238273,0.6898385882377625,0.31016141176223755,0.9857456684112549,0.983761606970802
1051,4,3,4,0.012296045199036598,0.9877039790153503,4,1,4,1,0.12233738601207733,0.9262701869010925,0.39018937945365906,0.07658930838412997,0.941123069375596,0.9745773077011108,0.025422682985663414,0.39018937945365906,0.12647157907485962
1052,14,14,14,0.010636851191520691,0.9893631339073181,14,1,14,1,0.9940863847732544,0.9513373970985413,0.7733495235443115,0.04988649797030266,0.2570241675913939,0.8639296293258667,0.13607032597064972,0.7733495235443115,0.6695116683840752
1053,1,5,22,0.010593482293188572,0.9894065260887146,22,0,22,0,0.17342734336853027,0.10620815306901932,0.13053281605243683,2.2423544022263124,2.036130619827815,0.7561848163604736,0.2438151240348816,0.1475786715745926,0.01704585552215576
1054,13,13,13,0.011175896972417831,0.9888241291046143,13,1,13,1,0.5848528742790222,0.22214709222316742,0.3938679099082947,1.5044155389356373,0.9317396799342635,0.9865825772285461,0.013417431153357029,0.3938679099082947,0.24559003114700317
1055,1,5,1,0.01203648280352354,0.9879634976387024,1,1,1,1,0.04399725794792175,0.5056532621383667,0.2582721710205078,0.6819040972785851,1.3537413236683131,0.994126558303833,0.005873412359505892,0.2582721710205078,0.08755272626876831
1056,27,17,27,0.010358224622905254,0.9896417856216431,27,1,27,1,0.025978855788707733,0.9654538631439209,0.7784140110015869,0.035156963709579866,0.25049674852723386,0.1601007580757141,0.8398992419242859,0.7784140110015869,0.6527730077505112
1057,10,21,10,0.010015880689024925,0.9899840950965881,10,1,10,1,0.04505132511258125,0.9719625115394592,0.911211371421814,0.02843804364051882,0.09298038731573721,0.17197510600090027,0.8280248641967773,0.911211371421814,0.883685901761055
1058,25,24,25,0.01000944897532463,0.9899905323982239,25,1,24,0,0.5600259304046631,0.5282276272773743,0.2736397683620453,0.6382279759103151,1.2959427515958912,0.8979513049125671,0.10204867273569107,0.5362619757652283,0.262622207403183
1059,15,15,15,0.010318495333194733,0.9896814823150635,15,1,15,1,0.996006429195404,0.8906122446060181,0.8818407654762268,0.11584613747355477,0.12574377728310696,0.6282967925071716,0.371703177690506,0.8818407654762268,0.8578968960791826
1060,22,2,22,0.010372999124228954,0.9896270036697388,22,1,2,0,0.4978216886520386,0.20141734182834625,0.036729756742715836,1.6023761960076655,3.304168042022592,0.9984506368637085,0.0015493436949327588,0.24474844336509705,0.12435661256313324
1061,8,26,8,0.010824667289853096,0.9891753196716309,8,1,8,1,0.12992282211780548,0.6412826776504517,0.5785347819328308,0.4442849244965888,0.5472566098121011,0.054226797074079514,0.945773184299469,0.5785347819328308,0.2960003614425659
1062,26,26,26,0.010225677862763405,0.9897743463516235,26,1,26,1,0.9999977350234985,0.9995120763778687,0.9725301265716553,0.0004880426955959439,0.027854225489507712,0.825218677520752,0.17478129267692566,0.9725301265716553,0.9678318556398153
1063,4,4,19,0.01022224873304367,0.9897777438163757,19,0,4,1,0.3955674171447754,0.13870036602020264,0.30743077397346497,1.9754393127304233,1.1795053423696111,0.9811030626296997,0.018896950408816338,0.30743077397346497,0.23204455524683
1064,7,7,14,0.011267834343016148,0.9887321591377258,14,0,1,0,0.04673266038298607,0.015590562485158443,0.13720661401748657,4.161089516694267,1.9862673577277405,0.9660597443580627,0.033940210938453674,0.16285498440265656,0.006973683834075928
1065,3,3,11,0.013707168400287628,0.986292839050293,11,0,3,1,0.4172085225582123,0.225916787981987,0.603058934211731,1.4875885422801576,0.5057403520195441,0.9666247963905334,0.03337522968649864,0.603058934211731,0.4967626556754112
1066,16,16,16,0.014634388498961926,0.985365629196167,16,1,16,1,0.9981565475463867,0.9100777506828308,0.8249761462211609,0.0942252428102537,0.19240080673678445,0.7689586877822876,0.2310413420200348,0.8249761462211609,0.7570198103785515
1067,1,1,1,0.014692827127873898,0.9853071570396423,1,1,1,1,0.972694456577301,0.8086329102516174,0.7043052911758423,0.2124102223172582,0.3505433645856397,0.5279995799064636,0.472000390291214,0.7043052911758423,0.6280853971838951
1068,11,11,15,0.014660741202533245,0.9853392839431763,15,0,11,1,0.2597508430480957,0.1251012086868286,0.30211710929870605,2.0786321997907296,1.1969405576393763,0.9481837153434753,0.051816266030073166,0.30211710929870605,0.22112028300762177
1069,0,0,0,0.01567658595740795,0.9843234419822693,0,1,0,1,0.9994208812713623,0.9980875849723816,0.9595043659210205,0.0019142460280315542,0.04133841334044017,0.5688726305961609,0.4311274290084839,0.9595043659210205,0.9541043071076274
1070,5,5,5,0.015611079521477222,0.9843889474868774,5,1,5,1,0.9984789490699768,0.9834363460540771,0.9101556539535522,0.016702365104129053,0.0941396457977271,0.8392661809921265,0.16073384881019592,0.9101556539535522,0.8925340622663498
1071,14,14,14,0.015511644072830677,0.9844883680343628,14,1,14,1,0.9734035730361938,0.8030192255973816,0.7574824690818787,0.21937662310855896,0.2777548849926519,0.8188738822937012,0.18112608790397644,0.7574824690818787,0.606430172920227
1072,5,10,5,0.015558136627078056,0.984441876411438,5,1,5,1,0.0426984578371048,0.9727680683135986,0.5128090977668762,0.02760959282212991,0.6678516321779899,0.8987202644348145,0.10127975791692734,0.5128090977668762,0.12958568334579468
1073,10,10,10,0.013102258555591106,0.9868977665901184,10,1,10,1,0.9999694228172302,0.9865607023239136,0.9666867852210999,0.01353042239286637,0.03388073959456471,0.41746747493743896,0.582532525062561,0.9666867852210999,0.9637613596860319
1074,14,27,14,0.013109704479575157,0.9868903160095215,14,1,14,1,0.5505817532539368,0.9476165771484375,0.6422432065010071,0.053805313025661654,0.44278822070319557,0.795881986618042,0.2041180282831192,0.6422432065010071,0.5512369498610497
1075,14,14,14,0.012377043254673481,0.9876229763031006,14,1,14,1,0.9700685143470764,0.8711814284324646,0.6732199192047119,0.13790502481688194,0.3956832282667566,0.9307626485824585,0.0692373514175415,0.6732199192047119,0.5322840511798859
1076,3,3,3,0.012209959328174591,0.987790048122406,3,1,3,1,0.9089178442955017,0.6112503409385681,0.8103617429733276,0.49224868042050224,0.21027453474671537,0.9092206358909607,0.09077929705381393,0.8103617429733276,0.7386783361434937
1077,5,17,5,0.012492316775023937,0.987507700920105,5,1,5,1,0.03963155671954155,0.973383367061615,0.8577812910079956,0.026977269193728268,0.15340611757321218,0.5745600461959839,0.42543989419937134,0.8577812910079956,0.8252135552465916
1078,11,21,23,0.010233454406261444,0.989766538143158,23,0,23,0,0.09601426869630814,0.029959678649902344,0.03493654355406761,3.507902846361859,3.3542219043537433,0.8907504081726074,0.10924956202507019,0.12776444852352142,0.019801661372184753
1079,24,26,21,0.011891910806298256,0.9881080985069275,21,0,21,0,0.18138867616653442,0.14284832775592804,0.044677820056676865,1.9459718566676927,3.108278096108459,0.9857410192489624,0.014259007759392262,0.2522493898868561,0.13073522597551346
1080,11,11,11,0.011025543324649334,0.9889744520187378,11,1,11,1,0.9975367188453674,0.9339930415153503,0.879956066608429,0.068286290978745,0.12788329706474813,0.8379078507423401,0.1620921790599823,0.879956066608429,0.8249996788799763
1081,4,4,4,0.011022050864994526,0.9889779686927795,4,1,4,1,0.9980368614196777,0.9331840872764587,0.821600615978241,0.06915279076286575,0.1965008706379808,0.927173912525177,0.072826087474823,0.821600615978241,0.7841183356940746
1082,10,10,10,0.011002868413925171,0.9889971613883972,10,1,10,1,0.9941290020942688,0.8741639852523804,0.8814238905906677,0.1344872947792974,0.12621662166513647,0.8592129945755005,0.14078699052333832,0.8814238905906677,0.8681917665526271
1083,3,3,11,0.010954547673463821,0.9890454411506653,11,0,3,1,0.6053682565689087,0.28626903891563416,0.635705292224884,1.250823214829814,0.4530202000392153,0.9849441647529602,0.015055768191814423,0.635705292224884,0.5305794551968575
1084,24,24,4,0.011608225293457508,0.9883917570114136,4,0,24,1,0.0673479363322258,0.04767034947872162,0.43116745352745056,3.0434456785835153,0.8412587410684631,0.9580050110816956,0.04199502244591713,0.43116745352745056,0.28128205239772797
1085,27,27,27,0.013662467710673809,0.9863375425338745,27,1,27,1,0.9994849562644958,0.9258294701576233,0.7455012202262878,0.07706521879219874,0.293698507989565,0.7818573713302612,0.21814259886741638,0.7455012202262878,0.6298781260848045
1086,22,22,22,0.013685870915651321,0.9863141179084778,22,1,22,1,0.6425580978393555,0.28110265731811523,0.511551558971405,1.269035347830394,0.6703068991173005,0.912623405456543,0.08737662434577942,0.511551558971405,0.441347099840641
1087,7,7,26,0.014558115974068642,0.9854418635368347,26,0,7,1,0.2488935887813568,0.1442568451166153,0.38353651762008667,1.9361599215716803,0.9583204407522514,0.9320240616798401,0.06797593832015991,0.38353651762008667,0.18347883224487305
1088,8,8,8,0.01604151725769043,0.9839584827423096,8,1,8,1,0.9308105707168579,0.9895849227905273,0.9146347045898438,0.010469693680262954,0.08923052337656644,0.3442746102809906,0.655725359916687,0.9146347045898438,0.8924950808286667
1089,0,0,0,0.015623895451426506,0.9843761324882507,0,1,0,1,0.9989348649978638,0.9979243278503418,0.9490361213684082,0.002077829342695219,0.05230841853765725,0.7051540613174438,0.29484593868255615,0.9490361213684082,0.9369229404255748
1090,24,24,24,0.015544953756034374,0.9844550490379333,24,1,24,1,0.9901741743087769,0.6898506879806519,0.8295779824256897,0.3712800990383811,0.18683816240733123,0.9031246304512024,0.09687541425228119,0.8295779824256897,0.7943072430789471
1091,24,24,24,0.01583712361752987,0.9841628670692444,24,1,24,1,0.9995107054710388,0.9686230421066284,0.9799048900604248,0.031879760212102384,0.020299762986018672,0.9810429811477661,0.018957052379846573,0.9799048900604248,0.9741782490164042
1092,11,11,15,0.015861909836530685,0.9841380715370178,15,0,11,1,0.1471441686153412,0.082313671708107,0.3627307415008545,2.4972180647054554,1.0140944789073867,0.9068020582199097,0.09319795668125153,0.3627307415008545,0.2130061686038971
1093,15,15,16,0.01806051656603813,0.9819394946098328,16,0,15,1,0.24318283796310425,0.20599240064620972,0.7109949588775635,1.5799160009399544,0.34108993939029963,0.9683228731155396,0.031677186489105225,0.7109949588775635,0.622442901134491
1094,0,0,0,0.01958555541932583,0.9804144501686096,0,1,0,1,0.9999881386756897,0.9974762201309204,0.9595541954040527,0.00252696997003212,0.04128648216538627,0.6402478218078613,0.35975220799446106,0.9595541954040527,0.9525887654162943
1095,16,16,16,0.019579250365495682,0.9804207682609558,16,1,16,1,0.9936587810516357,0.8481059670448303,0.8234208226203918,0.16474968985945498,0.19428788138168737,0.8879786133766174,0.11202140897512436,0.8234208226203918,0.7822968810796738
1096,7,12,26,0.019677752628922462,0.9803222417831421,26,0,12,0,0.31342238187789917,0.0671939104795456,0.02726474031805992,2.700172653422985,3.602160975019177,0.8665858507156372,0.13341420888900757,0.1600825935602188,0.04800000786781311
1097,13,10,20,0.017233779653906822,0.9827662110328674,20,0,10,0,0.12698374688625336,0.012413299642503262,0.06281013041734695,4.388986829329118,2.7676389061392905,0.993475615978241,0.006524387281388044,0.1512056291103363,0.01289387047290802
1098,2,6,2,0.020274722948670387,0.9797253012657166,2,1,2,1,0.21192309260368347,0.4675929546356201,0.5590853691101074,0.7601571165729682,0.5814530999377886,0.9378206729888916,0.06217937916517258,0.5590853691101074,0.4751048684120178
1099,21,21,21,0.018637308850884438,0.9813627004623413,21,1,21,1,0.9876739382743835,0.8263722658157349,0.9074443578720093,0.1907099219822002,0.09712302836254845,0.6472330689430237,0.3527669608592987,0.9074443578720093,0.8814989514648914
1100,24,24,21,0.01880166120827198,0.9811983108520508,21,0,24,1,0.2880590558052063,0.18313200771808624,0.7238917350769043,1.697548032540465,0.3231134349648168,0.9784496426582336,0.021550344303250313,0.7238917350769043,0.5952484756708145
1101,18,2,22,0.02052105776965618,0.9794789552688599,22,0,2,0,0.17786240577697754,0.05333598330616951,0.0985671654343605,2.931144066660099,2.317017080598052,0.9998927116394043,0.00010731712245615199,0.347014456987381,0.24844729155302048
1102,3,3,6,0.0217275470495224,0.9782724380493164,6,0,3,1,0.4163457453250885,0.17292994260787964,0.4736284613609314,1.7548687225250088,0.7473321014390264,0.9923747181892395,0.007625329773873091,0.4736284613609314,0.4141624718904495
1103,6,3,6,0.023773977532982826,0.9762260317802429,6,1,6,1,0.26640164852142334,0.9088523983955383,0.5487110614776611,0.0955725759921015,0.6001832756932851,0.452608197927475,0.5473918318748474,0.5487110614776611,0.24546211957931519
1104,26,26,26,0.021952640265226364,0.9780473709106445,26,1,26,1,0.9999893307685852,0.9880818724632263,0.8770724534988403,0.011989717801924595,0.13116567485838468,0.8366023898124695,0.1633976250886917,0.8770724534988403,0.848148362711072
1105,12,27,2,0.021964166313409805,0.9780358076095581,2,0,2,0,0.032236166298389435,0.04984312877058983,0.10257211327552795,2.998874630177345,2.277189183623351,0.43039026856422424,0.5696097612380981,0.35683295130729675,0.2542608380317688
1106,24,24,10,0.022531772032380104,0.9774682521820068,10,0,24,1,0.49763888120651245,0.3359343409538269,0.7585820555686951,1.0908395519425989,0.27630430467532563,0.8501099944114685,0.14989008009433746,0.7585820555686951,0.6398250833153725
1107,4,15,4,0.023809021338820457,0.976190984249115,4,1,4,1,0.3150894343852997,0.4181099534034729,0.2752644717693329,0.8720108346282328,1.2900229279428121,0.996694803237915,0.003305192105472088,0.2752644717693329,0.10269439220428467
1108,19,19,19,0.023284146562218666,0.9767158627510071,19,1,19,1,0.6220017671585083,0.7967032194137573,0.73715740442276,0.22727304166792336,0.30495383507452944,0.8425197601318359,0.15748023986816406,0.73715740442276,0.6978711672127247
1109,19,19,22,0.02201506309211254,0.9779849648475647,22,0,19,1,0.454814076423645,0.2440730780363083,0.47506728768348694,1.4102875983813472,0.7442988266990576,0.8876746296882629,0.11232538521289825,0.47506728768348694,0.35831478983163834
1110,1,5,1,0.02363365702331066,0.9763663411140442,1,1,1,1,0.12877623736858368,0.8513619303703308,0.6925298571586609,0.16091794074056356,0.36740392681951245,0.8778165578842163,0.12218350917100906,0.6925298571586609,0.6424139849841595
1111,7,12,26,0.020744938403367996,0.9792550802230835,26,0,12,0,0.5290294885635376,0.1377311646938324,0.09642872959375381,1.9824515757332286,2.3389510969347445,0.9946675300598145,0.005332514178007841,0.1613474041223526,0.034881070256233215
1112,12,5,12,0.019611906260252,0.9803881049156189,12,1,12,1,0.15732617676258087,0.7935249209403992,0.6422929763793945,0.2312703331567326,0.4427107298873265,0.9865978956222534,0.013402050361037254,0.6422929763793945,0.5469586625695229
1113,15,15,15,0.017478421330451965,0.9825215935707092,15,1,15,1,0.9963932037353516,0.861570417881012,0.8642911911010742,0.14899848766506843,0.14584554022148047,0.9256712794303894,0.0743287205696106,0.8642911911010742,0.8328422605991364
1114,24,24,24,0.017608392983675003,0.9823915958404541,24,1,24,1,0.8754585981369019,0.5618495941162109,0.8498696088790894,0.5765210910344474,0.16267234258367902,0.9428659677505493,0.057134054601192474,0.8498696088790894,0.7521388009190559
1115,9,27,27,0.018107766285538673,0.9818922281265259,27,0,27,0,0.9963194727897644,0.13421207666397095,0.19822140038013458,2.008334068448924,1.61837068925134,0.5261115431785583,0.47388842701911926,0.7103941440582275,0.512172743678093
1116,16,21,16,0.01759468764066696,0.9824053049087524,16,1,16,1,0.25909918546676636,0.8946253657341003,0.3711918592453003,0.1113502341107159,0.9910362092230228,0.8385132551193237,0.16148672997951508,0.3711918592453003,0.29943060874938965
1117,22,18,25,0.015467061661183834,0.9845329523086548,25,0,25,0,0.06190597638487816,0.0026195854879915714,0.00480398116633296,5.944739184416003,5.338310295185707,0.9353888034820557,0.06461119651794434,0.5730879902839661,0.44529253244400024
1118,16,16,16,0.020356234163045883,0.9796437621116638,16,1,16,1,0.9999642372131348,0.9841616749763489,0.9268232583999634,0.015965091588527935,0.07599239135687982,0.775303304195404,0.22469672560691833,0.9268232583999634,0.914848767220974
1119,8,4,24,0.020366467535495758,0.9796335101127625,24,0,4,0,0.002647868823260069,0.05750793591141701,0.023060787469148636,2.855832324851413,3.769621616018786,0.9506127238273621,0.049387313425540924,0.19181664288043976,0.04007136821746826
1120,11,11,24,0.01630539260804653,0.9836946129798889,24,0,11,1,0.07293131947517395,0.058368902653455734,0.37446826696395874,2.84097201978116,0.9822482140236806,0.9524269700050354,0.0475730374455452,0.37446826696395874,0.2248217612504959
1121,24,10,24,0.018948586657643318,0.9810513854026794,24,1,24,1,0.14877949655056,0.7624644637107849,0.27489519119262695,0.2711993765560781,1.2913653768972724,0.9883762001991272,0.011623714119195938,0.27489519119262695,0.018532156944274902
1122,5,1,18,0.01640828512609005,0.9835917353630066,18,0,1,0,0.56891930103302,0.2907649576663971,0.16225165128707886,1.2352400437943318,1.8186067460255124,0.9796120524406433,0.02038791961967945,0.47479507327079773,0.31254342198371887
1123,14,14,14,0.015657324343919754,0.9843426942825317,14,1,14,1,0.9952916502952576,0.9251444339752197,0.7997733950614929,0.07780540882097285,0.2234268476119506,0.9753527641296387,0.024647289887070656,0.7997733950614929,0.7611225247383118
1124,7,7,7,0.01559845358133316,0.984401524066925,7,1,7,1,0.9984163045883179,0.9953304529190063,0.9566888809204102,0.004680483474582084,0.04427703869187466,0.7739757299423218,0.22602427005767822,0.9566888809204102,0.9497873829677701
1125,5,1,5,0.015514119528234005,0.9844858646392822,5,1,5,1,0.20179912447929382,0.8110020756721497,0.49821919202804565,0.20948466547154113,0.6967151541580907,0.5330550670623779,0.46694496273994446,0.49821919202804565,0.18342474102973938
1126,6,6,6,0.012999473139643669,0.9870005249977112,6,1,6,1,0.7688639163970947,0.37753742933273315,0.49741408228874207,0.9740855646578621,0.698332436214766,0.9949842691421509,0.005015774164348841,0.49741408228874207,0.36623989045619965
1127,17,17,9,0.013567325659096241,0.986432671546936,9,0,17,1,0.6394972205162048,0.38396966457366943,0.46347469091415405,0.9571917280210257,0.7690034997515527,0.7960900068283081,0.2039100080728531,0.46347469091415405,0.32480569183826447
1128,21,21,21,0.014187315478920937,0.9858126640319824,21,1,21,1,0.9997789859771729,0.9595939517021179,0.9083593487739563,0.041245050972978516,0.09611522011098168,0.682661235332489,0.317338764667511,0.9083593487739563,0.8926052823662758
1129,12,8,12,0.014207417145371437,0.9857925772666931,12,1,12,1,0.1399533599615097,0.7611433267593384,0.4356022775173187,0.27293359882879537,0.8310256594766724,0.9967149496078491,0.0032850869465619326,0.4356022775173187,0.0642332136631012
1130,27,8,9,0.010950648225843906,0.9890493750572205,9,0,9,0,0.03393682464957237,0.278737336397171,0.24694178998470306,1.2774853872050864,1.3986026382063703,0.4556370675563812,0.5443629026412964,0.49085086584091187,0.2439090758562088
1131,16,16,25,0.010657103732228279,0.9893428683280945,25,0,16,1,0.43152400851249695,0.26615187525749207,0.54128098487854,1.3236881735212302,0.6138167544152204,0.9867746829986572,0.013225317001342773,0.54128098487854,0.330346941947937
1132,24,24,24,0.011382699944078922,0.9886173009872437,24,1,24,1,0.9983953833580017,0.9080918431282043,0.9483303427696228,0.09640975667643237,0.05305237458903433,0.8883249759674072,0.11167502403259277,0.9483303427696228,0.9380477797240019
1133,2,2,2,0.011435826309025288,0.9885641932487488,2,1,2,1,0.9960943460464478,0.8802485466003418,0.910507321357727,0.12755097206979035,0.09375333881689991,0.9326844811439514,0.06731553375720978,0.910507321357727,0.8944103885442019
1134,8,14,8,0.01143651083111763,0.9885634779930115,8,1,8,1,0.2696782648563385,0.6889119148254395,0.5559459328651428,0.37264186109716224,0.5870842325082707,0.5191709995269775,0.48082903027534485,0.5559459328651428,0.39809419214725494
1135,2,0,2,0.010227120481431484,0.9897728562355042,2,1,2,1,0.17409811913967133,0.9718674421310425,0.9223358631134033,0.028535860230198423,0.08084584506252505,0.21201932430267334,0.7879806756973267,0.9223358631134033,0.9123369557783008
1136,15,15,15,0.01001155748963356,0.9899884462356567,15,1,15,1,0.9121116399765015,0.46318987011909485,0.6430192589759827,0.7696182223081394,0.44158060344192296,0.9895520806312561,0.010447940789163113,0.6430192589759827,0.5933462679386139
1137,0,26,0,0.01040623802691698,0.9895937442779541,0,1,0,1,0.21768897771835327,0.9905497431755066,0.7442284822463989,0.00949519383647378,0.2954071915009878,0.9458597898483276,0.05414026975631714,0.7442284822463989,0.6721654534339905
1138,10,10,10,0.010004103183746338,0.9899958968162537,10,1,10,1,0.9986077547073364,0.9449955224990845,0.9588318467140198,0.056575089595826016,0.04203956179410809,0.946774423122406,0.05322554334998131,0.9588318467140198,0.9454339686781168
1139,3,15,3,0.010030710138380527,0.9899693131446838,3,1,3,1,0.13817165791988373,0.3957335650920868,0.31050506234169006,0.9270141095935519,1.1695550739035385,0.9948129653930664,0.00518701272085309,0.31050506234169006,0.06799706816673279
1140,16,16,16,0.010464952327311039,0.9895350337028503,16,1,16,1,0.9910591244697571,0.8266258835792542,0.7571045756340027,0.19040306408813393,0.27825389025885416,0.8529971837997437,0.14700277149677277,0.7571045756340027,0.644350491464138
1141,1,1,1,0.010536037385463715,0.9894639849662781,1,1,1,1,0.7700545787811279,0.7833625674247742,0.5840098261833191,0.24415964109168733,0.5378374706390915,0.8381580710411072,0.16184192895889282,0.5840098261833191,0.53214206174016
1142,27,27,27,0.010123608633875847,0.989876389503479,27,1,27,1,0.9770702719688416,0.954855740070343,0.7898139953613281,0.04619500742970819,0.23595781015322723,0.4815749228000641,0.5184251070022583,0.7898139953613281,0.7261183708906174
1143,12,17,16,0.010023090988397598,0.9899768829345703,16,0,16,0,0.17757189273834229,0.33670639991760254,0.3910471796989441,1.0885439452214665,0.9389270620844364,0.9098750948905945,0.0901249349117279,0.43066442012786865,0.03961724042892456
1144,27,27,27,0.01054984237998724,0.9894501566886902,27,1,27,1,0.8198628425598145,0.42248791456222534,0.41105595231056213,0.8615944371804763,0.8890259367430371,0.7769975066184998,0.22300252318382263,0.41105595231056213,0.1927095502614975
1145,24,24,25,0.010960527695715427,0.9890394806861877,25,0,24,1,0.208710178732872,0.1699601411819458,0.7295048236846924,1.7721913330583836,0.31538929872492444,0.9195418357849121,0.08045817166566849,0.7295048236846924,0.5241082012653351
1146,2,2,2,0.011996674351394176,0.9880033135414124,2,1,2,1,0.9841689467430115,0.753756046295166,0.8733710050582886,0.2826865093541208,0.13539483626249,0.9832143783569336,0.01678558439016342,0.8733710050582886,0.8528030663728714
1147,6,3,3,0.012163568288087845,0.9878364205360413,3,0,3,0,0.8947378993034363,0.2732531428337097,0.18158423900604248,1.2973566503129148,1.706035606195684,0.984894335269928,0.015105636790394783,0.45194995403289795,0.27036571502685547
1148,10,10,10,0.012291609309613705,0.9877083897590637,10,1,10,1,0.9698145985603333,0.7115970849990845,0.8662617206573486,0.3402434196026071,0.14356819822918468,0.9636449217796326,0.03635508567094803,0.8662617206573486,0.8395351078361273
1149,9,9,9,0.012471524998545647,0.9875285029411316,9,1,9,1,0.7399948239326477,0.9774830937385559,0.8547717928886414,0.02277428268031046,0.1569207545740712,0.45944705605506897,0.5405529737472534,0.8547717928886414,0.8082914985716343
1150,6,6,21,0.011963190510869026,0.9880368113517761,21,0,6,1,0.13024501502513885,0.10007475316524506,0.38000521063804626,2.3018378406042177,0.9675703141503321,0.9978469610214233,0.002153093460947275,0.38000521063804626,0.1399765908718109
1151,6,6,6,0.013410807587206364,0.9865891933441162,6,1,6,1,0.9150269627571106,0.45586609840393066,0.5311127305030823,0.7855561564405776,0.6327809817731223,0.9896182417869568,0.010381776839494705,0.5311127305030823,0.46195752173662186
1152,24,24,24,0.01393198687583208,0.9860680103302002,24,1,24,1,0.9859507083892822,0.8441817760467529,0.9686347246170044,0.1693874331129526,0.031867699338658705,0.9011865854263306,0.09881342947483063,0.9686347246170044,0.9616746874526143
1153,13,13,4,0.014031845144927502,0.9859681725502014,4,0,13,1,0.16943761706352234,0.10480950027704239,0.36140403151512146,2.255610859705298,1.0177587456147248,0.9909192323684692,0.009080775082111359,0.36140403151512146,0.1131591945886612
1154,14,6,27,0.015775810927152634,0.9842242002487183,27,0,27,0,0.07276469469070435,0.28529608249664307,0.08667490631341934,1.2542277520289047,2.4455908683067094,0.9836218953132629,0.016378086060285568,0.26697155833244324,0.1453225314617157
1155,15,15,15,0.013880310580134392,0.9861196875572205,15,1,15,1,0.9844599962234497,0.7213526964187622,0.7813927531242371,0.32662708458006584,0.24667737062449896,0.9682042598724365,0.031795717775821686,0.7813927531242371,0.7459499761462212
1156,16,0,16,0.014096934348344803,0.9859030842781067,16,1,16,1,0.05803989619016647,0.9557788968086243,0.7546319961547852,0.04522867216884795,0.2815250708735249,0.8524077534675598,0.14759226143360138,0.7546319961547852,0.722844984382391
1157,6,15,3,0.011647948995232582,0.9883520603179932,3,0,3,0,0.1556117832660675,0.3887564241886139,0.1466265469789505,0.9448022903812107,1.919866421483077,0.9924275279045105,0.00757240504026413,0.49747520685195923,0.35084865987300873
1158,8,8,8,0.011165356263518333,0.9888346195220947,8,1,8,1,0.9936658143997192,0.8895524144172668,0.8033308982849121,0.1170368479042976,0.21898857235074742,0.6770574450492859,0.3229425549507141,0.8033308982849121,0.694659560918808
1159,6,18,6,0.011148660443723202,0.9888513684272766,6,1,6,1,0.20203186571598053,0.8253239393234253,0.3439019024372101,0.19197931599039264,1.067398829610366,0.8090772032737732,0.1909228265285492,0.3439019024372101,0.20999565720558167
1160,17,27,17,0.010102222673594952,0.9898977875709534,17,1,17,1,0.9488709568977356,0.6138016581535339,0.5227891802787781,0.488083435344409,0.6485769931639455,0.6065424084663391,0.3934576213359833,0.5227891802787781,0.22966548800468445
1161,18,2,18,0.010244095697999,0.9897559285163879,18,1,2,0,0.05046803131699562,0.5413236618041992,0.24901536107063293,0.6137379132134724,1.3902406933735252,0.9995347261428833,0.00046526119695045054,0.4070078730583191,0.15799251198768616
1162,6,6,3,0.010305717587471008,0.9896942973136902,3,0,6,1,0.36407947540283203,0.15067026019096375,0.37340182065963745,1.8926615372774613,0.9851001719902117,0.9996191263198853,0.00038088904693722725,0.37340182065963745,0.19945868849754333
1163,9,9,27,0.011289608664810658,0.9887104034423828,27,0,9,1,0.6932669281959534,0.4421548545360565,0.5632364749908447,0.8160951086334524,0.5740557124022149,0.8850546479225159,0.11494540423154831,0.5632364749908447,0.2834019958972931
1164,13,13,13,0.011721238493919373,0.9882787466049194,13,1,13,1,0.9984356760978699,0.9373730421066284,0.9177200198173523,0.06467395206085436,0.08586292418606005,0.9578964710235596,0.04210346192121506,0.9177200198173523,0.891538456082344
1165,24,24,25,0.011744416318833828,0.9882555603981018,25,0,24,1,0.349698930978775,0.2143566608428955,0.8257641792297363,1.5401140118098275,0.19144604352383315,0.9891841411590576,0.010815897956490517,0.8257641792297363,0.7297850325703621
1166,13,21,13,0.012698312290012836,0.9873017072677612,13,1,13,1,0.4386218190193176,0.8033108115196228,0.6674060225486755,0.21901357701129842,0.4043566888088516,0.09920365363359451,0.9007962942123413,0.6674060225486755,0.6013950854539871
1167,17,0,9,0.012035747058689594,0.9879642724990845,9,0,9,0,0.03785436972975731,0.0460556298494339,0.053359050303697586,3.077905268608228,2.9307116754398703,0.32006359100341797,0.679936408996582,0.4960489273071289,0.31066174805164337
1168,13,13,13,0.011661073192954063,0.9883389472961426,13,1,13,1,0.9654388427734375,0.7207109332084656,0.8141391277313232,0.3275171469039179,0.20562400899566544,0.855700671672821,0.14429940283298492,0.8141391277313232,0.7283112853765488
1169,18,0,16,0.01184523943811655,0.9881547689437866,16,0,10,0,0.041651368141174316,0.01310529001057148,0.014843622222542763,4.334739312686539,4.210184985949813,0.9956881403923035,0.004311833065003157,0.16418293118476868,0.0061441510915756226
1170,3,6,3,0.012407790869474411,0.9875922203063965,3,1,3,1,0.6671499609947205,0.640967845916748,0.39003074169158936,0.4447759856960092,0.9415297181147311,0.9978542923927307,0.0021456654649227858,0.39003074169158936,0.09176215529441833
1171,15,11,15,0.01205030083656311,0.9879496693611145,15,1,15,1,0.2379187047481537,0.9052607417106628,0.5883106589317322,0.09953226439114186,0.5305001390849156,0.708134114742279,0.29186582565307617,0.5883106589317322,0.44868136942386627
1172,4,4,4,0.01105441153049469,0.9889456033706665,4,1,4,1,0.9999967217445374,0.9898778200149536,0.9166152477264404,0.010173757595960842,0.08706747195226047,0.8573060035705566,0.14269398152828217,0.9166152477264404,0.9033013666048646
1173,11,15,11,0.01105505134910345,0.988944947719574,11,1,11,1,0.07612462341785431,0.8883875608444214,0.39626842737197876,0.11834718881087909,0.925663450463164,0.9354133009910583,0.06458667665719986,0.39626842737197876,0.16630402207374573
1174,25,25,25,0.010064241476356983,0.9899357557296753,25,1,25,1,0.991773247718811,0.8237990736961365,0.8584146499633789,0.1938286214088825,0.1526680212183419,0.8113921880722046,0.18860787153244019,0.8584146499633789,0.8246617466211319
1175,1,6,1,0.010127812623977661,0.9898722171783447,1,1,1,1,0.17132410407066345,0.9305796027183533,0.6574551463127136,0.07194765823179533,0.41937873579300433,0.9832700490951538,0.016729941591620445,0.6574551463127136,0.5967487543821335
1176,21,21,21,0.010032257996499538,0.9899677634239197,21,1,21,1,0.9999974966049194,0.9991995096206665,0.983863353729248,0.0008008109428406178,0.016268259734292786,0.5829101204872131,0.41708993911743164,0.983863353729248,0.9814815947320312
1177,14,14,14,0.010029511526226997,0.9899705052375793,14,1,14,1,0.9998050332069397,0.9644556641578674,0.888327956199646,0.036191415388216464,0.11841428412718151,0.9161717891693115,0.08382821828126907,0.888327956199646,0.8582105077803135
1178,16,16,16,0.010038387030363083,0.9899616241455078,16,1,16,1,0.9999877214431763,0.9882891178131104,0.9455954432487488,0.01177999467639473,0.05594045124129158,0.8146270513534546,0.18537293374538422,0.9455954432487488,0.9375677797943354
1179,6,3,11,0.010039988905191422,0.9899600148200989,11,0,11,0,0.010468573309481144,0.008989492431282997,0.10320474207401276,4.711698891349111,2.2710404766607777,0.9341146945953369,0.06588532030582428,0.29705071449279785,0.025038152933120728
1180,7,7,27,0.012828719802200794,0.9871712923049927,27,0,27,0,0.8221856951713562,0.2518489360809326,0.2042468786239624,1.3789258312149946,1.5884258274936207,0.8102824091911316,0.18971766531467438,0.3594662547111511,0.14871568977832794
1181,25,25,23,0.013081214390695095,0.9869188070297241,23,0,25,1,0.5803431272506714,0.25158607959747314,0.3845905065536499,1.3799700832004926,0.9555761300799795,0.9926401376724243,0.007359897717833519,0.3845905065536499,0.24748048186302185
1182,11,11,11,0.014022081159055233,0.9859779477119446,11,1,11,1,0.9478208422660828,0.6512578129768372,0.7663207054138184,0.42884968909310656,0.2661545213867083,0.9678655862808228,0.032134413719177246,0.7663207054138184,0.6724161878228188
1183,14,27,14,0.014280367642641068,0.985719621181488,14,1,14,1,0.7221803069114685,0.8316264748573303,0.6472877860069275,0.18437188745725966,0.4349642827467667,0.6485087275505066,0.3514913320541382,0.6472877860069275,0.5851567387580872
1184,11,11,11,0.013790401630103588,0.9862095713615417,11,1,11,1,0.7465498447418213,0.45463794469833374,0.6954055428504944,0.7882539027268448,0.36326008870316434,0.9833906292915344,0.016609426587820053,0.6954055428504944,0.5856329798698425
1185,20,20,6,0.014339982531964779,0.9856600165367126,6,0,6,0,0.23118145763874054,0.11883456259965897,0.14923593401908875,2.1300229833922413,1.9022267755789268,0.7954130172729492,0.2045869380235672,0.1743370145559311,0.0021022260189056396
1186,24,24,24,0.01548291277140379,0.9845170974731445,24,1,24,1,0.9981659650802612,0.9343144297599792,0.9535727500915527,0.0679422488414199,0.04753955890615977,0.8037624955177307,0.1962374746799469,0.9535727500915527,0.9431541198864579
1187,15,15,11,0.015533240512013435,0.9844667315483093,11,0,15,1,0.24619081616401672,0.16026148200035095,0.5165702700614929,1.8309485351999237,0.660543949218592,0.9664875864982605,0.033512383699417114,0.5165702700614929,0.36633454263210297
1188,21,21,21,0.017068136483430862,0.9829318523406982,21,1,21,1,0.9995229840278625,0.9989420771598816,0.9827942848205566,0.0010584828354756552,0.017355453552920168,0.6125465631484985,0.38745343685150146,0.9827942848205566,0.9785615750588477
1189,5,26,5,0.01703229546546936,0.9829676747322083,5,1,5,1,0.2177799940109253,0.4655842185020447,0.456875741481781,0.7644622781091918,0.7833438255370724,0.9367358088493347,0.0632641389966011,0.456875741481781,0.26133695244789124
1190,8,8,8,0.015008311718702316,0.9849916696548462,8,1,8,1,0.9939658641815186,0.9543047547340393,0.8399146199226379,0.04677220914019869,0.17445503526001294,0.6759577393531799,0.3240422308444977,0.8399146199226379,0.7941264770925045
1191,20,20,15,0.014795748516917229,0.98520427942276,15,0,15,0,0.06494780629873276,0.054387833923101425,0.13071343302726746,2.9116147912511035,2.03474788607187,0.5815438032150269,0.41845619678497314,0.4688999652862549,0.3381865322589874
1192,0,0,0,0.017318647354841232,0.9826813340187073,0,1,0,1,0.9999994039535522,0.9997325539588928,0.9849957823753357,0.00026748181117748095,0.0151179196716664,0.6559392809867859,0.3440607190132141,0.9849957823753357,0.9818476911168545
1193,1,1,1,0.01731603592634201,0.9826839566230774,1,1,1,1,0.9998083710670471,0.9869353175163269,0.9301847815513611,0.013150776127409865,0.0723720227308743,0.8228208422660828,0.17717915773391724,0.9301847815513611,0.9150272933766246
1194,12,5,12,0.01730479672551155,0.9826952219009399,12,1,12,1,0.5611806511878967,0.9770541191101074,0.8774836659431458,0.02321323532088071,0.13069693812517,0.9034948348999023,0.09650516510009766,0.8774836659431458,0.8480237908661366
1195,0,0,0,0.016285952180624008,0.9837140440940857,0,1,0,1,0.9966393113136292,0.9967207908630371,0.9397411942481995,0.0032845975262397638,0.06215076689492031,0.7809531092643738,0.21904681622982025,0.9397411942481995,0.9242118010297418
1196,9,5,27,0.01610981673002243,0.983890175819397,27,0,27,0,0.009439139626920223,0.2979731559753418,0.18322722613811493,1.2107518771538937,1.6970282234930965,0.9839541912078857,0.016045814380049706,0.3007395267486572,0.10512827336788177
1197,15,15,15,0.014095507562160492,0.9859045147895813,15,1,15,1,0.9984728097915649,0.9329179525375366,0.9339134097099304,0.06943802140411509,0.068371554141058,0.9296767115592957,0.07032330334186554,0.9339134097099304,0.9231014437973499
1198,18,18,18,0.01414388045668602,0.9858561158180237,18,1,18,1,0.7418177127838135,0.5880768299102783,0.6634754538536072,0.5308976765064729,0.41026342083978545,0.9885483980178833,0.011451613157987595,0.6634754538536072,0.5310664176940918
1199,11,20,11,0.013566773384809494,0.986433207988739,11,1,11,1,0.8267486095428467,0.3395962119102478,0.3582727909088135,1.079997979170621,1.0264605969664007,0.9538090825080872,0.046190936118364334,0.3582727909088135,0.21086543798446655
1200,4,4,22,0.013449226506054401,0.9865507483482361,22,0,4,1,0.030074940994381905,0.027355076745152473,0.20175701379776,3.5988531459446946,1.6006912076395325,0.9853397011756897,0.0146602438762784,0.20175701379776,0.07802009582519531
1201,7,7,7,0.016583040356636047,0.9834169745445251,7,1,7,1,0.9915651679039001,0.8517730236053467,0.7652923464775085,0.16043519186380556,0.2674973658989964,0.7382780909538269,0.2617218792438507,0.7652923464775085,0.7073181420564651
1202,25,25,25,0.016546016559004784,0.9834539890289307,25,1,25,1,0.9042900800704956,0.5669645071029663,0.7084388136863708,0.5674585749157024,0.3446915839386528,0.82863849401474,0.17136158049106598,0.7084388136863708,0.6461147777736187
1203,19,9,19,0.016912980005145073,0.9830870032310486,19,1,19,1,0.3633486032485962,0.9196478128433228,0.3334011137485504,0.08376449435714149,1.0984089680934874,0.9936879277229309,0.006312091369181871,0.3334011137485504,0.1200341284275055
1204,7,26,7,0.015932705253362656,0.9840673208236694,7,1,7,1,0.24674567580223083,0.5115708708763123,0.4682021141052246,0.670269148200409,0.7588552085463185,0.9979047775268555,0.002095269737765193,0.4682021141052246,0.33215485513210297
1205,5,5,5,0.013602366670966148,0.9863976240158081,5,1,5,1,0.9795858263969421,0.8516703844070435,0.7143062949180603,0.16055569976908102,0.3364434241510117,0.7100255489349365,0.28997448086738586,0.7143062949180603,0.6602296158671379
1206,26,26,26,0.013448826968669891,0.9865511655807495,26,1,26,1,0.999941349029541,0.9987783432006836,0.9449036717414856,0.0012224036302934545,0.05667229134917996,0.873405396938324,0.12659461796283722,0.9449036717414856,0.939242500346154
1207,17,17,27,0.013424737378954887,0.9865752458572388,27,0,17,1,0.3150024712085724,0.2092215120792389,0.378998726606369,1.5643617218713457,0.9702224337830094,0.7278584837913513,0.2721415162086487,0.378998726606369,0.011753380298614502
1208,7,9,7,0.01429738663136959,0.985702633857727,7,1,7,1,0.006771774962544441,0.9552129507064819,0.8399063944816589,0.04582097832590873,0.17446482849501657,0.9226469993591309,0.07735294848680496,0.8399063944816589,0.799180418252945
1209,5,5,5,0.010661247186362743,0.989338755607605,5,1,5,1,0.9872967004776001,0.9886618256568909,0.9249447584152222,0.011402941467839177,0.07802126388525206,0.8161996603012085,0.1838003396987915,0.9249447584152222,0.9152050148695707
1210,4,4,4,0.010426860302686691,0.9895731210708618,4,1,4,1,0.999197781085968,0.9837291240692139,0.9036707282066345,0.016404700243958285,0.10129022365046661,0.9632569551467896,0.03674299269914627,0.9036707282066345,0.8880050703883171
1211,3,15,6,0.010384410619735718,0.9896156191825867,6,0,15,0,0.0364084467291832,0.03944384306669235,0.08874063938856125,3.232877313155697,2.4220373278673235,0.9961367249488831,0.0038632883224636316,0.16397440433502197,0.05098063498735428
1212,8,0,8,0.011733436025679111,0.9882665872573853,8,1,8,1,0.36858049035072327,0.4693731665611267,0.2351958453655243,0.7563571625994591,1.4473367273759068,0.7068776488304138,0.29312238097190857,0.2351958453655243,0.049874112010002136
1213,22,18,2,0.010393748059868813,0.9896062612533569,2,0,18,0,0.518368661403656,0.17534466087818146,0.03064597398042679,1.741001751230304,3.4852539798630335,0.9888467192649841,0.011153307743370533,0.4504047930240631,0.2923429608345032
1214,5,5,5,0.010900584049522877,0.9890994429588318,5,1,5,1,0.9966849088668823,0.9834480285644531,0.9152395725250244,0.016690485900118006,0.08856942008135588,0.8274717926979065,0.17252814769744873,0.9152395725250244,0.8973885364830494
1215,10,10,10,0.010852055624127388,0.989147961139679,10,1,10,1,0.9999967813491821,0.9974195957183838,0.9875348806381226,0.0025837392630467743,0.012543460665485704,0.9416837096214294,0.058316297829151154,0.9875348806381226,0.9851634902879596
1216,1,5,1,0.010849671438336372,0.98915034532547,1,1,1,1,0.06260614842176437,0.972345769405365,0.7159737348556519,0.028043807937646225,0.3341117958568325,0.991838276386261,0.008161677978932858,0.7159737348556519,0.5592173784971237
1217,26,1,26,0.0100172758102417,0.9899827241897583,26,1,26,1,0.06469152867794037,0.5830424427986145,0.17219506204128265,0.539495294597756,1.7591273631181144,0.8911987543106079,0.10880126804113388,0.17219506204128265,0.06773024052381516
1218,5,5,5,0.010266047902405262,0.9897339344024658,5,1,5,1,0.9847373366355896,0.9295184016227722,0.8848463296890259,0.07308867468172164,0.12234128782062627,0.7700250148773193,0.2299749255180359,0.8848463296890259,0.8517808020114899
1219,0,0,0,0.010114531964063644,0.9898854494094849,0,1,0,1,0.9999905228614807,0.9995548129081726,0.9792401790618896,0.00044528621702135367,0.02097833552719251,0.6459019184112549,0.3540980815887451,0.9792401790618896,0.9765716309193522
1220,16,12,21,0.010107012465596199,0.9898929595947266,21,0,21,0,0.2529628574848175,0.0325273834168911,0.11507735401391983,3.4256729777329142,2.1621507331428953,0.9564986824989319,0.04350138083100319,0.21886779367923737,0.10379043966531754
1221,3,3,3,0.011871985159814358,0.9881280064582825,3,1,3,1,0.9955751299858093,0.8422753810882568,0.8821040987968445,0.17164826228664523,0.12544520409308557,0.8273608088493347,0.1726391464471817,0.8821040987968445,0.8053874745965004
1222,17,17,17,0.011928893625736237,0.988071084022522,17,1,17,1,0.9982450008392334,0.9718999266624451,0.9227229356765747,0.02850243593063754,0.08042626757360842,0.6193369626998901,0.38066306710243225,0.9227229356765747,0.9031045902520418
1223,4,4,4,0.011856591328978539,0.9881433844566345,4,1,4,1,0.9979420304298401,0.9878789782524109,0.9179936647415161,0.01219508038434116,0.08556478953849221,0.6633180379867554,0.33668190240859985,0.9179936647415161,0.8940675929188728
1224,16,16,16,0.011795067228376865,0.9882049560546875,16,1,16,1,0.9998283982276917,0.9704362750053406,0.9015961289405823,0.030009540553295792,0.1035886098099512,0.8237758278846741,0.1762242168188095,0.9015961289405823,0.8619364611804485
1225,14,27,14,0.011807018890976906,0.9881929755210876,14,1,14,1,0.6769739389419556,0.915371835231781,0.8362807631492615,0.08842491895301559,0.17879088119179692,0.7242000699043274,0.2757999300956726,0.8362807631492615,0.7658991143107414
1226,17,17,17,0.011316121555864811,0.9886838793754578,17,1,17,1,0.9178791046142578,0.4873506426811218,0.6038997173309326,0.7187714094737758,0.5043471257410312,0.7236365675926208,0.27636346220970154,0.6038997173309326,0.5542734116315842
1227,24,24,24,0.011679816991090775,0.9883201718330383,24,1,24,1,0.9628334641456604,0.475994348526001,0.7535750269889832,0.7423492976657355,0.28292669455332686,0.9685310125350952,0.031468916684389114,0.7535750269889832,0.7245466951280832
1228,16,9,16,0.011933715082705021,0.9880662560462952,16,1,16,1,0.5396928191184998,0.9492939114570618,0.8519936800003052,0.052036821833416604,0.16017617002035103,0.8264539837837219,0.17354603111743927,0.8519936800003052,0.811635285615921
1229,7,5,7,0.011266670189797878,0.9887333512306213,7,1,7,1,0.361605167388916,0.9855152368545532,0.8937146067619324,0.014590691469254973,0.11236878658386298,0.9124280214309692,0.08757192641496658,0.8937146067619324,0.8378144167363644
1230,4,4,13,0.010347745381295681,0.9896522760391235,13,0,13,0,0.21567119657993317,0.1412551999092102,0.31594735383987427,1.957187096116655,1.1521796810473917,0.7688762545585632,0.23112379014492035,0.35254067182540894,0.03659331798553467
1231,16,16,16,0.011382528580725193,0.988617479801178,16,1,16,1,0.9978315830230713,0.9567623734474182,0.9324837327003479,0.044200221969341036,0.06990357244169336,0.7972514033317566,0.20274865627288818,0.9324837327003479,0.9228072464466095
1232,21,21,21,0.011356102302670479,0.9886438846588135,21,1,21,1,0.9948246479034424,0.8662712574005127,0.8723304867744446,0.1435571892114229,0.13658692828043692,0.5697014927864075,0.43029847741127014,0.8723304867744446,0.8482338152825832
1233,24,24,25,0.011376877315342426,0.9886231422424316,25,0,24,1,0.4973032772541046,0.2731741964817047,0.7517994046211243,1.2976456049345968,0.28528573979022315,0.9560601115226746,0.04393985867500305,0.7517994046211243,0.665697954595089
1234,24,24,24,0.012141191400587559,0.9878588318824768,24,1,24,1,0.8607556819915771,0.5889291763305664,0.9448336362838745,0.5294493464813701,0.05674641324680639,0.913550078868866,0.08644992858171463,0.9448336362838745,0.9248499553650618
1235,7,7,7,0.012464386411011219,0.9875355958938599,7,1,7,1,0.9995028972625732,0.942201554775238,0.908463180065155,0.05953606256341004,0.09600092023890985,0.5997644662857056,0.40023553371429443,0.908463180065155,0.8764537274837494
1236,24,24,23,0.012471118941903114,0.9875288605690002,23,0,24,1,0.13011501729488373,0.0528271347284317,0.49643218517303467,2.9407303049679627,0.7003083905798034,0.9905937314033508,0.009406277909874916,0.49643218517303467,0.43075689673423767
1237,9,5,9,0.014520399272441864,0.9854795932769775,9,1,9,1,0.5285237431526184,0.8776151537895203,0.6763025522232056,0.13054710286217264,0.3911147406050136,0.831470251083374,0.16852967441082,0.6763025522232056,0.6339094564318657
1238,9,27,14,0.013749967329204082,0.9862500429153442,14,0,14,0,0.09987201541662216,0.05819406360387802,0.0805560052394867,2.843971929380459,2.5188026191959794,0.36929816007614136,0.6307018399238586,0.7449712157249451,0.6644152104854584
1239,3,6,3,0.014545473270118237,0.9854544997215271,6,0,6,0,0.9267621636390686,0.4507008194923401,0.1965259164571762,0.7969515310215117,1.626960966002282,0.9531572461128235,0.0468427874147892,0.6000398397445679,0.40351392328739166
1240,1,7,1,0.014261205680668354,0.9857388138771057,1,1,1,1,0.014808695763349533,0.9642726182937622,0.8240565657615662,0.0363812252917889,0.19351610365992464,0.8899200558662415,0.11007994413375854,0.8240565657615662,0.7882189899682999
1241,0,0,0,0.011197526939213276,0.9888024926185608,0,1,0,1,0.9997904300689697,0.9995373487472534,0.9804994463920593,0.00046275830885845223,0.019693197963886987,0.7564460039138794,0.24355396628379822,0.9804994463920593,0.9750985368154943
1242,21,21,21,0.01117885485291481,0.9888211488723755,21,1,21,1,0.9999969601631165,0.9951566457748413,0.9681885242462158,0.004855121275269993,0.032328454215433663,0.629124641418457,0.37087535858154297,0.9681885242462158,0.9635645202361047
