round,ground_truth,emergency_percentage,correct_percentage,loss,softmax_output
0,1,100.00%,100.00%,0.5322,"[0.40856069326400757, 0.5914393663406372]"
1,0,50.00%,50.00%,0.8531,"[0.42468854784965515, 0.5753114223480225]"
2,1,66.67%,66.67%,0.5407,"[0.4211999177932739, 0.5788001418113708]"
3,0,50.00%,50.00%,0.8823,"[0.4153713285923004, 0.5846286416053772]"
4,1,60.00%,60.00%,0.5256,"[0.4116666316986084, 0.5883333683013916]"
5,1,66.67%,66.67%,0.5462,"[0.4205133318901062, 0.579486608505249]"
6,0,57.14%,57.14%,0.8683,"[0.42539212107658386, 0.5746079087257385]"
7,0,50.00%,50.00%,0.874,"[0.41628748178482056, 0.5837125182151794]"
8,0,44.44%,44.44%,0.862,"[0.4180809557437897, 0.5819190740585327]"
9,1,50.00%,50.00%,0.5222,"[0.407682865858078, 0.5923171043395996]"
10,1,54.55%,54.55%,0.5338,"[0.4159451723098755, 0.5840548276901245]"
11,1,58.33%,58.33%,0.5501,"[0.42889419198036194, 0.5711057782173157]"
12,1,61.54%,61.54%,0.5554,"[0.4422791600227356, 0.5577208399772644]"
13,1,64.29%,64.29%,0.5454,"[0.4437396228313446, 0.5562604069709778]"
14,1,66.67%,66.67%,0.5431,"[0.4330346882343292, 0.5669653415679932]"
15,0,62.50%,62.50%,0.781,"[0.4591728150844574, 0.540827214717865]"
16,0,58.82%,58.82%,0.8577,"[0.4164584279060364, 0.5835416316986084]"
17,0,55.56%,55.56%,0.8217,"[0.4390796422958374, 0.5609203577041626]"
18,0,52.63%,52.63%,0.8394,"[0.43162888288497925, 0.5683711767196655]"
19,1,55.00%,55.00%,0.5181,"[0.4082028567790985, 0.5917971730232239]"
20,1,57.14%,57.14%,0.5446,"[0.4197838008403778, 0.5802162289619446]"
21,1,59.09%,59.09%,0.5607,"[0.4291948974132538, 0.5708051323890686]"
22,1,60.87%,60.87%,0.5516,"[0.4232161045074463, 0.5767838954925537]"
23,0,58.33%,58.33%,0.7679,"[0.47350403666496277, 0.5264959335327148]"
24,0,56.00%,56.00%,0.795,"[0.4439237415790558, 0.5560762882232666]"
25,1,57.69%,57.69%,0.5309,"[0.4156018793582916, 0.584398090839386]"
26,1,59.26%,59.26%,0.5482,"[0.42630940675735474, 0.5736905932426453]"
27,0,57.14%,57.14%,0.8352,"[0.4244040548801422, 0.5755959749221802]"
28,0,55.17%,55.17%,0.8166,"[0.4411757290363312, 0.5588242411613464]"
29,1,56.67%,56.67%,0.5589,"[0.42764726281166077, 0.5723526477813721]"
30,1,58.06%,58.06%,0.5607,"[0.4207417368888855, 0.5792582631111145]"
31,0,56.25%,56.25%,0.7655,"[0.47033828496932983, 0.5296617150306702]"
32,0,54.55%,54.55%,0.7644,"[0.4695117473602295, 0.5304881930351257]"
33,0,52.94%,52.94%,0.777,"[0.45393607020378113, 0.5460638403892517]"
34,1,54.29%,54.29%,0.5103,"[0.3949049413204193, 0.6050950288772583]"
35,1,55.56%,55.56%,0.5331,"[0.4542689621448517, 0.5457310080528259]"
36,0,54.05%,54.05%,0.7335,"[0.47524040937423706, 0.5247595906257629]"
37,0,52.63%,52.63%,0.8361,"[0.4202938973903656, 0.579706072807312]"
38,1,53.85%,53.85%,0.5645,"[0.43004289269447327, 0.5699570775032043]"
39,1,55.00%,55.00%,0.6076,"[0.46979856491088867, 0.5302014350891113]"
40,1,56.10%,56.10%,0.5255,"[0.4440900981426239, 0.5559098720550537]"
41,1,57.14%,57.14%,0.6047,"[0.447609007358551, 0.5523910522460938]"
42,1,58.14%,58.14%,0.6154,"[0.45861342549324036, 0.541386604309082]"
43,0,56.82%,56.82%,0.6962,"[0.47590070962905884, 0.5240993499755859]"
44,0,55.56%,55.56%,0.7141,"[0.4883056879043579, 0.5116942524909973]"
45,1,56.52%,56.52%,0.5755,"[0.44103094935417175, 0.5589690208435059]"
46,0,55.32%,57.45%,0.6962,"[0.5062190294265747, 0.4937809407711029]"
47,1,56.25%,58.33%,0.5887,"[0.4650733768939972, 0.53492671251297]"
48,0,55.10%,57.14%,0.7484,"[0.4636085629463196, 0.5363914966583252]"
49,0,54.00%,58.00%,0.6387,"[0.5277383923530579, 0.47226154804229736]"
50,1,54.90%,58.82%,0.5883,"[0.4306876063346863, 0.569312334060669]"
51,0,53.85%,57.69%,0.7922,"[0.4355316758155823, 0.5644683241844177]"
52,1,54.72%,58.49%,0.5732,"[0.4489268362522125, 0.5510731339454651]"
53,0,53.70%,59.26%,0.739,"[0.5107519626617432, 0.48924803733825684]"
54,1,54.55%,60.00%,0.5886,"[0.44584885239601135, 0.5541511178016663]"
55,1,55.36%,60.71%,0.573,"[0.41254743933677673, 0.5874525904655457]"
56,1,56.14%,61.40%,0.6311,"[0.4795115888118744, 0.520488440990448]"
57,1,56.90%,62.07%,0.5975,"[0.40672096610069275, 0.5932790637016296]"
58,1,57.63%,61.02%,0.8234,"[0.5450806617736816, 0.45491930842399597]"
59,0,56.67%,61.67%,0.577,"[0.5620265603065491, 0.4379734694957733]"
60,0,55.74%,62.30%,0.6017,"[0.555351734161377, 0.44464826583862305]"
61,0,54.84%,62.90%,0.6517,"[0.5136568546295166, 0.4863431751728058]"
62,0,53.97%,61.90%,0.865,"[0.44117578864097595, 0.5588242411613464]"
63,0,53.12%,60.94%,0.8352,"[0.4270825982093811, 0.5729173421859741]"
64,1,53.85%,61.54%,0.5779,"[0.4406226575374603, 0.5593773722648621]"
65,1,54.55%,60.61%,0.6372,"[0.5046054124832153, 0.4953945279121399]"
66,1,55.22%,61.19%,0.6833,"[0.4812849462032318, 0.5187150835990906]"
67,0,54.41%,61.76%,0.588,"[0.5721321702003479, 0.4278678297996521]"
68,0,53.62%,60.87%,0.8267,"[0.45321688055992126, 0.5467830896377563]"
69,0,52.86%,60.00%,0.7238,"[0.4975634217262268, 0.5024365782737732]"
70,0,52.11%,59.15%,0.7819,"[0.4681011736392975, 0.5318988561630249]"
71,0,51.39%,58.33%,0.6398,"[0.4571649730205536, 0.542834997177124]"
72,0,50.68%,58.90%,0.6191,"[0.5349817276000977, 0.46501830220222473]"
73,1,51.35%,59.46%,0.6892,"[0.4903262257575989, 0.5096738338470459]"
74,0,50.67%,60.00%,0.7722,"[0.5240759253501892, 0.4759240746498108]"
75,0,50.00%,60.53%,0.5886,"[0.5506060123443604, 0.4493940472602844]"
76,0,49.35%,61.04%,0.5477,"[0.5857551097869873, 0.4142448604106903]"
77,0,48.72%,61.54%,0.5603,"[0.5695862174034119, 0.43041378259658813]"
78,0,48.10%,62.03%,0.5448,"[0.5831408500671387, 0.41685912013053894]"
79,1,48.75%,62.50%,0.6761,"[0.4963489770889282, 0.5036510825157166]"
80,1,49.38%,62.96%,0.7296,"[0.49601563811302185, 0.5039843320846558]"
81,0,48.78%,63.41%,0.4939,"[0.6207495927810669, 0.37925031781196594]"
82,1,49.40%,63.86%,0.7018,"[0.492098867893219, 0.507901132106781]"
83,0,48.81%,64.29%,0.4831,"[0.6130606532096863, 0.3869393467903137]"
84,1,49.41%,63.53%,0.8042,"[0.556752622127533, 0.44324737787246704]"
85,0,48.84%,63.95%,0.4743,"[0.622441291809082, 0.37755873799324036]"
86,0,48.28%,64.37%,0.4917,"[0.6109020113945007, 0.38909804821014404]"
87,1,48.86%,64.77%,0.6089,"[0.43319806456565857, 0.5668019652366638]"
88,1,49.44%,64.04%,0.8098,"[0.5326129198074341, 0.46738702058792114]"
89,0,48.89%,64.44%,0.4991,"[0.621088445186615, 0.378911554813385]"
90,0,48.35%,64.84%,0.4587,"[0.6243079900741577, 0.3756920397281647]"
91,1,48.91%,64.13%,0.777,"[0.5218189358711243, 0.47818103432655334]"
92,1,49.46%,63.44%,0.7961,"[0.5390359163284302, 0.4609641432762146]"
93,0,48.94%,63.83%,0.4845,"[0.6200042366981506, 0.37999579310417175]"
94,0,48.42%,64.21%,0.4775,"[0.6176362037658691, 0.38236376643180847]"
95,0,47.92%,64.58%,0.5582,"[0.5776634812355042, 0.42233648896217346]"
96,0,47.42%,64.95%,0.5123,"[0.5951390266418457, 0.4048609435558319]"
97,1,47.96%,65.31%,0.6387,"[0.46914559602737427, 0.5308544039726257]"
98,1,48.48%,65.66%,0.686,"[0.48802146315574646, 0.5119785666465759]"
99,0,48.00%,65.00%,0.6164,"[0.48863494396209717, 0.5113651156425476]"
100,0,47.52%,65.35%,0.4607,"[0.6246628761291504, 0.3753371238708496]"
101,1,48.04%,64.71%,0.6554,"[0.5991896390914917, 0.4008104205131531]"
102,0,47.57%,65.05%,0.6496,"[0.5179036855697632, 0.4820963740348816]"
103,0,47.12%,65.38%,0.4564,"[0.6360152959823608, 0.3639846742153168]"
104,0,46.67%,65.71%,0.6845,"[0.5657998323440552, 0.4342001676559448]"
105,1,47.17%,65.09%,0.5892,"[0.5937747955322266, 0.4062252342700958]"
106,0,46.73%,65.42%,0.5039,"[0.6170724630355835, 0.3829275667667389]"
107,1,47.22%,65.74%,0.8107,"[0.48361796140670776, 0.5163819789886475]"
108,0,46.79%,66.06%,0.7909,"[0.5190804600715637, 0.4809195399284363]"
109,1,47.27%,65.45%,1.0269,"[0.6347635388374329, 0.36523643136024475]"
110,0,46.85%,65.77%,0.4027,"[0.6637201309204102, 0.33627986907958984]"
111,1,47.32%,65.18%,0.709,"[0.5803415775299072, 0.41965845227241516]"
112,0,46.90%,65.49%,0.4092,"[0.6671459674835205, 0.3328540623188019]"
113,0,46.49%,65.79%,0.4297,"[0.6483723521232605, 0.3516275882720947]"
114,1,46.96%,66.09%,0.4861,"[0.3719887435436249, 0.6280112862586975]"
115,1,47.41%,65.52%,0.768,"[0.5041556358337402, 0.49584436416625977]"
116,0,47.01%,65.81%,0.4144,"[0.6691197156906128, 0.3308803141117096]"
117,1,47.46%,66.10%,0.6018,"[0.44025281071662903, 0.5597471594810486]"
118,1,47.90%,65.55%,0.705,"[0.5219978094100952, 0.4780021607875824]"
119,0,47.50%,65.83%,0.4829,"[0.6028524041175842, 0.39714759588241577]"
120,1,47.93%,66.12%,0.4965,"[0.44802126288414, 0.5519787669181824]"
121,0,47.54%,66.39%,0.4094,"[0.6647933125495911, 0.3352067172527313]"
122,1,47.97%,66.67%,0.7294,"[0.4053424000740051, 0.5946575999259949]"
123,1,48.39%,66.94%,0.5966,"[0.39642733335494995, 0.6035726070404053]"
124,1,48.80%,66.40%,0.9363,"[0.5828499794006348, 0.41714996099472046]"
125,1,49.21%,66.67%,0.6419,"[0.49139419198036194, 0.5086057782173157]"
126,1,49.61%,66.14%,0.7307,"[0.554503858089447, 0.4454961121082306]"
127,0,49.22%,66.41%,0.4464,"[0.6556967496871948, 0.3443032205104828]"
128,1,49.61%,66.67%,0.5406,"[0.3873460590839386, 0.6126539707183838]"
129,1,50.00%,66.15%,0.8162,"[0.544188380241394, 0.4558117091655731]"
130,1,50.38%,66.41%,0.5587,"[0.4285537898540497, 0.5714462399482727]"
131,0,50.00%,66.67%,0.4417,"[0.6432467699050903, 0.3567532002925873]"
132,1,50.38%,66.92%,0.6327,"[0.34790003299713135, 0.6520999670028687]"
133,1,50.75%,67.16%,0.7797,"[0.4691239893436432, 0.5308760404586792]"
134,0,50.37%,67.41%,0.5848,"[0.5552966594696045, 0.4447033703327179]"
135,1,50.74%,66.91%,0.4921,"[0.5178561806678772, 0.4821438789367676]"
136,1,51.09%,67.15%,0.4451,"[0.3624725937843323, 0.6375274658203125]"
137,0,50.72%,66.67%,0.8618,"[0.38477641344070435, 0.6152235865592957]"
138,1,51.08%,66.91%,0.4173,"[0.34552279114723206, 0.6544771790504456]"
139,1,51.43%,67.14%,0.4331,"[0.3518969714641571, 0.6481029391288757]"
140,0,51.06%,66.67%,0.6447,"[0.4441869556903839, 0.5558130145072937]"
141,0,50.70%,66.20%,0.9966,"[0.4227543771266937, 0.5772456526756287]"
142,1,51.05%,66.43%,0.4767,"[0.36750972270965576, 0.6324902176856995]"
143,0,50.69%,66.67%,0.6415,"[0.5302172899246216, 0.4697827398777008]"
144,0,50.34%,66.21%,0.7819,"[0.46840736269950867, 0.5315926671028137]"
145,0,50.00%,65.75%,0.8616,"[0.4531503915786743, 0.5468496084213257]"
146,1,50.34%,65.99%,0.4081,"[0.32557621598243713, 0.6744238138198853]"
147,0,50.00%,65.54%,0.763,"[0.4723084568977356, 0.5276915431022644]"
148,0,49.66%,65.77%,0.7247,"[0.5122585892677307, 0.4877414107322693]"
149,0,49.33%,66.00%,0.7496,"[0.5178089737892151, 0.4821910560131073]"
150,0,49.01%,66.23%,0.6297,"[0.5012262463569641, 0.4987737536430359]"
151,1,49.34%,66.45%,0.4188,"[0.3645487427711487, 0.6354511976242065]"
152,1,49.67%,66.67%,0.4149,"[0.33076417446136475, 0.6692358255386353]"
153,1,50.00%,66.88%,0.5232,"[0.38396233320236206, 0.6160376667976379]"
154,1,50.32%,67.10%,0.5091,"[0.36487436294555664, 0.6351256966590881]"
155,0,50.00%,67.31%,0.4232,"[0.6532345414161682, 0.3467654883861542]"
156,1,50.32%,66.88%,0.7664,"[0.5470171570777893, 0.4529827833175659]"
157,0,50.00%,67.09%,0.4393,"[0.6437851190567017, 0.35621488094329834]"
158,0,49.69%,67.30%,0.7957,"[0.5174137949943542, 0.4825862646102905]"
159,0,49.38%,66.88%,0.6554,"[0.4432615637779236, 0.5567384958267212]"
160,1,49.69%,67.08%,0.4081,"[0.35522761940956116, 0.6447724103927612]"
161,0,49.38%,67.28%,0.4696,"[0.6063201427459717, 0.39367979764938354]"
162,0,49.08%,67.48%,0.4702,"[0.6140817403793335, 0.38591834902763367]"
163,0,48.78%,67.68%,0.688,"[0.5007876753807068, 0.4992123246192932]"
164,0,48.48%,67.27%,0.6892,"[0.41025587916374207, 0.5897440910339355]"
165,0,48.19%,67.47%,0.4426,"[0.6387032270431519, 0.36129674315452576]"
166,1,48.50%,67.07%,0.6456,"[0.5695251822471619, 0.43047481775283813]"
167,1,48.81%,66.67%,0.611,"[0.5518198609352112, 0.4481801390647888]"
168,1,49.11%,66.86%,0.4893,"[0.4889424443244934, 0.5110574960708618]"
169,1,49.41%,66.47%,0.7292,"[0.616096019744873, 0.38390401005744934]"
170,0,49.12%,66.67%,0.6347,"[0.6468152403831482, 0.3531847894191742]"
171,0,48.84%,66.86%,0.3841,"[0.6865488886833191, 0.3134511113166809]"
172,0,48.55%,67.05%,0.3753,"[0.6865899562835693, 0.31341004371643066]"
173,1,48.85%,67.24%,0.5342,"[0.3454133868217468, 0.6545866131782532]"
174,0,48.57%,67.43%,0.366,"[0.6898202896118164, 0.3101797103881836]"
175,0,48.30%,67.61%,0.378,"[0.682852029800415, 0.31714797019958496]"
176,1,48.59%,67.23%,0.6363,"[0.6032212376594543, 0.39677873253822327]"
177,1,48.88%,67.42%,0.5071,"[0.41732925176620483, 0.5826707482337952]"
178,1,49.16%,67.60%,0.5057,"[0.3861117959022522, 0.6138882040977478]"
179,0,48.89%,67.78%,0.4248,"[0.6616801023483276, 0.33831992745399475]"
180,1,49.17%,67.40%,0.8605,"[0.6123193502426147, 0.38768064975738525]"
181,1,49.45%,67.03%,0.7677,"[0.5523399710655212, 0.44766005873680115]"
182,1,49.73%,67.21%,0.484,"[0.4390873312950134, 0.5609126687049866]"
183,1,50.00%,67.39%,0.8259,"[0.4047602713108063, 0.5952396988868713]"
184,0,49.73%,67.57%,0.591,"[0.6297499537467957, 0.37025001645088196]"
185,0,49.46%,67.74%,0.3819,"[0.6872866153717041, 0.3127133846282959]"
186,1,49.73%,67.38%,0.7003,"[0.5376001000404358, 0.4623998701572418]"
187,1,50.00%,67.02%,0.7703,"[0.6602870225906372, 0.3397129774093628]"
188,0,49.74%,67.20%,0.452,"[0.55295729637146, 0.44704267382621765]"
189,1,50.00%,67.37%,0.3973,"[0.3918910622596741, 0.6081089973449707]"
190,1,50.26%,67.54%,0.4094,"[0.3528219759464264, 0.647178053855896]"
191,1,50.52%,67.71%,0.4451,"[0.3543855845928192, 0.6456144452095032]"
192,1,50.78%,67.88%,0.4685,"[0.34596937894821167, 0.6540305614471436]"
193,0,50.52%,68.04%,0.4275,"[0.6512708067893982, 0.3487292230129242]"
194,0,50.26%,67.69%,0.7271,"[0.3304990231990814, 0.6695009469985962]"
195,0,50.00%,67.86%,0.426,"[0.6411692500114441, 0.3588307797908783]"
196,0,49.75%,68.02%,0.4048,"[0.6677045226097107, 0.3322954773902893]"
197,0,49.49%,68.18%,0.3777,"[0.684535562992096, 0.31546446681022644]"
198,0,49.25%,67.84%,0.7856,"[0.49694740772247314, 0.5030526518821716]"
199,1,49.50%,68.00%,0.4865,"[0.4281212389469147, 0.5718788504600525]"
200,0,49.25%,68.16%,0.4058,"[0.663693368434906, 0.336306631565094]"
201,1,49.50%,68.32%,0.4689,"[0.37449362874031067, 0.6255064010620117]"
202,1,49.75%,68.47%,0.427,"[0.3268425166606903, 0.6731575131416321]"
203,1,50.00%,68.14%,0.5008,"[0.5211803913116455, 0.4788196384906769]"
204,1,50.24%,68.29%,0.6734,"[0.40973252058029175, 0.5902674794197083]"
205,0,50.00%,68.45%,0.5007,"[0.6220902800559998, 0.37790971994400024]"
206,1,50.24%,68.60%,0.3995,"[0.3266438841819763, 0.6733561158180237]"
207,0,50.00%,68.75%,0.565,"[0.5435802340507507, 0.45641976594924927]"
208,0,49.76%,68.90%,0.3873,"[0.6834253072738647, 0.31657475233078003]"
209,0,49.52%,69.05%,0.3944,"[0.6659535765647888, 0.3340464234352112]"
210,0,49.29%,68.72%,0.8974,"[0.37520354986190796, 0.624796450138092]"
211,0,49.06%,68.40%,0.5884,"[0.49470001459121704, 0.505299985408783]"
212,1,49.30%,68.08%,1.0568,"[0.5836536884307861, 0.4163462817668915]"
213,0,49.07%,68.22%,0.3497,"[0.7064585089683533, 0.29354149103164673]"
214,0,48.84%,68.37%,0.5453,"[0.6504215002059937, 0.34957846999168396]"
215,0,48.61%,68.52%,0.3615,"[0.7022361755371094, 0.2977638244628906]"
216,1,48.85%,68.20%,0.6671,"[0.5945870876312256, 0.4054129123687744]"
217,0,48.62%,68.35%,0.3539,"[0.7005897164344788, 0.2994101941585541]"
218,0,48.40%,68.49%,0.3388,"[0.7124208211898804, 0.28757911920547485]"
219,1,48.64%,68.18%,1.0773,"[0.670431911945343, 0.3295680284500122]"
220,0,48.42%,68.33%,0.3441,"[0.7090192437171936, 0.29098081588745117]"
221,1,48.65%,68.02%,0.6343,"[0.6596047878265381, 0.3403953015804291]"
222,0,48.43%,68.16%,0.3393,"[0.7092703580856323, 0.2907296419143677]"
223,1,48.66%,68.30%,0.3916,"[0.32034340500831604, 0.6796566247940063]"
224,0,48.44%,68.44%,0.3495,"[0.7053548097610474, 0.29464516043663025]"
225,1,48.67%,68.58%,0.3728,"[0.3117727041244507, 0.6882272362709045]"
226,0,48.46%,68.72%,0.4416,"[0.6539282202720642, 0.3460718095302582]"
227,1,48.68%,68.86%,0.3612,"[0.31696218252182007, 0.6830378174781799]"
228,1,48.91%,68.56%,0.4537,"[0.5053319334983826, 0.4946681261062622]"
229,0,48.70%,68.26%,0.5226,"[0.4866432547569275, 0.5133566856384277]"
230,1,48.92%,68.40%,0.739,"[0.39323562383651733, 0.6067644357681274]"
231,0,48.71%,68.53%,0.3348,"[0.7152692675590515, 0.2847307324409485]"
232,0,48.50%,68.67%,0.3387,"[0.7115554213523865, 0.2884446084499359]"
233,1,48.72%,68.80%,0.4246,"[0.31027156114578247, 0.6897284984588623]"
234,0,48.51%,68.51%,0.8416,"[0.4241475462913513, 0.5758525133132935]"
235,0,48.31%,68.64%,0.3349,"[0.7155156135559082, 0.2844843864440918]"
236,1,48.52%,68.35%,0.7703,"[0.660455048084259, 0.33954495191574097]"
237,1,48.74%,68.49%,0.3757,"[0.3295360803604126, 0.6704638600349426]"
238,0,48.54%,68.62%,0.3393,"[0.7166996002197266, 0.2833004295825958]"
239,0,48.33%,68.75%,0.8204,"[0.580513596534729, 0.41948649287223816]"
240,0,48.13%,68.88%,0.3287,"[0.7207797765731812, 0.27922025322914124]"
241,1,48.35%,68.60%,0.4926,"[0.5276785492897034, 0.472321480512619]"
242,1,48.56%,68.31%,1.0001,"[0.5627895593643188, 0.43721041083335876]"
243,0,48.36%,68.44%,0.3213,"[0.7250649333000183, 0.27493515610694885]"
244,1,48.57%,68.57%,0.3707,"[0.3065212070941925, 0.6934788227081299]"
245,0,48.37%,68.70%,0.3222,"[0.7249422073364258, 0.2750578224658966]"
246,0,48.18%,68.83%,0.3392,"[0.7151011228561401, 0.28489890694618225]"
247,1,48.39%,68.95%,0.5074,"[0.3706810772418976, 0.62931889295578]"
248,0,48.19%,69.08%,0.3373,"[0.7156714200973511, 0.28432855010032654]"
249,0,48.00%,69.20%,0.338,"[0.713528037071228, 0.28647199273109436]"
250,1,48.21%,69.32%,0.3776,"[0.31013327836990356, 0.6898667812347412]"
251,1,48.41%,69.44%,0.3955,"[0.4930339455604553, 0.5069660544395447]"
252,0,48.22%,69.57%,0.3186,"[0.7267864942550659, 0.27321356534957886]"
253,1,48.43%,69.69%,0.3397,"[0.3073860704898834, 0.692613959312439]"
254,1,48.63%,69.80%,0.4639,"[0.30670440196990967, 0.6932955384254456]"
255,1,48.83%,69.92%,0.3481,"[0.2958860695362091, 0.7041139602661133]"
256,0,48.64%,70.04%,0.3321,"[0.7197343707084656, 0.2802656292915344]"
257,1,48.84%,70.16%,0.3618,"[0.31292960047721863, 0.6870703101158142]"
258,0,48.65%,70.27%,0.3203,"[0.7246119379997253, 0.27538803219795227]"
259,0,48.46%,70.38%,0.3208,"[0.7219136953353882, 0.2780863046646118]"
260,1,48.66%,70.50%,0.3337,"[0.3572973906993866, 0.6427026391029358]"
261,0,48.47%,70.61%,0.3196,"[0.7258913516998291, 0.2741086483001709]"
262,1,48.67%,70.72%,0.3337,"[0.2828856110572815, 0.7171144485473633]"
263,0,48.48%,70.83%,0.6539,"[0.5013395547866821, 0.49866047501564026]"
264,1,48.68%,70.94%,0.521,"[0.41444653272628784, 0.5855534076690674]"
265,0,48.50%,71.05%,1.081,"[0.5026708245277405, 0.4973292052745819]"
266,1,48.69%,71.16%,0.4048,"[0.305997371673584, 0.694002628326416]"
267,1,48.88%,71.27%,0.3988,"[0.2926665246486664, 0.707333505153656]"
268,1,49.07%,71.38%,0.3186,"[0.2730836272239685, 0.7269163131713867]"
269,0,48.89%,71.48%,0.3349,"[0.708384096622467, 0.2916158437728882]"
270,0,48.71%,71.59%,0.3263,"[0.7196571826934814, 0.28034281730651855]"
271,1,48.90%,71.69%,0.3393,"[0.28489693999290466, 0.7151030898094177]"
272,1,49.08%,71.79%,0.3208,"[0.27370378375053406, 0.7262962460517883]"
273,1,49.27%,71.90%,0.3861,"[0.3287144601345062, 0.6712855100631714]"
274,1,49.45%,72.00%,0.5937,"[0.38651877641677856, 0.6134812235832214]"
275,1,49.64%,72.10%,0.6162,"[0.32108649611473083, 0.6789134740829468]"
276,1,49.82%,72.20%,0.3522,"[0.2887852191925049, 0.7112147212028503]"
277,0,49.64%,72.30%,0.3147,"[0.7295114398002625, 0.27048856019973755]"
278,0,49.46%,72.40%,0.3188,"[0.7272406220436096, 0.272759348154068]"
279,1,49.64%,72.14%,0.7575,"[0.5336626768112183, 0.4663373529911041]"
280,1,49.82%,72.24%,0.7665,"[0.2963051497936249, 0.7036948800086975]"
281,1,50.00%,72.34%,0.3967,"[0.4831622838973999, 0.5168377161026001]"
282,1,50.18%,72.44%,0.3378,"[0.3138215243816376, 0.68617844581604]"
283,1,50.35%,72.54%,0.3233,"[0.33988744020462036, 0.6601126194000244]"
284,1,50.53%,72.63%,0.3175,"[0.27480629086494446, 0.7251937389373779]"
285,1,50.70%,72.38%,0.5307,"[0.5313502550125122, 0.46864980459213257]"
286,0,50.52%,72.47%,0.3449,"[0.706918478012085, 0.29308149218559265]"
287,0,50.35%,72.57%,0.3533,"[0.7100140452384949, 0.2899859547615051]"
288,0,50.17%,72.32%,1.1565,"[0.29162806272506714, 0.7083718776702881]"
289,0,50.00%,72.07%,0.9639,"[0.3344777822494507, 0.6655222177505493]"
290,0,49.83%,72.16%,0.9121,"[0.5633690357208252, 0.4366309642791748]"
291,1,50.00%,72.26%,0.3633,"[0.2898474931716919, 0.7101525068283081]"
292,0,49.83%,72.35%,0.519,"[0.6722293496131897, 0.3277706503868103]"
293,1,50.00%,72.45%,0.3058,"[0.26546940207481384, 0.7345305681228638]"
294,0,49.83%,72.54%,0.5825,"[0.6585317850112915, 0.34146830439567566]"
295,0,49.66%,72.64%,0.313,"[0.7297905683517456, 0.2702094316482544]"
296,1,49.83%,72.73%,0.3077,"[0.2696460783481598, 0.7303539514541626]"
297,0,49.66%,72.82%,0.3455,"[0.7016753554344177, 0.29832467436790466]"
298,0,49.50%,72.91%,0.3637,"[0.6731111407279968, 0.3268888592720032]"
299,1,49.67%,73.00%,0.3203,"[0.2884497344493866, 0.711550235748291]"
300,0,49.50%,72.76%,0.9033,"[0.44723308086395264, 0.5527669787406921]"
301,1,49.67%,72.85%,0.8172,"[0.3720369338989258, 0.6279630661010742]"
302,1,49.83%,72.94%,0.3484,"[0.4009239077568054, 0.5990761518478394]"
303,1,50.00%,73.03%,0.3775,"[0.3084515333175659, 0.6915484666824341]"
304,0,49.84%,72.79%,0.8839,"[0.3379009962081909, 0.6620990037918091]"
305,0,49.67%,72.88%,0.2923,"[0.7464691400527954, 0.25353091955184937]"
306,1,49.84%,72.96%,0.366,"[0.2826727330684662, 0.7173272967338562]"
307,1,50.00%,73.05%,0.3913,"[0.4094093143939972, 0.5905906558036804]"
308,0,49.84%,73.14%,0.2969,"[0.7447065711021423, 0.25529342889785767]"
309,1,50.00%,73.23%,1.0533,"[0.47267860174179077, 0.5273213982582092]"
310,0,49.84%,73.31%,0.2916,"[0.7468286752700806, 0.25317132472991943]"
311,1,50.00%,73.40%,0.3487,"[0.3042545020580292, 0.6957455277442932]"
312,0,49.84%,73.48%,0.2915,"[0.7479909062385559, 0.2520090639591217]"
313,0,49.68%,73.57%,0.2974,"[0.7468812465667725, 0.25311875343322754]"
314,0,49.52%,73.65%,0.3184,"[0.7286075949668884, 0.27139243483543396]"
315,0,49.37%,73.42%,0.7282,"[0.4463079869747162, 0.5536919236183167]"
316,1,49.53%,73.50%,0.2986,"[0.25809022784233093, 0.7419097423553467]"
317,0,49.37%,73.58%,0.2957,"[0.7436162233352661, 0.2563838064670563]"
318,0,49.22%,73.67%,0.2928,"[0.7455505132675171, 0.25444942712783813]"
319,0,49.06%,73.75%,0.2888,"[0.7489991784095764, 0.25100088119506836]"
320,1,49.22%,73.52%,0.7288,"[0.6206151247024536, 0.3793849050998688]"
321,1,49.38%,73.29%,0.9285,"[0.5081177353858948, 0.49188232421875]"
322,0,49.23%,73.37%,0.284,"[0.7546883225440979, 0.2453116625547409]"
323,1,49.38%,73.46%,0.6433,"[0.39661768078804016, 0.603382408618927]"
324,1,49.54%,73.23%,1.2863,"[0.7125741243362427, 0.28742584586143494]"
325,0,49.39%,73.31%,0.2822,"[0.7528519630432129, 0.24714797735214233]"
326,1,49.54%,73.39%,0.3479,"[0.29356446862220764, 0.70643550157547]"
327,0,49.39%,73.48%,0.287,"[0.7518329620361328, 0.2481669932603836]"
328,0,49.24%,73.56%,0.2844,"[0.7523024082183838, 0.2476975917816162]"
329,1,49.39%,73.64%,0.4193,"[0.3314638137817383, 0.6685362458229065]"
330,1,49.55%,73.41%,0.4151,"[0.5904449820518494, 0.40955495834350586]"
331,0,49.40%,73.49%,0.2828,"[0.7560710906982422, 0.2439289093017578]"
332,1,49.55%,73.57%,0.6218,"[0.4879548251628876, 0.5120452046394348]"
333,0,49.40%,73.65%,0.2951,"[0.7429535984992981, 0.2570464313030243]"
334,1,49.55%,73.73%,0.3048,"[0.2676055133342743, 0.7323945164680481]"
335,0,49.40%,73.51%,1.3087,"[0.2651767134666443, 0.7348233461380005]"
336,1,49.55%,73.59%,0.4369,"[0.4579665958881378, 0.5420334339141846]"
337,1,49.70%,73.67%,0.4358,"[0.39779093861579895, 0.6022090315818787]"
338,1,49.85%,73.75%,0.3058,"[0.25494810938835144, 0.745051920413971]"
339,1,50.00%,73.82%,0.3012,"[0.25140583515167236, 0.7485941052436829]"
340,0,49.85%,73.61%,1.3267,"[0.4153083264827728, 0.5846916437149048]"
341,1,50.00%,73.68%,0.2873,"[0.2529074251651764, 0.747092604637146]"
342,1,50.15%,73.76%,0.2846,"[0.24632394313812256, 0.7536761164665222]"
343,1,50.29%,73.84%,0.2992,"[0.24788682162761688, 0.7521131038665771]"
344,1,50.43%,73.91%,0.3551,"[0.308139830827713, 0.6918601393699646]"
345,1,50.58%,73.99%,0.3059,"[0.253227561712265, 0.7467724084854126]"
346,1,50.72%,74.06%,0.3155,"[0.26807519793510437, 0.731924831867218]"
347,0,50.57%,74.14%,0.3377,"[0.7074502110481262, 0.2925497591495514]"
348,1,50.72%,74.21%,0.3018,"[0.25890955328941345, 0.7410904169082642]"
349,0,50.57%,74.00%,0.6451,"[0.41937458515167236, 0.5806254148483276]"
350,1,50.71%,74.07%,0.2792,"[0.24361656606197357, 0.75638347864151]"
351,0,50.57%,73.86%,0.6172,"[0.4623807668685913, 0.5376192927360535]"
352,0,50.42%,73.65%,1.3558,"[0.2588699758052826, 0.741129994392395]"
353,0,50.28%,73.45%,0.934,"[0.4458841383457184, 0.5541159510612488]"
354,1,50.42%,73.52%,0.2892,"[0.25265607237815857, 0.747343897819519]"
355,0,50.28%,73.31%,0.6685,"[0.4628232419490814, 0.5371768474578857]"
356,0,50.14%,73.11%,0.7102,"[0.3758215606212616, 0.624178409576416]"
357,0,50.00%,73.18%,0.4757,"[0.5631016492843628, 0.4368983507156372]"
358,0,49.86%,72.98%,0.6629,"[0.389224648475647, 0.6107754111289978]"
359,0,49.72%,73.06%,0.3203,"[0.7097114324569702, 0.2902885675430298]"
360,0,49.58%,73.13%,0.9536,"[0.6152328252792358, 0.38476717472076416]"
361,1,49.72%,73.20%,0.2832,"[0.24411548674106598, 0.7558844685554504]"
362,0,49.59%,73.00%,0.9387,"[0.4218767285346985, 0.5781232714653015]"
363,1,49.73%,73.08%,0.2795,"[0.2549169659614563, 0.7450830340385437]"
364,1,49.86%,73.15%,0.4073,"[0.30596405267715454, 0.6940358877182007]"
365,1,50.00%,73.22%,0.29,"[0.24532368779182434, 0.7546762824058533]"
366,0,49.86%,73.30%,0.2807,"[0.7585053443908691, 0.24149462580680847]"
367,0,49.73%,73.37%,0.27,"[0.764472246170044, 0.23552778363227844]"
368,0,49.59%,73.44%,0.2767,"[0.7582139372825623, 0.24178610742092133]"
369,0,49.46%,73.51%,0.7363,"[0.6294417977333069, 0.3705582022666931]"
370,0,49.33%,73.58%,0.2689,"[0.762878954410553, 0.23712103068828583]"
371,0,49.19%,73.66%,0.2662,"[0.765353798866272, 0.23464623093605042]"
372,1,49.33%,73.73%,0.2991,"[0.25819656252861023, 0.7418034672737122]"
373,0,49.20%,73.80%,0.426,"[0.6861521601676941, 0.3138478994369507]"
374,0,49.07%,73.87%,0.4307,"[0.6039935350418091, 0.3960064649581909]"
375,1,49.20%,73.67%,0.6474,"[0.5333560705184937, 0.46664389967918396]"
376,0,49.07%,73.74%,0.2637,"[0.7695426940917969, 0.23045727610588074]"
377,0,48.94%,73.81%,0.2634,"[0.7674583196640015, 0.23254165053367615]"
378,0,48.81%,73.88%,0.4271,"[0.5587732791900635, 0.4412267804145813]"
379,1,48.95%,73.68%,1.1226,"[0.7296470999717712, 0.27035292983055115]"
380,0,48.82%,73.75%,0.2579,"[0.7726582288742065, 0.22734184563159943]"
381,1,48.95%,73.82%,0.3309,"[0.2600407302379608, 0.7399592995643616]"
382,1,49.09%,73.89%,0.2749,"[0.24297384917736053, 0.7570261359214783]"
383,1,49.22%,73.96%,0.2772,"[0.23907335102558136, 0.7609266638755798]"
384,1,49.35%,73.77%,0.7685,"[0.6179916858673096, 0.38200831413269043]"
385,0,49.22%,73.83%,0.2577,"[0.7725430727005005, 0.2274569720029831]"
386,0,49.10%,73.90%,0.3779,"[0.7257598042488098, 0.2742402255535126]"
387,1,49.23%,73.97%,0.6529,"[0.3126661479473114, 0.687333881855011]"
388,1,49.36%,73.78%,1.2144,"[0.6869274377822876, 0.3130725622177124]"
389,0,49.23%,73.85%,0.2566,"[0.7741167545318604, 0.22588327527046204]"
390,0,49.10%,73.91%,0.5067,"[0.6746513247489929, 0.3253486454486847]"
391,0,48.98%,73.98%,0.2551,"[0.7748709917068481, 0.22512902319431305]"
392,1,49.11%,73.79%,0.6753,"[0.5284812450408936, 0.4715188145637512]"
393,1,49.24%,73.86%,0.596,"[0.3971655070781708, 0.6028345227241516]"
394,0,49.11%,73.92%,0.2551,"[0.7747660279273987, 0.2252339869737625]"
395,0,48.99%,73.99%,0.2534,"[0.7762881517410278, 0.22371184825897217]"
396,0,48.87%,74.06%,0.2524,"[0.7768055200576782, 0.2231944352388382]"
397,0,48.74%,74.12%,0.255,"[0.7744140625, 0.2255859225988388]"
398,1,48.87%,73.93%,0.5707,"[0.6317764520645142, 0.36822354793548584]"
399,0,48.75%,74.00%,0.2526,"[0.7770727872848511, 0.22292716801166534]"
400,1,48.88%,74.06%,0.5911,"[0.4833129942417145, 0.5166870355606079]"
401,0,48.76%,74.13%,0.2528,"[0.7767178416252136, 0.2232821136713028]"
402,1,48.88%,73.95%,0.4603,"[0.5707793831825256, 0.42922064661979675]"
403,1,49.01%,74.01%,0.6531,"[0.4026418626308441, 0.5973581671714783]"
404,1,49.14%,74.07%,0.4175,"[0.34481459856033325, 0.6551854610443115]"
405,0,49.01%,74.14%,0.5879,"[0.553817093372345, 0.44618287682533264]"
406,0,48.89%,74.20%,0.2543,"[0.7745184302330017, 0.2254815548658371]"
407,1,49.02%,74.26%,0.3311,"[0.41010305285453796, 0.5898969769477844]"
408,1,49.14%,74.33%,0.2757,"[0.24720260500907898, 0.7527973651885986]"
409,0,49.02%,74.15%,0.8788,"[0.4295663833618164, 0.5704336762428284]"
410,1,49.15%,74.21%,0.2615,"[0.22933612763881683, 0.770663857460022]"
411,1,49.27%,74.27%,0.268,"[0.2396267205476761, 0.7603732347488403]"
412,0,49.15%,74.09%,1.0655,"[0.3641359210014343, 0.6358640789985657]"
413,0,49.03%,74.15%,0.2535,"[0.7754728198051453, 0.22452722489833832]"
414,1,49.16%,74.22%,0.3342,"[0.28347304463386536, 0.7165269255638123]"
415,0,49.04%,74.28%,0.7927,"[0.5354533791542053, 0.4645465612411499]"
416,1,49.16%,74.34%,0.265,"[0.23074209690093994, 0.7692579030990601]"
417,1,49.28%,74.40%,0.2693,"[0.23452657461166382, 0.765473484992981]"
418,1,49.40%,74.46%,0.2636,"[0.22551758587360382, 0.7744824290275574]"
419,1,49.52%,74.52%,0.3159,"[0.4578874707221985, 0.5421125888824463]"
420,1,49.64%,74.58%,0.2563,"[0.22647947072982788, 0.7735205292701721]"
421,1,49.76%,74.64%,0.2699,"[0.2675865888595581, 0.7324133515357971]"
422,1,49.88%,74.70%,0.4369,"[0.3017929494380951, 0.6982071399688721]"
423,0,49.76%,74.76%,0.2583,"[0.771907389163971, 0.22809261083602905]"
424,0,49.65%,74.59%,0.8692,"[0.32683104276657104, 0.673168957233429]"
425,1,49.77%,74.65%,0.3776,"[0.2929401099681854, 0.7070598602294922]"
426,0,49.65%,74.71%,0.2516,"[0.7772749662399292, 0.2227250188589096]"
427,0,49.53%,74.77%,0.2544,"[0.7727338075637817, 0.22726625204086304]"
428,1,49.65%,74.83%,0.3578,"[0.26146265864372253, 0.7385373115539551]"
429,1,49.77%,74.88%,0.3639,"[0.34157946705818176, 0.6584205031394958]"
430,1,49.88%,74.94%,0.2775,"[0.3240985572338104, 0.6759014129638672]"
431,1,50.00%,75.00%,0.2868,"[0.24997742474079132, 0.7500225901603699]"
432,1,50.12%,75.06%,0.2501,"[0.2244432121515274, 0.775556743144989]"
433,0,50.00%,74.88%,1.3979,"[0.2574217915534973, 0.7425782084465027]"
434,1,50.11%,74.94%,0.4832,"[0.2983897626399994, 0.701610267162323]"
435,1,50.23%,75.00%,0.4278,"[0.25552898645401, 0.74447101354599]"
436,0,50.11%,75.06%,0.2407,"[0.7855843305587769, 0.21441568434238434]"
437,0,50.00%,75.11%,0.2589,"[0.7718305587768555, 0.22816947102546692]"
438,1,50.11%,75.17%,0.248,"[0.2177591472864151, 0.7822408080101013]"
439,0,50.00%,75.23%,0.2474,"[0.7807379364967346, 0.21926212310791016]"
440,1,50.11%,75.28%,0.2506,"[0.22277747094631195, 0.7772225737571716]"
441,0,50.00%,75.34%,0.2573,"[0.7741823792457581, 0.22581760585308075]"
442,1,50.11%,75.40%,0.245,"[0.21747441589832306, 0.7825255393981934]"
443,0,50.00%,75.23%,0.6038,"[0.4407396614551544, 0.559260368347168]"
444,0,49.89%,75.28%,0.2654,"[0.7686521410942078, 0.231347918510437]"
445,0,49.78%,75.34%,0.2412,"[0.785841703414917, 0.21415828168392181]"
446,1,49.89%,75.39%,0.2621,"[0.2392733097076416, 0.7607266902923584]"
447,1,50.00%,75.45%,0.2562,"[0.22297611832618713, 0.7770238518714905]"
448,0,49.89%,75.50%,0.7091,"[0.5119431018829346, 0.48805689811706543]"
449,1,50.00%,75.56%,0.2726,"[0.24676968157291412, 0.7532303333282471]"
450,0,49.89%,75.61%,0.2436,"[0.7830647826194763, 0.2169352024793625]"
451,0,49.78%,75.66%,0.2339,"[0.7910358905792236, 0.20896416902542114]"
452,0,49.67%,75.50%,1.2948,"[0.24389171600341797, 0.7561082243919373]"
453,1,49.78%,75.55%,0.2887,"[0.269573450088501, 0.7304264903068542]"
454,1,49.89%,75.60%,0.3004,"[0.26459380984306335, 0.735406219959259]"
455,0,49.78%,75.44%,0.924,"[0.3984512686729431, 0.6015487313270569]"
456,0,49.67%,75.49%,0.2317,"[0.7934008240699768, 0.20659911632537842]"
457,0,49.56%,75.33%,1.3117,"[0.27363264560699463, 0.7263673543930054]"
458,0,49.46%,75.38%,0.2445,"[0.7822669744491577, 0.2177329808473587]"
459,1,49.57%,75.43%,0.2358,"[0.20861491560935974, 0.7913850545883179]"
460,0,49.46%,75.27%,1.4199,"[0.24180614948272705, 0.758193850517273]"
461,0,49.35%,75.32%,0.2366,"[0.7881232500076294, 0.2118767648935318]"
462,0,49.24%,75.38%,0.2295,"[0.7952240109443665, 0.20477598905563354]"
463,0,49.14%,75.43%,0.231,"[0.7934720516204834, 0.2065279483795166]"
464,0,49.03%,75.48%,0.2302,"[0.7948299050331116, 0.20517009496688843]"
465,0,48.93%,75.54%,0.2321,"[0.7928581237792969, 0.20714187622070312]"
466,1,49.04%,75.59%,0.2989,"[0.25303560495376587, 0.7469643950462341]"
467,1,49.15%,75.64%,0.2389,"[0.21055607497692108, 0.7894439697265625]"
468,1,49.25%,75.69%,0.2383,"[0.2153172492980957, 0.7846826910972595]"
469,1,49.36%,75.74%,0.4509,"[0.2973937392234802, 0.702606201171875]"
470,0,49.26%,75.58%,1.0154,"[0.3477817177772522, 0.652218222618103]"
471,0,49.15%,75.64%,0.2453,"[0.7842459678649902, 0.21575403213500977]"
472,1,49.26%,75.69%,0.2403,"[0.21285167336463928, 0.7871482968330383]"
473,1,49.37%,75.53%,0.2727,"[0.507758617401123, 0.49224138259887695]"
474,1,49.47%,75.58%,0.5368,"[0.318939745426178, 0.681060254573822]"
475,0,49.37%,75.63%,0.2236,"[0.7997642159461975, 0.20023572444915771]"
476,1,49.48%,75.68%,0.4385,"[0.3672209084033966, 0.632779061794281]"
477,0,49.37%,75.73%,0.2233,"[0.7998375296592712, 0.20016247034072876]"
478,1,49.48%,75.78%,0.6748,"[0.35728657245635986, 0.6427134871482849]"
479,0,49.38%,75.83%,0.223,"[0.8004922270774841, 0.19950774312019348]"
480,1,49.48%,75.88%,0.232,"[0.2070455104112625, 0.7929544448852539]"
481,0,49.38%,75.73%,1.323,"[0.2885880768299103, 0.7114118933677673]"
482,1,49.48%,75.78%,0.2339,"[0.20929895341396332, 0.7907010912895203]"
483,0,49.38%,75.62%,0.6644,"[0.284932404756546, 0.7150675654411316]"
484,0,49.28%,75.67%,0.2234,"[0.8001602292060852, 0.19983980059623718]"
485,0,49.18%,75.72%,0.2244,"[0.798069417476654, 0.20193058252334595]"
486,1,49.28%,75.77%,0.3143,"[0.26475322246551514, 0.7352467179298401]"
487,0,49.18%,75.82%,0.2249,"[0.8007921576499939, 0.19920778274536133]"
488,0,49.08%,75.87%,0.5233,"[0.6827596426010132, 0.3172403872013092]"
489,1,49.18%,75.92%,0.2654,"[0.28536829352378845, 0.7146317362785339]"
490,1,49.29%,75.97%,0.2289,"[0.20488107204437256, 0.7951189279556274]"
491,1,49.39%,76.02%,0.2861,"[0.2536662817001343, 0.7463337182998657]"
492,1,49.49%,76.06%,0.4823,"[0.38987329602241516, 0.6101267337799072]"
493,0,49.39%,76.11%,0.2173,"[0.8047196269035339, 0.19528037309646606]"
494,1,49.49%,76.16%,0.2628,"[0.28631365299224854, 0.7136863470077515]"
495,0,49.40%,76.21%,0.2192,"[0.8031180500984192, 0.1968819946050644]"
496,1,49.50%,76.26%,0.272,"[0.22665095329284668, 0.7733489871025085]"
497,0,49.40%,76.31%,0.2158,"[0.8060867786407471, 0.19391325116157532]"
498,0,49.30%,76.35%,0.2147,"[0.8071267604827881, 0.1928732693195343]"
499,1,49.40%,76.40%,0.2231,"[0.1998394876718521, 0.8001605272293091]"
500,1,49.50%,76.45%,0.278,"[0.24497368931770325, 0.7550262808799744]"
501,1,49.60%,76.49%,0.278,"[0.22458624839782715, 0.7754138112068176]"
502,1,49.70%,76.54%,0.3449,"[0.297882080078125, 0.702117919921875]"
503,0,49.60%,76.39%,1.4475,"[0.2364678829908371, 0.7635321021080017]"
504,1,49.70%,76.44%,0.2449,"[0.23292963206768036, 0.7670703530311584]"
505,0,49.60%,76.28%,1.5131,"[0.2201617956161499, 0.7798382043838501]"
506,0,49.51%,76.33%,0.5196,"[0.6683049201965332, 0.3316951096057892]"
507,0,49.41%,76.38%,0.2432,"[0.7743569016456604, 0.22564315795898438]"
508,1,49.51%,76.42%,0.2625,"[0.23993955552577972, 0.7600604891777039]"
509,0,49.41%,76.27%,1.4545,"[0.23055598139762878, 0.7694440484046936]"
510,1,49.51%,76.32%,0.2347,"[0.21315309405326843, 0.786846935749054]"
511,0,49.41%,76.37%,0.2574,"[0.7568241357803345, 0.24317580461502075]"
512,1,49.51%,76.41%,0.2684,"[0.236973375082016, 0.7630266547203064]"
513,0,49.42%,76.46%,0.2141,"[0.8084933757781982, 0.19150660932064056]"
514,0,49.32%,76.50%,0.2113,"[0.8096638917922974, 0.19033604860305786]"
515,0,49.22%,76.55%,0.2161,"[0.8081945180892944, 0.19180546700954437]"
516,0,49.13%,76.60%,0.2138,"[0.8091586828231812, 0.19084128737449646]"
517,0,49.03%,76.64%,0.2135,"[0.8091061115264893, 0.19089387357234955]"
518,0,48.94%,76.69%,0.2104,"[0.8103891015052795, 0.18961089849472046]"
519,0,48.85%,76.73%,0.2908,"[0.7594846487045288, 0.24051538109779358]"
520,0,48.75%,76.78%,0.2099,"[0.8108298182487488, 0.18917016685009003]"
521,1,48.85%,76.82%,0.22,"[0.19764378666877747, 0.8023562431335449]"
522,1,48.95%,76.86%,0.2194,"[0.19832277297973633, 0.8016772270202637]"
523,1,49.05%,76.91%,0.219,"[0.19666634500026703, 0.8033336997032166]"
524,0,48.95%,76.76%,1.502,"[0.23703661561012268, 0.7629633545875549]"
525,0,48.86%,76.62%,1.21,"[0.2842452824115753, 0.7157546877861023]"
526,0,48.77%,76.66%,0.2043,"[0.8151714205741882, 0.18482854962348938]"
527,0,48.67%,76.70%,0.2043,"[0.8152756094932556, 0.184724360704422]"
528,0,48.58%,76.75%,0.2197,"[0.7902508974075317, 0.20974916219711304]"
529,0,48.49%,76.79%,0.203,"[0.8162872195243835, 0.18371282517910004]"
530,0,48.40%,76.84%,0.2028,"[0.8159990906715393, 0.18400083482265472]"
531,1,48.50%,76.88%,0.2522,"[0.2405218780040741, 0.7594781517982483]"
532,0,48.41%,76.92%,0.205,"[0.814553439617157, 0.18544653058052063]"
533,1,48.50%,76.97%,0.2458,"[0.2235351949930191, 0.7764648795127869]"
534,1,48.60%,77.01%,0.4219,"[0.3752594590187073, 0.6247406005859375]"
535,0,48.51%,77.05%,0.2015,"[0.8175990581512451, 0.1824009120464325]"
536,1,48.60%,77.09%,0.3693,"[0.23859959840774536, 0.7614004015922546]"
537,0,48.51%,77.14%,0.2001,"[0.8190146088600159, 0.18098536133766174]"
538,0,48.42%,77.18%,0.1989,"[0.8193307518959045, 0.18066927790641785]"
539,0,48.33%,77.22%,0.1986,"[0.8199087977409363, 0.1800912618637085]"
540,0,48.24%,77.08%,1.0348,"[0.377237468957901, 0.6227625012397766]"
541,0,48.15%,77.12%,0.1986,"[0.8197317719459534, 0.18026821315288544]"
542,0,48.07%,77.16%,0.197,"[0.8211843967437744, 0.17881561815738678]"
543,1,48.16%,77.21%,0.3629,"[0.2717480957508087, 0.7282518744468689]"
544,0,48.07%,77.25%,0.1977,"[0.8208332657814026, 0.179166778922081]"
545,0,47.99%,77.29%,0.3296,"[0.7760209441184998, 0.22397902607917786]"
546,0,47.90%,77.33%,0.1989,"[0.8199239373207092, 0.18007607758045197]"
547,0,47.81%,77.19%,1.5369,"[0.2205660343170166, 0.7794339656829834]"
548,1,47.91%,77.23%,0.3044,"[0.2306060642004013, 0.7693939208984375]"
549,1,48.00%,77.27%,0.2168,"[0.1940121203660965, 0.8059879541397095]"
550,0,47.91%,77.31%,0.1946,"[0.8230684399604797, 0.17693158984184265]"
551,0,47.83%,77.36%,0.1936,"[0.8236695528030396, 0.17633052170276642]"
552,0,47.74%,77.22%,1.2618,"[0.2442886382341385, 0.7557113766670227]"
553,1,47.83%,77.26%,0.216,"[0.19379064440727234, 0.8062093257904053]"
554,1,47.93%,77.30%,0.3646,"[0.25426965951919556, 0.7457303404808044]"
555,1,48.02%,77.34%,0.401,"[0.368884801864624, 0.631115198135376]"
556,0,47.94%,77.20%,0.7669,"[0.4978635907173157, 0.5021364688873291]"
557,1,48.03%,77.24%,0.2164,"[0.19452892243862152, 0.8054711222648621]"
558,1,48.12%,77.10%,0.7111,"[0.5011873841285706, 0.49881261587142944]"
559,0,48.04%,77.14%,0.1929,"[0.8246526122093201, 0.17534737288951874]"
560,0,47.95%,77.01%,1.4593,"[0.3859713673591614, 0.6140286326408386]"
561,1,48.04%,77.05%,0.3986,"[0.4901585876941681, 0.5098414421081543]"
562,0,47.96%,77.09%,0.1933,"[0.8242110013961792, 0.1757889986038208]"
563,1,48.05%,77.13%,0.2284,"[0.2088051289319992, 0.7911948561668396]"
564,0,47.96%,77.17%,0.191,"[0.8262460231781006, 0.17375405132770538]"
565,1,48.06%,77.21%,0.3015,"[0.2409607172012329, 0.7590393424034119]"
566,1,48.15%,77.25%,0.218,"[0.19537362456321716, 0.8046263456344604]"
567,0,48.06%,77.29%,0.1909,"[0.826096773147583, 0.17390324175357819]"
568,1,48.15%,77.33%,0.3101,"[0.25647419691085815, 0.7435258030891418]"
569,0,48.07%,77.37%,0.1912,"[0.8258578181266785, 0.17414216697216034]"
570,1,48.16%,77.41%,0.2518,"[0.24237632751464844, 0.7576236724853516]"
571,1,48.25%,77.45%,0.2906,"[0.254922091960907, 0.745077908039093]"
572,0,48.17%,77.49%,0.1913,"[0.8259126543998718, 0.17408734560012817]"
573,1,48.26%,77.53%,0.2409,"[0.21094031631946564, 0.7890596985816956]"
574,0,48.17%,77.57%,0.1889,"[0.8278973698616028, 0.1721026599407196]"
575,0,48.09%,77.60%,0.1903,"[0.8267465829849243, 0.17325346171855927]"
576,1,48.18%,77.64%,0.211,"[0.18981482088565826, 0.8101851940155029]"
577,0,48.10%,77.68%,0.1884,"[0.828178346157074, 0.17182163894176483]"
578,0,48.01%,77.72%,0.1918,"[0.8283510208129883, 0.1716489940881729]"
579,0,47.93%,77.76%,0.1868,"[0.8294510245323181, 0.17054902017116547]"
580,0,47.85%,77.80%,0.1985,"[0.822905957698822, 0.1770940124988556]"
581,0,47.77%,77.84%,0.1865,"[0.8307005763053894, 0.1692993938922882]"
582,0,47.68%,77.70%,1.4242,"[0.24704331159591675, 0.7529566287994385]"
583,1,47.77%,77.74%,0.2278,"[0.20560631155967712, 0.7943936586380005]"
584,0,47.69%,77.78%,0.1856,"[0.8309997916221619, 0.16900023818016052]"
585,1,47.78%,77.82%,0.2049,"[0.18543577194213867, 0.8145642280578613]"
586,0,47.70%,77.85%,0.1849,"[0.8311613202095032, 0.16883862018585205]"
587,0,47.62%,77.89%,0.1867,"[0.8281069993972778, 0.17189304530620575]"
588,0,47.54%,77.93%,0.1858,"[0.8302658200263977, 0.1697341948747635]"
589,1,47.63%,77.97%,0.2243,"[0.2007453739643097, 0.7992545962333679]"
590,1,47.72%,78.00%,0.2055,"[0.18668608367443085, 0.8133139610290527]"
591,1,47.80%,78.04%,0.203,"[0.1837085485458374, 0.8162915110588074]"
592,0,47.72%,78.08%,0.1981,"[0.80702143907547, 0.19297856092453003]"
593,1,47.81%,78.11%,0.2549,"[0.2193010002374649, 0.7806990146636963]"
594,1,47.90%,78.15%,0.2356,"[0.20503845810890198, 0.7949615120887756]"
595,1,47.99%,78.19%,0.2287,"[0.2077101320028305, 0.7922898530960083]"
596,0,47.91%,78.22%,0.1843,"[0.8314207196235657, 0.16857919096946716]"
597,0,47.83%,78.09%,1.606,"[0.20356157422065735, 0.796438455581665]"
598,0,47.75%,78.13%,0.1787,"[0.8362798690795898, 0.16372016072273254]"
599,0,47.67%,78.17%,0.1807,"[0.8356903791427612, 0.16430963575839996]"
600,0,47.59%,78.20%,0.1848,"[0.8325890898704529, 0.1674109697341919]"
601,0,47.51%,78.07%,1.6644,"[0.19340737164020538, 0.806592583656311]"
602,1,47.60%,78.11%,0.2003,"[0.18146231770515442, 0.8185376524925232]"
603,0,47.52%,78.15%,0.1781,"[0.8368340730667114, 0.16316592693328857]"
604,0,47.44%,78.18%,0.1793,"[0.8359403014183044, 0.16405969858169556]"
605,0,47.36%,78.22%,0.1776,"[0.8370702266693115, 0.16292975842952728]"
606,1,47.45%,78.25%,0.2021,"[0.18279549479484558, 0.8172045350074768]"
607,0,47.37%,78.29%,0.2141,"[0.7900259494781494, 0.2099740356206894]"
608,0,47.29%,78.16%,1.4157,"[0.2138792872428894, 0.7861207723617554]"
609,0,47.21%,78.20%,1.0795,"[0.6274541616439819, 0.3725457787513733]"
610,0,47.14%,78.23%,0.1754,"[0.8390645980834961, 0.16093537211418152]"
611,0,47.06%,78.27%,0.1771,"[0.83750319480896, 0.16249682009220123]"
612,0,46.98%,78.30%,0.1769,"[0.8383215069770813, 0.1616784781217575]"
613,1,47.07%,78.34%,0.2685,"[0.21431493759155273, 0.7856850624084473]"
614,1,47.15%,78.37%,0.2522,"[0.21450263261795044, 0.7854973077774048]"
615,0,47.08%,78.41%,0.1771,"[0.8379159569740295, 0.16208405792713165]"
616,1,47.16%,78.44%,0.2011,"[0.18239374458789825, 0.8176063299179077]"
617,0,47.09%,78.48%,0.1753,"[0.8392156958580017, 0.1607842594385147]"
618,0,47.01%,78.51%,0.1734,"[0.8407807946205139, 0.1592191904783249]"
619,0,46.94%,78.55%,0.1729,"[0.8412383794784546, 0.1587616354227066]"
620,0,46.86%,78.58%,0.173,"[0.8411924242973328, 0.15880762040615082]"
621,1,46.95%,78.62%,0.2978,"[0.27324652671813965, 0.7267534732818604]"
622,0,46.87%,78.65%,0.1726,"[0.8412870764732361, 0.1587129533290863]"
623,1,46.96%,78.69%,0.2494,"[0.2208005040884018, 0.7791995406150818]"
624,0,46.88%,78.72%,0.175,"[0.8395480513572693, 0.1604519784450531]"
625,0,46.81%,78.75%,0.1725,"[0.8416454792022705, 0.1583544909954071]"
626,1,46.89%,78.79%,0.2209,"[0.20054563879966736, 0.7994543313980103]"
627,1,46.97%,78.82%,0.2346,"[0.20312459766864777, 0.7968754172325134]"
628,0,46.90%,78.86%,0.2057,"[0.814098596572876, 0.18590140342712402]"
629,1,46.98%,78.89%,0.1963,"[0.17854470014572144, 0.8214552998542786]"
630,1,47.07%,78.92%,0.1964,"[0.1781853288412094, 0.8218146562576294]"
631,0,46.99%,78.96%,0.7941,"[0.5477313995361328, 0.45226866006851196]"
632,1,47.08%,78.99%,0.2287,"[0.19475285708904266, 0.8052471280097961]"
633,0,47.00%,79.02%,0.1692,"[0.8442624807357788, 0.15573756396770477]"
634,0,46.93%,79.06%,0.1691,"[0.8444088101387024, 0.15559121966362]"
635,1,47.01%,79.09%,0.1997,"[0.18034397065639496, 0.8196560144424438]"
636,0,46.94%,79.12%,0.1676,"[0.8457927703857422, 0.1542072743177414]"
637,1,47.02%,79.15%,0.2195,"[0.1974889487028122, 0.8025110363960266]"
638,1,47.10%,79.19%,0.1944,"[0.1766313910484314, 0.8233686089515686]"
639,0,47.03%,79.22%,0.1659,"[0.8470050692558289, 0.15299494564533234]"
640,0,46.96%,79.25%,1.1533,"[0.5740881562232971, 0.42591190338134766]"
641,0,46.88%,79.13%,0.945,"[0.42618128657341003, 0.5738186836242676]"
642,1,46.97%,79.16%,0.2455,"[0.20997972786426544, 0.7900203466415405]"
643,0,46.89%,79.04%,1.5984,"[0.2043830156326294, 0.7956169247627258]"
644,0,46.82%,79.07%,0.1642,"[0.8484900593757629, 0.15150997042655945]"
645,0,46.75%,79.10%,0.1647,"[0.8483075499534607, 0.1516924798488617]"
646,1,46.83%,79.13%,0.193,"[0.17546366155147552, 0.8245363235473633]"
647,0,46.76%,79.01%,0.3787,"[0.4398884177207947, 0.5601115226745605]"
648,0,46.69%,79.04%,0.1635,"[0.8492551445960999, 0.15074482560157776]"
649,0,46.62%,78.92%,0.738,"[0.30890390276908875, 0.6910960078239441]"
650,0,46.54%,78.96%,0.163,"[0.8496232032775879, 0.15037675201892853]"
651,1,46.63%,78.99%,0.2422,"[0.21845005452632904, 0.7815499901771545]"
652,0,46.55%,78.87%,0.8433,"[0.4219990670681, 0.5780009627342224]"
653,1,46.64%,78.90%,0.1959,"[0.17745645344257355, 0.8225435018539429]"
654,1,46.72%,78.93%,0.2771,"[0.22264699637889862, 0.777353048324585]"
655,0,46.65%,78.96%,0.1609,"[0.8514041900634766, 0.14859583973884583]"
656,0,46.58%,79.00%,1.1016,"[0.7631701827049255, 0.2368297576904297]"
657,1,46.66%,79.03%,0.1956,"[0.17658518254756927, 0.8234148621559143]"
658,0,46.59%,78.91%,0.9612,"[0.45099973678588867, 0.5490002632141113]"
659,0,46.52%,78.94%,0.1591,"[0.8529442548751831, 0.14705577492713928]"
660,1,46.60%,78.82%,1.6547,"[0.8026769161224365, 0.19732311367988586]"
661,1,46.68%,78.70%,1.8163,"[0.8393726348876953, 0.16062738001346588]"
662,0,46.61%,78.73%,0.1597,"[0.8524392247200012, 0.14756079018115997]"
663,0,46.54%,78.77%,0.1627,"[0.8500856757164001, 0.14991435408592224]"
664,1,46.62%,78.65%,1.5489,"[0.782997727394104, 0.21700222790241241]"
665,0,46.55%,78.53%,1.0686,"[0.4156436026096344, 0.584356427192688]"
666,1,46.63%,78.41%,0.8874,"[0.5065737366676331, 0.49342623353004456]"
667,0,46.56%,78.44%,0.1617,"[0.8507038950920105, 0.14929616451263428]"
668,1,46.64%,78.33%,1.2373,"[0.5913129448890686, 0.4086870849132538]"
669,1,46.72%,78.36%,0.245,"[0.22617991268634796, 0.7738200426101685]"
670,1,46.80%,78.39%,0.2001,"[0.18128101527690887, 0.8187190294265747]"
671,1,46.88%,78.42%,1.0533,"[0.35195156931877136, 0.648048460483551]"
672,1,46.95%,78.45%,0.1977,"[0.17952819168567657, 0.8204718232154846]"
673,0,46.88%,78.49%,0.1662,"[0.8475825786590576, 0.1524174064397812]"
674,0,46.81%,78.52%,0.2126,"[0.8084383606910706, 0.19156165421009064]"
675,0,46.75%,78.55%,0.1652,"[0.8478323221206665, 0.1521676778793335]"
676,1,46.82%,78.58%,0.2426,"[0.2233792394399643, 0.7766206860542297]"
677,0,46.76%,78.61%,0.1783,"[0.8333703279495239, 0.16662965714931488]"
678,0,46.69%,78.50%,1.1516,"[0.43898719549179077, 0.5610128045082092]"
679,0,46.62%,78.38%,1.4168,"[0.2908954620361328, 0.7091045379638672]"
680,1,46.70%,78.41%,0.2017,"[0.18202579021453857, 0.8179741501808167]"
681,1,46.77%,78.30%,0.497,"[0.6566160321235657, 0.3433839678764343]"
682,0,46.71%,78.33%,0.1661,"[0.8465856313705444, 0.15341432392597198]"
683,0,46.64%,78.36%,0.1662,"[0.8470413684844971, 0.15295861661434174]"
684,0,46.57%,78.39%,0.1672,"[0.8460424542427063, 0.1539575308561325]"
685,1,46.65%,78.43%,0.5323,"[0.4064581096172333, 0.5935418605804443]"
686,1,46.72%,78.46%,0.2007,"[0.18182916939258575, 0.8181707859039307]"
687,0,46.66%,78.49%,0.1663,"[0.8469215631484985, 0.15307848155498505]"
688,1,46.73%,78.52%,0.3833,"[0.274225652217865, 0.7257744073867798]"
689,1,46.81%,78.55%,0.2735,"[0.25843730568885803, 0.7415626645088196]"
690,1,46.89%,78.58%,0.3218,"[0.3028733432292938, 0.6971266269683838]"
691,1,46.97%,78.61%,0.3182,"[0.3185296356678009, 0.6814703941345215]"
692,1,47.04%,78.64%,0.2469,"[0.21678860485553741, 0.7832114100456238]"
693,1,47.12%,78.53%,1.3799,"[0.7881012558937073, 0.2118988037109375]"
694,1,47.19%,78.56%,0.2984,"[0.31109559535980225, 0.688904345035553]"
695,0,47.13%,78.59%,0.1683,"[0.8444663882255554, 0.15553367137908936]"
696,0,47.06%,78.48%,1.4826,"[0.22588646411895752, 0.7741134762763977]"
697,0,46.99%,78.51%,0.1669,"[0.8460238575935364, 0.15397615730762482]"
698,1,47.07%,78.54%,0.1953,"[0.1774866282939911, 0.8225133419036865]"
699,1,47.14%,78.57%,0.2147,"[0.1932479441165924, 0.80675208568573]"
700,0,47.08%,78.60%,0.1657,"[0.8443527817726135, 0.15564720332622528]"
701,1,47.15%,78.63%,0.1934,"[0.1741919368505478, 0.825808048248291]"
702,1,47.23%,78.66%,0.2396,"[0.2255753129720688, 0.7744247317314148]"
703,0,47.16%,78.55%,1.4517,"[0.22737428545951843, 0.7726256847381592]"
704,0,47.09%,78.58%,0.1704,"[0.844030499458313, 0.1559695601463318]"
705,1,47.17%,78.61%,0.2199,"[0.2003965824842453, 0.7996034026145935]"
706,0,47.10%,78.64%,0.1666,"[0.8453301191329956, 0.1546698957681656]"
707,1,47.18%,78.67%,0.2196,"[0.19602833688259125, 0.8039716482162476]"
708,1,47.25%,78.70%,0.1925,"[0.1732555478811264, 0.8267444372177124]"
709,0,47.18%,78.59%,1.6806,"[0.18608862161636353, 0.8139113187789917]"
710,0,47.12%,78.48%,1.2473,"[0.2588925063610077, 0.7411075234413147]"
711,1,47.19%,78.51%,0.2271,"[0.20762823522090912, 0.7923718094825745]"
712,1,47.27%,78.54%,0.1928,"[0.1760842353105545, 0.8239157795906067]"
713,0,47.20%,78.57%,0.1816,"[0.83809494972229, 0.16190503537654877]"
714,1,47.27%,78.60%,0.1973,"[0.17847825586795807, 0.8215217590332031]"
715,1,47.35%,78.63%,0.2084,"[0.19978903234004974, 0.8002110123634338]"
716,0,47.28%,78.66%,0.1665,"[0.8445243239402771, 0.1554756909608841]"
717,0,47.21%,78.69%,0.1649,"[0.8454993367195129, 0.15450066328048706]"
718,0,47.15%,78.72%,0.167,"[0.8441827893257141, 0.1558171957731247]"
719,1,47.22%,78.75%,0.2072,"[0.19809183478355408, 0.8019081354141235]"
720,1,47.30%,78.78%,0.227,"[0.2042970210313797, 0.7957029938697815]"
721,1,47.37%,78.81%,0.2985,"[0.24003788828849792, 0.7599621415138245]"
722,1,47.44%,78.84%,0.2398,"[0.21888968348503113, 0.7811103463172913]"
723,0,47.38%,78.87%,0.1641,"[0.8484271764755249, 0.15157286822795868]"
724,1,47.45%,78.90%,0.4719,"[0.312372624874115, 0.687627375125885]"
725,0,47.38%,78.93%,0.1656,"[0.846485435962677, 0.1535145342350006]"
726,1,47.46%,78.95%,0.202,"[0.18212749063968658, 0.8178724646568298]"
727,0,47.39%,78.98%,0.1611,"[0.8511838912963867, 0.14881615340709686]"
728,0,47.33%,79.01%,0.1611,"[0.8517427444458008, 0.14825725555419922]"
729,1,47.40%,79.04%,0.2252,"[0.21520346403121948, 0.7847964763641357]"
730,1,47.47%,79.07%,0.21,"[0.19156359136104584, 0.8084364533424377]"
731,1,47.54%,79.10%,0.2156,"[0.2067951261997223, 0.7932049036026001]"
732,1,47.61%,79.13%,0.2084,"[0.18957872688770294, 0.8104212284088135]"
733,1,47.68%,79.16%,0.1863,"[0.1699027270078659, 0.8300973176956177]"
734,1,47.76%,79.18%,0.2012,"[0.18072843551635742, 0.8192715048789978]"
735,0,47.69%,79.21%,0.171,"[0.8401093482971191, 0.15989063680171967]"
736,1,47.76%,79.24%,0.2004,"[0.18311649560928345, 0.8168835043907166]"
737,1,47.83%,79.27%,0.184,"[0.16790986061096191, 0.8320901393890381]"
738,0,47.77%,79.16%,1.4429,"[0.21694785356521606, 0.7830522060394287]"
739,0,47.70%,79.19%,0.1642,"[0.8454254269599915, 0.15457455813884735]"
740,1,47.77%,79.22%,0.1824,"[0.16659122705459595, 0.8334088325500488]"
741,1,47.84%,79.25%,0.1926,"[0.17587243020534515, 0.8241275548934937]"
742,1,47.91%,79.27%,0.1814,"[0.16594918072223663, 0.8340508341789246]"
743,1,47.98%,79.30%,0.1969,"[0.17445941269397736, 0.8255406022071838]"
744,1,48.05%,79.33%,0.2269,"[0.1939961314201355, 0.8060038685798645]"
745,1,48.12%,79.36%,0.1951,"[0.18212798237800598, 0.8178719878196716]"
746,1,48.19%,79.38%,0.2039,"[0.17488491535186768, 0.8251150250434875]"
747,1,48.26%,79.41%,0.197,"[0.19832958281040192, 0.8016704320907593]"
748,1,48.33%,79.44%,0.1949,"[0.1748543679714203, 0.8251456618309021]"
749,0,48.27%,79.47%,0.1597,"[0.8538674116134644, 0.14613252878189087]"
750,0,48.20%,79.49%,0.189,"[0.8308802843093872, 0.16911976039409637]"
751,0,48.14%,79.52%,0.4288,"[0.7275938987731934, 0.27240613102912903]"
752,1,48.21%,79.55%,0.1958,"[0.17968247830867767, 0.8203175067901611]"
753,1,48.28%,79.58%,0.1862,"[0.17311349511146545, 0.8268864750862122]"
754,1,48.34%,79.60%,0.1898,"[0.1714542657136917, 0.8285457491874695]"
755,0,48.28%,79.63%,0.1554,"[0.8575847148895264, 0.14241527020931244]"
756,0,48.22%,79.66%,0.1572,"[0.8542734384536743, 0.14572662115097046]"
757,1,48.28%,79.68%,0.1873,"[0.17175163328647614, 0.8282483816146851]"
758,0,48.22%,79.58%,1.7624,"[0.172256201505661, 0.8277437686920166]"
759,0,48.16%,79.61%,0.1562,"[0.8583449721336365, 0.14165499806404114]"
760,0,48.09%,79.50%,1.6851,"[0.18644362688064575, 0.813556432723999]"
761,1,48.16%,79.53%,0.175,"[0.16023556888103485, 0.839764416217804]"
762,1,48.23%,79.55%,0.1848,"[0.1700577437877655, 0.8299422264099121]"
763,0,48.17%,79.58%,0.163,"[0.8466603755950928, 0.15333954989910126]"
764,0,48.10%,79.48%,0.9055,"[0.4049355983734131, 0.5950644016265869]"
765,0,48.04%,79.50%,0.7813,"[0.6033346652984619, 0.3966653048992157]"
766,1,48.11%,79.53%,0.1907,"[0.1767788827419281, 0.8232210874557495]"
767,0,48.05%,79.43%,1.0613,"[0.35000213980674744, 0.6499978303909302]"
768,1,48.11%,79.45%,0.217,"[0.19942353665828705, 0.8005764484405518]"
769,1,48.18%,79.48%,0.2232,"[0.18502140045166016, 0.8149785995483398]"
770,0,48.12%,79.51%,0.149,"[0.8611114025115967, 0.1388886421918869]"
771,1,48.19%,79.53%,0.175,"[0.15976715087890625, 0.8402329087257385]"
772,0,48.12%,79.56%,0.1487,"[0.8621684908866882, 0.13783155381679535]"
773,1,48.19%,79.59%,0.2062,"[0.23002180457115173, 0.7699781656265259]"
774,1,48.26%,79.61%,0.2133,"[0.18344974517822266, 0.8165501952171326]"
775,1,48.32%,79.64%,0.179,"[0.16358909010887146, 0.8364109396934509]"
776,1,48.39%,79.67%,0.1744,"[0.1599321961402893, 0.8400678038597107]"
777,1,48.46%,79.69%,0.2705,"[0.2235954850912094, 0.7764045000076294]"
778,1,48.52%,79.72%,0.2773,"[0.21822163462638855, 0.7817783355712891]"
779,0,48.46%,79.62%,0.6107,"[0.3942970931529999, 0.6057029366493225]"
780,1,48.53%,79.64%,0.3866,"[0.4017951488494873, 0.5982049107551575]"
781,0,48.47%,79.67%,0.1471,"[0.8629326224327087, 0.13706734776496887]"
782,1,48.53%,79.69%,0.1829,"[0.16715951263904572, 0.8328405022621155]"
783,0,48.47%,79.59%,1.423,"[0.2014358639717102, 0.7985641360282898]"
784,1,48.54%,79.62%,0.2503,"[0.20867839455604553, 0.7913215756416321]"
785,0,48.47%,79.64%,0.1533,"[0.857552707195282, 0.14244727790355682]"
786,0,48.41%,79.67%,0.1444,"[0.8653095960617065, 0.13469040393829346]"
787,0,48.35%,79.57%,1.6811,"[0.20100578665733337, 0.7989941835403442]"
788,0,48.29%,79.59%,0.1456,"[0.8643486499786377, 0.13565140962600708]"
789,1,48.35%,79.62%,0.2498,"[0.21498487889766693, 0.7850151062011719]"
790,1,48.42%,79.65%,0.1744,"[0.15911489725112915, 0.8408850431442261]"
791,0,48.36%,79.55%,1.4479,"[0.2550256848335266, 0.7449743151664734]"
792,0,48.30%,79.57%,0.1438,"[0.8659114241600037, 0.13408854603767395]"
793,0,48.24%,79.60%,0.1434,"[0.8665416240692139, 0.1334584504365921]"
794,0,48.18%,79.62%,0.1433,"[0.8665459156036377, 0.13345405459403992]"
795,1,48.24%,79.65%,0.1753,"[0.16141515970230103, 0.838584840297699]"
796,0,48.18%,79.67%,0.143,"[0.8667387366294861, 0.13326123356819153]"
797,0,48.12%,79.70%,0.1428,"[0.8668931126594543, 0.13310694694519043]"
798,0,48.06%,79.72%,0.1426,"[0.8671097755432129, 0.1328902691602707]"
799,1,48.12%,79.75%,0.1759,"[0.1612078845500946, 0.838792085647583]"
800,1,48.19%,79.78%,0.1733,"[0.1584937870502472, 0.8415062427520752]"
801,0,48.13%,79.68%,1.5377,"[0.22740846872329712, 0.7725915312767029]"
802,1,48.19%,79.70%,0.253,"[0.21429584920406342, 0.7857041358947754]"
803,0,48.13%,79.60%,1.7123,"[0.18286332488059998, 0.8171366453170776]"
804,0,48.07%,79.63%,0.1412,"[0.8682165741920471, 0.1317833960056305]"
805,1,48.14%,79.65%,0.2838,"[0.27091145515441895, 0.729088544845581]"
806,1,48.20%,79.68%,0.2169,"[0.2232031673192978, 0.776796817779541]"
807,1,48.27%,79.70%,0.1724,"[0.16135428845882416, 0.8386456966400146]"
808,1,48.33%,79.73%,0.1746,"[0.1621367186307907, 0.8378632664680481]"
809,0,48.27%,79.75%,0.1415,"[0.8680318593978882, 0.1319681704044342]"
810,0,48.21%,79.78%,0.1407,"[0.8687111139297485, 0.13128884136676788]"
811,1,48.28%,79.68%,1.379,"[0.7986974716186523, 0.20130249857902527]"
812,1,48.34%,79.70%,0.4431,"[0.36593693494796753, 0.6340630650520325]"
813,0,48.28%,79.73%,0.1412,"[0.8681976199150085, 0.13180235028266907]"
814,0,48.22%,79.63%,1.5703,"[0.21360771358013153, 0.786392331123352]"
815,0,48.16%,79.53%,1.5656,"[0.20225858688354492, 0.7977413535118103]"
816,0,48.10%,79.44%,1.5161,"[0.21881122887134552, 0.7811887860298157]"
817,1,48.17%,79.46%,0.272,"[0.25158485770225525, 0.7484151124954224]"
818,0,48.11%,79.49%,0.1451,"[0.8658270835876465, 0.1341729611158371]"
819,0,48.05%,79.51%,0.1411,"[0.8683342337608337, 0.13166576623916626]"
820,1,48.11%,79.54%,0.2586,"[0.22363728284835815, 0.7763626575469971]"
821,1,48.18%,79.56%,0.1803,"[0.16532014310359955, 0.834679901599884]"
822,0,48.12%,79.59%,0.142,"[0.8674218058586121, 0.13257823884487152]"
823,1,48.18%,79.61%,0.1783,"[0.1628715991973877, 0.8371284604072571]"
824,0,48.12%,79.64%,0.1434,"[0.8662810325622559, 0.13371893763542175]"
825,0,48.06%,79.54%,1.345,"[0.24104996025562286, 0.7589500546455383]"
826,1,48.13%,79.56%,0.3149,"[0.266714483499527, 0.7332854866981506]"
827,0,48.07%,79.59%,0.1409,"[0.8685824871063232, 0.13141755759716034]"
828,0,48.01%,79.49%,1.4202,"[0.2563877999782562, 0.7436122298240662]"
829,1,48.07%,79.52%,0.1889,"[0.1770433783531189, 0.8229566812515259]"
830,1,48.13%,79.54%,0.1856,"[0.16974849998950958, 0.8302515149116516]"
831,0,48.08%,79.57%,0.141,"[0.8683387041091919, 0.13166122138500214]"
832,0,48.02%,79.59%,0.1404,"[0.8690073490142822, 0.13099266588687897]"
833,1,48.08%,79.50%,0.8448,"[0.693275511264801, 0.30672451853752136]"
834,1,48.14%,79.40%,0.6839,"[0.5162816047668457, 0.4837183356285095]"
835,1,48.21%,79.43%,0.1826,"[0.16983458399772644, 0.8301653861999512]"
836,1,48.27%,79.33%,1.0824,"[0.6392146348953247, 0.3607853651046753]"
837,1,48.33%,79.36%,0.2806,"[0.22593972086906433, 0.7740603685379028]"
838,1,48.39%,79.38%,0.1835,"[0.1685485541820526, 0.831451416015625]"
839,1,48.45%,79.40%,0.235,"[0.2042030245065689, 0.7957969903945923]"
840,0,48.39%,79.43%,0.141,"[0.8682689666748047, 0.13173098862171173]"
841,1,48.46%,79.45%,0.177,"[0.1611439734697342, 0.838856041431427]"
842,1,48.52%,79.48%,0.1828,"[0.1683269739151001, 0.8316730856895447]"
843,1,48.58%,79.50%,0.2245,"[0.20184621214866638, 0.7981537580490112]"
844,1,48.64%,79.53%,0.2414,"[0.2114475816488266, 0.7885524034500122]"
845,1,48.70%,79.55%,0.1745,"[0.16307030618190765, 0.8369296789169312]"
846,0,48.64%,79.57%,0.1421,"[0.8673133850097656, 0.13268660008907318]"
847,1,48.70%,79.60%,0.2206,"[0.20457039773464203, 0.7954296469688416]"
848,1,48.76%,79.62%,0.2117,"[0.18992279469966888, 0.8100771903991699]"
849,0,48.71%,79.53%,1.6564,"[0.19055025279521942, 0.8094497919082642]"
850,0,48.65%,79.55%,0.1468,"[0.864300549030304, 0.13569945096969604]"
851,0,48.59%,79.58%,0.149,"[0.8619928956031799, 0.13800714910030365]"
852,0,48.53%,79.60%,0.1533,"[0.8584457039833069, 0.14155428111553192]"
853,0,48.48%,79.63%,0.1454,"[0.8640435934066772, 0.13595640659332275]"
854,0,48.42%,79.65%,0.1567,"[0.8547735214233398, 0.14522647857666016]"
855,1,48.48%,79.67%,0.2262,"[0.20438988506793976, 0.7956101298332214]"
856,1,48.54%,79.70%,0.2117,"[0.18890240788459778, 0.8110975623130798]"
857,0,48.48%,79.72%,0.1439,"[0.8652087450027466, 0.134791299700737]"
858,0,48.43%,79.74%,0.1401,"[0.8687584400177002, 0.1312415897846222]"
859,1,48.49%,79.77%,0.193,"[0.1766771674156189, 0.8233228921890259]"
860,1,48.55%,79.79%,0.205,"[0.18484698235988617, 0.8151529431343079]"
861,1,48.61%,79.81%,0.1728,"[0.1568528562784195, 0.8431472182273865]"
862,0,48.55%,79.72%,1.6851,"[0.1874532699584961, 0.8125467300415039]"
863,0,48.50%,79.75%,0.1626,"[0.8522812724113464, 0.14771880209445953]"
864,0,48.44%,79.77%,0.1409,"[0.868670642375946, 0.13132940232753754]"
865,0,48.38%,79.68%,1.7111,"[0.1864236295223236, 0.8135764002799988]"
866,0,48.33%,79.58%,1.5632,"[0.2107427567243576, 0.7892572283744812]"
867,0,48.27%,79.61%,0.1379,"[0.871370792388916, 0.1286291927099228]"
868,0,48.22%,79.63%,0.1536,"[0.8580517172813416, 0.14194823801517487]"
869,0,48.16%,79.54%,1.6544,"[0.19149786233901978, 0.808502197265625]"
870,1,48.22%,79.56%,0.2419,"[0.20766839385032654, 0.7923315763473511]"
871,0,48.17%,79.59%,0.1404,"[0.8696634769439697, 0.1303364783525467]"
872,1,48.22%,79.61%,0.2123,"[0.19086216390132904, 0.8091378211975098]"
873,0,48.17%,79.52%,1.5843,"[0.21820910274982452, 0.7817908525466919]"
874,1,48.23%,79.54%,0.2119,"[0.20125256478786469, 0.7987473607063293]"
875,0,48.17%,79.57%,0.1385,"[0.8706431984901428, 0.12935684621334076]"
876,1,48.23%,79.59%,0.2645,"[0.24327020347118378, 0.7567297220230103]"
877,0,48.18%,79.61%,0.4353,"[0.7511910796165466, 0.24880895018577576]"
878,0,48.12%,79.64%,0.1365,"[0.8724450469017029, 0.12755492329597473]"
879,1,48.18%,79.66%,0.2385,"[0.21901069581508636, 0.7809893488883972]"
880,0,48.13%,79.68%,0.2152,"[0.814693808555603, 0.18530619144439697]"
881,0,48.07%,79.71%,0.1364,"[0.8719779253005981, 0.12802213430404663]"
882,0,48.02%,79.73%,0.1376,"[0.8713071346282959, 0.1286928504705429]"
883,1,48.08%,79.75%,0.2622,"[0.23196792602539062, 0.7680321335792542]"
884,0,48.02%,79.77%,0.137,"[0.8722912073135376, 0.12770886719226837]"
885,0,47.97%,79.80%,0.135,"[0.8737409710884094, 0.12625901401042938]"
886,0,47.91%,79.82%,0.1354,"[0.8731012940406799, 0.12689873576164246]"
887,1,47.97%,79.84%,0.2683,"[0.23484589159488678, 0.7651541233062744]"
888,1,48.03%,79.87%,0.1811,"[0.16913382709026337, 0.8308662176132202]"
889,1,48.09%,79.89%,0.2917,"[0.24432815611362457, 0.7556718587875366]"
890,1,48.15%,79.80%,0.556,"[0.5806075930595398, 0.4193923771381378]"
891,0,48.09%,79.82%,0.1355,"[0.8728039860725403, 0.12719599902629852]"
892,1,48.15%,79.84%,0.1814,"[0.16553263366222382, 0.834467351436615]"
893,1,48.21%,79.87%,0.3665,"[0.2907068431377411, 0.7092931270599365]"
894,0,48.16%,79.78%,0.4436,"[0.35994479060173035, 0.640055239200592]"
895,0,48.10%,79.80%,1.202,"[0.7676975131034851, 0.2323024570941925]"
896,1,48.16%,79.82%,0.2144,"[0.19275639951229095, 0.8072435855865479]"
897,0,48.11%,79.84%,0.1338,"[0.8750826716423035, 0.12491736561059952]"
898,0,48.05%,79.87%,0.1327,"[0.8754047751426697, 0.12459524720907211]"
899,1,48.11%,79.89%,0.1739,"[0.16212217509746552, 0.8378778100013733]"
900,0,48.06%,79.91%,1.2365,"[0.7640014290809631, 0.23599858582019806]"
901,0,48.00%,79.93%,0.1319,"[0.8763393759727478, 0.12366064637899399]"
902,1,48.06%,79.96%,0.2,"[0.18375015258789062, 0.8162498474121094]"
903,0,48.01%,79.98%,0.1307,"[0.8773863911628723, 0.1226135641336441]"
904,1,48.07%,80.00%,0.2076,"[0.18818403780460358, 0.8118159770965576]"
905,1,48.12%,80.02%,0.2127,"[0.1944579780101776, 0.8055420517921448]"
906,1,48.18%,80.04%,0.2163,"[0.1907750368118286, 0.8092249631881714]"
907,1,48.24%,80.07%,0.1716,"[0.15674424171447754, 0.8432557582855225]"
908,0,48.18%,80.09%,0.1309,"[0.876994788646698, 0.12300518155097961]"
909,1,48.24%,80.11%,0.2148,"[0.19226358830928802, 0.8077363967895508]"
910,0,48.19%,80.13%,0.1298,"[0.8782076835632324, 0.12179237604141235]"
911,1,48.25%,80.15%,0.2057,"[0.1843731552362442, 0.815626859664917]"
912,1,48.30%,80.18%,0.1988,"[0.1816907525062561, 0.8183093070983887]"
913,1,48.36%,80.20%,0.2129,"[0.20048333704471588, 0.7995166778564453]"
914,0,48.31%,80.22%,0.1308,"[0.8777729868888855, 0.12222704291343689]"
915,0,48.25%,80.24%,0.1292,"[0.8789623379707336, 0.12103765457868576]"
916,0,48.20%,80.26%,0.1286,"[0.8793773055076599, 0.1206226497888565]"
917,1,48.26%,80.28%,0.2212,"[0.1981329619884491, 0.8018670678138733]"
918,0,48.20%,80.30%,0.1276,"[0.8801522850990295, 0.11984773725271225]"
919,0,48.15%,80.33%,0.1293,"[0.8776639103889465, 0.12233611196279526]"
920,0,48.10%,80.35%,0.1278,"[0.8798752427101135, 0.12012482434511185]"
921,0,48.05%,80.37%,0.1268,"[0.8809588551521301, 0.11904118955135345]"
922,0,48.00%,80.39%,0.1271,"[0.8806565999984741, 0.11934342980384827]"
923,0,47.94%,80.41%,0.8979,"[0.6016896367073059, 0.3983103930950165]"
924,0,47.89%,80.43%,0.1262,"[0.8813153505325317, 0.11868467926979065]"
925,1,47.95%,80.45%,0.1991,"[0.17944645881652832, 0.8205535411834717]"
926,0,47.90%,80.47%,0.1272,"[0.8803547620773315, 0.11964525282382965]"
927,0,47.84%,80.39%,1.7071,"[0.18275600671768188, 0.8172440528869629]"
928,0,47.79%,80.41%,0.1271,"[0.8801129460334778, 0.1198871061205864]"
929,0,47.74%,80.43%,0.3712,"[0.7816438674926758, 0.21835611760616302]"
930,0,47.69%,80.45%,0.125,"[0.8825437426567078, 0.1174563318490982]"
931,1,47.75%,80.47%,0.1671,"[0.15606164932250977, 0.8439383506774902]"
932,0,47.70%,80.39%,1.7052,"[0.1797741949558258, 0.8202257752418518]"
933,0,47.64%,80.41%,0.1244,"[0.883029043674469, 0.11697101593017578]"
934,1,47.70%,80.43%,0.2723,"[0.36741966009140015, 0.6325803399085999]"
935,0,47.65%,80.45%,0.1244,"[0.8830139636993408, 0.11698608100414276]"
936,1,47.71%,80.47%,0.1791,"[0.16078896820545197, 0.8392109870910645]"
937,0,47.65%,80.49%,0.123,"[0.8842538595199585, 0.1157461479306221]"
938,1,47.71%,80.51%,0.1698,"[0.15507954359054565, 0.8449204564094543]"
939,0,47.66%,80.53%,0.1236,"[0.8837026953697205, 0.11629733443260193]"
940,1,47.72%,80.55%,0.1692,"[0.1589558720588684, 0.8410441279411316]"
941,1,47.77%,80.57%,0.1656,"[0.15242333710193634, 0.8475766777992249]"
942,0,47.72%,80.59%,0.1229,"[0.8845164179801941, 0.11548355221748352]"
943,0,47.67%,80.61%,0.123,"[0.8842744827270508, 0.1157255694270134]"
944,1,47.72%,80.63%,0.1657,"[0.15416009724140167, 0.8458399176597595]"
945,0,47.67%,80.55%,1.6614,"[0.18751214444637299, 0.8124878406524658]"
946,1,47.73%,80.57%,0.3851,"[0.3430144190788269, 0.6569855809211731]"
947,0,47.68%,80.59%,0.1218,"[0.8853752017021179, 0.11462471634149551]"
948,1,47.73%,80.61%,0.3131,"[0.2968352138996124, 0.7031647562980652]"
949,0,47.68%,80.53%,1.6181,"[0.19669711589813232, 0.8033028244972229]"
950,1,47.74%,80.55%,0.556,"[0.4534904360771179, 0.5465095639228821]"
951,1,47.79%,80.57%,0.2289,"[0.20125170052051544, 0.7987483143806458]"
952,0,47.74%,80.59%,0.1206,"[0.8862763047218323, 0.11372364312410355]"
953,0,47.69%,80.61%,0.1206,"[0.8864384293556213, 0.11356156319379807]"
954,1,47.75%,80.63%,0.2676,"[0.21590568125247955, 0.7840943336486816]"
955,0,47.70%,80.54%,1.3678,"[0.2972848415374756, 0.7027151584625244]"
956,1,47.75%,80.56%,0.1959,"[0.18545003235340118, 0.81454998254776]"
957,1,47.81%,80.58%,0.5123,"[0.3694189190864563, 0.6305811405181885]"
958,0,47.76%,80.60%,0.1224,"[0.8845751285552979, 0.11542493104934692]"
959,1,47.81%,80.62%,0.1686,"[0.15436792373657227, 0.845632016658783]"
960,1,47.87%,80.65%,0.2449,"[0.19275546073913574, 0.8072444796562195]"
961,1,47.92%,80.67%,0.2037,"[0.1995922327041626, 0.8004077672958374]"
962,1,47.98%,80.69%,0.1818,"[0.15640515089035034, 0.8435949087142944]"
963,1,48.03%,80.71%,0.2324,"[0.20457491278648376, 0.7954249978065491]"
964,0,47.98%,80.73%,0.1242,"[0.882507860660553, 0.11749213933944702]"
965,0,47.93%,80.75%,0.1213,"[0.8858752846717834, 0.11412478238344193]"
966,1,47.98%,80.77%,0.1932,"[0.18353015184402466, 0.8164698481559753]"
967,1,48.04%,80.79%,0.1937,"[0.17635202407836914, 0.8236479163169861]"
968,0,47.99%,80.80%,0.1217,"[0.8854954242706299, 0.1145046129822731]"
969,1,48.04%,80.82%,0.1643,"[0.15165285766124725, 0.8483471274375916]"
970,1,48.09%,80.84%,0.1984,"[0.19585241377353668, 0.8041476011276245]"
971,0,48.05%,80.86%,0.1204,"[0.8868905305862427, 0.11310943961143494]"
972,0,48.00%,80.88%,0.119,"[0.887989342212677, 0.11201062798500061]"
973,0,47.95%,80.80%,0.6883,"[0.4322618544101715, 0.5677382349967957]"
974,1,48.00%,80.82%,0.194,"[0.17231972515583038, 0.8276803493499756]"
975,1,48.05%,80.84%,0.1643,"[0.15089771151542664, 0.8491023182868958]"
976,1,48.11%,80.86%,0.1597,"[0.14812250435352325, 0.8518775105476379]"
977,1,48.16%,80.88%,0.1614,"[0.14816074073314667, 0.8518392443656921]"
978,0,48.11%,80.90%,0.1248,"[0.8816550970077515, 0.11834494769573212]"
979,1,48.16%,80.92%,0.194,"[0.1870054006576538, 0.8129945397377014]"
980,0,48.11%,80.94%,0.1238,"[0.884022057056427, 0.11597798019647598]"
981,0,48.07%,80.96%,0.3799,"[0.5299889445304871, 0.47001105546951294]"
982,1,48.12%,80.98%,0.1786,"[0.1676441878080368, 0.832355797290802]"
983,1,48.17%,81.00%,0.822,"[0.3361707329750061, 0.6638293266296387]"
984,1,48.22%,81.02%,0.195,"[0.1800185590982437, 0.8199814558029175]"
985,1,48.28%,81.03%,0.1722,"[0.15815216302871704, 0.841847836971283]"
986,1,48.33%,81.05%,0.1942,"[0.17352649569511414, 0.8264735341072083]"
987,1,48.38%,81.07%,0.1683,"[0.1561812311410904, 0.843818724155426]"
988,1,48.43%,81.09%,0.159,"[0.14387328922748566, 0.8561267256736755]"
989,0,48.38%,81.01%,1.7687,"[0.16632160544395447, 0.8336784243583679]"
990,1,48.44%,81.03%,0.1554,"[0.14482000470161438, 0.855180025100708]"
991,1,48.49%,81.05%,0.254,"[0.280690461397171, 0.7193095684051514]"
992,0,48.44%,81.07%,0.1175,"[0.8893674612045288, 0.11063259094953537]"
993,0,48.39%,81.09%,0.1166,"[0.8897845149040222, 0.11021547764539719]"
994,0,48.34%,81.11%,0.1153,"[0.890957772731781, 0.1090421974658966]"
995,1,48.39%,81.12%,0.1548,"[0.14217549562454224, 0.8578245639801025]"
996,0,48.35%,81.04%,1.7982,"[0.17293556034564972, 0.8270644545555115]"
997,0,48.30%,81.06%,0.1142,"[0.8919689655303955, 0.10803104937076569]"
998,1,48.35%,81.08%,0.1613,"[0.1492859125137329, 0.8507140278816223]"
999,0,48.30%,81.10%,0.1148,"[0.8913530111312866, 0.10864698141813278]"
1000,0,48.25%,81.12%,0.1139,"[0.8919904232025146, 0.10800953954458237]"
1001,1,48.30%,81.14%,0.17,"[0.15696924924850464, 0.8430307507514954]"
1002,1,48.35%,81.16%,0.1666,"[0.15288113057613373, 0.8471188545227051]"
1003,1,48.41%,81.18%,0.213,"[0.19642333686351776, 0.803576648235321]"
1004,1,48.46%,81.19%,0.1661,"[0.15336135029792786, 0.8466386198997498]"
1005,0,48.41%,81.21%,0.1182,"[0.8892378211021423, 0.11076214164495468]"
1006,1,48.46%,81.23%,0.1736,"[0.159855917096138, 0.8401440978050232]"
1007,0,48.41%,81.15%,1.7568,"[0.16402314603328705, 0.8359768390655518]"
1008,0,48.36%,81.17%,0.1132,"[0.8929159641265869, 0.10708407312631607]"
1009,1,48.42%,81.19%,0.1691,"[0.15899775922298431, 0.8410022258758545]"
1010,1,48.47%,81.21%,0.1701,"[0.1559145301580429, 0.8440854549407959]"
1011,1,48.52%,81.23%,0.1574,"[0.14452140033245087, 0.8554786443710327]"
1012,0,48.47%,81.15%,1.8244,"[0.1647346317768097, 0.8352653980255127]"
1013,0,48.42%,81.16%,0.1131,"[0.8931325078010559, 0.10686750710010529]"
1014,0,48.37%,81.18%,0.1146,"[0.8913465142250061, 0.10865353792905807]"
1015,1,48.43%,81.20%,0.1766,"[0.16411374509334564, 0.8358862400054932]"
1016,1,48.48%,81.22%,0.1554,"[0.14410392940044403, 0.8558960556983948]"
1017,0,48.43%,81.24%,0.1128,"[0.8933787941932678, 0.10662122070789337]"
1018,1,48.48%,81.26%,0.1546,"[0.14350749552249908, 0.8564924597740173]"
1019,0,48.43%,81.27%,0.1198,"[0.8861532807350159, 0.11384671926498413]"
1020,1,48.48%,81.29%,0.4184,"[0.30079299211502075, 0.6992070078849792]"
1021,1,48.53%,81.31%,0.1581,"[0.14616477489471436, 0.8538351655006409]"
1022,0,48.48%,81.33%,0.1123,"[0.8937873244285583, 0.10621264576911926]"
1023,0,48.44%,81.35%,0.1169,"[0.8900948166847229, 0.10990511626005173]"
1024,0,48.39%,81.37%,0.1112,"[0.8947769999504089, 0.10522301495075226]"
1025,1,48.44%,81.38%,0.1608,"[0.15199267864227295, 0.848007321357727]"
1026,1,48.49%,81.40%,0.1559,"[0.14466385543346405, 0.8553361296653748]"
1027,1,48.54%,81.42%,0.1836,"[0.14977632462978363, 0.8502237200737]"
1028,0,48.49%,81.44%,0.1101,"[0.8957532048225403, 0.10424678027629852]"
1029,0,48.45%,81.46%,0.1103,"[0.8954994082450867, 0.10450059175491333]"
1030,1,48.50%,81.47%,0.1529,"[0.14192718267440796, 0.858072817325592]"
1031,0,48.45%,81.49%,0.1101,"[0.895918071269989, 0.1040819063782692]"
1032,0,48.40%,81.51%,0.1104,"[0.8953315019607544, 0.10466846823692322]"
1033,0,48.36%,81.53%,0.1114,"[0.8947736620903015, 0.10522633790969849]"
1034,0,48.31%,81.55%,0.111,"[0.8955411911010742, 0.10445880889892578]"
1035,1,48.36%,81.56%,0.1822,"[0.16297784447669983, 0.8370221257209778]"
1036,1,48.41%,81.58%,0.1645,"[0.15738463401794434, 0.8426154255867004]"
1037,1,48.46%,81.60%,0.1759,"[0.17192205786705017, 0.8280779123306274]"
1038,1,48.51%,81.62%,0.1529,"[0.14150705933570862, 0.858492910861969]"
1039,0,48.46%,81.63%,0.1086,"[0.8970766663551331, 0.10292334109544754]"
1040,0,48.41%,81.65%,0.1086,"[0.8974586725234985, 0.10254138708114624]"
1041,0,48.37%,81.57%,1.8817,"[0.15820005536079407, 0.8417999148368835]"
1042,1,48.42%,81.59%,0.1981,"[0.15681006014347076, 0.8431898951530457]"
1043,0,48.37%,81.61%,0.1073,"[0.898269772529602, 0.10173025727272034]"
1044,0,48.33%,81.63%,0.1116,"[0.8930078744888306, 0.10699214786291122]"
1045,0,48.28%,81.64%,0.1078,"[0.8977327942848206, 0.10226722806692123]"
1046,1,48.33%,81.66%,0.1825,"[0.16600832343101501, 0.8339917063713074]"
1047,0,48.28%,81.68%,0.1066,"[0.8988482356071472, 0.10115181654691696]"
1048,0,48.24%,81.70%,0.1062,"[0.8992423415184021, 0.1007576733827591]"
1049,0,48.19%,81.71%,0.1056,"[0.8997443318367004, 0.10025565326213837]"
1050,0,48.14%,81.73%,0.113,"[0.8934483528137207, 0.10655170679092407]"
1051,0,48.10%,81.65%,1.7102,"[0.17628894746303558, 0.8237110376358032]"
1052,0,48.05%,81.67%,0.1074,"[0.8984817266464233, 0.10151831805706024]"
1053,0,48.01%,81.69%,0.1069,"[0.8988903164863586, 0.10110963135957718]"
1054,1,48.06%,81.71%,0.1887,"[0.15735585987567902, 0.842644214630127]"
1055,1,48.11%,81.72%,0.207,"[0.17681337893009186, 0.8231866955757141]"
1056,1,48.16%,81.74%,0.1756,"[0.16315661370754242, 0.8368433117866516]"
1057,1,48.20%,81.76%,0.1612,"[0.15293516218662262, 0.8470648527145386]"
1058,1,48.25%,81.78%,0.1699,"[0.1539127081632614, 0.8460873365402222]"
1059,0,48.21%,81.79%,0.1059,"[0.8994528651237488, 0.10054711997509003]"
1060,0,48.16%,81.81%,0.1078,"[0.8968640565872192, 0.10313594341278076]"
1061,0,48.12%,81.83%,0.1062,"[0.8991079330444336, 0.100892074406147]"
1062,1,48.17%,81.84%,0.1481,"[0.1371339112520218, 0.8628661036491394]"
1063,1,48.21%,81.86%,0.1587,"[0.1438111811876297, 0.8561887741088867]"
1064,0,48.17%,81.88%,0.1044,"[0.9008841514587402, 0.09911587834358215]"
1065,1,48.22%,81.89%,0.1735,"[0.17038977146148682, 0.8296102285385132]"
1066,0,48.17%,81.91%,0.1059,"[0.8993011116981506, 0.10069883614778519]"
1067,1,48.22%,81.93%,0.184,"[0.15242932736873627, 0.8475707173347473]"
1068,1,48.27%,81.95%,0.1678,"[0.15373662114143372, 0.8462634086608887]"
1069,1,48.32%,81.96%,0.1498,"[0.13815562427043915, 0.8618443608283997]"
1070,1,48.37%,81.98%,0.1665,"[0.14640700817108154, 0.8535929322242737]"
1071,0,48.32%,82.00%,0.1039,"[0.9010705351829529, 0.09892944991588593]"
1072,1,48.37%,82.01%,0.1572,"[0.14265945553779602, 0.8573405146598816]"
1073,0,48.32%,81.94%,1.9249,"[0.14436231553554535, 0.8556377291679382]"
1074,0,48.28%,81.95%,0.105,"[0.9004508256912231, 0.09954912960529327]"
1075,1,48.33%,81.97%,0.1426,"[0.13282831013202667, 0.8671717047691345]"
1076,1,48.38%,81.99%,0.1575,"[0.14852865040302277, 0.8514713644981384]"
1077,0,48.33%,82.00%,0.1029,"[0.9022560119628906, 0.0977439433336258]"
1078,0,48.29%,81.93%,1.4236,"[0.19944560527801514, 0.8005543351173401]"
1079,1,48.33%,81.94%,0.1723,"[0.15627139806747437, 0.8437286019325256]"
1080,0,48.29%,81.96%,0.102,"[0.903098464012146, 0.096901535987854]"
1081,1,48.34%,81.98%,0.1491,"[0.13968585431575775, 0.860314130783081]"
1082,0,48.29%,81.99%,0.1012,"[0.9038150906562805, 0.0961848795413971]"
1083,0,48.25%,81.92%,1.0587,"[0.28999581933021545, 0.7100042104721069]"
1084,1,48.29%,81.94%,0.1432,"[0.13329297304153442, 0.8667070865631104]"
1085,0,48.25%,81.95%,0.1026,"[0.9026520252227783, 0.0973479226231575]"
1086,1,48.30%,81.97%,0.1655,"[0.15962158143520355, 0.84037846326828]"
1087,1,48.35%,81.99%,0.197,"[0.17901328206062317, 0.8209866881370544]"
1088,0,48.30%,82.00%,0.1001,"[0.9047890901565552, 0.09521094709634781]"
1089,1,48.35%,82.02%,0.1656,"[0.1476747989654541, 0.8523251414299011]"
1090,0,48.30%,82.03%,0.3891,"[0.6851226091384888, 0.3148774802684784]"
1091,1,48.35%,82.05%,0.2689,"[0.22865566611289978, 0.7713443636894226]"
1092,1,48.40%,82.07%,0.1672,"[0.1831628829240799, 0.8168370723724365]"
1093,1,48.45%,82.08%,0.1588,"[0.16209059953689575, 0.837909460067749]"
1094,1,48.49%,82.10%,0.1721,"[0.16367748379707336, 0.836322546005249]"
1095,0,48.45%,82.12%,0.1023,"[0.9036916494369507, 0.09630835801362991]"
1096,0,48.40%,82.13%,0.0997,"[0.9050589799880981, 0.09494104236364365]"
1097,0,48.36%,82.15%,0.0998,"[0.9050347805023193, 0.09496523439884186]"
1098,0,48.32%,82.17%,0.0983,"[0.9063864350318909, 0.09361359477043152]"
1099,0,48.27%,82.18%,0.0987,"[0.906032383441925, 0.09396762400865555]"
1100,1,48.32%,82.20%,0.1647,"[0.15220007300376892, 0.8477998971939087]"
1101,1,48.37%,82.21%,0.1619,"[0.1533580720424652, 0.8466419577598572]"
1102,0,48.32%,82.23%,0.0982,"[0.906288206577301, 0.09371186047792435]"
1103,1,48.37%,82.25%,0.1822,"[0.16998454928398132, 0.8300154805183411]"
1104,1,48.42%,82.26%,0.1638,"[0.15241539478302002, 0.8475845456123352]"
1105,0,48.37%,82.28%,0.0973,"[0.9073207974433899, 0.09267917275428772]"
1106,1,48.42%,82.29%,0.2677,"[0.2068268060684204, 0.7931732535362244]"
1107,1,48.47%,82.31%,0.1391,"[0.12871159613132477, 0.8712884187698364]"
1108,1,48.51%,82.33%,0.1842,"[0.1482422947883606, 0.8517577052116394]"
1109,0,48.47%,82.34%,0.0967,"[0.9076822400093079, 0.09231775254011154]"
1110,1,48.51%,82.36%,0.1358,"[0.1277485489845276, 0.8722514510154724]"
1111,0,48.47%,82.37%,0.096,"[0.9084081649780273, 0.09159186482429504]"
1112,0,48.43%,82.39%,0.0959,"[0.90867018699646, 0.09132983535528183]"
1113,1,48.47%,82.41%,0.1363,"[0.127743661403656, 0.872256338596344]"
1114,0,48.43%,82.42%,0.0984,"[0.9061581492424011, 0.09384185075759888]"
1115,0,48.39%,82.44%,0.1183,"[0.8986019492149353, 0.10139810293912888]"
1116,1,48.43%,82.45%,0.1352,"[0.12585291266441345, 0.8741471767425537]"
1117,0,48.39%,82.47%,0.0967,"[0.908046305179596, 0.09195370227098465]"
1118,1,48.44%,82.48%,0.1319,"[0.12380426377058029, 0.8761957883834839]"
1119,1,48.48%,82.50%,0.1328,"[0.12408655136823654, 0.8759134411811829]"
1120,0,48.44%,82.43%,1.3829,"[0.2650756537914276, 0.73492431640625]"
1121,0,48.40%,82.44%,0.0947,"[0.9097742438316345, 0.09022579342126846]"
1122,0,48.35%,82.46%,0.0942,"[0.9100731015205383, 0.0899268388748169]"
1123,0,48.31%,82.38%,1.975,"[0.13883092999458313, 0.8611690402030945]"
1124,1,48.36%,82.40%,0.1343,"[0.1252899467945099, 0.8747100830078125]"
1125,0,48.31%,82.42%,0.095,"[0.9093737006187439, 0.09062625467777252]"
1126,0,48.27%,82.43%,0.0935,"[0.9107255339622498, 0.08927449584007263]"
1127,0,48.23%,82.36%,1.1514,"[0.3501294255256653, 0.6498705148696899]"
1128,0,48.18%,82.37%,0.0932,"[0.9109522104263306, 0.08904779702425003]"
1129,1,48.23%,82.39%,0.1355,"[0.1260872334241867, 0.8739127516746521]"
1130,0,48.19%,82.40%,0.093,"[0.9112599492073059, 0.08874010294675827]"
1131,1,48.23%,82.42%,0.2101,"[0.1991957128047943, 0.8008042573928833]"
1132,0,48.19%,82.35%,1.8911,"[0.1503533124923706, 0.8496467471122742]"
1133,1,48.24%,82.36%,0.1348,"[0.12739838659763336, 0.8726016283035278]"
1134,0,48.19%,82.38%,0.0928,"[0.9113012552261353, 0.08869881182909012]"
1135,1,48.24%,82.31%,1.7199,"[0.8481084108352661, 0.15189160406589508]"
1136,0,48.20%,82.32%,0.0926,"[0.9116216897964478, 0.08837825804948807]"
1137,0,48.15%,82.34%,0.0929,"[0.9112512469291687, 0.0887487530708313]"
1138,1,48.20%,82.35%,0.1858,"[0.19064350426197052, 0.8093565106391907]"
1139,1,48.25%,82.37%,0.1553,"[0.14615017175674438, 0.8538497686386108]"
1140,1,48.29%,82.38%,0.2464,"[0.20599247515201569, 0.7940074801445007]"
1141,0,48.25%,82.40%,0.0935,"[0.9107317328453064, 0.0892682671546936]"
1142,1,48.29%,82.41%,0.1641,"[0.13763736188411713, 0.8623626232147217]"
1143,1,48.34%,82.43%,0.1658,"[0.15281599760055542, 0.8471840620040894]"
1144,1,48.38%,82.45%,0.1652,"[0.15102079510688782, 0.8489791750907898]"
1145,1,48.43%,82.46%,0.1402,"[0.12711332738399506, 0.872886598110199]"
1146,0,48.39%,82.48%,0.0929,"[0.9112424254417419, 0.08875755965709686]"
1147,1,48.43%,82.49%,0.2137,"[0.16744160652160645, 0.8325583934783936]"
1148,0,48.39%,82.51%,0.0925,"[0.911641538143158, 0.08835850656032562]"
1149,0,48.35%,82.52%,0.0932,"[0.9110759496688843, 0.08892408758401871]"
1150,1,48.39%,82.54%,0.1806,"[0.16645447909832, 0.8335455060005188]"
1151,0,48.35%,82.55%,0.1191,"[0.8639428615570068, 0.13605712354183197]"
1152,0,48.31%,82.57%,0.0924,"[0.9118093848228455, 0.08819065988063812]"
1153,1,48.35%,82.58%,0.1517,"[0.14179398119449615, 0.8582059741020203]"
1154,0,48.31%,82.60%,0.0945,"[0.9104665517807007, 0.08953344076871872]"
1155,0,48.27%,82.61%,0.0925,"[0.9111350178718567, 0.0888649970293045]"
1156,1,48.31%,82.63%,0.1478,"[0.1425260752439499, 0.8574739098548889]"
1157,1,48.36%,82.64%,0.266,"[0.24838733673095703, 0.7516126036643982]"
1158,1,48.40%,82.66%,0.271,"[0.19936206936836243, 0.80063796043396]"
1159,0,48.36%,82.67%,0.091,"[0.9131511449813843, 0.08684893697500229]"
1160,0,48.32%,82.69%,0.0913,"[0.9127132892608643, 0.08728677779436111]"
1161,0,48.28%,82.70%,0.0923,"[0.9114260077476501, 0.08857396245002747]"
1162,1,48.32%,82.72%,0.1533,"[0.13315138220787048, 0.8668485879898071]"
1163,1,48.37%,82.73%,0.1398,"[0.13469858467578888, 0.8653013706207275]"
1164,0,48.33%,82.75%,0.0911,"[0.9128687977790833, 0.08713117986917496]"
1165,0,48.28%,82.68%,1.4059,"[0.2834903299808502, 0.7165096998214722]"
1166,1,48.33%,82.69%,0.1305,"[0.12334515154361725, 0.876654863357544]"
1167,1,48.37%,82.71%,0.1295,"[0.1212998777627945, 0.8787000775337219]"
1168,1,48.42%,82.72%,0.1279,"[0.1201779693365097, 0.8798220753669739]"
1169,0,48.38%,82.74%,0.1012,"[0.9045513272285461, 0.09544867277145386]"
1170,1,48.42%,82.75%,0.1331,"[0.12654511630535126, 0.8734548687934875]"
1171,1,48.46%,82.76%,0.1539,"[0.13609731197357178, 0.8639026880264282]"
1172,1,48.51%,82.78%,0.1279,"[0.120428167283535, 0.8795718550682068]"
1173,0,48.47%,82.71%,1.1362,"[0.49909237027168274, 0.5009076595306396]"
1174,0,48.43%,82.72%,0.0899,"[0.9140071868896484, 0.08599276840686798]"
1175,0,48.38%,82.65%,2.0279,"[0.135453999042511, 0.864546000957489]"
1176,1,48.43%,82.67%,0.1349,"[0.1346118301153183, 0.8653881549835205]"
1177,1,48.47%,82.68%,0.1356,"[0.12678557634353638, 0.8732144832611084]"
1178,0,48.43%,82.70%,0.1204,"[0.8980343341827393, 0.10196566581726074]"
1179,1,48.47%,82.71%,0.141,"[0.13226617872714996, 0.8677338361740112]"
1180,0,48.43%,82.64%,2.0359,"[0.13217373192310333, 0.8678262233734131]"
1181,1,48.48%,82.66%,0.1411,"[0.13677464425563812, 0.8632253408432007]"
1182,1,48.52%,82.67%,0.1416,"[0.131595179438591, 0.8684048056602478]"
1183,1,48.56%,82.69%,0.1624,"[0.13745149970054626, 0.8625485301017761]"
1184,1,48.61%,82.70%,0.1324,"[0.12107720971107483, 0.8789228200912476]"
1185,1,48.65%,82.72%,0.1316,"[0.12079577147960663, 0.8792042136192322]"
1186,1,48.69%,82.73%,0.1419,"[0.13593505322933197, 0.8640649914741516]"
1187,1,48.74%,82.74%,0.1547,"[0.14277878403663635, 0.8572211861610413]"
1188,1,48.78%,82.76%,0.1663,"[0.1537054479122162, 0.8462945818901062]"
1189,1,48.82%,82.77%,0.1505,"[0.14021310210227966, 0.859786868095398]"
1190,0,48.78%,82.79%,0.1421,"[0.8838423490524292, 0.11615767329931259]"
1191,0,48.74%,82.80%,0.0881,"[0.9157050251960754, 0.08429492264986038]"
1192,0,48.70%,82.73%,1.706,"[0.16832245886325836, 0.8316774964332581]"
1193,0,48.66%,82.75%,0.1136,"[0.5740554928779602, 0.4259445071220398]"
1194,0,48.62%,82.76%,0.088,"[0.9158687591552734, 0.08413124084472656]"
1195,0,48.58%,82.78%,0.0874,"[0.916330099105835, 0.08366987109184265]"
1196,1,48.62%,82.79%,0.1966,"[0.1698537915945053, 0.8301462531089783]"
1197,1,48.66%,82.80%,0.1941,"[0.20706361532211304, 0.792936384677887]"
1198,0,48.62%,82.82%,0.0873,"[0.9164261221885681, 0.08357388526201248]"
1199,0,48.58%,82.83%,0.087,"[0.9167149066925049, 0.08328507840633392]"
1200,1,48.63%,82.85%,0.197,"[0.20998036861419678, 0.7900195717811584]"
1201,0,48.59%,82.86%,0.0869,"[0.9166784882545471, 0.08332152664661407]"
1202,1,48.63%,82.88%,0.2181,"[0.1811421811580658, 0.8188578486442566]"
1203,0,48.59%,82.89%,0.0865,"[0.9171769022941589, 0.08282311260700226]"
1204,1,48.63%,82.90%,0.2627,"[0.2227475643157959, 0.7772524356842041]"
1205,0,48.59%,82.92%,0.0866,"[0.917097270488739, 0.08290274441242218]"
1206,1,48.63%,82.93%,0.1528,"[0.14640039205551147, 0.8535995483398438]"
1207,1,48.68%,82.95%,0.1321,"[0.1263165920972824, 0.8736833930015564]"
1208,0,48.64%,82.96%,0.0883,"[0.915488064289093, 0.08451195061206818]"
1209,0,48.60%,82.98%,0.0865,"[0.9169719815254211, 0.08302805572748184]"
1210,0,48.55%,82.99%,0.0857,"[0.9178332686424255, 0.08216667920351028]"
1211,1,48.60%,83.00%,0.1684,"[0.17964769899845123, 0.8203522562980652]"
1212,0,48.56%,82.93%,0.4838,"[0.3657701015472412, 0.6342299580574036]"
1213,1,48.60%,82.95%,0.1273,"[0.12119150161743164, 0.8788084387779236]"
1214,0,48.56%,82.88%,2.1122,"[0.12683601677417755, 0.8731639981269836]"
1215,1,48.60%,82.89%,0.201,"[0.15140344202518463, 0.8485965728759766]"
1216,1,48.64%,82.91%,0.1915,"[0.14707215130329132, 0.8529278039932251]"
1217,0,48.60%,82.92%,0.0861,"[0.9177576899528503, 0.08224233984947205]"
1218,0,48.56%,82.94%,0.0866,"[0.9167577028274536, 0.08324234932661057]"
1219,1,48.61%,82.95%,0.1565,"[0.125649556517601, 0.8743504285812378]"
1220,0,48.57%,82.96%,0.0855,"[0.9181586503982544, 0.0818413570523262]"
1221,0,48.53%,82.98%,0.0852,"[0.9184274077415466, 0.08157260715961456]"
1222,1,48.57%,82.99%,0.1432,"[0.13287422060966492, 0.8671258091926575]"
1223,0,48.53%,82.92%,1.9548,"[0.13259071111679077, 0.867409348487854]"
1224,1,48.57%,82.94%,0.3402,"[0.17123854160308838, 0.8287614583969116]"
1225,1,48.61%,82.95%,0.1349,"[0.13491792976856232, 0.8650820255279541]"
1226,1,48.66%,82.97%,0.1433,"[0.13773758709430695, 0.8622624278068542]"
1227,1,48.70%,82.98%,0.1264,"[0.11767054349184036, 0.8823294639587402]"
1228,0,48.66%,82.99%,0.0844,"[0.9191290736198425, 0.08087090402841568]"
1229,0,48.62%,83.01%,1.3873,"[0.6346845626831055, 0.36531540751457214]"
1230,1,48.66%,83.02%,0.1242,"[0.11993686854839325, 0.8800631761550903]"
1231,1,48.70%,83.04%,0.1365,"[0.12281970679759979, 0.8771803379058838]"
1232,1,48.74%,83.05%,0.1273,"[0.1208978146314621, 0.8791021108627319]"
1233,1,48.78%,83.06%,0.131,"[0.12227992713451385, 0.8777201175689697]"
1234,0,48.74%,83.00%,1.4652,"[0.2700132727622986, 0.7299867868423462]"
1235,1,48.79%,83.01%,0.1271,"[0.12006904929876328, 0.8799309730529785]"
1236,0,48.75%,83.02%,0.0875,"[0.9168580770492554, 0.08314189314842224]"
1237,0,48.71%,83.04%,0.0849,"[0.9189426302909851, 0.08105739206075668]"
1238,0,48.67%,83.05%,0.0842,"[0.9193832278251648, 0.08061680197715759]"
1239,0,48.63%,82.98%,2.0102,"[0.14055554568767548, 0.8594444990158081]"
1240,1,48.67%,83.00%,0.1286,"[0.12217164784669876, 0.8778282999992371]"
1241,1,48.71%,83.01%,0.1529,"[0.13773638010025024, 0.862263560295105]"
1242,0,48.67%,83.02%,0.0838,"[0.919577419757843, 0.08042250573635101]"
1243,0,48.63%,83.04%,0.0831,"[0.9203758239746094, 0.07962416112422943]"
1244,1,48.67%,83.05%,0.183,"[0.18836747109889984, 0.8116324543952942]"
1245,1,48.72%,83.07%,0.1601,"[0.15128879249095917, 0.8487111926078796]"
1246,0,48.68%,83.08%,0.0834,"[0.9200111031532288, 0.07998883724212646]"
1247,1,48.72%,83.09%,0.1335,"[0.14130808413028717, 0.858691930770874]"
1248,1,48.76%,83.11%,0.1331,"[0.12832173705101013, 0.8716782927513123]"
1249,0,48.72%,83.12%,0.0858,"[0.9181572794914246, 0.08184273540973663]"
1250,0,48.68%,83.13%,0.0827,"[0.9206994771957397, 0.07930051535367966]"
1251,1,48.72%,83.15%,0.1595,"[0.1577296406030655, 0.8422703146934509]"
1252,0,48.68%,83.16%,0.0819,"[0.9213066697120667, 0.07869324833154678]"
1253,0,48.64%,83.17%,0.0822,"[0.9211232662200928, 0.07887668907642365]"
1254,1,48.69%,83.19%,0.1331,"[0.12211479991674423, 0.8778852820396423]"
1255,1,48.73%,83.20%,0.3204,"[0.236323282122612, 0.7636767029762268]"
1256,1,48.77%,83.21%,0.1287,"[0.12405303120613098, 0.8759469985961914]"
1257,1,48.81%,83.23%,0.1287,"[0.12312671542167664, 0.876873254776001]"
1258,0,48.77%,83.24%,0.0818,"[0.9214200377464294, 0.07857996970415115]"
1259,1,48.81%,83.25%,0.1348,"[0.1318960338830948, 0.8681040406227112]"
1260,1,48.85%,83.27%,0.1508,"[0.13231749832630157, 0.8676825165748596]"
1261,1,48.89%,83.28%,0.146,"[0.1281135529279709, 0.8718864917755127]"
1262,0,48.85%,83.29%,0.0822,"[0.92109614610672, 0.07890384644269943]"
1263,1,48.89%,83.31%,0.1273,"[0.12158803641796112, 0.8784120082855225]"
1264,1,48.93%,83.32%,0.1275,"[0.12046263366937637, 0.8795374035835266]"
1265,0,48.89%,83.33%,0.0814,"[0.9218370914459229, 0.07816287875175476]"
1266,1,48.93%,83.35%,0.1259,"[0.1162271499633789, 0.8837729096412659]"
1267,1,48.97%,83.36%,0.1295,"[0.12266998738050461, 0.8773300647735596]"
1268,1,49.01%,83.37%,0.1264,"[0.12628771364688873, 0.8737123012542725]"
1269,0,48.98%,83.39%,0.0801,"[0.9230534434318542, 0.07694654166698456]"
1270,0,48.94%,83.32%,2.0703,"[0.11948027461767197, 0.880519688129425]"
1271,1,48.98%,83.33%,0.1271,"[0.12446378916501999, 0.8755362033843994]"
1272,1,49.02%,83.35%,0.1317,"[0.13898269832134247, 0.8610172867774963]"
1273,0,48.98%,83.36%,0.0803,"[0.9228668808937073, 0.07713312655687332]"
1274,1,49.02%,83.37%,0.1381,"[0.12538090348243713, 0.8746190667152405]"
1275,0,48.98%,83.39%,0.0825,"[0.9209384322166443, 0.07906156033277512]"
1276,0,48.94%,83.40%,0.0813,"[0.9225528836250305, 0.07744710147380829]"
1277,0,48.90%,83.41%,0.0802,"[0.9225664734840393, 0.07743357867002487]"
1278,0,48.87%,83.42%,0.0798,"[0.9227935075759888, 0.07720647007226944]"
1279,0,48.83%,83.36%,1.7299,"[0.4649541974067688, 0.5350457429885864]"
1280,1,48.87%,83.37%,0.1308,"[0.12859132885932922, 0.8714087009429932]"
1281,1,48.91%,83.39%,0.1238,"[0.11845795810222626, 0.8815420866012573]"
1282,0,48.87%,83.40%,0.081,"[0.9218932390213013, 0.07810676097869873]"
1283,1,48.91%,83.41%,0.149,"[0.12859591841697693, 0.8714041113853455]"
1284,1,48.95%,83.42%,0.1485,"[0.13404580950737, 0.8659541606903076]"
1285,0,48.91%,83.44%,0.0798,"[0.9235519766807556, 0.07644806057214737]"
1286,1,48.95%,83.45%,0.1446,"[0.13950756192207336, 0.860492467880249]"
1287,0,48.91%,83.46%,0.0805,"[0.9232562184333801, 0.07674384117126465]"
1288,0,48.88%,83.40%,1.5059,"[0.1592000424861908, 0.8407999277114868]"
1289,1,48.91%,83.41%,0.2416,"[0.14777585864067078, 0.8522241711616516]"
1290,1,48.95%,83.42%,0.1239,"[0.1176539734005928, 0.882345974445343]"
1291,0,48.92%,83.44%,0.0789,"[0.9243775606155396, 0.07562243193387985]"
1292,1,48.96%,83.45%,0.1404,"[0.12888216972351074, 0.8711178302764893]"
1293,0,48.92%,83.46%,0.078,"[0.9248948693275452, 0.07510510832071304]"
1294,1,48.96%,83.47%,0.129,"[0.11812227219343185, 0.8818777203559875]"
1295,1,49.00%,83.49%,0.1229,"[0.11450929194688797, 0.8854907155036926]"
1296,1,49.04%,83.50%,0.1233,"[0.11528268456459045, 0.8847172856330872]"
1297,1,49.08%,83.51%,0.1231,"[0.11639564484357834, 0.8836042881011963]"
1298,1,49.11%,83.53%,0.1359,"[0.1253756433725357, 0.8746243715286255]"
1299,1,49.15%,83.54%,0.1975,"[0.17864219844341278, 0.8213578462600708]"
1300,1,49.19%,83.55%,0.1248,"[0.11611013859510422, 0.8838898539543152]"
1301,0,49.16%,83.56%,0.0784,"[0.9246474504470825, 0.07535252720117569]"
1302,0,49.12%,83.58%,0.078,"[0.924735963344574, 0.07526404410600662]"
1303,1,49.16%,83.59%,0.1198,"[0.11439864337444305, 0.8856013417243958]"
1304,1,49.20%,83.60%,0.1362,"[0.13072557747364044, 0.8692744374275208]"
1305,0,49.16%,83.61%,0.0767,"[0.9261863827705383, 0.07381363958120346]"
1306,1,49.20%,83.63%,0.1377,"[0.13464459776878357, 0.865355372428894]"
1307,0,49.16%,83.56%,2.0271,"[0.1316431164741516, 0.8683568835258484]"
1308,0,49.12%,83.58%,0.1376,"[0.8711731433868408, 0.1288268268108368]"
1309,1,49.16%,83.59%,0.1252,"[0.11478803306818008, 0.8852120041847229]"
1310,0,49.12%,83.52%,2.097,"[0.12450792640447617, 0.8754920959472656]"
1311,1,49.16%,83.54%,0.1335,"[0.13078056275844574, 0.8692194223403931]"
1312,0,49.12%,83.55%,0.0767,"[0.9260002970695496, 0.07399970293045044]"
1313,1,49.16%,83.56%,0.1284,"[0.12213898450136185, 0.8778610229492188]"
1314,1,49.20%,83.57%,0.137,"[0.12626299262046814, 0.8737369775772095]"
1315,0,49.16%,83.51%,2.0322,"[0.13012219965457916, 0.8698778748512268]"
1316,0,49.13%,83.52%,0.0767,"[0.9261236786842346, 0.07387624680995941]"
1317,0,49.09%,83.46%,2.0491,"[0.13040713965892792, 0.8695928454399109]"
1318,1,49.13%,83.47%,0.138,"[0.13132637739181519, 0.86867356300354]"
1319,1,49.17%,83.48%,0.1413,"[0.1330081969499588, 0.8669918179512024]"
1320,0,49.13%,83.50%,0.0772,"[0.9257349371910095, 0.07426511496305466]"
1321,1,49.17%,83.51%,0.1863,"[0.17052875459194183, 0.8294711709022522]"
1322,1,49.21%,83.52%,0.1344,"[0.13833579421043396, 0.8616642355918884]"
1323,0,49.17%,83.53%,0.3802,"[0.7837749123573303, 0.21622507274150848]"
1324,1,49.21%,83.55%,0.1363,"[0.12422028183937073, 0.8757797479629517]"
1325,1,49.25%,83.56%,0.1758,"[0.16429761052131653, 0.8357024192810059]"
1326,1,49.28%,83.57%,0.1645,"[0.15538538992404938, 0.844614565372467]"
1327,0,49.25%,83.58%,0.0773,"[0.925543487071991, 0.07445643842220306]"
1328,0,49.21%,83.60%,0.0769,"[0.9260414838790894, 0.07395850867033005]"
1329,0,49.17%,83.53%,1.7579,"[0.1992741823196411, 0.8007258176803589]"
1330,0,49.14%,83.55%,0.0764,"[0.926467776298523, 0.07353217899799347]"
1331,0,49.10%,83.56%,0.0764,"[0.9264048337936401, 0.07359509915113449]"
1332,1,49.14%,83.57%,0.1855,"[0.16728100180625916, 0.8327189683914185]"
1333,0,49.10%,83.58%,0.0763,"[0.9265585541725159, 0.07344147562980652]"
1334,0,49.06%,83.60%,0.2516,"[0.8698350191116333, 0.1301650106906891]"
1335,0,49.03%,83.61%,0.0761,"[0.9267626404762268, 0.07323731482028961]"
1336,1,49.07%,83.62%,0.1973,"[0.17836658656597137, 0.8216334581375122]"
1337,0,49.03%,83.63%,0.0757,"[0.9269446134567261, 0.07305533438920975]"
1338,0,48.99%,83.64%,0.0758,"[0.9270132780075073, 0.07298668473958969]"
1339,1,49.03%,83.66%,0.174,"[0.16126525402069092, 0.8387347459793091]"
1340,0,48.99%,83.67%,0.0755,"[0.9272599220275879, 0.0727401077747345]"
1341,0,48.96%,83.68%,0.1261,"[0.9023767709732056, 0.09762324392795563]"
1342,1,48.99%,83.62%,0.5479,"[0.5949158072471619, 0.40508416295051575]"
1343,1,49.03%,83.63%,0.1404,"[0.13197638094425201, 0.8680236339569092]"
1344,0,49.00%,83.64%,0.0751,"[0.9276618957519531, 0.07233814895153046]"
1345,0,48.96%,83.66%,0.075,"[0.9277477264404297, 0.07225219905376434]"
1346,1,49.00%,83.67%,0.1881,"[0.16837522387504578, 0.8316247463226318]"
1347,0,48.96%,83.61%,0.5384,"[0.40143337845802307, 0.5985667109489441]"
1348,0,48.93%,83.62%,0.0747,"[0.9280136823654175, 0.07198632508516312]"
1349,0,48.89%,83.63%,0.0745,"[0.9282117486000061, 0.07178819924592972]"
1350,1,48.93%,83.64%,0.2103,"[0.34986722469329834, 0.6501327157020569]"
1351,0,48.89%,83.65%,0.0743,"[0.9283745884895325, 0.07162543386220932]"
1352,0,48.85%,83.67%,0.0741,"[0.9285464286804199, 0.07145354896783829]"
1353,0,48.82%,83.68%,0.1476,"[0.8777274489402771, 0.12227260321378708]"
1354,1,48.86%,83.69%,0.1464,"[0.14066964387893677, 0.859330415725708]"
1355,0,48.82%,83.70%,0.0739,"[0.928886353969574, 0.07111364603042603]"
1356,1,48.86%,83.71%,0.1278,"[0.1205761507153511, 0.8794238567352295]"
1357,0,48.82%,83.73%,0.0734,"[0.9292021989822388, 0.07079782336950302]"
1358,0,48.79%,83.74%,0.0734,"[0.929287314414978, 0.07071268558502197]"
1359,1,48.82%,83.75%,0.2301,"[0.2004518359899521, 0.7995481491088867]"
1360,1,48.86%,83.76%,0.1579,"[0.13876286149024963, 0.861237108707428]"
1361,0,48.83%,83.77%,0.073,"[0.9295799136161804, 0.07042014598846436]"
1362,0,48.79%,83.79%,0.0729,"[0.9296711683273315, 0.07032881677150726]"
1363,0,48.75%,83.80%,0.0727,"[0.9298940896987915, 0.07010596990585327]"
1364,0,48.72%,83.81%,0.0745,"[0.9282607436180115, 0.07173919677734375]"
1365,0,48.68%,83.82%,0.2674,"[0.8999767899513245, 0.10002317279577255]"
1366,0,48.65%,83.83%,0.0722,"[0.9302947521209717, 0.06970523297786713]"
1367,0,48.61%,83.85%,0.0721,"[0.9304720163345337, 0.0695280209183693]"
1368,0,48.58%,83.78%,1.8372,"[0.15266214311122894, 0.8473378419876099]"
1369,1,48.61%,83.80%,0.1391,"[0.12764622271060944, 0.8723537921905518]"
1370,1,48.65%,83.81%,0.1922,"[0.1693788319826126, 0.8306211829185486]"
1371,1,48.69%,83.75%,1.5291,"[0.6326507925987244, 0.36734920740127563]"
1372,0,48.65%,83.76%,0.0717,"[0.9307510852813721, 0.06924889236688614]"
1373,1,48.69%,83.70%,1.2372,"[0.8614440560340881, 0.1385558694601059]"
1374,0,48.65%,83.64%,1.1722,"[0.24340933561325073, 0.7565906643867493]"
1375,1,48.69%,83.65%,0.4801,"[0.22668007016181946, 0.7733199000358582]"
1376,1,48.73%,83.59%,1.5888,"[0.771019697189331, 0.22898034751415253]"
1377,1,48.77%,83.60%,0.3363,"[0.39168673753738403, 0.608313262462616]"
1378,1,48.80%,83.61%,0.2537,"[0.2551717162132263, 0.7448282837867737]"
1379,1,48.84%,83.62%,0.1371,"[0.13205043971538544, 0.8679495453834534]"
1380,1,48.88%,83.64%,0.1258,"[0.11673996597528458, 0.8832600116729736]"
1381,1,48.91%,83.65%,0.2661,"[0.25106561183929443, 0.7489343881607056]"
1382,1,48.95%,83.66%,0.1304,"[0.1157965213060379, 0.8842034339904785]"
1383,1,48.99%,83.67%,0.1821,"[0.14212270081043243, 0.857877254486084]"
1384,0,48.95%,83.68%,0.0731,"[0.9296016097068787, 0.07039833813905716]"
1385,1,48.99%,83.69%,0.1577,"[0.15027335286140442, 0.849726676940918]"
1386,1,49.03%,83.71%,0.1331,"[0.12300240248441696, 0.8769975900650024]"
1387,0,48.99%,83.65%,2.0362,"[0.1313485950231552, 0.8686513900756836]"
1388,0,48.96%,83.66%,0.0737,"[0.9288927912712097, 0.07110718637704849]"
1389,0,48.92%,83.67%,0.0752,"[0.9279517531394958, 0.07204822450876236]"
1390,1,48.96%,83.68%,0.1315,"[0.12946979701519012, 0.8705301880836487]"
1391,0,48.92%,83.62%,1.0962,"[0.28485172986984253, 0.7151482105255127]"
1392,1,48.96%,83.63%,0.1299,"[0.12308832257986069, 0.8769116401672363]"
1393,0,48.92%,83.57%,2.0926,"[0.12422838807106018, 0.8757715821266174]"
1394,0,48.89%,83.58%,0.0786,"[0.9238086938858032, 0.0761912539601326]"
1395,0,48.85%,83.60%,0.0767,"[0.9256897568702698, 0.07431021332740784]"
1396,0,48.82%,83.54%,2.0829,"[0.12047261744737625, 0.8795273303985596]"
1397,1,48.86%,83.55%,0.1241,"[0.1163821667432785, 0.8836178183555603]"
1398,1,48.89%,83.56%,0.1213,"[0.11197778582572937, 0.888022243976593]"
1399,1,48.93%,83.57%,0.1197,"[0.11454318463802338, 0.8854568004608154]"
1400,1,48.97%,83.58%,0.1372,"[0.12787361443042755, 0.8721264004707336]"
1401,1,49.00%,83.59%,0.133,"[0.1251436173915863, 0.8748564124107361]"
1402,0,48.97%,83.61%,0.0794,"[0.9237607717514038, 0.0762391909956932]"
1403,0,48.93%,83.62%,0.0765,"[0.9263523817062378, 0.07364761829376221]"
1404,1,48.97%,83.63%,0.1293,"[0.11568930745124817, 0.8843106627464294]"
1405,1,49.00%,83.64%,0.1362,"[0.12860152125358582, 0.8713984489440918]"
1406,1,49.04%,83.65%,0.1604,"[0.14771011471748352, 0.8522899150848389]"
1407,0,49.01%,83.59%,2.0717,"[0.1237516850233078, 0.876248300075531]"
1408,1,49.04%,83.61%,0.1247,"[0.11690538376569748, 0.8830946683883667]"
1409,0,49.01%,83.55%,1.8671,"[0.15705184638500214, 0.8429481983184814]"
1410,1,49.04%,83.56%,0.1207,"[0.11530432850122452, 0.8846956491470337]"
1411,1,49.08%,83.57%,0.1244,"[0.1161441057920456, 0.8838558793067932]"
1412,1,49.12%,83.58%,0.1407,"[0.13175012171268463, 0.8682498335838318]"
1413,0,49.08%,83.59%,0.0749,"[0.927833616733551, 0.07216639816761017]"
1414,0,49.05%,83.60%,0.0754,"[0.9272724986076355, 0.07272746413946152]"
1415,1,49.08%,83.62%,0.1217,"[0.11866841465234756, 0.8813315629959106]"
1416,1,49.12%,83.63%,0.1679,"[0.16322200000286102, 0.8367779850959778]"
1417,0,49.08%,83.64%,0.0766,"[0.9262313842773438, 0.07376866787672043]"
1418,1,49.12%,83.65%,0.1243,"[0.11740712821483612, 0.8825929164886475]"
1419,0,49.08%,83.66%,0.0925,"[0.9081015586853027, 0.09189840406179428]"
1420,0,49.05%,83.67%,0.076,"[0.9257864952087402, 0.07421344518661499]"
1421,1,49.09%,83.68%,0.1253,"[0.11687677353620529, 0.8831232190132141]"
1422,0,49.05%,83.70%,0.0997,"[0.5753234028816223, 0.4246765375137329]"
1423,1,49.09%,83.71%,0.1245,"[0.1163744255900383, 0.8836256265640259]"
1424,0,49.05%,83.65%,2.0074,"[0.15077321231365204, 0.8492267727851868]"
1425,0,49.02%,83.66%,0.0739,"[0.9288801550865173, 0.07111981511116028]"
1426,1,49.05%,83.67%,0.1256,"[0.11875377595424652, 0.8812462687492371]"
1427,1,49.09%,83.68%,0.1248,"[0.11632528901100159, 0.883674681186676]"
1428,1,49.13%,83.69%,0.1903,"[0.14183835685253143, 0.8581616282463074]"
1429,0,49.09%,83.71%,0.0746,"[0.9281271696090698, 0.07187281548976898]"
1430,0,49.06%,83.65%,1.9984,"[0.12925732135772705, 0.870742678642273]"
1431,0,49.02%,83.66%,0.0735,"[0.9292063117027283, 0.07079364359378815]"
1432,0,48.99%,83.67%,0.0738,"[0.9287433624267578, 0.0712566003203392]"
1433,0,48.95%,83.68%,0.074,"[0.9285115599632263, 0.07148845493793488]"
1434,1,48.99%,83.69%,0.1404,"[0.13403907418251038, 0.8659608960151672]"
1435,1,49.03%,83.70%,0.142,"[0.13360793888568878, 0.8663920760154724]"
1436,0,48.99%,83.72%,0.0731,"[0.9293880462646484, 0.07061192393302917]"
1437,1,49.03%,83.73%,0.1322,"[0.12083457410335541, 0.8791654109954834]"
1438,0,48.99%,83.74%,0.0733,"[0.929304301738739, 0.07069563865661621]"
1439,0,48.96%,83.75%,0.073,"[0.9294773936271667, 0.07052264362573624]"
1440,0,48.92%,83.76%,0.073,"[0.9296553134918213, 0.0703447237610817]"
1441,0,48.89%,83.77%,0.0725,"[0.9298354387283325, 0.07016459852457047]"
1442,1,48.93%,83.78%,0.1314,"[0.12387248873710632, 0.8761274814605713]"
1443,1,48.96%,83.80%,0.1509,"[0.13888661563396454, 0.8611133694648743]"
1444,0,48.93%,83.81%,0.2197,"[0.5631919503211975, 0.4368080496788025]"
1445,0,48.89%,83.82%,0.0738,"[0.9288968443870544, 0.07110321521759033]"
1446,1,48.93%,83.76%,1.7983,"[0.8372713327407837, 0.1627287119626999]"
1447,1,48.96%,83.77%,0.1325,"[0.11913274228572845, 0.8808672428131104]"
1448,1,49.00%,83.78%,0.1987,"[0.17798256874084473, 0.8220174312591553]"
1449,0,48.97%,83.79%,0.0731,"[0.9296209216117859, 0.0703790932893753]"
1450,1,49.00%,83.80%,0.1476,"[0.13620978593826294, 0.8637902140617371]"
1451,1,49.04%,83.82%,0.1595,"[0.148929163813591, 0.8510708808898926]"
1452,1,49.07%,83.83%,0.1562,"[0.14805880188941956, 0.8519411683082581]"
1453,1,49.11%,83.84%,0.1565,"[0.14742280542850494, 0.8525772094726562]"
1454,0,49.07%,83.85%,0.0737,"[0.9287505745887756, 0.07124938070774078]"
1455,1,49.11%,83.86%,0.1361,"[0.12689289450645447, 0.8731071352958679]"
1456,1,49.14%,83.87%,0.125,"[0.11660220474004745, 0.8833978176116943]"
1457,1,49.18%,83.88%,0.1279,"[0.11899662017822266, 0.8810034394264221]"
1458,0,49.14%,83.89%,0.0723,"[0.9302852153778076, 0.0697147399187088]"
1459,1,49.18%,83.90%,0.1209,"[0.11651989817619324, 0.8834800720214844]"
1460,0,49.14%,83.92%,0.0715,"[0.9308903813362122, 0.06910964846611023]"
1461,1,49.18%,83.93%,0.1321,"[0.13608510792255402, 0.8639148473739624]"
1462,0,49.15%,83.94%,0.0736,"[0.929104208946228, 0.07089574635028839]"
1463,0,49.11%,83.95%,0.0715,"[0.9308100342750549, 0.06918993592262268]"
1464,0,49.08%,83.89%,2.0411,"[0.1413961946964264, 0.8586037755012512]"
1465,1,49.11%,83.90%,0.1327,"[0.12328223884105682, 0.876717746257782]"
1466,0,49.08%,83.91%,0.0716,"[0.9309943318367004, 0.06900566071271896]"
1467,0,49.05%,83.92%,0.0718,"[0.9306856989860535, 0.06931433826684952]"
1468,1,49.08%,83.93%,0.1211,"[0.11623474955558777, 0.8837652802467346]"
1469,0,49.05%,83.95%,0.0709,"[0.9316871166229248, 0.068312868475914]"
1470,1,49.08%,83.96%,0.1488,"[0.13075880706310272, 0.8692412376403809]"
1471,0,49.05%,83.90%,0.3845,"[0.3159700036048889, 0.6840300559997559]"
1472,0,49.02%,83.91%,0.0707,"[0.9316967129707336, 0.06830331683158875]"
1473,1,49.05%,83.92%,0.1556,"[0.13533146679401398, 0.8646685481071472]"
1474,1,49.08%,83.93%,0.1454,"[0.13731223344802856, 0.8626877069473267]"
1475,0,49.05%,83.94%,0.0712,"[0.9310083985328674, 0.06899158656597137]"
1476,0,49.02%,83.95%,0.0714,"[0.9312500357627869, 0.06874995678663254]"
1477,0,48.99%,83.96%,0.07,"[0.9322863221168518, 0.06771362572908401]"
1478,1,49.02%,83.98%,0.1265,"[0.12161397933959961, 0.8783860802650452]"
1479,1,49.05%,83.99%,0.1383,"[0.12922969460487366, 0.8707703351974487]"
1480,1,49.09%,84.00%,0.1399,"[0.13338571786880493, 0.8666142821311951]"
1481,0,49.06%,83.94%,1.9253,"[0.14977863430976868, 0.8502213954925537]"
1482,0,49.02%,83.88%,2.0139,"[0.1301378607749939, 0.8698621392250061]"
1483,0,48.99%,83.89%,0.0696,"[0.9328789710998535, 0.06712106615304947]"
1484,0,48.96%,83.84%,1.9441,"[0.14211136102676392, 0.8578885793685913]"
1485,1,48.99%,83.85%,0.2451,"[0.21290075778961182, 0.7870992422103882]"
1486,0,48.96%,83.86%,0.0706,"[0.9318301677703857, 0.06816980987787247]"
1487,1,48.99%,83.87%,0.2508,"[0.2522008717060089, 0.7477990388870239]"
1488,0,48.96%,83.88%,0.0702,"[0.9319968223571777, 0.06800316274166107]"
1489,0,48.93%,83.83%,2.0147,"[0.13712313771247864, 0.862876832485199]"
1490,0,48.89%,83.77%,1.4506,"[0.19797083735466003, 0.8020291328430176]"
1491,0,48.86%,83.78%,0.0977,"[0.9002683758735657, 0.09973166882991791]"
1492,1,48.89%,83.79%,0.1723,"[0.15749329328536987, 0.8425067663192749]"
1493,1,48.93%,83.80%,0.1255,"[0.11825527250766754, 0.8817447423934937]"
1494,1,48.96%,83.81%,0.1325,"[0.12102125585079193, 0.8789787292480469]"
1495,0,48.93%,83.82%,0.0698,"[0.9323269724845886, 0.06767302006483078]"
1496,1,48.96%,83.83%,0.1649,"[0.15320777893066406, 0.8467922210693359]"
1497,0,48.93%,83.85%,0.0705,"[0.9321136474609375, 0.06788637489080429]"
1498,1,48.97%,83.86%,0.1902,"[0.15880072116851807, 0.8411993384361267]"
1499,1,49.00%,83.87%,0.2393,"[0.2131655365228653, 0.7868345379829407]"
1500,1,49.03%,83.88%,0.1342,"[0.12443298101425171, 0.8755670189857483]"
1501,1,49.07%,83.89%,0.2471,"[0.1872934252023697, 0.8127065896987915]"
1502,1,49.10%,83.90%,0.1287,"[0.12457656860351562, 0.8754234910011292]"
1503,1,49.14%,83.91%,0.1792,"[0.1722288280725479, 0.8277711272239685]"
1504,0,49.10%,83.92%,0.071,"[0.9315532445907593, 0.06844672560691833]"
1505,0,49.07%,83.93%,0.1804,"[0.9174239635467529, 0.08257602900266647]"
1506,1,49.10%,83.94%,0.2006,"[0.16983047127723694, 0.8301694989204407]"
1507,1,49.14%,83.95%,0.2351,"[0.21003200113773346, 0.7899680137634277]"
1508,1,49.17%,83.96%,0.1847,"[0.17991229891777039, 0.8200876712799072]"
1509,0,49.14%,83.97%,0.0699,"[0.9324802160263062, 0.06751975417137146]"
1510,0,49.11%,83.92%,1.7792,"[0.16816465556621552, 0.8318353891372681]"
1511,0,49.07%,83.93%,0.151,"[0.9209917187690735, 0.0790083035826683]"
1512,0,49.04%,83.94%,0.0692,"[0.9331919550895691, 0.06680810451507568]"
1513,0,49.01%,83.95%,0.069,"[0.9332436323165894, 0.06675636023283005]"
1514,1,49.04%,83.96%,0.2417,"[0.22385311126708984, 0.7761468887329102]"
1515,1,49.08%,83.97%,0.1567,"[0.14930957555770874, 0.8506904244422913]"
1516,1,49.11%,83.98%,0.1797,"[0.15848860144615173, 0.8415113687515259]"
1517,1,49.14%,83.99%,0.1373,"[0.13271044194698334, 0.8672894835472107]"
1518,0,49.11%,84.00%,0.069,"[0.933286726474762, 0.06671321392059326]"
1519,0,49.08%,84.01%,0.0687,"[0.933638870716095, 0.06636116653680801]"
1520,1,49.11%,84.02%,0.2056,"[0.21707306802272797, 0.7829269170761108]"
1521,0,49.08%,84.03%,0.0685,"[0.9338154792785645, 0.06618453562259674]"
1522,1,49.11%,84.04%,0.1527,"[0.13927865028381348, 0.8607212901115417]"
1523,1,49.15%,84.06%,0.1283,"[0.11978200823068619, 0.8802180290222168]"
1524,1,49.18%,84.07%,0.1255,"[0.1183542013168335, 0.8816458582878113]"
1525,1,49.21%,84.08%,0.1264,"[0.11877720057964325, 0.8812227845191956]"
1526,1,49.25%,84.09%,0.1681,"[0.1422785520553589, 0.8577213883399963]"
1527,0,49.21%,84.10%,0.0683,"[0.9338345527648926, 0.06616543978452682]"
1528,1,49.25%,84.11%,0.1586,"[0.15719829499721527, 0.8428016304969788]"
1529,1,49.28%,84.12%,0.1241,"[0.11730023473501205, 0.882699728012085]"
1530,1,49.31%,84.13%,0.1208,"[0.11419568210840225, 0.8858043551445007]"
1531,0,49.28%,84.14%,0.0687,"[0.933562159538269, 0.06643781065940857]"
1532,0,49.25%,84.15%,0.0689,"[0.9333750009536743, 0.06662499904632568]"
1533,1,49.28%,84.16%,0.173,"[0.149526447057724, 0.8504735827445984]"
1534,0,49.25%,84.10%,1.03,"[0.49653419852256775, 0.5034658312797546]"
1535,0,49.22%,84.11%,0.068,"[0.9341078400611877, 0.06589210778474808]"
1536,0,49.19%,84.12%,0.0705,"[0.9310291409492493, 0.06897083669900894]"
1537,1,49.22%,84.14%,0.1197,"[0.1135091781616211, 0.8864908218383789]"
1538,0,49.19%,84.15%,0.0671,"[0.9352092146873474, 0.06479073315858841]"
1539,0,49.16%,84.16%,0.0666,"[0.9355703592300415, 0.0644296258687973]"
1540,0,49.12%,84.10%,2.0879,"[0.12443540245294571, 0.8755646347999573]"
1541,1,49.16%,84.11%,0.1203,"[0.11430492997169495, 0.8856950998306274]"
1542,1,49.19%,84.12%,0.1184,"[0.11141218990087509, 0.8885877728462219]"
1543,0,49.16%,84.07%,1.746,"[0.15347452461719513, 0.8465254902839661]"
1544,1,49.19%,84.08%,0.1437,"[0.13518168032169342, 0.8648183345794678]"
1545,1,49.22%,84.09%,0.348,"[0.2907993197441101, 0.7092006802558899]"
1546,1,49.26%,84.10%,0.1434,"[0.13759766519069672, 0.8624023199081421]"
1547,0,49.22%,84.11%,0.0681,"[0.9340997338294983, 0.06590024381875992]"
1548,1,49.26%,84.12%,0.3634,"[0.29487183690071106, 0.7051281929016113]"
1549,0,49.23%,84.13%,0.0667,"[0.9354986548423767, 0.06450137495994568]"
1550,0,49.19%,84.07%,1.9581,"[0.13902227580547333, 0.8609777688980103]"
1551,1,49.23%,84.09%,0.1565,"[0.14835485816001892, 0.8516451716423035]"
1552,1,49.26%,84.10%,0.1829,"[0.15979191660881042, 0.8402080535888672]"
1553,0,49.23%,84.11%,0.0668,"[0.9353949427604675, 0.0646049976348877]"
1554,0,49.20%,84.05%,2.0259,"[0.12636534869670868, 0.8736346960067749]"
1555,1,49.23%,84.06%,0.1569,"[0.17042912542819977, 0.8295708298683167]"
1556,0,49.20%,84.07%,0.0691,"[0.9332041144371033, 0.06679592281579971]"
1557,0,49.17%,84.08%,0.0714,"[0.9312570691108704, 0.06874292343854904]"
1558,0,49.13%,84.09%,0.0667,"[0.9353156089782715, 0.06468437612056732]"
1559,0,49.10%,84.10%,0.0671,"[0.9350510835647583, 0.06494887918233871]"
1560,1,49.14%,84.11%,0.1668,"[0.14317135512828827, 0.8568286895751953]"
1561,1,49.17%,84.12%,0.1419,"[0.12700387835502625, 0.8729960918426514]"
1562,0,49.14%,84.13%,0.0691,"[0.9327607154846191, 0.06723935902118683]"
1563,0,49.10%,84.14%,0.0666,"[0.9355792999267578, 0.0644206777215004]"
1564,0,49.07%,84.15%,0.0662,"[0.9359145760536194, 0.06408539414405823]"
1565,0,49.04%,84.16%,0.0666,"[0.9355619549751282, 0.06443801522254944]"
1566,1,49.07%,84.17%,0.1244,"[0.1173328086733818, 0.8826672434806824]"
1567,0,49.04%,84.18%,0.0658,"[0.9363470673561096, 0.0636528804898262]"
1568,0,49.01%,84.19%,0.0666,"[0.9355031251907349, 0.06449685245752335]"
1569,0,48.98%,84.20%,0.0656,"[0.9364925026893616, 0.06350746750831604]"
1570,0,48.95%,84.15%,2.0148,"[0.12555405497550964, 0.874445915222168]"
1571,0,48.92%,84.10%,0.3935,"[0.36141470074653625, 0.6385853886604309]"
1572,0,48.89%,84.11%,0.066,"[0.9361715316772461, 0.06382843852043152]"
1573,0,48.86%,84.05%,0.7822,"[0.32429519295692444, 0.675704836845398]"
1574,0,48.83%,84.06%,0.0655,"[0.9366245269775391, 0.06337542831897736]"
1575,0,48.79%,84.07%,0.0652,"[0.9368199110031128, 0.06318006664514542]"
1576,1,48.83%,84.08%,0.1341,"[0.12546055018901825, 0.8745394945144653]"
1577,0,48.80%,84.09%,0.0659,"[0.936037003993988, 0.06396304070949554]"
1578,1,48.83%,84.10%,0.2995,"[0.2072114646434784, 0.7927885055541992]"
1579,0,48.80%,84.11%,0.0653,"[0.9368223547935486, 0.0631776675581932]"
1580,1,48.83%,84.12%,0.1735,"[0.15412874519824982, 0.8458712100982666]"
1581,0,48.80%,84.13%,0.0646,"[0.9374510049819946, 0.06254895776510239]"
1582,0,48.77%,84.14%,0.0648,"[0.9372051954269409, 0.06279482692480087]"
1583,0,48.74%,84.15%,0.0647,"[0.9373021721839905, 0.06269785761833191]"
1584,0,48.71%,84.16%,0.0656,"[0.9366223216056824, 0.06337760388851166]"
1585,0,48.68%,84.17%,0.6005,"[0.5137180685997009, 0.4862819314002991]"
1586,0,48.65%,84.18%,0.0648,"[0.9373524785041809, 0.06264754384756088]"
1587,0,48.61%,84.19%,0.3342,"[0.8570533990859985, 0.14294666051864624]"
1588,1,48.65%,84.20%,0.2182,"[0.19721277058124542, 0.8027872443199158]"
1589,1,48.68%,84.21%,0.1365,"[0.14681538939476013, 0.8531845808029175]"
1590,1,48.71%,84.22%,0.1703,"[0.15572480857372284, 0.8442751169204712]"
1591,0,48.68%,84.23%,0.0641,"[0.9378817677497864, 0.06211818754673004]"
1592,0,48.65%,84.24%,0.0636,"[0.9383985996246338, 0.061601366847753525]"
1593,0,48.62%,84.25%,0.0634,"[0.9385899305343628, 0.06141010671854019]"
1594,1,48.65%,84.26%,0.1284,"[0.11979369819164276, 0.880206286907196]"
1595,0,48.62%,84.27%,0.0895,"[0.8171259760856628, 0.18287399411201477]"
1596,0,48.59%,84.22%,1.055,"[0.36598142981529236, 0.6340185403823853]"
1597,0,48.56%,84.23%,0.0634,"[0.9386320114135742, 0.061367928981781006]"
1598,1,48.59%,84.24%,0.3381,"[0.3030637204647064, 0.6969362497329712]"
1599,0,48.56%,84.25%,0.0625,"[0.9394528865814209, 0.06054706871509552]"
1600,0,48.53%,84.26%,0.1197,"[0.9083783626556396, 0.09162160009145737]"
1601,1,48.56%,84.27%,0.2707,"[0.3068711757659912, 0.6931288838386536]"
1602,1,48.60%,84.28%,0.161,"[0.14436520636081696, 0.8556348085403442]"
1603,0,48.57%,84.29%,0.0622,"[0.9397190809249878, 0.060280945152044296]"
1604,1,48.60%,84.24%,0.9002,"[0.5486483573913574, 0.4513516426086426]"
1605,1,48.63%,84.25%,0.5339,"[0.4745498597621918, 0.5254501104354858]"
1606,1,48.66%,84.26%,0.4114,"[0.30874767899513245, 0.6912522912025452]"
1607,0,48.63%,84.27%,0.062,"[0.9399093389511108, 0.06009063497185707]"
1608,0,48.60%,84.28%,0.0616,"[0.9401986002922058, 0.05980144068598747]"
1609,1,48.63%,84.29%,0.1347,"[0.12810969352722168, 0.8718902468681335]"
1610,1,48.67%,84.30%,0.1307,"[0.11777673661708832, 0.8822231888771057]"
1611,1,48.70%,84.31%,0.1248,"[0.11813434958457947, 0.8818656802177429]"
1612,0,48.67%,84.31%,0.0618,"[0.9400547742843628, 0.0599452368915081]"
1613,0,48.64%,84.32%,0.4559,"[0.5044366717338562, 0.4955632984638214]"
1614,1,48.67%,84.33%,0.1188,"[0.11219273507595062, 0.887807309627533]"
1615,0,48.64%,84.34%,0.0623,"[0.9399193525314331, 0.060080643743276596]"
1616,0,48.61%,84.35%,0.0613,"[0.940585732460022, 0.05941424518823624]"
1617,1,48.64%,84.36%,0.1173,"[0.1096978560090065, 0.8903021216392517]"
1618,0,48.61%,84.37%,0.063,"[0.9397682547569275, 0.06023181229829788]"
1619,0,48.58%,84.38%,0.0608,"[0.9410211443901062, 0.058978885412216187]"
1620,0,48.55%,84.39%,0.061,"[0.9409021139144897, 0.05909784883260727]"
1621,1,48.58%,84.40%,0.1681,"[0.14323079586029053, 0.8567691445350647]"
1622,1,48.61%,84.41%,0.1601,"[0.13425514101982117, 0.8657448887825012]"
1623,1,48.65%,84.42%,0.1253,"[0.11807043850421906, 0.8819295763969421]"
1624,1,48.68%,84.43%,0.1276,"[0.1192791685461998, 0.880720853805542]"
1625,0,48.65%,84.44%,0.0603,"[0.9414315819740295, 0.058568425476551056]"
1626,1,48.68%,84.45%,0.1208,"[0.11413362622261047, 0.8858664035797119]"
1627,0,48.65%,84.46%,0.1217,"[0.8680258393287659, 0.13197417557239532]"
1628,0,48.62%,84.47%,0.0604,"[0.9413967728614807, 0.0586031898856163]"
1629,1,48.65%,84.48%,0.1349,"[0.12582765519618988, 0.8741722702980042]"
1630,0,48.62%,84.49%,0.0599,"[0.9418693780899048, 0.058130573481321335]"
1631,1,48.65%,84.50%,0.1178,"[0.1115524023771286, 0.8884475231170654]"
1632,1,48.68%,84.51%,0.114,"[0.10708899050951004, 0.8929110169410706]"
1633,0,48.65%,84.46%,2.0378,"[0.12989836931228638, 0.8701016306877136]"
1634,1,48.69%,84.46%,0.1285,"[0.13256774842739105, 0.8674322962760925]"
1635,1,48.72%,84.47%,0.1203,"[0.1138315424323082, 0.8861684799194336]"
1636,0,48.69%,84.42%,1.374,"[0.23560592532157898, 0.7643940448760986]"
1637,1,48.72%,84.43%,0.2656,"[0.2003992199897766, 0.7996007800102234]"
1638,1,48.75%,84.44%,0.215,"[0.24561583995819092, 0.7543841004371643]"
1639,1,48.78%,84.45%,0.1207,"[0.10940170288085938, 0.8905983567237854]"
1640,0,48.75%,84.46%,0.0597,"[0.9421090483665466, 0.05789092928171158]"
1641,0,48.72%,84.47%,0.0741,"[0.9295396208763123, 0.07046039402484894]"
1642,0,48.69%,84.48%,0.0591,"[0.9425684809684753, 0.05743144825100899]"
1643,0,48.66%,84.49%,0.0653,"[0.9387046098709106, 0.06129543483257294]"
1644,1,48.69%,84.50%,0.1801,"[0.14549805223941803, 0.8545019626617432]"
1645,0,48.66%,84.51%,0.0595,"[0.9422239065170288, 0.05777614563703537]"
1646,0,48.63%,84.52%,0.0591,"[0.9425114393234253, 0.05748860538005829]"
1647,0,48.60%,84.53%,0.0589,"[0.9427394866943359, 0.05726058408617973]"
1648,0,48.57%,84.54%,0.0585,"[0.9431301355361938, 0.05686981976032257]"
1649,1,48.61%,84.55%,0.1569,"[0.12694381177425385, 0.8730562329292297]"
1650,1,48.64%,84.55%,0.1168,"[0.1115306168794632, 0.888469398021698]"
1651,0,48.61%,84.56%,0.0584,"[0.9432841539382935, 0.05671583488583565]"
1652,1,48.64%,84.57%,0.1389,"[0.12165392190217972, 0.8783460855484009]"
1653,0,48.61%,84.58%,0.0581,"[0.943488359451294, 0.056511640548706055]"
1654,1,48.64%,84.59%,0.1493,"[0.13942281901836395, 0.8605772256851196]"
1655,0,48.61%,84.60%,0.0579,"[0.9437406063079834, 0.05625937879085541]"
1656,1,48.64%,84.61%,0.124,"[0.1146436482667923, 0.8853563666343689]"
1657,1,48.67%,84.62%,0.1188,"[0.11363901942968369, 0.8863610029220581]"
1658,1,48.70%,84.63%,0.1112,"[0.10489192605018616, 0.8951080441474915]"
1659,0,48.67%,84.64%,0.059,"[0.9427248239517212, 0.05727512016892433]"
1660,1,48.71%,84.65%,0.1254,"[0.12003864347934723, 0.8799613118171692]"
1661,0,48.68%,84.66%,0.0577,"[0.9438862800598145, 0.05611378327012062]"
1662,1,48.71%,84.67%,0.1575,"[0.14677207171916962, 0.853227972984314]"
1663,0,48.68%,84.68%,0.0582,"[0.9435369968414307, 0.05646299943327904]"
1664,1,48.71%,84.68%,0.1182,"[0.11106054484844208, 0.8889394998550415]"
1665,0,48.68%,84.69%,0.057,"[0.944674551486969, 0.055325426161289215]"
1666,1,48.71%,84.70%,0.1374,"[0.12421902269124985, 0.8757809996604919]"
1667,0,48.68%,84.65%,1.6236,"[0.2067851722240448, 0.7932147979736328]"
1668,0,48.65%,84.66%,0.0566,"[0.9449359178543091, 0.05506405979394913]"
1669,1,48.68%,84.67%,0.1661,"[0.14526396989822388, 0.8547359704971313]"
1670,0,48.65%,84.62%,1.225,"[0.26882708072662354, 0.7311729192733765]"
1671,1,48.68%,84.63%,0.1412,"[0.1340700089931488, 0.8659300208091736]"
1672,1,48.71%,84.64%,0.1132,"[0.1059538945555687, 0.8940461277961731]"
1673,1,48.75%,84.65%,0.1204,"[0.11094492673873901, 0.889055073261261]"
1674,0,48.72%,84.66%,0.0575,"[0.9440382719039917, 0.0559617355465889]"
1675,1,48.75%,84.67%,0.1251,"[0.1168355643749237, 0.8831644058227539]"
1676,0,48.72%,84.68%,0.0562,"[0.9453672766685486, 0.054632723331451416]"
1677,0,48.69%,84.68%,0.0573,"[0.9447520971298218, 0.05524792522192001]"
1678,1,48.72%,84.69%,0.1231,"[0.12360278517007828, 0.8763972520828247]"
1679,1,48.75%,84.70%,0.1091,"[0.10264092683792114, 0.8973590731620789]"
1680,1,48.78%,84.71%,0.125,"[0.11867601424455643, 0.8813239336013794]"
1681,0,48.75%,84.72%,0.0558,"[0.9456818103790283, 0.05431818589568138]"
1682,0,48.72%,84.73%,0.0583,"[0.9441400766372681, 0.055859923362731934]"
1683,1,48.75%,84.74%,0.1158,"[0.10925083607435226, 0.8907491564750671]"
1684,0,48.72%,84.69%,2.1017,"[0.13166198134422302, 0.8683379888534546]"
1685,0,48.70%,84.70%,0.0564,"[0.9449496269226074, 0.055050380527973175]"
1686,0,48.67%,84.65%,1.5596,"[0.28177887201309204, 0.718221127986908]"
1687,1,48.70%,84.66%,0.1489,"[0.13071711361408234, 0.8692829012870789]"
1688,0,48.67%,84.67%,0.0554,"[0.946121871471405, 0.05387809872627258]"
1689,0,48.64%,84.62%,1.7189,"[0.1424809843301773, 0.8575190305709839]"
1690,1,48.67%,84.62%,0.1144,"[0.10834082216024399, 0.891659140586853]"
1691,0,48.64%,84.63%,0.0556,"[0.9459306001663208, 0.05406946316361427]"
1692,0,48.61%,84.64%,0.0564,"[0.9452128410339355, 0.054787199944257736]"
1693,0,48.58%,84.65%,0.0556,"[0.9459248185157776, 0.054075151681900024]"
1694,1,48.61%,84.66%,0.1121,"[0.11016274243593216, 0.8898372650146484]"
1695,1,48.64%,84.67%,0.2265,"[0.12682627141475677, 0.873173713684082]"
1696,0,48.62%,84.62%,1.8448,"[0.17000015079975128, 0.8299998044967651]"
1697,0,48.59%,84.63%,0.4066,"[0.8246665596961975, 0.1753334105014801]"
1698,0,48.56%,84.64%,0.0559,"[0.9457147717475891, 0.05428526550531387]"
1699,1,48.59%,84.65%,0.1304,"[0.11071208864450455, 0.8892878890037537]"
1700,0,48.56%,84.66%,0.0555,"[0.9460605382919312, 0.05393946170806885]"
1701,1,48.59%,84.67%,0.2858,"[0.2531276345252991, 0.7468724250793457]"
1702,1,48.62%,84.67%,0.1842,"[0.17240658402442932, 0.8275934457778931]"
1703,1,48.65%,84.68%,0.2899,"[0.1846936047077179, 0.8153064250946045]"
1704,1,48.68%,84.69%,0.1142,"[0.11889714002609253, 0.8811029195785522]"
1705,1,48.71%,84.70%,0.1719,"[0.21421897411346436, 0.7857809662818909]"
1706,1,48.74%,84.71%,0.5546,"[0.4439428746700287, 0.5560570955276489]"
1707,1,48.77%,84.72%,0.1129,"[0.11368430405855179, 0.8863157629966736]"
1708,1,48.80%,84.73%,0.1188,"[0.11147801578044891, 0.8885219693183899]"
1709,0,48.77%,84.74%,0.8566,"[0.5471906065940857, 0.4528093636035919]"
1710,0,48.74%,84.75%,0.0554,"[0.9461075663566589, 0.053892429918050766]"
1711,1,48.77%,84.75%,0.1599,"[0.17678114771842957, 0.823218822479248]"
1712,0,48.74%,84.71%,1.5129,"[0.2591238021850586, 0.7408761978149414]"
1713,0,48.72%,84.66%,1.5472,"[0.26417550444602966, 0.735824465751648]"
1714,1,48.75%,84.66%,0.1271,"[0.13531287014484406, 0.8646870851516724]"
1715,1,48.78%,84.67%,0.1324,"[0.12317543476819992, 0.8768245577812195]"
1716,0,48.75%,84.68%,0.0554,"[0.946062445640564, 0.05393756181001663]"
1717,0,48.72%,84.69%,0.0551,"[0.9464401006698608, 0.05355987697839737]"
1718,1,48.75%,84.64%,0.5992,"[0.7836374640464783, 0.21636249125003815]"
1719,0,48.72%,84.65%,0.0549,"[0.9465895891189575, 0.05341044440865517]"
1720,0,48.69%,84.66%,0.3946,"[0.6937279105186462, 0.306272029876709]"
1721,1,48.72%,84.67%,0.1506,"[0.13445736467838287, 0.8655426502227783]"
1722,1,48.75%,84.68%,0.1094,"[0.10363109409809113, 0.8963688611984253]"
1723,0,48.72%,84.69%,0.0547,"[0.9467864036560059, 0.05321358144283295]"
1724,0,48.70%,84.70%,0.0546,"[0.9468666315078735, 0.05313332378864288]"
1725,1,48.73%,84.70%,0.5119,"[0.4247992932796478, 0.5752007365226746]"
1726,0,48.70%,84.66%,1.3091,"[0.28408119082450867, 0.715918779373169]"
1727,1,48.73%,84.66%,0.1751,"[0.16478969156742096, 0.8352102637290955]"
1728,0,48.70%,84.62%,1.5522,"[0.22213657200336456, 0.7778633832931519]"
1729,1,48.73%,84.62%,0.5458,"[0.37457719445228577, 0.6254227757453918]"
1730,1,48.76%,84.63%,0.1338,"[0.12054373323917389, 0.8794562220573425]"
1731,0,48.73%,84.64%,0.0579,"[0.9416003227233887, 0.05839967727661133]"
1732,1,48.76%,84.65%,0.1893,"[0.16051225364208221, 0.8394877314567566]"
1733,1,48.79%,84.66%,0.1166,"[0.10992342233657837, 0.8900766372680664]"
1734,1,48.82%,84.61%,0.7271,"[0.5901955962181091, 0.40980446338653564]"
1735,0,48.79%,84.62%,0.0547,"[0.9467764496803284, 0.05322352796792984]"
1736,0,48.76%,84.63%,0.0543,"[0.9471288919448853, 0.052871085703372955]"
1737,0,48.73%,84.64%,0.0545,"[0.9469255805015564, 0.053074464201927185]"
1738,1,48.76%,84.65%,0.3153,"[0.3393905460834503, 0.6606094837188721]"
1739,0,48.74%,84.66%,0.1085,"[0.8985252380371094, 0.10147473961114883]"
1740,1,48.77%,84.66%,0.1163,"[0.10954903811216354, 0.8904509544372559]"
1741,1,48.79%,84.67%,0.2946,"[0.25889623165130615, 0.7411037087440491]"
1742,1,48.82%,84.68%,0.7387,"[0.30673009157180786, 0.6932699680328369]"
1743,0,48.80%,84.69%,0.4822,"[0.9139065146446228, 0.086093470454216]"
1744,1,48.83%,84.70%,0.1536,"[0.13006968796253204, 0.8699303865432739]"
1745,1,48.85%,84.71%,0.1077,"[0.10232540220022202, 0.8976746201515198]"
1746,0,48.83%,84.72%,0.0538,"[0.947626531124115, 0.05237350985407829]"
1747,0,48.80%,84.73%,0.0538,"[0.9476104974746704, 0.05238954722881317]"
1748,0,48.77%,84.73%,0.0549,"[0.9465949535369873, 0.05340507999062538]"
1749,0,48.74%,84.69%,1.3652,"[0.2586502730846405, 0.7413497567176819]"
1750,1,48.77%,84.69%,0.1421,"[0.13386645913124084, 0.8661335110664368]"
1751,1,48.80%,84.70%,0.1129,"[0.10776049643754959, 0.8922394514083862]"
1752,1,48.83%,84.71%,0.2096,"[0.12499777227640152, 0.8750022649765015]"
1753,0,48.80%,84.66%,1.7289,"[0.15723156929016113, 0.8427683711051941]"
1754,1,48.83%,84.67%,0.1851,"[0.1573944389820099, 0.8426055908203125]"
1755,0,48.80%,84.68%,0.0545,"[0.9469518661499023, 0.05304815620183945]"
1756,0,48.78%,84.69%,0.0538,"[0.9476304650306702, 0.05236951634287834]"
1757,0,48.75%,84.70%,0.0539,"[0.9475617408752441, 0.05243818089365959]"
1758,1,48.78%,84.71%,0.1152,"[0.10890284180641174, 0.8910971879959106]"
1759,1,48.81%,84.72%,0.1417,"[0.12218780070543289, 0.8778122067451477]"
1760,0,48.78%,84.72%,0.0559,"[0.9460425972938538, 0.053957369178533554]"
1761,1,48.81%,84.73%,0.2139,"[0.17580588161945343, 0.824194073677063]"
1762,0,48.78%,84.74%,0.0534,"[0.9479654431343079, 0.052034568041563034]"
1763,0,48.75%,84.75%,0.0533,"[0.9480913281440735, 0.05190860107541084]"
1764,0,48.73%,84.76%,0.0537,"[0.9476827383041382, 0.0523173063993454]"
1765,0,48.70%,84.71%,2.0527,"[0.1299189180135727, 0.8700810670852661]"
1766,1,48.73%,84.72%,0.111,"[0.10400865972042084, 0.8959913849830627]"
1767,1,48.76%,84.73%,0.1447,"[0.13576969504356384, 0.8642302751541138]"
1768,1,48.78%,84.74%,0.1489,"[0.13570661842823029, 0.8642933964729309]"
1769,0,48.76%,84.75%,0.0536,"[0.947890043258667, 0.052109893411397934]"
1770,1,48.79%,84.75%,0.1338,"[0.12311745434999466, 0.8768824934959412]"
1771,1,48.81%,84.76%,0.1342,"[0.13397391140460968, 0.8660261631011963]"
1772,0,48.79%,84.72%,1.727,"[0.13571065664291382, 0.8642893433570862]"
1773,1,48.82%,84.72%,0.2578,"[0.22314858436584473, 0.7768514156341553]"
1774,1,48.85%,84.73%,0.2155,"[0.178104966878891, 0.8218950629234314]"
1775,1,48.87%,84.74%,0.1557,"[0.159486323595047, 0.8405136466026306]"
1776,0,48.85%,84.75%,0.0533,"[0.9479764103889465, 0.052023570984601974]"
1777,0,48.82%,84.76%,0.0533,"[0.9482367038726807, 0.051763273775577545]"
1778,0,48.79%,84.77%,0.0561,"[0.9458866715431213, 0.05411333963274956]"
1779,0,48.76%,84.72%,2.1472,"[0.12502816319465637, 0.874971866607666]"
1780,0,48.74%,84.73%,0.0599,"[0.9420258402824402, 0.05797421187162399]"
1781,0,48.71%,84.68%,2.0296,"[0.11866921186447144, 0.8813307881355286]"
1782,1,48.74%,84.69%,0.1319,"[0.1189606785774231, 0.8810393214225769]"
1783,1,48.77%,84.70%,0.147,"[0.16473254561424255, 0.8352674841880798]"
1784,0,48.74%,84.71%,0.0539,"[0.9475389719009399, 0.052461061626672745]"
1785,0,48.71%,84.66%,1.9469,"[0.14463137090206146, 0.8553686738014221]"
1786,1,48.74%,84.67%,0.1498,"[0.15231475234031677, 0.8476852774620056]"
1787,1,48.77%,84.68%,0.1576,"[0.16066887974739075, 0.8393311500549316]"
1788,0,48.74%,84.68%,0.0534,"[0.9480223655700684, 0.05197769030928612]"
1789,1,48.77%,84.69%,0.1731,"[0.13069356977939606, 0.8693064451217651]"
1790,0,48.74%,84.70%,0.0535,"[0.9479948282241821, 0.052005186676979065]"
1791,0,48.72%,84.71%,0.0547,"[0.9468464851379395, 0.05315350368618965]"
1792,0,48.69%,84.72%,0.0544,"[0.9468501210212708, 0.05314985662698746]"
1793,0,48.66%,84.73%,0.0559,"[0.9459211826324463, 0.05407881364226341]"
1794,0,48.64%,84.74%,0.0538,"[0.9475758075714111, 0.05242426320910454]"
1795,0,48.61%,84.74%,0.0544,"[0.9470025300979614, 0.052997443825006485]"
1796,1,48.64%,84.75%,0.2501,"[0.19931736588478088, 0.8006826639175415]"
1797,1,48.67%,84.76%,0.1729,"[0.183912456035614, 0.816087543964386]"
1798,0,48.64%,84.77%,0.0782,"[0.9191717505455017, 0.08082817494869232]"
1799,1,48.67%,84.78%,0.2363,"[0.20188798010349274, 0.7981120944023132]"
1800,0,48.64%,84.73%,1.9913,"[0.14370818436145782, 0.8562918305397034]"
1801,1,48.67%,84.74%,0.1579,"[0.1337873786687851, 0.8662126064300537]"
1802,1,48.70%,84.75%,0.1271,"[0.12150667607784271, 0.8784933090209961]"
1803,0,48.67%,84.70%,1.4711,"[0.21654118597507477, 0.7834588289260864]"
1804,0,48.64%,84.65%,1.0817,"[0.49679628014564514, 0.5032037496566772]"
1805,1,48.67%,84.66%,0.2509,"[0.23762600123882294, 0.7623740434646606]"
1806,1,48.70%,84.67%,0.2009,"[0.18205013871192932, 0.8179498314857483]"
1807,0,48.67%,84.68%,0.053,"[0.9482250809669495, 0.05177485942840576]"
1808,1,48.70%,84.69%,0.1295,"[0.12173324078321457, 0.8782668113708496]"
1809,0,48.67%,84.70%,0.053,"[0.948239803314209, 0.05176021158695221]"
1810,0,48.65%,84.70%,0.0535,"[0.9479233622550964, 0.05207667499780655]"
1811,1,48.68%,84.71%,0.2035,"[0.2552984356880188, 0.744701623916626]"
1812,0,48.65%,84.72%,0.0555,"[0.9456150531768799, 0.05438496917486191]"
1813,0,48.62%,84.73%,0.0539,"[0.9475770592689514, 0.05242288112640381]"
1814,1,48.65%,84.74%,0.1723,"[0.17236332595348358, 0.8276366591453552]"
1815,1,48.68%,84.75%,0.1277,"[0.1222776547074318, 0.8777223229408264]"
1816,0,48.65%,84.76%,0.0654,"[0.9350506663322449, 0.06494937092065811]"
1817,1,48.68%,84.76%,0.1496,"[0.1425240933895111, 0.8574759364128113]"
1818,0,48.65%,84.77%,0.0524,"[0.948960542678833, 0.05103948712348938]"
1819,1,48.68%,84.78%,0.1371,"[0.15954835712909698, 0.840451717376709]"
1820,1,48.71%,84.79%,0.2689,"[0.21238243579864502, 0.7876176238059998]"
1821,1,48.74%,84.80%,0.1304,"[0.12100978195667267, 0.8789902329444885]"
1822,1,48.77%,84.81%,0.1957,"[0.12875652313232422, 0.871243417263031]"
1823,0,48.74%,84.81%,0.0519,"[0.949461042881012, 0.05053894221782684]"
1824,1,48.77%,84.82%,0.2273,"[0.17729611694812775, 0.8227038979530334]"
1825,1,48.80%,84.83%,0.1325,"[0.15853174030780792, 0.8414682745933533]"
1826,1,48.82%,84.84%,0.1257,"[0.11823246628046036, 0.8817675113677979]"
1827,1,48.85%,84.85%,0.1447,"[0.1353992521762848, 0.8646007180213928]"
1828,1,48.88%,84.86%,0.1797,"[0.13892902433872223, 0.861070990562439]"
1829,0,48.85%,84.86%,0.0575,"[0.9448714852333069, 0.05512847751379013]"
1830,1,48.88%,84.87%,0.212,"[0.17222923040390015, 0.8277708292007446]"
1831,0,48.85%,84.88%,0.0554,"[0.9463405013084412, 0.053659528493881226]"
1832,0,48.83%,84.83%,1.8962,"[0.13221155107021332, 0.8677884340286255]"
1833,1,48.85%,84.84%,0.1501,"[0.1190229058265686, 0.8809770345687866]"
1834,0,48.83%,84.85%,0.0594,"[0.9443846344947815, 0.055615395307540894]"
1835,1,48.86%,84.86%,0.1363,"[0.13716280460357666, 0.8628371357917786]"
1836,1,48.88%,84.87%,0.1264,"[0.1273043304681778, 0.8726956248283386]"
1837,1,48.91%,84.87%,0.1266,"[0.12742052972316742, 0.8725794553756714]"
1838,1,48.94%,84.88%,0.122,"[0.13217546045780182, 0.8678245544433594]"
1839,0,48.91%,84.89%,0.0669,"[0.883687436580658, 0.11631254851818085]"
1840,0,48.89%,84.85%,1.9646,"[0.13273051381111145, 0.8672695159912109]"
1841,0,48.86%,84.80%,2.1734,"[0.13041111826896667, 0.8695889711380005]"
1842,0,48.83%,84.75%,1.9888,"[0.1454356610774994, 0.854564368724823]"
1843,1,48.86%,84.76%,0.1218,"[0.11343204230070114, 0.8865678906440735]"
1844,1,48.89%,84.77%,0.1271,"[0.11898398399353027, 0.8810160160064697]"
1845,1,48.92%,84.78%,0.235,"[0.13405291736125946, 0.8659471273422241]"
1846,0,48.89%,84.79%,0.0624,"[0.9392476081848145, 0.06075236573815346]"
1847,1,48.92%,84.79%,0.1744,"[0.18459470570087433, 0.8154053688049316]"
1848,0,48.89%,84.80%,0.053,"[0.9483565092086792, 0.051643528044223785]"
1849,0,48.86%,84.81%,0.0533,"[0.9475523233413696, 0.052447691559791565]"
1850,0,48.84%,84.82%,0.0528,"[0.9485525488853455, 0.05144745111465454]"
1851,0,48.81%,84.83%,0.0521,"[0.9491967558860779, 0.05080319195985794]"
1852,1,48.84%,84.84%,0.1438,"[0.12671470642089844, 0.8732852935791016]"
1853,0,48.81%,84.84%,0.0516,"[0.9496583938598633, 0.05034157261252403]"
1854,1,48.84%,84.85%,0.1301,"[0.12241610884666443, 0.877583920955658]"
1855,1,48.87%,84.86%,0.1517,"[0.14780670404434204, 0.852193295955658]"
1856,0,48.84%,84.87%,0.0709,"[0.8661993741989136, 0.13380067050457]"
1857,1,48.87%,84.88%,0.1281,"[0.11865933239459991, 0.8813406229019165]"
1858,0,48.84%,84.88%,0.1428,"[0.8867197036743164, 0.11328024417161942]"
1859,0,48.82%,84.89%,0.0519,"[0.9493765830993652, 0.050623394548892975]"
1860,0,48.79%,84.90%,0.0514,"[0.9499140977859497, 0.05008591338992119]"
1861,0,48.76%,84.91%,0.0848,"[0.9146006107330322, 0.08539938181638718]"
1862,0,48.74%,84.92%,0.0518,"[0.9494903087615967, 0.05050970986485481]"
1863,0,48.71%,84.92%,0.0514,"[0.9499172568321228, 0.05008281022310257]"
1864,1,48.74%,84.93%,0.1492,"[0.14718224108219147, 0.8528177738189697]"
1865,1,48.77%,84.94%,0.1481,"[0.13930930197238922, 0.8606906533241272]"
1866,1,48.79%,84.95%,0.1752,"[0.1711830049753189, 0.8288170099258423]"
1867,1,48.82%,84.96%,0.1616,"[0.1401500403881073, 0.8598499298095703]"
1868,1,48.85%,84.97%,0.1999,"[0.17985749244689941, 0.8201425075531006]"
1869,1,48.88%,84.97%,0.193,"[0.1941167265176773, 0.8058832287788391]"
1870,0,48.85%,84.98%,0.0662,"[0.9355280995368958, 0.06447197496891022]"
1871,0,48.82%,84.94%,1.9082,"[0.14901982247829437, 0.8509802222251892]"
1872,0,48.80%,84.94%,0.0535,"[0.9478843808174133, 0.05211564525961876]"
1873,0,48.77%,84.95%,0.0503,"[0.950826108455658, 0.04917389154434204]"
1874,0,48.75%,84.96%,0.0504,"[0.9508801698684692, 0.04911982640624046]"
1875,1,48.77%,84.97%,0.1614,"[0.1525927186012268, 0.847407341003418]"
1876,1,48.80%,84.98%,0.119,"[0.11284979432821274, 0.8871501684188843]"
1877,0,48.78%,84.98%,0.0498,"[0.9513011574745178, 0.04869888350367546]"
1878,1,48.80%,84.99%,0.1196,"[0.11198574304580688, 0.8880142569541931]"
1879,0,48.78%,85.00%,0.05,"[0.9512814283370972, 0.048718519508838654]"
1880,0,48.75%,85.01%,0.0496,"[0.9515665173530579, 0.048433419317007065]"
1881,1,48.78%,85.02%,0.1468,"[0.14319376647472382, 0.8568062782287598]"
1882,0,48.75%,85.02%,0.0496,"[0.9515871405601501, 0.04841290041804314]"
1883,0,48.73%,85.03%,0.0494,"[0.9518271684646606, 0.048172786831855774]"
1884,1,48.75%,85.04%,0.115,"[0.11168413609266281, 0.8883158564567566]"
1885,1,48.78%,85.05%,0.123,"[0.12353405356407166, 0.876465916633606]"
1886,0,48.75%,85.06%,0.7641,"[0.6593878865242004, 0.34061211347579956]"
1887,0,48.73%,85.06%,0.0491,"[0.952043354511261, 0.047956690192222595]"
1888,1,48.76%,85.07%,0.1488,"[0.12207003682851791, 0.8779299855232239]"
1889,1,48.78%,85.08%,0.1824,"[0.15204133093357086, 0.8479586243629456]"
1890,0,48.76%,85.03%,1.5481,"[0.18185263872146606, 0.8181473612785339]"
1891,0,48.73%,85.04%,0.0487,"[0.9524483680725098, 0.047551628202199936]"
1892,1,48.76%,85.05%,0.1549,"[0.15029063820838928, 0.8497093915939331]"
1893,0,48.73%,85.06%,0.0503,"[0.9500427842140198, 0.049957163631916046]"
1894,0,48.71%,85.07%,0.0488,"[0.9523264765739441, 0.047673553228378296]"
1895,0,48.68%,85.02%,1.393,"[0.24625781178474426, 0.7537422180175781]"
1896,1,48.71%,85.03%,0.1567,"[0.13508638739585876, 0.8649136424064636]"
1897,0,48.68%,85.04%,0.1869,"[0.8441340923309326, 0.15586590766906738]"
1898,0,48.66%,85.04%,0.1685,"[0.8255540132522583, 0.1744460165500641]"
1899,1,48.68%,85.05%,0.1895,"[0.18769441545009613, 0.8123055696487427]"
1900,0,48.66%,85.06%,0.0483,"[0.9528472423553467, 0.047152694314718246]"
1901,1,48.69%,85.07%,0.1307,"[0.1347988396883011, 0.8652011752128601]"
1902,0,48.66%,85.08%,0.3017,"[0.8973194360733032, 0.10268052667379379]"
1903,1,48.69%,85.08%,0.1232,"[0.11945851892232895, 0.8805415034294128]"
1904,1,48.71%,85.09%,0.125,"[0.11766429990530014, 0.8823356628417969]"
1905,0,48.69%,85.10%,0.048,"[0.953197717666626, 0.046802278608083725]"
1906,0,48.66%,85.11%,0.0478,"[0.9533319473266602, 0.04666809365153313]"
1907,1,48.69%,85.12%,0.2707,"[0.23596279323101044, 0.7640371918678284]"
1908,0,48.66%,85.12%,0.0476,"[0.9535220265388489, 0.04647801071405411]"
1909,1,48.69%,85.13%,0.258,"[0.224857360124588, 0.7751426696777344]"
1910,0,48.67%,85.14%,0.0474,"[0.9536883234977722, 0.046311650425195694]"
1911,0,48.64%,85.15%,0.0475,"[0.9536368250846863, 0.04636324569582939]"
1912,1,48.67%,85.15%,0.2275,"[0.20328718423843384, 0.7967127561569214]"
1913,0,48.64%,85.16%,0.0491,"[0.9524815678596497, 0.04751840606331825]"
1914,1,48.67%,85.17%,0.1179,"[0.11107677966356277, 0.888923168182373]"
1915,1,48.70%,85.13%,0.4354,"[0.5651381015777588, 0.434861958026886]"
1916,1,48.72%,85.13%,0.2278,"[0.21268966794013977, 0.7873104214668274]"
1917,0,48.70%,85.14%,0.0524,"[0.9500779509544373, 0.04992206394672394]"
1918,0,48.67%,85.15%,0.0467,"[0.9543645977973938, 0.04563536494970322]"
1919,0,48.65%,85.16%,0.0471,"[0.9540613293647766, 0.045938700437545776]"
1920,0,48.62%,85.16%,0.0468,"[0.9542651176452637, 0.045734819024801254]"
1921,1,48.65%,85.17%,0.1438,"[0.133803591132164, 0.8661963939666748]"
1922,0,48.62%,85.18%,0.9403,"[0.9451738595962524, 0.05482608452439308]"
1923,0,48.60%,85.19%,0.0464,"[0.9546643495559692, 0.04533567652106285]"
1924,1,48.62%,85.19%,0.1411,"[0.13079147040843964, 0.8692085146903992]"
1925,1,48.65%,85.20%,0.1157,"[0.10905672609806061, 0.8909432888031006]"
1926,1,48.68%,85.21%,0.1928,"[0.14318451285362244, 0.8568154573440552]"
1927,0,48.65%,85.22%,0.0463,"[0.9547963738441467, 0.04520363360643387]"
1928,1,48.68%,85.23%,0.1633,"[0.1377478539943695, 0.8622521758079529]"
1929,1,48.70%,85.23%,0.1159,"[0.10904765129089355, 0.8909524083137512]"
1930,1,48.73%,85.24%,0.1568,"[0.13316993415355682, 0.866830050945282]"
1931,1,48.76%,85.25%,0.1258,"[0.13050755858421326, 0.8694924116134644]"
1932,1,48.78%,85.26%,0.1155,"[0.1081840842962265, 0.8918159604072571]"
1933,0,48.76%,85.21%,1.8722,"[0.15590274333953857, 0.8440972566604614]"
1934,0,48.73%,85.22%,0.0464,"[0.9545410871505737, 0.04545891657471657]"
1935,0,48.71%,85.18%,1.9793,"[0.13993708789348602, 0.8600628972053528]"
1936,1,48.74%,85.18%,0.1163,"[0.11034921556711197, 0.8896507620811462]"
1937,1,48.76%,85.19%,0.1908,"[0.12471601366996765, 0.8752840161323547]"
1938,1,48.79%,85.20%,0.148,"[0.13677464425563812, 0.8632253408432007]"
1939,0,48.76%,85.21%,0.0459,"[0.9550446271896362, 0.04495535418391228]"
1940,1,48.79%,85.21%,0.121,"[0.11378888785839081, 0.8862111568450928]"
1941,0,48.76%,85.22%,0.046,"[0.955075204372406, 0.044924747198820114]"
1942,1,48.79%,85.18%,1.9101,"[0.8144202828407288, 0.18557968735694885]"
1943,0,48.77%,85.19%,0.048,"[0.9521884322166443, 0.04781150817871094]"
1944,1,48.79%,85.19%,0.1163,"[0.10975051671266556, 0.890249490737915]"
1945,1,48.82%,85.20%,0.1218,"[0.11294542253017426, 0.8870545625686646]"
1946,0,48.79%,85.21%,0.046,"[0.9550617337226868, 0.04493832588195801]"
1947,0,48.77%,85.22%,0.046,"[0.9551220536231995, 0.044877875596284866]"
1948,0,48.74%,85.22%,0.0459,"[0.9551544785499573, 0.04484555870294571]"
1949,0,48.72%,85.23%,0.0461,"[0.9549413919448853, 0.04505859687924385]"
1950,0,48.69%,85.24%,0.0466,"[0.9544892311096191, 0.045510753989219666]"
1951,0,48.67%,85.25%,0.046,"[0.9550675749778748, 0.04493238776922226]"
1952,0,48.64%,85.25%,0.0473,"[0.9538622498512268, 0.0461377315223217]"
1953,1,48.67%,85.26%,0.1197,"[0.11907481402158737, 0.880925178527832]"
1954,0,48.64%,85.27%,0.0458,"[0.9552075862884521, 0.04479243978857994]"
1955,1,48.67%,85.28%,0.1409,"[0.17167417705059052, 0.8283258080482483]"
1956,1,48.70%,85.28%,0.1747,"[0.16525520384311676, 0.8347447514533997]"
1957,0,48.67%,85.24%,1.68,"[0.16403517127037048, 0.8359648585319519]"
1958,1,48.70%,85.25%,0.1301,"[0.13026145100593567, 0.8697385191917419]"
1959,0,48.67%,85.26%,0.0475,"[0.9535933136940002, 0.04640670493245125]"
1960,1,48.70%,85.26%,0.1653,"[0.13918985426425934, 0.8608101606369019]"
1961,0,48.67%,85.27%,0.0461,"[0.9550268054008484, 0.0449732206761837]"
1962,1,48.70%,85.28%,0.1766,"[0.14598889648914337, 0.8540111184120178]"
1963,1,48.73%,85.29%,0.1397,"[0.13524895906448364, 0.8647510409355164]"
1964,1,48.75%,85.29%,0.2384,"[0.16616444289684296, 0.8338356018066406]"
1965,0,48.73%,85.30%,0.0455,"[0.955504834651947, 0.04449513554573059]"
1966,1,48.75%,85.31%,0.3002,"[0.14227117598056793, 0.8577288389205933]"
1967,1,48.78%,85.32%,0.121,"[0.11368000507354736, 0.8863199353218079]"
1968,1,48.81%,85.32%,0.1207,"[0.11221349239349365, 0.8877865672111511]"
1969,1,48.83%,85.33%,0.2426,"[0.18769629299640656, 0.8123036623001099]"
1970,1,48.86%,85.34%,0.122,"[0.13948023319244385, 0.8605197668075562]"
1971,1,48.88%,85.34%,0.1625,"[0.13332238793373108, 0.8666775822639465]"
1972,1,48.91%,85.35%,0.112,"[0.10934343189001083, 0.890656590461731]"
1973,0,48.89%,85.36%,0.0452,"[0.9558366537094116, 0.0441632904112339]"
1974,1,48.91%,85.37%,0.1397,"[0.11877952516078949, 0.8812204599380493]"
1975,0,48.89%,85.37%,0.0462,"[0.9548325538635254, 0.04516739398241043]"
1976,0,48.86%,85.38%,0.0455,"[0.9555455446243286, 0.04445449635386467]"
1977,1,48.89%,85.39%,0.1767,"[0.15776848793029785, 0.8422315120697021]"
1978,0,48.86%,85.40%,0.045,"[0.95598304271698, 0.04401698708534241]"
1979,1,48.89%,85.40%,0.1063,"[0.10641804337501526, 0.8935819864273071]"
1980,0,48.86%,85.41%,0.0465,"[0.9531304836273193, 0.04686950147151947]"
1981,1,48.89%,85.42%,0.1053,"[0.09843526780605316, 0.9015647172927856]"
1982,1,48.92%,85.43%,0.1407,"[0.14356626570224762, 0.8564336895942688]"
1983,0,48.89%,85.43%,0.053,"[0.9485447406768799, 0.0514552965760231]"
1984,1,48.92%,85.44%,0.103,"[0.09702537208795547, 0.9029746055603027]"
1985,0,48.89%,85.45%,0.0509,"[0.9501088261604309, 0.049891192466020584]"
1986,0,48.87%,85.46%,0.05,"[0.9513857364654541, 0.04861424118280411]"
1987,1,48.89%,85.46%,0.0982,"[0.09392671287059784, 0.9060733318328857]"
1988,0,48.87%,85.47%,0.1014,"[0.8536076545715332, 0.1463923305273056]"
1989,0,48.84%,85.48%,0.0466,"[0.9549408555030823, 0.04505915567278862]"
1990,0,48.82%,85.48%,0.0505,"[0.9532331228256226, 0.04676683619618416]"
1991,0,48.80%,85.44%,2.1812,"[0.10618037730455399, 0.8938196301460266]"
1992,0,48.77%,85.45%,0.0591,"[0.9364193081855774, 0.06358066201210022]"
1993,0,48.75%,85.41%,2.2928,"[0.101340651512146, 0.8986594080924988]"
1994,1,48.77%,85.41%,0.104,"[0.09976784884929657, 0.9002321362495422]"
1995,1,48.80%,85.42%,0.144,"[0.10861203074455261, 0.8913879990577698]"
1996,0,48.77%,85.43%,0.0495,"[0.9515255093574524, 0.04847446456551552]"
1997,0,48.75%,85.44%,0.0438,"[0.9571020603179932, 0.04289793595671654]"
1998,1,48.77%,85.44%,0.1299,"[0.12122059613466263, 0.8787794709205627]"
1999,1,48.80%,85.45%,0.1014,"[0.09416218847036362, 0.9058378338813782]"
2000,0,48.78%,85.46%,0.0442,"[0.9568132758140564, 0.04318671301007271]"
2001,1,48.80%,85.46%,0.1161,"[0.11808937042951584, 0.8819106221199036]"
2002,0,48.78%,85.47%,0.0458,"[0.9549157023429871, 0.04508427157998085]"
2003,1,48.80%,85.48%,0.1779,"[0.1389036476612091, 0.8610963821411133]"
2004,0,48.78%,85.49%,0.0475,"[0.9534279704093933, 0.046572018414735794]"
2005,0,48.75%,85.49%,0.0578,"[0.6283894181251526, 0.37161052227020264]"
2006,1,48.78%,85.50%,0.1165,"[0.10450922697782516, 0.8954907655715942]"
2007,1,48.80%,85.51%,0.1024,"[0.10324390232563019, 0.896756112575531]"
2008,1,48.83%,85.52%,0.1096,"[0.11065128445625305, 0.8893486857414246]"
2009,1,48.86%,85.52%,0.1077,"[0.10334645211696625, 0.8966535329818726]"
2010,0,48.83%,85.53%,0.0443,"[0.9565919041633606, 0.043408069759607315]"
2011,0,48.81%,85.54%,0.0441,"[0.9569524526596069, 0.04304752126336098]"
2012,0,48.78%,85.49%,2.0954,"[0.11158186197280884, 0.8884180784225464]"
2013,1,48.81%,85.50%,0.105,"[0.09970404207706451, 0.9002960324287415]"
2014,1,48.83%,85.51%,0.1519,"[0.14376266300678253, 0.8562373518943787]"
2015,1,48.86%,85.52%,0.1211,"[0.11603542417287827, 0.8839645385742188]"
2016,0,48.83%,85.52%,0.0444,"[0.9564003944396973, 0.04359964653849602]"
2017,1,48.86%,85.53%,0.1039,"[0.10080921649932861, 0.8991907238960266]"
2018,1,48.89%,85.54%,0.153,"[0.13527201116085052, 0.8647280335426331]"
2019,0,48.86%,85.50%,1.9211,"[0.19542230665683746, 0.804577648639679]"
2020,0,48.84%,85.50%,0.0436,"[0.9573785066604614, 0.042621541768312454]"
2021,1,48.86%,85.51%,0.1106,"[0.10951455682516098, 0.8904854655265808]"
2022,1,48.89%,85.52%,0.107,"[0.102654367685318, 0.8973456621170044]"
2023,0,48.86%,85.52%,0.0437,"[0.9572575688362122, 0.04274238273501396]"
2024,1,48.89%,85.53%,0.1149,"[0.10878600180149078, 0.8912140130996704]"
2025,0,48.86%,85.49%,1.9997,"[0.11530099809169769, 0.8846989870071411]"
2026,1,48.89%,85.50%,0.1154,"[0.1105118840932846, 0.889488160610199]"
2027,0,48.87%,85.45%,1.9771,"[0.13545134663581848, 0.8645486235618591]"
2028,0,48.84%,85.46%,0.0451,"[0.9555684924125671, 0.04443156346678734]"
2029,1,48.87%,85.47%,0.1972,"[0.16937503218650818, 0.8306249976158142]"
2030,0,48.84%,85.43%,1.6608,"[0.15804310142993927, 0.8419569134712219]"
2031,1,48.87%,85.43%,0.1503,"[0.17582376301288605, 0.8241763114929199]"
2032,0,48.84%,85.44%,0.0718,"[0.9408491253852844, 0.05915085971355438]"
2033,1,48.87%,85.45%,0.1537,"[0.17391906678676605, 0.8260809183120728]"
2034,1,48.89%,85.45%,0.1176,"[0.1115586906671524, 0.8884413242340088]"
2035,1,48.92%,85.46%,0.1811,"[0.17430652678012848, 0.8256934881210327]"
2036,0,48.90%,85.47%,0.0436,"[0.9573209285736084, 0.04267901927232742]"
2037,1,48.92%,85.48%,0.1416,"[0.12485695630311966, 0.8751429915428162]"
2038,0,48.90%,85.48%,0.0435,"[0.9574868083000183, 0.042513176798820496]"
2039,1,48.92%,85.49%,0.1129,"[0.11206391453742981, 0.8879360556602478]"
2040,1,48.95%,85.50%,0.1704,"[0.20281982421875, 0.79718017578125]"
2041,0,48.92%,85.46%,1.3043,"[0.15720759332180023, 0.8427924513816833]"
2042,1,48.95%,85.46%,0.3146,"[0.22066721320152283, 0.7793328166007996]"
2043,0,48.92%,85.47%,0.0433,"[0.9576188325881958, 0.04238114133477211]"
2044,1,48.95%,85.48%,0.2991,"[0.36752378940582275, 0.6324762105941772]"
2045,1,48.97%,85.48%,0.1412,"[0.13559046387672424, 0.8644095659255981]"
2046,0,48.95%,85.44%,1.6483,"[0.2125941962003708, 0.787405788898468]"
2047,0,48.93%,85.45%,0.0432,"[0.9576956033706665, 0.042304396629333496]"
2048,1,48.95%,85.46%,0.1999,"[0.21687667071819305, 0.7831233143806458]"
2049,1,48.98%,85.46%,0.1229,"[0.12431101500988007, 0.8756889700889587]"
2050,1,49.00%,85.47%,0.1814,"[0.13509514927864075, 0.8649048209190369]"
2051,0,48.98%,85.48%,0.0433,"[0.957588791847229, 0.042411185801029205]"
2052,0,48.95%,85.44%,1.4962,"[0.24773642420768738, 0.7522635459899902]"
2053,1,48.98%,85.44%,0.1345,"[0.12643715739250183, 0.8735628128051758]"
2054,1,49.00%,85.45%,0.2523,"[0.16579586267471313, 0.8342040777206421]"
2055,1,49.03%,85.46%,0.1258,"[0.11988421529531479, 0.880115807056427]"
2056,0,49.00%,85.46%,0.0431,"[0.9578198194503784, 0.04218016564846039]"
2057,0,48.98%,85.47%,0.0431,"[0.9578458666801453, 0.04215409979224205]"
2058,1,49.00%,85.48%,0.1837,"[0.15994395315647125, 0.8400560021400452]"
2059,1,49.03%,85.49%,0.1541,"[0.21942733228206635, 0.7805726528167725]"
2060,1,49.05%,85.49%,0.1452,"[0.11861331015825272, 0.8813866376876831]"
2061,0,49.03%,85.50%,0.043,"[0.957912802696228, 0.04208723083138466]"
2062,0,49.01%,85.51%,0.0429,"[0.9580410122871399, 0.04195895791053772]"
2063,0,48.98%,85.51%,0.0434,"[0.9575783014297485, 0.04242175444960594]"
2064,1,49.01%,85.52%,0.1854,"[0.2545455992221832, 0.7454544901847839]"
2065,0,48.98%,85.53%,0.0427,"[0.9581961631774902, 0.041803859174251556]"
2066,0,48.96%,85.53%,0.0428,"[0.9580885171890259, 0.04191148653626442]"
2067,1,48.98%,85.54%,0.2029,"[0.19573386013507843, 0.8042661547660828]"
2068,0,48.96%,85.55%,0.6036,"[0.5062345862388611, 0.4937654137611389]"
2069,0,48.94%,85.56%,0.0426,"[0.9583251476287842, 0.04167485609650612]"
2070,0,48.91%,85.56%,0.0428,"[0.9581274390220642, 0.04187258705496788]"
2071,1,48.94%,85.57%,0.1714,"[0.14821308851242065, 0.8517869114875793]"
2072,0,48.91%,85.53%,1.2961,"[0.23322515189647675, 0.7667748332023621]"
2073,1,48.94%,85.54%,0.1191,"[0.10518508404493332, 0.8948149085044861]"
2074,1,48.96%,85.54%,0.1111,"[0.10675974190235138, 0.8932402729988098]"
2075,1,48.99%,85.55%,0.1459,"[0.1548508107662201, 0.8451492190361023]"
2076,0,48.96%,85.56%,0.0423,"[0.9585986733436584, 0.04140133410692215]"
2077,1,48.99%,85.56%,0.1423,"[0.11939813196659088, 0.8806018829345703]"
2078,0,48.97%,85.57%,0.0423,"[0.9585753679275513, 0.04142465069890022]"
2079,0,48.94%,85.53%,1.6914,"[0.26110032200813293, 0.7388997077941895]"
2080,1,48.97%,85.54%,0.1277,"[0.15060435235500336, 0.8493956923484802]"
2081,0,48.94%,85.54%,0.0418,"[0.959080159664154, 0.04091985151171684]"
2082,1,48.97%,85.55%,0.2112,"[0.29140156507492065, 0.7085984349250793]"
2083,0,48.94%,85.56%,0.0464,"[0.9195815920829773, 0.08041846007108688]"
2084,0,48.92%,85.56%,0.0418,"[0.9591027498245239, 0.04089721292257309]"
2085,1,48.95%,85.57%,0.1155,"[0.11018882691860199, 0.8898112177848816]"
2086,1,48.97%,85.58%,0.1299,"[0.11451156437397003, 0.8854883909225464]"
2087,1,48.99%,85.58%,0.3816,"[0.27617278695106506, 0.7238271832466125]"
2088,0,48.97%,85.59%,0.0422,"[0.958686113357544, 0.04131387546658516]"
2089,0,48.95%,85.55%,1.7919,"[0.21609875559806824, 0.7839012742042542]"
2090,0,48.92%,85.56%,0.0413,"[0.9595020413398743, 0.04049789533019066]"
2091,0,48.90%,85.56%,0.0422,"[0.9587048292160034, 0.0412951223552227]"
2092,0,48.88%,85.52%,0.8134,"[0.44007226824760437, 0.559927761554718]"
2093,0,48.85%,85.53%,0.0424,"[0.9585735201835632, 0.041426461189985275]"
2094,1,48.88%,85.54%,0.17,"[0.1466931253671646, 0.8533068299293518]"
2095,1,48.90%,85.54%,0.389,"[0.29292789101600647, 0.7070720791816711]"
2096,1,48.93%,85.55%,0.5725,"[0.37480995059013367, 0.6251900792121887]"
2097,1,48.95%,85.56%,0.1228,"[0.11712498962879181, 0.8828750252723694]"
2098,0,48.93%,85.56%,0.0413,"[0.9594917297363281, 0.040508195757865906]"
2099,1,48.95%,85.57%,0.114,"[0.10755560547113419, 0.8924444317817688]"
2100,1,48.98%,85.58%,0.1599,"[0.17569532990455627, 0.8243046402931213]"
2101,0,48.95%,85.59%,0.0475,"[0.9549533128738403, 0.045046720653772354]"
2102,0,48.93%,85.59%,0.0411,"[0.9597253203392029, 0.04027467593550682]"
2103,0,48.91%,85.60%,0.0411,"[0.9597341418266296, 0.040265925228595734]"
2104,1,48.93%,85.61%,0.1399,"[0.12914124131202698, 0.8708587884902954]"
2105,0,48.91%,85.61%,0.0414,"[0.9594764709472656, 0.040523480623960495]"
2106,1,48.93%,85.62%,0.1234,"[0.11534575372934341, 0.8846542239189148]"
2107,0,48.91%,85.58%,1.9114,"[0.143905371427536, 0.8560946583747864]"
2108,0,48.89%,85.59%,0.0422,"[0.9586735367774963, 0.04132651537656784]"
2109,1,48.91%,85.59%,0.2179,"[0.18657386302947998, 0.8134260773658752]"
2110,1,48.93%,85.60%,0.2671,"[0.275623619556427, 0.7243764400482178]"
2111,0,48.91%,85.61%,0.0417,"[0.9589418172836304, 0.041058238595724106]"
2112,0,48.89%,85.61%,0.041,"[0.9598317742347717, 0.04016829654574394]"
2113,0,48.86%,85.62%,0.041,"[0.9599224925041199, 0.04007752612233162]"
2114,1,48.89%,85.63%,0.1302,"[0.12191316485404968, 0.8780868649482727]"
2115,1,48.91%,85.63%,0.1414,"[0.1176956444978714, 0.882304310798645]"
2116,0,48.89%,85.59%,2.1053,"[0.1338925063610077, 0.8661075234413147]"
2117,1,48.91%,85.60%,0.1028,"[0.09833096712827682, 0.9016690850257874]"
2118,0,48.89%,85.61%,0.0439,"[0.9577059745788574, 0.04229401797056198]"
2119,0,48.87%,85.61%,0.0429,"[0.9583182334899902, 0.04168179631233215]"
2120,0,48.84%,85.62%,0.0486,"[0.9499123096466064, 0.05008766055107117]"
2121,0,48.82%,85.63%,0.0416,"[0.9589909911155701, 0.041009001433849335]"
2122,1,48.85%,85.63%,0.1096,"[0.1031091958284378, 0.8968908190727234]"
2123,1,48.87%,85.64%,0.1513,"[0.13023866713047028, 0.8697613477706909]"
2124,0,48.85%,85.65%,0.1577,"[0.9238353371620178, 0.076164610683918]"
2125,1,48.87%,85.65%,0.176,"[0.14717864990234375, 0.8528212904930115]"
2126,1,48.90%,85.66%,0.1549,"[0.14580005407333374, 0.8541999459266663]"
2127,0,48.87%,85.67%,0.0408,"[0.9600299000740051, 0.039970118552446365]"
2128,0,48.85%,85.63%,2.0734,"[0.14216771721839905, 0.8578322529792786]"
2129,1,48.87%,85.63%,0.1102,"[0.10393597185611725, 0.8960639834403992]"
2130,0,48.85%,85.64%,0.0406,"[0.9601836800575256, 0.039816319942474365]"
2131,0,48.83%,85.60%,1.8467,"[0.17793715000152588, 0.8220628499984741]"
2132,1,48.85%,85.61%,0.1274,"[0.12304063141345978, 0.8769594430923462]"
2133,1,48.88%,85.61%,0.2183,"[0.2622666656970978, 0.7377333641052246]"
2134,1,48.90%,85.62%,0.114,"[0.1045544371008873, 0.8954455256462097]"
2135,0,48.88%,85.63%,0.0409,"[0.9598779082298279, 0.040122129023075104]"
2136,1,48.90%,85.63%,0.1145,"[0.10790041834115982, 0.8920996189117432]"
2137,0,48.88%,85.64%,0.041,"[0.9598362445831299, 0.04016377031803131]"
2138,0,48.85%,85.65%,0.0409,"[0.9599900245666504, 0.04000990465283394]"
2139,0,48.83%,85.61%,1.4974,"[0.22563773393630981, 0.7743622064590454]"
2140,1,48.86%,85.61%,0.1395,"[0.12765559554100037, 0.872344434261322]"
2141,0,48.83%,85.62%,0.0411,"[0.9598032832145691, 0.040196724236011505]"
2142,1,48.86%,85.63%,0.153,"[0.15659376978874207, 0.8434062600135803]"
2143,0,48.83%,85.63%,0.0414,"[0.959542989730835, 0.040456946939229965]"
2144,1,48.86%,85.64%,0.172,"[0.13925664126873016, 0.8607434034347534]"
2145,0,48.84%,85.60%,1.488,"[0.19636911153793335, 0.8036308884620667]"
2146,1,48.86%,85.61%,0.166,"[0.18979553878307343, 0.8102044463157654]"
2147,0,48.84%,85.61%,0.0406,"[0.9602497220039368, 0.03975025936961174]"
2148,1,48.86%,85.62%,0.3805,"[0.2769710123538971, 0.7230289578437805]"
2149,1,48.88%,85.63%,0.2589,"[0.21766149997711182, 0.7823385000228882]"
2150,0,48.86%,85.63%,0.0412,"[0.959702730178833, 0.0402972437441349]"
2151,0,48.84%,85.64%,0.0404,"[0.9603828191757202, 0.03961711376905441]"
2152,0,48.82%,85.65%,0.0438,"[0.9577553868293762, 0.0422445572912693]"
2153,0,48.79%,85.65%,0.0405,"[0.9603025913238525, 0.03969738259911537]"
2154,0,48.77%,85.66%,0.0404,"[0.9604573845863342, 0.03954263776540756]"
2155,0,48.75%,85.67%,0.0406,"[0.9602554440498352, 0.03974456340074539]"
2156,0,48.73%,85.63%,2.043,"[0.13310568034648895, 0.8668943643569946]"
2157,1,48.75%,85.63%,0.1474,"[0.16423818469047546, 0.8357617855072021]"
2158,0,48.73%,85.64%,0.0403,"[0.9604896306991577, 0.03951041400432587]"
2159,0,48.70%,85.65%,0.0413,"[0.9590584635734558, 0.04094156250357628]"
2160,1,48.73%,85.65%,0.1699,"[0.18589480221271515, 0.8141051530838013]"
2161,1,48.75%,85.66%,0.1304,"[0.1281970590353012, 0.8718029260635376]"
2162,0,48.73%,85.67%,0.0413,"[0.9593442678451538, 0.04065568372607231]"
2163,1,48.75%,85.67%,0.2066,"[0.1455203890800476, 0.8544795513153076]"
2164,0,48.73%,85.68%,0.6603,"[0.5771900415420532, 0.4228098690509796]"
2165,1,48.75%,85.69%,0.1432,"[0.13081876933574677, 0.869181215763092]"
2166,1,48.78%,85.69%,0.2293,"[0.226643905043602, 0.7733560800552368]"
2167,1,48.80%,85.70%,0.3061,"[0.13992388546466827, 0.8600761294364929]"
2168,1,48.82%,85.71%,0.3066,"[0.26699551939964294, 0.7330044507980347]"
2169,0,48.80%,85.67%,1.2076,"[0.1887449026107788, 0.8112550973892212]"
2170,0,48.78%,85.67%,0.1252,"[0.9314573407173157, 0.06854263693094254]"
2171,1,48.80%,85.68%,0.2471,"[0.13980814814567566, 0.860191822052002]"
2172,1,48.83%,85.69%,0.1235,"[0.11772800981998444, 0.8822720050811768]"
2173,1,48.85%,85.69%,0.1792,"[0.19484496116638184, 0.8051550984382629]"
2174,1,48.87%,85.70%,0.2102,"[0.1838304102420807, 0.8161695599555969]"
2175,0,48.85%,85.71%,0.0399,"[0.9609005451202393, 0.03909941762685776]"
2176,0,48.83%,85.67%,1.862,"[0.1550537645816803, 0.8449462652206421]"
2177,0,48.81%,85.63%,1.9954,"[0.14356645941734314, 0.8564335107803345]"
2178,0,48.78%,85.64%,0.0395,"[0.9612276554107666, 0.03877228870987892]"
2179,1,48.81%,85.64%,0.1197,"[0.11543073505163193, 0.8845692276954651]"
2180,0,48.78%,85.65%,0.0395,"[0.9612716436386108, 0.03872834891080856]"
2181,0,48.76%,85.66%,0.0397,"[0.9610564112663269, 0.03894359618425369]"
2182,1,48.79%,85.66%,0.1355,"[0.12473241984844208, 0.8752675652503967]"
2183,1,48.81%,85.67%,0.1558,"[0.17472222447395325, 0.8252778053283691]"
2184,1,48.83%,85.68%,0.2286,"[0.18359357118606567, 0.8164064288139343]"
2185,0,48.81%,85.68%,0.0397,"[0.9611071944236755, 0.03889281675219536]"
2186,1,48.83%,85.69%,0.1316,"[0.12638184428215027, 0.8736181259155273]"
2187,1,48.86%,85.69%,0.2293,"[0.1833512932062149, 0.8166486620903015]"
2188,0,48.84%,85.70%,0.0397,"[0.9610545635223389, 0.038945406675338745]"
2189,1,48.86%,85.71%,0.1579,"[0.14816975593566895, 0.851830244064331]"
2190,1,48.88%,85.71%,0.2567,"[0.2440541386604309, 0.7559458613395691]"
2191,1,48.91%,85.72%,0.2497,"[0.2155933827161789, 0.7844066619873047]"
2192,1,48.93%,85.73%,0.2301,"[0.1592703014612198, 0.8407297134399414]"
2193,1,48.95%,85.73%,0.1591,"[0.1441470831632614, 0.8558529019355774]"
2194,0,48.93%,85.69%,1.1254,"[0.37389716506004333, 0.6261028051376343]"
2195,0,48.91%,85.66%,1.931,"[0.14395131170749664, 0.8560487031936646]"
2196,1,48.93%,85.66%,0.1955,"[0.1600489467382431, 0.8399510383605957]"
2197,0,48.91%,85.67%,0.0393,"[0.9614564180374146, 0.03854364901781082]"
2198,0,48.89%,85.63%,1.6803,"[0.1948961764574051, 0.8051038384437561]"
2199,1,48.91%,85.64%,0.1539,"[0.145346000790596, 0.8546540141105652]"
2200,0,48.89%,85.64%,0.0393,"[0.9614843726158142, 0.038515605032444]"
2201,0,48.86%,85.65%,0.0507,"[0.9555628299713135, 0.044437225908041]"
2202,1,48.89%,85.66%,0.1293,"[0.12051854282617569, 0.8794814348220825]"
2203,0,48.87%,85.62%,1.9245,"[0.1477379947900772, 0.852262020111084]"
2204,0,48.84%,85.62%,0.0392,"[0.9616444110870361, 0.03835555911064148]"
2205,1,48.87%,85.63%,0.1547,"[0.14996890723705292, 0.8500310778617859]"
2206,1,48.89%,85.64%,0.1787,"[0.16233155131340027, 0.8376684784889221]"
2207,0,48.87%,85.64%,0.0395,"[0.9612520337104797, 0.03874795138835907]"
2208,0,48.85%,85.65%,0.0397,"[0.9609717726707458, 0.039028268307447433]"
2209,0,48.82%,85.66%,0.0392,"[0.961505115032196, 0.03849495202302933]"
2210,0,48.80%,85.66%,0.0398,"[0.9608667492866516, 0.039133258163928986]"
2211,1,48.82%,85.67%,0.1983,"[0.16711680591106415, 0.8328831791877747]"
2212,1,48.85%,85.68%,0.1878,"[0.16115306317806244, 0.8388469815254211]"
2213,0,48.83%,85.68%,0.0392,"[0.9615486264228821, 0.03845130652189255]"
2214,1,48.85%,85.69%,0.2495,"[0.25829795002937317, 0.7417020797729492]"
2215,0,48.83%,85.69%,0.0391,"[0.9616509079933167, 0.03834906220436096]"
2216,1,48.85%,85.70%,0.1525,"[0.1397048383951187, 0.8602951169013977]"
2217,1,48.87%,85.71%,0.166,"[0.15430347621440887, 0.8456965684890747]"
2218,0,48.85%,85.71%,0.0391,"[0.9616276621818542, 0.038372378796339035]"
2219,1,48.87%,85.72%,0.1296,"[0.12006856501102448, 0.8799314498901367]"
2220,1,48.90%,85.73%,0.1282,"[0.11928325146436691, 0.8807168006896973]"
2221,1,48.92%,85.73%,0.1296,"[0.12321146577596664, 0.8767885565757751]"
2222,1,48.94%,85.74%,0.1812,"[0.17662718892097473, 0.8233728408813477]"
2223,0,48.92%,85.75%,0.0434,"[0.9587080478668213, 0.041292011737823486]"
2224,1,48.94%,85.75%,0.1552,"[0.15348181128501892, 0.8465181589126587]"
2225,0,48.92%,85.76%,0.039,"[0.9618220329284668, 0.03817790374159813]"
2226,1,48.94%,85.77%,0.1467,"[0.13504064083099365, 0.8649594187736511]"
2227,0,48.92%,85.77%,0.0399,"[0.9610294699668884, 0.038970526307821274]"
2228,0,48.90%,85.78%,0.0389,"[0.9619656801223755, 0.03803430497646332]"
2229,1,48.92%,85.78%,0.1404,"[0.1288357377052307, 0.8711642622947693]"
2230,0,48.90%,85.79%,0.0383,"[0.9624114036560059, 0.03758860379457474]"
2231,1,48.92%,85.80%,0.148,"[0.13825881481170654, 0.8617411255836487]"
2232,1,48.95%,85.80%,0.1273,"[0.1141461580991745, 0.8858538269996643]"
2233,0,48.93%,85.81%,0.0421,"[0.9591115117073059, 0.04088843986392021]"
2234,1,48.95%,85.82%,0.116,"[0.109771229326725, 0.890228807926178]"
2235,0,48.93%,85.82%,0.0394,"[0.9614009857177734, 0.03859904035925865]"
2236,1,48.95%,85.83%,0.1118,"[0.1060589924454689, 0.8939409852027893]"
2237,0,48.93%,85.84%,0.0385,"[0.9621982574462891, 0.03780179098248482]"
2238,0,48.91%,85.84%,0.1686,"[0.8488578796386719, 0.15114213526248932]"
2239,0,48.88%,85.85%,0.0381,"[0.9626644253730774, 0.03733552247285843]"
2240,1,48.91%,85.85%,0.1116,"[0.10560743510723114, 0.8943925499916077]"
2241,0,48.88%,85.86%,0.0388,"[0.9616559743881226, 0.038343943655490875]"
2242,1,48.91%,85.87%,0.1082,"[0.1022113785147667, 0.8977885842323303]"
2243,0,48.89%,85.83%,2.0416,"[0.12645377218723297, 0.8735462427139282]"
2244,1,48.91%,85.84%,0.1048,"[0.09921206533908844, 0.9007880091667175]"
2245,1,48.93%,85.84%,0.1256,"[0.11867629736661911, 0.8813236951828003]"
2246,1,48.95%,85.85%,0.1248,"[0.11803550273180008, 0.8819645047187805]"
2247,0,48.93%,85.85%,0.0377,"[0.9629741311073303, 0.03702585771679878]"
2248,1,48.96%,85.86%,0.1185,"[0.1111210286617279, 0.8888790011405945]"
2249,1,48.98%,85.87%,0.1095,"[0.10662625730037689, 0.8933737277984619]"
2250,0,48.96%,85.87%,0.0726,"[0.9077892303466797, 0.0922107920050621]"
2251,0,48.93%,85.88%,0.0513,"[0.959658682346344, 0.040341321378946304]"
2252,0,48.91%,85.89%,0.039,"[0.9616281986236572, 0.038371771574020386]"
2253,0,48.89%,85.89%,0.0379,"[0.9627788066864014, 0.03722120821475983]"
2254,1,48.91%,85.90%,0.1397,"[0.1458900421857834, 0.8541098833084106]"
2255,1,48.94%,85.90%,0.135,"[0.12732690572738647, 0.8726730346679688]"
2256,0,48.91%,85.91%,0.037,"[0.9637184143066406, 0.036281611770391464]"
2257,0,48.89%,85.92%,0.0371,"[0.9635988473892212, 0.036401089280843735]"
2258,0,48.87%,85.92%,0.0376,"[0.963101327419281, 0.036898668855428696]"
2259,0,48.85%,85.88%,2.1879,"[0.11465825140476227, 0.8853417634963989]"
2260,1,48.87%,85.89%,0.1283,"[0.11741354316473007, 0.8825864195823669]"
2261,1,48.89%,85.90%,0.2006,"[0.17094559967517853, 0.8290544152259827]"
2262,1,48.92%,85.90%,0.1379,"[0.13064414262771606, 0.8693559169769287]"
2263,0,48.90%,85.91%,0.0372,"[0.9634765982627869, 0.03652340546250343]"
2264,1,48.92%,85.92%,0.1451,"[0.15086668729782104, 0.8491332530975342]"
2265,0,48.90%,85.92%,0.037,"[0.9636772274971008, 0.03632279857993126]"
2266,0,48.88%,85.93%,0.0369,"[0.963746964931488, 0.03625299409031868]"
2267,0,48.85%,85.89%,2.097,"[0.12060735374689102, 0.8793926239013672]"
2268,0,48.83%,85.90%,0.0369,"[0.963812530040741, 0.03618747740983963]"
2269,1,48.85%,85.90%,0.1317,"[0.113405242562294, 0.8865947127342224]"
2270,0,48.83%,85.87%,1.9299,"[0.14017383754253387, 0.8598260879516602]"
2271,1,48.86%,85.87%,0.1077,"[0.10078144073486328, 0.8992186188697815]"
2272,0,48.83%,85.88%,0.216,"[0.7981648445129395, 0.20183515548706055]"
2273,0,48.81%,85.84%,1.8687,"[0.16755597293376923, 0.8324440121650696]"
2274,1,48.84%,85.85%,0.1325,"[0.13528825342655182, 0.8647118210792542]"
2275,0,48.81%,85.85%,0.0372,"[0.9635438323020935, 0.03645617887377739]"
2276,0,48.79%,85.86%,0.037,"[0.9636666178703308, 0.03633338212966919]"
2277,1,48.81%,85.86%,0.1709,"[0.179547980427742, 0.8204519748687744]"
2278,1,48.84%,85.87%,0.1652,"[0.145010307431221, 0.8549896478652954]"
2279,1,48.86%,85.88%,0.1984,"[0.184695765376091, 0.8153042197227478]"
2280,1,48.88%,85.88%,0.1288,"[0.11989215016365051, 0.8801078200340271]"
2281,1,48.90%,85.89%,0.2208,"[0.19203129410743713, 0.8079686760902405]"
2282,1,48.93%,85.90%,0.2992,"[0.2016483098268509, 0.7983516454696655]"
2283,0,48.91%,85.90%,0.0369,"[0.9637516140937805, 0.0362483374774456]"
2284,0,48.88%,85.91%,0.0369,"[0.9637757539749146, 0.03622426837682724]"
2285,1,48.91%,85.91%,0.1925,"[0.15131577849388123, 0.8486842513084412]"
2286,1,48.93%,85.92%,0.1572,"[0.1429356038570404, 0.857064425945282]"
2287,0,48.91%,85.88%,1.6534,"[0.18867796659469604, 0.811322033405304]"
2288,1,48.93%,85.89%,0.25,"[0.35230112075805664, 0.6476988792419434]"
2289,0,48.91%,85.85%,0.9988,"[0.3526970446109772, 0.6473029851913452]"
2290,0,48.89%,85.86%,0.0378,"[0.9629366397857666, 0.037063419818878174]"
2291,1,48.91%,85.86%,0.1452,"[0.1391737163066864, 0.860826313495636]"
2292,1,48.93%,85.87%,0.12,"[0.11354294419288635, 0.886457085609436]"
2293,0,48.91%,85.88%,0.0368,"[0.9638868570327759, 0.03611309453845024]"
2294,0,48.89%,85.88%,0.0367,"[0.963935136795044, 0.03606486693024635]"
2295,1,48.91%,85.89%,0.1626,"[0.15753543376922607, 0.8424645066261292]"
2296,1,48.93%,85.89%,0.1914,"[0.17056317627429962, 0.8294368386268616]"
2297,1,48.96%,85.86%,0.8111,"[0.5590236186981201, 0.4409763514995575]"
2298,0,48.93%,85.86%,0.0461,"[0.7648443579673767, 0.23515558242797852]"
2299,1,48.96%,85.87%,0.1609,"[0.1563204526901245, 0.8436795473098755]"
2300,1,48.98%,85.88%,0.1671,"[0.15362954139709473, 0.8463704586029053]"
2301,0,48.96%,85.88%,0.0365,"[0.9641256928443909, 0.03587432950735092]"
2302,0,48.94%,85.89%,0.0364,"[0.9642158150672913, 0.03578415885567665]"
2303,0,48.91%,85.89%,0.046,"[0.9602726697921753, 0.039727360010147095]"
2304,1,48.94%,85.90%,0.1407,"[0.12571127712726593, 0.8742887377738953]"
2305,0,48.92%,85.91%,0.0365,"[0.964228630065918, 0.03577139973640442]"
2306,0,48.89%,85.91%,0.0364,"[0.9642661213874817, 0.03573383763432503]"
2307,0,48.87%,85.92%,0.0923,"[0.5505595803260803, 0.4494403898715973]"
2308,1,48.90%,85.92%,0.3601,"[0.3194374144077301, 0.6805626153945923]"
2309,0,48.87%,85.93%,0.0364,"[0.9641981720924377, 0.03580182045698166]"
2310,1,48.90%,85.94%,0.14,"[0.12885843217372894, 0.8711415529251099]"
2311,1,48.92%,85.94%,0.1605,"[0.14667922258377075, 0.853320837020874]"
2312,1,48.94%,85.95%,0.1863,"[0.17297126352787018, 0.827028751373291]"
2313,0,48.92%,85.96%,0.0379,"[0.9631307721138, 0.03686923161149025]"
2314,0,48.90%,85.96%,0.0363,"[0.9643803834915161, 0.03561956807971001]"
2315,1,48.92%,85.97%,0.1085,"[0.10270188748836517, 0.8972981572151184]"
2316,1,48.94%,85.97%,0.1927,"[0.19046184420585632, 0.8095381259918213]"
2317,1,48.96%,85.98%,0.1465,"[0.1384343057870865, 0.8615656495094299]"
2318,1,48.99%,85.99%,0.1392,"[0.14964334666728973, 0.8503566980361938]"
2319,0,48.97%,85.99%,0.0358,"[0.9648730158805847, 0.035126976668834686]"
2320,0,48.94%,86.00%,0.0391,"[0.9621909856796265, 0.03780907392501831]"
2321,0,48.92%,86.00%,0.0369,"[0.9638018012046814, 0.036198172718286514]"
2322,0,48.90%,85.97%,2.2324,"[0.10948058217763901, 0.890519380569458]"
2323,1,48.92%,85.97%,0.1188,"[0.11349590122699738, 0.8865041136741638]"
2324,0,48.90%,85.98%,0.0376,"[0.9637292623519897, 0.03627068176865578]"
2325,0,48.88%,85.98%,0.1072,"[0.9240079522132874, 0.07599205523729324]"
2326,0,48.86%,85.99%,0.0356,"[0.9651026129722595, 0.03489740192890167]"
2327,0,48.84%,86.00%,0.0367,"[0.9639702439308167, 0.03602973744273186]"
2328,1,48.86%,86.00%,0.1276,"[0.11862803995609283, 0.8813720345497131]"
2329,1,48.88%,86.01%,0.1024,"[0.09738469868898392, 0.9026153087615967]"
2330,0,48.86%,86.01%,0.0602,"[0.6854206323623657, 0.3145793676376343]"
2331,0,48.84%,85.98%,1.9764,"[0.1449921727180481, 0.8550077676773071]"
2332,1,48.86%,85.98%,0.1012,"[0.09537411481142044, 0.9046259522438049]"
2333,1,48.89%,85.99%,0.1243,"[0.11754690855741501, 0.8824530839920044]"
2334,1,48.91%,86.00%,0.1136,"[0.1121654063463211, 0.8878346681594849]"
2335,0,48.89%,86.00%,0.0729,"[0.9236118793487549, 0.07638806104660034]"
2336,1,48.91%,86.01%,0.102,"[0.09676404297351837, 0.9032359719276428]"
2337,0,48.89%,85.97%,1.5302,"[0.24862881004810333, 0.7513711452484131]"
2338,0,48.87%,85.98%,0.0369,"[0.9645087122917175, 0.035491250455379486]"
2339,0,48.85%,85.98%,0.0355,"[0.9651340246200562, 0.03486599400639534]"
2340,1,48.87%,85.99%,0.1258,"[0.11731866002082825, 0.8826813101768494]"
2341,1,48.89%,85.99%,0.1483,"[0.1281951367855072, 0.8718048334121704]"
2342,0,48.87%,86.00%,0.0354,"[0.9651987552642822, 0.03480122610926628]"
2343,0,48.85%,86.01%,0.0395,"[0.9642683267593384, 0.035731684416532516]"
2344,0,48.83%,86.01%,0.0353,"[0.9653622508049011, 0.034637775272130966]"
2345,1,48.85%,86.02%,0.1188,"[0.11114251613616943, 0.8888574242591858]"
2346,0,48.83%,86.02%,0.0352,"[0.9654526114463806, 0.03454742208123207]"
2347,1,48.85%,86.03%,0.1095,"[0.10504332929849625, 0.8949567079544067]"
2348,1,48.87%,86.04%,0.1086,"[0.10399328917264938, 0.8960066437721252]"
2349,0,48.85%,86.04%,0.0353,"[0.9652954936027527, 0.034704551100730896]"
2350,0,48.83%,86.05%,0.0353,"[0.9651994109153748, 0.03480054438114166]"
2351,1,48.85%,86.05%,0.108,"[0.10378862172365189, 0.8962113261222839]"
2352,0,48.83%,86.06%,0.035,"[0.9656473994255066, 0.0343526229262352]"
2353,0,48.81%,86.02%,1.8529,"[0.154033362865448, 0.8459665775299072]"
2354,1,48.83%,86.03%,0.1387,"[0.12776730954647064, 0.8722326755523682]"
2355,0,48.81%,85.99%,1.9364,"[0.12993603944778442, 0.8700639009475708]"
2356,1,48.83%,86.00%,0.2032,"[0.17618820071220398, 0.8238118290901184]"
2357,0,48.81%,86.01%,0.0356,"[0.9650017619132996, 0.03499820828437805]"
2358,1,48.83%,86.01%,0.1161,"[0.1093510240316391, 0.8906490206718445]"
2359,1,48.86%,86.02%,0.2021,"[0.14104925096035004, 0.8589507937431335]"
2360,0,48.84%,86.02%,0.035,"[0.965613603591919, 0.03438633680343628]"
2361,0,48.81%,86.03%,0.0349,"[0.9657445549964905, 0.03425537049770355]"
2362,1,48.84%,86.03%,0.1218,"[0.11309009790420532, 0.8869099617004395]"
2363,1,48.86%,86.04%,0.1406,"[0.1393524706363678, 0.8606474995613098]"
2364,1,48.88%,86.05%,0.2116,"[0.14361904561519623, 0.8563809990882874]"
2365,0,48.86%,86.01%,1.4019,"[0.17804811894893646, 0.8219518661499023]"
2366,1,48.88%,86.02%,0.1197,"[0.11268825083971024, 0.8873117566108704]"
2367,1,48.90%,86.02%,0.1996,"[0.19597961008548737, 0.8040204048156738]"
2368,1,48.92%,86.03%,0.241,"[0.12379079312086105, 0.8762091994285583]"
2369,0,48.90%,86.03%,0.0347,"[0.9659007787704468, 0.03409923240542412]"
2370,0,48.88%,86.00%,1.908,"[0.15494778752326965, 0.8450522422790527]"
2371,1,48.90%,86.00%,0.1479,"[0.1319454461336136, 0.8680545091629028]"
2372,0,48.88%,86.01%,0.0352,"[0.965481698513031, 0.03451830893754959]"
2373,0,48.86%,86.02%,0.6811,"[0.5075133442878723, 0.49248671531677246]"
2374,0,48.84%,86.02%,0.0347,"[0.9658792018890381, 0.03412078693509102]"
2375,0,48.82%,86.03%,0.0349,"[0.9657039046287537, 0.034296076744794846]"
2376,0,48.80%,86.03%,0.0347,"[0.9658884406089783, 0.03411156311631203]"
2377,1,48.82%,86.04%,0.1263,"[0.1186315193772316, 0.8813685178756714]"
2378,1,48.84%,86.04%,0.3653,"[0.1956767588853836, 0.8043232560157776]"
2379,1,48.87%,86.05%,0.141,"[0.13308070600032806, 0.8669193387031555]"
2380,1,48.89%,86.06%,0.5758,"[0.47491690516471863, 0.5250831246376038]"
2381,1,48.91%,86.06%,0.1292,"[0.1243128776550293, 0.8756871223449707]"
2382,1,48.93%,86.07%,0.1551,"[0.24472126364707947, 0.7552787065505981]"
2383,1,48.95%,86.07%,0.5257,"[0.2859591245651245, 0.7140408754348755]"
2384,1,48.97%,86.08%,0.3827,"[0.3352709114551544, 0.6647290587425232]"
2385,0,48.95%,86.09%,0.2451,"[0.8924992680549622, 0.10750065743923187]"
2386,0,48.93%,86.05%,1.8983,"[0.15689310431480408, 0.8431068658828735]"
2387,1,48.95%,86.06%,0.1605,"[0.14682362973690033, 0.8531763553619385]"
2388,1,48.97%,86.06%,0.1171,"[0.11138427257537842, 0.8886157274246216]"
2389,0,48.95%,86.07%,0.0344,"[0.9661638140678406, 0.033836234360933304]"
2390,0,48.93%,86.07%,0.0343,"[0.9662368893623352, 0.03376307338476181]"
2391,0,48.91%,86.08%,0.0344,"[0.9661802649497986, 0.03381969779729843]"
2392,1,48.93%,86.08%,0.1121,"[0.10438286513090134, 0.8956171274185181]"
2393,0,48.91%,86.09%,0.0945,"[0.9054061770439148, 0.094593845307827]"
2394,0,48.89%,86.10%,0.0347,"[0.965976893901825, 0.034023065119981766]"
2395,1,48.91%,86.10%,0.1584,"[0.15071894228458405, 0.8492810726165771]"
2396,0,48.89%,86.07%,1.7289,"[0.2942071557044983, 0.7057928442955017]"
2397,1,48.92%,86.07%,0.1182,"[0.1102389544248581, 0.8897610306739807]"
2398,1,48.94%,86.08%,0.1237,"[0.11738649755716324, 0.8826135396957397]"
2399,0,48.92%,86.08%,0.0343,"[0.9662829637527466, 0.03371705487370491]"
2400,1,48.94%,86.09%,0.2131,"[0.2098522037267685, 0.7901477813720703]"
2401,1,48.96%,86.09%,0.1152,"[0.10658225417137146, 0.8934177160263062]"
2402,0,48.94%,86.10%,0.0343,"[0.9662312269210815, 0.03376875817775726]"
2403,0,48.92%,86.11%,0.0341,"[0.9664803743362427, 0.033519644290208817]"
2404,1,48.94%,86.11%,0.2308,"[0.15511471033096313, 0.8448852300643921]"
2405,0,48.92%,86.12%,0.034,"[0.9665705561637878, 0.03342946991324425]"
2406,0,48.90%,86.12%,0.034,"[0.9665753841400146, 0.03342461585998535]"
2407,1,48.92%,86.13%,0.1385,"[0.1332739144563675, 0.8667260408401489]"
2408,1,48.94%,86.14%,0.1101,"[0.10495055466890335, 0.895049512386322]"
2409,0,48.92%,86.14%,0.0344,"[0.9661882519721985, 0.033811770379543304]"
2410,0,48.90%,86.15%,0.0341,"[0.9665386080741882, 0.03346144035458565]"
2411,1,48.92%,86.15%,0.1333,"[0.12606371939182281, 0.8739362359046936]"
2412,1,48.94%,86.16%,0.125,"[0.11135709285736084, 0.8886429071426392]"
2413,0,48.92%,86.12%,2.0588,"[0.1294572353363037, 0.8705427050590515]"
2414,1,48.94%,86.13%,0.1521,"[0.1583903729915619, 0.8416096568107605]"
2415,1,48.97%,86.13%,0.1278,"[0.11700987815856934, 0.8829901814460754]"
2416,0,48.94%,86.14%,0.0339,"[0.966590166091919, 0.03340977430343628]"
2417,0,48.92%,86.15%,0.0338,"[0.9667425751686096, 0.03325739502906799]"
2418,0,48.90%,86.11%,2.1532,"[0.11599346995353699, 0.8840065002441406]"
2419,0,48.88%,86.12%,0.034,"[0.9665365219116211, 0.033463504165410995]"
2420,0,48.86%,86.12%,0.0338,"[0.9667521715164185, 0.03324781358242035]"
2421,1,48.89%,86.13%,0.209,"[0.17966340482234955, 0.820336639881134]"
2422,1,48.91%,86.13%,0.2123,"[0.18677140772342682, 0.8132286667823792]"
2423,0,48.89%,86.14%,0.0339,"[0.966647744178772, 0.033352237194776535]"
2424,0,48.87%,86.14%,0.0337,"[0.9668942093849182, 0.033105723559856415]"
2425,1,48.89%,86.15%,0.1402,"[0.13313491642475128, 0.8668650388717651]"
2426,1,48.91%,86.16%,0.1318,"[0.12008242309093475, 0.879917562007904]"
2427,1,48.93%,86.16%,0.1142,"[0.10556275397539139, 0.894437313079834]"
2428,0,48.91%,86.13%,1.2458,"[0.2568013370037079, 0.7431986331939697]"
2429,0,48.89%,86.09%,2.1123,"[0.12646865844726562, 0.8735313415527344]"
2430,1,48.91%,86.10%,0.137,"[0.12992388010025024, 0.8700761795043945]"
2431,1,48.93%,86.10%,0.1306,"[0.12184729427099228, 0.8781526684761047]"
2432,1,48.95%,86.11%,0.1447,"[0.1298043578863144, 0.8701956868171692]"
2433,1,48.97%,86.11%,0.2319,"[0.2433098703622818, 0.7566901445388794]"
2434,1,48.99%,86.12%,0.1898,"[0.15533529222011566, 0.8446646332740784]"
2435,0,48.97%,86.12%,0.0338,"[0.9668068885803223, 0.03319317474961281]"
2436,0,48.95%,86.13%,0.0337,"[0.9668757319450378, 0.033124249428510666]"
2437,0,48.93%,86.10%,1.8759,"[0.15268410742282867, 0.8473159074783325]"
2438,0,48.91%,86.06%,1.9467,"[0.1389310210943222, 0.8610689640045166]"
2439,0,48.89%,86.07%,0.0346,"[0.9659737944602966, 0.034026212990283966]"
2440,1,48.91%,86.07%,0.1437,"[0.13606861233711243, 0.86393141746521]"
2441,0,48.89%,86.08%,0.0338,"[0.9667588472366333, 0.03324112296104431]"
2442,1,48.92%,86.08%,0.121,"[0.11358721554279327, 0.8864127397537231]"
2443,1,48.94%,86.09%,0.2283,"[0.20400893688201904, 0.7959910035133362]"
2444,0,48.92%,86.05%,1.2181,"[0.30587559938430786, 0.6941244006156921]"
2445,0,48.90%,86.06%,0.0379,"[0.9629996418952942, 0.0370003841817379]"
2446,1,48.92%,86.06%,0.2592,"[0.2673036754131317, 0.7326963543891907]"
2447,1,48.94%,86.07%,0.1351,"[0.1260446012020111, 0.8739553689956665]"
2448,0,48.92%,86.08%,0.0342,"[0.9664212465286255, 0.033578742295503616]"
2449,0,48.90%,86.08%,0.0338,"[0.9667925834655762, 0.03320736065506935]"
2450,1,48.92%,86.09%,0.1667,"[0.16102156043052673, 0.8389784097671509]"
2451,1,48.94%,86.09%,0.1737,"[0.19601568579673767, 0.8039842844009399]"
2452,0,48.92%,86.10%,0.1811,"[0.7051540017127991, 0.2948459982872009]"
2453,0,48.90%,86.10%,0.0337,"[0.9668751955032349, 0.03312477841973305]"
2454,1,48.92%,86.11%,0.1594,"[0.14311417937278748, 0.8568858504295349]"
2455,1,48.94%,86.12%,0.1835,"[0.1554655134677887, 0.8445344567298889]"
2456,0,48.92%,86.12%,0.0337,"[0.9668731689453125, 0.03312680870294571]"
2457,0,48.90%,86.13%,0.0341,"[0.9665573239326477, 0.033442676067352295]"
2458,0,48.88%,86.13%,0.0992,"[0.7221846580505371, 0.2778153419494629]"
2459,0,48.86%,86.14%,0.0338,"[0.9668220281600952, 0.033177997916936874]"
2460,1,48.88%,86.14%,0.1621,"[0.15547381341457367, 0.8445262312889099]"
2461,1,48.90%,86.15%,0.1566,"[0.1746375411748886, 0.825362503528595]"
2462,1,48.92%,86.16%,0.1969,"[0.18087400496006012, 0.8191260099411011]"
2463,1,48.94%,86.12%,0.8095,"[0.516144335269928, 0.48385563492774963]"
2464,0,48.92%,86.13%,0.0383,"[0.9640565514564514, 0.03594339266419411]"
2465,1,48.95%,86.13%,0.1321,"[0.11677337437868118, 0.8832265734672546]"
2466,1,48.97%,86.14%,0.1266,"[0.13084760308265686, 0.8691524267196655]"
2467,1,48.99%,86.14%,0.3016,"[0.1693076491355896, 0.8306923508644104]"
2468,1,49.01%,86.15%,0.1228,"[0.11636185646057129, 0.8836380839347839]"
2469,1,49.03%,86.15%,0.1206,"[0.11515611410140991, 0.8848439455032349]"
2470,1,49.05%,86.16%,0.1532,"[0.15992219746112823, 0.840077817440033]"
2471,0,49.03%,86.17%,0.0337,"[0.9666926860809326, 0.03330731764435768]"
2472,1,49.05%,86.17%,0.1407,"[0.13180412352085114, 0.8681959509849548]"
2473,0,49.03%,86.18%,0.0332,"[0.9673599600791931, 0.032640062272548676]"
2474,0,49.01%,86.18%,0.0348,"[0.9648807048797607, 0.03511931002140045]"
2475,1,49.03%,86.19%,0.1203,"[0.10533319413661957, 0.8946667909622192]"
2476,1,49.05%,86.19%,0.1169,"[0.11243651807308197, 0.8875634670257568]"
2477,1,49.07%,86.20%,0.1182,"[0.10932496935129166, 0.8906750082969666]"
2478,0,49.05%,86.20%,0.0332,"[0.9671586751937866, 0.032841309905052185]"
2479,1,49.07%,86.21%,0.108,"[0.10653070360422134, 0.8934692740440369]"
2480,0,49.05%,86.22%,0.0337,"[0.9668788313865662, 0.03312114253640175]"
2481,1,49.07%,86.22%,0.1105,"[0.10257098078727722, 0.8974289894104004]"
2482,1,49.09%,86.23%,0.1254,"[0.12090754508972168, 0.8790924549102783]"
2483,0,49.07%,86.19%,1.7434,"[0.17984311282634735, 0.8201568722724915]"
2484,0,49.05%,86.16%,2.1195,"[0.11266512423753738, 0.8873348236083984]"
2485,1,49.07%,86.16%,0.1216,"[0.11712954938411713, 0.8828704953193665]"
2486,1,49.10%,86.17%,0.1328,"[0.11333709955215454, 0.8866629004478455]"
2487,0,49.08%,86.13%,2.0632,"[0.13200634717941284, 0.8679935932159424]"
2488,1,49.10%,86.14%,0.1099,"[0.10538866370916367, 0.8946113586425781]"
2489,0,49.08%,86.14%,0.0344,"[0.966457188129425, 0.03354275971651077]"
2490,1,49.10%,86.15%,0.1131,"[0.11193732917308807, 0.8880626559257507]"
2491,1,49.12%,86.16%,0.1755,"[0.15475887060165405, 0.845241129398346]"
2492,1,49.14%,86.16%,0.12,"[0.10824757814407349, 0.8917524218559265]"
2493,0,49.12%,86.17%,0.0331,"[0.9674109220504761, 0.03258910030126572]"
2494,1,49.14%,86.17%,0.1383,"[0.12507326900959015, 0.874926745891571]"
2495,0,49.12%,86.18%,0.0332,"[0.9673900604248047, 0.03260989114642143]"
2496,1,49.14%,86.18%,0.1662,"[0.14072038233280182, 0.8592796325683594]"
2497,0,49.12%,86.19%,0.033,"[0.9676419496536255, 0.03235803544521332]"
2498,0,49.10%,86.15%,2.0431,"[0.12014647573232651, 0.8798535466194153]"
2499,1,49.12%,86.16%,0.1264,"[0.1145838126540184, 0.8854161500930786]"
2500,0,49.10%,86.17%,0.0327,"[0.9677974581718445, 0.032202549278736115]"
2501,0,49.08%,86.17%,0.0363,"[0.9659148454666138, 0.034085195511579514]"
2502,0,49.06%,86.14%,1.5816,"[0.19448499381542206, 0.8055149912834167]"
2503,0,49.04%,86.14%,0.062,"[0.9618322849273682, 0.038167696446180344]"
2504,1,49.06%,86.15%,0.1123,"[0.10562159866094589, 0.8943783640861511]"
2505,1,49.08%,86.15%,0.1189,"[0.11213251203298569, 0.8878675103187561]"
2506,0,49.06%,86.16%,0.0329,"[0.9676238894462585, 0.03237610682845116]"
2507,1,49.08%,86.16%,0.1232,"[0.11779647320508957, 0.8822035193443298]"
2508,0,49.06%,86.17%,0.0331,"[0.9673706889152527, 0.032629337161779404]"
2509,1,49.08%,86.18%,0.1775,"[0.15224802494049072, 0.847752034664154]"
2510,0,49.06%,86.18%,0.0328,"[0.9677655100822449, 0.03223446384072304]"
2511,0,49.04%,86.19%,1.248,"[0.6798034906387329, 0.3201964497566223]"
2512,0,49.03%,86.15%,1.9022,"[0.14886607229709625, 0.8511340022087097]"
2513,1,49.05%,86.16%,0.1879,"[0.1721150130033493, 0.8278849720954895]"
2514,1,49.07%,86.16%,0.1209,"[0.11778992414474487, 0.8822100162506104]"
2515,0,49.05%,86.17%,0.0328,"[0.9677082300186157, 0.03229173272848129]"
2516,1,49.07%,86.17%,0.2631,"[0.2305440902709961, 0.7694558501243591]"
2517,0,49.05%,86.18%,0.0327,"[0.9677960872650146, 0.03220391646027565]"
2518,1,49.07%,86.18%,0.1561,"[0.15044137835502625, 0.8495585918426514]"
2519,0,49.05%,86.19%,0.0328,"[0.96776282787323, 0.03223715350031853]"
2520,1,49.07%,86.20%,0.1354,"[0.1249300166964531, 0.8750699758529663]"
2521,1,49.09%,86.20%,0.3905,"[0.2855494022369385, 0.7144506573677063]"
2522,1,49.11%,86.21%,0.1584,"[0.17084434628486633, 0.829155683517456]"
2523,0,49.09%,86.17%,1.496,"[0.19037632644176483, 0.809623658657074]"
2524,0,49.07%,86.18%,0.0327,"[0.9678119421005249, 0.03218799829483032]"
2525,1,49.09%,86.18%,0.1253,"[0.12668287754058838, 0.8733170628547668]"
2526,1,49.11%,86.19%,0.1304,"[0.12685661017894745, 0.8731433749198914]"
2527,1,49.13%,86.19%,0.2007,"[0.15709012746810913, 0.8429098725318909]"
2528,0,49.11%,86.20%,0.0329,"[0.9675836563110352, 0.03241629898548126]"
2529,1,49.13%,86.21%,0.2407,"[0.17526274919509888, 0.8247372508049011]"
2530,0,49.11%,86.21%,0.0326,"[0.9679340124130249, 0.03206602856516838]"
2531,0,49.09%,86.22%,0.0326,"[0.9678766131401062, 0.03212340921163559]"
2532,0,49.07%,86.22%,0.1346,"[0.9633910655975342, 0.03660890832543373]"
2533,0,49.05%,86.23%,0.0337,"[0.9669269919395447, 0.03307301551103592]"
2534,1,49.07%,86.23%,0.1557,"[0.15384191274642944, 0.8461580872535706]"
2535,0,49.05%,86.24%,0.0326,"[0.9679765701293945, 0.032023459672927856]"
2536,1,49.07%,86.24%,0.1925,"[0.13147613406181335, 0.8685238361358643]"
2537,1,49.09%,86.25%,0.1997,"[0.2348552644252777, 0.7651447653770447]"
2538,1,49.11%,86.25%,0.2819,"[0.15780240297317505, 0.842197597026825]"
2539,1,49.13%,86.26%,0.2269,"[0.2261650264263153, 0.7738350033760071]"
2540,1,49.15%,86.27%,0.1565,"[0.1463775783777237, 0.8536224365234375]"
2541,0,49.13%,86.27%,0.0323,"[0.9682033658027649, 0.0317966602742672]"
2542,0,49.12%,86.28%,0.0323,"[0.9682531952857971, 0.03174683079123497]"
2543,0,49.10%,86.28%,0.0328,"[0.9679077863693237, 0.032092250883579254]"
2544,0,49.08%,86.25%,1.9941,"[0.12607337534427643, 0.87392657995224]"
2545,1,49.10%,86.25%,0.192,"[0.17869450151920319, 0.8213054537773132]"
2546,1,49.12%,86.26%,0.1471,"[0.14726188778877258, 0.852738082408905]"
2547,0,49.10%,86.22%,1.3219,"[0.2514398694038391, 0.7485601902008057]"
2548,0,49.08%,86.23%,0.0326,"[0.9677505493164062, 0.032249413430690765]"
2549,0,49.06%,86.24%,0.0353,"[0.964557945728302, 0.03544200211763382]"
2550,0,49.04%,86.20%,1.8238,"[0.18882261216640472, 0.8111774325370789]"
2551,0,49.02%,86.21%,0.0352,"[0.9650607109069824, 0.03493928536772728]"
2552,0,49.00%,86.21%,0.0324,"[0.9681210517883301, 0.03187892213463783]"
2553,0,48.98%,86.22%,0.0343,"[0.9663262963294983, 0.033673711121082306]"
2554,0,48.96%,86.22%,0.033,"[0.9676306843757629, 0.03236936777830124]"
2555,0,48.94%,86.23%,0.0328,"[0.9677992463111877, 0.03220076486468315]"
2556,1,48.96%,86.23%,0.1284,"[0.10712912678718567, 0.8928709030151367]"
2557,1,48.98%,86.24%,0.1833,"[0.15404294431209564, 0.8459570407867432]"
2558,1,49.00%,86.24%,0.2104,"[0.19768323004245758, 0.8023167848587036]"
2559,0,48.98%,86.25%,0.0321,"[0.9683276414871216, 0.03167235106229782]"
2560,1,49.00%,86.26%,0.1242,"[0.10853837430477142, 0.8914616703987122]"
2561,0,48.99%,86.26%,0.0323,"[0.9682195782661438, 0.03178047016263008]"
2562,0,48.97%,86.27%,0.032,"[0.9684503078460693, 0.03154970705509186]"
2563,0,48.95%,86.23%,1.1175,"[0.35871896147727966, 0.6412810683250427]"
2564,1,48.97%,86.24%,0.1486,"[0.12113289535045624, 0.8788670897483826]"
2565,0,48.95%,86.24%,0.0325,"[0.9679861068725586, 0.032013945281505585]"
2566,1,48.97%,86.25%,0.1341,"[0.11392074823379517, 0.8860792517662048]"
2567,1,48.99%,86.25%,0.1939,"[0.17459630966186523, 0.8254037499427795]"
2568,1,49.01%,86.26%,0.1287,"[0.13140098750591278, 0.868598997592926]"
2569,1,49.03%,86.26%,0.1913,"[0.15559767186641693, 0.8444023728370667]"
2570,0,49.01%,86.27%,0.0328,"[0.9677088260650635, 0.03229118511080742]"
2571,1,49.03%,86.28%,0.1165,"[0.11960376799106598, 0.8803962469100952]"
2572,0,49.01%,86.28%,0.0325,"[0.967768669128418, 0.03223135694861412]"
2573,0,48.99%,86.29%,0.0316,"[0.9688596725463867, 0.031140265986323357]"
2574,1,49.01%,86.29%,0.1215,"[0.11594027280807495, 0.8840597867965698]"
2575,1,49.03%,86.30%,0.1092,"[0.10565955936908722, 0.8943403959274292]"
2576,1,49.05%,86.30%,0.1538,"[0.15119518339633942, 0.8488048315048218]"
2577,1,49.07%,86.31%,0.5041,"[0.37184053659439087, 0.6281595230102539]"
2578,1,49.09%,86.31%,0.1251,"[0.1148887500166893, 0.8851112127304077]"
2579,1,49.11%,86.32%,0.1471,"[0.11815545707941055, 0.8818445205688477]"
2580,1,49.13%,86.28%,0.3564,"[0.5300431847572327, 0.46995672583580017]"
2581,1,49.15%,86.29%,0.1728,"[0.14183931052684784, 0.858160674571991]"
2582,1,49.17%,86.30%,0.1891,"[0.1365450769662857, 0.8634549379348755]"
2583,1,49.19%,86.30%,0.117,"[0.10728934407234192, 0.8927106261253357]"
2584,1,49.21%,86.31%,0.1489,"[0.11830402910709381, 0.8816959857940674]"
2585,0,49.19%,86.27%,1.3371,"[0.2612822353839874, 0.7387177348136902]"
2586,0,49.17%,86.28%,0.0324,"[0.9681507349014282, 0.031849220395088196]"
2587,0,49.15%,86.28%,0.0311,"[0.9693436622619629, 0.03065638430416584]"
2588,0,49.13%,86.29%,0.0311,"[0.9694334864616394, 0.030566437169909477]"
2589,1,49.15%,86.29%,0.106,"[0.09811699390411377, 0.9018830060958862]"
2590,0,49.13%,86.30%,0.0391,"[0.9617594480514526, 0.03824054077267647]"
2591,0,49.11%,86.30%,0.0335,"[0.9669802784919739, 0.0330197699368]"
2592,1,49.13%,86.31%,0.1499,"[0.14412109553813934, 0.8558789491653442]"
2593,0,49.11%,86.31%,0.0332,"[0.9681367874145508, 0.03186316415667534]"
2594,1,49.13%,86.32%,0.1136,"[0.10720232874155045, 0.8927976489067078]"
2595,1,49.15%,86.33%,0.1087,"[0.10562383383512497, 0.8943761587142944]"
2596,0,49.13%,86.29%,1.8837,"[0.17030662298202515, 0.8296933770179749]"
2597,0,49.11%,86.26%,2.133,"[0.11641079932451248, 0.8835892081260681]"
2598,0,49.10%,86.23%,0.3961,"[0.36574792861938477, 0.6342520713806152]"
2599,0,49.08%,86.23%,0.031,"[0.9695690870285034, 0.03043089434504509]"
2600,1,49.10%,86.24%,0.1198,"[0.11113861203193665, 0.888861358165741]"
2601,1,49.12%,86.24%,0.1338,"[0.12143989652395248, 0.8785601258277893]"
2602,0,49.10%,86.25%,0.0314,"[0.9694244265556335, 0.030575519427657127]"
2603,1,49.12%,86.25%,0.1555,"[0.16162213683128357, 0.8383778929710388]"
2604,0,49.10%,86.22%,2.0866,"[0.12887854874134064, 0.8711214661598206]"
2605,0,49.08%,86.22%,0.7878,"[0.542418360710144, 0.4575817286968231]"
2606,0,49.06%,86.19%,1.3108,"[0.40898776054382324, 0.591012179851532]"
2607,1,49.08%,86.20%,0.1505,"[0.13083843886852264, 0.8691614866256714]"
2608,1,49.10%,86.20%,0.1457,"[0.14314386248588562, 0.8568561673164368]"
2609,1,49.12%,86.21%,0.146,"[0.13850907981395721, 0.8614909648895264]"
2610,0,49.10%,86.21%,0.0316,"[0.9690003395080566, 0.03099961206316948]"
2611,1,49.12%,86.22%,0.1389,"[0.13789938390254974, 0.8621006011962891]"
2612,1,49.14%,86.22%,0.1333,"[0.12194132059812546, 0.878058671951294]"
2613,0,49.12%,86.23%,0.0313,"[0.9691793918609619, 0.030820636078715324]"
2614,0,49.10%,86.23%,0.0308,"[0.9696447253227234, 0.030355310067534447]"
2615,1,49.12%,86.20%,0.2942,"[0.8088759183883667, 0.1911240965127945]"
2616,0,49.10%,86.21%,0.0307,"[0.9697415828704834, 0.030258463695645332]"
2617,1,49.12%,86.21%,0.1154,"[0.11103013902902603, 0.888969898223877]"
2618,1,49.14%,86.22%,0.1161,"[0.11923381686210632, 0.8807661533355713]"
2619,1,49.16%,86.18%,0.8849,"[0.5145149230957031, 0.4854850471019745]"
2620,0,49.14%,86.19%,0.0322,"[0.9690107703208923, 0.030989261344075203]"
2621,1,49.16%,86.19%,0.1222,"[0.10379683971405029, 0.8962032198905945]"
2622,0,49.14%,86.20%,0.0307,"[0.9698174595832825, 0.0301824938505888]"
2623,1,49.16%,86.20%,0.2224,"[0.19881904125213623, 0.8011809587478638]"
2624,1,49.18%,86.21%,0.1261,"[0.12897521257400513, 0.8710247874259949]"
2625,1,49.20%,86.21%,0.1756,"[0.17102085053920746, 0.8289791345596313]"
2626,1,49.22%,86.22%,0.1851,"[0.19740912318229675, 0.8025908470153809]"
2627,1,49.24%,86.23%,0.1757,"[0.20320619642734528, 0.7967937588691711]"
2628,1,49.26%,86.23%,0.1756,"[0.1304856538772583, 0.8695142865180969]"
2629,1,49.28%,86.24%,0.1152,"[0.1153540313243866, 0.8846459984779358]"
2630,0,49.26%,86.24%,0.0307,"[0.969899594783783, 0.03010043501853943]"
2631,0,49.24%,86.25%,0.0303,"[0.9701380133628845, 0.029862012714147568]"
2632,0,49.22%,86.21%,1.707,"[0.18770313262939453, 0.8122969269752502]"
2633,0,49.20%,86.22%,0.0365,"[0.9638090133666992, 0.03619098663330078]"
2634,0,49.18%,86.22%,0.0309,"[0.9697806239128113, 0.030219437554478645]"
2635,0,49.17%,86.19%,2.1784,"[0.15305516123771667, 0.8469448089599609]"
2636,0,49.15%,86.20%,0.0305,"[0.9699601531028748, 0.030039925128221512]"
2637,0,49.13%,86.16%,0.6757,"[0.2244783341884613, 0.7755216956138611]"
2638,1,49.15%,86.17%,0.1409,"[0.14537592232227325, 0.8546240925788879]"
2639,1,49.17%,86.17%,0.1179,"[0.1031506285071373, 0.8968493938446045]"
2640,1,49.19%,86.18%,0.1188,"[0.13272446393966675, 0.8672755360603333]"
2641,0,49.17%,86.18%,0.0317,"[0.9689339995384216, 0.031065985560417175]"
2642,1,49.19%,86.19%,0.2651,"[0.24020585417747498, 0.7597941756248474]"
2643,0,49.17%,86.20%,0.032,"[0.9675166010856628, 0.03248334303498268]"
2644,1,49.19%,86.20%,0.1088,"[0.1140500083565712, 0.8859500288963318]"
2645,1,49.21%,86.21%,0.145,"[0.1610909402370453, 0.8389091491699219]"
2646,0,49.19%,86.21%,0.0302,"[0.9701567888259888, 0.029843250289559364]"
2647,1,49.21%,86.22%,0.1531,"[0.14933456480503082, 0.8506655097007751]"
2648,1,49.23%,86.22%,0.1566,"[0.1189790889620781, 0.8810209035873413]"
2649,0,49.21%,86.23%,0.0301,"[0.9702340960502625, 0.029765883460640907]"
2650,1,49.23%,86.23%,0.1082,"[0.11052355915307999, 0.889476478099823]"
2651,1,49.25%,86.24%,0.1074,"[0.10960865020751953, 0.8903912901878357]"
2652,1,49.26%,86.24%,0.1148,"[0.11190055310726166, 0.8880994319915771]"
2653,1,49.28%,86.25%,0.1286,"[0.1080697625875473, 0.8919302225112915]"
2654,1,49.30%,86.25%,0.22,"[0.15801098942756653, 0.8419890403747559]"
2655,0,49.28%,86.22%,1.6804,"[0.19295014441013336, 0.8070498108863831]"
2656,1,49.30%,86.23%,0.1517,"[0.1646767407655716, 0.8353232741355896]"
2657,0,49.29%,86.23%,0.0298,"[0.9706328511238098, 0.029367147013545036]"
2658,1,49.30%,86.24%,0.1078,"[0.10216648131608963, 0.8978335857391357]"
2659,1,49.32%,86.24%,0.1086,"[0.10364669561386108, 0.8963533639907837]"
2660,0,49.30%,86.25%,0.0301,"[0.9700602889060974, 0.029939688742160797]"
2661,1,49.32%,86.25%,0.117,"[0.1117653101682663, 0.8882346749305725]"
2662,0,49.31%,86.26%,0.0324,"[0.9688328504562378, 0.031167147681117058]"
2663,0,49.29%,86.26%,0.0298,"[0.9707485437393188, 0.02925148420035839]"
2664,1,49.31%,86.27%,0.1268,"[0.14437712728977203, 0.8556228876113892]"
2665,1,49.32%,86.27%,0.11,"[0.11313451081514359, 0.886865496635437]"
2666,0,49.31%,86.28%,0.0301,"[0.9702247977256775, 0.029775258153676987]"
2667,1,49.33%,86.28%,0.1065,"[0.09727795422077179, 0.9027220606803894]"
2668,0,49.31%,86.29%,0.0373,"[0.9690143465995789, 0.030985692515969276]"
2669,1,49.33%,86.29%,0.1061,"[0.09646160900592804, 0.9035384058952332]"
2670,1,49.34%,86.30%,0.1045,"[0.10307962447404861, 0.8969203233718872]"
2671,0,49.33%,86.26%,2.1987,"[0.1053648293018341, 0.8946351408958435]"
2672,0,49.31%,86.27%,0.0295,"[0.9708884358406067, 0.029111571609973907]"
2673,0,49.29%,86.24%,2.0379,"[0.11740684509277344, 0.8825930953025818]"
2674,1,49.31%,86.24%,0.1329,"[0.12320255488157272, 0.8767974376678467]"
2675,1,49.33%,86.25%,0.1298,"[0.1414787769317627, 0.8585211634635925]"
2676,0,49.31%,86.25%,0.0313,"[0.9690085053443909, 0.030991433188319206]"
2677,1,49.33%,86.26%,0.1391,"[0.13191229104995728, 0.8680877685546875]"
2678,0,49.31%,86.23%,2.0778,"[0.10731016844511032, 0.8926898241043091]"
2679,0,49.29%,86.23%,0.0331,"[0.9694114327430725, 0.03058856911957264]"
2680,0,49.27%,86.24%,0.0323,"[0.9691171050071716, 0.03088291734457016]"
2681,1,49.29%,86.24%,0.2567,"[0.1221189871430397, 0.8778810501098633]"
2682,0,49.27%,86.21%,1.9549,"[0.1370972990989685, 0.8629027605056763]"
2683,0,49.25%,86.21%,0.0298,"[0.970781683921814, 0.029218357056379318]"
2684,1,49.27%,86.22%,0.1897,"[0.18290598690509796, 0.8170939683914185]"
2685,0,49.26%,86.22%,0.0381,"[0.9654670357704163, 0.03453295677900314]"
2686,0,49.24%,86.23%,0.033,"[0.9684494137763977, 0.031550657004117966]"
2687,1,49.26%,86.24%,0.2008,"[0.19825105369091034, 0.8017489910125732]"
2688,0,49.24%,86.24%,0.0326,"[0.9695731401443481, 0.030426878482103348]"
2689,1,49.26%,86.25%,0.1816,"[0.18322034180164337, 0.8167796730995178]"
2690,1,49.28%,86.25%,0.1661,"[0.1545971781015396, 0.8454028367996216]"
2691,0,49.26%,86.26%,0.0297,"[0.9706335067749023, 0.029366489499807358]"
2692,0,49.24%,86.22%,1.8844,"[0.15065576136112213, 0.8493442535400391]"
2693,1,49.26%,86.23%,0.2247,"[0.14115987718105316, 0.8588401079177856]"
2694,1,49.28%,86.23%,0.2385,"[0.1631680130958557, 0.8368319869041443]"
2695,0,49.26%,86.24%,0.0479,"[0.9605218172073364, 0.039478179067373276]"
2696,0,49.24%,86.24%,0.0304,"[0.9701142311096191, 0.02988571673631668]"
2697,1,49.26%,86.25%,0.1504,"[0.13045728206634521, 0.8695427179336548]"
2698,0,49.24%,86.25%,0.03,"[0.9703364372253418, 0.02966359257698059]"
2699,0,49.22%,86.26%,0.0303,"[0.9701986312866211, 0.029801378026604652]"
2700,1,49.24%,86.26%,0.15,"[0.13452914357185364, 0.865470826625824]"
2701,1,49.26%,86.27%,0.1621,"[0.15227198600769043, 0.8477280139923096]"
2702,1,49.28%,86.27%,0.2164,"[0.17470966279506683, 0.8252903819084167]"
2703,0,49.26%,86.28%,0.0298,"[0.9707165360450745, 0.029283473268151283]"
2704,0,49.24%,86.28%,0.0308,"[0.9697466492652893, 0.030253320932388306]"
2705,0,49.22%,86.29%,0.0321,"[0.9684305191040039, 0.03156950697302818]"
2706,0,49.21%,86.26%,1.6861,"[0.18969756364822388, 0.8103024363517761]"
2707,0,49.19%,86.26%,0.0365,"[0.967457115650177, 0.03254284709692001]"
2708,1,49.21%,86.27%,0.4317,"[0.21802176535129547, 0.7819783091545105]"
2709,0,49.19%,86.27%,0.0321,"[0.9687974452972412, 0.03120248205959797]"
2710,1,49.21%,86.28%,0.1535,"[0.1344478726387024, 0.8655520677566528]"
2711,0,49.19%,86.25%,1.5198,"[0.20921514928340912, 0.7907848954200745]"
2712,1,49.21%,86.25%,0.1667,"[0.1736450493335724, 0.8263549208641052]"
2713,1,49.23%,86.26%,0.1477,"[0.1449987292289734, 0.8550012707710266]"
2714,0,49.21%,86.26%,0.0334,"[0.9671161770820618, 0.03288378193974495]"
2715,1,49.23%,86.27%,0.1461,"[0.22605183720588684, 0.7739481329917908]"
2716,1,49.25%,86.27%,0.1975,"[0.1920042634010315, 0.8079956769943237]"
2717,0,49.23%,86.28%,0.0299,"[0.9704182744026184, 0.02958167903125286]"
2718,1,49.25%,86.28%,0.1926,"[0.14963774383068085, 0.8503623008728027]"
2719,0,49.23%,86.29%,0.0298,"[0.9705215692520142, 0.02947845309972763]"
2720,1,49.25%,86.29%,0.203,"[0.17409062385559082, 0.8259093761444092]"
2721,0,49.23%,86.26%,1.6789,"[0.2510022521018982, 0.748997688293457]"
2722,0,49.21%,86.23%,1.4005,"[0.19639119505882263, 0.8036088347434998]"
2723,1,49.23%,86.23%,0.1704,"[0.15557542443275452, 0.8444245457649231]"
2724,0,49.21%,86.24%,0.0295,"[0.9709149599075317, 0.029085103422403336]"
2725,1,49.23%,86.24%,0.1994,"[0.17926359176635742, 0.8207364082336426]"
2726,0,49.21%,86.21%,1.6244,"[0.20198577642440796, 0.7980142831802368]"
2727,1,49.23%,86.22%,0.216,"[0.1815142184495926, 0.8184857368469238]"
2728,1,49.25%,86.22%,0.1751,"[0.16296900808811188, 0.8370309472084045]"
2729,1,49.27%,86.23%,0.2111,"[0.23458625376224518, 0.765413761138916]"
2730,1,49.29%,86.23%,0.177,"[0.15076568722724915, 0.8492342829704285]"
2731,0,49.27%,86.24%,0.0295,"[0.9709563851356506, 0.02904360182583332]"
2732,1,49.29%,86.24%,0.1865,"[0.1650496870279312, 0.83495032787323]"
2733,1,49.31%,86.25%,0.1765,"[0.17379963397979736, 0.8262003660202026]"
2734,1,49.32%,86.25%,0.2049,"[0.19544366002082825, 0.8045563697814941]"
2735,0,49.31%,86.26%,0.0296,"[0.9708153605461121, 0.02918464131653309]"
2736,1,49.32%,86.26%,0.204,"[0.17995096743106842, 0.8200490474700928]"
2737,0,49.31%,86.27%,0.0293,"[0.9711766242980957, 0.028823377564549446]"
2738,1,49.32%,86.27%,0.2455,"[0.20887942612171173, 0.7911205291748047]"
2739,0,49.31%,86.24%,1.571,"[0.20406533777713776, 0.7959346175193787]"
2740,0,49.29%,86.25%,0.0297,"[0.9706893563270569, 0.02931063063442707]"
2741,0,49.27%,86.25%,0.0291,"[0.9712650179862976, 0.028734978288412094]"
2742,0,49.25%,86.26%,0.0311,"[0.9696597456932068, 0.0303402841091156]"
2743,1,49.27%,86.26%,0.1698,"[0.16563844680786133, 0.8343616127967834]"
2744,0,49.25%,86.23%,1.2634,"[0.31712180376052856, 0.6828781962394714]"
2745,0,49.24%,86.20%,1.7497,"[0.1572122573852539, 0.8427877426147461]"
2746,0,49.22%,86.20%,0.0294,"[0.9710525274276733, 0.028947534039616585]"
2747,0,49.20%,86.17%,1.2829,"[0.28357183933258057, 0.7164281606674194]"
2748,1,49.22%,86.18%,0.1703,"[0.14970186352729797, 0.8502981662750244]"
2749,0,49.20%,86.18%,0.0292,"[0.9711382985115051, 0.028861766681075096]"
2750,1,49.22%,86.19%,0.1719,"[0.156354159116745, 0.8436458706855774]"
2751,0,49.20%,86.19%,0.0291,"[0.9712552428245544, 0.028744729235768318]"
2752,0,49.18%,86.20%,0.0294,"[0.9709978699684143, 0.029002100229263306]"
2753,1,49.20%,86.20%,0.2107,"[0.19278109073638916, 0.8072188496589661]"
2754,0,49.18%,86.21%,0.0291,"[0.9713360667228699, 0.028663966804742813]"
2755,0,49.17%,86.21%,0.0291,"[0.9713401198387146, 0.028659917414188385]"
2756,0,49.15%,86.22%,0.029,"[0.971427321434021, 0.028572658076882362]"
2757,0,49.13%,86.22%,0.0297,"[0.9706255197525024, 0.029374459758400917]"
2758,0,49.11%,86.19%,0.9991,"[0.3622243404388428, 0.6377755999565125]"
2759,1,49.13%,86.20%,0.243,"[0.2245383858680725, 0.7754616141319275]"
2760,1,49.15%,86.20%,0.4706,"[0.3979516327381134, 0.602048397064209]"
2761,1,49.17%,86.21%,0.3918,"[0.3297034204006195, 0.6702965497970581]"
2762,1,49.19%,86.21%,0.566,"[0.4095975160598755, 0.5904024839401245]"
2763,0,49.17%,86.22%,0.0291,"[0.9713907241821289, 0.028609290719032288]"
2764,1,49.19%,86.22%,0.2185,"[0.20853567123413086, 0.7914642691612244]"
2765,1,49.20%,86.23%,0.7641,"[0.482802152633667, 0.517197847366333]"
2766,0,49.19%,86.23%,0.1136,"[0.8877341151237488, 0.1122659370303154]"
2767,1,49.21%,86.24%,0.2216,"[0.18892920017242432, 0.8110708594322205]"
2768,1,49.22%,86.24%,0.3527,"[0.2859156131744385, 0.7140843868255615]"
2769,1,49.24%,86.25%,0.315,"[0.1655845046043396, 0.8344155550003052]"
2770,1,49.26%,86.25%,0.1464,"[0.21916428208351135, 0.780835747718811]"
2771,1,49.28%,86.26%,0.2291,"[0.14850130677223206, 0.8514986634254456]"
2772,1,49.30%,86.26%,0.1632,"[0.13312238454818726, 0.8668776154518127]"
2773,0,49.28%,86.27%,0.0299,"[0.9704918265342712, 0.029508179053664207]"
2774,1,49.30%,86.27%,0.149,"[0.1493329554796219, 0.8506670594215393]"
2775,1,49.32%,86.28%,0.144,"[0.13181047141551971, 0.8681895732879639]"
2776,1,49.33%,86.28%,0.1388,"[0.15412341058254242, 0.8458765745162964]"
2777,0,49.32%,86.29%,0.0287,"[0.9717314839363098, 0.028268467634916306]"
2778,0,49.30%,86.29%,0.0298,"[0.9709160923957825, 0.029083916917443275]"
2779,0,49.28%,86.26%,2.1118,"[0.1319441944360733, 0.8680557608604431]"
2780,0,49.26%,86.26%,0.0316,"[0.9676414728164673, 0.032358527183532715]"
2781,1,49.28%,86.27%,0.1198,"[0.1216234564781189, 0.8783764839172363]"
2782,1,49.30%,86.27%,0.1378,"[0.12908251583576202, 0.8709174394607544]"
2783,1,49.32%,86.28%,0.1438,"[0.14267705380916595, 0.8573229312896729]"
2784,1,49.34%,86.28%,0.1856,"[0.13715501129627228, 0.8628449440002441]"
2785,0,49.32%,86.29%,0.0305,"[0.9701500535011292, 0.029849939048290253]"
2786,0,49.30%,86.26%,2.0236,"[0.15673276782035828, 0.8432672023773193]"
2787,1,49.32%,86.26%,0.1215,"[0.10763389617204666, 0.8923661112785339]"
2788,1,49.34%,86.27%,0.1182,"[0.12087838351726532, 0.8791216015815735]"
2789,1,49.35%,86.27%,0.1283,"[0.12460006773471832, 0.8753998875617981]"
2790,1,49.37%,86.28%,0.1212,"[0.11065790057182312, 0.8893420696258545]"
2791,0,49.36%,86.28%,0.0297,"[0.9706084728240967, 0.029391542077064514]"
2792,0,49.34%,86.25%,2.1522,"[0.11693670600652695, 0.8830633163452148]"
2793,0,49.32%,86.22%,0.0474,"[0.4329577088356018, 0.5670422911643982]"
2794,0,49.30%,86.23%,0.03,"[0.9710102677345276, 0.028989797458052635]"
2795,0,49.28%,86.23%,0.0293,"[0.9706656336784363, 0.029334403574466705]"
2796,1,49.30%,86.24%,0.1443,"[0.14216607809066772, 0.8578339219093323]"
2797,0,49.29%,86.24%,0.0365,"[0.9684281349182129, 0.031571827828884125]"
2798,0,49.27%,86.25%,0.0298,"[0.9706717133522034, 0.029328271746635437]"
2799,1,49.29%,86.25%,0.12,"[0.11270710080862045, 0.8872928619384766]"
2800,1,49.30%,86.25%,0.1272,"[0.11106101423501968, 0.8889390230178833]"
2801,1,49.32%,86.26%,0.1574,"[0.13072696328163147, 0.8692730069160461]"
2802,1,49.34%,86.26%,0.1266,"[0.11100523918867111, 0.8889947533607483]"
2803,0,49.32%,86.23%,0.8109,"[0.4561691880226135, 0.5438308119773865]"
2804,1,49.34%,86.24%,0.1885,"[0.14091439545154572, 0.8590855598449707]"
2805,0,49.32%,86.24%,0.034,"[0.969014585018158, 0.030985422432422638]"
2806,1,49.34%,86.25%,0.1619,"[0.127994105219841, 0.8720059394836426]"
2807,1,49.36%,86.25%,0.1177,"[0.11118117719888687, 0.8888188004493713]"
2808,1,49.38%,86.26%,0.1501,"[0.14299823343753815, 0.8570017218589783]"
2809,0,49.36%,86.26%,0.0304,"[0.9700840711593628, 0.029915906488895416]"
2810,1,49.38%,86.27%,0.1581,"[0.14462406933307648, 0.8553759455680847]"
2811,0,49.36%,86.27%,0.0293,"[0.9706620573997498, 0.029337910935282707]"
2812,1,49.38%,86.28%,0.1381,"[0.10954134166240692, 0.8904587030410767]"
2813,1,49.40%,86.28%,0.1263,"[0.11789625883102417, 0.8821037411689758]"
2814,0,49.38%,86.29%,0.0292,"[0.9712958335876465, 0.0287042073905468]"
2815,1,49.40%,86.29%,0.1131,"[0.10936339944601059, 0.8906366229057312]"
2816,1,49.41%,86.30%,0.1343,"[0.14612238109111786, 0.853877604007721]"
2817,0,49.40%,86.30%,0.0285,"[0.9720380902290344, 0.02796196937561035]"
2818,0,49.38%,86.31%,0.0663,"[0.9239242672920227, 0.07607574760913849]"
2819,0,49.36%,86.31%,0.0283,"[0.9722806215286255, 0.027719352394342422]"
2820,1,49.38%,86.32%,0.107,"[0.10133499652147293, 0.8986649513244629]"
2821,0,49.36%,86.32%,0.0467,"[0.8988726139068604, 0.10112741589546204]"
2822,1,49.38%,86.33%,0.1114,"[0.10030962526798248, 0.8996903896331787]"
2823,1,49.40%,86.33%,0.1094,"[0.10138608515262604, 0.8986139297485352]"
2824,1,49.42%,86.34%,0.1155,"[0.09811564534902573, 0.9018843770027161]"
2825,1,49.43%,86.34%,0.1339,"[0.1221022829413414, 0.8778977394104004]"
2826,1,49.45%,86.35%,0.1368,"[0.13268983364105225, 0.867310106754303]"
2827,0,49.43%,86.35%,0.0287,"[0.9717447757720947, 0.028255216777324677]"
2828,1,49.45%,86.36%,0.1405,"[0.13010205328464508, 0.8698979616165161]"
2829,1,49.47%,86.36%,0.1167,"[0.12088815867900848, 0.8791118264198303]"
2830,1,49.49%,86.37%,0.1469,"[0.13665898144245148, 0.8633410334587097]"
2831,0,49.47%,86.33%,0.9645,"[0.45277586579322815, 0.5472241640090942]"
2832,1,49.49%,86.34%,0.1232,"[0.10978799313306808, 0.8902119398117065]"
2833,0,49.47%,86.31%,2.1536,"[0.11094533652067184, 0.8890547156333923]"
2834,0,49.45%,86.28%,1.4375,"[0.2828681468963623, 0.7171318531036377]"
2835,1,49.47%,86.28%,0.1141,"[0.11032983660697937, 0.8896701335906982]"
2836,0,49.45%,86.29%,0.0296,"[0.9712454676628113, 0.02875451371073723]"
2837,0,49.44%,86.29%,0.0274,"[0.9729883074760437, 0.027011707425117493]"
2838,1,49.45%,86.30%,0.1014,"[0.09746234863996506, 0.9025376439094543]"
2839,0,49.44%,86.30%,0.0281,"[0.9725947976112366, 0.02740517258644104]"
2840,1,49.45%,86.31%,0.1229,"[0.11390313506126404, 0.8860968351364136]"
2841,1,49.47%,86.31%,0.1099,"[0.1035907045006752, 0.896409273147583]"
2842,1,49.49%,86.32%,0.1236,"[0.11842167377471924, 0.881578266620636]"
2843,1,49.51%,86.32%,0.1785,"[0.14346358180046082, 0.8565364480018616]"
2844,0,49.49%,86.33%,0.0273,"[0.9730682373046875, 0.026931753382086754]"
2845,0,49.47%,86.30%,2.1566,"[0.11476768553256989, 0.8852322697639465]"
2846,1,49.49%,86.30%,0.1157,"[0.10886411368846893, 0.8911359310150146]"
2847,0,49.47%,86.31%,0.0273,"[0.9731130599975586, 0.02688697911798954]"
2848,0,49.46%,86.31%,0.0274,"[0.9729827642440796, 0.027017265558242798]"
2849,0,49.44%,86.32%,0.0276,"[0.9727133512496948, 0.02728666365146637]"
2850,0,49.42%,86.32%,0.0274,"[0.9729515314102173, 0.027048438787460327]"
2851,0,49.40%,86.33%,0.0272,"[0.9731643795967102, 0.02683565765619278]"
2852,1,49.42%,86.33%,0.1662,"[0.142074316740036, 0.8579257130622864]"
2853,1,49.44%,86.33%,0.106,"[0.09882636368274689, 0.9011736512184143]"
2854,0,49.42%,86.34%,0.0284,"[0.972216784954071, 0.027783256024122238]"
2855,0,49.40%,86.34%,0.0278,"[0.9726701378822327, 0.027329813688993454]"
2856,0,49.39%,86.35%,0.0273,"[0.9730728268623352, 0.026927193626761436]"
2857,0,49.37%,86.35%,0.0277,"[0.9726724028587341, 0.02732759900391102]"
2858,0,49.35%,86.36%,0.0277,"[0.9726740121841431, 0.027326015755534172]"
2859,0,49.34%,86.36%,0.0274,"[0.9730290770530701, 0.026970991864800453]"
2860,1,49.35%,86.37%,0.132,"[0.11376454681158066, 0.8862354159355164]"
2861,1,49.37%,86.37%,0.1788,"[0.13408207893371582, 0.865917980670929]"
2862,1,49.39%,86.38%,0.1758,"[0.15928053855895996, 0.84071946144104]"
2863,0,49.37%,86.38%,0.0271,"[0.9732248187065125, 0.02677515707910061]"
2864,1,49.39%,86.39%,0.1373,"[0.1256573498249054, 0.874342679977417]"
2865,1,49.41%,86.39%,0.1114,"[0.10250788182020187, 0.8974920511245728]"
2866,1,49.42%,86.40%,0.1246,"[0.12255167961120605, 0.877448320388794]"
2867,0,49.41%,86.40%,0.0288,"[0.9716525673866272, 0.028347454965114594]"
2868,0,49.39%,86.37%,2.1023,"[0.11931032687425613, 0.8806896805763245]"
2869,0,49.37%,86.38%,0.0274,"[0.9730460047721863, 0.02695396915078163]"
2870,0,49.36%,86.38%,0.0274,"[0.9730686545372009, 0.02693130262196064]"
2871,1,49.37%,86.39%,0.1011,"[0.09580802172422409, 0.9041919112205505]"
2872,1,49.39%,86.39%,0.1156,"[0.10695551335811615, 0.8930444717407227]"
2873,1,49.41%,86.40%,0.1075,"[0.1035575196146965, 0.8964424133300781]"
2874,1,49.43%,86.40%,0.1045,"[0.09682802855968475, 0.903171956539154]"
2875,0,49.41%,86.40%,0.0268,"[0.9735236763954163, 0.02647639811038971]"
2876,1,49.43%,86.41%,0.1161,"[0.1085263341665268, 0.8914737105369568]"
2877,0,49.41%,86.41%,0.0274,"[0.9726040959358215, 0.027395961806178093]"
2878,1,49.43%,86.42%,0.1111,"[0.10038836300373077, 0.8996116518974304]"
2879,0,49.41%,86.42%,0.0269,"[0.9734292030334473, 0.02657080627977848]"
2880,0,49.39%,86.43%,0.0271,"[0.9730389714241028, 0.02696104906499386]"
2881,0,49.38%,86.43%,0.0274,"[0.972716748714447, 0.027283310890197754]"
2882,1,49.39%,86.44%,0.1039,"[0.09980494529008865, 0.9001950621604919]"
2883,0,49.38%,86.41%,1.0696,"[0.3830043077468872, 0.6169956922531128]"
2884,0,49.36%,86.41%,0.0292,"[0.9716923236846924, 0.028307680040597916]"
2885,0,49.34%,86.42%,0.0269,"[0.9734264016151428, 0.02657356671988964]"
2886,1,49.36%,86.42%,0.1503,"[0.18238921463489532, 0.8176107406616211]"
2887,1,49.38%,86.43%,0.1409,"[0.13187551498413086, 0.8681244850158691]"
2888,1,49.39%,86.43%,0.1316,"[0.12445450574159622, 0.8755454421043396]"
2889,1,49.41%,86.44%,0.1158,"[0.11524755507707596, 0.8847524523735046]"
2890,1,49.43%,86.44%,0.2401,"[0.21946221590042114, 0.7805377840995789]"
2891,0,49.41%,86.45%,0.0264,"[0.973924458026886, 0.02607555314898491]"
2892,1,49.43%,86.45%,0.1052,"[0.09946750104427338, 0.9005324840545654]"
2893,1,49.45%,86.45%,0.2012,"[0.17772260308265686, 0.8222774267196655]"
2894,0,49.43%,86.42%,2.1732,"[0.12217977643013, 0.8778201937675476]"
2895,1,49.45%,86.43%,0.1114,"[0.1113099455833435, 0.8886901140213013]"
2896,1,49.46%,86.43%,0.1753,"[0.15400630235671997, 0.84599369764328]"
2897,0,49.45%,86.44%,0.0262,"[0.9741588830947876, 0.02584111876785755]"
2898,1,49.47%,86.44%,0.0997,"[0.09813817590475082, 0.9018617868423462]"
2899,0,49.45%,86.41%,1.3798,"[0.2411518096923828, 0.758848249912262]"
2900,1,49.47%,86.42%,0.1005,"[0.09454295784235, 0.905457079410553]"
2901,0,49.45%,86.42%,0.0265,"[0.9738348126411438, 0.026165228337049484]"
2902,1,49.47%,86.43%,0.1014,"[0.09763551503419876, 0.9023645520210266]"
2903,1,49.48%,86.43%,0.103,"[0.09697113186120987, 0.9030288457870483]"
2904,0,49.47%,86.40%,1.216,"[0.22239169478416443, 0.7776082754135132]"
2905,0,49.45%,86.41%,0.0262,"[0.9741266369819641, 0.025873299688100815]"
2906,0,49.43%,86.41%,0.0261,"[0.9742745161056519, 0.0257254708558321]"
2907,0,49.42%,86.42%,0.0264,"[0.9739385843276978, 0.0260614100843668]"
2908,1,49.43%,86.42%,0.0986,"[0.09564585983753204, 0.9043541550636292]"
2909,1,49.45%,86.43%,0.1435,"[0.14429965615272522, 0.8557003140449524]"
2910,0,49.43%,86.43%,0.0261,"[0.9741677045822144, 0.02583231031894684]"
2911,0,49.42%,86.44%,0.0264,"[0.9737894535064697, 0.026210598647594452]"
2912,1,49.43%,86.44%,0.1093,"[0.1041528731584549, 0.8958471417427063]"
2913,1,49.45%,86.44%,0.1225,"[0.11771980673074722, 0.882280170917511]"
2914,0,49.43%,86.45%,0.026,"[0.9743334650993347, 0.025666508823633194]"
2915,1,49.45%,86.45%,0.2256,"[0.2570900321006775, 0.7429099678993225]"
2916,1,49.47%,86.46%,0.1276,"[0.12197103351354599, 0.8780289888381958]"
2917,1,49.49%,86.46%,0.1121,"[0.10407038778066635, 0.8959296345710754]"
2918,0,49.47%,86.47%,0.026,"[0.9743850827217102, 0.025614939630031586]"
2919,0,49.45%,86.47%,0.7189,"[0.8555040955543518, 0.1444959044456482]"
2920,1,49.47%,86.48%,0.1331,"[0.12376020103693008, 0.8762397766113281]"
2921,1,49.49%,86.48%,0.1168,"[0.11191335320472717, 0.8880866169929504]"
2922,0,49.47%,86.49%,0.0268,"[0.9737055897712708, 0.026294413954019547]"
2923,1,49.49%,86.49%,0.1241,"[0.1217971220612526, 0.8782028555870056]"
2924,1,49.50%,86.50%,0.1327,"[0.1281297206878662, 0.871870219707489]"
2925,1,49.52%,86.50%,0.1277,"[0.12061183899641037, 0.8793880939483643]"
2926,1,49.54%,86.50%,0.1432,"[0.1369682252407074, 0.8630317449569702]"
2927,1,49.56%,86.51%,0.0996,"[0.09450254589319229, 0.9054974317550659]"
2928,1,49.57%,86.51%,0.16,"[0.14176958799362183, 0.8582303524017334]"
2929,0,49.56%,86.52%,0.026,"[0.9742684364318848, 0.025731615722179413]"
2930,0,49.54%,86.52%,0.0257,"[0.9746710658073425, 0.02532893419265747]"
2931,1,49.56%,86.53%,0.1652,"[0.12813641130924225, 0.871863603591919]"
2932,0,49.54%,86.53%,0.0258,"[0.974602460861206, 0.02539750747382641]"
2933,1,49.56%,86.54%,0.093,"[0.08831661194562912, 0.9116833209991455]"
2934,0,49.54%,86.54%,0.0253,"[0.9750204682350159, 0.0249796025454998]"
2935,0,49.52%,86.55%,0.0838,"[0.9426875710487366, 0.057312484830617905]"
2936,0,49.51%,86.52%,0.5373,"[0.18498744070529938, 0.8150125741958618]"
2937,0,49.49%,86.52%,0.0251,"[0.9751959443092346, 0.024804137647151947]"
2938,0,49.47%,86.53%,0.0286,"[0.9722012281417847, 0.027798771858215332]"
2939,0,49.46%,86.53%,0.0271,"[0.973522961139679, 0.026476992294192314]"
2940,0,49.44%,86.54%,0.0296,"[0.9697675704956055, 0.030232375487685204]"
2941,0,49.42%,86.54%,0.4862,"[0.6322083473205566, 0.36779168248176575]"
2942,1,49.44%,86.54%,0.1338,"[0.11061874777078629, 0.8893812298774719]"
2943,0,49.42%,86.55%,0.0252,"[0.9751395583152771, 0.024860473349690437]"
2944,1,49.44%,86.55%,0.1088,"[0.11128726601600647, 0.8887127041816711]"
2945,1,49.46%,86.56%,0.089,"[0.08490107953548431, 0.9150989055633545]"
2946,0,49.44%,86.56%,0.0249,"[0.9753726720809937, 0.0246273223310709]"
2947,0,49.42%,86.57%,0.0248,"[0.9754912257194519, 0.02450874075293541]"
2948,0,49.41%,86.57%,0.0269,"[0.9735070466995239, 0.02649298496544361]"
2949,0,49.39%,86.58%,0.2908,"[0.7928969860076904, 0.20710302889347076]"
2950,1,49.41%,86.58%,0.1042,"[0.10182377696037292, 0.8981761932373047]"
2951,0,49.39%,86.59%,0.0245,"[0.9758204221725464, 0.024179579690098763]"
2952,0,49.37%,86.59%,0.0248,"[0.9752078056335449, 0.024792127311229706]"
2953,1,49.39%,86.59%,0.1247,"[0.10569953173398972, 0.8943004608154297]"
2954,1,49.41%,86.60%,0.1322,"[0.1327538788318634, 0.8672460913658142]"
2955,1,49.42%,86.60%,0.1269,"[0.12116309255361557, 0.8788368701934814]"
2956,1,49.44%,86.61%,0.0949,"[0.09069321304559708, 0.9093068242073059]"
2957,0,49.43%,86.58%,1.8476,"[0.17827863991260529, 0.8217213153839111]"
2958,0,49.41%,86.58%,0.2901,"[0.9096727967262268, 0.0903271809220314]"
2959,0,49.39%,86.59%,0.1898,"[0.7394012808799744, 0.26059871912002563]"
2960,1,49.41%,86.59%,0.0938,"[0.08882898092269897, 0.9111710786819458]"
2961,0,49.39%,86.60%,0.024,"[0.9762557148933411, 0.023744313046336174]"
2962,1,49.41%,86.57%,0.4356,"[0.7773923873901367, 0.2226075679063797]"
2963,1,49.43%,86.57%,0.1372,"[0.12560038268566132, 0.8743996620178223]"
2964,1,49.44%,86.58%,0.0996,"[0.09309326857328415, 0.9069067239761353]"
2965,0,49.43%,86.58%,0.0241,"[0.976153552532196, 0.023846425116062164]"
2966,1,49.44%,86.59%,0.2851,"[0.1485121250152588, 0.8514878749847412]"
2967,0,49.43%,86.59%,0.0239,"[0.9763633012771606, 0.023636696860194206]"
2968,0,49.41%,86.59%,0.0239,"[0.976402997970581, 0.02359704300761223]"
2969,0,49.39%,86.57%,2.0067,"[0.14472134411334991, 0.8552786707878113]"
2970,0,49.38%,86.57%,0.1605,"[0.8439993858337402, 0.15600058436393738]"
2971,1,49.39%,86.57%,0.1025,"[0.09548106044530869, 0.9045189023017883]"
2972,1,49.41%,86.58%,0.2869,"[0.28019392490386963, 0.7198060154914856]"
2973,0,49.39%,86.58%,0.0238,"[0.9764350056648254, 0.023565005511045456]"
2974,0,49.38%,86.59%,0.0238,"[0.9764770865440369, 0.023522887378931046]"
2975,1,49.40%,86.56%,0.7749,"[0.5207259058952332, 0.47927412390708923]"
2976,0,49.38%,86.53%,1.9469,"[0.14974868297576904, 0.8502512574195862]"
2977,1,49.40%,86.53%,0.1331,"[0.11449823528528214, 0.8855018019676208]"
2978,1,49.41%,86.54%,0.1976,"[0.17391204833984375, 0.8260878920555115]"
2979,0,49.40%,86.54%,0.0238,"[0.976502537727356, 0.0234974455088377]"
2980,0,49.38%,86.55%,0.0271,"[0.9730991721153259, 0.026900798082351685]"
2981,1,49.40%,86.55%,0.2111,"[0.18824228644371033, 0.8117576837539673]"
2982,0,49.38%,86.56%,0.0238,"[0.9764745831489563, 0.023525474593043327]"
2983,1,49.40%,86.56%,0.1311,"[0.1271989494562149, 0.8728010654449463]"
2984,0,49.38%,86.53%,2.0439,"[0.12435001134872437, 0.8756499886512756]"
2985,1,49.40%,86.54%,0.1278,"[0.13687311112880707, 0.8631269335746765]"
2986,0,49.38%,86.54%,0.0487,"[0.9578717947006226, 0.04212820157408714]"
2987,0,49.36%,86.51%,2.0754,"[0.14351527392864227, 0.8564847111701965]"
2988,1,49.38%,86.52%,0.1109,"[0.11083152890205383, 0.8891684412956238]"
2989,1,49.40%,86.52%,0.2016,"[0.1788962036371231, 0.8211037516593933]"
2990,0,49.38%,86.53%,0.0242,"[0.9761333465576172, 0.023866623640060425]"
2991,1,49.40%,86.53%,0.3799,"[0.30510997772216797, 0.694890022277832]"
2992,0,49.38%,86.54%,0.1593,"[0.7817028164863586, 0.21829712390899658]"
2993,1,49.40%,86.54%,0.1313,"[0.13232363760471344, 0.867676317691803]"
2994,0,49.38%,86.54%,0.0244,"[0.9758428931236267, 0.024157123640179634]"
2995,0,49.37%,86.52%,1.734,"[0.15132224559783936, 0.8486778140068054]"
2996,0,49.35%,86.52%,0.0242,"[0.9760560989379883, 0.02394387498497963]"
2997,0,49.33%,86.49%,1.3371,"[0.23361103236675262, 0.7663888931274414]"
2998,0,49.32%,86.50%,0.0241,"[0.9762037992477417, 0.023796185851097107]"
2999,0,49.30%,86.50%,0.1673,"[0.5935910940170288, 0.4064088761806488]"
3000,1,49.32%,86.50%,0.123,"[0.12556086480617523, 0.8744391202926636]"
3001,1,49.33%,86.51%,0.1286,"[0.1304447501897812, 0.8695552349090576]"
3002,1,49.35%,86.51%,0.1705,"[0.1534508466720581, 0.8465491533279419]"
3003,1,49.37%,86.52%,0.1858,"[0.17029979825019836, 0.8297001719474792]"
3004,0,49.35%,86.52%,0.0241,"[0.9762164950370789, 0.023783477023243904]"
3005,1,49.37%,86.53%,0.1956,"[0.1596526801586151, 0.8403472900390625]"
3006,1,49.38%,86.53%,0.2494,"[0.22162850201129913, 0.7783715128898621]"
3007,1,49.40%,86.54%,0.3417,"[0.22795939445495605, 0.772040605545044]"
3008,0,49.39%,86.54%,0.0239,"[0.9763830900192261, 0.023616958409547806]"
3009,1,49.40%,86.54%,0.1833,"[0.12527835369110107, 0.8747217059135437]"
3010,0,49.39%,86.52%,1.8642,"[0.1733778566122055, 0.8266221880912781]"
3011,0,49.37%,86.52%,0.024,"[0.9762738943099976, 0.02372613549232483]"
3012,1,49.39%,86.53%,0.1078,"[0.11556896567344666, 0.884431004524231]"
3013,0,49.37%,86.53%,0.024,"[0.9762919545173645, 0.023708028718829155]"
3014,1,49.39%,86.53%,0.1247,"[0.14931902289390564, 0.8506810069084167]"
3015,1,49.40%,86.54%,0.1205,"[0.1218622550368309, 0.8781377077102661]"
3016,1,49.42%,86.54%,0.1226,"[0.12278030812740326, 0.8772196769714355]"
3017,0,49.40%,86.55%,0.0239,"[0.9764184355735779, 0.023581549525260925]"
3018,0,49.39%,86.55%,0.0242,"[0.9760441184043884, 0.023955902084708214]"
3019,0,49.37%,86.56%,0.0243,"[0.9760679602622986, 0.023932112380862236]"
3020,1,49.39%,86.56%,0.119,"[0.11969588696956635, 0.8803040981292725]"
3021,0,49.37%,86.53%,1.8148,"[0.12619012594223022, 0.8738098740577698]"
3022,1,49.39%,86.54%,0.1149,"[0.10382106155157089, 0.8961789608001709]"
3023,1,49.40%,86.54%,0.1159,"[0.10630229115486145, 0.8936977386474609]"
3024,1,49.42%,86.55%,0.1321,"[0.11765170842409134, 0.8823482990264893]"
3025,1,49.44%,86.55%,0.1459,"[0.14100058376789093, 0.8589994311332703]"
3026,1,49.45%,86.55%,0.1435,"[0.20365022122859955, 0.7963497638702393]"
3027,1,49.47%,86.56%,0.1149,"[0.11303024739027023, 0.8869697451591492]"
3028,0,49.46%,86.56%,0.0237,"[0.9765709638595581, 0.02342899702489376]"
3029,0,49.44%,86.57%,0.0237,"[0.9765724539756775, 0.02342754788696766]"
3030,1,49.46%,86.57%,0.1195,"[0.11005191504955292, 0.8899480700492859]"
3031,1,49.47%,86.58%,0.6846,"[0.22450168430805206, 0.7754983305931091]"
3032,1,49.49%,86.58%,0.1196,"[0.11012687534093857, 0.8898731470108032]"
3033,0,49.47%,86.59%,0.0238,"[0.9765195846557617, 0.02348039485514164]"
3034,0,49.46%,86.59%,0.0237,"[0.9766042828559875, 0.023395724594593048]"
3035,1,49.47%,86.59%,0.1409,"[0.14865660667419434, 0.8513433933258057]"
3036,1,49.49%,86.60%,0.18,"[0.1557234823703766, 0.844276487827301]"
3037,1,49.51%,86.60%,0.2635,"[0.2564754784107208, 0.743524432182312]"
3038,0,49.49%,86.61%,0.0239,"[0.976398229598999, 0.02360176108777523]"
3039,1,49.51%,86.61%,0.1117,"[0.11025018990039825, 0.8897498846054077]"
3040,0,49.49%,86.62%,0.0238,"[0.9764739274978638, 0.023526137694716454]"
3041,0,49.47%,86.59%,1.7802,"[0.131862610578537, 0.8681373596191406]"
3042,1,49.49%,86.59%,0.1402,"[0.1306106299161911, 0.8693894147872925]"
3043,0,49.47%,86.60%,0.0236,"[0.9766421318054199, 0.023357827216386795]"
3044,1,49.49%,86.60%,0.1548,"[0.10943868011236191, 0.8905612826347351]"
3045,0,49.47%,86.61%,0.0241,"[0.9762204885482788, 0.02377951890230179]"
3046,0,49.46%,86.61%,0.0238,"[0.9764110445976257, 0.02358890138566494]"
3047,0,49.44%,86.61%,0.0238,"[0.9763726592063904, 0.023627355694770813]"
3048,1,49.46%,86.62%,0.1362,"[0.13122965395450592, 0.8687704205513]"
3049,1,49.48%,86.62%,0.1431,"[0.14050307869911194, 0.8594968914985657]"
3050,1,49.49%,86.63%,0.1272,"[0.13623358309268951, 0.8637663722038269]"
3051,0,49.48%,86.60%,1.6848,"[0.3642691373825073, 0.6357308030128479]"
3052,1,49.49%,86.60%,0.1395,"[0.11531172692775726, 0.8846882581710815]"
3053,0,49.48%,86.57%,1.6216,"[0.13429488241672516, 0.865705132484436]"
3054,1,49.49%,86.58%,0.163,"[0.1206551045179367, 0.8793448805809021]"
3055,1,49.51%,86.58%,0.1549,"[0.15906000137329102, 0.840939998626709]"
3056,0,49.49%,86.59%,0.0237,"[0.9764057993888855, 0.023594236001372337]"
3057,1,49.51%,86.59%,0.1765,"[0.11627240478992462, 0.8837276697158813]"
3058,1,49.53%,86.60%,0.1178,"[0.11043447256088257, 0.8895655274391174]"
3059,0,49.51%,86.57%,2.2974,"[0.1475273072719574, 0.852472722530365]"
3060,0,49.49%,86.57%,0.0235,"[0.9768213629722595, 0.02317860722541809]"
3061,0,49.48%,86.58%,0.027,"[0.9736908674240112, 0.026309140026569366]"
3062,1,49.49%,86.58%,0.1037,"[0.10844523459672928, 0.8915548324584961]"
3063,0,49.48%,86.55%,1.7522,"[0.17737151682376862, 0.8226284384727478]"
3064,1,49.49%,86.56%,0.125,"[0.11287436634302139, 0.887125551700592]"
3065,0,49.48%,86.56%,0.0235,"[0.9767588376998901, 0.023241212591528893]"
3066,1,49.49%,86.57%,0.4514,"[0.3182094097137451, 0.6817905902862549]"
3067,1,49.51%,86.57%,0.1177,"[0.11143770068883896, 0.8885623812675476]"
3068,0,49.49%,86.54%,1.8911,"[0.1292819380760193, 0.8707181215286255]"
3069,1,49.51%,86.55%,0.1505,"[0.13916069269180298, 0.860839307308197]"
3070,1,49.53%,86.55%,0.2252,"[0.18758466839790344, 0.812415361404419]"
3071,0,49.51%,86.56%,0.0238,"[0.9764499068260193, 0.0235501267015934]"
3072,1,49.53%,86.56%,0.1503,"[0.1163485050201416, 0.8836514949798584]"
3073,1,49.54%,86.56%,0.1241,"[0.11581456661224365, 0.8841854929924011]"
3074,0,49.53%,86.57%,0.0239,"[0.9763879776000977, 0.023612037301063538]"
3075,1,49.54%,86.57%,0.1508,"[0.17184272408485413, 0.8281573057174683]"
3076,0,49.53%,86.58%,1.2299,"[0.7700856924057007, 0.22991427779197693]"
3077,0,49.51%,86.58%,0.0235,"[0.9767568707466125, 0.023243071511387825]"
3078,1,49.53%,86.59%,0.1175,"[0.10496506839990616, 0.8950349688529968]"
3079,0,49.51%,86.59%,0.0246,"[0.9755385518074036, 0.024461418390274048]"
3080,0,49.50%,86.60%,0.0253,"[0.9747843146324158, 0.025215616449713707]"
3081,1,49.51%,86.60%,0.1365,"[0.1340724527835846, 0.865927517414093]"
3082,1,49.53%,86.60%,0.1931,"[0.1734548658132553, 0.8265451192855835]"
3083,0,49.51%,86.61%,0.2668,"[0.8061894178390503, 0.1938105821609497]"
3084,0,49.50%,86.58%,2.054,"[0.13715329766273499, 0.8628467321395874]"
3085,1,49.51%,86.58%,0.148,"[0.13293543457984924, 0.8670645952224731]"
3086,1,49.53%,86.59%,0.1488,"[0.1368963122367859, 0.8631036281585693]"
3087,0,49.51%,86.56%,1.6643,"[0.1469612866640091, 0.8530387282371521]"
3088,1,49.53%,86.57%,0.3357,"[0.28281697630882263, 0.7171830534934998]"
3089,1,49.55%,86.57%,0.3358,"[0.2817624807357788, 0.7182375192642212]"
3090,0,49.53%,86.54%,1.7039,"[0.1695929616689682, 0.8304070830345154]"
3091,0,49.51%,86.55%,0.0237,"[0.9765032529830933, 0.023496735841035843]"
3092,0,49.50%,86.55%,0.0256,"[0.9740622043609619, 0.02593776024878025]"
3093,0,49.48%,86.55%,0.0238,"[0.9764848351478577, 0.02351522259414196]"
3094,0,49.47%,86.56%,0.0238,"[0.9764789938926697, 0.02352093532681465]"
3095,1,49.48%,86.56%,0.1325,"[0.12341242283582687, 0.8765875697135925]"
3096,1,49.50%,86.57%,0.1661,"[0.16153927147388458, 0.8384606838226318]"
3097,0,49.48%,86.57%,0.0236,"[0.9767090082168579, 0.023290935903787613]"
3098,1,49.50%,86.58%,0.1279,"[0.12337219715118408, 0.8766278624534607]"
3099,1,49.52%,86.58%,0.1441,"[0.1401996612548828, 0.859800398349762]"
3100,0,49.50%,86.55%,0.8354,"[0.4518675208091736, 0.5481324195861816]"
3101,0,49.48%,86.56%,0.0234,"[0.9768373370170593, 0.02316264994442463]"
3102,1,49.50%,86.56%,0.1714,"[0.16366977989673615, 0.836330235004425]"
3103,1,49.52%,86.57%,0.1888,"[0.1566717028617859, 0.8433282375335693]"
3104,0,49.50%,86.57%,0.0233,"[0.9769307374954224, 0.023069310933351517]"
3105,0,49.48%,86.57%,0.0235,"[0.9767837524414062, 0.023216217756271362]"
3106,0,49.47%,86.55%,1.3077,"[0.224945530295372, 0.7750544548034668]"
3107,0,49.45%,86.55%,0.024,"[0.9762511849403381, 0.02374880015850067]"
3108,1,49.47%,86.56%,0.217,"[0.15850670635700226, 0.8414933085441589]"
3109,1,49.49%,86.56%,0.3376,"[0.25477343797683716, 0.7452265620231628]"
3110,0,49.47%,86.56%,0.0235,"[0.9767365455627441, 0.023263437673449516]"
3111,1,49.49%,86.57%,0.1504,"[0.13659317791461945, 0.8634068369865417]"
3112,0,49.47%,86.57%,0.0233,"[0.976998507976532, 0.02300151064991951]"
3113,1,49.49%,86.58%,0.1647,"[0.1612894982099533, 0.8387104868888855]"
3114,0,49.47%,86.58%,0.0233,"[0.9769782423973083, 0.023021738976240158]"
3115,0,49.45%,86.59%,0.0231,"[0.9771277904510498, 0.02287224493920803]"
3116,1,49.47%,86.59%,0.1788,"[0.1587855964899063, 0.8412143588066101]"
3117,1,49.49%,86.59%,0.2537,"[0.20276691019535065, 0.7972331047058105]"
3118,0,49.47%,86.60%,0.0235,"[0.9767440557479858, 0.02325601316988468]"
3119,1,49.49%,86.60%,0.1431,"[0.11497744917869568, 0.8850225210189819]"
3120,1,49.50%,86.61%,0.1754,"[0.1410241723060608, 0.8589757680892944]"
3121,1,49.52%,86.61%,0.1361,"[0.1194620132446289, 0.8805379867553711]"
3122,0,49.50%,86.62%,0.0236,"[0.9767966866493225, 0.02320326492190361]"
3123,0,49.49%,86.62%,0.4656,"[0.9411849975585938, 0.05881494656205177]"
3124,0,49.47%,86.62%,0.0259,"[0.9751395583152771, 0.024860389530658722]"
3125,0,49.46%,86.63%,0.0234,"[0.9768711924552917, 0.023128757253289223]"
3126,0,49.44%,86.63%,0.0287,"[0.9650936126708984, 0.03490642085671425]"
3127,0,49.42%,86.64%,0.0236,"[0.9766697883605957, 0.02333018183708191]"
3128,0,49.41%,86.64%,0.0243,"[0.9759292006492615, 0.02407080866396427]"
3129,0,49.39%,86.65%,0.0237,"[0.9765461683273315, 0.02345379628241062]"
3130,1,49.41%,86.65%,0.1877,"[0.37553322315216064, 0.6244667768478394]"
3131,0,49.39%,86.65%,0.0233,"[0.97698974609375, 0.023010266944766045]"
3132,1,49.41%,86.66%,0.1245,"[0.1081610694527626, 0.8918389081954956]"
3133,1,49.43%,86.66%,0.1034,"[0.10008546710014343, 0.8999145030975342]"
3134,0,49.41%,86.67%,0.023,"[0.9772636294364929, 0.02273634262382984]"
3135,1,49.43%,86.67%,0.1329,"[0.12397730350494385, 0.8760227560997009]"
3136,0,49.41%,86.68%,0.0234,"[0.9768199324607849, 0.023180054500699043]"
3137,0,49.39%,86.68%,0.0231,"[0.9771702885627747, 0.022829774767160416]"
3138,1,49.41%,86.68%,0.109,"[0.11383062601089478, 0.8861693739891052]"
3139,0,49.39%,86.66%,2.1426,"[0.11931759864091873, 0.8806824088096619]"
3140,0,49.38%,86.66%,0.0227,"[0.9775097966194153, 0.022490132600069046]"
3141,0,49.36%,86.66%,0.023,"[0.977217972278595, 0.0227820985019207]"
3142,0,49.35%,86.64%,2.2872,"[0.10515537112951279, 0.8948445916175842]"
3143,0,49.33%,86.64%,0.0274,"[0.9734978675842285, 0.026502102613449097]"
3144,1,49.35%,86.65%,0.0986,"[0.09902135282754898, 0.900978684425354]"
3145,1,49.36%,86.65%,0.128,"[0.11225844919681549, 0.8877415060997009]"
3146,0,49.35%,86.62%,1.4537,"[0.21403005719184875, 0.7859699726104736]"
3147,0,49.33%,86.63%,0.0272,"[0.9741985201835632, 0.025801507756114006]"
3148,1,49.35%,86.63%,0.1206,"[0.11369086056947708, 0.8863092064857483]"
3149,0,49.33%,86.63%,0.0262,"[0.9742605090141296, 0.025739457458257675]"
3150,0,49.32%,86.61%,2.1222,"[0.11469370126724243, 0.8853062391281128]"
3151,1,49.33%,86.61%,0.1412,"[0.1356731355190277, 0.8643268942832947]"
3152,1,49.35%,86.62%,0.1263,"[0.11540516465902328, 0.8845948576927185]"
3153,1,49.37%,86.62%,0.1716,"[0.1996193677186966, 0.8003806471824646]"
3154,1,49.38%,86.62%,0.211,"[0.2519679069519043, 0.7480320334434509]"
3155,0,49.37%,86.63%,0.0228,"[0.9774462580680847, 0.02255372703075409]"
3156,1,49.38%,86.63%,0.1486,"[0.13590851426124573, 0.8640915155410767]"
3157,1,49.40%,86.64%,0.2107,"[0.17957951128482819, 0.8204204440116882]"
3158,1,49.41%,86.64%,0.2229,"[0.1786627173423767, 0.8213372230529785]"
3159,1,49.43%,86.65%,0.163,"[0.16660867631435394, 0.8333913087844849]"
3160,0,49.41%,86.65%,0.0228,"[0.977495014667511, 0.022504981607198715]"
3161,1,49.43%,86.65%,0.3713,"[0.3538735806941986, 0.646126389503479]"
3162,1,49.45%,86.66%,0.1551,"[0.1389528214931488, 0.8610472083091736]"
3163,1,49.46%,86.66%,0.1888,"[0.15245641767978668, 0.8475436568260193]"
3164,1,49.48%,86.67%,0.1575,"[0.14972707629203796, 0.8502728939056396]"
3165,1,49.49%,86.67%,0.12,"[0.1143663302063942, 0.8856337070465088]"
3166,1,49.51%,86.68%,0.1239,"[0.11681603640317917, 0.883184015750885]"
3167,1,49.53%,86.68%,0.1135,"[0.1082623079419136, 0.891737699508667]"
3168,1,49.54%,86.68%,0.1233,"[0.12544789910316467, 0.8745521306991577]"
3169,1,49.56%,86.69%,0.1092,"[0.11766115576028824, 0.88233882188797]"
3170,1,49.57%,86.69%,0.1343,"[0.12695670127868652, 0.8730432987213135]"
3171,0,49.56%,86.66%,1.6793,"[0.1566469818353653, 0.8433530330657959]"
3172,0,49.54%,86.67%,0.0233,"[0.9771596789360046, 0.022840317338705063]"
3173,1,49.56%,86.67%,0.1051,"[0.09950553625822067, 0.900494396686554]"
3174,0,49.54%,86.68%,0.0244,"[0.9761068820953369, 0.02389315702021122]"
3175,1,49.56%,86.68%,0.1407,"[0.13676628470420837, 0.8632336854934692]"
3176,1,49.58%,86.69%,0.1173,"[0.10226283222436905, 0.8977372050285339]"
3177,0,49.56%,86.69%,0.0303,"[0.9706403613090515, 0.02935963310301304]"
3178,1,49.58%,86.69%,0.103,"[0.09893984347581863, 0.901060163974762]"
3179,1,49.59%,86.70%,0.1032,"[0.09632518142461777, 0.9036747813224792]"
3180,0,49.58%,86.70%,0.2171,"[0.9372249841690063, 0.06277503818273544]"
3181,0,49.56%,86.68%,2.293,"[0.1012653261423111, 0.8987346887588501]"
3182,1,49.58%,86.68%,0.1043,"[0.09669559448957443, 0.9033044576644897]"
3183,0,49.56%,86.68%,0.029,"[0.9721659421920776, 0.0278340931981802]"
3184,0,49.54%,86.69%,0.0246,"[0.9751613736152649, 0.024838680401444435]"
3185,1,49.56%,86.69%,0.1238,"[0.11538417637348175, 0.8846157789230347]"
3186,0,49.55%,86.70%,0.0284,"[0.9746861457824707, 0.02531387098133564]"
3187,0,49.53%,86.70%,0.029,"[0.96360182762146, 0.03639812394976616]"
3188,0,49.51%,86.70%,0.0232,"[0.9773619771003723, 0.02263800799846649]"
3189,1,49.53%,86.71%,0.0997,"[0.09516644477844238, 0.9048335552215576]"
3190,1,49.55%,86.71%,0.1244,"[0.10852877050638199, 0.891471266746521]"
3191,0,49.53%,86.72%,0.023,"[0.9766358137130737, 0.023364169523119926]"
3192,1,49.55%,86.72%,0.1012,"[0.09638993442058563, 0.9036100506782532]"
3193,0,49.53%,86.69%,2.2057,"[0.10648263245820999, 0.8935173749923706]"
3194,0,49.51%,86.67%,1.8764,"[0.13515841960906982, 0.8648415803909302]"
3195,0,49.50%,86.67%,0.0228,"[0.9774858951568604, 0.02251407317817211]"
3196,0,49.48%,86.68%,0.0249,"[0.975713849067688, 0.024286197498440742]"
3197,0,49.47%,86.68%,0.0228,"[0.9775553941726685, 0.022444631904363632]"
3198,0,49.45%,86.68%,0.0229,"[0.9772586226463318, 0.02274145744740963]"
3199,1,49.47%,86.69%,0.1189,"[0.11493529379367828, 0.8850647211074829]"
3200,1,49.48%,86.69%,0.1065,"[0.10252007842063904, 0.8974798917770386]"
3201,1,49.50%,86.70%,0.1111,"[0.10391771793365479, 0.8960822820663452]"
3202,0,49.48%,86.67%,2.1399,"[0.13653212785720825, 0.8634679317474365]"
3203,1,49.50%,86.67%,0.1487,"[0.13850323855876923, 0.8614968061447144]"
3204,0,49.49%,86.68%,0.0225,"[0.9777516722679138, 0.022248292341828346]"
3205,0,49.47%,86.68%,0.0229,"[0.9774421453475952, 0.02255781553685665]"
3206,0,49.45%,86.69%,0.241,"[0.8056139945983887, 0.19438599050045013]"
3207,1,49.47%,86.69%,0.1435,"[0.1282082498073578, 0.8717917799949646]"
3208,1,49.49%,86.69%,0.1348,"[0.13292647898197174, 0.8670735359191895]"
3209,0,49.47%,86.70%,0.0226,"[0.9776694178581238, 0.022330624982714653]"
3210,1,49.49%,86.70%,0.1472,"[0.1381712406873703, 0.8618288040161133]"
3211,1,49.50%,86.71%,0.1352,"[0.12023703753948212, 0.8797630071640015]"
3212,0,49.49%,86.71%,0.0227,"[0.9774575233459473, 0.02254248782992363]"
3213,1,49.50%,86.71%,0.1846,"[0.13592173159122467, 0.8640782237052917]"
3214,1,49.52%,86.72%,0.1408,"[0.1450282782316208, 0.854971706867218]"
3215,0,49.50%,86.72%,0.0224,"[0.9778083562850952, 0.022191688418388367]"
3216,0,49.49%,86.70%,1.3978,"[0.18088951706886292, 0.8191105127334595]"
3217,0,49.47%,86.70%,0.5378,"[0.6864264607429504, 0.31357353925704956]"
3218,0,49.46%,86.70%,0.0224,"[0.9778642058372498, 0.02213582955300808]"
3219,0,49.44%,86.71%,0.0223,"[0.9779278039932251, 0.022072168067097664]"
3220,1,49.46%,86.71%,0.1575,"[0.14046737551689148, 0.8595326542854309]"
3221,1,49.47%,86.72%,0.1872,"[0.12867118418216705, 0.8713287711143494]"
3222,0,49.46%,86.69%,1.6827,"[0.1689263880252838, 0.8310736417770386]"
3223,0,49.44%,86.66%,1.6894,"[0.20535215735435486, 0.7946478724479675]"
3224,1,49.46%,86.67%,0.145,"[0.13433608412742615, 0.8656639456748962]"
3225,1,49.47%,86.67%,0.1601,"[0.17165017127990723, 0.828349769115448]"
3226,1,49.49%,86.67%,0.2763,"[0.2304079234600067, 0.7695921063423157]"
3227,0,49.47%,86.68%,0.0222,"[0.9780579209327698, 0.021942082792520523]"
3228,0,49.46%,86.68%,0.0224,"[0.9778498411178589, 0.02215014025568962]"
3229,1,49.47%,86.66%,2.7493,"[0.9315774440765381, 0.0684225782752037]"
3230,0,49.46%,86.66%,0.0257,"[0.9760745167732239, 0.023925431072711945]"
3231,1,49.47%,86.66%,0.1658,"[0.1396666020154953, 0.8603334426879883]"
3232,1,49.49%,86.67%,0.2378,"[0.20244348049163818, 0.7975565195083618]"
3233,1,49.51%,86.67%,0.2406,"[0.3058110475540161, 0.6941888928413391]"
3234,1,49.52%,86.68%,0.1597,"[0.3664242625236511, 0.6335756778717041]"
3235,1,49.54%,86.68%,0.1316,"[0.12993694841861725, 0.8700630068778992]"
3236,0,49.52%,86.69%,0.0228,"[0.9774770140647888, 0.022522957995533943]"
3237,0,49.51%,86.69%,0.0227,"[0.9776066541671753, 0.022393392398953438]"
3238,0,49.49%,86.69%,0.023,"[0.9772590398788452, 0.022740889340639114]"
3239,0,49.48%,86.70%,0.0232,"[0.9771130084991455, 0.022886959835886955]"
3240,1,49.49%,86.70%,0.1381,"[0.12320806831121445, 0.8767919540405273]"
3241,1,49.51%,86.71%,0.1629,"[0.15742452442646027, 0.8425754904747009]"
3242,0,49.49%,86.71%,0.1856,"[0.8231097459793091, 0.17689025402069092]"
3243,0,49.48%,86.71%,0.024,"[0.9763743281364441, 0.023625677451491356]"
3244,0,49.46%,86.72%,0.0241,"[0.9759511947631836, 0.024048807099461555]"
3245,1,49.48%,86.72%,0.1184,"[0.11301266402006149, 0.8869873285293579]"
3246,1,49.49%,86.73%,0.1264,"[0.20156604051589966, 0.7984340190887451]"
3247,0,49.48%,86.73%,0.0227,"[0.9776125550270081, 0.02238747477531433]"
3248,1,49.49%,86.73%,0.1118,"[0.10810396820306778, 0.8918960690498352]"
3249,0,49.48%,86.74%,0.0233,"[0.9770123958587646, 0.02298762835562229]"
3250,0,49.46%,86.71%,1.9861,"[0.1515292525291443, 0.8484707474708557]"
3251,0,49.45%,86.72%,0.0225,"[0.9778038859367371, 0.02219611592590809]"
3252,1,49.46%,86.72%,0.1942,"[0.19070181250572205, 0.8092982172966003]"
3253,1,49.48%,86.72%,0.117,"[0.11222271621227264, 0.8877772092819214]"
3254,1,49.49%,86.73%,0.1213,"[0.12568055093288422, 0.8743194341659546]"
3255,0,49.48%,86.70%,0.224,"[0.3885590136051178, 0.6114410161972046]"
3256,1,49.49%,86.71%,0.1638,"[0.1223885715007782, 0.8776113986968994]"
3257,0,49.48%,86.71%,0.0225,"[0.9777714014053345, 0.022228525951504707]"
3258,0,49.46%,86.71%,0.0223,"[0.9779093265533447, 0.022090662270784378]"
3259,1,49.48%,86.72%,0.1374,"[0.12649591267108917, 0.8735040426254272]"
3260,1,49.49%,86.72%,0.1895,"[0.18908560276031494, 0.8109143972396851]"
3261,1,49.51%,86.73%,0.1822,"[0.17522361874580383, 0.8247763514518738]"
3262,0,49.49%,86.73%,0.0229,"[0.9773432016372681, 0.022656772285699844]"
3263,1,49.51%,86.73%,0.134,"[0.12548449635505676, 0.8745154738426208]"
3264,1,49.53%,86.74%,0.1734,"[0.16575056314468384, 0.8342493772506714]"
3265,1,49.54%,86.74%,0.1158,"[0.10611610859632492, 0.8938838839530945]"
3266,0,49.53%,86.75%,0.0223,"[0.9780241250991821, 0.0219758041203022]"
3267,1,49.54%,86.75%,0.12,"[0.10689841210842133, 0.8931015133857727]"
3268,1,49.56%,86.75%,0.2615,"[0.26254802942276, 0.7374519109725952]"
3269,1,49.57%,86.76%,0.1963,"[0.13514043390750885, 0.8648595809936523]"
3270,0,49.56%,86.76%,0.0227,"[0.9774243831634521, 0.022575607523322105]"
3271,1,49.57%,86.77%,0.1029,"[0.09723515808582306, 0.9027647972106934]"
3272,0,49.56%,86.77%,0.0222,"[0.9780243635177612, 0.021975653246045113]"
3273,1,49.57%,86.77%,0.1428,"[0.13410131633281708, 0.8658986687660217]"
3274,1,49.59%,86.78%,0.1025,"[0.1009293720126152, 0.899070680141449]"
3275,0,49.57%,86.78%,0.0243,"[0.9754814505577087, 0.02451854757964611]"
3276,0,49.56%,86.79%,0.022,"[0.9783195853233337, 0.021680384874343872]"
3277,0,49.54%,86.79%,0.0227,"[0.9776017665863037, 0.02239830419421196]"
3278,1,49.56%,86.79%,0.0967,"[0.093067966401577, 0.9069320559501648]"
3279,0,49.54%,86.80%,0.0332,"[0.965817391872406, 0.0341825932264328]"
3280,1,49.56%,86.80%,0.1072,"[0.10397185385227203, 0.8960281014442444]"
3281,0,49.54%,86.81%,0.0253,"[0.9746407270431519, 0.025359295308589935]"
3282,1,49.56%,86.81%,0.1013,"[0.10191701352596283, 0.898082971572876]"
3283,0,49.54%,86.81%,0.0235,"[0.9760620594024658, 0.023937948048114777]"
3284,0,49.53%,86.82%,0.0351,"[0.9405240416526794, 0.05947595089673996]"
3285,1,49.54%,86.82%,0.1018,"[0.09710812568664551, 0.9028919339179993]"
3286,1,49.56%,86.83%,0.098,"[0.09375087916851044, 0.9062491059303284]"
3287,0,49.54%,86.80%,2.3877,"[0.09432120621204376, 0.9056788086891174]"
3288,0,49.53%,86.80%,0.0243,"[0.9755666851997375, 0.024433329701423645]"
3289,1,49.54%,86.81%,0.1024,"[0.09943222999572754, 0.9005677700042725]"
3290,1,49.56%,86.81%,0.0992,"[0.09343250840902328, 0.9065675139427185]"
3291,1,49.57%,86.82%,0.1009,"[0.09661278128623962, 0.9033872485160828]"
3292,0,49.56%,86.82%,0.0247,"[0.9746744632720947, 0.025325531139969826]"
3293,0,49.54%,86.82%,0.2468,"[0.75920170545578, 0.24079826474189758]"
3294,0,49.53%,86.83%,0.0236,"[0.9763185381889343, 0.023681456223130226]"
3295,0,49.51%,86.80%,1.559,"[0.37997663021087646, 0.6200233697891235]"
3296,0,49.50%,86.81%,0.0339,"[0.9667702913284302, 0.03322973474860191]"
3297,1,49.51%,86.81%,0.0934,"[0.08824669569730759, 0.9117532968521118]"
3298,1,49.53%,86.81%,0.1036,"[0.10114113241434097, 0.898858904838562]"
3299,0,49.52%,86.82%,0.0226,"[0.9778041243553162, 0.02219582535326481]"
3300,0,49.50%,86.82%,0.0229,"[0.9774118661880493, 0.022588100284337997]"
3301,1,49.52%,86.83%,0.1075,"[0.10191404819488525, 0.8980859518051147]"
3302,0,49.50%,86.83%,0.0221,"[0.9779761433601379, 0.02202381007373333]"
3303,1,49.52%,86.83%,0.1009,"[0.09556075930595398, 0.9044392704963684]"
3304,0,49.50%,86.84%,0.0232,"[0.9770520329475403, 0.022948026657104492]"
3305,0,49.49%,86.84%,0.0218,"[0.9784020781517029, 0.021597975865006447]"
3306,1,49.50%,86.85%,0.1258,"[0.10941118001937866, 0.8905888795852661]"
3307,0,49.49%,86.85%,0.0218,"[0.9784018397331238, 0.021598191931843758]"
3308,1,49.50%,86.85%,0.0959,"[0.0920475423336029, 0.9079524278640747]"
3309,0,49.49%,86.86%,0.0221,"[0.9781071543693542, 0.02189278043806553]"
3310,0,49.47%,86.86%,0.023,"[0.9772326350212097, 0.022767407819628716]"
3311,1,49.49%,86.87%,0.1078,"[0.10272212326526642, 0.8972778916358948]"
3312,1,49.50%,86.87%,0.232,"[0.20578433573246002, 0.7942156195640564]"
3313,0,49.49%,86.87%,0.0212,"[0.979015052318573, 0.020984919741749763]"
3314,1,49.50%,86.88%,0.1009,"[0.09421300888061523, 0.90578693151474]"
3315,1,49.52%,86.88%,0.1034,"[0.09934279322624207, 0.9006572365760803]"
3316,0,49.50%,86.89%,0.0217,"[0.9785535335540771, 0.021446486935019493]"
3317,0,49.49%,86.86%,2.322,"[0.09757935255765915, 0.9024206399917603]"
3318,0,49.47%,86.83%,0.8475,"[0.20540404319763184, 0.7945958971977234]"
3319,0,49.46%,86.84%,0.0227,"[0.9774779081344604, 0.022522054612636566]"
3320,0,49.44%,86.84%,0.0717,"[0.9594760537147522, 0.040523938834667206]"
3321,1,49.46%,86.85%,0.099,"[0.09445880353450775, 0.9055412411689758]"
3322,1,49.47%,86.85%,0.0994,"[0.09885015338659286, 0.9011499285697937]"
3323,0,49.46%,86.85%,0.0214,"[0.978781521320343, 0.021218406036496162]"
3324,1,49.47%,86.86%,0.1343,"[0.10852301120758057, 0.8914770483970642]"
3325,0,49.46%,86.86%,0.0213,"[0.9788346290588379, 0.021165376529097557]"
3326,1,49.47%,86.87%,0.1221,"[0.11505144089460373, 0.8849485516548157]"
3327,0,49.46%,86.87%,0.0213,"[0.9788956642150879, 0.021104346960783005]"
3328,0,49.44%,86.87%,0.0214,"[0.97890704870224, 0.021092962473630905]"
3329,0,49.43%,86.88%,0.0211,"[0.9791023135185242, 0.0208976361900568]"
3330,1,49.44%,86.88%,0.2308,"[0.3014560341835022, 0.698543906211853]"
3331,0,49.43%,86.88%,0.0214,"[0.9788628816604614, 0.02113712579011917]"
3332,1,49.44%,86.89%,0.1271,"[0.11782806366682053, 0.8821719288825989]"
3333,1,49.46%,86.89%,0.1068,"[0.10202783346176147, 0.8979721665382385]"
3334,1,49.48%,86.90%,0.1059,"[0.10330227762460709, 0.8966977000236511]"
3335,0,49.46%,86.90%,0.0211,"[0.9790833592414856, 0.020916610956192017]"
3336,0,49.45%,86.87%,0.4681,"[0.28085651993751526, 0.7191433906555176]"
3337,1,49.46%,86.88%,0.1106,"[0.10677224397659302, 0.893227756023407]"
3338,0,49.45%,86.88%,0.0208,"[0.9793925881385803, 0.02060745842754841]"
3339,0,49.43%,86.86%,2.3474,"[0.09419833868741989, 0.9058015942573547]"
3340,0,49.42%,86.86%,0.0209,"[0.9794023036956787, 0.02059774659574032]"
3341,0,49.40%,86.86%,0.74,"[0.7844811677932739, 0.2155187726020813]"
3342,1,49.42%,86.87%,0.1172,"[0.10610755532979965, 0.8938924074172974]"
3343,0,49.40%,86.87%,0.0242,"[0.9745121002197266, 0.025487950071692467]"
3344,1,49.42%,86.88%,0.0963,"[0.09028495103120804, 0.9097150564193726]"
3345,1,49.43%,86.88%,0.0983,"[0.09299436211585999, 0.9070056676864624]"
3346,1,49.45%,86.85%,2.5473,"[0.9250326752662659, 0.07496731728315353]"
3347,1,49.46%,86.86%,0.2272,"[0.23917421698570251, 0.7608258128166199]"
3348,0,49.45%,86.86%,0.022,"[0.9785222411155701, 0.021477708593010902]"
3349,0,49.43%,86.84%,1.682,"[0.17382103204727173, 0.8261789679527283]"
3350,0,49.42%,86.84%,0.0233,"[0.9759355187416077, 0.02406449243426323]"
3351,0,49.40%,86.84%,0.0214,"[0.9788585305213928, 0.021141426637768745]"
3352,0,49.39%,86.85%,0.0212,"[0.9789950251579285, 0.021004963666200638]"
3353,1,49.40%,86.85%,0.1056,"[0.09821413457393646, 0.9017859101295471]"
3354,0,49.39%,86.86%,0.0216,"[0.9786781668663025, 0.021321751177310944]"
3355,0,49.37%,86.86%,0.024,"[0.9754161238670349, 0.024583885446190834]"
3356,0,49.36%,86.86%,0.0237,"[0.9756154417991638, 0.024384524673223495]"
3357,0,49.34%,86.87%,0.0226,"[0.9779765009880066, 0.022023463621735573]"
3358,1,49.36%,86.87%,0.1221,"[0.11401960998773575, 0.8859804272651672]"
3359,0,49.35%,86.88%,0.0214,"[0.9788328409194946, 0.021167149767279625]"
3360,1,49.36%,86.88%,0.1218,"[0.11103446781635284, 0.8889655470848083]"
3361,0,49.35%,86.88%,0.3717,"[0.6349412798881531, 0.3650587499141693]"
3362,0,49.33%,86.89%,0.0216,"[0.9785521626472473, 0.021447815001010895]"
3363,1,49.35%,86.89%,0.108,"[0.10081985592842102, 0.8991801142692566]"
3364,1,49.36%,86.89%,0.103,"[0.09743358939886093, 0.9025664925575256]"
3365,1,49.38%,86.90%,0.1526,"[0.17856700718402863, 0.8214329481124878]"
3366,0,49.36%,86.90%,0.0213,"[0.9788743853569031, 0.02112559601664543]"
3367,0,49.35%,86.91%,0.0478,"[0.957344651222229, 0.042655400931835175]"
3368,0,49.33%,86.91%,0.0222,"[0.9778507351875305, 0.022149203345179558]"
3369,0,49.32%,86.88%,2.2876,"[0.10435816645622253, 0.8956418037414551]"
3370,1,49.33%,86.89%,0.1199,"[0.11156119406223297, 0.8884388208389282]"
3371,1,49.35%,86.89%,0.1369,"[0.13970163464546204, 0.8602983951568604]"
3372,1,49.36%,86.90%,0.1034,"[0.09795862436294556, 0.9020413756370544]"
3373,1,49.38%,86.90%,0.1015,"[0.09669288247823715, 0.9033071398735046]"
3374,1,49.39%,86.90%,0.0991,"[0.09289229661226273, 0.9071077108383179]"
3375,0,49.38%,86.91%,0.0212,"[0.979013204574585, 0.020986782386898994]"
3376,0,49.36%,86.91%,0.1175,"[0.8661152124404907, 0.13388480246067047]"
3377,0,49.35%,86.92%,0.0212,"[0.9791425466537476, 0.020857498049736023]"
3378,1,49.36%,86.92%,0.126,"[0.10125821083784103, 0.8987417817115784]"
3379,0,49.35%,86.92%,0.021,"[0.9792393445968628, 0.02076057717204094]"
3380,0,49.33%,86.93%,0.0211,"[0.9790894985198975, 0.020910529419779778]"
3381,0,49.32%,86.93%,0.0597,"[0.9291458129882812, 0.07085419446229935]"
3382,1,49.33%,86.93%,0.0953,"[0.0917733907699585, 0.9082266092300415]"
3383,1,49.35%,86.94%,0.1537,"[0.14399850368499756, 0.8560015559196472]"
3384,0,49.34%,86.94%,0.0209,"[0.9793563485145569, 0.02064369060099125]"
3385,1,49.35%,86.95%,0.1897,"[0.2226969599723816, 0.7773030400276184]"
3386,1,49.37%,86.95%,0.1087,"[0.10166376084089279, 0.8983362317085266]"
3387,0,49.35%,86.95%,0.0293,"[0.9720566868782043, 0.027943376451730728]"
3388,0,49.34%,86.96%,0.0208,"[0.9794163703918457, 0.020583653822541237]"
3389,1,49.35%,86.96%,0.0952,"[0.09036677330732346, 0.9096331596374512]"
3390,1,49.37%,86.97%,0.0941,"[0.09048417955636978, 0.9095157980918884]"
3391,0,49.35%,86.97%,0.0206,"[0.9796110391616821, 0.020388983190059662]"
3392,1,49.37%,86.97%,0.1136,"[0.11452656239271164, 0.8854734301567078]"
3393,1,49.38%,86.98%,0.0952,"[0.09137094020843506, 0.9086290597915649]"
3394,1,49.40%,86.98%,0.0914,"[0.08802879601716995, 0.9119712710380554]"
3395,0,49.38%,86.98%,0.0213,"[0.9789487719535828, 0.021051226183772087]"
3396,1,49.40%,86.96%,2.8003,"[0.9458845257759094, 0.05411553755402565]"
3397,0,49.38%,86.96%,0.021,"[0.9790580868721008, 0.020941928029060364]"
3398,0,49.37%,86.97%,0.0205,"[0.9796509146690369, 0.02034909650683403]"
3399,1,49.38%,86.97%,0.1039,"[0.0991552397608757, 0.9008447527885437]"
3400,1,49.40%,86.97%,0.0952,"[0.09139401465654373, 0.9086059331893921]"
3401,0,49.38%,86.98%,0.0209,"[0.9793257713317871, 0.020674237981438637]"
3402,1,49.40%,86.98%,0.1517,"[0.12803129851818085, 0.871968686580658]"
3403,1,49.41%,86.99%,0.1225,"[0.11000248789787292, 0.8899974822998047]"
3404,1,49.43%,86.99%,0.1361,"[0.14267033338546753, 0.8573296666145325]"
3405,1,49.44%,86.99%,0.1822,"[0.18000200390815735, 0.8199979662895203]"
3406,1,49.46%,87.00%,0.9057,"[0.22503001987934113, 0.7749699354171753]"
3407,1,49.47%,87.00%,0.1092,"[0.10263887792825699, 0.8973610997200012]"
3408,0,49.46%,87.00%,0.0208,"[0.9793416857719421, 0.0206583421677351]"
3409,0,49.44%,87.01%,0.0215,"[0.9787730574607849, 0.02122693508863449]"
3410,0,49.43%,87.01%,0.0355,"[0.966068685054779, 0.033931318670511246]"
3411,0,49.41%,87.02%,0.0231,"[0.9780238270759583, 0.021976163610816002]"
3412,1,49.43%,87.02%,0.1034,"[0.09698732197284698, 0.9030126929283142]"
3413,1,49.44%,87.02%,0.0905,"[0.08730237931013107, 0.9126975536346436]"
3414,0,49.43%,87.03%,0.0213,"[0.9790493249893188, 0.02095074951648712]"
3415,1,49.44%,87.03%,0.0953,"[0.09201429784297943, 0.9079857468605042]"
3416,1,49.46%,87.04%,0.0966,"[0.09203953295946121, 0.9079604744911194]"
3417,0,49.44%,87.04%,0.0251,"[0.9733358025550842, 0.026664238423109055]"
3418,0,49.43%,87.04%,0.023,"[0.9771243929862976, 0.022875573486089706]"
3419,0,49.42%,87.05%,0.0218,"[0.9785714745521545, 0.02142859809100628]"
3420,0,49.40%,87.05%,0.0208,"[0.9793197512626648, 0.020680323243141174]"
3421,1,49.42%,87.05%,0.0907,"[0.08619726449251175, 0.9138027429580688]"
3422,0,49.40%,87.06%,0.0209,"[0.9792872667312622, 0.02071271650493145]"
3423,1,49.42%,87.06%,0.0876,"[0.08391934633255005, 0.91608065366745]"
3424,1,49.43%,87.07%,0.0932,"[0.09015762805938721, 0.909842312335968]"
3425,0,49.42%,87.04%,2.2407,"[0.1049429327249527, 0.8950570225715637]"
3426,1,49.43%,87.04%,0.0897,"[0.08652652055025101, 0.9134734869003296]"
3427,1,49.45%,87.05%,0.0881,"[0.08388929069042206, 0.9161107540130615]"
3428,0,49.43%,87.05%,0.0207,"[0.9795108437538147, 0.020489176735281944]"
3429,1,49.45%,87.06%,0.0966,"[0.09462041407823563, 0.905379593372345]"
3430,0,49.43%,87.06%,0.0241,"[0.9763970375061035, 0.02360287308692932]"
3431,1,49.45%,87.06%,0.0953,"[0.08984185010194778, 0.9101581573486328]"
3432,0,49.43%,87.07%,0.0454,"[0.9645568132400513, 0.035443224012851715]"
3433,0,49.42%,87.04%,1.7726,"[0.16917121410369873, 0.8308287858963013]"
3434,1,49.43%,87.05%,0.1001,"[0.09632135182619095, 0.9036787152290344]"
3435,1,49.45%,87.05%,0.0891,"[0.08471246063709259, 0.9152874946594238]"
3436,1,49.46%,87.05%,0.0993,"[0.09397652000188828, 0.9060235023498535]"
3437,0,49.45%,87.06%,0.0207,"[0.9794778823852539, 0.02052207477390766]"
3438,1,49.46%,87.06%,0.0989,"[0.09317558258771896, 0.9068244099617004]"
3439,1,49.48%,87.06%,0.1,"[0.095362089574337, 0.9046379327774048]"
3440,0,49.46%,87.07%,0.0408,"[0.9688419699668884, 0.031158022582530975]"
3441,0,49.45%,87.04%,0.1752,"[0.46497273445129395, 0.535027265548706]"
3442,0,49.43%,87.05%,0.0218,"[0.9781959056854248, 0.021804092451930046]"
3443,1,49.45%,87.05%,0.0992,"[0.09405971318483353, 0.9059402346611023]"
3444,0,49.43%,87.05%,0.0204,"[0.9798175692558289, 0.020182466134428978]"
3445,1,49.45%,87.03%,0.355,"[0.5182610154151917, 0.48173895478248596]"
3446,1,49.46%,87.03%,0.0987,"[0.09419107437133789, 0.9058089852333069]"
3447,0,49.45%,87.04%,0.0207,"[0.9795534610748291, 0.02044649049639702]"
3448,0,49.43%,87.01%,0.1749,"[0.266991525888443, 0.7330085039138794]"
3449,1,49.45%,87.01%,0.0928,"[0.09326450526714325, 0.9067354798316956]"
3450,1,49.46%,86.99%,0.6781,"[0.8354921936988831, 0.16450785100460052]"
3451,1,49.48%,86.99%,0.0947,"[0.09058403968811035, 0.9094159007072449]"
3452,1,49.49%,87.00%,0.151,"[0.1563088744878769, 0.8436911106109619]"
3453,1,49.51%,87.00%,0.0985,"[0.09536877274513245, 0.9046311974525452]"
3454,1,49.52%,87.00%,0.0929,"[0.08936730772256851, 0.9106326699256897]"
3455,1,49.54%,87.01%,0.0889,"[0.08644212782382965, 0.9135578870773315]"
3456,1,49.55%,87.01%,1.3902,"[0.15853150188922882, 0.8414685130119324]"
3457,0,49.54%,87.02%,0.0202,"[0.9799880981445312, 0.020011916756629944]"
3458,0,49.52%,87.02%,0.026,"[0.9766409993171692, 0.023359015583992004]"
3459,0,49.51%,87.02%,0.0291,"[0.9733407497406006, 0.02665918692946434]"
3460,0,49.49%,87.03%,0.0208,"[0.9794332981109619, 0.020566759631037712]"
3461,1,49.51%,87.03%,0.1032,"[0.11579123139381409, 0.8842087984085083]"
3462,1,49.52%,87.03%,0.0909,"[0.08894825726747513, 0.9110516905784607]"
3463,0,49.51%,87.04%,0.0203,"[0.9798122644424438, 0.020187681540846825]"
3464,1,49.52%,87.04%,0.1044,"[0.10204626619815826, 0.8979536890983582]"
3465,0,49.51%,87.05%,0.0212,"[0.9785119891166687, 0.02148800902068615]"
3466,0,49.50%,87.02%,2.2104,"[0.1391676962375641, 0.8608323335647583]"
3467,1,49.51%,87.02%,0.0879,"[0.08425100892782211, 0.9157490134239197]"
3468,0,49.50%,87.03%,0.0268,"[0.9750696420669556, 0.02493034116923809]"
3469,0,49.48%,87.03%,0.0363,"[0.9719316363334656, 0.028068380430340767]"
3470,0,49.47%,87.04%,0.0212,"[0.9789268374443054, 0.021073117852211]"
3471,1,49.48%,87.04%,0.0868,"[0.08309992402791977, 0.916900098323822]"
3472,1,49.50%,87.04%,0.0968,"[0.08816256374120712, 0.9118374586105347]"
3473,1,49.51%,87.05%,0.0925,"[0.0863344594836235, 0.9136655330657959]"
3474,1,49.53%,87.05%,0.1023,"[0.09709038585424423, 0.9029095768928528]"
3475,0,49.51%,87.05%,0.0201,"[0.9800930023193359, 0.019907038658857346]"
3476,1,49.53%,87.06%,0.0927,"[0.08929284662008286, 0.9107071161270142]"
3477,1,49.54%,87.06%,0.0933,"[0.08665090054273605, 0.9133490920066833]"
3478,1,49.55%,87.07%,0.0958,"[0.09355476498603821, 0.9064452648162842]"
3479,0,49.54%,87.07%,0.0203,"[0.9799160957336426, 0.020083919167518616]"
3480,1,49.55%,87.07%,0.0898,"[0.08480522036552429, 0.9151948094367981]"
3481,1,49.57%,87.08%,0.0873,"[0.08601413667201996, 0.9139858484268188]"
3482,0,49.55%,87.08%,0.02,"[0.9802219271659851, 0.01977803371846676]"
3483,1,49.57%,87.08%,0.0908,"[0.0884508267045021, 0.9115492105484009]"
3484,0,49.56%,87.09%,0.0201,"[0.9801514744758606, 0.019848454743623734]"
3485,1,49.57%,87.09%,0.0855,"[0.08304303884506226, 0.916956901550293]"
3486,0,49.56%,87.09%,0.0198,"[0.980350911617279, 0.019649023190140724]"
3487,1,49.57%,87.10%,0.0867,"[0.08231053501367569, 0.9176895022392273]"
3488,0,49.56%,87.10%,0.0201,"[0.9801273345947266, 0.019872691482305527]"
3489,1,49.57%,87.08%,0.2962,"[0.5690877437591553, 0.4309122860431671]"
3490,0,49.56%,87.08%,0.0199,"[0.9803175926208496, 0.019682373851537704]"
3491,0,49.54%,87.08%,0.0208,"[0.9794183969497681, 0.020581599324941635]"
3492,1,49.56%,87.09%,0.0899,"[0.08686695992946625, 0.9131330251693726]"
3493,1,49.57%,87.09%,0.0868,"[0.08686263114213943, 0.9131373763084412]"
3494,1,49.59%,87.10%,0.0876,"[0.08481716364622116, 0.9151828289031982]"
3495,0,49.57%,87.07%,2.3729,"[0.08658397197723389, 0.9134160280227661]"
3496,1,49.59%,87.07%,0.0857,"[0.08562364429235458, 0.9143763780593872]"
3497,1,49.60%,87.08%,0.0862,"[0.08463338762521744, 0.9153665900230408]"
3498,0,49.59%,87.08%,0.0198,"[0.9803993701934814, 0.019600555300712585]"
3499,0,49.57%,87.06%,2.3753,"[0.09253759682178497, 0.9074624180793762]"
3500,0,49.56%,87.06%,0.0207,"[0.9794707894325256, 0.020529236644506454]"
3501,0,49.54%,87.06%,0.2378,"[0.8813822269439697, 0.11861781030893326]"
3502,1,49.56%,87.07%,0.0899,"[0.08605176955461502, 0.9139482378959656]"
3503,1,49.57%,87.07%,0.1066,"[0.08807939291000366, 0.9119206070899963]"
3504,0,49.56%,87.08%,0.0199,"[0.9803009629249573, 0.01969902031123638]"
3505,0,49.54%,87.08%,0.0199,"[0.9803038239479065, 0.019696181640028954]"
3506,1,49.56%,87.08%,0.1123,"[0.09406778216362, 0.9059321880340576]"
3507,1,49.57%,87.09%,0.1067,"[0.09796658903360367, 0.9020334482192993]"
3508,0,49.56%,87.09%,0.0198,"[0.980383038520813, 0.019617049023509026]"
3509,1,49.57%,87.09%,0.1193,"[0.11023204028606415, 0.8897680044174194]"
3510,0,49.56%,87.10%,0.02,"[0.9802156090736389, 0.019784390926361084]"
3511,1,49.57%,87.10%,0.1016,"[0.11388210207223892, 0.8861179351806641]"
3512,0,49.56%,87.11%,0.0208,"[0.9798101186752319, 0.020189868286252022]"
3513,1,49.57%,87.11%,0.1022,"[0.10688712447881699, 0.89311283826828]"
3514,1,49.59%,87.11%,0.1215,"[0.12216837704181671, 0.8778315782546997]"
3515,1,49.60%,87.12%,0.0967,"[0.09146147966384888, 0.9085385203361511]"
3516,0,49.59%,87.12%,0.592,"[0.719214141368866, 0.28078585863113403]"
3517,0,49.57%,87.12%,0.0196,"[0.9805670380592346, 0.019432954490184784]"
3518,0,49.56%,87.13%,0.0199,"[0.9802599549293518, 0.019740000367164612]"
3519,1,49.57%,87.13%,0.092,"[0.08951497822999954, 0.910485029220581]"
3520,1,49.59%,87.13%,0.0965,"[0.08724924921989441, 0.9127507209777832]"
3521,0,49.57%,87.11%,2.1664,"[0.1174449473619461, 0.8825550675392151]"
3522,0,49.56%,87.11%,0.0199,"[0.9804140329360962, 0.019585970789194107]"
3523,0,49.55%,87.12%,0.0199,"[0.9802680015563965, 0.01973196119070053]"
3524,1,49.56%,87.12%,0.1114,"[0.0936703160405159, 0.9063296914100647]"
3525,1,49.57%,87.12%,0.2138,"[0.3428822159767151, 0.6571177840232849]"
3526,1,49.59%,87.13%,0.1198,"[0.11836756020784378, 0.8816325068473816]"
3527,0,49.57%,87.13%,0.0195,"[0.9806766510009766, 0.019323380663990974]"
3528,0,49.56%,87.14%,0.0197,"[0.9804238080978394, 0.019576169550418854]"
3529,1,49.58%,87.14%,0.0984,"[0.09630018472671509, 0.9036998152732849]"
3530,0,49.56%,87.14%,0.0195,"[0.9806542992591858, 0.019345657899975777]"
3531,1,49.58%,87.15%,0.0941,"[0.08834788203239441, 0.911652147769928]"
3532,0,49.56%,87.12%,2.2695,"[0.10982409864664078, 0.8901758790016174]"
3533,1,49.58%,87.13%,0.1597,"[0.19114555418491364, 0.8088544607162476]"
3534,0,49.56%,87.13%,0.0195,"[0.9806556701660156, 0.019344307482242584]"
3535,0,49.55%,87.13%,0.0195,"[0.9807001352310181, 0.019299885258078575]"
3536,0,49.53%,87.14%,0.0198,"[0.980383574962616, 0.019616451114416122]"
3537,1,49.55%,87.14%,0.1303,"[0.11234506219625473, 0.8876549005508423]"
3538,0,49.53%,87.14%,0.0195,"[0.9806901812553406, 0.01930984854698181]"
3539,1,49.55%,87.15%,0.1211,"[0.10183459520339966, 0.8981654047966003]"
3540,0,49.53%,87.15%,0.0194,"[0.9807892441749573, 0.019210796803236008]"
3541,1,49.55%,87.15%,0.1293,"[0.12192416936159134, 0.8780758380889893]"
3542,0,49.53%,87.16%,1.3807,"[0.7131538391113281, 0.28684619069099426]"
3543,1,49.55%,87.16%,0.1456,"[0.11646486073732376, 0.8835351467132568]"
3544,0,49.53%,87.17%,0.0194,"[0.9807947278022766, 0.019205262884497643]"
3545,1,49.55%,87.17%,0.1301,"[0.14698879420757294, 0.8530112504959106]"
3546,1,49.56%,87.17%,0.1173,"[0.11236612498760223, 0.8876338601112366]"
3547,0,49.55%,87.18%,0.0199,"[0.9803141355514526, 0.019685853272676468]"
3548,1,49.56%,87.18%,0.1002,"[0.09359156340360641, 0.906408429145813]"
3549,1,49.58%,87.18%,0.0983,"[0.09432586282491684, 0.9056742191314697]"
3550,0,49.56%,87.19%,0.0193,"[0.9808290600776672, 0.01917097344994545]"
3551,1,49.58%,87.19%,0.1447,"[0.1342335045337677, 0.8657664656639099]"
3552,1,49.59%,87.19%,0.1006,"[0.09744523465633392, 0.9025546908378601]"
3553,0,49.58%,87.20%,0.0193,"[0.9808765053749084, 0.019123509526252747]"
3554,0,49.56%,87.17%,0.7847,"[0.2878105342388153, 0.7121894359588623]"
3555,1,49.58%,87.18%,0.1058,"[0.13374018669128418, 0.8662598133087158]"
3556,1,49.59%,87.18%,0.098,"[0.09487918019294739, 0.9051207900047302]"
3557,0,49.58%,87.18%,0.0193,"[0.9808489680290222, 0.01915106363594532]"
3558,1,49.59%,87.19%,0.1143,"[0.09711508452892303, 0.9028849005699158]"
3559,0,49.58%,87.19%,0.0193,"[0.9808540344238281, 0.019145922735333443]"
3560,0,49.56%,87.19%,0.6175,"[0.5528337359428406, 0.4471663236618042]"
3561,0,49.55%,87.20%,0.0193,"[0.9808858036994934, 0.01911422610282898]"
3562,0,49.54%,87.20%,0.0191,"[0.9811131954193115, 0.018886785954236984]"
3563,0,49.52%,87.21%,0.0207,"[0.97919100522995, 0.02080901898443699]"
3564,1,49.54%,87.21%,0.0911,"[0.08758963644504547, 0.9124103784561157]"
3565,1,49.55%,87.18%,0.7002,"[0.6041761040687561, 0.39582395553588867]"
3566,0,49.54%,87.19%,0.019,"[0.9812239408493042, 0.018776118755340576]"
3567,0,49.52%,87.19%,0.0199,"[0.9804286360740662, 0.019571341574192047]"
3568,1,49.54%,87.20%,0.105,"[0.10463719815015793, 0.8953628540039062]"
3569,1,49.55%,87.20%,0.1159,"[0.10936309397220612, 0.8906369209289551]"
3570,1,49.57%,87.20%,0.11,"[0.11905203759670258, 0.880948007106781]"
3571,0,49.55%,87.21%,0.0356,"[0.9635759592056274, 0.03642409294843674]"
3572,1,49.57%,87.21%,0.0888,"[0.08477043360471725, 0.9152295589447021]"
3573,0,49.55%,87.21%,0.0191,"[0.981036901473999, 0.018963120877742767]"
3574,0,49.54%,87.19%,2.4043,"[0.09217003732919693, 0.9078298807144165]"
3575,1,49.55%,87.19%,0.0876,"[0.08279386907815933, 0.9172061681747437]"
3576,0,49.54%,87.20%,0.019,"[0.9811772108078003, 0.01882273517549038]"
3577,1,49.55%,87.20%,0.0853,"[0.08344157785177231, 0.9165584444999695]"
3578,0,49.54%,87.20%,0.4541,"[0.9019716382026672, 0.0980282872915268]"
3579,1,49.55%,87.21%,0.0895,"[0.08514527976512909, 0.9148547649383545]"
3580,1,49.57%,87.21%,0.114,"[0.09621679782867432, 0.9037831425666809]"
3581,1,49.58%,87.19%,1.4799,"[0.9144148826599121, 0.08558507263660431]"
3582,0,49.57%,87.19%,0.0188,"[0.9813419580459595, 0.018658043816685677]"
3583,0,49.55%,87.19%,0.0189,"[0.9812358617782593, 0.018764125183224678]"
3584,1,49.57%,87.20%,0.0885,"[0.08523420244455338, 0.9147657752037048]"
3585,0,49.55%,87.20%,0.0193,"[0.9808768630027771, 0.019123168662190437]"
3586,0,49.54%,87.20%,0.0191,"[0.9810975790023804, 0.018902448937296867]"
3587,1,49.55%,87.21%,0.0829,"[0.07917186617851257, 0.920828104019165]"
3588,1,49.57%,87.21%,0.0866,"[0.08406329900026321, 0.9159367084503174]"
3589,1,49.58%,87.21%,0.0959,"[0.0936080664396286, 0.9063919186592102]"
3590,0,49.57%,87.19%,2.2152,"[0.09962073713541031, 0.9003791809082031]"
3591,0,49.55%,87.19%,0.019,"[0.9811363816261292, 0.018863605335354805]"
3592,1,49.57%,87.20%,0.0928,"[0.09937402606010437, 0.900626003742218]"
3593,0,49.55%,87.20%,0.0189,"[0.9812931418418884, 0.01870686374604702]"
3594,1,49.57%,87.20%,0.0893,"[0.08372002840042114, 0.9162799715995789]"
3595,1,49.58%,87.21%,0.0995,"[0.08943785727024078, 0.9105620980262756]"
3596,1,49.60%,87.18%,0.4343,"[0.856941819190979, 0.14305810630321503]"
3597,1,49.61%,87.19%,0.1031,"[0.09793788194656372, 0.902062177658081]"
3598,1,49.62%,87.19%,0.0894,"[0.08661667257547379, 0.9133833050727844]"
3599,0,49.61%,87.17%,2.3182,"[0.10846300423145294, 0.8915370106697083]"
3600,0,49.60%,87.17%,0.0191,"[0.9810801148414612, 0.018919913098216057]"
3601,1,49.61%,87.17%,0.1267,"[0.11586743593215942, 0.8841325640678406]"
3602,0,49.60%,87.18%,0.019,"[0.9812332391738892, 0.01876683160662651]"
3603,1,49.61%,87.18%,0.089,"[0.08432120829820633, 0.9156787395477295]"
3604,1,49.63%,87.18%,0.1092,"[0.11222472041845322, 0.8877752423286438]"
3605,0,49.61%,87.19%,0.0191,"[0.9811415076255798, 0.018858442083001137]"
3606,0,49.60%,87.19%,0.0193,"[0.9808964729309082, 0.0191035233438015]"
3607,0,49.58%,87.20%,0.2156,"[0.8657314777374268, 0.13426855206489563]"
3608,1,49.60%,87.20%,0.1198,"[0.10733639448881149, 0.8926635980606079]"
3609,0,49.58%,87.20%,0.0191,"[0.9810476899147034, 0.0189523808658123]"
3610,0,49.57%,87.21%,0.019,"[0.9811931848526001, 0.018806779757142067]"
3611,1,49.58%,87.21%,0.094,"[0.08623526990413666, 0.9137647747993469]"
3612,1,49.60%,87.19%,0.9528,"[0.9438866972923279, 0.0561133548617363]"
3613,0,49.58%,87.19%,0.0189,"[0.9812622666358948, 0.01873776502907276]"
3614,0,49.57%,87.19%,0.019,"[0.981177568435669, 0.018822448328137398]"
3615,0,49.56%,87.20%,0.0195,"[0.9805999398231506, 0.019400006160140038]"
3616,0,49.54%,87.20%,0.0193,"[0.980876624584198, 0.019123375415802002]"
3617,1,49.56%,87.20%,0.8358,"[0.24646852910518646, 0.7535315155982971]"
3618,0,49.54%,87.18%,1.9072,"[0.13097693026065826, 0.8690231442451477]"
3619,0,49.53%,87.18%,0.0194,"[0.9808324575424194, 0.01916756108403206]"
3620,0,49.52%,87.16%,2.4354,"[0.08776482194662094, 0.9122351408004761]"
3621,1,49.53%,87.16%,0.1028,"[0.10557210445404053, 0.8944278359413147]"
3622,1,49.54%,87.17%,0.0985,"[0.09537836909294128, 0.9046216607093811]"
3623,1,49.56%,87.17%,0.1033,"[0.09568940848112106, 0.9043105244636536]"
3624,0,49.54%,87.17%,0.0192,"[0.981035053730011, 0.01896495558321476]"
3625,0,49.53%,87.15%,2.168,"[0.10377101600170135, 0.8962289690971375]"
3626,0,49.52%,87.15%,0.0199,"[0.9802888631820679, 0.019711188971996307]"
3627,1,49.53%,87.16%,0.1053,"[0.0961235910654068, 0.9038764238357544]"
3628,1,49.55%,87.16%,0.1185,"[0.10088013857603073, 0.8991199135780334]"
3629,0,49.53%,87.13%,1.8325,"[0.1784828156232834, 0.8215171694755554]"
3630,0,49.52%,87.14%,0.0202,"[0.9796445369720459, 0.02035551518201828]"
3631,0,49.50%,87.14%,0.0232,"[0.9797688126564026, 0.020231179893016815]"
3632,0,49.49%,87.15%,0.0203,"[0.9794538617134094, 0.020546166226267815]"
3633,0,49.48%,87.15%,0.02,"[0.9802188277244568, 0.0197812020778656]"
3634,0,49.46%,87.15%,0.0199,"[0.9802906513214111, 0.01970934122800827]"
3635,1,49.48%,87.16%,0.1221,"[0.1273866593837738, 0.8726133108139038]"
3636,1,49.49%,87.16%,0.1563,"[0.14216162264347076, 0.8578383922576904]"
3637,0,49.48%,87.16%,0.7144,"[0.9387360215187073, 0.06126399710774422]"
3638,0,49.46%,87.17%,0.1751,"[0.6062766909599304, 0.3937233090400696]"
3639,0,49.45%,87.17%,0.0238,"[0.9724776744842529, 0.027522267773747444]"
3640,1,49.46%,87.17%,0.2289,"[0.20481346547603607, 0.7951865196228027]"
3641,1,49.48%,87.15%,0.6502,"[0.5270249247550964, 0.47297507524490356]"
3642,1,49.49%,87.13%,1.3736,"[0.5540614128112793, 0.4459386169910431]"
3643,0,49.48%,87.13%,0.1712,"[0.8375635147094727, 0.16243650019168854]"
3644,0,49.47%,87.11%,1.3743,"[0.2379627376794815, 0.7620372176170349]"
3645,1,49.48%,87.11%,0.3887,"[0.31510108709335327, 0.6848989129066467]"
3646,0,49.47%,87.11%,0.0195,"[0.9806751608848572, 0.01932479441165924]"
3647,1,49.48%,87.12%,0.2828,"[0.26115497946739197, 0.7388450503349304]"
3648,1,49.49%,87.12%,0.3056,"[0.26849421858787537, 0.7315057516098022]"
3649,0,49.48%,87.12%,0.1339,"[0.8651219010353088, 0.13487809896469116]"
3650,0,49.47%,87.13%,0.0195,"[0.9806867241859436, 0.019313301891088486]"
3651,0,49.45%,87.13%,0.0197,"[0.9804989695549011, 0.019501041620969772]"
3652,0,49.44%,87.13%,0.0211,"[0.9787439703941345, 0.02125597931444645]"
3653,1,49.45%,87.14%,0.1404,"[0.12747618556022644, 0.872523844242096]"
3654,0,49.44%,87.14%,0.0196,"[0.9806481003761292, 0.019351953640580177]"
3655,1,49.45%,87.14%,0.1777,"[0.16278989613056183, 0.8372101783752441]"
3656,0,49.44%,87.15%,0.0195,"[0.9806982278823853, 0.019301777705550194]"
3657,0,49.43%,87.15%,0.0196,"[0.9805804491043091, 0.019419537857174873]"
3658,1,49.44%,87.15%,0.1562,"[0.14479297399520874, 0.855207085609436]"
3659,1,49.45%,87.16%,0.1288,"[0.12456578761339188, 0.875434160232544]"
3660,0,49.44%,87.16%,0.0194,"[0.9807538390159607, 0.019246159121394157]"
3661,0,49.43%,87.17%,0.0214,"[0.9791290760040283, 0.020870964974164963]"
3662,0,49.41%,87.17%,0.0196,"[0.9805671572685242, 0.019432803615927696]"
3663,0,49.40%,87.17%,0.1013,"[0.8696664571762085, 0.1303335279226303]"
3664,0,49.39%,87.18%,0.0238,"[0.9755250215530396, 0.02447497472167015]"
3665,0,49.37%,87.18%,0.0196,"[0.9805415868759155, 0.019458413124084473]"
3666,0,49.36%,87.18%,0.0198,"[0.9803627133369446, 0.01963724195957184]"
3667,1,49.37%,87.19%,0.1193,"[0.11504197120666504, 0.8849579691886902]"
3668,0,49.36%,87.19%,0.0198,"[0.9804538488388062, 0.019546203315258026]"
3669,0,49.35%,87.19%,0.0193,"[0.9809093475341797, 0.01909073069691658]"
3670,0,49.33%,87.20%,0.0235,"[0.9774857759475708, 0.022514183074235916]"
3671,1,49.35%,87.20%,0.1246,"[0.10868126899003983, 0.8913187384605408]"
3672,1,49.36%,87.20%,0.1026,"[0.09855818003416061, 0.901441752910614]"
3673,0,49.35%,87.21%,0.0199,"[0.9804379940032959, 0.0195620059967041]"
3674,1,49.36%,87.21%,0.0954,"[0.09821949899196625, 0.9017805457115173]"
3675,0,49.35%,87.21%,0.0192,"[0.9809720516204834, 0.019027885049581528]"
3676,1,49.36%,87.22%,0.0934,"[0.0940077006816864, 0.9059922695159912]"
3677,1,49.37%,87.22%,0.1484,"[0.11255556344985962, 0.8874444961547852]"
3678,0,49.36%,87.22%,0.0192,"[0.981021523475647, 0.018978482112288475]"
3679,0,49.35%,87.23%,0.019,"[0.981147289276123, 0.018852781504392624]"
3680,1,49.36%,87.23%,0.2561,"[0.10562565922737122, 0.8943743705749512]"
3681,0,49.35%,87.21%,1.6385,"[0.1620400846004486, 0.837959885597229]"
3682,0,49.33%,87.18%,2.0463,"[0.13831549882888794, 0.8616845011711121]"
3683,0,49.32%,87.19%,0.0198,"[0.9803003072738647, 0.019699765369296074]"
3684,1,49.34%,87.19%,0.1001,"[0.10013419389724731, 0.8998658657073975]"
3685,0,49.32%,87.19%,0.0237,"[0.9714439511299133, 0.02855599857866764]"
3686,0,49.31%,87.17%,2.0527,"[0.13734522461891174, 0.8626548051834106]"
3687,0,49.30%,87.17%,0.0205,"[0.9798138737678528, 0.020186077803373337]"
3688,0,49.28%,87.18%,0.0191,"[0.9810876846313477, 0.018912333995103836]"
3689,0,49.27%,87.18%,0.0199,"[0.9803258180618286, 0.019674208015203476]"
3690,0,49.25%,87.19%,0.0192,"[0.9809932708740234, 0.019006742164492607]"
3691,1,49.27%,87.19%,0.1204,"[0.11989933252334595, 0.880100667476654]"
3692,1,49.28%,87.19%,0.3389,"[0.23778952658176422, 0.762210488319397]"
3693,0,49.27%,87.20%,0.0192,"[0.9809690713882446, 0.01903095841407776]"
3694,1,49.28%,87.20%,1.1077,"[0.4930964410305023, 0.5069035291671753]"
3695,0,49.27%,87.20%,0.0229,"[0.9780123829841614, 0.021987583488225937]"
3696,0,49.26%,87.21%,0.0191,"[0.9810512065887451, 0.018948815762996674]"
3697,0,49.24%,87.21%,0.0192,"[0.9810289740562439, 0.018970998004078865]"
3698,0,49.23%,87.21%,0.0191,"[0.9810448884963989, 0.018955137580633163]"
3699,1,49.24%,87.22%,0.1172,"[0.11228280514478683, 0.8877171874046326]"
3700,1,49.26%,87.22%,0.1045,"[0.100277379155159, 0.8997226357460022]"
3701,1,49.27%,87.22%,0.2266,"[0.14292225241661072, 0.8570777177810669]"
3702,1,49.28%,87.23%,0.123,"[0.12964487075805664, 0.8703551292419434]"
3703,0,49.27%,87.23%,0.0193,"[0.9808821082115173, 0.01911791041493416]"
3704,1,49.28%,87.23%,0.2158,"[0.1928325742483139, 0.8071673512458801]"
3705,1,49.30%,87.24%,0.1542,"[0.15263575315475464, 0.8473642468452454]"
3706,1,49.31%,87.24%,0.1126,"[0.09839355945587158, 0.9016065001487732]"
3707,1,49.33%,87.24%,0.1197,"[0.1108056977391243, 0.8891943693161011]"
3708,1,49.34%,87.25%,0.1082,"[0.09846768528223038, 0.9015322327613831]"
3709,1,49.35%,87.25%,0.1124,"[0.10020226240158081, 0.8997977375984192]"
3710,0,49.34%,87.25%,0.0232,"[0.9769415259361267, 0.023058446124196053]"
3711,0,49.33%,87.26%,0.024,"[0.978340208530426, 0.021659746766090393]"
3712,0,49.31%,87.26%,0.0192,"[0.980991542339325, 0.01900847628712654]"
3713,1,49.33%,87.26%,0.1006,"[0.09644769132137299, 0.903552234172821]"
3714,1,49.34%,87.27%,0.1024,"[0.11094572395086288, 0.8890542984008789]"
3715,0,49.33%,87.24%,2.2372,"[0.1080026775598526, 0.8919973373413086]"
3716,0,49.31%,87.25%,0.0212,"[0.9758819341659546, 0.02411804534494877]"
3717,0,49.30%,87.22%,2.3448,"[0.09482762217521667, 0.9051723480224609]"
3718,0,49.29%,87.23%,0.0211,"[0.9790616631507874, 0.02093834988772869]"
3719,1,49.30%,87.23%,0.1104,"[0.10458270460367203, 0.895417332649231]"
3720,1,49.31%,87.23%,0.1193,"[0.11806879192590714, 0.8819312453269958]"
3721,0,49.30%,87.24%,0.0208,"[0.9796718955039978, 0.020328156650066376]"
3722,0,49.29%,87.24%,0.0213,"[0.9764577746391296, 0.023542271926999092]"
3723,1,49.30%,87.24%,0.1016,"[0.09597156941890717, 0.9040284156799316]"
3724,1,49.32%,87.25%,0.1034,"[0.09506583958864212, 0.9049342274665833]"
3725,0,49.30%,87.25%,0.0236,"[0.9773795008659363, 0.022620458155870438]"
3726,0,49.29%,87.26%,0.0208,"[0.9788432121276855, 0.021156752482056618]"
3727,0,49.28%,87.26%,0.0195,"[0.9806931614875793, 0.019306840375065804]"
3728,1,49.29%,87.26%,0.1049,"[0.0984640121459961, 0.9015360474586487]"
3729,0,49.28%,87.24%,2.1737,"[0.11476466804742813, 0.8852353692054749]"
3730,0,49.26%,87.22%,2.2365,"[0.10477668046951294, 0.8952233195304871]"
3731,0,49.25%,87.22%,0.0206,"[0.9799066185951233, 0.020093446597456932]"
3732,1,49.26%,87.22%,0.1183,"[0.11303235590457916, 0.8869675993919373]"
3733,0,49.25%,87.23%,0.0204,"[0.9795611500740051, 0.020438823848962784]"
3734,1,49.26%,87.23%,0.1454,"[0.1325293630361557, 0.8674705624580383]"
3735,0,49.25%,87.23%,0.0203,"[0.9801712036132812, 0.019828809425234795]"
3736,0,49.24%,87.21%,1.9738,"[0.12669196724891663, 0.873308002948761]"
3737,0,49.22%,87.21%,0.0212,"[0.9790605306625366, 0.020939504727721214]"
3738,1,49.24%,87.22%,0.1845,"[0.14709529280662537, 0.852904736995697]"
3739,1,49.25%,87.22%,0.2013,"[0.18404902517795563, 0.8159509301185608]"
3740,0,49.24%,87.22%,0.0245,"[0.9762735366821289, 0.023726489394903183]"
3741,0,49.23%,87.23%,0.0245,"[0.977372944355011, 0.022627027705311775]"
3742,0,49.21%,87.23%,0.0196,"[0.9806023836135864, 0.0193976778537035]"
3743,1,49.23%,87.23%,0.1416,"[0.13437163829803467, 0.8656283617019653]"
3744,0,49.21%,87.24%,0.0203,"[0.9798781871795654, 0.02012179046869278]"
3745,1,49.23%,87.24%,0.1495,"[0.1357828676700592, 0.8642171025276184]"
3746,0,49.21%,87.24%,0.105,"[0.9626129865646362, 0.037387069314718246]"
3747,0,49.20%,87.22%,1.771,"[0.1526040881872177, 0.8473959565162659]"
3748,0,49.19%,87.22%,0.02,"[0.9802866578102112, 0.01971335895359516]"
3749,0,49.17%,87.20%,1.7181,"[0.16337503492832184, 0.8366249799728394]"
3750,1,49.19%,87.20%,0.19,"[0.1680724322795868, 0.8319275975227356]"
3751,0,49.17%,87.21%,0.0199,"[0.9802456498146057, 0.019754407927393913]"
3752,0,49.16%,87.18%,1.5784,"[0.21040602028369904, 0.7895939350128174]"
3753,0,49.15%,87.16%,1.535,"[0.2020910233259201, 0.7979089021682739]"
3754,0,49.13%,87.14%,1.1214,"[0.3117015063762665, 0.6882985234260559]"
3755,1,49.15%,87.14%,0.2452,"[0.20220622420310974, 0.7977938055992126]"
3756,1,49.16%,87.14%,0.3281,"[0.29207947850227356, 0.7079205513000488]"
3757,0,49.15%,87.15%,0.0195,"[0.9806801080703735, 0.019319862127304077]"
3758,0,49.14%,87.15%,0.0196,"[0.980630099773407, 0.019369909539818764]"
3759,1,49.15%,87.15%,0.291,"[0.2572465240955353, 0.7427533864974976]"
3760,0,49.14%,87.16%,0.0195,"[0.980649471282959, 0.019350476562976837]"
3761,1,49.15%,87.16%,0.2384,"[0.21009431779384613, 0.7899056673049927]"
3762,1,49.16%,87.16%,0.5713,"[0.3999025821685791, 0.6000974178314209]"
3763,0,49.15%,87.14%,0.834,"[0.4479058086872101, 0.5520941615104675]"
3764,1,49.16%,87.14%,0.2922,"[0.24954736232757568, 0.7504525780677795]"
3765,0,49.15%,87.15%,0.0196,"[0.9805650115013123, 0.019435036927461624]"
3766,1,49.16%,87.15%,0.4498,"[0.34852105379104614, 0.6514788866043091]"
3767,1,49.18%,87.15%,0.5585,"[0.40313345193862915, 0.5968665480613708]"
3768,0,49.16%,87.16%,0.0195,"[0.9806740283966064, 0.01932598650455475]"
3769,1,49.18%,87.16%,0.2943,"[0.2885245084762573, 0.7114754319190979]"
3770,0,49.16%,87.17%,0.0198,"[0.9803662896156311, 0.01963367871940136]"
3771,1,49.18%,87.17%,0.3435,"[0.2592812180519104, 0.7407188415527344]"
3772,1,49.19%,87.17%,0.2389,"[0.21096059679985046, 0.7890394330024719]"
3773,0,49.18%,87.18%,0.0195,"[0.9807150363922119, 0.01928500086069107]"
3774,1,49.19%,87.18%,0.2142,"[0.18574900925159454, 0.8142510652542114]"
3775,1,49.21%,87.18%,0.3108,"[0.3013385236263275, 0.6986615061759949]"
3776,1,49.22%,87.19%,0.4649,"[0.3910145163536072, 0.6089855432510376]"
3777,0,49.21%,87.16%,1.2681,"[0.24955496191978455, 0.7504450082778931]"
3778,1,49.22%,87.17%,0.2981,"[0.2610761225223541, 0.7389238476753235]"
3779,0,49.21%,87.14%,1.371,"[0.24310806393623352, 0.7568919658660889]"
3780,1,49.22%,87.15%,0.2035,"[0.17932137846946716, 0.8206786513328552]"
3781,1,49.23%,87.15%,0.1922,"[0.18635456264019012, 0.8136454224586487]"
3782,1,49.25%,87.15%,0.2506,"[0.19547070562839508, 0.8045293092727661]"
3783,0,49.23%,87.16%,0.0197,"[0.9805359840393066, 0.019463982433080673]"
3784,0,49.22%,87.16%,0.0196,"[0.9806038737297058, 0.019396116957068443]"
3785,0,49.21%,87.16%,0.0196,"[0.9805960655212402, 0.019404001533985138]"
3786,0,49.19%,87.17%,0.0201,"[0.9801375269889832, 0.019862497225403786]"
3787,0,49.18%,87.17%,0.0201,"[0.9800962805747986, 0.019903652369976044]"
3788,1,49.20%,87.17%,0.159,"[0.15194423496723175, 0.8480557799339294]"
3789,0,49.18%,87.18%,0.0195,"[0.9807073473930359, 0.019292671233415604]"
3790,1,49.20%,87.18%,0.2081,"[0.18736344575881958, 0.8126365542411804]"
3791,1,49.21%,87.18%,0.1676,"[0.14596043527126312, 0.8540395498275757]"
3792,0,49.20%,87.19%,0.0195,"[0.9806548357009888, 0.019345112144947052]"
3793,0,49.18%,87.19%,0.0194,"[0.980759859085083, 0.01924014277756214]"
3794,1,49.20%,87.19%,0.1794,"[0.15776284039020538, 0.8422371745109558]"
3795,1,49.21%,87.20%,0.1893,"[0.2007736712694168, 0.7992263436317444]"
3796,0,49.20%,87.20%,0.0194,"[0.9808316826820374, 0.019168326631188393]"
3797,1,49.21%,87.20%,0.144,"[0.13168802857398987, 0.8683120608329773]"
3798,1,49.22%,87.21%,0.1432,"[0.13831500709056854, 0.861685037612915]"
3799,1,49.24%,87.21%,0.1432,"[0.1321391761302948, 0.8678607940673828]"
3800,0,49.22%,87.19%,1.4833,"[0.31518664956092834, 0.684813380241394]"
3801,1,49.24%,87.19%,0.144,"[0.14277948439121246, 0.857220470905304]"
3802,0,49.22%,87.19%,0.0193,"[0.9809204339981079, 0.019079506397247314]"
3803,1,49.24%,87.20%,0.1346,"[0.1441936194896698, 0.8558063507080078]"
3804,1,49.25%,87.20%,0.2191,"[0.19165027141571045, 0.8083497285842896]"
3805,0,49.24%,87.18%,1.8837,"[0.15384601056575775, 0.846153974533081]"
3806,1,49.25%,87.18%,0.1374,"[0.12046122550964355, 0.8795387744903564]"
3807,0,49.24%,87.18%,0.0205,"[0.9801989197731018, 0.01980104297399521]"
3808,0,49.23%,87.19%,0.0198,"[0.9802895188331604, 0.019710512831807137]"
3809,1,49.24%,87.19%,0.1405,"[0.13787302374839783, 0.8621270060539246]"
3810,0,49.23%,87.17%,1.6986,"[0.17799560725688934, 0.8220043778419495]"
3811,1,49.24%,87.17%,0.1321,"[0.119691863656044, 0.8803081512451172]"
3812,0,49.23%,87.15%,1.8415,"[0.1491207629442215, 0.8508791923522949]"
3813,1,49.24%,87.15%,0.1504,"[0.13701069355010986, 0.8629893064498901]"
3814,0,49.23%,87.13%,1.119,"[0.28634241223335266, 0.713657557964325]"
3815,0,49.21%,87.13%,0.0193,"[0.9809226393699646, 0.01907733827829361]"
3816,1,49.23%,87.14%,0.2164,"[0.18080854415893555, 0.8191914558410645]"
3817,0,49.21%,87.14%,0.0192,"[0.9809941053390503, 0.019005924463272095]"
3818,0,49.20%,87.14%,0.0193,"[0.9808745384216309, 0.01912539452314377]"
3819,1,49.21%,87.15%,0.4396,"[0.33328935503959656, 0.666710615158081]"
3820,1,49.23%,87.15%,0.1823,"[0.16137990355491638, 0.838620126247406]"
3821,1,49.24%,87.15%,0.1572,"[0.14462418854236603, 0.8553758263587952]"
3822,1,49.25%,87.16%,0.1985,"[0.17323412001132965, 0.8267658948898315]"
3823,0,49.24%,87.16%,0.0196,"[0.9804454445838928, 0.019554508849978447]"
3824,0,49.23%,87.14%,1.8206,"[0.1624438315629959, 0.8375562429428101]"
3825,1,49.24%,87.14%,0.2104,"[0.20101723074913025, 0.7989827990531921]"
3826,0,49.23%,87.14%,0.0192,"[0.9809964895248413, 0.019003532826900482]"
3827,1,49.24%,87.15%,0.1806,"[0.16209162771701813, 0.8379083275794983]"
3828,0,49.23%,87.15%,0.0191,"[0.9810388088226318, 0.018961139023303986]"
3829,0,49.22%,87.15%,0.0191,"[0.9810592532157898, 0.018940791487693787]"
3830,0,49.20%,87.16%,0.0192,"[0.9809542894363403, 0.01904570497572422]"
3831,0,49.19%,87.13%,1.8184,"[0.15399974584579468, 0.8460002541542053]"
3832,0,49.18%,87.14%,0.0192,"[0.9809575080871582, 0.01904255338013172]"
3833,1,49.19%,87.14%,0.1747,"[0.17194947600364685, 0.8280504941940308]"
3834,0,49.18%,87.14%,0.0212,"[0.9777596592903137, 0.02224033884704113]"
3835,0,49.17%,87.15%,0.0192,"[0.9810082912445068, 0.01899172179400921]"
3836,0,49.15%,87.15%,0.0196,"[0.98062664270401, 0.019373292103409767]"
3837,1,49.17%,87.15%,0.2182,"[0.17618367075920105, 0.8238162398338318]"
3838,1,49.18%,87.16%,0.1611,"[0.17083147168159485, 0.8291684985160828]"
3839,0,49.17%,87.16%,0.2597,"[0.8154227137565613, 0.1845773309469223]"
3840,1,49.18%,87.16%,0.2102,"[0.1614343225955963, 0.8385656476020813]"
3841,1,49.19%,87.17%,0.2598,"[0.1921631395816803, 0.8078368902206421]"
3842,1,49.21%,87.15%,1.1573,"[0.8297111392021179, 0.1702888011932373]"
3843,1,49.22%,87.15%,0.4054,"[0.2909683883190155, 0.7090315818786621]"
3844,1,49.23%,87.15%,0.3164,"[0.26295173168182373, 0.7370482683181763]"
3845,0,49.22%,87.16%,0.0196,"[0.9806861877441406, 0.019313812255859375]"
3846,1,49.23%,87.16%,0.1566,"[0.14871545135974884, 0.8512845039367676]"
3847,0,49.22%,87.16%,0.0191,"[0.9810624718666077, 0.01893756166100502]"
3848,0,49.21%,87.17%,0.0192,"[0.9809767603874207, 0.019023282453417778]"
3849,0,49.19%,87.17%,0.0196,"[0.980504035949707, 0.019495997577905655]"
3850,1,49.21%,87.17%,0.1267,"[0.11951542645692825, 0.8804845809936523]"
3851,1,49.22%,87.18%,0.175,"[0.15128427743911743, 0.8487157225608826]"
3852,0,49.21%,87.18%,0.02,"[0.9802775979042053, 0.019722381606698036]"
3853,1,49.22%,87.18%,0.1415,"[0.13367746770381927, 0.8663225173950195]"
3854,0,49.21%,87.16%,1.4504,"[0.23299534618854523, 0.767004668712616]"
3855,0,49.20%,87.16%,0.0198,"[0.9803345203399658, 0.019665447995066643]"
3856,1,49.21%,87.17%,0.1391,"[0.1303325742483139, 0.8696674704551697]"
3857,0,49.20%,87.17%,0.0192,"[0.980972409248352, 0.01902763918042183]"
3858,0,49.18%,87.17%,0.0256,"[0.9772084951400757, 0.022791482508182526]"
3859,0,49.17%,87.18%,0.0193,"[0.9809092283248901, 0.019090795889496803]"
3860,0,49.16%,87.18%,0.0195,"[0.9806290864944458, 0.019370900467038155]"
3861,1,49.17%,87.18%,0.1325,"[0.13852235674858093, 0.8614776730537415]"
3862,0,49.16%,87.19%,0.0234,"[0.9780535697937012, 0.02194645255804062]"
3863,0,49.15%,87.16%,1.6888,"[0.2202085703611374, 0.7797914147377014]"
3864,0,49.13%,87.14%,2.0172,"[0.13243740797042847, 0.8675626516342163]"
3865,0,49.12%,87.12%,1.837,"[0.1480713188648224, 0.8519287109375]"
3866,0,49.11%,87.10%,1.7098,"[0.23090872168540955, 0.7690913081169128]"
3867,0,49.10%,87.10%,0.0286,"[0.9750287532806396, 0.024971269071102142]"
3868,0,49.08%,87.10%,0.0192,"[0.98099684715271, 0.01900315470993519]"
3869,0,49.07%,87.11%,0.0194,"[0.9807233214378357, 0.01927664503455162]"
3870,1,49.08%,87.11%,0.2238,"[0.2036864459514618, 0.7963135242462158]"
3871,0,49.07%,87.11%,0.0194,"[0.980860710144043, 0.019139287993311882]"
3872,0,49.06%,87.12%,0.4109,"[0.9199820756912231, 0.08001799136400223]"
3873,1,49.07%,87.12%,0.2636,"[0.26672157645225525, 0.7332783937454224]"
3874,0,49.06%,87.12%,0.0194,"[0.9808345437049866, 0.01916543021798134]"
3875,1,49.07%,87.13%,0.1923,"[0.1841581165790558, 0.815841794013977]"
3876,0,49.06%,87.13%,0.0194,"[0.9807611703872681, 0.019238801673054695]"
3877,0,49.05%,87.13%,0.0194,"[0.9808082580566406, 0.019191667437553406]"
3878,0,49.03%,87.14%,0.0192,"[0.9809432625770569, 0.019056763499975204]"
3879,1,49.05%,87.11%,0.398,"[0.660307765007019, 0.3396921753883362]"
3880,0,49.03%,87.12%,0.0195,"[0.9806768894195557, 0.01932317018508911]"
3881,1,49.05%,87.09%,0.4356,"[0.5050340890884399, 0.49496588110923767]"
3882,0,49.03%,87.10%,0.0193,"[0.9809309840202332, 0.019069025292992592]"
3883,0,49.02%,87.10%,0.0204,"[0.9797112345695496, 0.020288726314902306]"
3884,0,49.01%,87.10%,0.0237,"[0.9762144684791565, 0.02378549613058567]"
3885,0,49.00%,87.11%,0.0811,"[0.8894900679588318, 0.11050993949174881]"
3886,1,49.01%,87.11%,0.1635,"[0.1529315561056137, 0.8470684885978699]"
3887,1,49.02%,87.11%,0.1673,"[0.1614002138376236, 0.8385998010635376]"
3888,1,49.04%,87.12%,0.2176,"[0.19959327578544617, 0.8004066944122314]"
3889,0,49.02%,87.12%,0.0192,"[0.9810227751731873, 0.0189772117882967]"
3890,1,49.04%,87.12%,0.155,"[0.1377488374710083, 0.8622511625289917]"
3891,1,49.05%,87.13%,0.2759,"[0.27175167202949524, 0.7282482981681824]"
3892,0,49.04%,87.13%,0.0192,"[0.9810243844985962, 0.01897565834224224]"
3893,1,49.05%,87.13%,0.1596,"[0.17284581065177917, 0.8271541595458984]"
3894,1,49.06%,87.14%,0.1326,"[0.13701313734054565, 0.8629869222640991]"
3895,0,49.05%,87.14%,0.0191,"[0.9810371994972229, 0.018962817266583443]"
3896,0,49.04%,87.14%,0.019,"[0.981157124042511, 0.01884283311665058]"
3897,0,49.03%,87.12%,1.129,"[0.4762115776538849, 0.5237884521484375]"
3898,0,49.01%,87.12%,0.0192,"[0.9809422492980957, 0.0190577432513237]"
3899,1,49.03%,87.13%,0.132,"[0.11738947033882141, 0.882610559463501]"
3900,0,49.01%,87.11%,1.3332,"[0.23300105333328247, 0.7669990062713623]"
3901,0,49.00%,87.11%,0.019,"[0.9811761975288391, 0.018823809921741486]"
3902,0,48.99%,87.11%,0.0189,"[0.9812615513801575, 0.018738403916358948]"
3903,0,48.98%,87.12%,0.0191,"[0.9810928702354431, 0.018907109275460243]"
3904,1,48.99%,87.12%,0.1901,"[0.17658622562885284, 0.8234137296676636]"
3905,1,49.00%,87.12%,0.141,"[0.13543158769607544, 0.8645684123039246]"
3906,1,49.01%,87.13%,0.1281,"[0.11835186183452606, 0.8816481828689575]"
3907,1,49.03%,87.13%,0.1551,"[0.13390199840068817, 0.8660980463027954]"
3908,1,49.04%,87.13%,0.156,"[0.15294021368026733, 0.8470598459243774]"
3909,1,49.05%,87.14%,0.1322,"[0.12393723428249359, 0.87606281042099]"
3910,0,49.04%,87.14%,0.0187,"[0.9814285039901733, 0.018571482971310616]"
3911,0,49.03%,87.14%,0.0188,"[0.9813499450683594, 0.018650073558092117]"
3912,1,49.04%,87.15%,0.132,"[0.136544331908226, 0.8634556531906128]"
3913,0,49.03%,87.15%,0.0188,"[0.9813308119773865, 0.01866922341287136]"
3914,0,49.02%,87.13%,2.0642,"[0.1288072019815445, 0.8711927533149719]"
3915,1,49.03%,87.13%,0.1689,"[0.16366541385650635, 0.8363345861434937]"
3916,1,49.04%,87.13%,0.1652,"[0.15145796537399292, 0.8485420942306519]"
3917,1,49.06%,87.14%,0.1296,"[0.12196759134531021, 0.8780324459075928]"
3918,0,49.04%,87.14%,0.0187,"[0.981440544128418, 0.01855948567390442]"
3919,0,49.03%,87.14%,0.0187,"[0.9815199971199036, 0.018480032682418823]"
3920,1,49.04%,87.15%,1.4675,"[0.35002195835113525, 0.6499781012535095]"
3921,1,49.06%,87.15%,0.1277,"[0.12140385806560516, 0.8785961866378784]"
3922,0,49.04%,87.15%,0.4569,"[0.5467332601547241, 0.4532667100429535]"
3923,0,49.03%,87.16%,0.0188,"[0.9813485741615295, 0.018651356920599937]"
3924,0,49.02%,87.16%,0.0189,"[0.9813029170036316, 0.018697133287787437]"
3925,0,49.01%,87.16%,0.0189,"[0.9813023209571838, 0.018697727471590042]"
3926,0,48.99%,87.14%,2.1067,"[0.12155818194150925, 0.8784418106079102]"
3927,1,49.01%,87.14%,0.1824,"[0.20455855131149292, 0.7954414486885071]"
3928,1,49.02%,87.15%,0.1172,"[0.10596630722284317, 0.894033670425415]"
3929,1,49.03%,87.15%,0.1887,"[0.23271867632865906, 0.7672812938690186]"
3930,1,49.05%,87.15%,0.131,"[0.11546584963798523, 0.8845341801643372]"
3931,1,49.06%,87.16%,0.1515,"[0.1549684852361679, 0.8450315594673157]"
3932,0,49.05%,87.13%,1.8086,"[0.1767956167459488, 0.8232043385505676]"
3933,1,49.06%,87.14%,0.13,"[0.1172867864370346, 0.8827131986618042]"
3934,1,49.07%,87.14%,0.137,"[0.11506029963493347, 0.8849396705627441]"
3935,1,49.09%,87.14%,0.3299,"[0.3208656907081604, 0.6791342496871948]"
3936,1,49.10%,87.15%,0.1252,"[0.12754617631435394, 0.8724538683891296]"
3937,0,49.09%,87.15%,0.1006,"[0.8269103169441223, 0.17308972775936127]"
3938,1,49.10%,87.15%,0.1376,"[0.13378414511680603, 0.8662158846855164]"
3939,0,49.09%,87.16%,0.0486,"[0.9509749412536621, 0.049025073647499084]"
3940,1,49.10%,87.16%,0.1515,"[0.12790542840957642, 0.8720945715904236]"
3941,0,49.09%,87.14%,0.6139,"[0.4067252278327942, 0.5932747721672058]"
3942,0,49.07%,87.14%,0.0753,"[0.9228182435035706, 0.07718171924352646]"
3943,0,49.06%,87.15%,0.0192,"[0.9810261130332947, 0.018973873928189278]"
3944,0,49.05%,87.15%,0.0187,"[0.981447696685791, 0.01855233684182167]"
3945,1,49.06%,87.15%,0.1233,"[0.11477048695087433, 0.8852294683456421]"
3946,0,49.05%,87.15%,0.0187,"[0.98142009973526, 0.018579844385385513]"
3947,1,49.06%,87.16%,0.2737,"[0.19431106746196747, 0.8056889176368713]"
3948,1,49.08%,87.14%,0.8764,"[0.5769240260124207, 0.42307594418525696]"
3949,1,49.09%,87.14%,0.1382,"[0.14320996403694153, 0.8567900657653809]"
3950,0,49.08%,87.14%,0.0187,"[0.981410562992096, 0.018589429557323456]"
3951,1,49.09%,87.15%,0.1171,"[0.11067032814025879, 0.8893296122550964]"
3952,0,49.08%,87.15%,0.1411,"[0.9067034125328064, 0.0932966098189354]"
3953,1,49.09%,87.15%,0.1296,"[0.11953284591436386, 0.8804671764373779]"
3954,1,49.10%,87.16%,0.9662,"[0.3766425549983978, 0.6233575344085693]"
3955,0,49.09%,87.16%,0.0186,"[0.9815257787704468, 0.018474193289875984]"
3956,0,49.08%,87.16%,0.0186,"[0.981581449508667, 0.01841854117810726]"
3957,0,49.07%,87.17%,0.0188,"[0.9814390540122986, 0.018560979515314102]"
3958,1,49.08%,87.17%,0.1574,"[0.11555248498916626, 0.8844475150108337]"
3959,0,49.07%,87.17%,0.0186,"[0.9816026091575623, 0.018397388979792595]"
3960,0,49.05%,87.17%,0.0186,"[0.9816152453422546, 0.01838470809161663]"
3961,0,49.04%,87.15%,1.7836,"[0.16066400706768036, 0.8393359184265137]"
3962,1,49.05%,87.16%,0.1138,"[0.1065395325422287, 0.8934604525566101]"
3963,1,49.07%,87.16%,0.1154,"[0.11452949792146683, 0.885470449924469]"
3964,1,49.08%,87.14%,0.8211,"[0.5941173434257507, 0.4058826267719269]"
3965,0,49.07%,87.12%,0.9354,"[0.4143475294113159, 0.5856524705886841]"
3966,0,49.05%,87.12%,0.0186,"[0.9815469980239868, 0.01845301315188408]"
3967,0,49.04%,87.12%,0.0185,"[0.9816226959228516, 0.018377315253019333]"
3968,1,49.06%,87.13%,0.1106,"[0.10395345836877823, 0.8960465788841248]"
3969,1,49.07%,87.13%,0.1116,"[0.10427775233983994, 0.8957222104072571]"
3970,1,49.08%,87.13%,0.1229,"[0.11887458711862564, 0.8811253905296326]"
3971,0,49.07%,87.13%,0.0185,"[0.9816369414329529, 0.01836300455033779]"
3972,0,49.06%,87.14%,0.0186,"[0.9815877676010132, 0.018412236124277115]"
3973,1,49.07%,87.14%,0.1068,"[0.10253690928220749, 0.8974630832672119]"
3974,1,49.08%,87.14%,0.1572,"[0.13200582563877106, 0.8679941296577454]"
3975,0,49.07%,87.15%,0.0186,"[0.9815381765365601, 0.01846184954047203]"
3976,0,49.06%,87.15%,0.0186,"[0.9815282821655273, 0.01847168058156967]"
3977,1,49.07%,87.15%,0.1114,"[0.10440272837877274, 0.8955972194671631]"
3978,1,49.08%,87.16%,0.1092,"[0.10303421318531036, 0.8969658017158508]"
3979,1,49.10%,87.16%,0.1145,"[0.10382504761219025, 0.896174967288971]"
3980,0,49.08%,87.16%,0.0185,"[0.9816447496414185, 0.018355201929807663]"
3981,1,49.10%,87.17%,0.1326,"[0.1280965507030487, 0.8719034790992737]"
3982,0,49.08%,87.17%,0.0186,"[0.9816113114356995, 0.01838863082230091]"
3983,1,49.10%,87.17%,0.107,"[0.10116377472877502, 0.8988361954689026]"
3984,1,49.11%,87.18%,0.1708,"[0.1588761955499649, 0.8411237597465515]"
3985,1,49.12%,87.18%,0.1023,"[0.09745656698942184, 0.9025434255599976]"
3986,1,49.13%,87.18%,0.1295,"[0.1153782308101654, 0.8846217393875122]"
3987,0,49.12%,87.19%,0.0183,"[0.9818057417869568, 0.018194295465946198]"
3988,0,49.11%,87.19%,0.0184,"[0.981773316860199, 0.018226701766252518]"
3989,1,49.12%,87.19%,0.1021,"[0.09668230265378952, 0.9033176898956299]"
3990,1,49.14%,87.20%,0.1889,"[0.2908766567707062, 0.7091233730316162]"
3991,0,49.12%,87.20%,0.0195,"[0.9808931350708008, 0.01910686306655407]"
3992,1,49.14%,87.20%,0.0986,"[0.09354986995458603, 0.9064501523971558]"
3993,0,49.12%,87.18%,1.279,"[0.2551698088645935, 0.7448301911354065]"
3994,0,49.11%,87.18%,0.6223,"[0.562981367111206, 0.4370186924934387]"
3995,1,49.12%,87.19%,0.1136,"[0.10900358855724335, 0.8909963965415955]"
3996,1,49.14%,87.19%,0.1031,"[0.09146008640527725, 0.908539891242981]"
3997,0,49.12%,87.19%,0.0181,"[0.9820703268051147, 0.017929641529917717]"
3998,1,49.14%,87.20%,0.1434,"[0.1574980467557907, 0.8425019383430481]"
3999,0,49.12%,87.17%,2.2245,"[0.09711472690105438, 0.9028853178024292]"
4000,0,49.11%,87.15%,0.338,"[0.4309976100921631, 0.5690023899078369]"
4001,0,49.10%,87.16%,0.018,"[0.9821118116378784, 0.017888126894831657]"
4002,1,49.11%,87.16%,0.1334,"[0.1409122496843338, 0.8590877652168274]"
4003,0,49.10%,87.16%,0.018,"[0.9821354150772095, 0.017864586785435677]"
4004,1,49.11%,87.17%,0.1056,"[0.09944184869527817, 0.9005581140518188]"
4005,1,49.13%,87.17%,0.0996,"[0.0990692675113678, 0.9009307622909546]"
4006,1,49.14%,87.17%,0.1497,"[0.14972974359989166, 0.8502702116966248]"
4007,1,49.15%,87.18%,0.1011,"[0.09669813513755798, 0.9033018946647644]"
4008,0,49.14%,87.18%,0.0182,"[0.9818912148475647, 0.01810881681740284]"
4009,1,49.15%,87.18%,0.1783,"[0.12334012985229492, 0.8766599297523499]"
4010,1,49.16%,87.16%,0.1928,"[0.643553614616394, 0.35644635558128357]"
4011,0,49.15%,87.16%,0.019,"[0.9811332821846008, 0.018866747617721558]"
4012,0,49.14%,87.17%,0.0181,"[0.9820868968963623, 0.01791316084563732]"
4013,1,49.15%,87.17%,0.0998,"[0.09539134800434113, 0.9046086668968201]"
4014,0,49.14%,87.17%,0.0179,"[0.9822726249694824, 0.017727404832839966]"
4015,1,49.15%,87.18%,0.1188,"[0.11359763890504837, 0.8864023685455322]"
4016,1,49.17%,87.18%,0.5201,"[0.1693275421857834, 0.8306724429130554]"
4017,1,49.18%,87.18%,0.1636,"[0.18843716382980347, 0.8115628361701965]"
4018,0,49.17%,87.19%,0.0179,"[0.9823017120361328, 0.01769835129380226]"
4019,1,49.18%,87.19%,0.0959,"[0.08946128189563751, 0.9105386734008789]"
4020,1,49.19%,87.19%,0.0937,"[0.0914892926812172, 0.908510684967041]"
4021,0,49.18%,87.20%,0.0184,"[0.9815207123756409, 0.018479330465197563]"
4022,0,49.17%,87.20%,0.0193,"[0.9792850017547607, 0.020714979618787766]"
4023,1,49.18%,87.20%,0.1071,"[0.09815354645252228, 0.9018464684486389]"
4024,1,49.19%,87.20%,0.1181,"[0.11205233633518219, 0.887947678565979]"
4025,0,49.18%,87.21%,0.0192,"[0.9811946749687195, 0.01880534738302231]"
4026,1,49.19%,87.21%,0.0986,"[0.09573907405138016, 0.9042609333992004]"
4027,0,49.18%,87.19%,1.5459,"[0.2424924224615097, 0.7575075030326843]"
4028,0,49.17%,87.19%,0.0178,"[0.9823121428489685, 0.017687799409031868]"
4029,0,49.16%,87.20%,0.0177,"[0.9824364185333252, 0.01756354793906212]"
4030,0,49.14%,87.20%,0.0266,"[0.9665515422821045, 0.03344840928912163]"
4031,1,49.16%,87.20%,0.0931,"[0.08940218389034271, 0.9105978012084961]"
4032,0,49.14%,87.21%,0.0213,"[0.9773896336555481, 0.0226103775203228]"
4033,0,49.13%,87.21%,0.8056,"[0.9111447334289551, 0.0888553038239479]"
4034,1,49.14%,87.21%,0.0985,"[0.09317974001169205, 0.9068202972412109]"
4035,1,49.16%,87.22%,0.0986,"[0.09056174755096436, 0.9094381928443909]"
4036,1,49.17%,87.22%,0.1208,"[0.11747779697179794, 0.8825221657752991]"
4037,0,49.16%,87.22%,0.019,"[0.9804301261901855, 0.019569922238588333]"
4038,0,49.15%,87.22%,0.021,"[0.9804024696350098, 0.019597550854086876]"
4039,1,49.16%,87.23%,0.1089,"[0.0983404740691185, 0.9016594886779785]"
4040,1,49.17%,87.23%,0.1406,"[0.13644526898860931, 0.8635547757148743]"
4041,1,49.18%,87.23%,0.1927,"[0.11913978308439255, 0.8808602094650269]"
4042,0,49.17%,87.24%,0.0184,"[0.9814726114273071, 0.018527453765273094]"
4043,0,49.16%,87.22%,2.2957,"[0.09747803956270218, 0.9025219678878784]"
4044,0,49.15%,87.22%,0.0178,"[0.9823931455612183, 0.017606813460588455]"
4045,1,49.16%,87.22%,0.1078,"[0.0984925627708435, 0.9015074372291565]"
4046,0,49.15%,87.23%,0.0232,"[0.9771674275398254, 0.022832533344626427]"
4047,0,49.14%,87.20%,2.2571,"[0.10046439617872238, 0.8995356559753418]"
4048,0,49.12%,87.21%,0.023,"[0.9780560731887817, 0.021943962201476097]"
4049,0,49.11%,87.21%,0.0177,"[0.9823743104934692, 0.017625654116272926]"
4050,1,49.12%,87.21%,0.1044,"[0.09754488617181778, 0.9024550914764404]"
4051,1,49.14%,87.22%,0.1041,"[0.09956756234169006, 0.9004324674606323]"
4052,1,49.15%,87.22%,0.1161,"[0.11834254115819931, 0.8816575407981873]"
4053,0,49.14%,87.22%,0.0176,"[0.9826434254646301, 0.017356526106595993]"
4054,0,49.12%,87.23%,1.8537,"[0.5288891792297363, 0.47111085057258606]"
4055,1,49.14%,87.23%,0.1192,"[0.11700879037380219, 0.8829911947250366]"
4056,1,49.15%,87.23%,0.1483,"[0.14180313050746918, 0.8581968545913696]"
4057,0,49.14%,87.24%,0.0176,"[0.9825106263160706, 0.017489373683929443]"
4058,0,49.13%,87.24%,0.019,"[0.9806351661682129, 0.01936488412320614]"
4059,1,49.14%,87.24%,0.1261,"[0.11573053896427155, 0.8842694759368896]"
4060,0,49.13%,87.24%,0.0186,"[0.9813050627708435, 0.01869489625096321]"
4061,1,49.14%,87.25%,0.1447,"[0.147993803024292, 0.8520062565803528]"
4062,0,49.13%,87.25%,0.0176,"[0.9825742840766907, 0.017425749450922012]"
4063,0,49.11%,87.25%,0.0178,"[0.9823155999183655, 0.017684336751699448]"
4064,0,49.10%,87.23%,1.9543,"[0.13058868050575256, 0.869411289691925]"
4065,1,49.11%,87.24%,0.2669,"[0.2016293704509735, 0.7983706593513489]"
4066,1,49.13%,87.24%,0.2693,"[0.23271146416664124, 0.7672885060310364]"
4067,0,49.12%,87.24%,0.0207,"[0.9808292388916016, 0.019170738756656647]"
4068,0,49.10%,87.25%,0.0215,"[0.979864239692688, 0.020135734230279922]"
4069,0,49.09%,87.25%,0.024,"[0.9753791689872742, 0.024620898067951202]"
4070,0,49.08%,87.25%,0.019,"[0.9807558655738831, 0.019244110211730003]"
4071,1,49.09%,87.25%,0.1092,"[0.10254233330488205, 0.8974577188491821]"
4072,1,49.10%,87.26%,0.1215,"[0.1119939535856247, 0.8880060911178589]"
4073,1,49.12%,87.26%,0.1168,"[0.11968518793582916, 0.880314826965332]"
4074,0,49.10%,87.26%,0.0184,"[0.9819241166114807, 0.018075859174132347]"
4075,1,49.12%,87.27%,0.1102,"[0.10850944370031357, 0.8914905786514282]"
4076,1,49.13%,87.27%,0.1272,"[0.10278883576393127, 0.8972111940383911]"
4077,0,49.12%,87.27%,0.0179,"[0.9822763800621033, 0.017723551020026207]"
4078,0,49.11%,87.28%,0.0422,"[0.9623766541481018, 0.037623316049575806]"
4079,1,49.12%,87.28%,0.1125,"[0.10479271411895752, 0.8952072858810425]"
4080,0,49.11%,87.28%,0.0183,"[0.9820069670677185, 0.017993059009313583]"
4081,0,49.09%,87.29%,0.0181,"[0.9820912480354309, 0.017908789217472076]"
4082,1,49.11%,87.29%,0.1052,"[0.09909382462501526, 0.9009062051773071]"
4083,0,49.09%,87.29%,0.0181,"[0.9818491339683533, 0.018150854855775833]"
4084,1,49.11%,87.29%,0.0996,"[0.09661905467510223, 0.9033808708190918]"
4085,1,49.12%,87.30%,0.1499,"[0.11609279364347458, 0.8839071989059448]"
4086,1,49.13%,87.30%,0.1445,"[0.11866263300180435, 0.8813374042510986]"
4087,0,49.12%,87.30%,0.0173,"[0.9827914834022522, 0.017208535224199295]"
4088,1,49.13%,87.31%,0.1109,"[0.10326776653528214, 0.8967322111129761]"
4089,0,49.12%,87.31%,0.3405,"[0.7701319456100464, 0.2298680692911148]"
4090,1,49.13%,87.31%,0.1143,"[0.0930836871266365, 0.9069163203239441]"
4091,1,49.14%,87.32%,0.1027,"[0.09818056225776672, 0.9018194079399109]"
4092,0,49.13%,87.32%,0.0173,"[0.9828193783760071, 0.017180604860186577]"
4093,0,49.12%,87.32%,0.0181,"[0.9821051359176636, 0.01789488084614277]"
4094,0,49.11%,87.33%,0.0187,"[0.9819366335868835, 0.018063325434923172]"
4095,1,49.12%,87.33%,0.1044,"[0.09890531748533249, 0.9010947346687317]"
4096,1,49.13%,87.33%,0.1015,"[0.09505131095647812, 0.9049486517906189]"
4097,1,49.15%,87.34%,0.0985,"[0.0926312804222107, 0.9073687791824341]"
4098,1,49.16%,87.34%,0.0976,"[0.09691591560840607, 0.9030840992927551]"
4099,0,49.15%,87.34%,0.017,"[0.983178973197937, 0.016821010038256645]"
4100,1,49.16%,87.34%,0.1043,"[0.09931425750255585, 0.9006857872009277]"
4101,0,49.15%,87.35%,0.0178,"[0.9826139807701111, 0.017386063933372498]"
4102,0,49.13%,87.35%,0.0169,"[0.9832475781440735, 0.016752390190958977]"
4103,1,49.15%,87.35%,0.0975,"[0.09251999855041504, 0.907480001449585]"
4104,1,49.16%,87.36%,0.1277,"[0.12754924595355988, 0.8724507689476013]"
4105,0,49.15%,87.36%,0.0172,"[0.9829350113868713, 0.017064973711967468]"
4106,1,49.16%,87.36%,0.0999,"[0.0951201319694519, 0.9048798084259033]"
4107,0,49.15%,87.37%,0.0168,"[0.9833146333694458, 0.01668531447649002]"
4108,1,49.16%,87.37%,0.103,"[0.09680481255054474, 0.9031952023506165]"
4109,0,49.15%,87.37%,0.0168,"[0.9833624958992004, 0.016637524589896202]"
4110,0,49.14%,87.35%,1.5478,"[0.10898444801568985, 0.8910155892372131]"
4111,1,49.15%,87.35%,0.1563,"[0.10628700256347656, 0.8937129974365234]"
4112,0,49.14%,87.36%,0.0168,"[0.9833565950393677, 0.016643408685922623]"
4113,1,49.15%,87.36%,0.0898,"[0.08631982654333115, 0.9136801362037659]"
4114,1,49.16%,87.36%,0.0953,"[0.09299661219120026, 0.9070034027099609]"
4115,0,49.15%,87.37%,0.0173,"[0.982828676700592, 0.017171258106827736]"
4116,0,49.14%,87.37%,0.0167,"[0.9834712147712708, 0.016528766602277756]"
4117,0,49.13%,87.37%,0.0169,"[0.9832363724708557, 0.01676366664469242]"
4118,1,49.14%,87.38%,0.0907,"[0.08767328411340714, 0.9123267531394958]"
4119,0,49.13%,87.38%,0.0181,"[0.9821056127548218, 0.01789436861872673]"
4120,0,49.11%,87.38%,0.0168,"[0.9833072423934937, 0.016692692413926125]"
4121,1,49.13%,87.38%,0.1341,"[0.10606738179922104, 0.893932580947876]"
4122,1,49.14%,87.39%,0.1099,"[0.13637521862983704, 0.8636248111724854]"
4123,1,49.15%,87.39%,0.0875,"[0.0829467922449112, 0.9170532822608948]"
4124,1,49.16%,87.39%,0.0933,"[0.08822394907474518, 0.911776065826416]"
4125,0,49.15%,87.40%,0.0165,"[0.9836592674255371, 0.016340719535946846]"
4126,1,49.16%,87.40%,0.0877,"[0.08316007256507874, 0.9168399572372437]"
4127,1,49.18%,87.40%,0.0963,"[0.08966650068759918, 0.9103334546089172]"
4128,1,49.19%,87.41%,0.0916,"[0.08746951818466187, 0.9125304818153381]"
4129,0,49.18%,87.41%,0.0167,"[0.9835009574890137, 0.016499025747179985]"
4130,0,49.16%,87.41%,0.0164,"[0.9837822318077087, 0.016217753291130066]"
4131,0,49.15%,87.42%,0.0392,"[0.9693766832351685, 0.03062332794070244]"
4132,1,49.17%,87.42%,0.0932,"[0.08794430643320084, 0.9120557308197021]"
4133,1,49.18%,87.42%,0.0925,"[0.08781533688306808, 0.9121846556663513]"
4134,1,49.19%,87.42%,0.093,"[0.08740799874067307, 0.9125920534133911]"
4135,0,49.18%,87.43%,0.0162,"[0.9838985800743103, 0.01610138639807701]"
4136,0,49.17%,87.43%,0.0163,"[0.983806848526001, 0.016193153336644173]"
4137,1,49.18%,87.43%,0.0865,"[0.08290202170610428, 0.9170979857444763]"
4138,1,49.19%,87.44%,0.0932,"[0.08930487185716629, 0.9106951355934143]"
4139,1,49.20%,87.44%,0.0901,"[0.08798110485076904, 0.9120189547538757]"
4140,0,49.19%,87.44%,0.0167,"[0.9834083318710327, 0.016591619700193405]"
4141,1,49.20%,87.45%,0.1002,"[0.09297702461481094, 0.9070229530334473]"
4142,1,49.22%,87.45%,0.0866,"[0.08306681364774704, 0.9169331789016724]"
4143,1,49.23%,87.45%,0.0865,"[0.0812893733382225, 0.9187106490135193]"
4144,0,49.22%,87.45%,0.0227,"[0.9747963547706604, 0.02520361915230751]"
4145,0,49.20%,87.46%,0.016,"[0.9840906262397766, 0.0159093476831913]"
4146,1,49.22%,87.46%,0.2093,"[0.19985689222812653, 0.8001431822776794]"
4147,0,49.20%,87.44%,1.635,"[0.25318005681037903, 0.7468199729919434]"
4148,1,49.22%,87.44%,0.0874,"[0.08320248872041702, 0.9167974591255188]"
4149,0,49.20%,87.45%,0.0202,"[0.9803229570388794, 0.01967701129615307]"
4150,0,49.19%,87.45%,0.016,"[0.9840699434280396, 0.01593001000583172]"
4151,1,49.21%,87.45%,0.0845,"[0.08113140612840652, 0.9188686013221741]"
4152,1,49.22%,87.45%,0.0853,"[0.0822305679321289, 0.9177694320678711]"
4153,1,49.23%,87.46%,0.0857,"[0.08237619698047638, 0.9176238775253296]"
4154,0,49.22%,87.46%,0.0162,"[0.9839210510253906, 0.016078950837254524]"
4155,1,49.23%,87.44%,0.6847,"[0.6398634910583496, 0.360136479139328]"
4156,1,49.24%,87.44%,0.0853,"[0.08233468234539032, 0.9176653027534485]"
4157,1,49.25%,87.45%,0.0874,"[0.0818365216255188, 0.9181634783744812]"
4158,0,49.24%,87.45%,0.0159,"[0.9842095375061035, 0.015790406614542007]"
4159,1,49.25%,87.45%,0.091,"[0.08281894773244858, 0.9171810746192932]"
4160,1,49.27%,87.45%,0.0845,"[0.07998396456241608, 0.9200160503387451]"
4161,1,49.28%,87.46%,0.1704,"[0.113212451338768, 0.8867875933647156]"
4162,1,49.29%,87.46%,0.093,"[0.09109783172607422, 0.9089021682739258]"
4163,0,49.28%,87.44%,2.4902,"[0.0852573961019516, 0.914742648601532]"
4164,1,49.29%,87.44%,0.0851,"[0.08200882375240326, 0.9179911613464355]"
4165,0,49.28%,87.45%,0.53,"[0.5245113968849182, 0.47548866271972656]"
4166,0,49.27%,87.45%,0.1136,"[0.9503764510154724, 0.04962358996272087]"
4167,1,49.28%,87.45%,0.0817,"[0.07886818796396255, 0.9211317896842957]"
4168,0,49.27%,87.46%,0.0159,"[0.984264075756073, 0.01573597453534603]"
4169,1,49.28%,87.46%,0.0819,"[0.07918566465377808, 0.9208142757415771]"
4170,0,49.27%,87.46%,0.0235,"[0.978634238243103, 0.021365735679864883]"
4171,0,49.26%,87.44%,1.2964,"[0.4123762547969818, 0.5876237154006958]"
4172,1,49.27%,87.44%,0.0822,"[0.07831408828496933, 0.9216858744621277]"
4173,0,49.26%,87.42%,0.8297,"[0.23533979058265686, 0.7646602392196655]"
4174,1,49.27%,87.43%,0.0923,"[0.08821409195661545, 0.911785900592804]"
4175,0,49.26%,87.43%,0.0158,"[0.9843554496765137, 0.01564461924135685]"
4176,1,49.27%,87.43%,0.0835,"[0.07989151775836945, 0.9201084971427917]"
4177,0,49.26%,87.43%,0.0162,"[0.9838637113571167, 0.01613631658256054]"
4178,1,49.27%,87.44%,0.1006,"[0.09324084222316742, 0.9067592024803162]"
4179,1,49.28%,87.44%,0.1425,"[0.1761196255683899, 0.8238803744316101]"
4180,0,49.27%,87.44%,0.0157,"[0.9844614863395691, 0.015538585372269154]"
4181,0,49.26%,87.42%,2.3825,"[0.09175417572259903, 0.9082458019256592]"
4182,0,49.25%,87.40%,2.3775,"[0.09307056665420532, 0.9069294929504395]"
4183,1,49.26%,87.40%,0.0848,"[0.08057957887649536, 0.9194204211235046]"
4184,1,49.27%,87.41%,0.1134,"[0.10710030049085617, 0.8928996920585632]"
4185,0,49.26%,87.41%,0.0158,"[0.9843475818634033, 0.01565246470272541]"
4186,1,49.27%,87.41%,0.0905,"[0.08652233332395554, 0.9134776592254639]"
4187,1,49.28%,87.42%,0.0986,"[0.09382068365812302, 0.9061793088912964]"
4188,0,49.27%,87.42%,0.0158,"[0.9843347668647766, 0.015665266662836075]"
4189,1,49.28%,87.42%,0.1968,"[0.15546225011348724, 0.8445377945899963]"
4190,1,49.30%,87.43%,0.1434,"[0.13263587653636932, 0.8673641085624695]"
4191,0,49.28%,87.40%,2.1668,"[0.11383633315563202, 0.8861637115478516]"
4192,0,49.27%,87.41%,0.0165,"[0.9836422204971313, 0.0163577888160944]"
4193,1,49.28%,87.41%,0.1068,"[0.100750632584095, 0.8992493748664856]"
4194,0,49.27%,87.41%,0.0159,"[0.9842742085456848, 0.01572582870721817]"
4195,0,49.26%,87.42%,0.0159,"[0.9842368960380554, 0.015763122588396072]"
4196,1,49.27%,87.42%,0.1011,"[0.09835019707679749, 0.9016497731208801]"
4197,0,49.26%,87.42%,0.0159,"[0.9842192530632019, 0.015780722722411156]"
4198,0,49.25%,87.43%,0.016,"[0.9840892553329468, 0.015910737216472626]"
4199,1,49.26%,87.43%,0.1481,"[0.1389434039592743, 0.8610566258430481]"
4200,1,49.27%,87.43%,0.1106,"[0.10471928119659424, 0.895280659198761]"
4201,1,49.29%,87.43%,0.1156,"[0.11348140239715576, 0.8865185976028442]"
4202,0,49.27%,87.44%,0.016,"[0.9841377139091492, 0.015862300992012024]"
4203,1,49.29%,87.44%,0.0958,"[0.09231427311897278, 0.9076856970787048]"
4204,0,49.27%,87.44%,0.0162,"[0.9839147329330444, 0.01608530431985855]"
4205,0,49.26%,87.45%,0.0161,"[0.9839969277381897, 0.01600314863026142]"
4206,1,49.28%,87.45%,0.1009,"[0.09585583209991455, 0.9041441679000854]"
4207,0,49.26%,87.45%,0.0161,"[0.9839927554130554, 0.016007300466299057]"
4208,1,49.28%,87.46%,0.1022,"[0.09545312821865082, 0.9045469164848328]"
4209,1,49.29%,87.46%,0.1078,"[0.0985536277294159, 0.9014463424682617]"
4210,1,49.30%,87.46%,0.1061,"[0.10869219154119492, 0.8913078308105469]"
4211,0,49.29%,87.46%,0.0161,"[0.9840689301490784, 0.015931041911244392]"
4212,1,49.30%,87.47%,0.2025,"[0.18796406686306, 0.8120359182357788]"
4213,0,49.29%,87.47%,0.0158,"[0.9843664169311523, 0.01563354767858982]"
4214,0,49.28%,87.47%,0.0386,"[0.9566311836242676, 0.04336884617805481]"
4215,1,49.29%,87.48%,0.0905,"[0.08695780485868454, 0.9130421876907349]"
4216,1,49.30%,87.48%,0.0903,"[0.08757101744413376, 0.9124289155006409]"
4217,1,49.31%,87.48%,0.0935,"[0.08617424964904785, 0.9138257503509521]"
4218,1,49.32%,87.49%,0.0992,"[0.09197334200143814, 0.9080266356468201]"
4219,1,49.34%,87.49%,0.1174,"[0.10466006398200989, 0.8953399062156677]"
4220,1,49.35%,87.49%,0.0961,"[0.09009770303964615, 0.9099023342132568]"
4221,0,49.34%,87.49%,0.0172,"[0.9829166531562805, 0.01708327606320381]"
4222,1,49.35%,87.50%,0.1163,"[0.12232509255409241, 0.87767493724823]"
4223,0,49.34%,87.50%,0.0156,"[0.9845483303070068, 0.015451688319444656]"
4224,0,49.33%,87.50%,0.0158,"[0.9843747019767761, 0.015625331550836563]"
4225,1,49.34%,87.51%,0.0877,"[0.08478812128305435, 0.9152119159698486]"
4226,1,49.35%,87.51%,0.0924,"[0.08478809893131256, 0.9152119159698486]"
4227,1,49.36%,87.51%,0.0996,"[0.10245268791913986, 0.8975473046302795]"
4228,1,49.37%,87.51%,0.0961,"[0.0931706354022026, 0.9068293571472168]"
4229,1,49.39%,87.52%,0.0866,"[0.08608517050743103, 0.9139148592948914]"
4230,1,49.40%,87.52%,0.1236,"[0.10147946327924728, 0.8985205888748169]"
4231,0,49.39%,87.52%,0.0155,"[0.9846357107162476, 0.015364332124590874]"
4232,1,49.40%,87.53%,0.0853,"[0.08256939798593521, 0.917430579662323]"
4233,1,49.41%,87.53%,0.1082,"[0.11767993122339249, 0.8823201060295105]"
4234,1,49.42%,87.53%,0.0892,"[0.084806427359581, 0.915193498134613]"
4235,0,49.41%,87.54%,0.0154,"[0.9847049713134766, 0.015294988639652729]"
4236,0,49.40%,87.54%,0.0153,"[0.9847684502601624, 0.015231583267450333]"
4237,1,49.41%,87.54%,0.0841,"[0.0805354192852974, 0.9194645285606384]"
4238,1,49.42%,87.54%,0.1068,"[0.12249624729156494, 0.8775038123130798]"
4239,0,49.41%,87.55%,0.0153,"[0.984844982624054, 0.01515507884323597]"
4240,1,49.42%,87.55%,0.0812,"[0.0772136002779007, 0.9227863550186157]"
4241,1,49.43%,87.55%,0.081,"[0.07834475487470627, 0.9216551780700684]"
4242,1,49.45%,87.56%,0.0933,"[0.08950632065534592, 0.9104937314987183]"
4243,0,49.43%,87.56%,0.0153,"[0.9848337173461914, 0.015166239812970161]"
4244,1,49.45%,87.56%,0.0814,"[0.07740213721990585, 0.9225978255271912]"
4245,1,49.46%,87.56%,0.0997,"[0.0933578610420227, 0.9066421985626221]"
4246,1,49.47%,87.57%,0.0825,"[0.0804189071059227, 0.9195810556411743]"
4247,0,49.46%,87.57%,0.0151,"[0.9849997162818909, 0.015000355429947376]"
4248,1,49.47%,87.57%,0.0827,"[0.07962558418512344, 0.9203743934631348]"
4249,0,49.46%,87.55%,2.5329,"[0.07984620332717896, 0.920153796672821]"
4250,0,49.45%,87.56%,0.0153,"[0.9848489165306091, 0.015151121653616428]"
4251,0,49.44%,87.56%,0.0157,"[0.9844133853912354, 0.015586550347507]"
4252,1,49.45%,87.56%,0.0822,"[0.0784325897693634, 0.921567440032959]"
4253,0,49.44%,87.56%,0.0304,"[0.9652472734451294, 0.034752726554870605]"
4254,1,49.45%,87.57%,0.0822,"[0.07881797850131989, 0.9211820363998413]"
4255,0,49.44%,87.57%,0.0196,"[0.9812111854553223, 0.018788835033774376]"
4256,0,49.42%,87.57%,0.0155,"[0.9846037030220032, 0.01539626158773899]"
4257,0,49.41%,87.58%,0.0159,"[0.9842224717140198, 0.015777479857206345]"
4258,1,49.42%,87.58%,0.0805,"[0.07704591751098633, 0.9229540824890137]"
4259,0,49.41%,87.56%,2.5339,"[0.07933686673641205, 0.9206631183624268]"
4260,1,49.43%,87.56%,0.083,"[0.08058363944292068, 0.9194163680076599]"
4261,1,49.44%,87.56%,0.0842,"[0.08154032379388809, 0.9184596538543701]"
4262,1,49.45%,87.57%,0.0964,"[0.15494227409362793, 0.8450576663017273]"
4263,1,49.46%,87.57%,0.0818,"[0.07953912019729614, 0.9204608798027039]"
4264,0,49.45%,87.57%,0.0152,"[0.9849478602409363, 0.01505210530012846]"
4265,1,49.46%,87.58%,0.1096,"[0.10514120757579803, 0.8948588371276855]"
4266,0,49.45%,87.58%,0.0152,"[0.9848944544792175, 0.01510560978204012]"
4267,0,49.44%,87.56%,0.5914,"[0.49300602078437805, 0.5069940090179443]"
4268,1,49.45%,87.56%,0.0824,"[0.07852664589881897, 0.9214733839035034]"
4269,1,49.46%,87.56%,0.0925,"[0.08587035536766052, 0.9141296744346619]"
4270,0,49.45%,87.57%,0.0155,"[0.9846230149269104, 0.015377026051282883]"
4271,1,49.46%,87.57%,0.0809,"[0.07960519194602966, 0.920394778251648]"
4272,1,49.47%,87.57%,0.1152,"[0.10526929050683975, 0.8947307467460632]"
4273,0,49.46%,87.58%,0.0306,"[0.9652712941169739, 0.034728776663541794]"
4274,0,49.45%,87.58%,0.0151,"[0.9850244522094727, 0.014975531958043575]"
4275,1,49.46%,87.58%,0.0847,"[0.0831603854894638, 0.9168396592140198]"
4276,1,49.47%,87.58%,0.0802,"[0.07667715102434158, 0.923322856426239]"
4277,0,49.46%,87.59%,0.0151,"[0.9850587844848633, 0.014941231347620487]"
4278,1,49.47%,87.59%,0.2253,"[0.1300036609172821, 0.8699963092803955]"
4279,1,49.49%,87.59%,0.0821,"[0.07947395741939545, 0.9205260276794434]"
4280,1,49.50%,87.60%,0.0821,"[0.07989043742418289, 0.9201096296310425]"
4281,1,49.51%,87.60%,0.105,"[0.09679818153381348, 0.9032018184661865]"
4282,1,49.52%,87.60%,0.0886,"[0.0852811336517334, 0.9147188663482666]"
4283,1,49.53%,87.61%,0.0904,"[0.08739795535802841, 0.9126020669937134]"
4284,1,49.54%,87.61%,0.136,"[0.14787118136882782, 0.852128803730011]"
4285,1,49.56%,87.61%,0.085,"[0.08151166886091232, 0.9184883236885071]"
4286,1,49.57%,87.61%,0.0958,"[0.08743178844451904, 0.912568211555481]"
4287,1,49.58%,87.62%,0.091,"[0.08571210503578186, 0.9142879247665405]"
4288,1,49.59%,87.62%,0.0879,"[0.1029631495475769, 0.8970368504524231]"
4289,0,49.58%,87.62%,0.0148,"[0.9852783679962158, 0.0147215835750103]"
4290,1,49.59%,87.63%,0.0955,"[0.08657875657081604, 0.9134212732315063]"
4291,0,49.58%,87.63%,0.0148,"[0.985345721244812, 0.014654245227575302]"
4292,1,49.59%,87.63%,0.0882,"[0.08363845199346542, 0.9163615107536316]"
4293,1,49.60%,87.63%,0.0782,"[0.07481604069471359, 0.9251839518547058]"
4294,0,49.59%,87.64%,0.0148,"[0.9853147268295288, 0.014685220085084438]"
4295,1,49.60%,87.64%,0.0774,"[0.07423336058855057, 0.9257665872573853]"
4296,0,49.59%,87.64%,0.6248,"[0.7135917544364929, 0.28640827536582947]"
4297,1,49.60%,87.65%,0.078,"[0.07504652440547943, 0.9249534010887146]"
4298,0,49.59%,87.65%,0.2446,"[0.931759238243103, 0.0682407021522522]"
4299,0,49.58%,87.63%,2.2868,"[0.10354404896497726, 0.8964559435844421]"
4300,0,49.57%,87.63%,0.0148,"[0.985305905342102, 0.014694062061607838]"
4301,0,49.56%,87.63%,0.0174,"[0.982700526714325, 0.017299478873610497]"
4302,0,49.55%,87.64%,0.0147,"[0.9854295253753662, 0.014570455066859722]"
4303,1,49.56%,87.64%,0.0836,"[0.07951593399047852, 0.9204840660095215]"
4304,1,49.57%,87.64%,0.0798,"[0.07700688391923904, 0.9229931235313416]"
4305,1,49.58%,87.65%,0.087,"[0.08661531656980515, 0.9133846759796143]"
4306,1,49.59%,87.65%,0.3787,"[0.3412700295448303, 0.6587300300598145]"
4307,0,49.58%,87.65%,0.0146,"[0.9855005145072937, 0.014499532990157604]"
4308,1,49.59%,87.65%,0.0816,"[0.07865606248378754, 0.9213439226150513]"
4309,1,49.61%,87.66%,0.0911,"[0.08713532239198685, 0.9128647446632385]"
4310,1,49.62%,87.66%,0.0792,"[0.07726503163576126, 0.9227350354194641]"
4311,1,49.63%,87.66%,0.0797,"[0.07628962397575378, 0.9237103462219238]"
4312,1,49.64%,87.67%,0.0859,"[0.0816502794623375, 0.9183497428894043]"
4313,1,49.65%,87.67%,0.0768,"[0.07432951778173447, 0.9256704449653625]"
4314,0,49.64%,87.65%,2.448,"[0.0910094678401947, 0.9089905023574829]"
4315,0,49.63%,87.65%,0.0144,"[0.9856552481651306, 0.014344809576869011]"
4316,0,49.62%,87.65%,0.0178,"[0.9821376800537109, 0.017862267792224884]"
4317,1,49.63%,87.66%,0.0807,"[0.07751104235649109, 0.9224889278411865]"
4318,1,49.64%,87.66%,0.0821,"[0.07882683724164963, 0.9211731553077698]"
4319,0,49.63%,87.66%,0.0145,"[0.9856550097465515, 0.014345025643706322]"
4320,1,49.64%,87.66%,0.0952,"[0.0897580087184906, 0.910241961479187]"
4321,1,49.65%,87.67%,0.0808,"[0.07741494476795197, 0.9225850105285645]"
4322,1,49.66%,87.67%,0.0831,"[0.07882144302129745, 0.9211786389350891]"
4323,1,49.68%,87.67%,0.0827,"[0.07842052727937698, 0.9215794801712036]"
4324,0,49.66%,87.68%,0.0145,"[0.9856735467910767, 0.01432644110172987]"
4325,1,49.68%,87.68%,0.0851,"[0.0833326056599617, 0.9166674613952637]"
4326,0,49.66%,87.68%,0.0146,"[0.9854819774627686, 0.014518064446747303]"
4327,0,49.65%,87.68%,0.0145,"[0.9856128096580505, 0.014387223869562149]"
4328,0,49.64%,87.69%,0.0146,"[0.9854860305786133, 0.014513942413032055]"
4329,1,49.65%,87.69%,0.0808,"[0.07749956846237183, 0.9225004315376282]"
4330,1,49.67%,87.69%,0.0918,"[0.09260270744562149, 0.9073972105979919]"
4331,1,49.68%,87.70%,0.0795,"[0.0764935314655304, 0.9235064387321472]"
4332,0,49.67%,87.70%,0.0143,"[0.9857197403907776, 0.014280316419899464]"
4333,1,49.68%,87.70%,0.0767,"[0.0737743005156517, 0.9262257218360901]"
4334,1,49.69%,87.70%,0.0796,"[0.07616713643074036, 0.923832893371582]"
4335,0,49.68%,87.71%,0.0148,"[0.9852830171585083, 0.014717034995555878]"
4336,0,49.67%,87.71%,0.0146,"[0.9854884743690491, 0.014511576853692532]"
4337,0,49.65%,87.71%,0.399,"[0.5345631241798401, 0.4654368460178375]"
4338,1,49.67%,87.72%,0.0798,"[0.07627266645431519, 0.9237273335456848]"
4339,0,49.65%,87.72%,0.0143,"[0.9858418107032776, 0.01415812224149704]"
4340,0,49.64%,87.72%,0.2669,"[0.8692121505737305, 0.13078786432743073]"
4341,1,49.65%,87.72%,0.0769,"[0.07408946007490158, 0.9259105324745178]"
4342,1,49.67%,87.73%,0.0787,"[0.0753222331404686, 0.9246777296066284]"
4343,0,49.65%,87.73%,0.0143,"[0.9857989549636841, 0.014201069250702858]"
4344,0,49.64%,87.73%,0.0145,"[0.9855597019195557, 0.014440317638218403]"
4345,0,49.63%,87.74%,0.0142,"[0.9859299063682556, 0.014070161618292332]"
4346,0,49.62%,87.74%,0.0142,"[0.985923171043396, 0.014076856896281242]"
4347,1,49.63%,87.74%,0.0926,"[0.09218977391719818, 0.9078102707862854]"
4348,1,49.64%,87.74%,0.0823,"[0.08046052604913712, 0.9195394515991211]"
4349,1,49.66%,87.72%,1.5372,"[0.7485507726669312, 0.25144919753074646]"
4350,0,49.64%,87.73%,0.0142,"[0.9859380125999451, 0.014061974361538887]"
4351,1,49.66%,87.73%,0.0851,"[0.08376150578260422, 0.91623854637146]"
4352,0,49.64%,87.73%,0.014,"[0.9860697984695435, 0.013930222019553185]"
4353,0,49.63%,87.74%,0.0141,"[0.9859639406204224, 0.014036056585609913]"
4354,0,49.62%,87.74%,0.0143,"[0.9858521223068237, 0.014147843234241009]"
4355,1,49.63%,87.74%,0.0899,"[0.0844041258096695, 0.9155958890914917]"
4356,1,49.64%,87.74%,0.0786,"[0.07571398466825485, 0.9242860078811646]"
4357,0,49.63%,87.72%,2.4751,"[0.08253305405378342, 0.9174669981002808]"
4358,1,49.64%,87.73%,0.0844,"[0.07970520853996277, 0.9202948212623596]"
4359,0,49.63%,87.71%,2.4603,"[0.0853237435221672, 0.914676308631897]"
4360,1,49.64%,87.71%,0.0777,"[0.07472486048936844, 0.9252750873565674]"
4361,1,49.66%,87.71%,0.0875,"[0.08605112135410309, 0.9139488339424133]"
4362,0,49.64%,87.71%,0.0972,"[0.6923537850379944, 0.307646244764328]"
4363,0,49.63%,87.72%,0.0143,"[0.9857099056243896, 0.014290099032223225]"
4364,1,49.64%,87.72%,0.0978,"[0.0953437089920044, 0.9046562910079956]"
4365,1,49.66%,87.72%,0.0945,"[0.09082550555467606, 0.9091745615005493]"
4366,1,49.67%,87.73%,0.0948,"[0.09963645040988922, 0.900363564491272]"
4367,0,49.66%,87.73%,0.0142,"[0.9858559370040894, 0.014144006185233593]"
4368,1,49.67%,87.73%,0.0829,"[0.08056812733411789, 0.9194319248199463]"
4369,1,49.68%,87.73%,0.0818,"[0.07671189308166504, 0.923288106918335]"
4370,0,49.67%,87.74%,0.0685,"[0.9668650031089783, 0.03313494101166725]"
4371,1,49.68%,87.74%,0.0916,"[0.08911831676959991, 0.9108816385269165]"
4372,0,49.67%,87.74%,0.0422,"[0.9526321291923523, 0.04736785218119621]"
4373,1,49.68%,87.75%,0.116,"[0.11449063569307327, 0.8855093717575073]"
4374,0,49.67%,87.75%,0.0141,"[0.9859842658042908, 0.014015719294548035]"
4375,1,49.68%,87.75%,0.3474,"[0.2616962194442749, 0.7383038401603699]"
4376,0,49.67%,87.75%,0.0158,"[0.9841011166572571, 0.015898823738098145]"
4377,1,49.68%,87.76%,0.5011,"[0.42570868134498596, 0.5742913484573364]"
4378,0,49.67%,87.76%,0.0147,"[0.9854273796081543, 0.01457270234823227]"
4379,1,49.68%,87.74%,1.097,"[0.797809898853302, 0.2021900862455368]"
4380,0,49.67%,87.74%,0.0141,"[0.9859879612922668, 0.014012076891958714]"
4381,0,49.66%,87.75%,0.0141,"[0.9859749674797058, 0.014024973846971989]"
4382,0,49.65%,87.75%,0.0141,"[0.9859667420387268, 0.01403327938169241]"
4383,1,49.66%,87.75%,0.1015,"[0.10083909332752228, 0.8991608619689941]"
4384,0,49.65%,87.75%,1.1064,"[0.7162988781929016, 0.283701092004776]"
4385,1,49.66%,87.76%,0.1365,"[0.1235494539141655, 0.8764505386352539]"
4386,1,49.67%,87.74%,0.3397,"[0.6463339328765869, 0.3536660969257355]"
4387,1,49.68%,87.74%,0.0827,"[0.08077893406152725, 0.919221043586731]"
4388,1,49.69%,87.74%,0.0795,"[0.07764652371406555, 0.9223534464836121]"
4389,1,49.70%,87.74%,0.0943,"[0.11737792193889618, 0.8826220631599426]"
4390,0,49.69%,87.75%,0.0142,"[0.9859431982040405, 0.014056778512895107]"
4391,0,49.68%,87.75%,0.0547,"[0.9645813703536987, 0.03541864827275276]"
4392,1,49.69%,87.75%,0.0828,"[0.09162679314613342, 0.9083731174468994]"
4393,1,49.70%,87.76%,0.1309,"[0.12656909227371216, 0.8734309077262878]"
4394,1,49.72%,87.76%,0.0879,"[0.09299049526453018, 0.907009482383728]"
4395,1,49.73%,87.76%,0.0971,"[0.09075330942869186, 0.9092466831207275]"
4396,1,49.74%,87.76%,0.0935,"[0.0855446383357048, 0.9144553542137146]"
4397,1,49.75%,87.77%,0.0802,"[0.08453009277582169, 0.9154698848724365]"
4398,1,49.76%,87.77%,0.0986,"[0.09636373817920685, 0.9036362767219543]"
4399,1,49.77%,87.77%,0.0817,"[0.08706877380609512, 0.9129312038421631]"
4400,0,49.76%,87.78%,0.014,"[0.9860298037528992, 0.013970219530165195]"
4401,1,49.77%,87.78%,0.086,"[0.08740601688623428, 0.9125940203666687]"
4402,1,49.78%,87.78%,0.0808,"[0.08214783668518066, 0.9178521633148193]"
4403,1,49.80%,87.78%,0.0783,"[0.07765115052461624, 0.9223488569259644]"
4404,0,49.78%,87.79%,0.014,"[0.9861270189285278, 0.013872914016246796]"
4405,1,49.80%,87.79%,0.0777,"[0.07453164458274841, 0.9254683256149292]"
4406,0,49.78%,87.77%,2.4578,"[0.08286680281162262, 0.9171331524848938]"
4407,0,49.77%,87.75%,2.5256,"[0.07841311395168304, 0.9215868711471558]"
4408,1,49.78%,87.75%,0.0981,"[0.08310048282146454, 0.9168995022773743]"
4409,0,49.77%,87.76%,0.0147,"[0.985496461391449, 0.014503552578389645]"
4410,1,49.78%,87.76%,0.0767,"[0.07350509613752365, 0.9264948964118958]"
4411,0,49.77%,87.74%,1.6761,"[0.16186825931072235, 0.8381317257881165]"
4412,1,49.78%,87.74%,0.0868,"[0.08695457130670547, 0.9130454659461975]"
4413,1,49.80%,87.74%,0.0781,"[0.0749569982290268, 0.925042986869812]"
4414,1,49.81%,87.75%,0.0859,"[0.0833318904042244, 0.9166681170463562]"
4415,1,49.82%,87.75%,0.0793,"[0.07716415077447891, 0.9228358268737793]"
4416,1,49.83%,87.75%,0.0898,"[0.07804491370916367, 0.9219551682472229]"
4417,0,49.82%,87.73%,2.0998,"[0.10779259353876114, 0.8922073841094971]"
4418,0,49.81%,87.73%,0.0157,"[0.9844014048576355, 0.015598583966493607]"
4419,0,49.80%,87.74%,0.017,"[0.9831874966621399, 0.01681244745850563]"
4420,1,49.81%,87.74%,0.0863,"[0.09578113257884979, 0.9042187929153442]"
4421,0,49.80%,87.74%,0.0142,"[0.9858148097991943, 0.014185176230967045]"
4422,0,49.79%,87.75%,0.0143,"[0.9857843518257141, 0.01421566866338253]"
4423,1,49.80%,87.75%,0.0901,"[0.08810844272375107, 0.911891520023346]"
4424,0,49.79%,87.73%,2.3449,"[0.09314046055078506, 0.9068595767021179]"
4425,1,49.80%,87.73%,0.0935,"[0.08533959090709686, 0.9146604537963867]"
4426,1,49.81%,87.73%,0.0889,"[0.08722163736820221, 0.9127783179283142]"
4427,0,49.80%,87.71%,1.8878,"[0.14766038954257965, 0.8523396253585815]"
4428,1,49.81%,87.72%,0.3394,"[0.2425088733434677, 0.7574911117553711]"
4429,1,49.82%,87.72%,0.1769,"[0.18467620015144348, 0.8153237700462341]"
4430,1,49.83%,87.72%,0.0921,"[0.08461908996105194, 0.9153808951377869]"
4431,0,49.82%,87.73%,0.0142,"[0.9858661890029907, 0.014133831486105919]"
4432,0,49.81%,87.73%,0.0143,"[0.9858461022377014, 0.014153856784105301]"
4433,0,49.80%,87.73%,0.0143,"[0.985811710357666, 0.014188324101269245]"
4434,0,49.79%,87.73%,0.0143,"[0.9858168363571167, 0.01418320368975401]"
4435,0,49.77%,87.71%,0.3977,"[0.3837526738643646, 0.616247296333313]"
4436,1,49.79%,87.72%,0.1282,"[0.10455977916717529, 0.8954402804374695]"
4437,0,49.77%,87.70%,1.9271,"[0.13371530175209045, 0.8662846684455872]"
4438,0,49.76%,87.70%,0.0144,"[0.9856699109077454, 0.014330118894577026]"
4439,1,49.77%,87.70%,0.1302,"[0.10799546539783478, 0.8920045495033264]"
4440,1,49.79%,87.71%,0.1144,"[0.10586313903331757, 0.894136905670166]"
4441,0,49.77%,87.71%,0.6919,"[0.6355380415916443, 0.3644619286060333]"
4442,0,49.76%,87.71%,0.0143,"[0.9858222603797913, 0.014177804812788963]"
4443,1,49.77%,87.71%,0.1085,"[0.11161109060049057, 0.8883889317512512]"
4444,1,49.79%,87.72%,0.1628,"[0.12777157127857208, 0.8722284436225891]"
4445,0,49.78%,87.72%,0.0143,"[0.9858250617980957, 0.014174992218613625]"
4446,1,49.79%,87.72%,0.1747,"[0.14322061836719513, 0.8567793965339661]"
4447,0,49.78%,87.72%,0.0143,"[0.9858091473579407, 0.01419083122164011]"
4448,1,49.79%,87.73%,0.5808,"[0.3486371338367462, 0.6513628959655762]"
4449,1,49.80%,87.73%,0.1788,"[0.43016061186790466, 0.5698394179344177]"
4450,1,49.81%,87.73%,0.1557,"[0.12128043174743652, 0.8787196278572083]"
4451,0,49.80%,87.74%,0.0277,"[0.9811934232711792, 0.01880662888288498]"
4452,1,49.81%,87.74%,0.7307,"[0.1452442854642868, 0.8547557592391968]"
4453,1,49.82%,87.74%,0.3474,"[0.3496742844581604, 0.6503257751464844]"
4454,0,49.81%,87.74%,0.0142,"[0.9859371781349182, 0.014062792994081974]"
4455,1,49.82%,87.75%,0.1172,"[0.10068640112876892, 0.8993135690689087]"
4456,1,49.83%,87.75%,0.0975,"[0.08906684815883636, 0.9109330773353577]"
4457,1,49.84%,87.75%,0.1054,"[0.15561401844024658, 0.8443859815597534]"
4458,1,49.85%,87.76%,0.1437,"[0.10065536946058273, 0.8993446230888367]"
4459,0,49.84%,87.76%,0.0142,"[0.9859275817871094, 0.014072396792471409]"
4460,1,49.85%,87.76%,0.0881,"[0.08280745893716812, 0.9171925187110901]"
4461,1,49.87%,87.76%,0.1558,"[0.16889797151088715, 0.8311020731925964]"
4462,0,49.85%,87.77%,0.0142,"[0.9859339594841003, 0.01406604703515768]"
4463,0,49.84%,87.75%,2.3097,"[0.092266745865345, 0.9077332615852356]"
4464,0,49.83%,87.73%,2.3364,"[0.09340932965278625, 0.9065906405448914]"
4465,0,49.82%,87.73%,0.0144,"[0.9856812953948975, 0.014318733476102352]"
4466,1,49.83%,87.73%,0.0979,"[0.0920804888010025, 0.9079195261001587]"
4467,1,49.84%,87.74%,0.1017,"[0.08529872447252274, 0.9147012233734131]"
4468,1,49.85%,87.74%,0.0911,"[0.08699208498001099, 0.913007915019989]"
4469,1,49.87%,87.74%,0.1053,"[0.09440360218286514, 0.9055963754653931]"
4470,0,49.85%,87.74%,0.0144,"[0.9857548475265503, 0.014245140366256237]"
4471,1,49.87%,87.75%,0.0907,"[0.08620288223028183, 0.9137970805168152]"
4472,1,49.88%,87.75%,0.1081,"[0.09862034022808075, 0.9013797044754028]"
4473,0,49.87%,87.75%,0.0143,"[0.9858255982398987, 0.014174330979585648]"
4474,0,49.85%,87.75%,0.5305,"[0.6272318959236145, 0.3727680742740631]"
4475,0,49.84%,87.76%,0.0299,"[0.9782665371894836, 0.021733451634645462]"
4476,0,49.83%,87.74%,2.3281,"[0.09723299741744995, 0.9027670621871948]"
4477,0,49.82%,87.74%,0.015,"[0.985032856464386, 0.014967093244194984]"
4478,1,49.83%,87.74%,0.114,"[0.11711352318525314, 0.8828864693641663]"
4479,1,49.84%,87.75%,0.1074,"[0.09325204789638519, 0.9067479372024536]"
4480,0,49.83%,87.75%,0.2394,"[0.7515953779220581, 0.2484046220779419]"
4481,0,49.82%,87.73%,2.2335,"[0.11573565006256104, 0.884264349937439]"
4482,1,49.83%,87.73%,0.1121,"[0.11247796565294266, 0.8875220417976379]"
4483,0,49.82%,87.73%,0.0145,"[0.9855917692184448, 0.014408295974135399]"
4484,0,49.81%,87.74%,0.0145,"[0.9856001138687134, 0.014399846084415913]"
4485,0,49.80%,87.74%,0.3849,"[0.519155740737915, 0.4808442294597626]"
4486,0,49.79%,87.74%,0.0144,"[0.9857282042503357, 0.01427177432924509]"
4487,0,49.78%,87.75%,0.0144,"[0.9856688976287842, 0.014331156387925148]"
4488,1,49.79%,87.75%,0.1488,"[0.13899266719818115, 0.8610072731971741]"
4489,1,49.80%,87.75%,0.1594,"[0.17155271768569946, 0.8284472823143005]"
4490,0,49.79%,87.75%,0.0148,"[0.9852927327156067, 0.014707302674651146]"
4491,0,49.78%,87.73%,2.1027,"[0.12392324209213257, 0.8760766983032227]"
4492,1,49.79%,87.74%,0.398,"[0.483883798122406, 0.5161162614822388]"
4493,1,49.80%,87.74%,0.1088,"[0.10242820531129837, 0.8975718021392822]"
4494,1,49.81%,87.72%,2.1659,"[0.9042399525642395, 0.0957600399851799]"
4495,0,49.80%,87.72%,0.4442,"[0.6803354620933533, 0.31966450810432434]"
4496,1,49.81%,87.73%,0.1515,"[0.13807517290115356, 0.8619247674942017]"
4497,1,49.82%,87.73%,0.1217,"[0.11742670834064484, 0.8825732469558716]"
4498,0,49.81%,87.73%,0.0145,"[0.9856259226799011, 0.014374098740518093]"
4499,1,49.82%,87.73%,0.1536,"[0.1369948536157608, 0.8630051016807556]"
4500,1,49.83%,87.74%,0.1523,"[0.13686437904834747, 0.8631356358528137]"
4501,0,49.82%,87.74%,0.0219,"[0.9734001755714417, 0.0265998225659132]"
4502,0,49.81%,87.74%,0.0146,"[0.9855498671531677, 0.014450189657509327]"
4503,0,49.80%,87.74%,0.0146,"[0.9854897260665894, 0.014510225504636765]"
4504,1,49.81%,87.75%,0.1438,"[0.13182969391345978, 0.8681703209877014]"
4505,0,49.80%,87.75%,0.0147,"[0.9853792190551758, 0.014620752073824406]"
4506,1,49.81%,87.75%,0.1049,"[0.09967146813869476, 0.9003285765647888]"
4507,0,49.80%,87.76%,0.0176,"[0.9822465777397156, 0.017753351479768753]"
4508,1,49.81%,87.76%,0.1109,"[0.10382790863513947, 0.8961721062660217]"
4509,1,49.82%,87.76%,0.1214,"[0.11963535100221634, 0.8803645968437195]"
4510,1,49.83%,87.76%,0.1169,"[0.10882186144590378, 0.8911781311035156]"
4511,0,49.82%,87.77%,0.0146,"[0.985528290271759, 0.014471737667918205]"
4512,1,49.83%,87.77%,0.1692,"[0.17620772123336792, 0.8237923383712769]"
4513,1,49.84%,87.77%,0.1018,"[0.09515349566936493, 0.9048465490341187]"
4514,1,49.86%,87.77%,0.12,"[0.12155400216579437, 0.8784460425376892]"
4515,1,49.87%,87.78%,0.1026,"[0.09895206242799759, 0.9010478854179382]"
4516,0,49.86%,87.78%,0.0167,"[0.9831072092056274, 0.016892774030566216]"
4517,1,49.87%,87.78%,0.1004,"[0.09212995320558548, 0.9078701138496399]"
4518,0,49.86%,87.78%,0.0145,"[0.9856432676315308, 0.01435669232159853]"
4519,1,49.87%,87.79%,0.1198,"[0.12246714532375336, 0.8775328993797302]"
4520,1,49.88%,87.79%,0.296,"[0.25396573543548584, 0.7460342645645142]"
4521,1,49.89%,87.79%,0.0977,"[0.09419199824333191, 0.9058079719543457]"
4522,1,49.90%,87.80%,0.1282,"[0.14119161665439606, 0.8588083386421204]"
4523,0,49.89%,87.78%,2.3327,"[0.1179077997803688, 0.8820922374725342]"
4524,1,49.90%,87.78%,0.0884,"[0.08391807228326797, 0.9160819053649902]"
4525,0,49.89%,87.78%,0.0144,"[0.9857380390167236, 0.014261998236179352]"
4526,0,49.88%,87.78%,0.0147,"[0.9853695034980774, 0.014630469493567944]"
4527,1,49.89%,87.79%,0.0873,"[0.08525349944829941, 0.9147465229034424]"
4528,0,49.88%,87.79%,0.1729,"[0.6412897109985352, 0.35871025919914246]"
4529,0,49.87%,87.79%,0.0147,"[0.9854623079299927, 0.014537724666297436]"
4530,1,49.88%,87.80%,0.0936,"[0.09576594829559326, 0.9042340517044067]"
4531,0,49.87%,87.80%,0.0149,"[0.9850619435310364, 0.014938066713511944]"
4532,0,49.86%,87.78%,2.3924,"[0.0914231613278389, 0.9085767865180969]"
4533,0,49.85%,87.78%,0.0144,"[0.985680103302002, 0.014319829642772675]"
4534,1,49.86%,87.78%,0.1101,"[0.10659956187009811, 0.8934004902839661]"
4535,1,49.87%,87.79%,0.0922,"[0.08751775324344635, 0.9124822616577148]"
4536,1,49.88%,87.79%,0.0992,"[0.09791528433561325, 0.9020847678184509]"
4537,0,49.87%,87.79%,0.0144,"[0.9856947064399719, 0.01430524606257677]"
4538,0,49.86%,87.79%,0.0144,"[0.9856621623039246, 0.014337866567075253]"
4539,1,49.87%,87.80%,0.1005,"[0.09734606742858887, 0.9026539921760559]"
4540,1,49.88%,87.80%,0.1099,"[0.10591167956590652, 0.8940882682800293]"
4541,1,49.89%,87.80%,0.3114,"[0.1496453583240509, 0.8503546118736267]"
4542,0,49.88%,87.81%,0.0145,"[0.9855898022651672, 0.014410204254090786]"
4543,1,49.89%,87.81%,0.1047,"[0.10425281524658203, 0.895747184753418]"
4544,0,49.88%,87.81%,0.4276,"[0.7256736159324646, 0.274326354265213]"
4545,1,49.89%,87.81%,0.0977,"[0.08782722055912018, 0.9121727347373962]"
4546,1,49.90%,87.82%,0.1007,"[0.09879928827285767, 0.9012007117271423]"
4547,1,49.91%,87.82%,0.1113,"[0.10008662939071655, 0.8999133706092834]"
4548,1,49.92%,87.82%,0.0956,"[0.08921436220407486, 0.9107856154441833]"
4549,1,49.93%,87.82%,0.096,"[0.0916411280632019, 0.9083588719367981]"
4550,0,49.92%,87.83%,0.0144,"[0.9856607913970947, 0.01433922816067934]"
4551,0,49.91%,87.83%,0.0148,"[0.9853944778442383, 0.014605468139052391]"
4552,1,49.92%,87.83%,0.1035,"[0.10172773152589798, 0.8982722759246826]"
4553,0,49.91%,87.81%,2.4153,"[0.09152604639530182, 0.9084739685058594]"
4554,0,49.90%,87.82%,0.0157,"[0.9845411777496338, 0.015458812937140465]"
4555,0,49.89%,87.82%,0.0166,"[0.9836909174919128, 0.01630910113453865]"
4556,0,49.88%,87.82%,0.0147,"[0.9854125380516052, 0.014587444253265858]"
4557,1,49.89%,87.82%,0.0929,"[0.0881965160369873, 0.9118034243583679]"
4558,0,49.88%,87.83%,0.0144,"[0.9856352806091309, 0.014364643022418022]"
4559,0,49.87%,87.83%,0.0182,"[0.9815691709518433, 0.01843077875673771]"
4560,0,49.86%,87.83%,0.3684,"[0.8679999709129333, 0.13199999928474426]"
4561,1,49.87%,87.83%,0.1025,"[0.10167878866195679, 0.8983212113380432]"
4562,1,49.88%,87.84%,0.0927,"[0.08866025507450104, 0.9113397598266602]"
4563,0,49.87%,87.82%,2.1019,"[0.11014736443758011, 0.8898526430130005]"
4564,1,49.88%,87.82%,0.2494,"[0.17544567584991455, 0.8245542645454407]"
4565,0,49.87%,87.82%,0.0162,"[0.9838924407958984, 0.016107596457004547]"
4566,0,49.86%,87.80%,1.7864,"[0.20007069408893585, 0.7999292612075806]"
4567,0,49.85%,87.81%,0.0143,"[0.9857587814331055, 0.014241230674088001]"
4568,0,49.84%,87.81%,0.0144,"[0.9857337474822998, 0.014266261830925941]"
4569,1,49.85%,87.81%,0.1298,"[0.12326371669769287, 0.8767363429069519]"
4570,0,49.84%,87.81%,0.0143,"[0.9857983589172363, 0.014201628975570202]"
4571,1,49.85%,87.82%,0.1417,"[0.13700854778289795, 0.8629913926124573]"
4572,1,49.86%,87.82%,0.1026,"[0.1006232500076294, 0.8993766903877258]"
4573,0,49.85%,87.82%,0.0142,"[0.9858551621437073, 0.014144837856292725]"
4574,1,49.86%,87.83%,0.1125,"[0.11066519469022751, 0.8893347978591919]"
4575,0,49.85%,87.83%,0.0144,"[0.9857209920883179, 0.014279027469456196]"
4576,0,49.84%,87.83%,0.0143,"[0.9857959747314453, 0.01420401968061924]"
4577,1,49.85%,87.83%,0.1057,"[0.09901683777570724, 0.9009831547737122]"
4578,0,49.84%,87.84%,0.0151,"[0.985023021697998, 0.01497695967555046]"
4579,1,49.85%,87.84%,0.1286,"[0.11796290427446365, 0.8820371627807617]"
4580,1,49.86%,87.84%,0.1288,"[0.1220284253358841, 0.8779716491699219]"
4581,0,49.85%,87.82%,2.2066,"[0.1360849142074585, 0.8639150261878967]"
4582,0,49.84%,87.82%,0.0143,"[0.9857729077339172, 0.014227153733372688]"
4583,1,49.85%,87.83%,0.106,"[0.0981731116771698, 0.9018269181251526]"
4584,0,49.84%,87.83%,0.0143,"[0.985839307308197, 0.014160732738673687]"
4585,1,49.85%,87.83%,0.1217,"[0.12307461351156235, 0.8769254088401794]"
4586,0,49.84%,87.84%,0.0142,"[0.9858698844909668, 0.014130123890936375]"
4587,1,49.85%,87.84%,0.1306,"[0.1285122185945511, 0.8714877367019653]"
4588,1,49.86%,87.84%,0.1493,"[0.1376018226146698, 0.8623981475830078]"
4589,1,49.87%,87.84%,0.1289,"[0.11955767869949341, 0.8804423213005066]"
4590,1,49.88%,87.85%,0.131,"[0.11306527256965637, 0.8869346976280212]"
4591,1,49.89%,87.85%,0.1674,"[0.1587522029876709, 0.8412478566169739]"
4592,0,49.88%,87.85%,0.0272,"[0.974582850933075, 0.025417184457182884]"
4593,0,49.87%,87.85%,0.0144,"[0.9857160449028015, 0.01428398210555315]"
4594,0,49.86%,87.83%,1.4734,"[0.25308483839035034, 0.7469151020050049]"
4595,1,49.87%,87.84%,0.1056,"[0.0955619066953659, 0.9044380784034729]"
4596,1,49.88%,87.84%,0.3713,"[0.1896306574344635, 0.8103693723678589]"
4597,0,49.87%,87.84%,0.0146,"[0.9855339527130127, 0.014465964399278164]"
4598,0,49.86%,87.85%,0.0142,"[0.985863983631134, 0.014136049896478653]"
4599,0,49.85%,87.85%,0.0143,"[0.9858492612838745, 0.01415075734257698]"
4600,0,49.84%,87.85%,0.0149,"[0.9851834774017334, 0.01481651607900858]"
4601,0,49.83%,87.85%,0.0151,"[0.984991729259491, 0.015008247457444668]"
4602,1,49.84%,87.86%,0.1213,"[0.11155377328395844, 0.8884462118148804]"
4603,0,49.83%,87.86%,0.0142,"[0.9859112501144409, 0.01408870704472065]"
4604,0,49.82%,87.86%,0.0141,"[0.9859747290611267, 0.014025304466485977]"
4605,1,49.83%,87.86%,0.1222,"[0.1132001131772995, 0.8867998719215393]"
4606,0,49.82%,87.87%,0.0142,"[0.9859139919281006, 0.014085938222706318]"
4607,1,49.83%,87.87%,0.1127,"[0.1063009724020958, 0.893699049949646]"
4608,0,49.82%,87.87%,0.0142,"[0.9858550429344177, 0.014144930988550186]"
4609,0,49.80%,87.87%,0.0152,"[0.9848063588142395, 0.015193665400147438]"
4610,0,49.79%,87.88%,0.0143,"[0.9858448505401611, 0.014155188575387001]"
4611,0,49.78%,87.88%,0.0142,"[0.9859318733215332, 0.01406809687614441]"
4612,0,49.77%,87.88%,0.0142,"[0.9859210848808289, 0.014078948646783829]"
4613,1,49.78%,87.88%,0.0982,"[0.09240338206291199, 0.9075966477394104]"
4614,0,49.77%,87.89%,0.0144,"[0.9857683777809143, 0.014231634326279163]"
4615,0,49.76%,87.89%,0.0165,"[0.9835224151611328, 0.016477569937705994]"
4616,0,49.75%,87.89%,0.0141,"[0.9860234260559082, 0.013976631686091423]"
4617,1,49.76%,87.90%,0.0961,"[0.09497775882482529, 0.9050222635269165]"
4618,0,49.75%,87.88%,2.184,"[0.10829674452543259, 0.8917032480239868]"
4619,1,49.76%,87.88%,0.0984,"[0.09685665369033813, 0.9031434059143066]"
4620,1,49.77%,87.88%,0.1163,"[0.11305424571037292, 0.8869457840919495]"
4621,0,49.76%,87.86%,2.0337,"[0.12809401750564575, 0.8719059228897095]"
4622,1,49.77%,87.84%,0.8661,"[0.7154802680015564, 0.28451982140541077]"
4623,1,49.78%,87.85%,0.0977,"[0.09470924735069275, 0.9052907824516296]"
4624,1,49.79%,87.85%,0.1195,"[0.1083521619439125, 0.8916478753089905]"
4625,0,49.78%,87.85%,0.0141,"[0.9860324263572693, 0.013967512175440788]"
4626,1,49.79%,87.85%,0.1222,"[0.11005296558141708, 0.8899470567703247]"
4627,0,49.78%,87.83%,1.3401,"[0.13187454640865326, 0.8681254982948303]"
4628,0,49.77%,87.84%,0.0142,"[0.9859277009963989, 0.014072285033762455]"
4629,0,49.76%,87.84%,0.0151,"[0.9850344061851501, 0.014965632930397987]"
4630,0,49.75%,87.84%,0.0144,"[0.98570317029953, 0.014296885579824448]"
4631,1,49.76%,87.85%,0.1182,"[0.10621479898691177, 0.8937852382659912]"
4632,1,49.77%,87.85%,0.114,"[0.1017666608095169, 0.8982332944869995]"
4633,1,49.78%,87.85%,0.7578,"[0.20154866576194763, 0.7984513640403748]"
4634,0,49.77%,87.83%,2.1194,"[0.11943642050027847, 0.8805636167526245]"
4635,1,49.78%,87.83%,0.1564,"[0.1355694681406021, 0.8644304871559143]"
4636,1,49.80%,87.84%,0.1146,"[0.10439080744981766, 0.8956092000007629]"
4637,0,49.78%,87.82%,2.0683,"[0.13336613774299622, 0.8666338920593262]"
4638,0,49.77%,87.80%,1.5664,"[0.23131228983402252, 0.7686876654624939]"
4639,1,49.78%,87.80%,0.1452,"[0.13952456414699554, 0.8604754209518433]"
4640,0,49.77%,87.80%,0.0143,"[0.9858134388923645, 0.014186529442667961]"
4641,1,49.78%,87.81%,0.1301,"[0.11829114705324173, 0.8817088603973389]"
4642,0,49.77%,87.81%,0.0144,"[0.9857439398765564, 0.014256065711379051]"
4643,1,49.78%,87.81%,0.1812,"[0.15209181606769562, 0.8479081392288208]"
4644,1,49.80%,87.81%,0.1346,"[0.12769095599651337, 0.8723090291023254]"
4645,0,49.78%,87.82%,0.0155,"[0.9845877885818481, 0.015412217937409878]"
4646,0,49.77%,87.82%,0.0159,"[0.9838089942932129, 0.0161910280585289]"
4647,1,49.78%,87.82%,0.1407,"[0.12679064273834229, 0.8732093572616577]"
4648,1,49.80%,87.83%,0.1781,"[0.22777608036994934, 0.7722238898277283]"
4649,1,49.81%,87.83%,0.1357,"[0.12199395149946213, 0.8780059814453125]"
4650,1,49.82%,87.83%,0.1387,"[0.1274685561656952, 0.8725314140319824]"
4651,1,49.83%,87.83%,0.1859,"[0.1642235964536667, 0.8357763886451721]"
4652,1,49.84%,87.84%,0.1243,"[0.11948690563440323, 0.8805131316184998]"
4653,1,49.85%,87.84%,0.1718,"[0.15541797876358032, 0.8445820212364197]"
4654,1,49.86%,87.84%,0.1205,"[0.11228577792644501, 0.8877142071723938]"
4655,0,49.85%,87.84%,0.0146,"[0.9855148792266846, 0.014485184103250504]"
4656,0,49.84%,87.85%,0.0144,"[0.9857324957847595, 0.014267576858401299]"
4657,1,49.85%,87.85%,0.141,"[0.12965457141399384, 0.8703454732894897]"
4658,1,49.86%,87.85%,0.114,"[0.1098935604095459, 0.8901064395904541]"
4659,0,49.85%,87.85%,0.0146,"[0.985466718673706, 0.014533271081745625]"
4660,0,49.84%,87.84%,1.709,"[0.3073951303958893, 0.6926048398017883]"
4661,1,49.85%,87.84%,0.3788,"[0.3128874599933624, 0.68711256980896]"
4662,1,49.86%,87.84%,0.1145,"[0.10561978816986084, 0.8943802714347839]"
4663,1,49.87%,87.84%,0.1392,"[0.1258605569601059, 0.8741394877433777]"
4664,1,49.88%,87.85%,0.1513,"[0.14577431976795197, 0.8542256951332092]"
4665,0,49.87%,87.85%,0.0142,"[0.9858543276786804, 0.01414560154080391]"
4666,1,49.88%,87.85%,0.1086,"[0.09924602508544922, 0.9007539749145508]"
4667,1,49.89%,87.85%,0.1236,"[0.12039045989513397, 0.8796095252037048]"
4668,1,49.90%,87.86%,0.1071,"[0.09986207634210587, 0.9001378417015076]"
4669,1,49.91%,87.86%,0.1165,"[0.11098184436559677, 0.8890181183815002]"
4670,1,49.93%,87.86%,0.1049,"[0.10263066738843918, 0.8973692655563354]"
4671,1,49.94%,87.86%,0.1019,"[0.09581116586923599, 0.9041888117790222]"
4672,1,49.95%,87.87%,0.1058,"[0.09984783083200455, 0.9001521468162537]"
4673,0,49.94%,87.87%,0.0143,"[0.9858301281929016, 0.014169861562550068]"
4674,1,49.95%,87.87%,0.0998,"[0.0958966314792633, 0.9041033387184143]"
4675,0,49.94%,87.87%,0.0143,"[0.9857882857322693, 0.014211699366569519]"
4676,0,49.93%,87.88%,0.015,"[0.9849843978881836, 0.015015529468655586]"
4677,1,49.94%,87.88%,0.0965,"[0.09305146336555481, 0.9069485068321228]"
4678,1,49.95%,87.88%,0.1023,"[0.09416962414979935, 0.9058303833007812]"
4679,1,49.96%,87.88%,0.0913,"[0.08846697956323624, 0.9115330576896667]"
4680,1,49.97%,87.89%,0.0933,"[0.0891752764582634, 0.910824716091156]"
4681,1,49.98%,87.89%,0.236,"[0.30881771445274353, 0.6911823153495789]"
4682,1,49.99%,87.89%,0.0931,"[0.08706582337617874, 0.9129341840744019]"
4683,1,50.00%,87.89%,0.2222,"[0.1171577051281929, 0.8828423023223877]"
4684,1,50.01%,87.90%,0.0988,"[0.09416805952787399, 0.9058319330215454]"
4685,0,50.00%,87.90%,0.0141,"[0.9860002398490906, 0.013999775983393192]"
4686,1,50.01%,87.90%,0.0963,"[0.09190690517425537, 0.9080930948257446]"
4687,0,50.00%,87.91%,0.0142,"[0.9859176278114319, 0.014082403853535652]"
4688,1,50.01%,87.91%,0.0882,"[0.08484293520450592, 0.9151570796966553]"
4689,1,50.02%,87.91%,0.0923,"[0.08939853310585022, 0.9106014370918274]"
4690,0,50.01%,87.91%,0.0141,"[0.9860063791275024, 0.013993621803820133]"
4691,1,50.02%,87.92%,0.09,"[0.08697184920310974, 0.9130281805992126]"
4692,1,50.03%,87.92%,0.0917,"[0.08811262249946594, 0.9118874073028564]"
4693,0,50.02%,87.92%,0.0151,"[0.9849960803985596, 0.015003927052021027]"
4694,0,50.01%,87.92%,0.018,"[0.9819452166557312, 0.018054768443107605]"
4695,0,50.00%,87.90%,2.4456,"[0.08609748631715775, 0.9139025211334229]"
4696,0,49.99%,87.91%,0.0177,"[0.9823241233825684, 0.017675813287496567]"
4697,0,49.98%,87.91%,0.0159,"[0.9840478897094727, 0.015952106565237045]"
4698,1,49.99%,87.91%,0.0838,"[0.08074188977479935, 0.9192581176757812]"
4699,1,50.00%,87.91%,0.1023,"[0.08914754539728165, 0.9108524918556213]"
4700,0,49.99%,87.90%,2.4716,"[0.0837145447731018, 0.9162854552268982]"
4701,1,50.00%,87.90%,0.0886,"[0.08569351583719254, 0.9143064618110657]"
4702,1,50.01%,87.90%,0.1067,"[0.09402879327535629, 0.9059711694717407]"
4703,0,50.00%,87.90%,0.014,"[0.9860614538192749, 0.013938595540821552]"
4704,1,50.01%,87.91%,0.0888,"[0.08468788117170334, 0.9153121709823608]"
4705,1,50.02%,87.91%,0.0874,"[0.08369264006614685, 0.9163073897361755]"
4706,0,50.01%,87.91%,0.0147,"[0.985446572303772, 0.014553417451679707]"
4707,1,50.02%,87.91%,0.0872,"[0.08187764137983322, 0.918122410774231]"
4708,1,50.03%,87.92%,0.0982,"[0.09553017467260361, 0.9044697880744934]"
4709,0,50.02%,87.92%,0.0468,"[0.9408730864524841, 0.05912688374519348]"
4710,1,50.03%,87.92%,0.0884,"[0.08452477306127548, 0.9154751896858215]"
4711,0,50.02%,87.92%,0.0258,"[0.9457287192344666, 0.05427132546901703]"
4712,0,50.01%,87.93%,0.0185,"[0.9749211072921753, 0.025078874081373215]"
4713,1,50.02%,87.93%,0.0866,"[0.0831720307469368, 0.916827917098999]"
4714,0,50.01%,87.91%,1.9115,"[0.14691948890686035, 0.8530805706977844]"
4715,0,50.00%,87.91%,0.0174,"[0.982917845249176, 0.017082154750823975]"
4716,0,49.99%,87.92%,0.014,"[0.986135721206665, 0.01386428065598011]"
4717,1,50.00%,87.92%,0.0925,"[0.08838002383708954, 0.9116199016571045]"
4718,0,49.99%,87.92%,0.0141,"[0.9859965443611145, 0.014003428630530834]"
4719,1,50.00%,87.92%,0.0914,"[0.08885780721902847, 0.9111421704292297]"
4720,0,49.99%,87.93%,0.014,"[0.9861158132553101, 0.01388425100594759]"
4721,1,50.00%,87.93%,0.0992,"[0.09599002450704575, 0.904009997844696]"
4722,0,49.99%,87.93%,0.0153,"[0.9848462343215942, 0.015153789892792702]"
4723,0,49.98%,87.91%,2.4179,"[0.09415429830551147, 0.9058457612991333]"
4724,1,49.99%,87.92%,0.1041,"[0.09678634256124496, 0.9032136797904968]"
4725,1,50.00%,87.92%,0.1012,"[0.09488996118307114, 0.9051100611686707]"
4726,0,49.99%,87.92%,0.0141,"[0.9860202670097351, 0.013979759998619556]"
4727,1,50.00%,87.92%,0.091,"[0.08630037307739258, 0.9136996269226074]"
4728,1,50.01%,87.93%,0.1309,"[0.21904610097408295, 0.7809539437294006]"
4729,0,50.00%,87.93%,0.0148,"[0.9853317141532898, 0.014668222516775131]"
4730,0,49.99%,87.91%,2.2945,"[0.10259802639484406, 0.8974019885063171]"
4731,1,50.00%,87.91%,0.1817,"[0.13720734417438507, 0.8627926707267761]"
4732,0,49.99%,87.91%,0.014,"[0.9861128926277161, 0.013887070119380951]"
4733,1,50.00%,87.92%,0.1106,"[0.10330569744110107, 0.8966942429542542]"
4734,1,50.01%,87.92%,0.104,"[0.10189475119113922, 0.8981052041053772]"
4735,0,50.00%,87.92%,0.0141,"[0.9860482215881348, 0.013951773755252361]"
4736,0,49.99%,87.90%,1.8987,"[0.15005668997764587, 0.8499432802200317]"
4737,1,50.00%,87.91%,0.1179,"[0.11663634330034256, 0.883363664150238]"
4738,0,49.99%,87.91%,0.0141,"[0.9860024452209473, 0.013997610658407211]"
4739,1,50.00%,87.91%,0.1209,"[0.1145179271697998, 0.8854820728302002]"
4740,0,49.99%,87.91%,0.014,"[0.9860754609107971, 0.013924524188041687]"
4741,0,49.98%,87.90%,2.2113,"[0.11328653991222382, 0.886713445186615]"
4742,1,49.99%,87.90%,0.0987,"[0.09460210800170898, 0.9053978323936462]"
4743,0,49.98%,87.90%,0.0143,"[0.9857702255249023, 0.014229788444936275]"
4744,0,49.97%,87.88%,2.0702,"[0.13901987671852112, 0.8609801530838013]"
4745,0,49.96%,87.88%,0.015,"[0.9851400256156921, 0.014860011637210846]"
4746,1,49.97%,87.89%,0.1506,"[0.13413134217262268, 0.8658686280250549]"
4747,0,49.96%,87.89%,0.0142,"[0.9859386086463928, 0.014061365276575089]"
4748,0,49.95%,87.89%,0.0142,"[0.9859229326248169, 0.01407705433666706]"
4749,1,49.96%,87.89%,0.1452,"[0.15410257875919342, 0.845897376537323]"
4750,1,49.97%,87.90%,0.1471,"[0.12379966676235199, 0.8762003183364868]"
4751,1,49.98%,87.90%,0.1383,"[0.1272304654121399, 0.8727695345878601]"
4752,0,49.97%,87.90%,0.0144,"[0.9856913685798645, 0.014308621175587177]"
4753,0,49.96%,87.90%,0.0142,"[0.9858704209327698, 0.01412949152290821]"
4754,0,49.95%,87.91%,0.0366,"[0.962753176689148, 0.03724679723381996]"
4755,0,49.94%,87.91%,0.0142,"[0.9858797192573547, 0.014120263047516346]"
4756,1,49.95%,87.91%,0.4905,"[0.4332924783229828, 0.5667074918746948]"
4757,0,49.94%,87.92%,0.0142,"[0.9858744144439697, 0.014125587418675423]"
4758,1,49.95%,87.92%,0.2031,"[0.17179366946220398, 0.8282063603401184]"
4759,1,49.96%,87.92%,0.1148,"[0.10989682376384735, 0.8901031613349915]"
4760,1,49.97%,87.92%,0.396,"[0.17011985182762146, 0.8298801779747009]"
4761,1,49.98%,87.93%,0.115,"[0.10658575594425201, 0.8934142589569092]"
4762,0,49.97%,87.93%,0.0143,"[0.9858492612838745, 0.014150716364383698]"
4763,1,49.98%,87.93%,0.1026,"[0.09762479364871979, 0.9023752212524414]"
4764,0,49.97%,87.93%,0.0142,"[0.9858848452568054, 0.014115146361291409]"
4765,0,49.96%,87.94%,0.0216,"[0.9765868782997131, 0.023413117974996567]"
4766,0,49.95%,87.94%,0.0143,"[0.9858303666114807, 0.014169689267873764]"
4767,0,49.94%,87.94%,0.0144,"[0.9857025742530823, 0.014297429472208023]"
4768,0,49.93%,87.92%,2.205,"[0.10961627215147018, 0.8903837203979492]"
4769,0,49.92%,87.92%,0.0159,"[0.9842774868011475, 0.015722500160336494]"
4770,0,49.91%,87.91%,2.2143,"[0.11865904182195663, 0.8813409805297852]"
4771,0,49.90%,87.91%,0.0157,"[0.9844793677330017, 0.015520577318966389]"
4772,1,49.91%,87.91%,0.1289,"[0.12822450697422028, 0.8717754483222961]"
4773,0,49.90%,87.91%,0.015,"[0.985115110874176, 0.014884882606565952]"
4774,1,49.91%,87.92%,0.1114,"[0.1044854074716568, 0.8955146670341492]"
4775,1,49.92%,87.92%,0.1341,"[0.12234858423471451, 0.8776513934135437]"
4776,1,49.93%,87.92%,0.1228,"[0.11698383837938309, 0.8830162286758423]"
4777,1,49.94%,87.92%,0.1528,"[0.1163182333111763, 0.8836817741394043]"
4778,1,49.95%,87.93%,0.1327,"[0.15149353444576263, 0.8485064506530762]"
4779,1,49.96%,87.93%,0.1081,"[0.10208328813314438, 0.8979166746139526]"
4780,1,49.97%,87.93%,0.1081,"[0.10353991389274597, 0.8964600563049316]"
4781,0,49.96%,87.93%,0.0143,"[0.9858306050300598, 0.014169449917972088]"
4782,0,49.95%,87.94%,0.0143,"[0.9857491254806519, 0.01425085961818695]"
4783,1,49.96%,87.94%,0.1219,"[0.1152443140745163, 0.8847556114196777]"
4784,0,49.95%,87.94%,0.0149,"[0.9852374196052551, 0.014762614853680134]"
4785,1,49.96%,87.94%,0.1072,"[0.10174980014562607, 0.8982502222061157]"
4786,1,49.97%,87.95%,0.1125,"[0.10614248365163803, 0.8938575387001038]"
4787,1,49.98%,87.95%,0.1092,"[0.10267607122659683, 0.8973239660263062]"
4788,1,49.99%,87.95%,0.1243,"[0.11746329069137573, 0.882536768913269]"
4789,1,50.00%,87.95%,0.1111,"[0.10281596332788467, 0.8971840143203735]"
4790,0,49.99%,87.94%,1.3572,"[0.2283388078212738, 0.7716611623764038]"
4791,0,49.98%,87.94%,0.0175,"[0.9822869896888733, 0.017712995409965515]"
4792,0,49.97%,87.94%,0.1239,"[0.7480695247650146, 0.25193047523498535]"
4793,1,49.98%,87.94%,0.1133,"[0.11119861900806427, 0.8888013958930969]"
4794,1,49.99%,87.95%,0.1161,"[0.10799907147884369, 0.8920009732246399]"
4795,1,50.00%,87.95%,0.1049,"[0.09957341104745865, 0.9004265666007996]"
4796,1,50.01%,87.95%,0.104,"[0.09854026883840561, 0.9014596939086914]"
4797,1,50.02%,87.95%,0.1185,"[0.10586688667535782, 0.8941331505775452]"
4798,0,50.01%,87.96%,0.0154,"[0.9847507476806641, 0.015249273739755154]"
4799,1,50.02%,87.96%,0.1052,"[0.09940893948078156, 0.9005910754203796]"
4800,0,50.01%,87.96%,0.014,"[0.9860582947731018, 0.01394168846309185]"
4801,0,50.00%,87.96%,0.0143,"[0.9857507944107056, 0.014249212108552456]"
4802,1,50.01%,87.97%,0.1093,"[0.10345073789358139, 0.8965492844581604]"
4803,1,50.02%,87.97%,0.1118,"[0.10567799210548401, 0.8943219780921936]"
4804,0,50.01%,87.97%,0.014,"[0.9861435890197754, 0.01385634858161211]"
4805,1,50.02%,87.97%,0.1005,"[0.09467612206935883, 0.90532386302948]"
4806,0,50.01%,87.98%,0.0139,"[0.9861475825309753, 0.013852452859282494]"
4807,0,50.00%,87.98%,0.0152,"[0.9850031733512878, 0.014996861107647419]"
4808,0,49.99%,87.98%,0.0209,"[0.9794593453407288, 0.020540697500109673]"
4809,1,50.00%,87.98%,0.0998,"[0.09453978389501572, 0.9054601788520813]"
4810,1,50.01%,87.99%,0.102,"[0.09369644522666931, 0.9063035845756531]"
4811,0,50.00%,87.99%,0.0144,"[0.9856793284416199, 0.014320706017315388]"
4812,0,49.99%,87.99%,0.0139,"[0.9862426519393921, 0.013757361099123955]"
4813,0,49.98%,87.99%,0.0138,"[0.9862571358680725, 0.013742895796895027]"
4814,1,49.99%,88.00%,0.1036,"[0.09883679449558258, 0.9011632800102234]"
4815,1,50.00%,88.00%,0.1437,"[0.16773997247219086, 0.8322599530220032]"
4816,1,50.01%,88.00%,0.0968,"[0.08951213955879211, 0.9104878902435303]"
4817,1,50.02%,88.00%,0.1078,"[0.09908509254455566, 0.9009149074554443]"
4818,0,50.01%,88.01%,0.0143,"[0.9857586622238159, 0.014241364784538746]"
4819,0,50.00%,88.01%,0.0139,"[0.9862355589866638, 0.013764427974820137]"
4820,0,49.99%,87.99%,2.2121,"[0.10697228461503983, 0.8930277824401855]"
4821,1,50.00%,87.99%,0.1009,"[0.096409872174263, 0.9035900831222534]"
4822,1,50.01%,88.00%,0.0941,"[0.09006333351135254, 0.9099366664886475]"
4823,1,50.02%,88.00%,0.0947,"[0.08853793889284134, 0.9114620089530945]"
4824,0,50.01%,88.00%,0.0137,"[0.9863995313644409, 0.013600438833236694]"
4825,1,50.02%,88.00%,0.1015,"[0.09741885960102081, 0.9025811553001404]"
4826,1,50.03%,88.00%,0.0981,"[0.09782861173152924, 0.9021713733673096]"
4827,1,50.04%,88.01%,0.1037,"[0.10098307579755783, 0.8990169167518616]"
4828,0,50.03%,88.01%,0.0137,"[0.9864234328269958, 0.013576573692262173]"
4829,1,50.04%,88.01%,0.1115,"[0.10066097974777222, 0.8993390202522278]"
4830,0,50.03%,88.01%,0.0381,"[0.9138062596321106, 0.0861937403678894]"
4831,0,50.02%,88.02%,0.0141,"[0.9859760403633118, 0.01402402576059103]"
4832,0,50.01%,88.02%,0.014,"[0.9861816167831421, 0.01381833478808403]"
4833,1,50.02%,88.02%,0.6744,"[0.14738430082798004, 0.8526157140731812]"
4834,1,50.03%,88.02%,0.0953,"[0.0913909375667572, 0.9086090922355652]"
4835,0,50.02%,88.01%,1.1486,"[0.14837343990802765, 0.8516265749931335]"
4836,1,50.03%,88.01%,0.1042,"[0.11824363470077515, 0.8817564249038696]"
4837,1,50.04%,88.01%,0.0917,"[0.08835040777921677, 0.9116495251655579]"
4838,0,50.03%,88.01%,0.0979,"[0.9215673208236694, 0.07843264192342758]"
4839,0,50.02%,88.02%,0.0136,"[0.9865190386772156, 0.013481004163622856]"
4840,0,50.01%,88.02%,0.0136,"[0.9865350127220154, 0.013464955613017082]"
4841,0,50.00%,88.00%,0.6552,"[0.18530838191509247, 0.8146916627883911]"
4842,1,50.01%,88.00%,0.0998,"[0.08916187286376953, 0.9108381271362305]"
4843,0,50.00%,88.01%,0.0136,"[0.9865496754646301, 0.013450408354401588]"
4844,1,50.01%,88.01%,0.096,"[0.09298571944236755, 0.9070143103599548]"
4845,1,50.02%,87.99%,3.2171,"[0.6693861484527588, 0.3306138813495636]"
4846,1,50.03%,87.99%,0.1471,"[0.1787005066871643, 0.8212994337081909]"
4847,0,50.02%,88.00%,0.0135,"[0.9865570664405823, 0.013442943803966045]"
4848,1,50.03%,88.00%,0.1314,"[0.1034073680639267, 0.8965926766395569]"
4849,0,50.02%,88.00%,0.0137,"[0.986305832862854, 0.013694178313016891]"
4850,1,50.03%,87.98%,0.2417,"[0.5674912333488464, 0.43250879645347595]"
4851,1,50.04%,87.96%,0.1347,"[0.7335609197616577, 0.2664390802383423]"
4852,0,50.03%,87.97%,0.0696,"[0.8845546841621399, 0.1154453307390213]"
4853,0,50.02%,87.97%,0.0137,"[0.9864336252212524, 0.013566398061811924]"
4854,1,50.03%,87.97%,0.11,"[0.1122833639383316, 0.8877166509628296]"
4855,0,50.02%,87.95%,1.3078,"[0.44029542803764343, 0.5597045421600342]"
4856,0,50.01%,87.96%,0.0138,"[0.9862784743309021, 0.013721584342420101]"
4857,1,50.02%,87.96%,0.091,"[0.08830875158309937, 0.9116912484169006]"
4858,0,50.01%,87.96%,0.0139,"[0.9861453771591187, 0.01385461539030075]"
4859,0,50.00%,87.96%,0.0138,"[0.9862339496612549, 0.013766027055680752]"
4860,0,49.99%,87.97%,0.0138,"[0.986341655254364, 0.013658286072313786]"
4861,0,49.98%,87.97%,0.0138,"[0.9863126873970032, 0.013687276281416416]"
4862,1,49.99%,87.97%,0.0919,"[0.08715169131755829, 0.9128483533859253]"
4863,0,49.98%,87.97%,0.0138,"[0.9862655997276306, 0.0137344254180789]"
4864,0,49.97%,87.98%,0.0143,"[0.9859234094619751, 0.014076605439186096]"
4865,0,49.96%,87.98%,0.0137,"[0.9863668084144592, 0.013633115217089653]"
4866,0,49.95%,87.98%,0.0145,"[0.985676646232605, 0.014323385432362556]"
4867,1,49.96%,87.98%,0.0966,"[0.10035550594329834, 0.8996444940567017]"
4868,1,49.97%,87.99%,0.1255,"[0.09524726867675781, 0.904752790927887]"
4869,0,49.96%,87.99%,0.015,"[0.9850879311561584, 0.014912022277712822]"
4870,0,49.95%,87.99%,0.0137,"[0.9864228367805481, 0.013577135279774666]"
4871,1,49.96%,87.97%,0.9578,"[0.9443103075027466, 0.05568963289260864]"
4872,1,49.97%,87.97%,0.0917,"[0.08860970288515091, 0.9113903641700745]"
4873,0,49.96%,87.98%,0.0137,"[0.986435055732727, 0.013564911670982838]"
4874,0,49.95%,87.98%,0.0143,"[0.9858119487762451, 0.01418807078152895]"
4875,0,49.94%,87.98%,0.0137,"[0.9864023327827454, 0.013597714714705944]"
4876,0,49.93%,87.98%,0.014,"[0.9862047433853149, 0.013795326463878155]"
4877,1,49.94%,87.99%,0.0881,"[0.08508304506540298, 0.9149169325828552]"
4878,0,49.93%,87.99%,0.0138,"[0.9863777160644531, 0.013622315600514412]"
4879,0,49.92%,87.99%,0.0142,"[0.9858388304710388, 0.014161137863993645]"
4880,1,49.93%,87.99%,0.0911,"[0.08667881786823273, 0.9133211374282837]"
4881,0,49.92%,88.00%,0.0136,"[0.9864576458930969, 0.013542362488806248]"
4882,1,49.93%,88.00%,0.0873,"[0.08464159816503525, 0.9153584241867065]"
4883,0,49.92%,88.00%,0.0138,"[0.9863307476043701, 0.01366918534040451]"
4884,0,49.91%,87.98%,2.4056,"[0.09117873013019562, 0.9088213443756104]"
4885,0,49.90%,87.99%,0.0146,"[0.9854171872138977, 0.014582804404199123]"
4886,0,49.89%,87.99%,0.0139,"[0.9861339926719666, 0.013865995220839977]"
4887,1,49.90%,87.99%,0.0972,"[0.09042558819055557, 0.9095743894577026]"
4888,0,49.89%,87.99%,0.0137,"[0.9864278435707092, 0.013572155497968197]"
4889,0,49.88%,88.00%,0.0137,"[0.9864413142204285, 0.013558711856603622]"
4890,0,49.87%,88.00%,0.014,"[0.986310601234436, 0.013689452782273293]"
4891,0,49.86%,88.00%,0.0273,"[0.9698577523231506, 0.030142290517687798]"
4892,0,49.85%,87.98%,2.353,"[0.08966576308012009, 0.9103342294692993]"
4893,1,49.86%,87.99%,0.1009,"[0.12061473727226257, 0.879385232925415]"
4894,0,49.85%,87.99%,0.0141,"[0.986055850982666, 0.013944107107818127]"
4895,1,49.86%,87.99%,0.1396,"[0.10558737069368362, 0.8944125771522522]"
4896,0,49.85%,87.99%,0.0138,"[0.9863061904907227, 0.013693863525986671]"
4897,0,49.84%,88.00%,0.014,"[0.9861136078834534, 0.013886379078030586]"
4898,0,49.83%,88.00%,0.0155,"[0.9846814870834351, 0.01531849056482315]"
4899,1,49.84%,88.00%,0.0988,"[0.09179448336362839, 0.9082055687904358]"
4900,0,49.83%,88.00%,0.0137,"[0.9863729476928711, 0.013626979663968086]"
4901,0,49.82%,88.00%,0.0888,"[0.9206783771514893, 0.07932169735431671]"
4902,0,49.81%,87.99%,2.1687,"[0.11418887972831726, 0.8858110904693604]"
4903,1,49.82%,87.99%,0.2193,"[0.18734867870807648, 0.8126513361930847]"
4904,0,49.81%,87.99%,0.0138,"[0.9862923622131348, 0.013707645237445831]"
4905,0,49.80%,87.99%,1.6902,"[0.7632753849029541, 0.2367246001958847]"
4906,0,49.79%,88.00%,0.0139,"[0.9861893057823181, 0.01381068304181099]"
4907,0,49.78%,88.00%,0.0138,"[0.986248791217804, 0.013751281425356865]"
4908,1,49.79%,88.00%,0.1123,"[0.12098326534032822, 0.8790167570114136]"
4909,0,49.78%,88.00%,0.0138,"[0.9863072037696838, 0.01369279995560646]"
4910,1,49.79%,88.01%,0.1364,"[0.11170882731676102, 0.8882911801338196]"
4911,0,49.78%,88.01%,0.0139,"[0.9862480759620667, 0.013751874677836895]"
4912,1,49.79%,88.01%,0.1475,"[0.2788837254047394, 0.721116304397583]"
4913,1,49.80%,88.01%,0.1204,"[0.10451170057058334, 0.8954882621765137]"
4914,1,49.81%,88.02%,0.1218,"[0.10808722674846649, 0.8919127583503723]"
4915,1,49.82%,88.02%,0.1994,"[0.12095796316862106, 0.8790420889854431]"
4916,0,49.81%,88.02%,0.0255,"[0.9642670154571533, 0.035733018070459366]"
4917,0,49.80%,88.02%,0.0137,"[0.9863525629043579, 0.013647395186126232]"
4918,0,49.79%,88.01%,1.4246,"[0.16191346943378448, 0.8380866050720215]"
4919,1,49.80%,88.01%,0.1362,"[0.11426889896392822, 0.8857311010360718]"
4920,0,49.79%,88.01%,0.0137,"[0.9863525629043579, 0.01364743523299694]"
4921,0,49.78%,88.01%,0.0137,"[0.9863709807395935, 0.01362898014485836]"
4922,0,49.77%,88.00%,2.2721,"[0.1159084215760231, 0.8840915560722351]"
4923,0,49.76%,88.00%,0.0137,"[0.9863520860671997, 0.013647936284542084]"
4924,0,49.75%,88.00%,0.0137,"[0.986336886882782, 0.01366304699331522]"
4925,1,49.76%,88.00%,0.1789,"[0.20583891868591309, 0.7941610217094421]"
4926,1,49.77%,88.00%,0.1175,"[0.1078738197684288, 0.892126202583313]"
4927,0,49.76%,88.01%,0.0138,"[0.9862282276153564, 0.013771796599030495]"
4928,1,49.77%,87.99%,3.0995,"[0.6186606884002686, 0.38133928179740906]"
4929,0,49.76%,87.99%,0.0138,"[0.9862766265869141, 0.013723410665988922]"
4930,0,49.75%,87.99%,0.7006,"[0.5277138352394104, 0.472286194562912]"
4931,1,49.76%,88.00%,0.1123,"[0.1030903309583664, 0.8969097137451172]"
4932,1,49.77%,88.00%,0.6479,"[0.4156920313835144, 0.5843079686164856]"
4933,1,49.78%,88.00%,0.1739,"[0.1915612369775772, 0.808438777923584]"
4934,1,49.79%,88.00%,0.1763,"[0.12179867923259735, 0.8782013058662415]"
4935,0,49.78%,88.01%,0.014,"[0.9860840439796448, 0.013915909454226494]"
4936,0,49.77%,88.01%,0.0144,"[0.9856495261192322, 0.014350418001413345]"
4937,0,49.76%,88.01%,0.0143,"[0.9857932925224304, 0.0142067177221179]"
4938,0,49.75%,88.01%,0.0142,"[0.9858355522155762, 0.014164453372359276]"
4939,0,49.74%,88.00%,1.7414,"[0.16207262873649597, 0.8379273414611816]"
4940,0,49.73%,88.00%,0.0141,"[0.9859474897384644, 0.014052503742277622]"
4941,0,49.72%,88.00%,0.0141,"[0.9859769344329834, 0.014023048803210258]"
4942,0,49.71%,88.00%,0.0142,"[0.9859256148338318, 0.014074421487748623]"
4943,1,49.72%,88.01%,0.1424,"[0.1400667428970337, 0.8599333167076111]"
4944,1,49.73%,88.01%,0.1212,"[0.1307285726070404, 0.8692713975906372]"
4945,0,49.72%,88.01%,0.0377,"[0.9735702276229858, 0.02642977610230446]"
4946,0,49.71%,88.01%,0.0156,"[0.9843012690544128, 0.01569872722029686]"
4947,0,49.70%,88.00%,0.3632,"[0.31269916892051697, 0.6873008012771606]"
4948,0,49.69%,88.00%,0.0142,"[0.9858484268188477, 0.01415156852453947]"
4949,0,49.68%,88.00%,0.0142,"[0.9859179854393005, 0.014082025736570358]"
4950,1,49.69%,88.00%,0.1526,"[0.14759454131126404, 0.8524054288864136]"
4951,1,49.70%,88.00%,0.6454,"[0.285706102848053, 0.714293897151947]"
4952,0,49.69%,88.01%,0.0142,"[0.9858503937721252, 0.01414957270026207]"
4953,1,49.70%,88.01%,0.1217,"[0.1198180541396141, 0.8801819086074829]"
4954,1,49.71%,88.01%,0.143,"[0.11418256163597107, 0.8858174681663513]"
4955,1,49.72%,88.01%,0.1295,"[0.1336003988981247, 0.8663995862007141]"
4956,0,49.71%,88.02%,0.0141,"[0.9860053062438965, 0.01399464812129736]"
4957,1,49.72%,88.02%,0.2248,"[0.17038778960704803, 0.8296121954917908]"
4958,1,49.73%,88.00%,0.3248,"[0.5003823041915894, 0.49961766600608826]"
4959,1,49.74%,88.00%,0.128,"[0.12296907603740692, 0.8770309686660767]"
4960,1,49.75%,88.01%,0.1241,"[0.11551287770271301, 0.8844871520996094]"
4961,0,49.74%,88.01%,0.014,"[0.9860588908195496, 0.013941165059804916]"
4962,1,49.75%,88.01%,0.1378,"[0.15881310403347015, 0.8411869406700134]"
4963,1,49.76%,87.99%,0.5844,"[0.6116246581077576, 0.38837531208992004]"
4964,1,49.77%,88.00%,0.6632,"[0.3796548545360565, 0.6203451156616211]"
4965,1,49.78%,88.00%,0.118,"[0.10009084641933441, 0.8999091982841492]"
4966,1,49.79%,88.00%,0.5146,"[0.2211858183145523, 0.7788141965866089]"
4967,0,49.78%,88.00%,0.0141,"[0.9859806299209595, 0.014019357040524483]"
4968,0,49.77%,88.01%,0.0141,"[0.985934853553772, 0.014065073803067207]"
4969,1,49.78%,88.01%,0.4953,"[0.3066072165966034, 0.693392813205719]"
4970,1,49.79%,88.01%,0.104,"[0.1006198525428772, 0.8993802070617676]"
4971,1,49.80%,88.01%,0.0985,"[0.09509628266096115, 0.904903769493103]"
4972,0,49.79%,88.00%,0.5288,"[0.17769987881183624, 0.8223000764846802]"
4973,0,49.78%,88.00%,0.0505,"[0.7631334662437439, 0.2368665188550949]"
4974,0,49.77%,88.00%,0.0141,"[0.9860011339187622, 0.013998826965689659]"
4975,1,49.78%,88.00%,0.094,"[0.0915604680776596, 0.908439576625824]"
4976,0,49.77%,87.98%,2.399,"[0.09996918588876724, 0.9000308513641357]"
4977,1,49.78%,87.99%,0.1049,"[0.09246742725372314, 0.9075326323509216]"
4978,1,49.79%,87.99%,0.0988,"[0.09233693778514862, 0.9076630473136902]"
4979,1,49.80%,87.99%,0.0976,"[0.09370658546686172, 0.9062933921813965]"
4980,0,49.79%,87.97%,2.3505,"[0.10194743424654007, 0.8980525135993958]"
4981,1,49.80%,87.98%,0.1005,"[0.09988543391227722, 0.9001145958900452]"
4982,0,49.79%,87.96%,2.062,"[0.1314091980457306, 0.868590772151947]"
4983,1,49.80%,87.96%,0.1094,"[0.10145335644483566, 0.8985466957092285]"
4984,0,49.79%,87.96%,0.0195,"[0.9761290550231934, 0.02387099154293537]"
4985,1,49.80%,87.97%,0.1034,"[0.09958726912736893, 0.9004127383232117]"
4986,1,49.81%,87.97%,0.1068,"[0.10467557609081268, 0.8953244090080261]"
4987,0,49.80%,87.97%,0.0142,"[0.9858859777450562, 0.014113977551460266]"
4988,0,49.79%,87.97%,0.2342,"[0.8674328923225403, 0.13256709277629852]"
4989,0,49.78%,87.98%,0.0148,"[0.9853178262710571, 0.014682129956781864]"
4990,1,49.79%,87.98%,0.1189,"[0.10490884631872177, 0.8950911164283752]"
4991,0,49.78%,87.98%,0.0143,"[0.9858072996139526, 0.014192645438015461]"
4992,0,49.77%,87.96%,2.1071,"[0.12613150477409363, 0.8738685250282288]"
4993,0,49.76%,87.97%,0.0147,"[0.9853717684745789, 0.014628158882260323]"
4994,1,49.77%,87.97%,0.1097,"[0.11374758929014206, 0.8862524628639221]"
4995,1,49.78%,87.97%,0.1402,"[0.11775866150856018, 0.8822413086891174]"
4996,1,49.79%,87.97%,0.1194,"[0.10987569391727448, 0.8901243209838867]"
4997,0,49.78%,87.98%,0.0142,"[0.9859405755996704, 0.014059409499168396]"
4998,1,49.79%,87.98%,0.1158,"[0.11160089820623398, 0.888399064540863]"
4999,1,49.80%,87.98%,0.1167,"[0.10111632943153381, 0.8988836407661438]"
5000,1,49.81%,87.98%,0.1351,"[0.14015407860279083, 0.8598459362983704]"
5001,0,49.80%,87.98%,0.0141,"[0.9859678745269775, 0.014032070524990559]"
5002,0,49.79%,87.99%,0.0142,"[0.985859215259552, 0.014140795916318893]"
5003,0,49.78%,87.99%,0.0142,"[0.9859035611152649, 0.01409635879099369]"
5004,0,49.77%,87.99%,0.0142,"[0.9859009385108948, 0.014099056832492352]"
5005,0,49.76%,87.99%,0.0149,"[0.9851716756820679, 0.014828318729996681]"
5006,0,49.75%,88.00%,0.0141,"[0.9859892129898071, 0.014010724611580372]"
5007,1,49.76%,88.00%,0.1388,"[0.12601958215236664, 0.8739804029464722]"
5008,0,49.75%,88.00%,0.0141,"[0.9859819412231445, 0.014018039219081402]"
5009,0,49.74%,88.00%,0.0142,"[0.985831081867218, 0.01416899636387825]"
5010,1,49.75%,88.01%,0.1685,"[0.13475577533245087, 0.8652442693710327]"
5011,1,49.76%,88.01%,0.1081,"[0.10326707363128662, 0.8967328667640686]"
5012,1,49.77%,88.01%,0.1098,"[0.1035187765955925, 0.8964812159538269]"
5013,0,49.76%,88.01%,0.0142,"[0.985923171043396, 0.014076856896281242]"
5014,0,49.75%,88.02%,0.0141,"[0.9860193729400635, 0.013980641029775143]"
5015,1,49.76%,88.02%,0.1086,"[0.09693349897861481, 0.9030664563179016]"
5016,0,49.75%,88.02%,0.014,"[0.9861046671867371, 0.013895386829972267]"
5017,1,49.76%,88.02%,0.1093,"[0.10937759280204773, 0.8906224370002747]"
5018,0,49.75%,88.03%,0.014,"[0.986125648021698, 0.013874356634914875]"
5019,1,49.76%,88.03%,0.1141,"[0.10592903941869736, 0.8940709233283997]"
5020,0,49.75%,88.03%,0.0281,"[0.9733974933624268, 0.02660254016518593]"
5021,1,49.76%,88.03%,0.1103,"[0.12002801150083542, 0.8799719214439392]"
5022,1,49.77%,88.04%,0.1116,"[0.09924200177192688, 0.9007580280303955]"
5023,0,49.76%,88.04%,0.0139,"[0.9861987829208374, 0.0138011509552598]"
5024,0,49.75%,88.04%,0.0139,"[0.9862028360366821, 0.013797095976769924]"
5025,0,49.74%,88.02%,2.0206,"[0.147263303399086, 0.8527367115020752]"
5026,1,49.75%,88.02%,0.1129,"[0.11890622228384018, 0.8810937404632568]"
5027,1,49.76%,88.03%,0.1275,"[0.11954104900360107, 0.8804589509963989]"
5028,1,49.77%,88.03%,0.1061,"[0.09971724450588226, 0.9002828001976013]"
5029,0,49.76%,88.01%,1.7514,"[0.24567969143390656, 0.7543203234672546]"
5030,0,49.75%,88.01%,0.0358,"[0.9523040056228638, 0.047695938497781754]"
5031,1,49.76%,88.02%,0.1023,"[0.09868162125349045, 0.901318371295929]"
5032,0,49.75%,88.02%,0.0139,"[0.9862370491027832, 0.013762990944087505]"
5033,0,49.74%,88.02%,0.0139,"[0.9862420558929443, 0.013757995329797268]"
5034,1,49.75%,88.02%,0.6192,"[0.48340311646461487, 0.5165968537330627]"
5035,1,49.76%,88.03%,0.1127,"[0.11237967759370804, 0.8876202702522278]"
5036,0,49.75%,88.01%,1.8597,"[0.15154509246349335, 0.8484548926353455]"
5037,1,49.76%,88.01%,0.2914,"[0.28236451745033264, 0.717635452747345]"
5038,0,49.75%,88.01%,0.0367,"[0.9717900156974792, 0.028210004791617393]"
5039,0,49.74%,88.02%,0.0139,"[0.9862174987792969, 0.013782577589154243]"
5040,1,49.75%,88.02%,0.109,"[0.09816102683544159, 0.9018388986587524]"
5041,0,49.74%,88.02%,0.0139,"[0.9861980080604553, 0.013801969587802887]"
5042,0,49.73%,88.02%,0.0139,"[0.9862014651298523, 0.01379849761724472]"
5043,1,49.74%,88.03%,0.1097,"[0.10695847868919373, 0.8930415511131287]"
5044,1,49.75%,88.01%,2.3374,"[0.8682700395584106, 0.13172997534275055]"
5045,1,49.76%,88.01%,0.133,"[0.11843601614236832, 0.8815639615058899]"
5046,0,49.75%,88.01%,0.014,"[0.9861369132995605, 0.013863134197890759]"
5047,0,49.74%,88.02%,0.014,"[0.986099898815155, 0.013900037854909897]"
5048,1,49.75%,88.02%,0.102,"[0.10013077408075333, 0.8998692631721497]"
5049,0,49.74%,88.02%,0.0256,"[0.956666111946106, 0.043333880603313446]"
5050,0,49.73%,88.02%,0.0141,"[0.9860062599182129, 0.013993794098496437]"
5051,0,49.72%,88.02%,0.0141,"[0.986003577709198, 0.013996458612382412]"
5052,1,49.73%,88.03%,0.1193,"[0.11606213450431824, 0.8839378356933594]"
5053,1,49.74%,88.03%,0.1037,"[0.09853893518447876, 0.9014610648155212]"
5054,1,49.75%,88.03%,0.1296,"[0.13579168915748596, 0.8642082810401917]"
5055,1,49.76%,88.03%,0.1286,"[0.11994075030088425, 0.8800593018531799]"
5056,0,49.75%,88.02%,1.3005,"[0.14692287147045135, 0.8530771732330322]"
5057,0,49.74%,88.00%,2.0379,"[0.11639127135276794, 0.8836086988449097]"
5058,0,49.73%,87.98%,2.0485,"[0.12138582766056061, 0.8786142468452454]"
5059,1,49.74%,87.98%,0.1424,"[0.12746885418891907, 0.8725311756134033]"
5060,0,49.73%,87.99%,0.0142,"[0.9859142303466797, 0.014085712842643261]"
5061,0,49.72%,87.99%,0.0142,"[0.9859082102775574, 0.01409180834889412]"
5062,1,49.73%,87.99%,0.1759,"[0.17252105474472046, 0.8274790048599243]"
5063,0,49.72%,87.97%,1.0959,"[0.36235353350639343, 0.637646496295929]"
5064,0,49.71%,87.98%,0.0364,"[0.9757905602455139, 0.0242093987762928]"
5065,0,49.70%,87.98%,0.0143,"[0.9858489036560059, 0.01415106188505888]"
5066,1,49.71%,87.98%,0.7161,"[0.43523913621902466, 0.5647608637809753]"
5067,1,49.72%,87.98%,0.1343,"[0.11229828000068665, 0.887701690196991]"
5068,0,49.71%,87.99%,0.0143,"[0.9858332872390747, 0.014166690409183502]"
5069,1,49.72%,87.99%,0.2539,"[0.18632256984710693, 0.8136774301528931]"
5070,1,49.73%,87.97%,0.5955,"[0.6292545199394226, 0.370745450258255]"
5071,1,49.74%,87.97%,0.1303,"[0.1306128203868866, 0.869387149810791]"
5072,1,49.75%,87.98%,0.1863,"[0.19368478655815125, 0.8063151836395264]"
5073,0,49.74%,87.98%,0.0143,"[0.9858031272888184, 0.014196829870343208]"
5074,1,49.75%,87.98%,0.3555,"[0.2538137435913086, 0.7461862564086914]"
5075,1,49.76%,87.98%,0.1417,"[0.13033002614974976, 0.8696699738502502]"
5076,0,49.75%,87.99%,0.4201,"[0.7212116122245789, 0.27878838777542114]"
5077,0,49.74%,87.99%,0.0143,"[0.98579341173172, 0.014206556603312492]"
5078,0,49.73%,87.99%,0.0144,"[0.9856603145599365, 0.014339740388095379]"
5079,1,49.74%,87.99%,0.1267,"[0.1284307986497879, 0.8715692162513733]"
5080,1,49.75%,87.99%,0.1314,"[0.12604694068431854, 0.873953104019165]"
5081,0,49.74%,87.98%,0.9897,"[0.35529419779777527, 0.6447058320045471]"
5082,1,49.75%,87.98%,0.1618,"[0.16836561262607574, 0.8316344022750854]"
5083,1,49.76%,87.98%,0.1168,"[0.10766973346471786, 0.8923302888870239]"
5084,0,49.75%,87.98%,0.0142,"[0.985857367515564, 0.014142670668661594]"
5085,0,49.74%,87.99%,0.0142,"[0.9858807325363159, 0.014119273982942104]"
5086,0,49.73%,87.99%,0.0142,"[0.985905110836029, 0.014094921760261059]"
5087,1,49.74%,87.99%,0.1168,"[0.10573754459619522, 0.8942624926567078]"
5088,1,49.75%,87.99%,0.1094,"[0.10321362316608429, 0.8967863917350769]"
5089,0,49.74%,88.00%,0.0142,"[0.9858884215354919, 0.014111556112766266]"
5090,1,49.75%,88.00%,0.1333,"[0.11678255349397659, 0.883217453956604]"
5091,1,49.76%,88.00%,0.1254,"[0.1380857229232788, 0.8619142770767212]"
5092,1,49.77%,88.00%,0.2016,"[0.22865092754364014, 0.7713490724563599]"
5093,1,49.78%,88.01%,0.1559,"[0.14884130656719208, 0.8511586785316467]"
5094,0,49.77%,87.99%,0.9176,"[0.26390978693962097, 0.7360902428627014]"
5095,0,49.76%,87.99%,0.014,"[0.9860450625419617, 0.013954922556877136]"
5096,1,49.77%,87.99%,0.1055,"[0.10433796793222427, 0.8956620693206787]"
5097,1,49.78%,88.00%,0.1445,"[0.15628482401371002, 0.8437151908874512]"
5098,0,49.77%,88.00%,0.014,"[0.986107587814331, 0.013892394490540028]"
5099,1,49.78%,88.00%,0.1376,"[0.12795445322990417, 0.8720455169677734]"
5100,0,49.77%,88.00%,0.0143,"[0.9858309626579285, 0.014169076457619667]"
5101,0,49.76%,88.00%,0.014,"[0.9861328601837158, 0.013867123052477837]"
5102,0,49.76%,88.01%,0.0139,"[0.9861527681350708, 0.013847202993929386]"
5103,0,49.75%,88.01%,0.0139,"[0.9861487150192261, 0.01385127380490303]"
5104,1,49.76%,88.01%,0.1072,"[0.10387932509183884, 0.8961206674575806]"
5105,1,49.76%,88.01%,0.1052,"[0.09817131608724594, 0.9018286466598511]"
5106,1,49.77%,88.02%,0.1146,"[0.1124509647488594, 0.887549102306366]"
5107,0,49.77%,88.00%,2.2568,"[0.10844755172729492, 0.8915524482727051]"
5108,1,49.77%,88.00%,0.0995,"[0.0924309715628624, 0.9075690507888794]"
5109,0,49.77%,88.00%,0.0139,"[0.9862414598464966, 0.013758583925664425]"
5110,0,49.76%,87.99%,1.5497,"[0.18440012633800507, 0.8155999183654785]"
5111,1,49.77%,87.99%,0.1272,"[0.11584965884685516, 0.8841503262519836]"
5112,1,49.78%,87.99%,0.1257,"[0.12298466265201569, 0.8770153522491455]"
5113,1,49.78%,87.99%,0.3009,"[0.18420147895812988, 0.8157985210418701]"
5114,1,49.79%,88.00%,0.1,"[0.0940437912940979, 0.9059562087059021]"
5115,1,49.80%,88.00%,0.0964,"[0.09487947076559067, 0.9051204919815063]"
5116,0,49.79%,88.00%,0.0139,"[0.9862224459648132, 0.013777496293187141]"
5117,0,49.79%,88.00%,0.0281,"[0.9648065567016602, 0.035193491727113724]"
5118,0,49.78%,88.01%,0.0139,"[0.9862392544746399, 0.013760778121650219]"
5119,1,49.79%,88.01%,0.0995,"[0.09619798511266708, 0.9038020372390747]"
5120,1,49.79%,88.01%,0.1266,"[0.10316246747970581, 0.8968374729156494]"
5121,1,49.80%,88.01%,0.0959,"[0.09471144527196884, 0.9052885174751282]"
5122,1,49.81%,88.01%,0.1079,"[0.09669777750968933, 0.9033021926879883]"
5123,1,49.82%,88.02%,0.1106,"[0.11114751547574997, 0.8888524174690247]"
5124,0,49.81%,88.02%,0.0138,"[0.9862694144248962, 0.013730615377426147]"
5125,0,49.80%,88.02%,0.0138,"[0.9862825274467468, 0.013717512600123882]"
5126,0,49.80%,88.00%,2.1425,"[0.12435699254274368, 0.8756430745124817]"
5127,1,49.80%,88.01%,0.3749,"[0.16768622398376465, 0.8323137164115906]"
5128,1,49.81%,88.01%,0.0932,"[0.08865556865930557, 0.9113444089889526]"
5129,0,49.81%,87.99%,0.1946,"[0.42582693696022034, 0.574173092842102]"
5130,1,49.81%,87.99%,0.1068,"[0.09685205668210983, 0.9031479358673096]"
5131,0,49.81%,87.98%,2.2515,"[0.10805121064186096, 0.8919487595558167]"
5132,1,49.81%,87.98%,0.1088,"[0.11035434901714325, 0.8896456956863403]"
5133,0,49.81%,87.98%,0.0138,"[0.9862854480743408, 0.013714584521949291]"
5134,0,49.80%,87.98%,0.0138,"[0.986278235912323, 0.01372171938419342]"
5135,0,49.79%,87.97%,1.1489,"[0.32206887006759644, 0.6779310703277588]"
5136,1,49.80%,87.97%,0.2903,"[0.28205734491348267, 0.7179426550865173]"
5137,1,49.81%,87.97%,0.1182,"[0.12854279577732086, 0.8714572191238403]"
5138,1,49.82%,87.95%,0.8129,"[0.8944308161735535, 0.10556916147470474]"
5139,0,49.81%,87.96%,0.0172,"[0.9832345247268677, 0.016765449196100235]"
5140,0,49.80%,87.94%,2.1331,"[0.11632854491472244, 0.8836714029312134]"
5141,1,49.81%,87.94%,0.1487,"[0.16988754272460938, 0.8301125168800354]"
5142,0,49.80%,87.94%,0.0139,"[0.9861576557159424, 0.013842334039509296]"
5143,0,49.79%,87.95%,0.0139,"[0.9861959218978882, 0.013804079964756966]"
5144,0,49.78%,87.95%,0.0139,"[0.9861910343170166, 0.013808968476951122]"
5145,1,49.79%,87.95%,0.1034,"[0.09454099833965302, 0.9054590463638306]"
5146,1,49.80%,87.95%,0.1084,"[0.10820738226175308, 0.8917925953865051]"
5147,1,49.81%,87.96%,0.1122,"[0.1067279577255249, 0.8932720422744751]"
5148,0,49.80%,87.94%,2.1572,"[0.11059071868658066, 0.8894093036651611]"
5149,1,49.81%,87.94%,0.1005,"[0.0966213122010231, 0.9033786654472351]"
5150,1,49.82%,87.94%,0.1457,"[0.12959174811840057, 0.8704082369804382]"
5151,0,49.81%,87.95%,0.014,"[0.986134946346283, 0.013865095563232899]"
5152,0,49.80%,87.95%,0.014,"[0.9861167073249817, 0.013883297331631184]"
5153,1,49.81%,87.95%,0.1487,"[0.13817767798900604, 0.8618223071098328]"
5154,0,49.80%,87.95%,0.014,"[0.9861002564430237, 0.013899770565330982]"
5155,1,49.81%,87.96%,0.122,"[0.10618148744106293, 0.8938184976577759]"
5156,0,49.80%,87.96%,0.014,"[0.9860840439796448, 0.013915936462581158]"
5157,0,49.79%,87.96%,0.014,"[0.9860934019088745, 0.013906615786254406]"
5158,1,49.80%,87.94%,1.1698,"[0.7178359627723694, 0.2821640372276306]"
5159,1,49.81%,87.95%,0.2805,"[0.24636295437812805, 0.7536370158195496]"
5160,0,49.80%,87.95%,0.014,"[0.9860560894012451, 0.013943891040980816]"
5161,1,49.81%,87.95%,0.134,"[0.130312979221344, 0.869687020778656]"
5162,0,49.80%,87.95%,0.014,"[0.9860578179359436, 0.013942140154540539]"
5163,1,49.81%,87.96%,0.1152,"[0.10834681987762451, 0.8916531801223755]"
5164,0,49.80%,87.96%,0.0141,"[0.9859954714775085, 0.014004575088620186]"
5165,0,49.79%,87.96%,0.0141,"[0.9860011339187622, 0.013998780399560928]"
5166,0,49.78%,87.96%,0.0141,"[0.9860070943832397, 0.013992978259921074]"
5167,1,49.79%,87.96%,0.1181,"[0.11002890020608902, 0.889971137046814]"
5168,0,49.78%,87.97%,0.0141,"[0.9860395193099976, 0.013960467651486397]"
5169,1,49.79%,87.97%,0.1118,"[0.10687779635190964, 0.8931221961975098]"
5170,0,49.78%,87.95%,0.1733,"[0.4384056031703949, 0.5615943670272827]"
5171,0,49.77%,87.95%,0.0141,"[0.9860408902168274, 0.013959056697785854]"
5172,0,49.76%,87.96%,0.0141,"[0.9859849214553833, 0.01401504036039114]"
5173,1,49.77%,87.96%,0.1106,"[0.10555174201726913, 0.8944482803344727]"
5174,0,49.76%,87.96%,0.0443,"[0.9531641602516174, 0.046835821121931076]"
5175,1,49.77%,87.96%,0.1424,"[0.12751513719558716, 0.8724848628044128]"
5176,0,49.76%,87.95%,2.2109,"[0.10960213840007782, 0.890397846698761]"
5177,1,49.77%,87.95%,0.1131,"[0.10626568645238876, 0.8937342762947083]"
5178,0,49.76%,87.95%,0.014,"[0.9860965609550476, 0.013903490267693996]"
5179,1,49.77%,87.95%,0.116,"[0.10701735317707062, 0.8929826021194458]"
5180,1,49.78%,87.96%,0.1203,"[0.11889859288930893, 0.8811014294624329]"
5181,1,49.79%,87.96%,0.1244,"[0.10612451285123825, 0.8938754200935364]"
5182,1,49.80%,87.96%,0.1658,"[0.1380797028541565, 0.8619202971458435]"
5183,1,49.81%,87.96%,0.1833,"[0.11517442017793655, 0.8848255276679993]"
5184,0,49.80%,87.97%,0.014,"[0.9861162304878235, 0.0138837406411767]"
5185,0,49.79%,87.97%,0.014,"[0.9861021041870117, 0.013897888362407684]"
5186,0,49.78%,87.95%,1.9936,"[0.11166715621948242, 0.8883328437805176]"
5187,1,49.79%,87.95%,0.1041,"[0.09943335503339767, 0.9005666375160217]"
5188,1,49.80%,87.96%,0.1145,"[0.10208658874034882, 0.89791339635849]"
5189,0,49.79%,87.96%,0.014,"[0.9861356019973755, 0.013864398002624512]"
5190,1,49.80%,87.96%,0.1308,"[0.1191236600279808, 0.8808763027191162]"
5191,0,49.79%,87.96%,0.0139,"[0.9861665964126587, 0.0138334259390831]"
5192,0,49.78%,87.96%,0.0139,"[0.9861571788787842, 0.013842848129570484]"
5193,0,49.77%,87.97%,0.014,"[0.9861423373222351, 0.013857665471732616]"
5194,0,49.76%,87.97%,0.014,"[0.9861577749252319, 0.013842255808413029]"
5195,0,49.75%,87.97%,0.014,"[0.9861158132553101, 0.0138842249289155]"
5196,1,49.76%,87.97%,0.1256,"[0.10867999494075775, 0.891319990158081]"
5197,0,49.75%,87.98%,0.0139,"[0.9861807227134705, 0.013819283805787563]"
5198,0,49.74%,87.96%,2.2406,"[0.1110016331076622, 0.8889983296394348]"
5199,1,49.75%,87.96%,0.1017,"[0.09826492518186569, 0.9017350673675537]"
5200,1,49.76%,87.96%,0.1107,"[0.10830242186784744, 0.8916976451873779]"
5201,0,49.75%,87.95%,1.318,"[0.2952588200569153, 0.7047412395477295]"
5202,0,49.74%,87.95%,0.0141,"[0.9860163331031799, 0.013983605429530144]"
5203,1,49.75%,87.95%,0.1851,"[0.15752868354320526, 0.8424713015556335]"
5204,0,49.74%,87.95%,0.014,"[0.9861066341400146, 0.013893353752791882]"
5205,0,49.73%,87.96%,0.1139,"[0.8647128343582153, 0.1352870911359787]"
5206,1,49.74%,87.96%,0.1075,"[0.10184907168149948, 0.8981508612632751]"
5207,1,49.75%,87.96%,0.1081,"[0.0978204682469368, 0.9021795392036438]"
5208,1,49.76%,87.96%,0.1124,"[0.10110127925872803, 0.898898720741272]"
5209,1,49.77%,87.97%,0.6763,"[0.4933810234069824, 0.5066189765930176]"
5210,1,49.78%,87.97%,0.2632,"[0.21158015727996826, 0.7884198427200317]"
5211,0,49.77%,87.95%,1.8911,"[0.13832543790340424, 0.8616746068000793]"
5212,1,49.78%,87.95%,0.1714,"[0.17714226245880127, 0.822857677936554]"
5213,0,49.77%,87.96%,0.0139,"[0.9861788749694824, 0.013821136206388474]"
5214,0,49.76%,87.96%,0.014,"[0.9861391186714172, 0.013860924169421196]"
5215,1,49.77%,87.96%,0.1365,"[0.1183336079120636, 0.8816664218902588]"
5216,0,49.76%,87.96%,0.0139,"[0.9861900806427002, 0.013809950090944767]"
5217,0,49.75%,87.96%,0.0139,"[0.9861755967140198, 0.013824433088302612]"
5218,0,49.74%,87.97%,0.0139,"[0.9861823320388794, 0.01381769310683012]"
5219,1,49.75%,87.97%,0.1173,"[0.11354632675647736, 0.8864536881446838]"
5220,0,49.74%,87.97%,0.0139,"[0.9861769080162048, 0.013823159039020538]"
5221,0,49.73%,87.97%,0.0139,"[0.9861930012702942, 0.01380704715847969]"
5222,1,49.74%,87.98%,0.151,"[0.12948018312454224, 0.870519757270813]"
5223,0,49.73%,87.98%,0.014,"[0.9861082434654236, 0.013891694135963917]"
5224,0,49.72%,87.96%,1.9296,"[0.13171228766441345, 0.8682876825332642]"
5225,0,49.71%,87.94%,1.5227,"[0.20505665242671967, 0.7949433326721191]"
5226,0,49.70%,87.95%,0.0139,"[0.9861814379692078, 0.013818549923598766]"
5227,1,49.71%,87.95%,0.1108,"[0.10436147451400757, 0.8956385254859924]"
5228,1,49.72%,87.95%,0.1633,"[0.15463048219680786, 0.8453694581985474]"
5229,1,49.73%,87.95%,0.122,"[0.1130497008562088, 0.8869502544403076]"
5230,0,49.72%,87.96%,0.0139,"[0.9861965775489807, 0.013803358189761639]"
5231,0,49.71%,87.96%,0.014,"[0.9861158132553101, 0.013884151354432106]"
5232,1,49.72%,87.96%,0.2562,"[0.16930261254310608, 0.8306973576545715]"
5233,0,49.71%,87.96%,0.0139,"[0.9861907958984375, 0.01380922831594944]"
5234,1,49.72%,87.97%,0.1252,"[0.11438029259443283, 0.8856197595596313]"
5235,0,49.71%,87.97%,0.0139,"[0.986191987991333, 0.01380805391818285]"
5236,1,49.72%,87.97%,0.1226,"[0.12357569485902786, 0.8764243721961975]"
5237,1,49.73%,87.97%,0.1378,"[0.12834729254245758, 0.8716527223587036]"
5238,0,49.72%,87.97%,0.0139,"[0.9862100481987, 0.013789954595267773]"
5239,0,49.71%,87.98%,0.0197,"[0.9816854000091553, 0.01831456832587719]"
5240,1,49.72%,87.98%,0.1419,"[0.13281692564487457, 0.8671830892562866]"
5241,0,49.71%,87.96%,1.6274,"[0.12609978020191193, 0.8739001750946045]"
5242,1,49.72%,87.96%,0.1359,"[0.12745362520217896, 0.8725464344024658]"
5243,0,49.71%,87.95%,2.0037,"[0.1329919397830963, 0.8670080304145813]"
5244,1,49.72%,87.95%,0.1539,"[0.15288516879081726, 0.8471148610115051]"
5245,1,49.73%,87.95%,0.2912,"[0.29761803150177, 0.70238196849823]"
5246,0,49.72%,87.96%,0.1564,"[0.5984618067741394, 0.401538223028183]"
5247,0,49.71%,87.96%,1.5688,"[0.7912839651107788, 0.2087160348892212]"
5248,0,49.70%,87.96%,0.0139,"[0.9862327575683594, 0.013767236843705177]"
5249,0,49.70%,87.96%,0.0139,"[0.9861748218536377, 0.013825246132910252]"
5250,0,49.69%,87.96%,0.0139,"[0.9861407279968262, 0.013859281316399574]"
5251,1,49.70%,87.97%,0.1851,"[0.1647581160068512, 0.8352418541908264]"
5252,0,49.69%,87.95%,1.909,"[0.15961343050003052, 0.8403866291046143]"
5253,0,49.68%,87.95%,0.0139,"[0.986232340335846, 0.013767743483185768]"
5254,1,49.69%,87.95%,0.1403,"[0.1349666267633438, 0.8650333285331726]"
5255,1,49.70%,87.94%,0.9905,"[0.7413632273674011, 0.25863680243492126]"
5256,0,49.69%,87.94%,0.0492,"[0.9641821980476379, 0.03581780195236206]"
5257,0,49.68%,87.94%,0.0139,"[0.9861820936203003, 0.013817893341183662]"
5258,1,49.69%,87.94%,0.174,"[0.15964341163635254, 0.8403566479682922]"
5259,0,49.68%,87.95%,0.0139,"[0.9861946105957031, 0.013805344700813293]"
5260,1,49.69%,87.95%,0.1415,"[0.12483599781990051, 0.8751640319824219]"
5261,0,49.68%,87.95%,0.0139,"[0.9861899614334106, 0.01380995474755764]"
5262,0,49.67%,87.95%,0.014,"[0.9860782623291016, 0.01392181497067213]"
5263,0,49.66%,87.96%,0.105,"[0.9477353096008301, 0.05226471647620201]"
5264,0,49.65%,87.96%,0.0139,"[0.9861885905265808, 0.013811424374580383]"
5265,0,49.64%,87.96%,0.0139,"[0.9861900806427002, 0.013809943571686745]"
5266,1,49.65%,87.96%,0.254,"[0.21889258921146393, 0.7811074256896973]"
5267,0,49.64%,87.97%,0.0139,"[0.9862096905708313, 0.013790245167911053]"
5268,0,49.63%,87.97%,0.0139,"[0.9862107634544373, 0.013789228163659573]"
5269,0,49.62%,87.97%,0.0142,"[0.9858864545822144, 0.014113560318946838]"
5270,1,49.63%,87.97%,0.1497,"[0.1373772919178009, 0.8626226782798767]"
5271,1,49.64%,87.97%,0.2537,"[0.23788020014762878, 0.7621198296546936]"
5272,0,49.63%,87.98%,0.0139,"[0.9862021803855896, 0.013797850348055363]"
5273,1,49.64%,87.98%,0.2753,"[0.2316858023405075, 0.7683141827583313]"
5274,0,49.63%,87.98%,0.0138,"[0.9862485527992249, 0.013751475140452385]"
5275,1,49.64%,87.98%,0.1457,"[0.13713572919368744, 0.8628643155097961]"
5276,1,49.65%,87.99%,0.1276,"[0.1122262105345726, 0.8877737522125244]"
5277,1,49.66%,87.99%,0.2468,"[0.2609815299510956, 0.7390184998512268]"
5278,0,49.65%,87.99%,0.0138,"[0.9862574934959412, 0.013742475770413876]"
5279,0,49.64%,87.99%,0.0139,"[0.9862235188484192, 0.013776512816548347]"
5280,0,49.63%,87.99%,0.0141,"[0.98602294921875, 0.013977011665701866]"
5281,0,49.62%,88.00%,0.0153,"[0.9846988320350647, 0.01530115120112896]"
5282,0,49.61%,88.00%,0.015,"[0.9851624369621277, 0.014837509021162987]"
5283,0,49.60%,88.00%,0.3592,"[0.6051859259605408, 0.3948141038417816]"
5284,0,49.59%,88.00%,0.0141,"[0.9860343337059021, 0.013965634629130363]"
5285,0,49.58%,88.01%,0.0139,"[0.9861398935317993, 0.013860128819942474]"
5286,0,49.57%,88.01%,0.0138,"[0.9862918257713318, 0.01370825245976448]"
5287,1,49.58%,88.01%,0.1255,"[0.11775651574134827, 0.8822434544563293]"
5288,1,49.59%,88.01%,0.1157,"[0.10945750027894974, 0.8905424475669861]"
5289,0,49.58%,88.02%,0.014,"[0.9860864877700806, 0.013913502916693687]"
5290,0,49.57%,88.02%,0.0137,"[0.9863518476486206, 0.013648146763443947]"
5291,1,49.58%,88.02%,0.1036,"[0.10236287862062454, 0.8976370692253113]"
5292,1,49.59%,88.02%,0.1768,"[0.12639886140823364, 0.8736011385917664]"
5293,1,49.60%,88.02%,0.1078,"[0.105466328561306, 0.8945336937904358]"
5294,0,49.59%,88.03%,0.0137,"[0.986448347568512, 0.013551601208746433]"
5295,0,49.58%,88.03%,0.0137,"[0.9863898158073425, 0.013610217720270157]"
5296,1,49.59%,88.03%,0.1067,"[0.10306517034769058, 0.8969348073005676]"
5297,1,49.60%,88.03%,0.1898,"[0.15183523297309875, 0.8481647372245789]"
5298,0,49.59%,88.04%,0.0136,"[0.9865319132804871, 0.013468059711158276]"
5299,1,49.60%,88.04%,0.1058,"[0.10255081206560135, 0.8974491357803345]"
5300,0,49.59%,88.04%,0.0136,"[0.986509382724762, 0.013490601442754269]"
5301,1,49.60%,88.04%,0.155,"[0.1353469043970108, 0.8646530508995056]"
5302,0,49.59%,88.03%,2.2833,"[0.10007842630147934, 0.8999215364456177]"
5303,0,49.59%,88.01%,1.5927,"[0.18271484971046448, 0.8172851204872131]"
5304,0,49.58%,88.01%,0.5313,"[0.9086010456085205, 0.09139901399612427]"
5305,0,49.57%,88.01%,0.0136,"[0.9864553213119507, 0.013544661924242973]"
5306,0,49.56%,88.02%,0.0146,"[0.9855674505233765, 0.014432515949010849]"
5307,0,49.55%,88.02%,0.0135,"[0.9865264296531677, 0.013473521918058395]"
5308,0,49.54%,88.00%,1.8105,"[0.12703949213027954, 0.8729604482650757]"
5309,0,49.53%,88.00%,0.0135,"[0.9865808486938477, 0.013419173657894135]"
5310,0,49.52%,87.99%,2.1641,"[0.11748731881380081, 0.8825126886367798]"
5311,1,49.53%,87.99%,0.1355,"[0.12646275758743286, 0.8735372424125671]"
5312,0,49.52%,87.99%,0.0136,"[0.9865348935127258, 0.01346505619585514]"
5313,1,49.53%,87.99%,0.1198,"[0.11115175485610962, 0.8888481855392456]"
5314,0,49.52%,88.00%,0.0136,"[0.9864859580993652, 0.013513993471860886]"
5315,1,49.53%,88.00%,0.1204,"[0.11332602798938751, 0.8866739869117737]"
5316,1,49.54%,88.00%,0.1914,"[0.1877460777759552, 0.8122539520263672]"
5317,0,49.53%,88.00%,0.0136,"[0.9865140318870544, 0.013485969975590706]"
5318,0,49.52%,88.01%,0.0136,"[0.9865301847457886, 0.013469846919178963]"
5319,1,49.53%,88.01%,0.1858,"[0.1553499847650528, 0.8446500301361084]"
5320,0,49.52%,88.01%,0.0136,"[0.9865161180496216, 0.013483882881700993]"
5321,1,49.53%,88.01%,0.1203,"[0.11361834406852722, 0.8863816857337952]"
5322,1,49.54%,88.01%,0.1522,"[0.13873730599880219, 0.8612626791000366]"
5323,1,49.55%,88.02%,0.2028,"[0.1763508915901184, 0.8236490488052368]"
5324,1,49.56%,88.02%,0.1354,"[0.12644749879837036, 0.8735525608062744]"
5325,1,49.57%,88.02%,0.1215,"[0.1170162484049797, 0.8829837441444397]"
5326,0,49.56%,88.02%,0.0135,"[0.9865476489067078, 0.01345233153551817]"
5327,1,49.57%,88.03%,0.1736,"[0.19977033138275146, 0.8002297282218933]"
5328,0,49.56%,88.03%,0.0135,"[0.9865667223930359, 0.013433251529932022]"
5329,1,49.57%,88.03%,0.1245,"[0.11357810348272324, 0.8864219188690186]"
5330,1,49.58%,88.03%,0.1553,"[0.1425805538892746, 0.857419490814209]"
5331,1,49.59%,88.03%,0.117,"[0.11582747846841812, 0.8841724991798401]"
5332,0,49.58%,88.04%,0.0136,"[0.9865326881408691, 0.013467337936162949]"
5333,0,49.57%,88.04%,0.0135,"[0.9865887761116028, 0.013411195948719978]"
5334,1,49.58%,88.04%,0.3839,"[0.2040397822856903, 0.7959601879119873]"
5335,0,49.57%,88.04%,0.0135,"[0.9866163730621338, 0.013383615761995316]"
5336,1,49.58%,88.05%,0.1195,"[0.10887064039707184, 0.8911293745040894]"
5337,0,49.57%,88.05%,0.0135,"[0.9866093993186951, 0.013390586711466312]"
5338,1,49.58%,88.05%,0.4145,"[0.28296104073524475, 0.7170390486717224]"
5339,0,49.57%,88.03%,2.0803,"[0.13294900953769684, 0.8670509457588196]"
5340,0,49.56%,88.04%,0.0135,"[0.9864935874938965, 0.013506432063877583]"
5341,0,49.55%,88.04%,0.0136,"[0.9865508079528809, 0.013449192978441715]"
5342,0,49.54%,88.02%,1.9724,"[0.1325281709432602, 0.8674718141555786]"
5343,1,49.55%,88.02%,0.1145,"[0.11069251596927643, 0.8893074989318848]"
5344,1,49.56%,88.03%,0.1189,"[0.10936993360519409, 0.8906301259994507]"
5345,0,49.55%,88.03%,0.0136,"[0.9864652156829834, 0.013534835539758205]"
5346,0,49.54%,88.03%,0.0135,"[0.9865717887878418, 0.013428153470158577]"
5347,1,49.55%,88.03%,0.119,"[0.1143178641796112, 0.8856821060180664]"
5348,0,49.54%,88.02%,2.1034,"[0.1236029639840126, 0.8763970732688904]"
5349,0,49.53%,88.02%,0.0158,"[0.9840695261955261, 0.015930481255054474]"
5350,1,49.54%,88.02%,0.1095,"[0.10587206482887268, 0.8941279053688049]"
5351,0,49.53%,88.00%,1.4924,"[0.30037176609039307, 0.6996282339096069]"
5352,1,49.54%,88.01%,0.1159,"[0.11281468719244003, 0.8871853351593018]"
5353,0,49.53%,88.01%,0.0137,"[0.9864388704299927, 0.013561174273490906]"
5354,1,49.54%,88.01%,0.2991,"[0.22362688183784485, 0.7763730883598328]"
5355,1,49.55%,88.01%,0.1257,"[0.11663743108510971, 0.8833625912666321]"
5356,1,49.56%,88.02%,0.153,"[0.21795734763145447, 0.7820426821708679]"
5357,0,49.55%,88.02%,0.0137,"[0.9863967299461365, 0.013603235594928265]"
5358,1,49.56%,88.02%,0.1422,"[0.13436460494995117, 0.8656353950500488]"
5359,1,49.57%,88.02%,0.1128,"[0.10725783556699753, 0.8927421569824219]"
5360,1,49.58%,88.02%,0.1302,"[0.11867893487215042, 0.8813210725784302]"
5361,1,49.59%,88.03%,0.1158,"[0.11032455414533615, 0.8896754384040833]"
5362,1,49.60%,88.03%,0.118,"[0.11111722886562347, 0.8888827562332153]"
5363,0,49.59%,88.03%,0.0136,"[0.9864648580551147, 0.013535140082240105]"
5364,0,49.58%,88.01%,2.0659,"[0.14187176525592804, 0.8581282496452332]"
5365,0,49.57%,88.02%,0.0139,"[0.9861773252487183, 0.01382261049002409]"
5366,0,49.56%,88.02%,0.068,"[0.9075698256492615, 0.09243019670248032]"
5367,1,49.57%,88.02%,0.1438,"[0.12897343933582306, 0.8710265755653381]"
5368,1,49.58%,88.02%,0.1197,"[0.11544882506132126, 0.8845511674880981]"
5369,1,49.59%,88.03%,0.1224,"[0.11275681108236313, 0.8872432112693787]"
5370,1,49.60%,88.03%,0.1627,"[0.14368681609630585, 0.856313169002533]"
5371,0,49.59%,88.03%,0.0136,"[0.9865125417709351, 0.01348746009171009]"
5372,1,49.60%,88.03%,0.1202,"[0.11207575350999832, 0.887924313545227]"
5373,0,49.59%,88.03%,0.0136,"[0.9865441918373108, 0.013455857522785664]"
5374,1,49.60%,88.04%,0.1112,"[0.10542960464954376, 0.8945704698562622]"
5375,1,49.61%,88.04%,0.2759,"[0.3320938050746918, 0.6679062247276306]"
5376,1,49.62%,88.04%,0.1171,"[0.11107237637042999, 0.8889275789260864]"
5377,1,49.63%,88.04%,0.1534,"[0.14185744524002075, 0.8581425547599792]"
5378,1,49.64%,88.05%,0.2452,"[0.19380010664463043, 0.806199848651886]"
5379,0,49.63%,88.05%,0.0157,"[0.9831326603889465, 0.01686733216047287]"
5380,0,49.62%,88.03%,2.0508,"[0.13113398849964142, 0.8688660264015198]"
5381,1,49.63%,88.03%,0.2121,"[0.15921781957149506, 0.8407821655273438]"
5382,0,49.62%,88.04%,0.0137,"[0.9864380359649658, 0.013561931438744068]"
5383,1,49.63%,88.04%,0.1078,"[0.1015109196305275, 0.8984891176223755]"
5384,0,49.62%,88.04%,0.0135,"[0.9865750670433044, 0.01342491339892149]"
5385,0,49.61%,88.04%,0.014,"[0.9860959649085999, 0.013904012739658356]"
5386,0,49.60%,88.05%,0.0137,"[0.9864152073860168, 0.01358484011143446]"
5387,0,49.59%,88.03%,1.2579,"[0.3880288898944855, 0.6119711399078369]"
5388,1,49.60%,88.03%,0.1763,"[0.15350863337516785, 0.8464913964271545]"
5389,0,49.59%,88.01%,2.0907,"[0.12384890764951706, 0.8761510848999023]"
5390,1,49.60%,88.02%,0.1176,"[0.10883358120918274, 0.8911663889884949]"
5391,0,49.59%,88.02%,0.0136,"[0.9864906072616577, 0.013509430922567844]"
5392,1,49.60%,88.02%,0.1338,"[0.12613676488399506, 0.8738632202148438]"
5393,0,49.59%,88.02%,0.0139,"[0.9862115383148193, 0.013788430951535702]"
5394,1,49.60%,88.03%,0.1141,"[0.10787824541330338, 0.8921217322349548]"
5395,0,49.59%,88.03%,0.0136,"[0.9865311980247498, 0.013468846678733826]"
5396,1,49.60%,88.03%,0.1376,"[0.12996529042720795, 0.8700347542762756]"
5397,1,49.61%,88.03%,0.1579,"[0.14444181323051453, 0.8555582165718079]"
5398,0,49.60%,88.03%,0.0135,"[0.9865911602973938, 0.013408849947154522]"
5399,1,49.61%,88.04%,0.1336,"[0.12192296236753464, 0.8780770301818848]"
5400,1,49.62%,88.04%,0.1297,"[0.12120264768600464, 0.8787974119186401]"
5401,0,49.61%,88.04%,0.0135,"[0.9866119623184204, 0.013388010673224926]"
5402,1,49.62%,88.04%,0.1419,"[0.1420518308877945, 0.8579481840133667]"
5403,0,49.61%,88.05%,0.0135,"[0.9866309762001038, 0.013369021937251091]"
5404,1,49.62%,88.05%,0.169,"[0.1532948911190033, 0.8467050790786743]"
5405,1,49.63%,88.05%,0.1482,"[0.14139379560947418, 0.8586061596870422]"
5406,1,49.64%,88.05%,0.1533,"[0.12701541185379028, 0.8729846477508545]"
5407,1,49.65%,88.05%,0.1578,"[0.14303264021873474, 0.8569673299789429]"
5408,0,49.64%,88.06%,0.0138,"[0.9862572550773621, 0.013742786832153797]"
5409,1,49.65%,88.06%,0.1157,"[0.10975124686956406, 0.8902488350868225]"
5410,0,49.64%,88.06%,0.0134,"[0.9866618514060974, 0.013338092714548111]"
5411,0,49.63%,88.06%,0.0134,"[0.9867014288902283, 0.013298516161739826]"
5412,0,49.62%,88.07%,0.0134,"[0.9866368174552917, 0.013363230973482132]"
5413,1,49.63%,88.07%,0.1111,"[0.10517305880784988, 0.8948269486427307]"
5414,1,49.64%,88.07%,0.1199,"[0.11911394447088242, 0.8808861374855042]"
5415,1,49.65%,88.07%,0.1164,"[0.1104080006480217, 0.8895919919013977]"
5416,1,49.66%,88.07%,0.1113,"[0.10531283915042877, 0.8946871161460876]"
5417,1,49.67%,88.08%,0.1162,"[0.10741084069013596, 0.8925891518592834]"
5418,0,49.66%,88.08%,0.0133,"[0.9868032336235046, 0.013196715153753757]"
5419,0,49.65%,88.08%,0.0134,"[0.9867250919342041, 0.013274861499667168]"
5420,1,49.66%,88.08%,0.1248,"[0.12331689894199371, 0.8766831159591675]"
5421,0,49.65%,88.09%,0.0132,"[0.9868309497833252, 0.013169030658900738]"
5422,1,49.66%,88.09%,0.1027,"[0.09579389542341232, 0.9042060375213623]"
5423,1,49.67%,88.09%,0.1078,"[0.10025116056203842, 0.8997488617897034]"
5424,0,49.66%,88.09%,0.0135,"[0.9865250587463379, 0.013474897481501102]"
5425,0,49.65%,88.09%,0.0139,"[0.9861878752708435, 0.013812145218253136]"
5426,0,49.64%,88.10%,0.0134,"[0.9866542220115662, 0.013345840387046337]"
5427,0,49.63%,88.10%,0.0132,"[0.9869043231010437, 0.013095634058117867]"
5428,1,49.64%,88.10%,0.1043,"[0.09883687645196915, 0.9011631608009338]"
5429,1,49.65%,88.10%,0.1001,"[0.09578928351402283, 0.9042107462882996]"
5430,1,49.66%,88.11%,0.1032,"[0.09766723215579987, 0.9023327827453613]"
5431,0,49.65%,88.09%,2.1952,"[0.10276328772306442, 0.897236704826355]"
5432,0,49.64%,88.09%,0.0133,"[0.9868265390396118, 0.013173386454582214]"
5433,1,49.65%,88.09%,0.1,"[0.0955050140619278, 0.9044950008392334]"
5434,1,49.66%,88.10%,0.1067,"[0.10127878189086914, 0.8987212181091309]"
5435,1,49.67%,88.10%,0.1034,"[0.09875310957431793, 0.9012469053268433]"
5436,1,49.68%,88.10%,0.109,"[0.10048003494739532, 0.8995199203491211]"
5437,0,49.67%,88.10%,0.0143,"[0.9858716130256653, 0.014128356240689754]"
5438,1,49.68%,88.10%,0.0994,"[0.09806819260120392, 0.9019318222999573]"
5439,0,49.67%,88.11%,0.0131,"[0.9870173335075378, 0.012982637621462345]"
5440,0,49.66%,88.09%,1.9671,"[0.14370694756507874, 0.8562930226325989]"
5441,1,49.67%,88.09%,0.1021,"[0.0997522622346878, 0.9002476930618286]"
5442,1,49.68%,88.09%,0.1144,"[0.10758933424949646, 0.8924106955528259]"
5443,1,49.69%,88.10%,0.1046,"[0.10525206476449966, 0.8947479128837585]"
5444,1,49.70%,88.10%,0.1272,"[0.1107807457447052, 0.8892192244529724]"
5445,0,49.69%,88.10%,0.0132,"[0.9869287014007568, 0.013071289286017418]"
5446,1,49.70%,88.10%,0.1113,"[0.10884052515029907, 0.8911594748497009]"
5447,0,49.69%,88.11%,0.0134,"[0.9867227673530579, 0.013277210295200348]"
5448,1,49.70%,88.11%,0.1144,"[0.10552643984556198, 0.8944735527038574]"
5449,0,49.69%,88.11%,0.0142,"[0.9860132336616516, 0.013986748643219471]"
5450,0,49.68%,88.11%,0.0137,"[0.986409604549408, 0.013590380549430847]"
5451,0,49.67%,88.11%,0.0135,"[0.9866594076156616, 0.013340617530047894]"
5452,1,49.68%,88.12%,0.1023,"[0.09786812216043472, 0.9021319150924683]"
5453,0,49.67%,88.12%,0.0131,"[0.9869824647903442, 0.013017487712204456]"
5454,1,49.68%,88.12%,0.1008,"[0.0958472192287445, 0.9041527509689331]"
5455,0,49.67%,88.10%,1.5173,"[0.1972939521074295, 0.8027060627937317]"
5456,1,49.68%,88.11%,0.1054,"[0.09539961814880371, 0.9046003818511963]"
5457,1,49.69%,88.11%,0.1073,"[0.09809589385986328, 0.9019040465354919]"
5458,0,49.68%,88.09%,2.186,"[0.1142471507191658, 0.88575279712677]"
5459,0,49.67%,88.10%,0.0136,"[0.9865585565567017, 0.013441437855362892]"
5460,1,49.68%,88.10%,0.1433,"[0.16533197462558746, 0.8346680402755737]"
5461,1,49.69%,88.10%,0.124,"[0.1215200126171112, 0.8784799575805664]"
5462,1,49.70%,88.10%,0.1259,"[0.11401108652353287, 0.8859889507293701]"
5463,0,49.69%,88.10%,0.013,"[0.9870755076408386, 0.01292445044964552]"
5464,0,49.68%,88.11%,0.013,"[0.987083911895752, 0.01291610673069954]"
5465,1,49.69%,88.11%,0.1442,"[0.13499577343463898, 0.8650042414665222]"
5466,0,49.68%,88.11%,0.013,"[0.9870626330375671, 0.012937421910464764]"
5467,1,49.69%,88.11%,0.1089,"[0.10078297555446625, 0.8992170691490173]"
5468,1,49.70%,88.11%,0.106,"[0.10044840723276138, 0.8995515704154968]"
5469,0,49.69%,88.12%,0.013,"[0.987071692943573, 0.012928369455039501]"
5470,1,49.70%,88.12%,0.2681,"[0.30240699648857117, 0.6975929737091064]"
5471,1,49.71%,88.12%,0.1193,"[0.11231634765863419, 0.8876836895942688]"
5472,1,49.72%,88.12%,0.1311,"[0.1285809874534607, 0.8714190125465393]"
5473,1,49.73%,88.13%,0.1293,"[0.11158978939056396, 0.888410210609436]"
5474,0,49.72%,88.13%,0.013,"[0.9871312975883484, 0.012868689373135567]"
5475,1,49.73%,88.13%,0.1254,"[0.11793437600135803, 0.8820655941963196]"
5476,1,49.74%,88.13%,0.1333,"[0.12862536311149597, 0.8713745474815369]"
5477,1,49.74%,88.13%,0.1272,"[0.11406698077917099, 0.885932981967926]"
5478,1,49.75%,88.14%,0.1403,"[0.13866432011127472, 0.8613356351852417]"
5479,1,49.76%,88.14%,0.1305,"[0.12815047800540924, 0.8718494772911072]"
5480,1,49.77%,88.14%,0.1068,"[0.10261741280555725, 0.8973826169967651]"
5481,1,49.78%,88.14%,0.1195,"[0.10721352696418762, 0.89278644323349]"
5482,0,49.77%,88.13%,2.0327,"[0.26571962237358093, 0.7342803478240967]"
5483,1,49.78%,88.13%,0.1298,"[0.12814156711101532, 0.8718583583831787]"
5484,0,49.77%,88.13%,0.014,"[0.9861084818840027, 0.01389155164361]"
5485,0,49.76%,88.13%,0.0144,"[0.9853794574737549, 0.01462056115269661]"
5486,1,49.77%,88.14%,0.1088,"[0.10268092155456543, 0.8973190784454346]"
5487,1,49.78%,88.14%,0.099,"[0.09544653445482254, 0.9045534729957581]"
5488,0,49.77%,88.12%,0.0271,"[0.4065740406513214, 0.5934259295463562]"
5489,0,49.76%,88.12%,0.0129,"[0.9871665835380554, 0.012833386659622192]"
5490,1,49.77%,88.13%,0.1238,"[0.11499844491481781, 0.8850015997886658]"
5491,0,49.76%,88.11%,2.2724,"[0.10496634244918823, 0.8950336575508118]"
5492,0,49.75%,88.11%,0.013,"[0.9871317148208618, 0.012868216261267662]"
5493,1,49.76%,88.11%,0.1038,"[0.09819740056991577, 0.9018025398254395]"
5494,0,49.75%,88.12%,0.0128,"[0.9872424602508545, 0.012757554650306702]"
5495,0,49.75%,88.12%,0.013,"[0.9870823621749878, 0.01291760802268982]"
5496,0,49.74%,88.12%,0.0141,"[0.9860572814941406, 0.013942764140665531]"
5497,1,49.75%,88.12%,0.1382,"[0.12761782109737396, 0.8723821640014648]"
5498,0,49.74%,88.11%,2.2903,"[0.09855519980192184, 0.9014447927474976]"
5499,0,49.73%,88.11%,0.0129,"[0.9872260689735413, 0.012773887254297733]"
5500,0,49.72%,88.11%,0.0132,"[0.9869009852409363, 0.013098999857902527]"
5501,1,49.73%,88.11%,0.1129,"[0.10638163238763809, 0.8936183452606201]"
5502,1,49.74%,88.12%,0.134,"[0.13737572729587555, 0.8626242876052856]"
5503,1,49.75%,88.12%,0.1203,"[0.11099182814359665, 0.8890081644058228]"
5504,0,49.74%,88.12%,0.0131,"[0.986941397190094, 0.013058623299002647]"
5505,1,49.75%,88.12%,0.1111,"[0.11002245545387268, 0.8899775743484497]"
5506,0,49.74%,88.12%,0.013,"[0.9871104955673218, 0.012889482080936432]"
5507,1,49.75%,88.13%,0.1188,"[0.11454503238201141, 0.8854549527168274]"
5508,0,49.74%,88.13%,0.0138,"[0.9865044951438904, 0.01349548902362585]"
5509,1,49.75%,88.13%,0.1174,"[0.11056434363126755, 0.8894356489181519]"
5510,1,49.76%,88.13%,0.1222,"[0.12064043432474136, 0.8793595433235168]"
5511,0,49.75%,88.13%,0.0131,"[0.9869725108146667, 0.013027502223849297]"
5512,1,49.76%,88.14%,0.1055,"[0.1013091504573822, 0.8986908793449402]"
5513,1,49.76%,88.14%,0.1073,"[0.1013520285487175, 0.8986479640007019]"
5514,1,49.77%,88.14%,0.1203,"[0.11255417764186859, 0.8874458074569702]"
5515,1,49.78%,88.14%,0.1226,"[0.12011881172657013, 0.8798812031745911]"
5516,0,49.77%,88.15%,0.0128,"[0.9872718453407288, 0.012728183530271053]"
5517,1,49.78%,88.15%,0.1108,"[0.10357975214719772, 0.8964202404022217]"
5518,0,49.77%,88.15%,0.0128,"[0.9872933626174927, 0.012706630863249302]"
5519,1,49.78%,88.15%,0.1103,"[0.10389416664838791, 0.8961058259010315]"
5520,0,49.77%,88.15%,0.0159,"[0.9839862585067749, 0.01601368375122547]"
5521,0,49.76%,88.14%,2.0822,"[0.12702131271362305, 0.8729787468910217]"
5522,1,49.77%,88.14%,0.1097,"[0.10344525426626205, 0.896554708480835]"
5523,0,49.76%,88.14%,0.0133,"[0.9868639707565308, 0.013136056251823902]"
5524,0,49.76%,88.14%,0.0129,"[0.9872037768363953, 0.01279620360583067]"
5525,1,49.76%,88.15%,0.117,"[0.10375136882066727, 0.8962485790252686]"
5526,0,49.76%,88.15%,0.0559,"[0.9124437570571899, 0.08755622059106827]"
5527,1,49.76%,88.15%,0.1025,"[0.09694598615169525, 0.9030540585517883]"
5528,0,49.76%,88.14%,1.6043,"[0.18378067016601562, 0.8162193894386292]"
5529,1,49.76%,88.14%,0.105,"[0.09895189851522446, 0.9010480642318726]"
5530,0,49.76%,88.14%,0.0129,"[0.9871631264686584, 0.012836897745728493]"
5531,0,49.75%,88.12%,2.07,"[0.12001176178455353, 0.8799883127212524]"
5532,0,49.74%,88.13%,0.0132,"[0.9869326949119568, 0.013067303225398064]"
5533,1,49.75%,88.13%,0.1076,"[0.10231753438711166, 0.8976824283599854]"
5534,0,49.74%,88.13%,0.0131,"[0.9869194626808167, 0.013080594129860401]"
5535,0,49.73%,88.13%,0.0128,"[0.9872857928276062, 0.012714182026684284]"
5536,1,49.74%,88.13%,0.1114,"[0.10772130638360977, 0.8922786712646484]"
5537,1,49.75%,88.14%,0.1093,"[0.10355139523744583, 0.89644855260849]"
5538,1,49.76%,88.14%,0.1674,"[0.15149840712547302, 0.8485015630722046]"
5539,0,49.75%,88.14%,0.013,"[0.9871570467948914, 0.01284291036427021]"
5540,0,49.74%,88.14%,0.0128,"[0.987308919429779, 0.01269105076789856]"
5541,1,49.75%,88.15%,0.255,"[0.188960999250412, 0.8110389709472656]"
5542,0,49.74%,88.15%,0.0133,"[0.9867830276489258, 0.013216936960816383]"
5543,1,49.75%,88.15%,0.1401,"[0.13058000802993774, 0.8694199323654175]"
5544,0,49.74%,88.15%,0.0128,"[0.9872673153877258, 0.012732629664242268]"
5545,1,49.75%,88.15%,0.2171,"[0.1774148792028427, 0.8225851058959961]"
5546,0,49.74%,88.14%,2.1585,"[0.11594156175851822, 0.8840584754943848]"
5547,0,49.73%,88.14%,0.0181,"[0.9817771315574646, 0.018222881481051445]"
5548,0,49.72%,88.14%,0.0128,"[0.9872490763664246, 0.012750889174640179]"
5549,0,49.71%,88.14%,0.0982,"[0.9059121608734131, 0.0940878614783287]"
5550,1,49.72%,88.15%,0.1089,"[0.10401470959186554, 0.8959852457046509]"
5551,1,49.73%,88.15%,0.1131,"[0.10770746320486069, 0.8922924995422363]"
5552,1,49.74%,88.15%,0.189,"[0.16068343818187714, 0.8393165469169617]"
5553,1,49.75%,88.15%,0.1275,"[0.12352064251899719, 0.8764793872833252]"
5554,0,49.74%,88.14%,1.7369,"[0.18501609563827515, 0.8149839043617249]"
5555,1,49.75%,88.14%,0.1358,"[0.12827543914318085, 0.871724545955658]"
5556,0,49.74%,88.12%,1.9742,"[0.13936950266361237, 0.8606305122375488]"
5557,0,49.73%,88.13%,0.0128,"[0.9872969388961792, 0.012703077867627144]"
5558,1,49.74%,88.13%,0.1283,"[0.11893726885318756, 0.8810627460479736]"
5559,0,49.73%,88.13%,0.0127,"[0.9873436689376831, 0.012656288221478462]"
5560,0,49.72%,88.13%,0.0209,"[0.980743944644928, 0.01925605721771717]"
5561,1,49.73%,88.13%,0.1575,"[0.14570064842700958, 0.8542993664741516]"
5562,1,49.74%,88.14%,0.1446,"[0.13442111015319824, 0.8655788898468018]"
5563,0,49.73%,88.14%,0.022,"[0.9752995371818542, 0.024700403213500977]"
5564,0,49.72%,88.14%,0.0127,"[0.9873537421226501, 0.012646283023059368]"
5565,1,49.73%,88.14%,1.2934,"[0.2891065180301666, 0.7108935117721558]"
5566,1,49.74%,88.14%,0.1222,"[0.1158040463924408, 0.8841959834098816]"
5567,0,49.73%,88.15%,0.0128,"[0.9873101711273193, 0.012689807452261448]"
5568,1,49.74%,88.15%,0.1654,"[0.16274836659431458, 0.837251603603363]"
5569,0,49.73%,88.13%,1.8166,"[0.1714581996202469, 0.8285418152809143]"
5570,0,49.72%,88.13%,0.0128,"[0.9872606992721558, 0.012739303521811962]"
5571,1,49.73%,88.14%,0.1476,"[0.13890643417835236, 0.8610935211181641]"
5572,1,49.74%,88.14%,0.1176,"[0.11104297637939453, 0.8889569640159607]"
5573,0,49.73%,88.14%,0.0128,"[0.987248957157135, 0.012750997208058834]"
5574,0,49.72%,88.13%,1.2775,"[0.3220486044883728, 0.6779513955116272]"
5575,1,49.73%,88.13%,0.1619,"[0.15935735404491425, 0.8406426310539246]"
5576,1,49.74%,88.13%,0.2205,"[0.2101280689239502, 0.7898719310760498]"
5577,0,49.73%,88.13%,0.0129,"[0.9872313141822815, 0.012768742628395557]"
5578,1,49.74%,88.13%,0.131,"[0.1253732144832611, 0.8746268153190613]"
5579,0,49.73%,88.14%,0.0129,"[0.987181544303894, 0.012818451039493084]"
5580,0,49.72%,88.12%,1.8601,"[0.14964993298053741, 0.850350022315979]"
5581,1,49.73%,88.12%,0.1861,"[0.17958302795886993, 0.8204169869422913]"
5582,1,49.74%,88.11%,1.2168,"[0.6823745965957642, 0.31762534379959106]"
5583,0,49.73%,88.11%,0.0695,"[0.9069676995277405, 0.09303231537342072]"
5584,0,49.72%,88.11%,0.0129,"[0.9871523976325989, 0.012847614474594593]"
5585,0,49.71%,88.11%,0.013,"[0.9870878458023071, 0.012912217527627945]"
5586,1,49.72%,88.12%,0.1321,"[0.12414495646953583, 0.8758549690246582]"
5587,0,49.71%,88.12%,0.013,"[0.9870967864990234, 0.012903237715363503]"
5588,1,49.72%,88.12%,0.1944,"[0.18117418885231018, 0.8188257813453674]"
5589,0,49.71%,88.12%,0.0143,"[0.9853113889694214, 0.014688665047287941]"
5590,0,49.70%,88.12%,0.0129,"[0.9871504306793213, 0.012849550694227219]"
5591,1,49.71%,88.13%,0.1412,"[0.13568253815174103, 0.8643174767494202]"
5592,0,49.70%,88.11%,1.3804,"[0.23716187477111816, 0.7628381848335266]"
5593,0,49.70%,88.11%,0.0129,"[0.9871484637260437, 0.012851527892053127]"
5594,0,49.69%,88.11%,0.031,"[0.9807335138320923, 0.019266532734036446]"
5595,0,49.68%,88.12%,0.0129,"[0.9871512651443481, 0.012848751619458199]"
5596,1,49.69%,88.12%,0.2417,"[0.22082054615020752, 0.7791794538497925]"
5597,1,49.70%,88.12%,0.1468,"[0.13588951528072357, 0.8641104698181152]"
5598,1,49.71%,88.12%,0.1813,"[0.17756998538970947, 0.8224299550056458]"
5599,0,49.70%,88.12%,0.0132,"[0.9869264364242554, 0.013073590584099293]"
5600,1,49.71%,88.11%,0.7021,"[0.5826928019523621, 0.4173072278499603]"
5601,0,49.70%,88.11%,0.013,"[0.9871193170547485, 0.012880676425993443]"
5602,0,49.69%,88.11%,0.0129,"[0.9871532320976257, 0.012846755795180798]"
5603,0,49.68%,88.12%,0.0129,"[0.9871604442596436, 0.012839611619710922]"
5604,1,49.69%,88.12%,0.1374,"[0.12706923484802246, 0.8729307651519775]"
5605,0,49.68%,88.12%,0.0129,"[0.9871479868888855, 0.012851957231760025]"
5606,1,49.69%,88.12%,0.1269,"[0.12128744274377823, 0.87871253490448]"
5607,0,49.68%,88.12%,0.0129,"[0.9871830940246582, 0.012816930189728737]"
5608,0,49.67%,88.13%,0.0135,"[0.9865531325340271, 0.013446813449263573]"
5609,1,49.68%,88.13%,0.1283,"[0.12358205020427704, 0.8764179348945618]"
5610,1,49.69%,88.13%,0.2494,"[0.19044214487075806, 0.8095578551292419]"
5611,0,49.68%,88.11%,1.8906,"[0.13950778543949127, 0.8604921698570251]"
5612,0,49.67%,88.12%,0.0132,"[0.9868746399879456, 0.013125434517860413]"
5613,0,49.66%,88.12%,0.0129,"[0.9871954917907715, 0.012804446741938591]"
5614,1,49.67%,88.12%,0.158,"[0.1393091380596161, 0.8606908321380615]"
5615,0,49.66%,88.12%,0.0129,"[0.9871405959129333, 0.012859450653195381]"
5616,1,49.67%,88.13%,0.4194,"[0.35202720761299133, 0.647972822189331]"
5617,0,49.66%,88.11%,2.0249,"[0.13127560913562775, 0.8687244057655334]"
5618,1,49.67%,88.11%,0.1229,"[0.1140882670879364, 0.885911762714386]"
5619,0,49.66%,88.11%,0.0129,"[0.9871804118156433, 0.012819548137485981]"
5620,0,49.65%,88.12%,0.0132,"[0.9868832230567932, 0.013116827234625816]"
5621,0,49.64%,88.12%,0.0131,"[0.9869940876960754, 0.013005907647311687]"
5622,1,49.65%,88.12%,0.1385,"[0.1305425614118576, 0.8694574236869812]"
5623,1,49.66%,88.12%,0.1414,"[0.13599251210689545, 0.8640074729919434]"
5624,0,49.65%,88.12%,0.013,"[0.987102210521698, 0.012897784821689129]"
5625,1,49.66%,88.13%,0.1338,"[0.1242535412311554, 0.8757464289665222]"
5626,0,49.65%,88.11%,1.694,"[0.1902862787246704, 0.8097137212753296]"
5627,1,49.66%,88.11%,0.1532,"[0.1424659788608551, 0.8575340509414673]"
5628,1,49.67%,88.12%,0.2019,"[0.18557389080524445, 0.8144261240959167]"
5629,0,49.66%,88.12%,0.0135,"[0.9865649938583374, 0.013435016386210918]"
5630,0,49.65%,88.10%,1.2824,"[0.2672193944454193, 0.7327806353569031]"
5631,0,49.64%,88.10%,0.0209,"[0.9782885313034058, 0.021711435168981552]"
5632,0,49.64%,88.09%,1.9707,"[0.13942530751228333, 0.8605747222900391]"
5633,1,49.65%,88.09%,0.1719,"[0.15406711399555206, 0.8459329009056091]"
5634,0,49.64%,88.09%,0.0133,"[0.986789882183075, 0.013210173696279526]"
5635,0,49.63%,88.09%,0.013,"[0.98713219165802, 0.012867793440818787]"
5636,1,49.64%,88.10%,0.1609,"[0.1475728452205658, 0.8524271845817566]"
5637,0,49.63%,88.10%,0.013,"[0.9871067404747009, 0.012893244624137878]"
5638,0,49.62%,88.10%,0.0129,"[0.9871445298194885, 0.012855510227382183]"
5639,1,49.63%,88.10%,0.1504,"[0.13597163558006287, 0.8640283942222595]"
5640,0,49.62%,88.10%,0.0137,"[0.9863590598106384, 0.013640941120684147]"
5641,0,49.61%,88.11%,0.0132,"[0.9868751764297485, 0.013124765828251839]"
5642,0,49.60%,88.11%,0.0135,"[0.9865425825119019, 0.013457420282065868]"
5643,1,49.61%,88.11%,0.1903,"[0.17723864316940308, 0.8227613568305969]"
5644,0,49.60%,88.11%,0.0129,"[0.9871523976325989, 0.012847553938627243]"
5645,0,49.59%,88.12%,0.0131,"[0.986983060836792, 0.013016929849982262]"
5646,1,49.60%,88.12%,0.1797,"[0.16142259538173676, 0.838577389717102]"
5647,1,49.61%,88.12%,0.2174,"[0.18946576118469238, 0.8105342388153076]"
5648,0,49.60%,88.12%,0.0129,"[0.9871822595596313, 0.012817701324820518]"
5649,0,49.59%,88.11%,1.8091,"[0.15903885662555695, 0.8409611582756042]"
5650,1,49.60%,88.11%,0.203,"[0.1840783804655075, 0.8159216642379761]"
5651,0,49.59%,88.11%,0.013,"[0.98712557554245, 0.012874390929937363]"
5652,0,49.58%,88.09%,1.7997,"[0.16373151540756226, 0.8362685441970825]"
5653,1,49.59%,88.10%,0.1423,"[0.13309772312641144, 0.8669022917747498]"
5654,1,49.60%,88.10%,0.1614,"[0.15421508252620697, 0.8457849025726318]"
5655,1,49.61%,88.10%,0.1625,"[0.14787325263023376, 0.8521267175674438]"
5656,1,49.62%,88.10%,0.177,"[0.15403127670288086, 0.8459687232971191]"
5657,1,49.63%,88.11%,0.2182,"[0.17850244045257568, 0.8214975595474243]"
5658,0,49.62%,88.11%,0.5151,"[0.6815255880355835, 0.3184744417667389]"
5659,0,49.61%,88.11%,0.0129,"[0.9872080683708191, 0.012791958637535572]"
5660,1,49.62%,88.11%,0.3848,"[0.29333123564720154, 0.7066687941551208]"
5661,0,49.61%,88.11%,0.0129,"[0.9871976971626282, 0.012802228331565857]"
5662,0,49.60%,88.12%,0.0129,"[0.9871805310249329, 0.012819495052099228]"
5663,1,49.61%,88.12%,0.2151,"[0.19327694177627563, 0.8067230582237244]"
5664,1,49.62%,88.12%,0.1491,"[0.143077090382576, 0.8569229245185852]"
5665,0,49.61%,88.12%,0.0131,"[0.9869970083236694, 0.013003038242459297]"
5666,1,49.62%,88.12%,0.211,"[0.1967403143644333, 0.8032596707344055]"
5667,1,49.63%,88.13%,0.2289,"[0.22798041999340057, 0.7720195651054382]"
5668,1,49.64%,88.13%,0.23,"[0.205207958817482, 0.7947920560836792]"
5669,0,49.63%,88.13%,0.0129,"[0.9871570467948914, 0.012842916883528233]"
5670,0,49.62%,88.13%,0.0132,"[0.9869340658187866, 0.013065950945019722]"
5671,1,49.63%,88.13%,0.1487,"[0.13816030323505402, 0.8618397116661072]"
5672,0,49.62%,88.12%,0.2186,"[0.37751567363739014, 0.6224843859672546]"
5673,1,49.63%,88.12%,0.2937,"[0.2832101285457611, 0.7167898416519165]"
5674,1,49.64%,88.12%,0.1459,"[0.13241997361183167, 0.8675800561904907]"
5675,0,49.63%,88.13%,0.0128,"[0.9873184561729431, 0.01268157921731472]"
5676,0,49.62%,88.11%,2.0047,"[0.1375110000371933, 0.8624890446662903]"
5677,1,49.63%,88.11%,0.729,"[0.24820731580257416, 0.7517926692962646]"
5678,0,49.62%,88.10%,1.9537,"[0.14230383932590485, 0.8576961755752563]"
5679,1,49.63%,88.10%,0.142,"[0.13153600692749023, 0.868463933467865]"
5680,1,49.64%,88.10%,0.1767,"[0.15093731880187988, 0.8490627408027649]"
5681,0,49.63%,88.10%,0.0134,"[0.9867109656333923, 0.013288997113704681]"
5682,0,49.62%,88.10%,0.0131,"[0.987014889717102, 0.01298511866480112]"
5683,1,49.63%,88.11%,0.1474,"[0.12917843461036682, 0.8708215951919556]"
5684,1,49.64%,88.11%,0.1571,"[0.14250332117080688, 0.8574966788291931]"
5685,1,49.65%,88.11%,0.3441,"[0.2913144826889038, 0.7086855173110962]"
5686,1,49.66%,88.11%,0.1774,"[0.1660480946302414, 0.8339518904685974]"
5687,1,49.67%,88.12%,0.1477,"[0.14242856204509735, 0.8575714826583862]"
5688,1,49.67%,88.12%,0.1603,"[0.14923979341983795, 0.8507602214813232]"
5689,1,49.68%,88.12%,0.1597,"[0.13984878361225128, 0.8601511716842651]"
5690,0,49.67%,88.12%,0.0132,"[0.9869001507759094, 0.013099775649607182]"
5691,1,49.68%,88.12%,0.1248,"[0.12195181101560593, 0.8780481815338135]"
5692,1,49.69%,88.13%,0.1379,"[0.12738507986068726, 0.8726149201393127]"
5693,1,49.70%,88.13%,0.1257,"[0.11630814522504807, 0.8836919069290161]"
5694,1,49.71%,88.13%,0.1458,"[0.12980806827545166, 0.8701918721199036]"
5695,1,49.72%,88.13%,0.4044,"[0.28097596764564514, 0.7190240025520325]"
5696,0,49.71%,88.13%,0.0133,"[0.9869045615196228, 0.013095474801957607]"
5697,1,49.72%,88.14%,0.1219,"[0.11796586215496063, 0.882034182548523]"
5698,0,49.71%,88.12%,1.5114,"[0.4170048236846924, 0.5829951763153076]"
5699,1,49.72%,88.12%,0.1148,"[0.1081928238272667, 0.8918071985244751]"
5700,0,49.71%,88.12%,0.0128,"[0.9872034192085266, 0.012796541675925255]"
5701,1,49.72%,88.13%,0.1138,"[0.10693500190973282, 0.8930650353431702]"
5702,1,49.73%,88.13%,0.1194,"[0.11191639304161072, 0.8880836367607117]"
5703,0,49.72%,88.13%,0.0132,"[0.9869229197502136, 0.013077110052108765]"
5704,0,49.71%,88.13%,0.0167,"[0.979328989982605, 0.020670972764492035]"
5705,0,49.70%,88.14%,0.0128,"[0.98731529712677, 0.012684671208262444]"
5706,1,49.71%,88.14%,0.1061,"[0.10081862658262253, 0.8991813659667969]"
5707,0,49.70%,88.14%,0.0138,"[0.9862037897109985, 0.013796161860227585]"
5708,1,49.71%,88.14%,0.1094,"[0.10300575196743011, 0.8969942927360535]"
5709,0,49.70%,88.14%,0.0127,"[0.9873407483100891, 0.012659274972975254]"
5710,0,49.69%,88.15%,0.0432,"[0.9705362915992737, 0.029463687911629677]"
5711,0,49.68%,88.15%,0.0209,"[0.9666941165924072, 0.03330589085817337]"
5712,0,49.68%,88.13%,1.5577,"[0.3958127498626709, 0.6041872501373291]"
5713,0,49.67%,88.12%,2.2639,"[0.10486520081758499, 0.8951348066329956]"
5714,0,49.66%,88.10%,0.5682,"[0.3841595947742462, 0.6158404350280762]"
5715,0,49.65%,88.10%,0.0139,"[0.9860867261886597, 0.013913319446146488]"
5716,0,49.64%,88.11%,0.0155,"[0.9851487874984741, 0.014851190149784088]"
5717,0,49.63%,88.11%,0.0182,"[0.9830542206764221, 0.01694583334028721]"
5718,1,49.64%,88.11%,0.1094,"[0.10432528704404831, 0.8956747055053711]"
5719,1,49.65%,88.11%,0.1224,"[0.11367561668157578, 0.8863243460655212]"
5720,1,49.66%,88.11%,0.1493,"[0.13688716292381287, 0.8631128668785095]"
5721,0,49.65%,88.12%,0.0127,"[0.9873740077018738, 0.012626055628061295]"
5722,1,49.66%,88.12%,0.2236,"[0.21216720342636108, 0.7878327965736389]"
5723,1,49.67%,88.12%,0.1514,"[0.13185806572437286, 0.8681419491767883]"
5724,0,49.66%,88.12%,0.0126,"[0.9874333739280701, 0.01256661769002676]"
5725,0,49.65%,88.11%,2.1548,"[0.11392739415168762, 0.8860726356506348]"
5726,1,49.66%,88.11%,0.1184,"[0.10851114988327026, 0.8914888501167297]"
5727,1,49.67%,88.11%,0.1204,"[0.11290659010410309, 0.8870934247970581]"
5728,1,49.68%,88.11%,0.111,"[0.10598350316286087, 0.8940165042877197]"
5729,0,49.67%,88.12%,0.0129,"[0.9871562719345093, 0.012843744829297066]"
5730,1,49.68%,88.12%,0.1593,"[0.14697207510471344, 0.8530279994010925]"
5731,1,49.69%,88.12%,0.1285,"[0.11793529242277145, 0.882064700126648]"
5732,1,49.69%,88.12%,0.1336,"[0.11700809001922607, 0.8829919695854187]"
5733,1,49.70%,88.12%,0.139,"[0.12785956263542175, 0.8721404671669006]"
5734,0,49.69%,88.13%,0.0126,"[0.9874639511108398, 0.01253601536154747]"
5735,1,49.70%,88.13%,0.1551,"[0.14463864266872406, 0.8553614020347595]"
5736,0,49.69%,88.11%,2.1423,"[0.11065696179866791, 0.8893430233001709]"
5737,0,49.69%,88.11%,0.0129,"[0.9872658252716064, 0.012734177522361279]"
5738,1,49.70%,88.12%,0.1384,"[0.1368400901556015, 0.8631599545478821]"
5739,1,49.70%,88.12%,0.162,"[0.13520793616771698, 0.8647921085357666]"
5740,0,49.70%,88.12%,0.014,"[0.9855816960334778, 0.014418333768844604]"
5741,1,49.70%,88.12%,0.1158,"[0.11018156260251999, 0.8898184895515442]"
5742,0,49.70%,88.11%,2.131,"[0.11441458761692047, 0.8855854272842407]"
5743,1,49.70%,88.11%,0.1211,"[0.11201703548431396, 0.887982964515686]"
5744,1,49.71%,88.11%,0.1193,"[0.11161796748638153, 0.888382077217102]"
5745,0,49.70%,88.11%,0.0133,"[0.9869758486747742, 0.013024180196225643]"
5746,0,49.70%,88.12%,0.0143,"[0.9857745170593262, 0.014225427061319351]"
5747,1,49.70%,88.12%,0.1404,"[0.12480407953262329, 0.8751959800720215]"
5748,0,49.70%,88.12%,0.1302,"[0.8676015138626099, 0.13239847123622894]"
5749,1,49.70%,88.12%,0.1243,"[0.11931153386831284, 0.880688488483429]"
5750,1,49.71%,88.12%,0.1348,"[0.11943541467189789, 0.8805646300315857]"
5751,1,49.72%,88.13%,0.2359,"[0.21949797868728638, 0.7805020213127136]"
5752,0,49.71%,88.13%,0.0126,"[0.9874473214149475, 0.012552631087601185]"
5753,1,49.72%,88.13%,0.1458,"[0.12301003187894821, 0.8769899606704712]"
5754,1,49.73%,88.13%,0.1598,"[0.12457737326622009, 0.8754226565361023]"
5755,1,49.74%,88.13%,0.1122,"[0.10618752986192703, 0.8938124775886536]"
5756,1,49.75%,88.14%,0.1199,"[0.11592093110084534, 0.8840790390968323]"
5757,1,49.76%,88.14%,0.2,"[0.1715133935213089, 0.8284865617752075]"
5758,1,49.77%,88.14%,0.1119,"[0.10621649771928787, 0.8937835097312927]"
5759,1,49.77%,88.14%,0.114,"[0.107576385140419, 0.8924236297607422]"
5760,0,49.77%,88.14%,0.0168,"[0.9842511415481567, 0.015748925507068634]"
5761,1,49.77%,88.15%,0.1175,"[0.11127816885709763, 0.8887218236923218]"
5762,1,49.78%,88.15%,0.1058,"[0.10041467845439911, 0.8995853066444397]"
5763,0,49.77%,88.15%,0.0132,"[0.986857533454895, 0.013142429292201996]"
5764,0,49.77%,88.15%,0.0128,"[0.9872905611991882, 0.012709394097328186]"
5765,0,49.76%,88.15%,0.0126,"[0.9874598979949951, 0.012540101073682308]"
5766,0,49.75%,88.14%,2.0017,"[0.13132789731025696, 0.8686720728874207]"
5767,0,49.74%,88.14%,0.0143,"[0.9855607151985168, 0.014439217746257782]"
5768,0,49.73%,88.14%,0.0153,"[0.9842545986175537, 0.015745367854833603]"
5769,0,49.72%,88.13%,2.0235,"[0.12444762885570526, 0.8755524158477783]"
5770,0,49.71%,88.13%,0.013,"[0.9871448874473572, 0.012855189852416515]"
5771,0,49.71%,88.13%,0.0126,"[0.9874902367591858, 0.012509734369814396]"
5772,1,49.71%,88.13%,0.1099,"[0.10477441549301147, 0.8952255249023438]"
5773,1,49.72%,88.14%,0.1128,"[0.106623575091362, 0.8933764100074768]"
5774,0,49.71%,88.12%,1.7087,"[0.18691416084766388, 0.8130857944488525]"
5775,1,49.72%,88.12%,0.1799,"[0.183120459318161, 0.8168795704841614]"
5776,1,49.73%,88.13%,0.1144,"[0.10750776529312134, 0.8924922943115234]"
5777,1,49.74%,88.13%,0.1139,"[0.1072785034775734, 0.8927215337753296]"
5778,0,49.73%,88.13%,0.0195,"[0.980336606502533, 0.019663440063595772]"
5779,0,49.72%,88.11%,1.7468,"[0.14796806871891022, 0.852031946182251]"
5780,1,49.73%,88.12%,0.1261,"[0.12199108302593231, 0.8780089616775513]"
5781,1,49.74%,88.12%,0.1385,"[0.12271758913993835, 0.877282440662384]"
5782,0,49.73%,88.12%,0.0128,"[0.9872640371322632, 0.012735939584672451]"
5783,1,49.74%,88.12%,0.1627,"[0.13263237476348877, 0.8673676252365112]"
5784,1,49.75%,88.12%,0.1294,"[0.12078357487916946, 0.8792163729667664]"
5785,0,49.74%,88.13%,0.0126,"[0.9874812960624695, 0.01251867413520813]"
5786,1,49.75%,88.13%,0.1217,"[0.11455823481082916, 0.885441780090332]"
5787,0,49.74%,88.13%,0.0567,"[0.8263082504272461, 0.17369171977043152]"
5788,0,49.73%,88.13%,0.0127,"[0.9873805046081543, 0.012619517743587494]"
5789,1,49.74%,88.13%,0.1482,"[0.12366748601198196, 0.8763325214385986]"
5790,1,49.75%,88.14%,0.3328,"[0.250051885843277, 0.7499481439590454]"
5791,0,49.74%,88.14%,0.0125,"[0.9875462651252747, 0.0124537767842412]"
5792,1,49.75%,88.14%,0.1502,"[0.1397862732410431, 0.8602136969566345]"
5793,1,49.76%,88.14%,0.1699,"[0.15531407296657562, 0.8446859121322632]"
5794,0,49.75%,88.13%,1.7676,"[0.16494904458522797, 0.8350509405136108]"
5795,1,49.76%,88.13%,0.114,"[0.10763237625360489, 0.8923676013946533]"
5796,0,49.75%,88.13%,0.0125,"[0.987536609172821, 0.012463361956179142]"
5797,0,49.74%,88.13%,0.0286,"[0.9176076054573059, 0.08239243924617767]"
5798,1,49.75%,88.14%,0.133,"[0.1229528933763504, 0.877047061920166]"
5799,0,49.74%,88.14%,0.0214,"[0.9725822806358337, 0.027417747303843498]"
5800,0,49.73%,88.14%,0.0125,"[0.9875450730323792, 0.01245494931936264]"
5801,0,49.72%,88.14%,0.0128,"[0.9872950911521912, 0.012704920023679733]"
5802,1,49.73%,88.14%,0.1185,"[0.10960977524518967, 0.890390157699585]"
5803,0,49.72%,88.15%,0.141,"[0.9750970602035522, 0.024902954697608948]"
5804,1,49.73%,88.15%,0.4792,"[0.3775204122066498, 0.6224796175956726]"
5805,1,49.74%,88.15%,0.1286,"[0.1200944110751152, 0.8799055814743042]"
5806,1,49.75%,88.15%,0.1396,"[0.128930002450943, 0.8710700273513794]"
5807,1,49.76%,88.15%,0.1267,"[0.1197124794125557, 0.8802874684333801]"
5808,0,49.75%,88.16%,0.0131,"[0.9869296550750732, 0.01307031698524952]"
5809,0,49.74%,88.14%,1.7334,"[0.23272201418876648, 0.7672779560089111]"
5810,0,49.73%,88.14%,0.0125,"[0.987532913684845, 0.012467159889638424]"
5811,1,49.74%,88.15%,0.1266,"[0.11803439259529114, 0.8819656372070312]"
5812,0,49.73%,88.15%,0.0124,"[0.9876770377159119, 0.012322895228862762]"
5813,1,49.74%,88.15%,0.1205,"[0.12332373112440109, 0.8766762018203735]"
5814,0,49.73%,88.15%,0.0124,"[0.9877075552940369, 0.012292417697608471]"
5815,0,49.72%,88.14%,0.7617,"[0.3368792235851288, 0.6631208062171936]"
5816,1,49.73%,88.14%,0.3575,"[0.2934625446796417, 0.7065374255180359]"
5817,0,49.72%,88.14%,0.0124,"[0.9876660108566284, 0.012333950027823448]"
5818,1,49.73%,88.14%,0.4437,"[0.3636557161808014, 0.636344313621521]"
5819,1,49.74%,88.14%,0.1146,"[0.10736656934022903, 0.8926333785057068]"
5820,1,49.75%,88.15%,0.1139,"[0.10741987079381943, 0.8925800919532776]"
5821,1,49.76%,88.15%,0.5179,"[0.43777886033058167, 0.5622212290763855]"
5822,0,49.75%,88.15%,0.0122,"[0.987837553024292, 0.012162445113062859]"
5823,0,49.74%,88.15%,0.0561,"[0.9824156761169434, 0.017584243789315224]"
5824,1,49.75%,88.15%,0.1114,"[0.10555016994476318, 0.8944498896598816]"
5825,1,49.76%,88.16%,0.125,"[0.1189323291182518, 0.8810676336288452]"
5826,0,49.75%,88.14%,0.6188,"[0.42325878143310547, 0.5767411589622498]"
5827,0,49.74%,88.14%,0.0122,"[0.9878756999969482, 0.012124280445277691]"
5828,0,49.73%,88.15%,0.0123,"[0.9878117442131042, 0.012188252992928028]"
5829,0,49.73%,88.15%,0.0124,"[0.9877023100852966, 0.012297745794057846]"
5830,0,49.72%,88.15%,0.0122,"[0.9878738522529602, 0.012126120738685131]"
5831,1,49.73%,88.15%,0.1168,"[0.11561834812164307, 0.8843817114830017]"
5832,0,49.72%,88.15%,0.0121,"[0.9879263639450073, 0.012073659338057041]"
5833,1,49.73%,88.16%,0.1104,"[0.10773240029811859, 0.8922675848007202]"
5834,0,49.72%,88.16%,0.0121,"[0.9879449605941772, 0.01205506268888712]"
5835,0,49.71%,88.16%,0.0121,"[0.987958550453186, 0.01204148679971695]"
5836,1,49.72%,88.16%,0.1266,"[0.11775629222393036, 0.8822437524795532]"
5837,1,49.73%,88.16%,0.4707,"[0.3869599401950836, 0.6130400896072388]"
5838,0,49.72%,88.17%,0.0121,"[0.9879867434501648, 0.012013298459351063]"
5839,0,49.71%,88.15%,2.1684,"[0.11334303021430969, 0.8866569399833679]"
5840,0,49.70%,88.15%,0.2486,"[0.7817015051841736, 0.2182985097169876]"
5841,0,49.69%,88.15%,0.0121,"[0.9880097508430481, 0.01199022214859724]"
5842,1,49.70%,88.16%,0.1155,"[0.1089920923113823, 0.8910079598426819]"
5843,1,49.71%,88.16%,0.4892,"[0.4129890203475952, 0.5870109796524048]"
5844,0,49.70%,88.16%,0.0121,"[0.9879546165466309, 0.012045372277498245]"
5845,0,49.69%,88.16%,0.0121,"[0.9880048632621765, 0.011995064094662666]"
5846,1,49.70%,88.16%,0.1408,"[0.12876580655574799, 0.8712341785430908]"
5847,1,49.71%,88.17%,0.1675,"[0.16608065366744995, 0.83391934633255]"
5848,0,49.70%,88.17%,0.012,"[0.9880272150039673, 0.011972825974225998]"
5849,1,49.71%,88.17%,0.1376,"[0.1288682222366333, 0.8711317777633667]"
5850,1,49.72%,88.17%,0.1258,"[0.12094692140817642, 0.8790530562400818]"
5851,1,49.73%,88.17%,0.1447,"[0.1261608749628067, 0.8738390803337097]"
5852,1,49.74%,88.18%,0.1078,"[0.1066606417298317, 0.8933393359184265]"
5853,0,49.73%,88.18%,0.012,"[0.9880551695823669, 0.01194484531879425]"
5854,1,49.74%,88.18%,0.1603,"[0.1337062120437622, 0.8662937879562378]"
5855,0,49.73%,88.18%,0.0196,"[0.9721549153327942, 0.027845147997140884]"
5856,0,49.72%,88.17%,1.9371,"[0.1331990510225296, 0.8668009042739868]"
5857,0,49.71%,88.15%,2.2455,"[0.10646665841341019, 0.8935333490371704]"
5858,1,49.72%,88.15%,0.1096,"[0.10686801373958588, 0.8931319713592529]"
5859,0,49.71%,88.16%,0.012,"[0.988071084022522, 0.011928850784897804]"
5860,1,49.72%,88.16%,0.1506,"[0.13069522380828857, 0.8693048357963562]"
5861,1,49.73%,88.16%,0.1158,"[0.109681136906147, 0.8903188109397888]"
5862,1,49.74%,88.16%,0.1483,"[0.13464564085006714, 0.8653544187545776]"
5863,0,49.73%,88.17%,0.012,"[0.9880401492118835, 0.011959847062826157]"
5864,1,49.74%,88.17%,0.1239,"[0.11481621861457825, 0.8851838111877441]"
5865,0,49.73%,88.15%,2.1549,"[0.11432615667581558, 0.8856738209724426]"
5866,1,49.74%,88.15%,0.1321,"[0.12390820682048798, 0.8760918378829956]"
5867,0,49.73%,88.16%,0.015,"[0.986012876033783, 0.013987163081765175]"
5868,1,49.74%,88.16%,0.1085,"[0.10510943830013275, 0.894890546798706]"
5869,0,49.73%,88.16%,0.0121,"[0.9879855513572693, 0.012014389038085938]"
5870,1,49.74%,88.16%,0.7523,"[0.41192832589149475, 0.5880717039108276]"
5871,0,49.73%,88.16%,0.0121,"[0.9879702925682068, 0.01202965248376131]"
5872,0,49.72%,88.17%,0.0127,"[0.9873450398445129, 0.012654906138777733]"
5873,1,49.73%,88.17%,0.1244,"[0.11807246506214142, 0.8819275498390198]"
5874,1,49.74%,88.17%,0.1289,"[0.11952967941761017, 0.880470335483551]"
5875,1,49.74%,88.17%,0.1318,"[0.11822047084569931, 0.8817795515060425]"
5876,0,49.74%,88.17%,0.0121,"[0.9879478812217712, 0.012052143923938274]"
5877,1,49.74%,88.18%,0.112,"[0.107777900993824, 0.8922221064567566]"
5878,1,49.75%,88.18%,0.1285,"[0.1218821108341217, 0.8781179189682007]"
5879,0,49.74%,88.18%,0.0121,"[0.9879845380783081, 0.012015431188046932]"
5880,0,49.74%,88.18%,0.0121,"[0.9879427552223206, 0.012057243846356869]"
5881,1,49.74%,88.18%,0.1755,"[0.16695895791053772, 0.8330410122871399]"
5882,1,49.75%,88.19%,0.1253,"[0.12678396701812744, 0.8732160925865173]"
5883,0,49.75%,88.19%,0.0122,"[0.9879319071769714, 0.012068097479641438]"
5884,0,49.74%,88.17%,1.4686,"[0.2522362470626831, 0.7477637529373169]"
5885,1,49.75%,88.18%,0.1271,"[0.12434267997741699, 0.875657320022583]"
5886,0,49.74%,88.18%,0.0122,"[0.9879221320152283, 0.012077885679900646]"
5887,0,49.73%,88.18%,0.0121,"[0.9879361987113953, 0.012063794769346714]"
5888,1,49.74%,88.18%,0.1071,"[0.10186946392059326, 0.898130476474762]"
5889,0,49.73%,88.18%,0.0121,"[0.987912118434906, 0.012087822891771793]"
5890,0,49.72%,88.19%,0.0122,"[0.9879202842712402, 0.012079746462404728]"
5891,0,49.71%,88.17%,2.2166,"[0.1096448302268982, 0.8903552293777466]"
5892,1,49.72%,88.17%,0.1453,"[0.12193848937749863, 0.8780615329742432]"
5893,0,49.71%,88.17%,0.0121,"[0.9879845380783081, 0.012015487998723984]"
5894,0,49.70%,88.18%,0.0122,"[0.9878906011581421, 0.012109360657632351]"
5895,1,49.71%,88.18%,0.1096,"[0.10604200512170792, 0.8939580321311951]"
5896,0,49.70%,88.18%,0.0122,"[0.9878990054130554, 0.012101012282073498]"
5897,1,49.71%,88.18%,0.1115,"[0.10507406294345856, 0.8949259519577026]"
5898,0,49.70%,88.18%,0.0121,"[0.988004744052887, 0.011995182372629642]"
5899,1,49.71%,88.19%,0.1126,"[0.10525467246770859, 0.8947453498840332]"
5900,0,49.70%,88.17%,1.3051,"[0.19751062989234924, 0.8024893403053284]"
5901,0,49.70%,88.17%,0.0122,"[0.9878677129745483, 0.012132290750741959]"
5902,1,49.70%,88.18%,0.105,"[0.09979616105556488, 0.9002038240432739]"
5903,0,49.70%,88.18%,0.0121,"[0.9879760146141052, 0.012024004943668842]"
5904,1,49.70%,88.18%,0.1765,"[0.1521802395582199, 0.8478198051452637]"
5905,0,49.70%,88.16%,2.1062,"[0.12231927365064621, 0.8776807188987732]"
5906,1,49.70%,88.17%,0.1107,"[0.10489125549793243, 0.895108699798584]"
5907,1,49.71%,88.17%,0.1134,"[0.10450617223978043, 0.8954938054084778]"
5908,0,49.70%,88.17%,0.0121,"[0.9879717230796814, 0.012028275988996029]"
5909,0,49.70%,88.17%,0.0121,"[0.987975001335144, 0.012024984695017338]"
5910,0,49.69%,88.16%,2.1188,"[0.13049490749835968, 0.8695051074028015]"
5911,1,49.70%,88.16%,0.112,"[0.10612165927886963, 0.8938784003257751]"
5912,0,49.69%,88.16%,0.0123,"[0.9877789616584778, 0.012221007607877254]"
5913,0,49.68%,88.16%,0.0122,"[0.9878998398780823, 0.012100180611014366]"
5914,1,49.69%,88.17%,0.12,"[0.11117223650217056, 0.8888277411460876]"
5915,1,49.70%,88.17%,0.1208,"[0.11521397531032562, 0.8847859501838684]"
5916,0,49.69%,88.17%,0.0121,"[0.9879187941551208, 0.012081243097782135]"
5917,0,49.68%,88.17%,0.0122,"[0.9878457188606262, 0.01215434167534113]"
5918,0,49.67%,88.17%,0.0121,"[0.987924337387085, 0.012075649574398994]"
5919,0,49.66%,88.18%,0.0122,"[0.9879019260406494, 0.012098095379769802]"
5920,1,49.67%,88.18%,0.1443,"[0.15156173706054688, 0.8484382033348083]"
5921,0,49.66%,88.18%,0.0122,"[0.9879003763198853, 0.012099633924663067]"
5922,1,49.67%,88.18%,0.1303,"[0.11688325554132462, 0.8831167817115784]"
5923,1,49.68%,88.18%,0.1412,"[0.12350454181432724, 0.8764954209327698]"
5924,0,49.67%,88.19%,0.0124,"[0.9876898527145386, 0.012310169637203217]"
5925,0,49.66%,88.19%,0.0122,"[0.9878501296043396, 0.012149864807724953]"
5926,0,49.65%,88.19%,0.0126,"[0.9874646663665771, 0.012535396963357925]"
5927,0,49.65%,88.19%,0.0121,"[0.9879453182220459, 0.012054739519953728]"
5928,1,49.65%,88.19%,0.1434,"[0.13064661622047424, 0.8693533539772034]"
5929,1,49.66%,88.20%,0.14,"[0.13158880174160004, 0.8684111833572388]"
5930,1,49.67%,88.20%,0.1313,"[0.13200461864471436, 0.8679954409599304]"
5931,0,49.66%,88.20%,0.012,"[0.9880220890045166, 0.011977885849773884]"
5932,1,49.67%,88.20%,0.1467,"[0.13954156637191772, 0.860458493232727]"
5933,1,49.68%,88.20%,0.124,"[0.11657769232988358, 0.883422315120697]"
5934,0,49.67%,88.21%,0.0121,"[0.9879590272903442, 0.012040987610816956]"
5935,1,49.68%,88.21%,0.1429,"[0.1329212188720703, 0.8670787215232849]"
5936,1,49.69%,88.21%,0.1171,"[0.11429932713508606, 0.8857006430625916]"
5937,0,49.68%,88.21%,1.0611,"[0.5953994393348694, 0.4046005308628082]"
5938,1,49.69%,88.21%,0.1421,"[0.129141703248024, 0.8708583116531372]"
5939,1,49.70%,88.22%,0.1418,"[0.13513097167015076, 0.8648689389228821]"
5940,0,49.69%,88.22%,0.0119,"[0.9881051778793335, 0.0118948295712471]"
5941,1,49.70%,88.22%,0.1139,"[0.10989486426115036, 0.890105128288269]"
5942,1,49.71%,88.22%,0.1827,"[0.1491858810186386, 0.850814163684845]"
5943,0,49.70%,88.22%,0.0119,"[0.9881545305252075, 0.01184539869427681]"
5944,0,49.69%,88.23%,0.012,"[0.9881510734558105, 0.01184897217899561]"
5945,0,49.68%,88.23%,0.0119,"[0.9881759881973267, 0.011823984794318676]"
5946,0,49.67%,88.23%,0.0119,"[0.9881471991539001, 0.011852750554680824]"
5947,1,49.68%,88.23%,0.1252,"[0.1465628743171692, 0.8534371852874756]"
5948,0,49.67%,88.23%,0.0119,"[0.9881402254104614, 0.011859728954732418]"
5949,0,49.66%,88.24%,0.0119,"[0.988146960735321, 0.011853030882775784]"
5950,0,49.66%,88.24%,0.0118,"[0.9882165789604187, 0.01178338285535574]"
5951,1,49.66%,88.24%,0.1066,"[0.10129033029079437, 0.8987096548080444]"
5952,0,49.66%,88.24%,0.0118,"[0.9882093667984009, 0.011790670454502106]"
5953,1,49.66%,88.24%,0.1086,"[0.10230879485607147, 0.8976911902427673]"
5954,1,49.67%,88.25%,0.1236,"[0.11376585811376572, 0.8862341642379761]"
5955,0,49.66%,88.25%,0.0118,"[0.9882786273956299, 0.011721299961209297]"
5956,0,49.66%,88.23%,2.2277,"[0.11221987754106522, 0.8877801299095154]"
5957,1,49.66%,88.23%,0.132,"[0.11836230754852295, 0.881637692451477]"
5958,0,49.66%,88.24%,0.0119,"[0.9882312417030334, 0.011768688447773457]"
5959,1,49.66%,88.24%,0.1974,"[0.18668189644813538, 0.8133180737495422]"
5960,1,49.67%,88.24%,0.1241,"[0.11398833990097046, 0.8860116600990295]"
5961,1,49.68%,88.24%,0.1125,"[0.10670574754476547, 0.8932942152023315]"
5962,0,49.67%,88.24%,0.012,"[0.9881048202514648, 0.011895108968019485]"
5963,0,49.66%,88.25%,0.012,"[0.9879699945449829, 0.012029986828565598]"
5964,0,49.66%,88.23%,1.9795,"[0.11931465566158295, 0.8806853294372559]"
5965,0,49.65%,88.23%,0.0121,"[0.9879822134971619, 0.012017866596579552]"
5966,0,49.64%,88.22%,0.8325,"[0.41796186566352844, 0.582038164138794]"
5967,1,49.65%,88.22%,0.1099,"[0.1035967767238617, 0.8964032530784607]"
5968,1,49.66%,88.22%,0.1352,"[0.12060035020112991, 0.8793996572494507]"
5969,1,49.66%,88.22%,0.1438,"[0.14850865304470062, 0.8514913320541382]"
5970,1,49.67%,88.23%,0.1404,"[0.14001227915287018, 0.8599877953529358]"
5971,0,49.67%,88.23%,0.0355,"[0.6522802114486694, 0.34771978855133057]"
5972,1,49.67%,88.23%,0.465,"[0.37344714999198914, 0.6265528798103333]"
5973,1,49.68%,88.23%,0.1266,"[0.1201903447508812, 0.8798096776008606]"
5974,1,49.69%,88.23%,0.1301,"[0.12480873614549637, 0.8751912117004395]"
5975,1,49.70%,88.24%,0.123,"[0.10509679466485977, 0.8949032425880432]"
5976,1,49.71%,88.24%,0.1989,"[0.19331656396389008, 0.8066834211349487]"
5977,0,49.70%,88.24%,0.0118,"[0.9882699251174927, 0.011730031110346317]"
5978,0,49.69%,88.24%,0.0117,"[0.9883365035057068, 0.011663527227938175]"
5979,1,49.70%,88.24%,0.1243,"[0.11608240008354187, 0.8839176297187805]"
5980,0,49.69%,88.25%,0.0117,"[0.9883846044540405, 0.011615347117185593]"
5981,0,49.68%,88.25%,0.0117,"[0.9883745908737183, 0.011625380255281925]"
5982,0,49.67%,88.25%,0.0117,"[0.9883846044540405, 0.011615347117185593]"
5983,1,49.68%,88.25%,0.1084,"[0.1008911058306694, 0.8991089463233948]"
5984,1,49.69%,88.25%,0.1192,"[0.10914643108844757, 0.8908535838127136]"
5985,1,49.70%,88.26%,0.112,"[0.1042337566614151, 0.8957662582397461]"
5986,1,49.71%,88.26%,0.1226,"[0.1104203537106514, 0.8895796537399292]"
5987,1,49.72%,88.26%,0.1115,"[0.10295792669057846, 0.8970420360565186]"
5988,0,49.71%,88.26%,0.0116,"[0.9884641766548157, 0.011535863392055035]"
5989,0,49.70%,88.26%,0.0116,"[0.9884192943572998, 0.011580701917409897]"
5990,0,49.69%,88.27%,0.012,"[0.9881106615066528, 0.011889354325830936]"
5991,1,49.70%,88.27%,0.1145,"[0.10735820233821869, 0.8926417231559753]"
5992,0,49.69%,88.25%,1.8617,"[0.16040091216564178, 0.839599072933197]"
5993,0,49.68%,88.25%,0.0119,"[0.9881337285041809, 0.011866291984915733]"
5994,0,49.67%,88.26%,0.0116,"[0.9884375929832458, 0.01156244333833456]"
5995,0,49.67%,88.26%,0.012,"[0.9881064891815186, 0.01189352385699749]"
5996,0,49.66%,88.26%,0.0117,"[0.9884194135665894, 0.011580538004636765]"
5997,1,49.67%,88.26%,0.1027,"[0.09770980477333069, 0.9022901654243469]"
5998,1,49.67%,88.26%,0.1019,"[0.09921704232692719, 0.9007829427719116]"
5999,1,49.68%,88.27%,0.1109,"[0.10703590512275696, 0.8929640650749207]"
6000,0,49.68%,88.25%,2.1734,"[0.11023835092782974, 0.8897616863250732]"
6001,0,49.67%,88.25%,0.0116,"[0.9884510040283203, 0.01154899038374424]"
6002,0,49.66%,88.26%,0.0118,"[0.9882772564888, 0.011722804047167301]"
6003,0,49.65%,88.26%,0.0118,"[0.9882161021232605, 0.011783859692513943]"
6004,1,49.66%,88.26%,0.1286,"[0.12334917485713959, 0.876650869846344]"
6005,1,49.67%,88.26%,0.1118,"[0.10496727377176285, 0.8950327038764954]"
6006,1,49.68%,88.26%,0.1388,"[0.13621105253696442, 0.8637889623641968]"
6007,0,49.67%,88.25%,2.1418,"[0.11819595843553543, 0.8818040490150452]"
6008,1,49.68%,88.25%,0.179,"[0.1463797241449356, 0.8536202311515808]"
6009,0,49.67%,88.25%,0.0122,"[0.988085150718689, 0.011914819478988647]"
6010,1,49.68%,88.25%,0.14,"[0.12512649595737457, 0.8748734593391418]"
6011,1,49.68%,88.26%,0.1225,"[0.1163511723279953, 0.8836488127708435]"
6012,0,49.68%,88.26%,0.0116,"[0.988520085811615, 0.011479933746159077]"
6013,0,49.67%,88.26%,0.0116,"[0.9884802103042603, 0.011519718915224075]"
6014,1,49.68%,88.26%,0.1357,"[0.1404251605272293, 0.8595748543739319]"
6015,0,49.67%,88.26%,0.0179,"[0.8887544274330139, 0.11124557256698608]"
6016,1,49.68%,88.27%,0.1466,"[0.1486009657382965, 0.8513990044593811]"
6017,0,49.67%,88.25%,1.9749,"[0.13471364974975586, 0.8652862906455994]"
6018,0,49.66%,88.25%,0.0116,"[0.9884576201438904, 0.011542405001819134]"
6019,1,49.67%,88.26%,0.167,"[0.14208181202411652, 0.8579181432723999]"
6020,1,49.68%,88.26%,0.1675,"[0.1486348807811737, 0.8513651490211487]"
6021,0,49.67%,88.26%,0.0116,"[0.9884951710700989, 0.0115048848092556]"
6022,1,49.68%,88.25%,0.632,"[0.5009666681289673, 0.4990333020687103]"
6023,1,49.68%,88.25%,0.1182,"[0.11661776900291443, 0.8833822011947632]"
6024,0,49.68%,88.25%,0.0116,"[0.9885031580924988, 0.01149678509682417]"
6025,1,49.68%,88.23%,0.7658,"[0.5237369537353516, 0.4762630760669708]"
6026,1,49.69%,88.24%,0.1186,"[0.10827691853046417, 0.8917231559753418]"
6027,1,49.70%,88.24%,0.1223,"[0.10900899022817612, 0.8909909725189209]"
6028,1,49.71%,88.24%,0.1395,"[0.13488401472568512, 0.8651159405708313]"
6029,1,49.72%,88.24%,0.1452,"[0.1352764368057251, 0.8647235631942749]"
6030,0,49.71%,88.24%,0.0119,"[0.9881739616394043, 0.011825996451079845]"
6031,0,49.70%,88.25%,0.0116,"[0.9884236454963684, 0.011576380580663681]"
6032,1,49.71%,88.25%,0.1479,"[0.1348951756954193, 0.8651047945022583]"
6033,1,49.72%,88.25%,0.1153,"[0.11526992917060852, 0.8847301006317139]"
6034,0,49.71%,88.25%,0.0115,"[0.9885136485099792, 0.011486385948956013]"
6035,0,49.70%,88.25%,0.0116,"[0.9884540438652039, 0.01154598593711853]"
6036,1,49.71%,88.26%,0.1237,"[0.10874070227146149, 0.8912592530250549]"
6037,1,49.72%,88.26%,0.1163,"[0.10360859334468842, 0.8963913917541504]"
6038,1,49.73%,88.26%,0.1246,"[0.12382543832063675, 0.8761745095252991]"
6039,0,49.72%,88.25%,2.0978,"[0.11859175562858582, 0.8814082145690918]"
6040,0,49.71%,88.25%,0.0116,"[0.9884870052337646, 0.011513026431202888]"
6041,1,49.72%,88.25%,0.134,"[0.12184954434633255, 0.878150463104248]"
6042,0,49.71%,88.25%,0.0131,"[0.9872329235076904, 0.01276707649230957]"
6043,1,49.72%,88.25%,0.1531,"[0.13941824436187744, 0.8605816960334778]"
6044,0,49.71%,88.24%,0.1575,"[0.48999372124671936, 0.510006308555603]"
6045,1,49.72%,88.24%,0.1098,"[0.10427150130271912, 0.8957285284996033]"
6046,0,49.71%,88.24%,0.0156,"[0.9840582013130188, 0.01594178006052971]"
6047,1,49.72%,88.24%,0.1189,"[0.11050812900066376, 0.889491856098175]"
6048,0,49.71%,88.23%,1.704,"[0.18901404738426208, 0.8109859228134155]"
6049,1,49.72%,88.23%,0.1919,"[0.20684917271137238, 0.7931509017944336]"
6050,1,49.73%,88.23%,0.163,"[0.17764484882354736, 0.8223551511764526]"
6051,1,49.74%,88.24%,0.104,"[0.09808290004730225, 0.901917040348053]"
6052,1,49.74%,88.24%,0.1344,"[0.13735318183898926, 0.8626468181610107]"
6053,0,49.74%,88.24%,0.0118,"[0.9882462620735168, 0.011753691360354424]"
6054,0,49.73%,88.24%,0.0118,"[0.9882135391235352, 0.01178648229688406]"
6055,0,49.72%,88.23%,1.7369,"[0.18654859066009521, 0.8134514093399048]"
6056,1,49.73%,88.23%,0.1235,"[0.11592738330364227, 0.8840726017951965]"
6057,0,49.72%,88.23%,0.0115,"[0.9885413646697998, 0.011458588764071465]"
6058,1,49.73%,88.23%,0.2195,"[0.18803711235523224, 0.811962902545929]"
6059,1,49.74%,88.23%,0.1101,"[0.10649369657039642, 0.8935062885284424]"
6060,1,49.74%,88.24%,0.1278,"[0.13237953186035156, 0.8676205277442932]"
6061,0,49.74%,88.24%,0.0116,"[0.9885019063949585, 0.011498074978590012]"
6062,0,49.73%,88.24%,0.013,"[0.9873679280281067, 0.012632090598344803]"
6063,1,49.74%,88.24%,0.1307,"[0.11414963006973267, 0.8858503699302673]"
6064,1,49.74%,88.24%,0.1113,"[0.10355786234140396, 0.896442174911499]"
6065,0,49.74%,88.25%,0.0136,"[0.986454427242279, 0.013545547612011433]"
6066,0,49.73%,88.25%,0.0886,"[0.9413843154907227, 0.05861571803689003]"
6067,1,49.74%,88.25%,0.1513,"[0.13792400062084198, 0.8620759844779968]"
6068,0,49.73%,88.25%,0.0114,"[0.9886493682861328, 0.011350654065608978]"
6069,1,49.74%,88.25%,0.2315,"[0.1709074079990387, 0.8290926218032837]"
6070,0,49.73%,88.26%,0.0116,"[0.988517165184021, 0.01148279570043087]"
6071,0,49.72%,88.24%,0.9351,"[0.35003769397735596, 0.6499622464179993]"
6072,1,49.73%,88.24%,0.1207,"[0.11655727028846741, 0.883442759513855]"
6073,1,49.74%,88.24%,0.117,"[0.10726511478424072, 0.8927348256111145]"
6074,0,49.73%,88.25%,0.0125,"[0.987722635269165, 0.012277350760996342]"
6075,0,49.72%,88.23%,2.1231,"[0.12132621556520462, 0.878673791885376]"
6076,1,49.73%,88.23%,0.1151,"[0.11370168626308441, 0.8862982988357544]"
6077,0,49.72%,88.24%,0.0118,"[0.9881675839424133, 0.011832445859909058]"
6078,0,49.71%,88.24%,0.0115,"[0.9885632991790771, 0.011436691507697105]"
6079,0,49.70%,88.24%,0.0124,"[0.9876777529716492, 0.012322180904448032]"
6080,0,49.70%,88.24%,0.0141,"[0.9859774112701416, 0.014022640883922577]"
6081,1,49.70%,88.24%,0.1486,"[0.11067012697458267, 0.8893299102783203]"
6082,1,49.71%,88.25%,0.1125,"[0.10792139917612076, 0.8920786380767822]"
6083,0,49.70%,88.23%,1.989,"[0.11871100962162018, 0.8812889456748962]"
6084,0,49.70%,88.23%,0.0119,"[0.9882006645202637, 0.01179929543286562]"
6085,0,49.69%,88.24%,0.0118,"[0.9882331490516663, 0.011766891926527023]"
6086,0,49.68%,88.24%,0.1879,"[0.5335187315940857, 0.46648120880126953]"
6087,1,49.69%,88.24%,0.158,"[0.19207516312599182, 0.8079248666763306]"
6088,1,49.70%,88.24%,0.123,"[0.11596580594778061, 0.8840342164039612]"
6089,0,49.69%,88.24%,0.5705,"[0.5461848974227905, 0.45381513237953186]"
6090,0,49.68%,88.24%,0.0113,"[0.9888027310371399, 0.011197307147085667]"
6091,0,49.67%,88.25%,0.0113,"[0.9887648820877075, 0.01123515423387289]"
6092,1,49.68%,88.25%,0.1429,"[0.1736631989479065, 0.8263367414474487]"
6093,1,49.69%,88.23%,0.6768,"[0.5079869031906128, 0.4920130968093872]"
6094,1,49.70%,88.24%,0.9376,"[0.1692260205745697, 0.8307739496231079]"
6095,1,49.70%,88.24%,0.2445,"[0.14256003499031067, 0.8574399948120117]"
6096,1,49.71%,88.24%,0.1318,"[0.13036620616912842, 0.8696338534355164]"
6097,1,49.72%,88.24%,0.2571,"[0.2749645709991455, 0.7250354290008545]"
6098,1,49.73%,88.24%,0.2679,"[0.2181534320116043, 0.7818465232849121]"
6099,0,49.72%,88.25%,0.0112,"[0.9888160228729248, 0.011183924973011017]"
6100,0,49.71%,88.23%,1.7245,"[0.18720045685768127, 0.8127995133399963]"
6101,1,49.72%,88.23%,0.1315,"[0.1778126358985901, 0.8221873044967651]"
6102,0,49.71%,88.24%,0.0113,"[0.9888063669204712, 0.01119365356862545]"
6103,1,49.72%,88.24%,0.1346,"[0.13100692629814148, 0.8689930438995361]"
6104,0,49.71%,88.24%,0.0117,"[0.9883975386619568, 0.011602490209043026]"
6105,0,49.71%,88.24%,0.0114,"[0.9886770248413086, 0.011322957463562489]"
6106,0,49.70%,88.24%,0.0116,"[0.9884506464004517, 0.01154932752251625]"
6107,1,49.71%,88.24%,0.108,"[0.10300766676664352, 0.8969923853874207]"
6108,1,49.71%,88.25%,0.1052,"[0.10496978461742401, 0.8950302004814148]"
6109,1,49.72%,88.25%,0.1096,"[0.1087697371840477, 0.8912302851676941]"
6110,1,49.73%,88.25%,0.1522,"[0.1858832985162735, 0.8141167163848877]"
6111,1,49.74%,88.25%,0.1247,"[0.11397842317819595, 0.886021614074707]"
6112,1,49.75%,88.25%,0.1084,"[0.10201957821846008, 0.8979803919792175]"
6113,1,49.75%,88.26%,0.1114,"[0.10512945055961609, 0.8948705792427063]"
6114,0,49.75%,88.24%,2.1456,"[0.11422540247440338, 0.8857746124267578]"
6115,0,49.74%,88.24%,0.0114,"[0.9886558055877686, 0.011344164609909058]"
6116,0,49.73%,88.23%,0.9944,"[0.3191318213939667, 0.6808682084083557]"
6117,1,49.74%,88.23%,0.127,"[0.11554645746946335, 0.8844535946846008]"
6118,1,49.75%,88.23%,0.1158,"[0.11075885593891144, 0.889241099357605]"
6119,0,49.74%,88.24%,0.0112,"[0.9888632297515869, 0.011136754415929317]"
6120,1,49.75%,88.24%,0.1085,"[0.10333103686571121, 0.8966689705848694]"
6121,0,49.74%,88.24%,0.0121,"[0.9880176782608032, 0.011982270516455173]"
6122,0,49.73%,88.24%,0.0124,"[0.9877365231513977, 0.012263493612408638]"
6123,1,49.74%,88.24%,0.1088,"[0.10060729831457138, 0.8993927240371704]"
6124,0,49.73%,88.24%,0.0114,"[0.9886566400527954, 0.011343395337462425]"
6125,0,49.72%,88.23%,2.1657,"[0.13168245553970337, 0.8683175444602966]"
6126,1,49.73%,88.23%,0.1086,"[0.10444185882806778, 0.8955581188201904]"
6127,0,49.72%,88.23%,0.0148,"[0.9854925274848938, 0.014507458545267582]"
6128,1,49.73%,88.24%,0.1075,"[0.10578741133213043, 0.894212543964386]"
6129,0,49.72%,88.24%,0.0113,"[0.9887999296188354, 0.01119999773800373]"
6130,1,49.73%,88.24%,0.1152,"[0.10653514415025711, 0.8934649229049683]"
6131,1,49.74%,88.24%,0.1309,"[0.11886300146579742, 0.8811370730400085]"
6132,0,49.73%,88.24%,0.0122,"[0.9877066016197205, 0.012293425388634205]"
6133,0,49.72%,88.25%,0.0118,"[0.9881777167320251, 0.011822241358458996]"
6134,1,49.73%,88.25%,0.1289,"[0.10486020892858505, 0.895139753818512]"
6135,1,49.74%,88.25%,0.1252,"[0.11645740270614624, 0.8835425972938538]"
6136,1,49.75%,88.25%,0.142,"[0.11418956518173218, 0.8858104348182678]"
6137,0,49.74%,88.24%,0.2115,"[0.32238703966140747, 0.6776129007339478]"
6138,1,49.75%,88.24%,0.1224,"[0.12682177126407623, 0.8731783032417297]"
6139,0,49.74%,88.24%,0.0112,"[0.9888700246810913, 0.011129960417747498]"
6140,0,49.73%,88.24%,0.0112,"[0.9888189435005188, 0.011181067675352097]"
6141,1,49.74%,88.24%,0.1126,"[0.1108272597193718, 0.8891727924346924]"
6142,1,49.75%,88.25%,0.1052,"[0.09891509264707565, 0.9010849595069885]"
6143,0,49.74%,88.25%,0.0113,"[0.9887362122535706, 0.011263822205364704]"
6144,0,49.73%,88.25%,0.0139,"[0.9870932698249817, 0.012906723655760288]"
6145,0,49.72%,88.25%,0.0113,"[0.9887827038764954, 0.011217247694730759]"
6146,0,49.72%,88.25%,0.0891,"[0.961965024471283, 0.03803504258394241]"
6147,0,49.71%,88.26%,0.0126,"[0.9874466061592102, 0.012553376145660877]"
6148,0,49.70%,88.26%,0.0119,"[0.9881000518798828, 0.011899941600859165]"
6149,0,49.69%,88.26%,0.0111,"[0.9889621138572693, 0.0110378572717309]"
6150,0,49.68%,88.26%,0.011,"[0.989010751247406, 0.010989231988787651]"
6151,1,49.69%,88.26%,0.2284,"[0.10904023051261902, 0.8909597396850586]"
6152,0,49.68%,88.27%,0.011,"[0.9890397787094116, 0.010960296727716923]"
6153,1,49.69%,88.27%,0.1204,"[0.10786046832799911, 0.8921395540237427]"
6154,0,49.68%,88.27%,0.011,"[0.9890314936637878, 0.010968491435050964]"
6155,0,49.68%,88.27%,0.011,"[0.9890150427818298, 0.010985016822814941]"
6156,0,49.67%,88.27%,0.011,"[0.9890804886817932, 0.010919530875980854]"
6157,0,49.66%,88.28%,0.0111,"[0.9889596700668335, 0.011040335521101952]"
6158,0,49.65%,88.28%,0.0109,"[0.9891123175621033, 0.010887709446251392]"
6159,1,49.66%,88.28%,0.1873,"[0.3808910846710205, 0.6191089749336243]"
6160,1,49.67%,88.28%,0.484,"[0.18699026107788086, 0.8130096793174744]"
6161,1,49.68%,88.28%,0.1321,"[0.11582226306200027, 0.8841777443885803]"
6162,0,49.67%,88.27%,1.7405,"[0.12135819345712662, 0.8786418437957764]"
6163,1,49.68%,88.27%,0.1018,"[0.09688446670770645, 0.9031155705451965]"
6164,0,49.67%,88.27%,0.011,"[0.9890994429588318, 0.010900506749749184]"
6165,0,49.66%,88.27%,0.0239,"[0.9825971722602844, 0.017402861267328262]"
6166,1,49.67%,88.28%,0.1389,"[0.12814176082611084, 0.8718582987785339]"
6167,1,49.68%,88.26%,0.4803,"[0.6895791888237, 0.31042078137397766]"
6168,0,49.67%,88.26%,0.0111,"[0.9889184832572937, 0.011081520467996597]"
6169,0,49.66%,88.25%,2.15,"[0.12616577744483948, 0.8738342523574829]"
6170,0,49.65%,88.25%,0.0108,"[0.9892204403877258, 0.010779588483273983]"
6171,0,49.64%,88.25%,0.0111,"[0.9889982342720032, 0.011001698672771454]"
6172,0,49.64%,88.26%,0.011,"[0.989059567451477, 0.010940469801425934]"
6173,1,49.64%,88.26%,0.126,"[0.4504689872264862, 0.5495309829711914]"
6174,1,49.65%,88.26%,0.3478,"[0.15556399524211884, 0.8444360494613647]"
6175,0,49.64%,88.26%,0.011,"[0.9890751242637634, 0.010924924165010452]"
6176,1,49.65%,88.26%,0.1317,"[0.11689717322587967, 0.8831028342247009]"
6177,0,49.64%,88.26%,0.0145,"[0.9840978980064392, 0.015902046114206314]"
6178,0,49.64%,88.27%,0.011,"[0.9890329837799072, 0.010966991074383259]"
6179,1,49.64%,88.27%,0.1117,"[0.1026664525270462, 0.897333562374115]"
6180,0,49.64%,88.27%,0.0109,"[0.9892116785049438, 0.010788296349346638]"
6181,0,49.63%,88.27%,0.4764,"[0.7422040700912476, 0.25779592990875244]"
6182,1,49.64%,88.27%,0.1021,"[0.10262931138277054, 0.8973706960678101]"
6183,1,49.64%,88.28%,0.5602,"[0.3561895489692688, 0.6438104510307312]"
6184,0,49.64%,88.28%,0.0265,"[0.984096884727478, 0.015903137624263763]"
6185,1,49.64%,88.26%,3.0447,"[0.8630104064941406, 0.13698962330818176]"
6186,1,49.65%,88.27%,0.1335,"[0.11266200989484787, 0.8873380422592163]"
6187,1,49.66%,88.27%,0.1348,"[0.11538293957710266, 0.8846170902252197]"
6188,0,49.65%,88.27%,0.0109,"[0.9891242980957031, 0.010875635780394077]"
6189,1,49.66%,88.27%,0.1172,"[0.12920096516609192, 0.8707990050315857]"
6190,0,49.65%,88.27%,0.0112,"[0.9888155460357666, 0.011184399016201496]"
6191,1,49.66%,88.28%,0.4975,"[0.1958329826593399, 0.8041670322418213]"
6192,1,49.67%,88.28%,0.1091,"[0.11281601339578629, 0.8871839642524719]"
6193,1,49.68%,88.28%,0.8012,"[0.3013973832130432, 0.6986026167869568]"
6194,1,49.69%,88.28%,0.1135,"[0.11179646104574203, 0.888203501701355]"
6195,1,49.69%,88.28%,0.1054,"[0.0994754508137703, 0.9005245566368103]"
6196,0,49.69%,88.28%,0.0113,"[0.9888233542442322, 0.011176634579896927]"
6197,0,49.68%,88.29%,0.0149,"[0.9859499335289001, 0.01405009999871254]"
6198,0,49.67%,88.29%,0.0119,"[0.9883474707603455, 0.011652499437332153]"
6199,1,49.68%,88.29%,0.1742,"[0.1646648496389389, 0.8353351950645447]"
6200,1,49.69%,88.29%,0.0998,"[0.09590808302164078, 0.9040919542312622]"
6201,0,49.68%,88.29%,0.0123,"[0.9874628186225891, 0.012537239119410515]"
6202,0,49.67%,88.30%,0.0119,"[0.9880273342132568, 0.011972701177001]"
6203,1,49.68%,88.30%,0.101,"[0.09545987099409103, 0.9045400619506836]"
6204,0,49.67%,88.30%,0.0144,"[0.9847401976585388, 0.015259752050042152]"
6205,1,49.68%,88.30%,0.0971,"[0.0918671190738678, 0.9081329107284546]"
6206,1,49.69%,88.30%,0.1002,"[0.09452531486749649, 0.9054746627807617]"
6207,1,49.69%,88.31%,0.1047,"[0.10250777751207352, 0.8974922895431519]"
6208,1,49.70%,88.31%,0.1008,"[0.09449906647205353, 0.9055009484291077]"
6209,1,49.71%,88.31%,0.1007,"[0.09419553726911545, 0.905804455280304]"
6210,1,49.72%,88.31%,0.0979,"[0.09238432347774506, 0.9076156616210938]"
6211,1,49.73%,88.31%,0.0967,"[0.09132608026266098, 0.9086739420890808]"
6212,1,49.73%,88.31%,0.0956,"[0.09112808108329773, 0.9088719487190247]"
6213,1,49.74%,88.32%,0.1016,"[0.09623081237077713, 0.9037691354751587]"
6214,0,49.73%,88.32%,0.0122,"[0.9875934720039368, 0.012406573630869389]"
6215,1,49.74%,88.32%,0.0968,"[0.09282506257295609, 0.9071750044822693]"
6216,0,49.73%,88.32%,0.0203,"[0.9761976599693298, 0.02380231022834778]"
6217,0,49.73%,88.31%,1.8754,"[0.12173613905906677, 0.8782638311386108]"
6218,0,49.72%,88.31%,0.013,"[0.9873658418655396, 0.012634172104299068]"
6219,1,49.73%,88.31%,0.0923,"[0.08886919915676117, 0.9111307859420776]"
6220,0,49.72%,88.31%,0.6998,"[0.7203107476234436, 0.279689222574234]"
6221,0,49.71%,88.32%,0.0111,"[0.9889501929283142, 0.01104976236820221]"
6222,1,49.72%,88.32%,0.0932,"[0.08906830102205276, 0.9109317064285278]"
6223,0,49.71%,88.32%,0.0123,"[0.9877256751060486, 0.012274304404854774]"
6224,0,49.70%,88.32%,0.0138,"[0.9851454496383667, 0.014854561537504196]"
6225,1,49.71%,88.32%,0.0995,"[0.09430446475744247, 0.9056954979896545]"
6226,0,49.70%,88.33%,0.0121,"[0.9878864288330078, 0.012113548815250397]"
6227,0,49.69%,88.31%,2.3627,"[0.09380220621824265, 0.9061978459358215]"
6228,1,49.70%,88.31%,0.0969,"[0.09241078048944473, 0.9075892567634583]"
6229,1,49.71%,88.31%,0.0974,"[0.09300163388252258, 0.906998336315155]"
6230,0,49.70%,88.30%,2.3402,"[0.09756287932395935, 0.902437150478363]"
6231,1,49.71%,88.30%,0.0991,"[0.09410408139228821, 0.9058959484100342]"
6232,1,49.72%,88.30%,0.0965,"[0.0919569879770279, 0.9080430865287781]"
6233,1,49.73%,88.31%,0.1,"[0.0942160114645958, 0.905784010887146]"
6234,1,49.74%,88.31%,0.1093,"[0.10300657898187637, 0.8969933986663818]"
6235,1,49.74%,88.31%,0.1027,"[0.09814157336950302, 0.901858389377594]"
6236,1,49.75%,88.31%,0.1035,"[0.09871339052915573, 0.9012866020202637]"
6237,1,49.76%,88.31%,0.1005,"[0.09580501168966293, 0.9041949510574341]"
6238,0,49.75%,88.30%,2.1268,"[0.11518064886331558, 0.8848193883895874]"
6239,1,49.76%,88.30%,0.1012,"[0.0965861827135086, 0.9034137725830078]"
6240,0,49.75%,88.29%,0.0605,"[0.1529729962348938, 0.8470270037651062]"
6241,1,49.76%,88.29%,0.1123,"[0.10590759664773941, 0.8940923810005188]"
6242,0,49.75%,88.29%,0.0117,"[0.9884021878242493, 0.011597799137234688]"
6243,0,49.74%,88.29%,0.0112,"[0.9888190627098083, 0.011180898174643517]"
6244,0,49.74%,88.29%,0.0112,"[0.9888290762901306, 0.011170918121933937]"
6245,1,49.74%,88.30%,0.1074,"[0.1019703596830368, 0.898029625415802]"
6246,1,49.75%,88.30%,0.1042,"[0.09897515922784805, 0.9010248184204102]"
6247,1,49.76%,88.30%,0.1669,"[0.13544684648513794, 0.8645531535148621]"
6248,1,49.77%,88.30%,0.1114,"[0.10616298019886017, 0.893837034702301]"
6249,1,49.78%,88.30%,0.2475,"[0.21119269728660583, 0.7888073325157166]"
6250,0,49.77%,88.31%,0.0119,"[0.9881452322006226, 0.01185474544763565]"
6251,1,49.78%,88.31%,0.1042,"[0.09868276864290237, 0.9013172388076782]"
6252,0,49.77%,88.31%,0.0114,"[0.9886356592178345, 0.011364388279616833]"
6253,0,49.76%,88.31%,0.0116,"[0.9884568452835083, 0.011543172411620617]"
6254,1,49.77%,88.31%,0.1318,"[0.11678656190633774, 0.883213460445404]"
6255,0,49.76%,88.32%,0.0113,"[0.9887976050376892, 0.011202364228665829]"
6256,1,49.77%,88.30%,1.4459,"[0.910747766494751, 0.08925226330757141]"
6257,1,49.78%,88.30%,0.1549,"[0.13729430735111237, 0.862705647945404]"
6258,1,49.78%,88.30%,0.1023,"[0.09710618108510971, 0.9028938412666321]"
6259,0,49.78%,88.31%,0.0113,"[0.9887443780899048, 0.011255593039095402]"
6260,1,49.78%,88.31%,0.3777,"[0.2533378005027771, 0.7466621994972229]"
6261,1,49.79%,88.31%,0.0983,"[0.09277431666851044, 0.9072257280349731]"
6262,0,49.78%,88.30%,0.0278,"[0.3802576959133148, 0.6197422742843628]"
6263,1,49.79%,88.30%,0.1008,"[0.09672021120786667, 0.9032798409461975]"
6264,1,49.80%,88.30%,0.1051,"[0.09935105592012405, 0.9006488919258118]"
6265,0,49.79%,88.30%,0.0185,"[0.9856895208358765, 0.014310506172478199]"
6266,0,49.78%,88.30%,0.0121,"[0.9881379008293152, 0.011862059123814106]"
6267,0,49.78%,88.31%,0.0114,"[0.9886825084686279, 0.011317530646920204]"
6268,0,49.77%,88.31%,0.0118,"[0.9882027506828308, 0.011797255836427212]"
6269,1,49.78%,88.31%,0.0929,"[0.08876042068004608, 0.9112395644187927]"
6270,0,49.77%,88.31%,0.0127,"[0.9872188568115234, 0.012781147845089436]"
6271,1,49.78%,88.31%,0.1136,"[0.10025608539581299, 0.8997439742088318]"
6272,1,49.78%,88.32%,0.0924,"[0.0881420448422432, 0.9118579626083374]"
6273,0,49.78%,88.32%,0.0117,"[0.9881503582000732, 0.011849596165120602]"
6274,1,49.78%,88.32%,0.0994,"[0.0912112444639206, 0.9087887406349182]"
6275,0,49.78%,88.32%,0.0128,"[0.9858123064041138, 0.01418768335133791]"
6276,0,49.77%,88.32%,0.013,"[0.9869869947433472, 0.013012954965233803]"
6277,1,49.78%,88.32%,0.0968,"[0.09850456565618515, 0.9014954566955566]"
6278,1,49.78%,88.33%,0.0968,"[0.09237827360630035, 0.9076218008995056]"
6279,1,49.79%,88.33%,0.0986,"[0.09683612734079361, 0.9031639099121094]"
6280,1,49.80%,88.33%,0.0927,"[0.08925952017307281, 0.9107404351234436]"
6281,1,49.81%,88.33%,0.104,"[0.09473460912704468, 0.9052653908729553]"
6282,1,49.82%,88.33%,0.0921,"[0.08897040784358978, 0.911029577255249]"
6283,1,49.82%,88.34%,0.096,"[0.09234920889139175, 0.9076508283615112]"
6284,0,49.82%,88.32%,2.107,"[0.12969040870666504, 0.870309591293335]"
6285,0,49.81%,88.32%,0.0109,"[0.9891223311424255, 0.010877621360123158]"
6286,0,49.80%,88.33%,0.0114,"[0.9885263442993164, 0.011473624967038631]"
6287,0,49.79%,88.33%,0.0224,"[0.9761852622032166, 0.023814769461750984]"
6288,0,49.79%,88.33%,0.0111,"[0.9890307784080505, 0.010969256982207298]"
6289,1,49.79%,88.33%,0.089,"[0.08588902652263641, 0.9141109585762024]"
6290,0,49.79%,88.32%,2.3507,"[0.09502334147691727, 0.9049766659736633]"
6291,0,49.78%,88.30%,2.0787,"[0.1661643385887146, 0.8338356614112854]"
6292,0,49.77%,88.29%,1.7678,"[0.12604419887065887, 0.8739557862281799]"
6293,1,49.78%,88.29%,0.0963,"[0.0899626836180687, 0.9100373983383179]"
6294,1,49.79%,88.29%,0.0912,"[0.0871894508600235, 0.9128105044364929]"
6295,0,49.78%,88.28%,2.3764,"[0.09463149309158325, 0.9053685665130615]"
6296,0,49.77%,88.28%,0.0115,"[0.988591730594635, 0.011408277787268162]"
6297,1,49.78%,88.28%,0.1302,"[0.11790620535612106, 0.8820937871932983]"
6298,0,49.77%,88.27%,2.1739,"[0.11308882385492325, 0.886911153793335]"
6299,1,49.78%,88.27%,0.0957,"[0.09145942330360413, 0.9085406064987183]"
6300,1,49.79%,88.26%,0.1962,"[0.5102315545082092, 0.4897684156894684]"
6301,1,49.79%,88.26%,0.1,"[0.09527921676635742, 0.9047207832336426]"
6302,0,49.79%,88.26%,0.0118,"[0.9883020520210266, 0.011697925627231598]"
6303,1,49.79%,88.26%,0.1114,"[0.1074456125497818, 0.8925543427467346]"
6304,0,49.79%,88.26%,0.0112,"[0.9888131022453308, 0.01118690986186266]"
6305,0,49.78%,88.25%,2.2358,"[0.10695929080247879, 0.893040657043457]"
6306,0,49.77%,88.24%,2.145,"[0.11885339021682739, 0.8811466097831726]"
6307,0,49.76%,88.22%,2.0223,"[0.13439548015594482, 0.8656045198440552]"
6308,0,49.75%,88.22%,0.0118,"[0.9882473349571228, 0.011752700433135033]"
6309,0,49.75%,88.23%,0.0118,"[0.9881327748298645, 0.01186723168939352]"
6310,0,49.74%,88.23%,0.0122,"[0.9878301024436951, 0.012169930152595043]"
6311,1,49.75%,88.23%,0.3181,"[0.19762882590293884, 0.8023712038993835]"
6312,1,49.75%,88.23%,0.1229,"[0.11590931564569473, 0.8840907216072083]"
6313,1,49.76%,88.23%,0.1809,"[0.17160852253437042, 0.8283914923667908]"
6314,0,49.75%,88.23%,0.0115,"[0.9885231852531433, 0.011476806364953518]"
6315,1,49.76%,88.24%,0.2021,"[0.2000453621149063, 0.7999545931816101]"
6316,0,49.75%,88.24%,0.0116,"[0.9884824156761169, 0.011517579667270184]"
6317,0,49.75%,88.24%,0.0116,"[0.9884345531463623, 0.01156544592231512]"
6318,0,49.74%,88.24%,0.0117,"[0.9883324503898621, 0.011667512357234955]"
6319,0,49.73%,88.24%,0.0118,"[0.9883009791374207, 0.01169896125793457]"
6320,1,49.74%,88.25%,0.1493,"[0.12895944714546204, 0.8710405230522156]"
6321,1,49.75%,88.25%,0.2512,"[0.22233211994171143, 0.7776678800582886]"
6322,1,49.75%,88.25%,0.1731,"[0.1420210748910904, 0.857978880405426]"
6323,1,49.76%,88.25%,0.1371,"[0.13113336265087128, 0.8688666820526123]"
6324,1,49.77%,88.25%,0.1842,"[0.1694619506597519, 0.8305380344390869]"
6325,1,49.78%,88.25%,1.0852,"[0.3126741945743561, 0.6873257756233215]"
6326,1,49.79%,88.26%,0.1229,"[0.11305417865514755, 0.8869458436965942]"
6327,0,49.78%,88.26%,0.0117,"[0.9883908033370972, 0.011609163135290146]"
6328,1,49.79%,88.26%,0.1353,"[0.1238837018609047, 0.8761162161827087]"
6329,1,49.79%,88.26%,0.1548,"[0.14511825144290924, 0.8548817038536072]"
6330,1,49.80%,88.26%,0.197,"[0.17795467376708984, 0.8220453858375549]"
6331,0,49.79%,88.27%,0.0117,"[0.9883757829666138, 0.011624185368418694]"
6332,1,49.80%,88.27%,0.1778,"[0.1631387323141098, 0.8368613123893738]"
6333,1,49.81%,88.27%,0.1587,"[0.13906161487102509, 0.8609383702278137]"
6334,0,49.80%,88.27%,0.012,"[0.9880842566490173, 0.011915740557014942]"
6335,1,49.81%,88.27%,0.1092,"[0.10145452618598938, 0.898545503616333]"
6336,0,49.80%,88.26%,2.0154,"[0.13445350527763367, 0.865546464920044]"
6337,1,49.81%,88.26%,0.1074,"[0.10311798006296158, 0.8968820571899414]"
6338,0,49.80%,88.26%,0.0119,"[0.9881241917610168, 0.01187586784362793]"
6339,0,49.79%,88.26%,0.0123,"[0.9879388809204102, 0.01206115260720253]"
6340,1,49.80%,88.27%,0.1047,"[0.0996832624077797, 0.9003167748451233]"
6341,1,49.81%,88.27%,0.1122,"[0.1057322695851326, 0.894267737865448]"
6342,0,49.80%,88.27%,0.0166,"[0.9828249216079712, 0.01717507652938366]"
6343,0,49.80%,88.27%,0.0126,"[0.9873945713043213, 0.01260540820658207]"
6344,0,49.79%,88.27%,0.0131,"[0.9860461354255676, 0.013953899964690208]"
6345,0,49.78%,88.28%,0.0204,"[0.9790117144584656, 0.020988302305340767]"
6346,0,49.77%,88.28%,0.0828,"[0.7195789813995361, 0.2804209887981415]"
6347,0,49.76%,88.28%,0.0132,"[0.9869159460067749, 0.01308403443545103]"
6348,0,49.76%,88.28%,0.0128,"[0.9874323606491089, 0.01256771944463253]"
6349,1,49.76%,88.28%,0.1026,"[0.09784048795700073, 0.902159571647644]"
6350,1,49.77%,88.29%,0.1112,"[0.11142964661121368, 0.8885703682899475]"
6351,1,49.78%,88.29%,0.1091,"[0.10235418379306793, 0.8976458311080933]"
6352,1,49.79%,88.29%,0.1107,"[0.11356353759765625, 0.8864364624023438]"
6353,1,49.80%,88.29%,0.1189,"[0.11006470024585724, 0.8899353742599487]"
6354,1,49.80%,88.29%,0.139,"[0.12303883582353592, 0.8769611716270447]"
6355,1,49.81%,88.29%,0.1227,"[0.1266629695892334, 0.8733370304107666]"
6356,1,49.82%,88.30%,0.1077,"[0.10336152464151382, 0.8966384530067444]"
6357,1,49.83%,88.30%,0.1282,"[0.10847494006156921, 0.8915250301361084]"
6358,0,49.82%,88.28%,2.1313,"[0.1122894287109375, 0.8877106308937073]"
6359,0,49.81%,88.29%,0.0116,"[0.9884981513023376, 0.011501836590468884]"
6360,1,49.82%,88.29%,0.1089,"[0.10088039934635162, 0.8991196155548096]"
6361,1,49.83%,88.29%,0.1152,"[0.11003416776657104, 0.889965832233429]"
6362,0,49.82%,88.28%,2.0975,"[0.12597011029720306, 0.874029815196991]"
6363,0,49.81%,88.28%,0.012,"[0.988152801990509, 0.011847151443362236]"
6364,1,49.82%,88.28%,0.1234,"[0.137193500995636, 0.862806499004364]"
6365,0,49.81%,88.28%,0.0116,"[0.988508403301239, 0.011491583660244942]"
6366,0,49.80%,88.28%,0.0176,"[0.982266366481781, 0.01773364096879959]"
6367,1,49.81%,88.29%,0.1142,"[0.11246630549430847, 0.8875336647033691]"
6368,1,49.82%,88.29%,0.2114,"[0.1921234130859375, 0.8078766465187073]"
6369,1,49.83%,88.29%,0.131,"[0.12773029506206512, 0.8722696900367737]"
6370,1,49.84%,88.29%,0.128,"[0.12657611072063446, 0.8734238147735596]"
6371,0,49.83%,88.29%,0.0116,"[0.988468587398529, 0.011531432159245014]"
6372,1,49.84%,88.29%,0.2383,"[0.16574199497699738, 0.8342580199241638]"
6373,0,49.83%,88.30%,0.1248,"[0.7668396830558777, 0.2331603765487671]"
6374,1,49.84%,88.30%,0.1217,"[0.1091550961136818, 0.8908448815345764]"
6375,0,49.83%,88.30%,0.0133,"[0.9869948029518127, 0.013005228713154793]"
6376,0,49.82%,88.29%,2.22,"[0.11073782294988632, 0.8892621994018555]"
6377,1,49.83%,88.29%,0.1361,"[0.13117094337940216, 0.868829071521759]"
6378,0,49.82%,88.29%,0.0123,"[0.987804651260376, 0.012195339426398277]"
6379,1,49.83%,88.29%,0.155,"[0.13494166731834412, 0.8650583028793335]"
6380,0,49.82%,88.28%,1.946,"[0.12281608581542969, 0.8771839141845703]"
6381,0,49.81%,88.28%,0.0119,"[0.9882502555847168, 0.011749793775379658]"
6382,1,49.82%,88.28%,0.1421,"[0.13180063664913177, 0.868199348449707]"
6383,0,49.81%,88.27%,1.6394,"[0.1814047247171402, 0.8185953497886658]"
6384,0,49.80%,88.27%,0.0288,"[0.8526507019996643, 0.1473492830991745]"
6385,1,49.81%,88.27%,0.1363,"[0.15507519245147705, 0.844924807548523]"
6386,0,49.80%,88.27%,0.0121,"[0.9879416823387146, 0.012058357708156109]"
6387,1,49.81%,88.27%,0.205,"[0.13362810015678406, 0.8663719296455383]"
6388,0,49.80%,88.28%,0.0115,"[0.9885302186012268, 0.011469786055386066]"
6389,1,49.81%,88.28%,0.1203,"[0.11599133908748627, 0.8840086460113525]"
6390,1,49.82%,88.28%,0.1269,"[0.1291309893131256, 0.870868980884552]"
6391,0,49.81%,88.28%,0.0118,"[0.9882640838623047, 0.011735858395695686]"
6392,1,49.82%,88.28%,0.1463,"[0.13894766569137573, 0.8610523343086243]"
6393,1,49.83%,88.29%,0.1246,"[0.11858265846967697, 0.8814172744750977]"
6394,1,49.84%,88.29%,0.1244,"[0.11892028898000717, 0.8810796737670898]"
6395,1,49.84%,88.29%,0.1396,"[0.13487942516803741, 0.8651205897331238]"
6396,1,49.85%,88.29%,0.1274,"[0.1363493651151657, 0.8636506199836731]"
6397,0,49.84%,88.28%,1.8266,"[0.17006953060626984, 0.8299304246902466]"
6398,0,49.84%,88.28%,0.0116,"[0.9884670972824097, 0.011532877571880817]"
6399,1,49.84%,88.28%,0.1487,"[0.15101762115955353, 0.8489823937416077]"
6400,1,49.85%,88.28%,0.2783,"[0.20731139183044434, 0.7926886081695557]"
6401,0,49.84%,88.28%,0.0116,"[0.9884816408157349, 0.011518350802361965]"
6402,0,49.84%,88.29%,0.0116,"[0.9884570240974426, 0.011542937718331814]"
6403,1,49.84%,88.29%,0.1182,"[0.11195667088031769, 0.8880432844161987]"
6404,0,49.84%,88.29%,0.0117,"[0.9883648157119751, 0.011635147966444492]"
6405,0,49.83%,88.29%,0.0116,"[0.9884353876113892, 0.011564550921320915]"
6406,0,49.82%,88.29%,0.0119,"[0.9881349802017212, 0.011865011416375637]"
6407,0,49.81%,88.30%,0.0118,"[0.9882908463478088, 0.011709088459610939]"
6408,0,49.80%,88.28%,2.1954,"[0.155064195394516, 0.8449357748031616]"
6409,1,49.81%,88.28%,0.1648,"[0.17426706850528717, 0.825732946395874]"
6410,0,49.81%,88.29%,0.0116,"[0.9884492754936218, 0.011550798080861568]"
6411,0,49.80%,88.29%,0.0116,"[0.9884931445121765, 0.011506814509630203]"
6412,0,49.79%,88.29%,0.0117,"[0.988395094871521, 0.011604874394834042]"
6413,1,49.80%,88.29%,0.132,"[0.13439790904521942, 0.8656020760536194]"
6414,1,49.81%,88.29%,0.1389,"[0.13173773884773254, 0.8682622313499451]"
6415,1,49.81%,88.29%,0.1347,"[0.1346607506275177, 0.8653392195701599]"
6416,0,49.81%,88.30%,0.012,"[0.9880720376968384, 0.011927963234484196]"
6417,0,49.80%,88.30%,0.0115,"[0.9885496497154236, 0.011450300924479961]"
6418,0,49.79%,88.28%,1.8807,"[0.1311989575624466, 0.8688010573387146]"
6419,1,49.80%,88.29%,0.1523,"[0.13315674662590027, 0.8668432831764221]"
6420,1,49.81%,88.29%,0.1384,"[0.1307370811700821, 0.8692629337310791]"
6421,0,49.80%,88.29%,0.0116,"[0.988499104976654, 0.011500921100378036]"
6422,0,49.79%,88.29%,0.0115,"[0.9885511994361877, 0.011448876932263374]"
6423,0,49.78%,88.28%,1.8726,"[0.17713403701782227, 0.822865903377533]"
6424,0,49.77%,88.28%,0.0123,"[0.9879465699195862, 0.01205337606370449]"
6425,1,49.78%,88.28%,0.1825,"[0.17539894580841064, 0.8246010541915894]"
6426,1,49.79%,88.28%,0.1848,"[0.29888299107551575, 0.7011169791221619]"
6427,0,49.78%,88.29%,0.0116,"[0.9884939789772034, 0.011506028473377228]"
6428,1,49.79%,88.29%,0.1963,"[0.14735642075538635, 0.852643609046936]"
6429,0,49.78%,88.29%,0.0122,"[0.9877963662147522, 0.0122035788372159]"
6430,1,49.79%,88.29%,0.1562,"[0.1682972013950348, 0.8317028284072876]"
6431,1,49.80%,88.29%,0.1816,"[0.15422211587429047, 0.8457779288291931]"
6432,0,49.79%,88.29%,0.0116,"[0.9884697198867798, 0.011530280113220215]"
6433,1,49.80%,88.30%,0.1843,"[0.1501075178384781, 0.8498924970626831]"
6434,0,49.79%,88.30%,0.0115,"[0.9885379076004028, 0.011462079361081123]"
6435,0,49.78%,88.28%,2.0187,"[0.1602298766374588, 0.8397700786590576]"
6436,1,49.79%,88.29%,0.1625,"[0.14902612566947937, 0.850973904132843]"
6437,0,49.78%,88.29%,0.0116,"[0.9885000586509705, 0.011500021442770958]"
6438,1,49.79%,88.29%,0.1648,"[0.1579691618680954, 0.8420308828353882]"
6439,1,49.80%,88.29%,0.2079,"[0.2481895089149475, 0.7518104910850525]"
6440,1,49.81%,88.29%,0.2887,"[0.2124680131673813, 0.7875319719314575]"
6441,1,49.81%,88.30%,0.1376,"[0.1260758340358734, 0.873924195766449]"
6442,0,49.81%,88.28%,1.7588,"[0.21189408004283905, 0.7881059050559998]"
6443,1,49.81%,88.28%,0.1705,"[0.17739088833332062, 0.8226090669631958]"
6444,0,49.81%,88.29%,0.0116,"[0.9884393215179443, 0.011560688726603985]"
6445,1,49.81%,88.29%,0.1414,"[0.13058698177337646, 0.8694130182266235]"
6446,1,49.82%,88.29%,0.1753,"[0.14705926179885864, 0.8529407382011414]"
6447,0,49.81%,88.28%,1.236,"[0.4017215967178345, 0.5982784628868103]"
6448,0,49.81%,88.28%,0.0196,"[0.9804045557975769, 0.019595397636294365]"
6449,0,49.80%,88.28%,0.0135,"[0.9866687059402466, 0.013331337831914425]"
6450,1,49.81%,88.28%,0.1531,"[0.1485491842031479, 0.8514508605003357]"
6451,0,49.80%,88.28%,0.0118,"[0.9882835149765015, 0.011716445907950401]"
6452,1,49.81%,88.28%,0.2065,"[0.17734989523887634, 0.822650134563446]"
6453,1,49.81%,88.29%,0.1209,"[0.1358921378850937, 0.8641078472137451]"
6454,1,49.82%,88.29%,0.14,"[0.1459033191204071, 0.8540967106819153]"
6455,1,49.83%,88.29%,0.146,"[0.15560080111026764, 0.8443992137908936]"
6456,1,49.84%,88.29%,0.1635,"[0.18388797342777252, 0.8161119818687439]"
6457,1,49.85%,88.29%,0.1454,"[0.12278423458337784, 0.8772157430648804]"
6458,0,49.84%,88.30%,0.0118,"[0.9882408976554871, 0.011759059503674507]"
6459,0,49.83%,88.30%,0.0141,"[0.9861599802970886, 0.013840029947459698]"
6460,0,49.82%,88.30%,0.0116,"[0.9885122776031494, 0.011487739160656929]"
6461,1,49.83%,88.30%,0.1237,"[0.11159002780914307, 0.8884100317955017]"
6462,0,49.82%,88.30%,0.0115,"[0.9885558485984802, 0.011444160714745522]"
6463,0,49.81%,88.30%,0.0119,"[0.9882351160049438, 0.011764896102249622]"
6464,0,49.81%,88.31%,0.0117,"[0.988431990146637, 0.011567969806492329]"
6465,1,49.81%,88.31%,0.1463,"[0.12902431190013885, 0.8709756731987]"
6466,0,49.81%,88.31%,0.0127,"[0.9873078465461731, 0.012692095711827278]"
6467,1,49.81%,88.31%,0.1744,"[0.14068421721458435, 0.8593157529830933]"
6468,0,49.81%,88.31%,0.0115,"[0.9885813593864441, 0.011418657377362251]"
6469,0,49.80%,88.30%,1.9129,"[0.14435037970542908, 0.8556496500968933]"
6470,0,49.79%,88.29%,2.0818,"[0.1333857923746109, 0.8666142225265503]"
6471,0,49.78%,88.29%,0.0116,"[0.9884496927261353, 0.011550307273864746]"
6472,1,49.79%,88.29%,0.1375,"[0.147559255361557, 0.8524407148361206]"
6473,1,49.80%,88.29%,0.1326,"[0.11972443014383316, 0.880275547504425]"
6474,1,49.81%,88.29%,0.2079,"[0.14676520228385925, 0.8532348275184631]"
6475,0,49.80%,88.30%,0.0116,"[0.9883883595466614, 0.011611714027822018]"
6476,1,49.81%,88.30%,0.1238,"[0.12306373566389084, 0.8769362568855286]"
6477,0,49.80%,88.30%,0.5105,"[0.6306912899017334, 0.3693087100982666]"
6478,0,49.79%,88.30%,0.0119,"[0.9882451295852661, 0.01175484899431467]"
6479,0,49.78%,88.30%,0.0148,"[0.9858142733573914, 0.014185777865350246]"
6480,1,49.79%,88.30%,0.2539,"[0.24916377663612366, 0.750836193561554]"
6481,1,49.80%,88.31%,0.1713,"[0.14547090232372284, 0.854529082775116]"
6482,0,49.79%,88.31%,0.0114,"[0.9886258244514465, 0.011374103836715221]"
6483,0,49.78%,88.31%,0.0114,"[0.9886592626571655, 0.011340736411511898]"
6484,1,49.79%,88.31%,0.1337,"[0.1211678609251976, 0.878832221031189]"
6485,1,49.80%,88.31%,0.1365,"[0.1204131618142128, 0.8795868158340454]"
6486,0,49.79%,88.32%,0.0113,"[0.9887668490409851, 0.011233104392886162]"
6487,0,49.78%,88.32%,0.0115,"[0.9884576201438904, 0.01154233980923891]"
6488,1,49.79%,88.32%,0.1934,"[0.16956676542758942, 0.8304332494735718]"
6489,0,49.78%,88.32%,0.0114,"[0.9886935353279114, 0.011306459084153175]"
6490,1,49.79%,88.32%,0.1807,"[0.14007171988487244, 0.8599282503128052]"
6491,1,49.80%,88.32%,0.1306,"[0.11534169316291809, 0.8846583366394043]"
6492,1,49.81%,88.33%,0.1607,"[0.13984787464141846, 0.8601521253585815]"
6493,0,49.80%,88.33%,0.0112,"[0.988825261592865, 0.01117477472871542]"
6494,1,49.81%,88.31%,0.4958,"[0.7675589323043823, 0.23244105279445648]"
6495,0,49.80%,88.32%,0.5162,"[0.820550799369812, 0.17944924533367157]"
6496,0,49.79%,88.32%,0.012,"[0.9879619479179382, 0.012038026005029678]"
6497,1,49.80%,88.32%,0.1205,"[0.11844126135110855, 0.8815587162971497]"
6498,1,49.81%,88.32%,0.2055,"[0.27510344982147217, 0.7248965501785278]"
6499,0,49.80%,88.31%,2.0765,"[0.1317722052335739, 0.8682277202606201]"
6500,0,49.79%,88.31%,0.0112,"[0.988831102848053, 0.011168953962624073]"
6501,1,49.80%,88.31%,0.144,"[0.18138356506824493, 0.8186163902282715]"
6502,1,49.81%,88.31%,0.1358,"[0.1347608119249344, 0.8652392029762268]"
6503,0,49.80%,88.31%,0.0116,"[0.9885753989219666, 0.011424551717936993]"
6504,0,49.79%,88.32%,0.0112,"[0.9888253808021545, 0.011174675077199936]"
6505,0,49.78%,88.32%,0.0115,"[0.9885850548744202, 0.011414920911192894]"
6506,0,49.78%,88.32%,0.0114,"[0.9886914491653442, 0.011308549903333187]"
6507,0,49.77%,88.32%,0.0118,"[0.9884107112884521, 0.01158934086561203]"
6508,1,49.78%,88.32%,0.1607,"[0.15639199316501617, 0.843608021736145]"
6509,1,49.78%,88.33%,0.1302,"[0.11875340342521667, 0.8812466263771057]"
6510,0,49.78%,88.33%,0.0116,"[0.9885652661323547, 0.011434707790613174]"
6511,1,49.79%,88.33%,0.1174,"[0.11876159906387329, 0.8812384009361267]"
6512,0,49.78%,88.33%,0.0112,"[0.9888274669647217, 0.011172594502568245]"
6513,0,49.77%,88.33%,0.0113,"[0.9887513518333435, 0.011248675175011158]"
6514,1,49.78%,88.33%,0.1318,"[0.12232843786478043, 0.8776715993881226]"
6515,0,49.77%,88.32%,1.7554,"[0.12853141129016876, 0.8714686036109924]"
6516,0,49.76%,88.32%,0.0118,"[0.9883493185043335, 0.011650627478957176]"
6517,1,49.77%,88.32%,0.1276,"[0.10785157233476639, 0.892148494720459]"
6518,0,49.76%,88.33%,0.0112,"[0.9888923764228821, 0.011107668280601501]"
6519,1,49.77%,88.33%,0.1635,"[0.13964398205280304, 0.8603560328483582]"
6520,0,49.76%,88.33%,0.0114,"[0.988647997379303, 0.011352029629051685]"
6521,0,49.75%,88.33%,0.0114,"[0.9885996580123901, 0.011400381103157997]"
6522,0,49.75%,88.33%,0.0115,"[0.988405704498291, 0.011594312265515327]"
6523,1,49.75%,88.34%,0.1252,"[0.1123432070016861, 0.8876568078994751]"
6524,0,49.75%,88.32%,1.7114,"[0.16482539474964142, 0.835174560546875]"
6525,1,49.75%,88.32%,0.1716,"[0.12214572727680206, 0.8778542876243591]"
6526,0,49.75%,88.33%,0.0113,"[0.9888063669204712, 0.011193685233592987]"
6527,0,49.74%,88.33%,0.0122,"[0.9877868294715881, 0.012213136069476604]"
6528,0,49.73%,88.33%,0.0115,"[0.9885315895080566, 0.011468423530459404]"
6529,1,49.74%,88.33%,0.1195,"[0.11483880132436752, 0.8851612210273743]"
6530,0,49.73%,88.33%,0.0111,"[0.9889689683914185, 0.011031030677258968]"
6531,1,49.74%,88.33%,0.4604,"[0.40868765115737915, 0.5913123488426208]"
6532,0,49.73%,88.34%,0.0111,"[0.9889901876449585, 0.011009801179170609]"
6533,1,49.74%,88.34%,0.3844,"[0.23785202205181122, 0.7621480226516724]"
6534,0,49.73%,88.34%,0.0111,"[0.9889594316482544, 0.011040611192584038]"
6535,1,49.74%,88.34%,0.1398,"[0.11546186357736588, 0.8845381736755371]"
6536,0,49.73%,88.34%,0.0112,"[0.9888211488723755, 0.011178864166140556]"
6537,1,49.74%,88.35%,0.1586,"[0.12431629747152328, 0.8756837248802185]"
6538,0,49.73%,88.35%,0.0181,"[0.964107096195221, 0.035892970860004425]"
6539,1,49.74%,88.35%,0.2523,"[0.16874364018440247, 0.8312563896179199]"
6540,0,49.73%,88.35%,0.0124,"[0.9877581000328064, 0.012241821736097336]"
6541,0,49.72%,88.35%,0.0115,"[0.9885550141334534, 0.011444964446127415]"
6542,0,49.72%,88.35%,0.0117,"[0.9883546829223633, 0.01164536364376545]"
6543,1,49.72%,88.36%,0.117,"[0.1337137371301651, 0.8662862777709961]"
6544,1,49.73%,88.36%,0.1262,"[0.11799081414937973, 0.8820092082023621]"
6545,1,49.74%,88.36%,0.1808,"[0.1896933913230896, 0.8103065490722656]"
6546,0,49.73%,88.36%,0.0162,"[0.9837459325790405, 0.016254082322120667]"
6547,1,49.74%,88.36%,0.1091,"[0.10345427691936493, 0.8965457081794739]"
6548,1,49.75%,88.36%,0.1286,"[0.12386900186538696, 0.876130998134613]"
6549,0,49.74%,88.37%,0.0127,"[0.9874074459075928, 0.012592547573149204]"
6550,1,49.75%,88.37%,0.1106,"[0.10241314768791199, 0.8975868821144104]"
6551,1,49.76%,88.37%,0.1143,"[0.10771704465150833, 0.8922829627990723]"
6552,0,49.75%,88.37%,0.0113,"[0.9887129068374634, 0.011287159286439419]"
6553,0,49.74%,88.37%,0.011,"[0.9890178442001343, 0.010982219129800797]"
6554,1,49.75%,88.38%,0.109,"[0.10346679389476776, 0.896533191204071]"
6555,0,49.74%,88.38%,0.0178,"[0.9809576272964478, 0.01904233731329441]"
6556,1,49.75%,88.38%,0.1107,"[0.10754426568746567, 0.8924556970596313]"
6557,0,49.74%,88.38%,0.0485,"[0.9679940938949585, 0.032005827873945236]"
6558,1,49.75%,88.38%,0.112,"[0.101285420358181, 0.898714542388916]"
6559,1,49.76%,88.38%,0.1035,"[0.09877986460924149, 0.9012200832366943]"
6560,0,49.75%,88.39%,0.0109,"[0.9891151189804077, 0.010884858667850494]"
6561,0,49.74%,88.39%,0.0494,"[0.9639127850532532, 0.036087263375520706]"
6562,0,49.73%,88.37%,1.5922,"[0.15106718242168427, 0.8489328026771545]"
6563,1,49.74%,88.38%,0.1014,"[0.09873145073652267, 0.9012686014175415]"
6564,0,49.73%,88.38%,0.0151,"[0.9854304790496826, 0.014569573104381561]"
6565,1,49.74%,88.38%,0.1077,"[0.10864432156085968, 0.8913556933403015]"
6566,0,49.73%,88.38%,0.011,"[0.9890375733375549, 0.010962440632283688]"
6567,1,49.74%,88.38%,0.1043,"[0.10065551847219467, 0.8993445038795471]"
6568,1,49.75%,88.38%,0.106,"[0.1005527600646019, 0.8994472026824951]"
6569,0,49.74%,88.39%,0.0128,"[0.9872357249259949, 0.012764282524585724]"
6570,1,49.75%,88.39%,0.1031,"[0.09808805584907532, 0.9019119143486023]"
6571,0,49.74%,88.37%,1.9247,"[0.1390358805656433, 0.8609641790390015]"
6572,1,49.75%,88.38%,0.1025,"[0.09940976649522781, 0.9005902409553528]"
6573,1,49.76%,88.38%,0.1051,"[0.0971834808588028, 0.9028164744377136]"
6574,1,49.76%,88.38%,0.113,"[0.10890427231788635, 0.891095757484436]"
6575,1,49.77%,88.38%,0.1387,"[0.11560452729463577, 0.8843954801559448]"
6576,1,49.78%,88.38%,0.1265,"[0.15664495527744293, 0.8433550596237183]"
6577,0,49.77%,88.37%,1.334,"[0.24891126155853271, 0.7510887384414673]"
6578,1,49.78%,88.37%,0.1698,"[0.1547185629606247, 0.8452814817428589]"
6579,1,49.79%,88.37%,0.1555,"[0.1404619961977005, 0.8595380187034607]"
6580,0,49.78%,88.38%,0.5833,"[0.8476657867431641, 0.15233421325683594]"
6581,0,49.77%,88.38%,0.0107,"[0.9893553853034973, 0.01064460352063179]"
6582,1,49.78%,88.38%,0.103,"[0.09616299718618393, 0.9038370251655579]"
6583,0,49.77%,88.38%,0.0109,"[0.9891684055328369, 0.010831653140485287]"
6584,1,49.78%,88.38%,0.7133,"[0.3463553488254547, 0.6536446213722229]"
6585,0,49.77%,88.37%,2.1659,"[0.11969403177499771, 0.8803059458732605]"
6586,0,49.76%,88.37%,0.0108,"[0.9892676472663879, 0.010732326656579971]"
6587,1,49.77%,88.37%,0.124,"[0.10738467425107956, 0.8926153182983398]"
6588,1,49.78%,88.37%,0.1088,"[0.1010093167424202, 0.8989906907081604]"
6589,1,49.79%,88.38%,0.3074,"[0.17940503358840942, 0.8205950260162354]"
6590,0,49.78%,88.36%,1.8978,"[0.15220002830028534, 0.8478000164031982]"
6591,1,49.79%,88.36%,0.1095,"[0.10239028185606003, 0.8976097106933594]"
6592,1,49.80%,88.37%,0.1195,"[0.13140465319156647, 0.8685953617095947]"
6593,0,49.79%,88.37%,0.0195,"[0.9835753440856934, 0.01642463356256485]"
6594,0,49.78%,88.37%,0.0107,"[0.9893390536308289, 0.010660896077752113]"
6595,1,49.79%,88.37%,0.1565,"[0.1380177140235901, 0.8619822859764099]"
6596,0,49.78%,88.37%,0.011,"[0.9890552759170532, 0.010944726876914501]"
6597,0,49.77%,88.36%,2.0642,"[0.15271657705307007, 0.8472833633422852]"
6598,0,49.77%,88.36%,0.0108,"[0.9892390966415405, 0.010760928504168987]"
6599,1,49.77%,88.36%,0.1424,"[0.12677088379859924, 0.8732292056083679]"
6600,0,49.77%,88.37%,0.0107,"[0.9893559813499451, 0.010644051246345043]"
6601,0,49.76%,88.37%,0.0113,"[0.9887828230857849, 0.011217163875699043]"
6602,0,49.75%,88.37%,0.0109,"[0.9891912341117859, 0.010808700695633888]"
6603,0,49.74%,88.37%,0.0174,"[0.9840976595878601, 0.01590230129659176]"
6604,1,49.75%,88.37%,0.1538,"[0.13447506725788116, 0.86552494764328]"
6605,1,49.76%,88.37%,0.1385,"[0.13569387793540955, 0.8643061518669128]"
6606,0,49.75%,88.38%,0.0107,"[0.9893279671669006, 0.010672017000615597]"
6607,0,49.74%,88.38%,0.0122,"[0.9879775047302246, 0.01202250923961401]"
6608,1,49.75%,88.38%,0.1796,"[0.18957245349884033, 0.8104276061058044]"
6609,1,49.76%,88.38%,0.1205,"[0.11430739611387253, 0.8856925964355469]"
6610,0,49.75%,88.38%,0.0122,"[0.9878938794136047, 0.012106080539524555]"
6611,1,49.76%,88.38%,0.114,"[0.10794835537672043, 0.8920515775680542]"
6612,1,49.77%,88.39%,0.1263,"[0.11840325593948364, 0.8815967440605164]"
6613,1,49.77%,88.39%,0.1167,"[0.10950683802366257, 0.8904932141304016]"
6614,1,49.78%,88.39%,0.133,"[0.12397990375757217, 0.876020073890686]"
6615,0,49.77%,88.39%,0.0109,"[0.9890459179878235, 0.01095400657504797]"
6616,0,49.77%,88.38%,1.8504,"[0.1794259250164032, 0.8205740451812744]"
6617,0,49.76%,88.38%,0.0108,"[0.9892309308052063, 0.010769103653728962]"
6618,0,49.75%,88.38%,0.0107,"[0.9893521666526794, 0.010647859424352646]"
6619,0,49.74%,88.37%,1.3406,"[0.268976628780365, 0.731023371219635]"
6620,0,49.74%,88.37%,0.0108,"[0.9892833232879639, 0.010716725140810013]"
6621,1,49.74%,88.37%,0.1284,"[0.11754428595304489, 0.8824557065963745]"
6622,1,49.75%,88.37%,0.1173,"[0.11065548658370972, 0.8893445134162903]"
6623,1,49.76%,88.38%,0.1531,"[0.15017405152320862, 0.849825918674469]"
6624,0,49.75%,88.38%,0.0106,"[0.9894192218780518, 0.010580756701529026]"
6625,1,49.76%,88.38%,0.118,"[0.1113731786608696, 0.8886268138885498]"
6626,0,49.75%,88.38%,0.0166,"[0.9848607778549194, 0.01513916440308094]"
6627,0,49.74%,88.38%,0.0107,"[0.9893456101417542, 0.010654420591890812]"
6628,0,49.74%,88.38%,0.0107,"[0.9894055724143982, 0.010594458319246769]"
6629,1,49.74%,88.39%,0.1808,"[0.16952377557754517, 0.8304762244224548]"
6630,0,49.74%,88.39%,0.0106,"[0.989458441734314, 0.010541562922298908]"
6631,1,49.74%,88.39%,0.1703,"[0.1634184867143631, 0.8365815281867981]"
6632,0,49.74%,88.38%,1.7337,"[0.1554713249206543, 0.8445286750793457]"
6633,0,49.73%,88.36%,1.7372,"[0.14476455748081207, 0.8552354574203491]"
6634,0,49.72%,88.36%,0.0106,"[0.9894340634346008, 0.010565951466560364]"
6635,1,49.73%,88.37%,0.1365,"[0.14182797074317932, 0.8581720590591431]"
6636,1,49.74%,88.37%,0.1574,"[0.1386493742465973, 0.8613506555557251]"
6637,1,49.74%,88.37%,0.1674,"[0.16179174184799194, 0.8382082581520081]"
6638,1,49.75%,88.37%,0.1559,"[0.15599673986434937, 0.8440033197402954]"
6639,1,49.76%,88.37%,0.1826,"[0.1643967479467392, 0.8356032967567444]"
6640,1,49.77%,88.38%,0.1363,"[0.12589628994464874, 0.8741037249565125]"
6641,0,49.76%,88.38%,0.0106,"[0.9894565939903259, 0.010543433018028736]"
6642,0,49.75%,88.38%,0.0135,"[0.9864377975463867, 0.013562213629484177]"
6643,0,49.74%,88.38%,0.0106,"[0.9894573092460632, 0.010542767122387886]"
6644,0,49.74%,88.38%,0.0106,"[0.9894528388977051, 0.010547144338488579]"
6645,0,49.73%,88.38%,0.0551,"[0.9508897066116333, 0.04911037161946297]"
6646,0,49.72%,88.39%,0.0106,"[0.9894154071807861, 0.010584631003439426]"
6647,1,49.73%,88.39%,0.148,"[0.13256829977035522, 0.8674317598342896]"
6648,0,49.72%,88.39%,0.0106,"[0.989465594291687, 0.010534378699958324]"
6649,1,49.73%,88.39%,0.1303,"[0.12806428968906403, 0.8719357848167419]"
6650,0,49.72%,88.38%,1.6828,"[0.17167456448078156, 0.8283253908157349]"
6651,1,49.73%,88.38%,0.1641,"[0.17629221081733704, 0.8237077593803406]"
6652,0,49.72%,88.38%,0.0105,"[0.989500105381012, 0.010499936528503895]"
6653,1,49.73%,88.38%,0.141,"[0.17221394181251526, 0.8277860283851624]"
6654,0,49.72%,88.38%,0.026,"[0.9733154773712158, 0.026684528216719627]"
6655,1,49.73%,88.39%,0.2231,"[0.15942376852035522, 0.8405762314796448]"
6656,1,49.74%,88.39%,0.3107,"[0.15069295465946198, 0.8493070006370544]"
6657,0,49.73%,88.39%,0.0105,"[0.9895563721656799, 0.010443571954965591]"
6658,1,49.74%,88.39%,0.1174,"[0.11228065192699432, 0.8877193927764893]"
6659,0,49.73%,88.39%,0.0106,"[0.9894993305206299, 0.01050068810582161]"
6660,0,49.72%,88.38%,1.8672,"[0.18092665076255798, 0.8190733194351196]"
6661,0,49.71%,88.38%,0.0106,"[0.989474356174469, 0.010525689460337162]"
6662,0,49.71%,88.38%,0.0105,"[0.9895482063293457, 0.01045182067900896]"
6663,1,49.71%,88.39%,0.1154,"[0.10782855749130249, 0.8921714425086975]"
6664,1,49.72%,88.39%,0.1416,"[0.13639472424983978, 0.863605260848999]"
6665,1,49.73%,88.39%,0.2014,"[0.14673638343811035, 0.8532636165618896]"
6666,1,49.74%,88.39%,0.2077,"[0.1388467401266098, 0.8611533045768738]"
6667,0,49.73%,88.38%,1.5585,"[0.1437607705593109, 0.8562391996383667]"
6668,1,49.74%,88.38%,0.1173,"[0.1263275146484375, 0.8736724257469177]"
6669,0,49.73%,88.38%,0.0263,"[0.9715107679367065, 0.028489209711551666]"
6670,0,49.72%,88.38%,0.011,"[0.9891664385795593, 0.010833604261279106]"
6671,0,49.72%,88.38%,0.0105,"[0.9895913004875183, 0.010408727452158928]"
6672,0,49.71%,88.39%,0.0105,"[0.9895806908607483, 0.010419306345283985]"
6673,0,49.70%,88.39%,0.0107,"[0.9893206357955933, 0.010679349303245544]"
6674,1,49.71%,88.39%,0.3882,"[0.3586541712284088, 0.6413457989692688]"
6675,0,49.70%,88.39%,0.0104,"[0.989614725112915, 0.010385241359472275]"
6676,0,49.69%,88.39%,0.0106,"[0.9894925355911255, 0.010507473722100258]"
6677,0,49.69%,88.39%,0.0105,"[0.9895317554473877, 0.010468211956322193]"
6678,1,49.69%,88.40%,0.1875,"[0.25754833221435547, 0.7424516677856445]"
6679,1,49.70%,88.40%,0.2021,"[0.215962216258049, 0.7840377688407898]"
6680,0,49.69%,88.40%,0.0105,"[0.989604115486145, 0.010395885445177555]"
6681,1,49.70%,88.40%,0.1389,"[0.1108328327536583, 0.8891671895980835]"
6682,0,49.69%,88.40%,0.0104,"[0.9896494150161743, 0.010350528173148632]"
6683,0,49.69%,88.41%,0.0104,"[0.9896145462989807, 0.010385451838374138]"
6684,0,49.68%,88.41%,0.0105,"[0.9895966649055481, 0.010403345339000225]"
6685,0,49.67%,88.41%,0.011,"[0.9890774488449097, 0.010922606103122234]"
6686,1,49.68%,88.41%,0.1144,"[0.11075931042432785, 0.8892407417297363]"
6687,1,49.69%,88.41%,0.1075,"[0.10524503886699677, 0.8947550058364868]"
6688,1,49.69%,88.41%,0.1232,"[0.11409539729356766, 0.8859046101570129]"
6689,0,49.69%,88.42%,0.0106,"[0.9894506335258484, 0.010549353435635567]"
6690,1,49.69%,88.42%,0.107,"[0.10494956374168396, 0.8950504660606384]"
6691,1,49.70%,88.42%,0.3047,"[0.22408752143383026, 0.7759125232696533]"
6692,0,49.69%,88.41%,1.577,"[0.160140722990036, 0.8398593068122864]"
6693,0,49.69%,88.41%,0.0104,"[0.9896215200424194, 0.01037849485874176]"
6694,0,49.68%,88.41%,0.0103,"[0.989719808101654, 0.010280181653797626]"
6695,1,49.69%,88.41%,0.1035,"[0.10045766830444336, 0.8995423316955566]"
6696,0,49.68%,88.40%,0.2627,"[0.4579280912876129, 0.5420719385147095]"
6697,0,49.67%,88.40%,0.0104,"[0.9896724224090576, 0.010327514261007309]"
6698,0,49.66%,88.40%,0.0104,"[0.9896889925003052, 0.010310941375792027]"
6699,0,49.66%,88.40%,0.0103,"[0.9897122383117676, 0.010287713259458542]"
6700,1,49.66%,88.40%,0.1428,"[0.11996757239103317, 0.8800324201583862]"
6701,1,49.67%,88.41%,0.1248,"[0.10802413523197174, 0.8919759392738342]"
6702,0,49.66%,88.41%,0.0103,"[0.9897744655609131, 0.010225546546280384]"
6703,1,49.67%,88.41%,0.1019,"[0.0978836938738823, 0.9021162986755371]"
6704,1,49.68%,88.41%,0.1147,"[0.10588398575782776, 0.8941159844398499]"
6705,1,49.69%,88.41%,0.111,"[0.1118171364068985, 0.8881828188896179]"
6706,0,49.68%,88.42%,0.0102,"[0.9898276329040527, 0.010172316804528236]"
6707,1,49.69%,88.42%,0.1397,"[0.1331421583890915, 0.8668578863143921]"
6708,1,49.69%,88.42%,0.1179,"[0.11437965929508209, 0.8856202960014343]"
6709,1,49.70%,88.42%,0.1538,"[0.151190847158432, 0.8488091826438904]"
6710,0,49.69%,88.42%,0.0101,"[0.9899124503135681, 0.01008757296949625]"
6711,0,49.69%,88.42%,0.0102,"[0.9898608922958374, 0.010139060206711292]"
6712,1,49.69%,88.43%,0.1123,"[0.11022516340017319, 0.8897748589515686]"
6713,1,49.70%,88.43%,0.1604,"[0.1819654256105423, 0.8180346488952637]"
6714,0,49.69%,88.43%,0.5962,"[0.839651346206665, 0.16034863889217377]"
6715,1,49.70%,88.43%,0.1171,"[0.10127287358045578, 0.8987270593643188]"
6716,1,49.71%,88.43%,0.123,"[0.12168461829423904, 0.8783153295516968]"
6717,1,49.72%,88.43%,0.1384,"[0.12252222001552582, 0.8774778246879578]"
6718,1,49.72%,88.44%,0.1117,"[0.10009627044200897, 0.8999037146568298]"
6719,0,49.72%,88.44%,0.01,"[0.9900445938110352, 0.009955491870641708]"
6720,1,49.72%,88.44%,0.1106,"[0.10444558411836624, 0.8955544233322144]"
6721,1,49.73%,88.44%,0.1063,"[0.1033395379781723, 0.8966604471206665]"
6722,0,49.72%,88.44%,0.01,"[0.9900099635124207, 0.009990038350224495]"
6723,1,49.73%,88.44%,0.0996,"[0.09870772063732147, 0.9012922048568726]"
6724,1,49.74%,88.45%,0.0997,"[0.09786046296358109, 0.9021396040916443]"
6725,1,49.75%,88.45%,0.1141,"[0.11901932954788208, 0.8809806704521179]"
6726,0,49.74%,88.45%,0.0099,"[0.9901069402694702, 0.009893045760691166]"
6727,1,49.75%,88.45%,0.1882,"[0.1640404313802719, 0.8359596133232117]"
6728,1,49.75%,88.45%,0.1181,"[0.12408268451690674, 0.875917375087738]"
6729,0,49.75%,88.45%,0.0098,"[0.9902380108833313, 0.009761970490217209]"
6730,1,49.75%,88.46%,0.1376,"[0.11510253697633743, 0.8848975300788879]"
6731,0,49.75%,88.46%,0.0101,"[0.9899671077728271, 0.010032851248979568]"
6732,0,49.74%,88.46%,0.0102,"[0.9898932576179504, 0.010106779634952545]"
6733,1,49.75%,88.46%,0.1044,"[0.09957724809646606, 0.9004228115081787]"
6734,1,49.76%,88.46%,0.1013,"[0.09629283845424652, 0.9037071466445923]"
6735,1,49.76%,88.46%,0.2015,"[0.20429390668869019, 0.7957060933113098]"
6736,0,49.76%,88.45%,2.221,"[0.10419569909572601, 0.8958042860031128]"
6737,1,49.76%,88.45%,0.1147,"[0.10284526646137238, 0.8971547484397888]"
6738,0,49.76%,88.46%,0.0098,"[0.9902562499046326, 0.00974380411207676]"
6739,0,49.75%,88.46%,0.0101,"[0.9898661971092224, 0.010133806616067886]"
6740,1,49.76%,88.46%,0.0948,"[0.09071094542741776, 0.9092890620231628]"
6741,0,49.75%,88.46%,0.0193,"[0.943422794342041, 0.05657719448208809]"
6742,0,49.74%,88.46%,0.0099,"[0.9900963306427002, 0.009903611615300179]"
6743,1,49.75%,88.46%,0.1079,"[0.09899871051311493, 0.9010012149810791]"
6744,1,49.76%,88.47%,0.1054,"[0.09562566131353378, 0.9043743014335632]"
6745,1,49.76%,88.47%,0.0987,"[0.0944967195391655, 0.9055033326148987]"
6746,1,49.77%,88.47%,0.2564,"[0.21970988810062408, 0.7802901268005371]"
6747,1,49.78%,88.47%,0.0983,"[0.09478672593832016, 0.9052132964134216]"
6748,1,49.79%,88.47%,0.1022,"[0.0965101569890976, 0.903489887714386]"
6749,0,49.78%,88.47%,0.0147,"[0.9866899251937866, 0.013310002163052559]"
6750,0,49.77%,88.48%,0.0097,"[0.9903332591056824, 0.009666737169027328]"
6751,0,49.76%,88.48%,0.01,"[0.9900941252708435, 0.00990586169064045]"
6752,0,49.76%,88.46%,1.8115,"[0.1529681235551834, 0.8470318913459778]"
6753,1,49.76%,88.47%,0.1484,"[0.14248578250408173, 0.8575142025947571]"
6754,1,49.77%,88.47%,0.0956,"[0.09107383340597153, 0.9089261889457703]"
6755,0,49.76%,88.47%,0.0098,"[0.9901986122131348, 0.009801399894058704]"
6756,1,49.77%,88.47%,0.0977,"[0.0926753431558609, 0.9073246121406555]"
6757,0,49.76%,88.46%,2.2906,"[0.10193827003240585, 0.8980617523193359]"
6758,0,49.76%,88.46%,0.0099,"[0.990149974822998, 0.009849990718066692]"
6759,0,49.75%,88.46%,0.0098,"[0.9902564287185669, 0.009743554517626762]"
6760,0,49.74%,88.46%,0.0169,"[0.9697542786598206, 0.03024575486779213]"
6761,0,49.73%,88.46%,0.0097,"[0.990358293056488, 0.00964172650128603]"
6762,1,49.74%,88.47%,0.1179,"[0.10853493213653564, 0.8914650678634644]"
6763,0,49.73%,88.47%,0.01,"[0.9900739192962646, 0.009926076047122478]"
6764,1,49.74%,88.47%,0.1067,"[0.10164995491504669, 0.8983500599861145]"
6765,1,49.75%,88.47%,0.1086,"[0.1267320066690445, 0.8732680082321167]"
6766,1,49.76%,88.47%,0.1135,"[0.10531523823738098, 0.8946847319602966]"
6767,0,49.75%,88.48%,0.0111,"[0.9892559051513672, 0.010744119994342327]"
6768,0,49.74%,88.48%,0.0103,"[0.9897876977920532, 0.010212317109107971]"
6769,0,49.73%,88.48%,0.0097,"[0.9903756976127625, 0.009624289348721504]"
6770,0,49.73%,88.48%,0.0101,"[0.9899992346763611, 0.010000759735703468]"
6771,0,49.72%,88.47%,1.3929,"[0.19742290675640106, 0.8025770783424377]"
6772,0,49.71%,88.47%,0.01,"[0.9899641871452332, 0.010035773739218712]"
6773,1,49.72%,88.47%,0.1271,"[0.12482307106256485, 0.8751769661903381]"
6774,0,49.71%,88.46%,0.232,"[0.38489770889282227, 0.6151023507118225]"
6775,0,49.70%,88.46%,0.0099,"[0.9901740550994873, 0.0098259961232543]"
6776,0,49.70%,88.45%,1.7298,"[0.19695089757442474, 0.8030491471290588]"
6777,1,49.70%,88.45%,0.2004,"[0.3607052266597748, 0.6392947435379028]"
6778,0,49.70%,88.45%,0.0097,"[0.9902967810630798, 0.009703205898404121]"
6779,0,49.69%,88.45%,0.0096,"[0.9904037714004517, 0.009596246294677258]"
6780,1,49.70%,88.45%,0.2305,"[0.18189381062984467, 0.8181061744689941]"
6781,0,49.69%,88.45%,0.0101,"[0.9899836778640747, 0.010016331449151039]"
6782,0,49.68%,88.46%,0.0103,"[0.989698588848114, 0.010301359929144382]"
6783,0,49.68%,88.46%,0.0118,"[0.9885942935943604, 0.011405746452510357]"
6784,1,49.68%,88.46%,0.1992,"[0.13191983103752136, 0.868080198764801]"
6785,1,49.69%,88.46%,0.3504,"[0.3368222415447235, 0.6631777286529541]"
6786,1,49.70%,88.46%,0.1062,"[0.10014162212610245, 0.8998584151268005]"
6787,0,49.69%,88.46%,0.0096,"[0.9904060959815979, 0.009593907743692398]"
6788,0,49.68%,88.47%,0.0096,"[0.9904696345329285, 0.00953033659607172]"
6789,1,49.69%,88.47%,0.1321,"[0.11951188743114471, 0.8804880976676941]"
6790,0,49.68%,88.46%,2.1659,"[0.12469421327114105, 0.875305712223053]"
6791,0,49.68%,88.44%,2.1941,"[0.14723215997219086, 0.852767825126648]"
6792,0,49.67%,88.44%,0.0243,"[0.9753316640853882, 0.02466832473874092]"
6793,0,49.66%,88.45%,0.0098,"[0.9902533888816833, 0.009746568277478218]"
6794,1,49.67%,88.45%,0.1618,"[0.13818731904029846, 0.8618127107620239]"
6795,0,49.66%,88.45%,0.0097,"[0.9903558492660522, 0.009644204750657082]"
6796,1,49.67%,88.45%,0.1067,"[0.10100430995225906, 0.8989956974983215]"
6797,1,49.68%,88.45%,0.1486,"[0.13514277338981628, 0.8648571968078613]"
6798,0,49.67%,88.45%,0.2143,"[0.9169585108757019, 0.0830414816737175]"
6799,1,49.68%,88.46%,0.1398,"[0.12391263246536255, 0.8760873079299927]"
6800,1,49.68%,88.46%,0.1449,"[0.1347041130065918, 0.865295946598053]"
6801,0,49.68%,88.46%,0.0097,"[0.9903565049171448, 0.00964351650327444]"
6802,0,49.67%,88.46%,0.0097,"[0.9903860092163086, 0.009613996371626854]"
6803,0,49.66%,88.46%,0.0097,"[0.9903783798217773, 0.00962161272764206]"
6804,0,49.65%,88.46%,0.0097,"[0.9903440475463867, 0.009655974805355072]"
6805,1,49.66%,88.47%,0.1031,"[0.09823989123106003, 0.9017601013183594]"
6806,0,49.65%,88.47%,0.0097,"[0.990321934223175, 0.009678046219050884]"
6807,1,49.66%,88.47%,0.1063,"[0.0996406227350235, 0.9003593921661377]"
6808,0,49.65%,88.47%,0.0098,"[0.990288496017456, 0.009711548686027527]"
6809,0,49.65%,88.47%,0.0097,"[0.9903830885887146, 0.009616869501769543]"
6810,0,49.64%,88.47%,0.0157,"[0.9859052300453186, 0.014094829559326172]"
6811,1,49.65%,88.48%,0.1338,"[0.12211458384990692, 0.8778854608535767]"
6812,0,49.64%,88.48%,0.0096,"[0.990431010723114, 0.009568993002176285]"
6813,1,49.65%,88.48%,0.1192,"[0.11142953485250473, 0.8885704278945923]"
6814,1,49.66%,88.48%,0.1232,"[0.11363719403743744, 0.8863628506660461]"
6815,1,49.66%,88.48%,0.134,"[0.11690112948417664, 0.883098840713501]"
6816,1,49.67%,88.48%,0.1321,"[0.1317019909620285, 0.8682979941368103]"
6817,0,49.66%,88.49%,0.0096,"[0.990468442440033, 0.009531538002192974]"
6818,1,49.67%,88.49%,0.432,"[0.20905044674873352, 0.7909495830535889]"
6819,1,49.68%,88.49%,0.1175,"[0.11702410876750946, 0.8829758763313293]"
6820,1,49.68%,88.49%,0.0995,"[0.0944192185997963, 0.9055808186531067]"
6821,1,49.69%,88.49%,0.1014,"[0.09819086641073227, 0.9018091559410095]"
6822,0,49.68%,88.49%,0.0095,"[0.990520715713501, 0.009479263797402382]"
6823,0,49.68%,88.50%,0.0096,"[0.9904705286026001, 0.00952947698533535]"
6824,0,49.67%,88.50%,0.0097,"[0.9903237819671631, 0.009676173329353333]"
6825,0,49.66%,88.50%,0.0099,"[0.9901502132415771, 0.009849796071648598]"
6826,1,49.67%,88.50%,0.0991,"[0.09432896971702576, 0.9056710600852966]"
6827,0,49.66%,88.50%,0.0096,"[0.9904120564460754, 0.009587970562279224]"
6828,1,49.67%,88.50%,0.0988,"[0.09480820596218109, 0.9051917791366577]"
6829,1,49.68%,88.51%,0.0981,"[0.09378685802221298, 0.906213104724884]"
6830,0,49.67%,88.49%,2.343,"[0.09944028407335281, 0.9005597829818726]"
6831,0,49.66%,88.50%,0.0095,"[0.9905540347099304, 0.009445912204682827]"
6832,0,49.66%,88.50%,0.0101,"[0.9899745583534241, 0.010025471448898315]"
6833,1,49.66%,88.50%,0.0973,"[0.09231841564178467, 0.9076815843582153]"
6834,0,49.66%,88.49%,2.3453,"[0.09715819358825684, 0.9028417468070984]"
6835,0,49.65%,88.47%,2.2058,"[0.13315503299236298, 0.8668450117111206]"
6836,0,49.64%,88.47%,0.0101,"[0.9899563789367676, 0.010043603368103504]"
6837,0,49.63%,88.46%,2.2488,"[0.11577489972114563, 0.884225070476532]"
6838,1,49.64%,88.46%,0.1038,"[0.09953943639993668, 0.9004606008529663]"
6839,1,49.65%,88.46%,0.1023,"[0.09756877273321152, 0.9024311900138855]"
6840,1,49.66%,88.47%,0.1018,"[0.09746881574392319, 0.9025312066078186]"
6841,1,49.66%,88.47%,0.1102,"[0.10532137751579285, 0.8946786522865295]"
6842,0,49.66%,88.46%,2.0947,"[0.1246681660413742, 0.8753318786621094]"
6843,1,49.66%,88.46%,0.1102,"[0.10408060997724533, 0.8959193825721741]"
6844,0,49.66%,88.46%,0.0099,"[0.9901847839355469, 0.009815238416194916]"
6845,1,49.66%,88.46%,0.1214,"[0.10738199949264526, 0.8926180005073547]"
6846,1,49.67%,88.46%,0.1097,"[0.1046331524848938, 0.8953668475151062]"
6847,1,49.68%,88.46%,0.1108,"[0.10396679490804672, 0.8960331678390503]"
6848,1,49.69%,88.47%,0.1101,"[0.1027323305606842, 0.8972676396369934]"
6849,1,49.69%,88.47%,0.1092,"[0.10626927018165588, 0.8937307596206665]"
6850,1,49.70%,88.47%,0.1406,"[0.12953950464725494, 0.8704605102539062]"
6851,1,49.71%,88.47%,0.3859,"[0.31562232971191406, 0.6843777298927307]"
6852,0,49.70%,88.47%,0.0098,"[0.990257740020752, 0.009742224588990211]"
6853,1,49.71%,88.47%,0.1297,"[0.1258833259344101, 0.8741167187690735]"
6854,0,49.70%,88.48%,0.0098,"[0.990228533744812, 0.009771456941962242]"
6855,1,49.71%,88.48%,0.1115,"[0.1051376610994339, 0.8948623538017273]"
6856,1,49.72%,88.48%,0.1756,"[0.1682068407535553, 0.8317931294441223]"
6857,0,49.71%,88.48%,0.0098,"[0.990239143371582, 0.009760868735611439]"
6858,0,49.70%,88.48%,0.0098,"[0.9902381300926208, 0.009761929512023926]"
6859,0,49.69%,88.48%,0.0099,"[0.990195095539093, 0.009804912842810154]"
6860,0,49.69%,88.49%,0.0103,"[0.9898027777671814, 0.010197270661592484]"
6861,0,49.68%,88.49%,0.0098,"[0.990216851234436, 0.00978322047740221]"
6862,0,49.67%,88.49%,0.0103,"[0.9896766543388367, 0.01032340619713068]"
6863,0,49.66%,88.49%,0.0105,"[0.9894666075706482, 0.01053340919315815]"
6864,0,49.66%,88.49%,0.0099,"[0.99014812707901, 0.009851888753473759]"
6865,0,49.65%,88.49%,0.0098,"[0.9902017712593079, 0.009798197075724602]"
6866,0,49.64%,88.50%,0.01,"[0.990098774433136, 0.009901185519993305]"
6867,0,49.64%,88.50%,0.0114,"[0.9886150360107422, 0.011384999379515648]"
6868,1,49.64%,88.50%,0.1061,"[0.10018950700759888, 0.8998105525970459]"
6869,1,49.65%,88.50%,0.1104,"[0.10554561764001846, 0.8944543600082397]"
6870,0,49.64%,88.49%,2.1322,"[0.12527137994766235, 0.8747286200523376]"
6871,0,49.64%,88.49%,0.0099,"[0.9901936650276184, 0.009806348942220211]"
6872,0,49.63%,88.49%,0.0099,"[0.9902025461196899, 0.009797383099794388]"
6873,1,49.64%,88.49%,0.1249,"[0.11080539971590042, 0.8891945481300354]"
6874,1,49.64%,88.49%,0.116,"[0.11326594650745392, 0.8867340683937073]"
6875,1,49.65%,88.50%,0.1594,"[0.15541662275791168, 0.8445833325386047]"
6876,0,49.64%,88.50%,0.0097,"[0.9903082251548767, 0.009691738523542881]"
6877,1,49.65%,88.50%,0.1254,"[0.11486440151929855, 0.8851355910301208]"
6878,1,49.66%,88.50%,0.1667,"[0.15913692116737366, 0.840863049030304]"
6879,1,49.67%,88.50%,0.1179,"[0.11453308165073395, 0.8854669332504272]"
6880,0,49.66%,88.50%,0.01,"[0.9900963306427002, 0.00990368239581585]"
6881,1,49.67%,88.51%,0.1163,"[0.11102420836687088, 0.8889758586883545]"
6882,0,49.66%,88.49%,2.0859,"[0.12693418562412262, 0.8730657696723938]"
6883,0,49.65%,88.48%,2.1974,"[0.11185271292924881, 0.8881472945213318]"
6884,0,49.64%,88.48%,0.0099,"[0.9901746511459351, 0.009825402870774269]"
6885,1,49.65%,88.48%,0.1141,"[0.10741063207387924, 0.8925893306732178]"
6886,1,49.66%,88.49%,0.1181,"[0.10835250467061996, 0.8916475176811218]"
6887,0,49.65%,88.49%,0.0102,"[0.9898892045021057, 0.010110787115991116]"
6888,0,49.64%,88.49%,0.01,"[0.9900777339935303, 0.00992223434150219]"
6889,0,49.64%,88.48%,2.0042,"[0.12335485219955444, 0.8766451478004456]"
6890,1,49.64%,88.48%,0.2044,"[0.1837369054555893, 0.8162631392478943]"
6891,0,49.64%,88.48%,0.0099,"[0.990190863609314, 0.009809179231524467]"
6892,0,49.63%,88.47%,1.8155,"[0.16826647520065308, 0.8317335247993469]"
6893,0,49.62%,88.45%,0.9527,"[0.38996630907058716, 0.6100336313247681]"
6894,1,49.63%,88.46%,0.1457,"[0.13243669271469116, 0.8675633668899536]"
6895,1,49.64%,88.46%,0.3708,"[0.3282759189605713, 0.6717240214347839]"
6896,1,49.64%,88.46%,0.2032,"[0.19687795639038086, 0.8031220436096191]"
6897,1,49.65%,88.46%,0.1464,"[0.1380966603755951, 0.8619033694267273]"
6898,0,49.64%,88.46%,0.01,"[0.9900993704795837, 0.009900577366352081]"
6899,0,49.64%,88.46%,0.0102,"[0.9898744821548462, 0.010125535540282726]"
6900,0,49.63%,88.47%,0.0101,"[0.9900026321411133, 0.00999734178185463]"
6901,0,49.62%,88.47%,0.0102,"[0.9898620843887329, 0.010137893259525299]"
6902,1,49.63%,88.47%,0.1388,"[0.13311515748500824, 0.8668848276138306]"
6903,0,49.62%,88.47%,0.0099,"[0.9901155233383179, 0.009884484112262726]"
6904,1,49.63%,88.47%,0.1657,"[0.1474631428718567, 0.8525368571281433]"
6905,1,49.64%,88.47%,0.1887,"[0.19014814496040344, 0.8098518252372742]"
6906,0,49.63%,88.46%,1.5947,"[0.21689635515213013, 0.7831036448478699]"
6907,0,49.62%,88.46%,0.0104,"[0.9897301197052002, 0.010269846767187119]"
6908,1,49.63%,88.46%,0.2234,"[0.18449664115905762, 0.8155032992362976]"
6909,0,49.62%,88.47%,0.0105,"[0.9895277619361877, 0.010472242720425129]"
6910,1,49.63%,88.47%,0.1488,"[0.13389071822166443, 0.866109311580658]"
6911,0,49.62%,88.47%,0.01,"[0.9900742173194885, 0.00992570910602808]"
6912,0,49.62%,88.47%,0.2105,"[0.8901070952415466, 0.10989285260438919]"
6913,1,49.62%,88.47%,0.1661,"[0.15274125337600708, 0.8472587466239929]"
6914,1,49.63%,88.47%,0.3571,"[0.31544798612594604, 0.6845519542694092]"
6915,1,49.64%,88.48%,0.3756,"[0.29139748215675354, 0.7086024880409241]"
6916,0,49.63%,88.46%,1.6538,"[0.2268010675907135, 0.7731989026069641]"
6917,1,49.64%,88.46%,0.202,"[0.23501887917518616, 0.7649811506271362]"
6918,1,49.65%,88.47%,0.139,"[0.12812627851963043, 0.871873676776886]"
6919,1,49.65%,88.47%,0.1442,"[0.12658147513866425, 0.8734184503555298]"
6920,0,49.65%,88.47%,0.0099,"[0.9901818633079529, 0.009818097576498985]"
6921,0,49.64%,88.47%,0.4613,"[0.6478238105773926, 0.3521761894226074]"
6922,0,49.63%,88.47%,0.0099,"[0.9901919364929199, 0.009808019734919071]"
6923,0,49.62%,88.46%,1.8193,"[0.15675848722457886, 0.8432415127754211]"
6924,1,49.63%,88.46%,0.1313,"[0.12907229363918304, 0.8709277510643005]"
6925,1,49.64%,88.46%,0.1314,"[0.1245257630944252, 0.8754741549491882]"
6926,0,49.63%,88.47%,0.016,"[0.9871993660926819, 0.012800650671124458]"
6927,1,49.64%,88.47%,0.1274,"[0.11910642683506012, 0.8808935880661011]"
6928,1,49.65%,88.47%,0.4926,"[0.2687544524669647, 0.7312455773353577]"
6929,1,49.65%,88.47%,0.1393,"[0.13344261050224304, 0.8665573596954346]"
6930,1,49.66%,88.47%,0.1209,"[0.1189444288611412, 0.8810555934906006]"
6931,1,49.67%,88.47%,0.1206,"[0.11446165293455124, 0.8855383396148682]"
6932,0,49.66%,88.48%,0.0098,"[0.9902713298797607, 0.009728649631142616]"
6933,0,49.65%,88.46%,1.7969,"[0.17283916473388672, 0.8271608352661133]"
6934,0,49.65%,88.46%,0.0098,"[0.9902181029319763, 0.009781861677765846]"
6935,0,49.64%,88.47%,0.0099,"[0.9901751279830933, 0.00982485432177782]"
6936,0,49.63%,88.47%,0.0102,"[0.989910900592804, 0.010089066810905933]"
6937,1,49.64%,88.47%,0.132,"[0.12212643772363663, 0.8778735995292664]"
6938,1,49.65%,88.47%,0.1313,"[0.1220397874712944, 0.877960205078125]"
6939,0,49.64%,88.47%,0.0098,"[0.9902295470237732, 0.009770418517291546]"
6940,1,49.65%,88.47%,0.3338,"[0.36356857419013977, 0.6364314556121826]"
6941,0,49.64%,88.48%,0.0158,"[0.9828729033470154, 0.017127031460404396]"
6942,1,49.65%,88.48%,0.1948,"[0.18272767961025238, 0.8172723054885864]"
6943,0,49.64%,88.48%,0.0102,"[0.9898079037666321, 0.010192141868174076]"
6944,1,49.65%,88.48%,0.2011,"[0.19186128675937653, 0.8081386685371399]"
6945,1,49.65%,88.48%,0.1881,"[0.16813120245933533, 0.8318687677383423]"
6946,1,49.66%,88.48%,0.1275,"[0.12040513008832932, 0.8795948624610901]"
6947,1,49.67%,88.49%,0.1798,"[0.17770177125930786, 0.8222982287406921]"
6948,0,49.66%,88.47%,1.9828,"[0.14450031518936157, 0.8554996848106384]"
6949,1,49.67%,88.47%,0.1281,"[0.11914550513029099, 0.8808544874191284]"
6950,1,49.68%,88.48%,0.1225,"[0.12020382285118103, 0.8797961473464966]"
6951,1,49.68%,88.48%,0.1465,"[0.13543404638767242, 0.8645659685134888]"
6952,1,49.69%,88.48%,0.1758,"[0.19781436026096344, 0.802185595035553]"
6953,0,49.68%,88.48%,0.0097,"[0.990345299243927, 0.009654647670686245]"
6954,0,49.68%,88.48%,0.0205,"[0.949884295463562, 0.050115637481212616]"
6955,0,49.67%,88.48%,0.0103,"[0.9897368550300598, 0.010263117030262947]"
6956,1,49.68%,88.49%,0.1257,"[0.11879923939704895, 0.8812007308006287]"
6957,0,49.67%,88.49%,0.0121,"[0.988427460193634, 0.011572517454624176]"
6958,0,49.66%,88.48%,1.9809,"[0.14655177295207977, 0.8534482717514038]"
6959,1,49.67%,88.48%,0.1271,"[0.11495006084442139, 0.8850499391555786]"
6960,1,49.68%,88.48%,0.1786,"[0.1630185842514038, 0.8369814157485962]"
6961,1,49.68%,88.48%,0.1228,"[0.11514757573604584, 0.884852409362793]"
6962,0,49.68%,88.48%,0.0097,"[0.9903241395950317, 0.009675852954387665]"
6963,1,49.68%,88.48%,0.1204,"[0.1147078275680542, 0.8852921724319458]"
6964,1,49.69%,88.49%,0.1403,"[0.12829235196113586, 0.8717076182365417]"
6965,0,49.68%,88.49%,0.01,"[0.9900730848312378, 0.009926937520503998]"
6966,1,49.69%,88.49%,0.1219,"[0.11309857666492462, 0.8869014382362366]"
6967,0,49.68%,88.48%,2.0179,"[0.14122438430786133, 0.8587756156921387]"
6968,0,49.68%,88.48%,0.0108,"[0.9892258048057556, 0.01077418401837349]"
6969,1,49.68%,88.48%,0.1223,"[0.11395176500082016, 0.8860481977462769]"
6970,1,49.69%,88.48%,0.1519,"[0.13198034465312958, 0.8680196404457092]"
6971,0,49.68%,88.48%,0.01,"[0.9901100993156433, 0.009889823384582996]"
6972,0,49.68%,88.48%,0.0101,"[0.9898588061332703, 0.010141219943761826]"
6973,1,49.68%,88.49%,0.1373,"[0.1344997137784958, 0.865500271320343]"
6974,0,49.68%,88.49%,0.0099,"[0.990195095539093, 0.009804912842810154]"
6975,1,49.68%,88.49%,0.2112,"[0.19645358622074127, 0.8035463690757751]"
6976,0,49.68%,88.49%,0.0101,"[0.9899674654006958, 0.010032529942691326]"
6977,1,49.68%,88.49%,0.1461,"[0.13096454739570618, 0.8690354228019714]"
6978,1,49.69%,88.49%,0.1196,"[0.11303424835205078, 0.8869657516479492]"
6979,0,49.68%,88.50%,0.0119,"[0.9881651401519775, 0.01183489989489317]"
6980,0,49.68%,88.50%,0.0107,"[0.9891484379768372, 0.01085149310529232]"
6981,1,49.68%,88.50%,0.1336,"[0.12421565502882004, 0.8757843971252441]"
6982,1,49.69%,88.50%,0.13,"[0.12359285354614258, 0.8764071464538574]"
6983,1,49.70%,88.50%,0.1228,"[0.1180962547659874, 0.8819037079811096]"
6984,0,49.69%,88.50%,0.0099,"[0.9901803731918335, 0.009819645434617996]"
6985,0,49.69%,88.51%,0.0098,"[0.9903344511985779, 0.00966561958193779]"
6986,1,49.69%,88.51%,0.1164,"[0.1087716743350029, 0.8912283182144165]"
6987,0,49.69%,88.49%,0.1319,"[0.253968745470047, 0.7460312247276306]"
6988,0,49.68%,88.50%,0.0187,"[0.9826458692550659, 0.017354095354676247]"
6989,1,49.69%,88.50%,0.1089,"[0.10311096906661987, 0.8968890905380249]"
6990,1,49.69%,88.50%,0.1218,"[0.12303823232650757, 0.8769618272781372]"
6991,0,49.69%,88.50%,0.0097,"[0.9903271794319153, 0.009672763757407665]"
6992,1,49.69%,88.50%,0.1287,"[0.12354107201099396, 0.8764589428901672]"
6993,0,49.69%,88.50%,0.0098,"[0.9902267456054688, 0.009773191064596176]"
6994,1,49.69%,88.51%,0.179,"[0.1647268384695053, 0.8352731466293335]"
6995,1,49.70%,88.51%,0.1453,"[0.12094192951917648, 0.8790580034255981]"
6996,1,49.71%,88.51%,0.1579,"[0.14701172709465027, 0.8529883623123169]"
6997,1,49.71%,88.51%,0.122,"[0.11427808552980423, 0.8857218623161316]"
6998,1,49.72%,88.51%,0.1195,"[0.1098809614777565, 0.8901190161705017]"
6999,0,49.71%,88.51%,0.0096,"[0.9904735684394836, 0.009526466950774193]"
7000,1,49.72%,88.52%,0.1119,"[0.10496833175420761, 0.8950316309928894]"
7001,1,49.73%,88.52%,0.1147,"[0.10795791447162628, 0.8920421004295349]"
7002,1,49.74%,88.52%,0.136,"[0.11761415749788284, 0.882385790348053]"
7003,1,49.74%,88.52%,0.109,"[0.10135944932699203, 0.898640513420105]"
7004,0,49.74%,88.52%,0.0138,"[0.984254002571106, 0.01574595272541046]"
7005,0,49.73%,88.51%,2.2275,"[0.1064310148358345, 0.8935690522193909]"
7006,0,49.72%,88.51%,0.0098,"[0.9901986122131348, 0.009801391512155533]"
7007,1,49.73%,88.51%,0.1081,"[0.10185665637254715, 0.8981434106826782]"
7008,0,49.72%,88.51%,0.0094,"[0.9906573295593262, 0.009342662990093231]"
7009,1,49.73%,88.52%,0.111,"[0.10603172332048416, 0.8939683437347412]"
7010,1,49.74%,88.52%,0.1082,"[0.10274912416934967, 0.8972508311271667]"
7011,1,49.74%,88.52%,0.2498,"[0.15424324572086334, 0.8457567691802979]"
7012,0,49.74%,88.51%,1.9055,"[0.18359561264514923, 0.816404402256012]"
7013,1,49.74%,88.51%,0.1172,"[0.1102624163031578, 0.889737606048584]"
7014,0,49.74%,88.50%,2.2328,"[0.10802803188562393, 0.8919719457626343]"
7015,0,49.73%,88.50%,0.0148,"[0.9851701855659485, 0.014829802326858044]"
7016,1,49.74%,88.50%,0.1138,"[0.10570526123046875, 0.8942947387695312]"
7017,0,49.73%,88.50%,0.0095,"[0.9905897378921509, 0.009410331957042217]"
7018,0,49.72%,88.50%,0.0094,"[0.9906152486801147, 0.009384727105498314]"
7019,1,49.73%,88.50%,0.1214,"[0.13107730448246002, 0.868922770023346]"
7020,0,49.72%,88.51%,0.0098,"[0.9902010560035706, 0.009798901155591011]"
7021,0,49.72%,88.51%,0.0221,"[0.9810644388198853, 0.018935540691018105]"
7022,1,49.72%,88.51%,0.1182,"[0.11373169720172882, 0.8862682580947876]"
7023,0,49.72%,88.50%,2.2113,"[0.11143729090690613, 0.8885627388954163]"
7024,1,49.72%,88.50%,0.1109,"[0.10478273779153824, 0.89521723985672]"
7025,1,49.73%,88.50%,0.1189,"[0.11199206858873367, 0.8880079388618469]"
7026,0,49.72%,88.50%,0.0144,"[0.9861276149749756, 0.01387233380228281]"
7027,0,49.72%,88.50%,0.0104,"[0.9896204471588135, 0.010379494167864323]"
7028,1,49.72%,88.50%,0.1327,"[0.12915965914726257, 0.870840311050415]"
7029,0,49.72%,88.49%,1.9476,"[0.14556331932544708, 0.8544366955757141]"
7030,0,49.71%,88.49%,0.0116,"[0.9885822534561157, 0.011417730711400509]"
7031,1,49.72%,88.50%,0.1555,"[0.17010065913200378, 0.8298993706703186]"
7032,0,49.71%,88.50%,0.0104,"[0.9895938634872437, 0.010406123474240303]"
7033,0,49.70%,88.50%,0.0096,"[0.9904794096946716, 0.009520560503005981]"
7034,0,49.69%,88.49%,1.8592,"[0.14463019371032715, 0.8553698062896729]"
7035,1,49.70%,88.49%,0.1949,"[0.16605457663536072, 0.8339454531669617]"
7036,1,49.71%,88.49%,0.1496,"[0.13600276410579681, 0.863997220993042]"
7037,0,49.70%,88.49%,0.0102,"[0.9898069500923157, 0.01019306480884552]"
7038,1,49.71%,88.49%,0.2441,"[0.25660476088523865, 0.7433952689170837]"
7039,1,49.72%,88.49%,0.1463,"[0.1487833559513092, 0.8512166142463684]"
7040,0,49.71%,88.50%,0.0096,"[0.9904181361198425, 0.009581799618899822]"
7041,1,49.72%,88.50%,0.1355,"[0.12701070308685303, 0.872989296913147]"
7042,1,49.72%,88.50%,0.1172,"[0.11111346632242203, 0.8888865113258362]"
7043,0,49.72%,88.50%,0.0096,"[0.9904530048370361, 0.009547000750899315]"
7044,1,49.72%,88.50%,0.1274,"[0.1183750256896019, 0.8816249966621399]"
7045,1,49.73%,88.50%,0.1333,"[0.12417002767324448, 0.8758299350738525]"
7046,1,49.74%,88.51%,0.1495,"[0.1372728943824768, 0.8627271056175232]"
7047,1,49.74%,88.51%,0.1536,"[0.1426595002412796, 0.8573405146598816]"
7048,1,49.75%,88.51%,0.1813,"[0.14584530889987946, 0.8541547060012817]"
7049,1,49.76%,88.51%,0.1443,"[0.13941356539726257, 0.8605864644050598]"
7050,1,49.77%,88.51%,0.1398,"[0.13249090313911438, 0.8675090670585632]"
7051,0,49.76%,88.51%,0.0096,"[0.9904638528823853, 0.009536131285130978]"
7052,0,49.75%,88.52%,0.0095,"[0.9905381202697754, 0.009461854584515095]"
7053,0,49.74%,88.52%,0.0387,"[0.9672777652740479, 0.032722294330596924]"
7054,0,49.74%,88.52%,0.0097,"[0.990288496017456, 0.009711498394608498]"
7055,1,49.74%,88.52%,0.1203,"[0.11172297596931458, 0.8882770538330078]"
7056,1,49.75%,88.52%,0.1294,"[0.12088113278150558, 0.879118800163269]"
7057,1,49.76%,88.52%,0.1219,"[0.11954378336668015, 0.8804562091827393]"
7058,1,49.77%,88.53%,0.1197,"[0.11144948750734329, 0.8885505199432373]"
7059,1,49.77%,88.53%,0.1135,"[0.10725251585245132, 0.8927474617958069]"
7060,1,49.78%,88.53%,0.1665,"[0.1179841160774231, 0.8820158839225769]"
7061,0,49.77%,88.53%,0.0095,"[0.9905157089233398, 0.009484297595918179]"
7062,1,49.78%,88.53%,0.1079,"[0.1019996777176857, 0.8980002999305725]"
7063,0,49.77%,88.53%,0.6434,"[0.5964751839637756, 0.40352481603622437]"
7064,1,49.78%,88.54%,0.1097,"[0.1050705686211586, 0.8949294686317444]"
7065,0,49.77%,88.54%,0.0095,"[0.9905115962028503, 0.009488433599472046]"
7066,1,49.78%,88.54%,0.1128,"[0.10617442429065704, 0.8938255310058594]"
7067,1,49.79%,88.54%,0.1191,"[0.1129230186343193, 0.8870769739151001]"
7068,0,49.78%,88.54%,0.0095,"[0.9905291199684143, 0.00947087723761797]"
7069,0,49.77%,88.53%,2.2053,"[0.11508402973413467, 0.8849160075187683]"
7070,1,49.78%,88.53%,0.1163,"[0.10943938791751862, 0.8905606269836426]"
7071,0,49.77%,88.53%,0.0094,"[0.9906666874885559, 0.009333319962024689]"
7072,1,49.78%,88.53%,0.1087,"[0.10367956757545471, 0.8963204026222229]"
7073,0,49.77%,88.54%,0.0093,"[0.9907147884368896, 0.00928515661507845]"
7074,1,49.78%,88.54%,0.1363,"[0.13623780012130737, 0.8637621998786926]"
7075,1,49.79%,88.54%,0.1581,"[0.18404091894626617, 0.815959095954895]"
7076,0,49.78%,88.54%,0.0093,"[0.9906929135322571, 0.009307092987000942]"
7077,0,49.77%,88.54%,0.0094,"[0.990641176700592, 0.009358856827020645]"
7078,0,49.77%,88.54%,0.0093,"[0.990749180316925, 0.009250777773559093]"
7079,1,49.77%,88.55%,0.1124,"[0.10694313049316406, 0.8930568695068359]"
7080,1,49.78%,88.55%,0.1048,"[0.09958342462778091, 0.9004166126251221]"
7081,1,49.79%,88.55%,0.1099,"[0.10131273418664932, 0.8986873030662537]"
7082,1,49.80%,88.55%,0.1459,"[0.13339175283908844, 0.866608202457428]"
7083,0,49.79%,88.54%,2.1847,"[0.11410507559776306, 0.8858948945999146]"
7084,1,49.80%,88.54%,0.1413,"[0.1341312974691391, 0.8658686876296997]"
7085,1,49.80%,88.54%,0.1212,"[0.11394703388214111, 0.8860529661178589]"
7086,1,49.81%,88.54%,0.1084,"[0.10170252621173859, 0.8982974886894226]"
7087,0,49.80%,88.54%,0.0092,"[0.990818440914154, 0.009181482717394829]"
7088,0,49.80%,88.55%,0.0094,"[0.9906249642372131, 0.009375046007335186]"
7089,0,49.79%,88.55%,0.0093,"[0.9907140731811523, 0.009285937994718552]"
7090,0,49.78%,88.55%,0.0093,"[0.9907779693603516, 0.00922198686748743]"
7091,0,49.77%,88.55%,0.0101,"[0.9899427890777588, 0.010057219304144382]"
7092,0,49.77%,88.55%,0.0097,"[0.9903432130813599, 0.009656772948801517]"
7093,1,49.77%,88.55%,0.115,"[0.10878725349903107, 0.8912127614021301]"
7094,0,49.77%,88.56%,0.0093,"[0.9907715320587158, 0.00922849029302597]"
7095,0,49.76%,88.56%,0.0094,"[0.9906625151634216, 0.009337532334029675]"
7096,0,49.75%,88.56%,0.0093,"[0.990774929523468, 0.009225020185112953]"
7097,0,49.75%,88.56%,0.0098,"[0.9902335405349731, 0.009766512550413609]"
7098,0,49.74%,88.55%,1.0071,"[0.48821181058883667, 0.5117881298065186]"
7099,0,49.73%,88.55%,0.0093,"[0.9907105565071106, 0.00928938202559948]"
7100,0,49.73%,88.55%,0.0098,"[0.9902458190917969, 0.009754206985235214]"
7101,0,49.72%,88.54%,2.2348,"[0.10763395577669144, 0.8923659920692444]"
7102,0,49.71%,88.54%,0.0099,"[0.990233302116394, 0.009766724891960621]"
7103,0,49.70%,88.54%,0.0095,"[0.9905447959899902, 0.009455233812332153]"
7104,1,49.71%,88.54%,0.1073,"[0.10177068412303925, 0.8982293605804443]"
7105,0,49.70%,88.54%,0.0092,"[0.9908064007759094, 0.009193549863994122]"
7106,0,49.70%,88.55%,0.0094,"[0.9905793070793152, 0.009420733898878098]"
7107,1,49.70%,88.55%,0.1277,"[0.11692290008068085, 0.883077085018158]"
7108,0,49.70%,88.55%,0.0094,"[0.9906356930732727, 0.009364321827888489]"
7109,1,49.70%,88.55%,0.2015,"[0.1789322942495346, 0.8210676908493042]"
7110,0,49.70%,88.55%,0.0094,"[0.9905971884727478, 0.009402835741639137]"
7111,0,49.69%,88.55%,0.0092,"[0.990838348865509, 0.009161658585071564]"
7112,0,49.68%,88.56%,0.0092,"[0.9908439517021179, 0.009156051091849804]"
7113,1,49.69%,88.56%,0.1314,"[0.12437507510185242, 0.87562495470047]"
7114,0,49.68%,88.56%,0.0093,"[0.9907594919204712, 0.009240522980690002]"
7115,0,49.68%,88.56%,0.0093,"[0.9907552599906921, 0.009244780987501144]"
7116,1,49.68%,88.56%,0.1088,"[0.10321719199419022, 0.8967828154563904]"
7117,0,49.68%,88.55%,2.1026,"[0.11514973640441895, 0.884850263595581]"
7118,0,49.67%,88.55%,0.0093,"[0.99069744348526, 0.00930248573422432]"
7119,1,49.68%,88.55%,0.1394,"[0.12470363825559616, 0.8752962946891785]"
7120,1,49.68%,88.55%,0.1352,"[0.12208086252212524, 0.8779191374778748]"
7121,1,49.69%,88.56%,0.1346,"[0.12564337253570557, 0.8743566274642944]"
7122,0,49.68%,88.56%,0.0168,"[0.9802026748657227, 0.019797276705503464]"
7123,1,49.69%,88.56%,0.1247,"[0.11747442185878754, 0.882525622844696]"
7124,1,49.70%,88.56%,0.1082,"[0.10279092937707901, 0.897209107875824]"
7125,1,49.71%,88.56%,0.1176,"[0.11096834391355515, 0.8890315890312195]"
7126,1,49.71%,88.56%,0.1629,"[0.1570088267326355, 0.8429912328720093]"
7127,0,49.71%,88.57%,0.0092,"[0.990829348564148, 0.009170631878077984]"
7128,1,49.71%,88.57%,0.1086,"[0.10290151089429855, 0.8970984816551208]"
7129,0,49.71%,88.57%,0.0092,"[0.9908594489097595, 0.009140572510659695]"
7130,1,49.71%,88.57%,0.1082,"[0.10263486951589584, 0.897365152835846]"
7131,1,49.72%,88.57%,0.1151,"[0.10736656934022903, 0.8926333785057068]"
7132,0,49.71%,88.57%,0.0091,"[0.9909160733222961, 0.009083890356123447]"
7133,0,49.71%,88.58%,0.0121,"[0.9848122596740723, 0.015187707729637623]"
7134,1,49.71%,88.58%,0.3191,"[0.3565480411052704, 0.643451988697052]"
7135,0,49.71%,88.58%,0.0092,"[0.9908022880554199, 0.009197725914418697]"
7136,1,49.71%,88.58%,0.1128,"[0.10566335171461105, 0.8943367004394531]"
7137,1,49.72%,88.58%,0.1519,"[0.1380862593650818, 0.8619137406349182]"
7138,0,49.71%,88.57%,2.1852,"[0.11136021465063095, 0.8886398077011108]"
7139,0,49.71%,88.56%,2.0464,"[0.12007932364940643, 0.8799207210540771]"
7140,0,49.70%,88.56%,0.0091,"[0.9909012317657471, 0.009098767302930355]"
7141,1,49.71%,88.56%,0.1387,"[0.13892832398414612, 0.8610716462135315]"
7142,1,49.71%,88.56%,0.1089,"[0.1029329001903534, 0.8970670700073242]"
7143,0,49.71%,88.56%,0.013,"[0.9815628528594971, 0.01843714527785778]"
7144,1,49.71%,88.57%,0.1267,"[0.11260877549648285, 0.8873912692070007]"
7145,1,49.72%,88.57%,0.1983,"[0.18059676885604858, 0.8194032311439514]"
7146,0,49.71%,88.57%,0.0092,"[0.9908427000045776, 0.009157252497971058]"
7147,0,49.71%,88.57%,0.0095,"[0.9905057549476624, 0.009494270198047161]"
7148,1,49.71%,88.57%,0.1235,"[0.11838702857494354, 0.8816129565238953]"
7149,1,49.72%,88.57%,0.1109,"[0.1048685684800148, 0.8951314687728882]"
7150,0,49.71%,88.58%,0.0092,"[0.9908724427223206, 0.009127608500421047]"
7151,0,49.71%,88.58%,0.0094,"[0.9906291365623474, 0.009370817802846432]"
7152,1,49.71%,88.58%,0.1201,"[0.11474896967411041, 0.8852510452270508]"
7153,0,49.71%,88.57%,2.1329,"[0.11764942854642868, 0.8823505640029907]"
7154,1,49.71%,88.57%,0.1133,"[0.1077270358800888, 0.89227294921875]"
7155,0,49.71%,88.57%,0.0091,"[0.990908682346344, 0.009091328829526901]"
7156,1,49.71%,88.57%,0.1096,"[0.10366789251565933, 0.8963320851325989]"
7157,1,49.72%,88.57%,0.1167,"[0.11063375324010849, 0.8893662095069885]"
7158,1,49.73%,88.57%,0.1221,"[0.11749552190303802, 0.8825044631958008]"
7159,1,49.73%,88.58%,0.1152,"[0.10900892317295074, 0.8909910917282104]"
7160,1,49.74%,88.58%,0.1214,"[0.11359553039073944, 0.8864044547080994]"
7161,1,49.75%,88.58%,0.2249,"[0.24559639394283295, 0.7544036507606506]"
7162,1,49.76%,88.58%,0.1235,"[0.11607784032821655, 0.8839221596717834]"
7163,1,49.76%,88.58%,0.1286,"[0.11786866933107376, 0.8821313977241516]"
7164,1,49.77%,88.58%,0.1256,"[0.11693240702152252, 0.8830676078796387]"
7165,1,49.78%,88.58%,0.1363,"[0.1293492615222931, 0.8706507086753845]"
7166,0,49.77%,88.59%,0.0091,"[0.9909522533416748, 0.009047736413776875]"
7167,1,49.78%,88.59%,0.1199,"[0.11314563453197479, 0.886854350566864]"
7168,1,49.78%,88.59%,0.1096,"[0.1048470288515091, 0.8951529264450073]"
7169,1,49.79%,88.59%,0.1105,"[0.10463343560695648, 0.8953665494918823]"
7170,0,49.78%,88.58%,1.8156,"[0.14419814944267273, 0.8558018207550049]"
7171,1,49.79%,88.58%,0.1315,"[0.12409099191427231, 0.8759090304374695]"
7172,1,49.80%,88.58%,0.1297,"[0.1217908188700676, 0.878209114074707]"
7173,0,49.79%,88.58%,0.8049,"[0.7461951375007629, 0.25380489230155945]"
7174,0,49.78%,88.59%,0.0093,"[0.9907336235046387, 0.009266340173780918]"
7175,1,49.79%,88.59%,0.1094,"[0.10305947065353394, 0.8969405889511108]"
7176,0,49.78%,88.59%,0.0094,"[0.9906653165817261, 0.009334731847047806]"
7177,1,49.79%,88.59%,0.1271,"[0.10949084162712097, 0.8905091881752014]"
7178,1,49.80%,88.59%,0.1098,"[0.10369064658880234, 0.8963093757629395]"
7179,0,49.79%,88.59%,0.0092,"[0.9908424615859985, 0.009157534688711166]"
7180,0,49.78%,88.58%,2.1691,"[0.10953915119171143, 0.8904608488082886]"
7181,1,49.79%,88.58%,0.1294,"[0.11629641056060791, 0.8837036490440369]"
7182,0,49.78%,88.58%,0.009,"[0.9910020232200623, 0.008997989818453789]"
7183,0,49.78%,88.59%,0.0883,"[0.8928682804107666, 0.10713177919387817]"
7184,0,49.77%,88.59%,0.01,"[0.9900143146514893, 0.009985681623220444]"
7185,1,49.78%,88.59%,0.1104,"[0.10603386163711548, 0.8939661383628845]"
7186,1,49.78%,88.59%,0.146,"[0.11581690609455109, 0.8841830492019653]"
7187,0,49.78%,88.59%,0.0094,"[0.9906275272369385, 0.009372460655868053]"
7188,1,49.78%,88.59%,0.1225,"[0.11708811670541763, 0.8829119205474854]"
7189,0,49.78%,88.60%,0.009,"[0.9910469651222229, 0.008953063748776913]"
7190,1,49.78%,88.60%,0.1914,"[0.20362810790538788, 0.7963718771934509]"
7191,0,49.78%,88.58%,1.8446,"[0.11337778717279434, 0.8866222500801086]"
7192,0,49.77%,88.59%,0.009,"[0.9910507202148438, 0.008949260227382183]"
7193,1,49.78%,88.59%,0.1694,"[0.2695391774177551, 0.7304607629776001]"
7194,1,49.78%,88.59%,0.1597,"[0.17825128138065338, 0.8217487335205078]"
7195,1,49.79%,88.59%,0.1667,"[0.1331900805234909, 0.8668098449707031]"
7196,1,49.80%,88.59%,1.0679,"[0.36240458488464355, 0.6375954747200012]"
7197,0,49.79%,88.59%,0.009,"[0.9910920262336731, 0.008907956071197987]"
7198,0,49.78%,88.60%,0.009,"[0.9910377264022827, 0.008962282910943031]"
7199,1,49.79%,88.60%,0.1386,"[0.13191409409046173, 0.8680859804153442]"
7200,0,49.78%,88.60%,0.05,"[0.950393795967102, 0.04960626736283302]"
7201,0,49.78%,88.60%,0.1528,"[0.9748936295509338, 0.025106390938162804]"
7202,0,49.77%,88.59%,2.0468,"[0.1345963031053543, 0.8654037117958069]"
7203,0,49.76%,88.59%,0.0091,"[0.990911066532135, 0.009088962338864803]"
7204,1,49.77%,88.58%,2.8228,"[0.8015775680541992, 0.1984223872423172]"
7205,1,49.78%,88.57%,1.8825,"[0.8638027310371399, 0.13619717955589294]"
7206,1,49.78%,88.57%,0.1857,"[0.19781751930713654, 0.8021824359893799]"
7207,0,49.78%,88.57%,0.0092,"[0.9908298254013062, 0.009170150384306908]"
7208,0,49.77%,88.57%,0.0094,"[0.9905927777290344, 0.009407198056578636]"
7209,1,49.78%,88.57%,0.158,"[0.12080181390047073, 0.8791981339454651]"
7210,0,49.77%,88.57%,0.0097,"[0.9903723001480103, 0.009627662599086761]"
7211,0,49.76%,88.56%,1.924,"[0.12002865225076675, 0.8799713253974915]"
7212,1,49.77%,88.56%,0.1227,"[0.11618600785732269, 0.8838139772415161]"
7213,0,49.76%,88.55%,1.7037,"[0.1500481814146042, 0.8499518036842346]"
7214,0,49.76%,88.55%,0.0095,"[0.9905624985694885, 0.009437537752091885]"
7215,1,49.76%,88.55%,0.172,"[0.15443113446235657, 0.8455688953399658]"
7216,1,49.77%,88.55%,0.1639,"[0.19302818179130554, 0.8069718480110168]"
7217,1,49.78%,88.56%,0.6461,"[0.14877668023109436, 0.8512232899665833]"
7218,1,49.79%,88.56%,0.1262,"[0.12030602991580963, 0.8796939849853516]"
7219,1,49.79%,88.56%,0.3675,"[0.19042575359344482, 0.8095741868019104]"
7220,0,49.79%,88.56%,0.0095,"[0.9905135631561279, 0.00948647502809763]"
7221,1,49.79%,88.56%,0.1612,"[0.1655675768852234, 0.8344323635101318]"
7222,0,49.79%,88.56%,0.0096,"[0.9904422163963318, 0.009557755663990974]"
7223,1,49.79%,88.57%,0.2117,"[0.18574482202529907, 0.8142551779747009]"
7224,0,49.79%,88.57%,0.0163,"[0.9812994599342346, 0.018700584769248962]"
7225,1,49.79%,88.57%,0.1415,"[0.1503799706697464, 0.8496200442314148]"
7226,0,49.79%,88.57%,0.0101,"[0.9899542331695557, 0.010045794770121574]"
7227,0,49.78%,88.57%,0.0104,"[0.9896308779716492, 0.010369110852479935]"
7228,1,49.79%,88.57%,0.1262,"[0.11945731192827225, 0.8805426955223083]"
7229,0,49.78%,88.56%,2.0016,"[0.14439567923545837, 0.8556042909622192]"
7230,0,49.77%,88.56%,0.0103,"[0.9897743463516235, 0.010225574485957623]"
7231,1,49.78%,88.56%,0.1304,"[0.11776575446128845, 0.8822342753410339]"
7232,1,49.79%,88.57%,0.1141,"[0.10726411640644073, 0.8927358984947205]"
7233,1,49.79%,88.57%,0.1144,"[0.11171676963567734, 0.8882831931114197]"
7234,1,49.80%,88.57%,0.139,"[0.125379279255867, 0.8746207356452942]"
7235,0,49.79%,88.57%,0.0099,"[0.9902520179748535, 0.009748019278049469]"
7236,1,49.80%,88.57%,0.132,"[0.11789249628782272, 0.8821075558662415]"
7237,1,49.81%,88.57%,0.1258,"[0.11868646740913391, 0.8813135027885437]"
7238,1,49.81%,88.58%,0.1183,"[0.11107419431209564, 0.8889257907867432]"
7239,0,49.81%,88.58%,0.8138,"[0.5005471706390381, 0.4994528293609619]"
7240,1,49.81%,88.58%,0.1362,"[0.12836754322052002, 0.87163245677948]"
7241,0,49.81%,88.58%,0.0097,"[0.9903051853179932, 0.00969481561332941]"
7242,1,49.81%,88.58%,0.1137,"[0.10595095157623291, 0.8940489888191223]"
7243,1,49.82%,88.58%,0.1143,"[0.10781028121709824, 0.8921897411346436]"
7244,1,49.83%,88.59%,0.1084,"[0.10270816832780838, 0.8972918391227722]"
7245,1,49.83%,88.59%,0.1238,"[0.11654441058635712, 0.8834556341171265]"
7246,0,49.83%,88.59%,0.0099,"[0.9901829361915588, 0.00981704518198967]"
7247,1,49.83%,88.59%,0.1207,"[0.11279244720935822, 0.887207567691803]"
7248,0,49.83%,88.58%,2.037,"[0.13811717927455902, 0.8618828058242798]"
7249,1,49.83%,88.58%,0.111,"[0.10514360666275024, 0.8948564529418945]"
7250,0,49.83%,88.58%,0.01,"[0.9900751709938049, 0.009924876503646374]"
7251,0,49.82%,88.58%,0.0099,"[0.9901155233383179, 0.009884484112262726]"
7252,1,49.83%,88.58%,0.1128,"[0.10693333297967911, 0.8930666446685791]"
7253,0,49.82%,88.59%,0.0103,"[0.9897833466529846, 0.01021663099527359]"
7254,0,49.81%,88.59%,0.0099,"[0.9901605844497681, 0.00983941275626421]"
7255,0,49.81%,88.59%,0.0138,"[0.9867128133773804, 0.013287145644426346]"
7256,0,49.80%,88.59%,0.0404,"[0.9553967714309692, 0.04460322484374046]"
7257,1,49.81%,88.59%,0.121,"[0.1167101189494133, 0.8832898139953613]"
7258,0,49.80%,88.59%,0.0122,"[0.9875965118408203, 0.012403542175889015]"
7259,0,49.79%,88.60%,0.0124,"[0.9878345727920532, 0.012165477499365807]"
7260,0,49.79%,88.60%,0.0102,"[0.9898403286933899, 0.010159596800804138]"
7261,1,49.79%,88.60%,0.1176,"[0.10963469743728638, 0.8903653025627136]"
7262,0,49.79%,88.59%,2.1567,"[0.11349654197692871, 0.8865034580230713]"
7263,0,49.78%,88.59%,0.0096,"[0.9904890060424805, 0.009510960429906845]"
7264,1,49.79%,88.59%,0.1446,"[0.13467884063720703, 0.8653212189674377]"
7265,1,49.79%,88.59%,0.1283,"[0.12050919979810715, 0.8794907927513123]"
7266,1,49.80%,88.59%,0.117,"[0.11248784512281418, 0.8875121474266052]"
7267,1,49.81%,88.59%,0.1194,"[0.11340659856796265, 0.8865934014320374]"
7268,0,49.80%,88.60%,0.0095,"[0.9905396699905396, 0.00946032628417015]"
7269,0,49.79%,88.60%,0.0096,"[0.9904491305351257, 0.009550843387842178]"
7270,1,49.80%,88.60%,0.1551,"[0.13626345992088318, 0.8637365102767944]"
7271,1,49.81%,88.60%,0.1174,"[0.11137837916612625, 0.8886216282844543]"
7272,1,49.81%,88.60%,0.1233,"[0.1178322285413742, 0.8821677565574646]"
7273,1,49.82%,88.60%,0.1173,"[0.11070939153432846, 0.8892906308174133]"
7274,1,49.83%,88.60%,0.1353,"[0.12755243480205536, 0.8724476099014282]"
7275,0,49.82%,88.59%,2.0255,"[0.12767300009727478, 0.8723270297050476]"
7276,1,49.83%,88.59%,0.1192,"[0.11077414453029633, 0.8892258405685425]"
7277,1,49.84%,88.60%,0.1208,"[0.11423776298761368, 0.8857622742652893]"
7278,1,49.84%,88.60%,0.1402,"[0.12939579784870148, 0.8706041574478149]"
7279,1,49.85%,88.60%,0.1209,"[0.1153654009103775, 0.8846346139907837]"
7280,1,49.86%,88.60%,0.1206,"[0.1165967732667923, 0.8834032416343689]"
7281,0,49.85%,88.60%,0.0101,"[0.9899408221244812, 0.010059233754873276]"
7282,1,49.86%,88.60%,0.1436,"[0.12593433260917664, 0.8740656971931458]"
7283,0,49.85%,88.61%,0.0095,"[0.9905515909194946, 0.009448416531085968]"
7284,0,49.84%,88.61%,0.0097,"[0.990317702293396, 0.00968226045370102]"
7285,1,49.85%,88.61%,0.1616,"[0.12483875453472137, 0.8751612901687622]"
7286,1,49.86%,88.61%,0.1215,"[0.11508528143167496, 0.8849146962165833]"
7287,1,49.86%,88.61%,0.1503,"[0.139592245221138, 0.8604077100753784]"
7288,0,49.86%,88.60%,2.0307,"[0.12698106467723846, 0.8730188608169556]"
7289,0,49.85%,88.60%,0.01,"[0.9901414513587952, 0.009858518838882446]"
7290,0,49.84%,88.60%,0.01,"[0.989985466003418, 0.010014583356678486]"
7291,1,49.85%,88.60%,0.1422,"[0.13154800236225128, 0.8684520125389099]"
7292,0,49.84%,88.61%,0.0098,"[0.9902111291885376, 0.009788903407752514]"
7293,0,49.84%,88.61%,0.0097,"[0.990407407283783, 0.009592621587216854]"
7294,1,49.84%,88.61%,0.1733,"[0.13976286351680756, 0.860237181186676]"
7295,1,49.85%,88.61%,0.1245,"[0.11631979793310165, 0.8836801648139954]"
7296,0,49.84%,88.61%,0.0097,"[0.9902410507202148, 0.009758942760527134]"
7297,0,49.84%,88.61%,0.0108,"[0.9892501831054688, 0.010749797336757183]"
7298,1,49.84%,88.61%,0.1248,"[0.11907229572534561, 0.8809277415275574]"
7299,0,49.84%,88.60%,1.2092,"[0.38238611817359924, 0.6176139116287231]"
7300,0,49.83%,88.60%,0.0096,"[0.9904906749725342, 0.009509335272014141]"
7301,0,49.82%,88.61%,0.0097,"[0.9903994202613831, 0.00960055273026228]"
7302,0,49.82%,88.61%,0.0103,"[0.9897899031639099, 0.01021010521799326]"
7303,1,49.82%,88.61%,0.1319,"[0.12123658508062363, 0.8787634372711182]"
7304,0,49.82%,88.61%,0.0096,"[0.9904050827026367, 0.009594987146556377]"
7305,1,49.82%,88.61%,0.1881,"[0.1805633008480072, 0.8194367289543152]"
7306,0,49.82%,88.60%,1.6357,"[0.1958497017621994, 0.8041502833366394]"
7307,1,49.82%,88.60%,0.1857,"[0.19754473865032196, 0.8024552464485168]"
7308,0,49.82%,88.60%,0.0097,"[0.9903995394706726, 0.00960042979568243]"
7309,1,49.82%,88.60%,0.1739,"[0.1486181914806366, 0.8513818383216858]"
7310,0,49.82%,88.61%,0.0098,"[0.9902319312095642, 0.009768089279532433]"
7311,0,49.81%,88.61%,0.0093,"[0.9907457828521729, 0.009254156611859798]"
7312,1,49.82%,88.61%,0.1707,"[0.14701758325099945, 0.8529824614524841]"
7313,1,49.82%,88.61%,0.1626,"[0.15328271687030792, 0.8467172980308533]"
7314,1,49.83%,88.61%,0.1323,"[0.123100146651268, 0.8768998384475708]"
7315,1,49.84%,88.61%,0.128,"[0.12267050892114639, 0.8773295283317566]"
7316,0,49.83%,88.62%,0.0094,"[0.9906836748123169, 0.009316379204392433]"
7317,1,49.84%,88.62%,0.1283,"[0.12030144035816193, 0.8796985149383545]"
7318,0,49.83%,88.62%,0.0099,"[0.990145742893219, 0.009854177013039589]"
7319,0,49.82%,88.62%,0.0097,"[0.9903156161308289, 0.009684419259428978]"
7320,1,49.83%,88.62%,0.1126,"[0.10524407774209976, 0.8947559595108032]"
7321,0,49.82%,88.62%,0.0098,"[0.9901947379112244, 0.009805279783904552]"
7322,1,49.83%,88.62%,0.1314,"[0.12176135182380676, 0.8782386779785156]"
7323,1,49.84%,88.63%,0.1144,"[0.10645394027233124, 0.8935461044311523]"
7324,1,49.84%,88.63%,0.1156,"[0.11195913702249527, 0.8880408406257629]"
7325,1,49.85%,88.63%,0.2035,"[0.16312475502490997, 0.8368752002716064]"
7326,1,49.86%,88.63%,0.1542,"[0.1353553831577301, 0.8646447062492371]"
7327,0,49.85%,88.63%,0.0093,"[0.9907345771789551, 0.009265447966754436]"
7328,0,49.84%,88.63%,0.0094,"[0.9906098246574402, 0.009390181861817837]"
7329,1,49.85%,88.64%,0.1141,"[0.1080000177025795, 0.8920000195503235]"
7330,0,49.84%,88.62%,1.9373,"[0.15061543881893158, 0.8493844866752625]"
7331,0,49.84%,88.63%,0.0094,"[0.9906580448150635, 0.009341921657323837]"
7332,0,49.83%,88.63%,0.0099,"[0.9900999665260315, 0.009900093078613281]"
7333,0,49.82%,88.61%,2.2027,"[0.10710222274065018, 0.8928978443145752]"
7334,0,49.82%,88.62%,0.01,"[0.9900687336921692, 0.009931241162121296]"
7335,0,49.81%,88.62%,0.0126,"[0.9878054857254028, 0.012194506824016571]"
7336,0,49.80%,88.62%,0.0132,"[0.9872274398803711, 0.01277255266904831]"
7337,1,49.81%,88.62%,0.1121,"[0.1047084778547287, 0.8952915668487549]"
7338,0,49.80%,88.62%,0.0262,"[0.9231688976287842, 0.07683105766773224]"
7339,0,49.80%,88.62%,0.0096,"[0.9904298186302185, 0.009570195339620113]"
7340,0,49.79%,88.63%,0.0093,"[0.9907709360122681, 0.009229083545506]"
7341,1,49.80%,88.63%,0.1189,"[0.11589742451906204, 0.8841025233268738]"
7342,0,49.79%,88.63%,0.0094,"[0.990628182888031, 0.00937175564467907]"
7343,0,49.78%,88.62%,1.5229,"[0.2312668412923813, 0.7687332034111023]"
7344,0,49.78%,88.60%,1.9352,"[0.1452759951353073, 0.8547239899635315]"
7345,1,49.78%,88.61%,0.1139,"[0.10981550067663193, 0.8901844620704651]"
7346,1,49.79%,88.61%,0.2388,"[0.1884300708770752, 0.8115699887275696]"
7347,1,49.80%,88.61%,0.1472,"[0.13668181002140045, 0.863318145275116]"
7348,1,49.80%,88.61%,0.1633,"[0.1628996878862381, 0.8371002674102783]"
7349,0,49.80%,88.61%,0.0096,"[0.9904403686523438, 0.009559661149978638]"
7350,0,49.79%,88.61%,0.0094,"[0.9907037615776062, 0.009296208620071411]"
7351,1,49.80%,88.62%,0.1504,"[0.13862426578998566, 0.8613756895065308]"
7352,0,49.79%,88.62%,0.0093,"[0.9907277822494507, 0.009272190742194653]"
7353,0,49.78%,88.62%,0.0096,"[0.9904071688652039, 0.009592825546860695]"
7354,1,49.79%,88.62%,0.1363,"[0.12913395464420319, 0.870866060256958]"
7355,1,49.80%,88.62%,0.2276,"[0.15823471546173096, 0.8417652249336243]"
7356,0,49.79%,88.62%,0.0093,"[0.9906981587409973, 0.00930179562419653]"
7357,0,49.78%,88.62%,0.0093,"[0.990764856338501, 0.009235084056854248]"
7358,0,49.78%,88.63%,0.0115,"[0.9892465472221375, 0.010753458365797997]"
7359,0,49.77%,88.61%,2.1274,"[0.11963105946779251, 0.8803689479827881]"
7360,0,49.76%,88.62%,0.0101,"[0.9899599552154541, 0.010040057823061943]"
7361,0,49.76%,88.62%,0.0094,"[0.9907026290893555, 0.009297342039644718]"
7362,0,49.75%,88.62%,0.0094,"[0.9906359314918518, 0.009364101104438305]"
7363,1,49.76%,88.62%,0.1438,"[0.13073937594890594, 0.8692606091499329]"
7364,0,49.75%,88.62%,0.0094,"[0.9905959367752075, 0.009404025971889496]"
7365,0,49.74%,88.62%,0.0109,"[0.9893671870231628, 0.010632839053869247]"
7366,1,49.75%,88.62%,0.128,"[0.12248633801937103, 0.8775137066841125]"
7367,0,49.74%,88.61%,0.867,"[0.41463807225227356, 0.585361897945404]"
7368,1,49.75%,88.61%,0.131,"[0.12128366529941559, 0.8787162899971008]"
7369,0,49.74%,88.60%,1.9293,"[0.15085777640342712, 0.8491421937942505]"
7370,0,49.74%,88.60%,0.0095,"[0.9905638694763184, 0.009436138905584812]"
7371,1,49.74%,88.61%,0.2145,"[0.18490411341190338, 0.815095841884613]"
7372,0,49.74%,88.61%,0.0099,"[0.990153968334198, 0.009846067056059837]"
7373,0,49.73%,88.60%,1.8547,"[0.14590232074260712, 0.8540976643562317]"
7374,1,49.74%,88.60%,0.2145,"[0.19671094417572021, 0.8032890558242798]"
7375,1,49.74%,88.60%,0.1565,"[0.14773571491241455, 0.8522642850875854]"
7376,0,49.74%,88.59%,1.6557,"[0.19351689517498016, 0.8064830899238586]"
7377,1,49.74%,88.59%,0.1545,"[0.1409425288438797, 0.8590574860572815]"
7378,0,49.74%,88.58%,1.5188,"[0.22066639363765717, 0.7793335914611816]"
7379,0,49.73%,88.58%,0.0094,"[0.9906848073005676, 0.009315208531916142]"
7380,0,49.72%,88.58%,0.0094,"[0.9906469583511353, 0.00935309287160635]"
7381,1,49.73%,88.58%,0.1615,"[0.15257702767848969, 0.8474230170249939]"
7382,1,49.74%,88.58%,0.1629,"[0.15530093014240265, 0.8446990251541138]"
7383,1,49.74%,88.58%,0.2097,"[0.1973765641450882, 0.8026233911514282]"
7384,1,49.75%,88.58%,0.1745,"[0.15995217859745026, 0.8400477766990662]"
7385,0,49.74%,88.59%,0.0095,"[0.9905894994735718, 0.009410509839653969]"
7386,1,49.75%,88.59%,0.18,"[0.18179160356521606, 0.8182083964347839]"
7387,0,49.74%,88.59%,0.0095,"[0.9905506372451782, 0.009449385106563568]"
7388,1,49.75%,88.59%,0.5276,"[0.25346001982688904, 0.7465399503707886]"
7389,1,49.76%,88.59%,0.3707,"[0.33040541410446167, 0.6695945262908936]"
7390,1,49.76%,88.59%,0.3266,"[0.21458198130130768, 0.7854179739952087]"
7391,1,49.77%,88.60%,0.4965,"[0.38570651412010193, 0.6142935156822205]"
7392,1,49.78%,88.58%,1.4881,"[0.9112818241119385, 0.08871813118457794]"
7393,0,49.77%,88.59%,0.0098,"[0.9901769757270813, 0.009822984226047993]"
7394,1,49.78%,88.59%,0.1974,"[0.29218822717666626, 0.707811713218689]"
7395,0,49.77%,88.59%,0.0185,"[0.9783989787101746, 0.02160101756453514]"
7396,1,49.78%,88.59%,0.1452,"[0.14295078814029694, 0.8570491671562195]"
7397,0,49.77%,88.59%,0.0094,"[0.9906244874000549, 0.00937548466026783]"
7398,1,49.78%,88.59%,0.1573,"[0.1474946141242981, 0.8525053858757019]"
7399,0,49.77%,88.59%,0.0102,"[0.9898513555526733, 0.010148713365197182]"
7400,1,49.78%,88.60%,0.1594,"[0.1571296602487564, 0.8428703546524048]"
7401,1,49.78%,88.60%,0.1375,"[0.13208810985088348, 0.8679118752479553]"
7402,0,49.78%,88.60%,0.0101,"[0.9899622201919556, 0.01003784965723753]"
7403,0,49.77%,88.60%,0.0172,"[0.9843474626541138, 0.015652567148208618]"
7404,1,49.78%,88.60%,0.1559,"[0.13806381821632385, 0.8619362115859985]"
7405,1,49.78%,88.60%,0.1556,"[0.14252598583698273, 0.8574739694595337]"
7406,1,49.79%,88.61%,0.1286,"[0.11991743743419647, 0.8800825476646423]"
7407,0,49.78%,88.61%,0.0094,"[0.9906614422798157, 0.009338617324829102]"
7408,0,49.78%,88.61%,0.0098,"[0.9902613759040833, 0.009738669730722904]"
7409,0,49.77%,88.61%,0.0224,"[0.9851058721542358, 0.014894171617925167]"
7410,0,49.76%,88.60%,2.0597,"[0.12776410579681396, 0.8722358345985413]"
7411,0,49.76%,88.60%,0.0114,"[0.988446831703186, 0.011553171090781689]"
7412,1,49.76%,88.60%,0.1235,"[0.11625335365533829, 0.8837466239929199]"
7413,0,49.76%,88.60%,0.0169,"[0.9852684140205383, 0.014731617644429207]"
7414,1,49.76%,88.60%,0.1201,"[0.11272002756595612, 0.8872799277305603]"
7415,0,49.76%,88.61%,0.1521,"[0.6890661716461182, 0.3109338581562042]"
7416,0,49.75%,88.61%,0.0098,"[0.9903046488761902, 0.009695327840745449]"
7417,0,49.74%,88.61%,0.057,"[0.9506040215492249, 0.04939595237374306]"
7418,0,49.74%,88.61%,0.01,"[0.9900684952735901, 0.009931480512022972]"
7419,0,49.73%,88.60%,1.9032,"[0.13377177715301514, 0.8662282228469849]"
7420,1,49.74%,88.60%,0.1153,"[0.10939566791057587, 0.8906042575836182]"
7421,0,49.73%,88.59%,2.1548,"[0.1162562444806099, 0.8837437629699707]"
7422,1,49.74%,88.59%,0.1233,"[0.11683720350265503, 0.883162796497345]"
7423,0,49.73%,88.59%,0.0096,"[0.9904429316520691, 0.009557010605931282]"
7424,1,49.74%,88.59%,0.1391,"[0.1269012987613678, 0.8730986714363098]"
7425,1,49.74%,88.59%,0.1904,"[0.18192565441131592, 0.8180743455886841]"
7426,1,49.75%,88.60%,0.2029,"[0.20132845640182495, 0.7986714839935303]"
7427,1,49.76%,88.60%,0.1266,"[0.11901754885911942, 0.8809823989868164]"
7428,1,49.76%,88.60%,0.1435,"[0.13824991881847382, 0.861750066280365]"
7429,1,49.77%,88.60%,0.1768,"[0.15072959661483765, 0.8492704033851624]"
7430,0,49.76%,88.59%,1.2961,"[0.29574084281921387, 0.7042591571807861]"
7431,0,49.76%,88.59%,0.0094,"[0.990607500076294, 0.009392470121383667]"
7432,0,49.75%,88.59%,0.0095,"[0.9905501008033752, 0.0094499746337533]"
7433,0,49.74%,88.58%,1.8802,"[0.15740908682346344, 0.8425909280776978]"
7434,0,49.74%,88.57%,2.0284,"[0.15053053200244904, 0.8494694828987122]"
7435,1,49.74%,88.57%,0.1434,"[0.1395762413740158, 0.8604238033294678]"
7436,1,49.75%,88.57%,0.1257,"[0.11838648468255997, 0.8816134929656982]"
7437,1,49.76%,88.57%,0.1348,"[0.1285528838634491, 0.8714470863342285]"
7438,0,49.75%,88.57%,0.0096,"[0.9904178977012634, 0.00958212185651064]"
7439,0,49.74%,88.58%,0.014,"[0.9321436882019043, 0.06785636395215988]"
7440,1,49.75%,88.58%,0.1943,"[0.18530741333961487, 0.8146926164627075]"
7441,1,49.76%,88.58%,0.1433,"[0.1360519975423813, 0.8639480471611023]"
7442,0,49.75%,88.58%,0.0095,"[0.9905343055725098, 0.009465694427490234]"
7443,1,49.76%,88.58%,0.1662,"[0.16025112569332123, 0.8397489190101624]"
7444,1,49.76%,88.58%,0.1563,"[0.16993463039398193, 0.8300653696060181]"
7445,1,49.77%,88.58%,0.2742,"[0.24392111599445343, 0.756078839302063]"
7446,1,49.78%,88.59%,0.1783,"[0.20981352031230927, 0.7901864051818848]"
7447,1,49.79%,88.59%,0.3103,"[0.1935320496559143, 0.8064679503440857]"
7448,1,49.79%,88.59%,0.1901,"[0.16502097249031067, 0.8349790573120117]"
7449,0,49.79%,88.59%,0.0095,"[0.9905661940574646, 0.00943383015692234]"
7450,0,49.78%,88.59%,0.0095,"[0.990584671497345, 0.009415310807526112]"
7451,0,49.77%,88.59%,0.0096,"[0.9904419183731079, 0.009558086283504963]"
7452,0,49.77%,88.60%,0.0095,"[0.9905350804328918, 0.009464925155043602]"
7453,0,49.76%,88.60%,0.0099,"[0.9900856018066406, 0.009914456866681576]"
7454,1,49.77%,88.60%,0.1342,"[0.12424330413341522, 0.8757566809654236]"
7455,0,49.76%,88.59%,1.9316,"[0.13331098854541779, 0.8666890859603882]"
7456,0,49.75%,88.59%,0.0096,"[0.9904787540435791, 0.009521299041807652]"
7457,1,49.76%,88.59%,0.1484,"[0.13047794997692108, 0.8695220351219177]"
7458,0,49.75%,88.58%,1.988,"[0.15191105008125305, 0.8480889201164246]"
7459,1,49.76%,88.58%,0.1402,"[0.13022680580615997, 0.8697732090950012]"
7460,1,49.77%,88.57%,0.7906,"[0.881317675113678, 0.1186823695898056]"
7461,0,49.76%,88.57%,0.0095,"[0.9905465841293335, 0.009453398175537586]"
7462,1,49.77%,88.57%,0.1673,"[0.15780118107795715, 0.8421988487243652]"
7463,1,49.77%,88.57%,0.1299,"[0.12156147509813309, 0.8784384727478027]"
7464,0,49.77%,88.57%,0.0096,"[0.9904749989509583, 0.00952495913952589]"
7465,1,49.77%,88.57%,0.1385,"[0.13139048218727112, 0.8686095476150513]"
7466,0,49.77%,88.56%,1.4151,"[0.25841662287712097, 0.7415834069252014]"
7467,0,49.76%,88.56%,0.0095,"[0.9905354380607605, 0.00946458987891674]"
7468,0,49.75%,88.57%,0.0096,"[0.9904277324676514, 0.009572284296154976]"
7469,1,49.76%,88.57%,0.1522,"[0.13795070350170135, 0.8620493412017822]"
7470,0,49.75%,88.56%,0.348,"[0.3546828031539917, 0.6453171968460083]"
7471,1,49.76%,88.56%,0.1786,"[0.16637934744358063, 0.8336206674575806]"
7472,1,49.77%,88.56%,0.1471,"[0.1366598755121231, 0.8633401393890381]"
7473,1,49.77%,88.56%,0.275,"[0.2771213948726654, 0.722878634929657]"
7474,1,49.78%,88.55%,1.5881,"[0.7992485761642456, 0.20075134932994843]"
7475,1,49.79%,88.55%,0.1548,"[0.14770108461380005, 0.8522989153862]"
7476,0,49.78%,88.55%,0.0095,"[0.990502119064331, 0.009497861377894878]"
7477,0,49.77%,88.55%,0.0099,"[0.9901064038276672, 0.0098935691639781]"
7478,0,49.77%,88.54%,2.0071,"[0.13377797603607178, 0.866222083568573]"
7479,0,49.76%,88.54%,0.0097,"[0.9903531670570374, 0.009646872989833355]"
7480,0,49.75%,88.54%,0.0144,"[0.986936628818512, 0.013063381426036358]"
7481,1,49.76%,88.55%,0.1299,"[0.12187452614307404, 0.8781254887580872]"
7482,0,49.75%,88.55%,0.0096,"[0.9903709292411804, 0.009629118256270885]"
7483,1,49.76%,88.55%,0.1467,"[0.1402682662010193, 0.8597317337989807]"
7484,1,49.77%,88.55%,0.1361,"[0.12541796267032623, 0.874582052230835]"
7485,0,49.76%,88.55%,0.0098,"[0.9903229475021362, 0.009677022695541382]"
7486,0,49.75%,88.54%,1.9613,"[0.1443905085325241, 0.8556095361709595]"
7487,1,49.76%,88.54%,0.1317,"[0.12411202490329742, 0.8758879899978638]"
7488,1,49.77%,88.54%,0.146,"[0.137277290225029, 0.8627226948738098]"
7489,1,49.77%,88.54%,0.1554,"[0.15057696402072906, 0.8494230508804321]"
7490,0,49.77%,88.55%,0.0101,"[0.9900197982788086, 0.009980253875255585]"
7491,0,49.76%,88.55%,0.0117,"[0.9887418150901794, 0.011258198879659176]"
7492,1,49.77%,88.55%,0.1411,"[0.130813866853714, 0.8691861629486084]"
7493,0,49.76%,88.55%,0.0099,"[0.990223228931427, 0.009776685386896133]"
7494,1,49.77%,88.55%,0.15,"[0.13510356843471527, 0.8648964166641235]"
7495,1,49.77%,88.55%,0.1357,"[0.1318046748638153, 0.8681952953338623]"
7496,1,49.78%,88.56%,0.1442,"[0.13479557633399963, 0.8652044534683228]"
7497,0,49.77%,88.56%,0.0097,"[0.9903143048286438, 0.009685635566711426]"
7498,0,49.77%,88.56%,0.0097,"[0.990361213684082, 0.009638757444918156]"
7499,1,49.77%,88.56%,0.1665,"[0.15608930587768555, 0.8439106941223145]"
7500,1,49.78%,88.56%,0.152,"[0.13875532150268555, 0.8612447381019592]"
7501,1,49.79%,88.56%,0.1668,"[0.15699493885040283, 0.8430051207542419]"
7502,1,49.79%,88.56%,0.1809,"[0.17713302373886108, 0.8228669762611389]"
7503,1,49.80%,88.57%,0.1658,"[0.15389080345630646, 0.84610915184021]"
7504,0,49.79%,88.57%,0.0097,"[0.9902859330177307, 0.009714034385979176]"
7505,0,49.79%,88.56%,1.7105,"[0.1782899796962738, 0.8217100501060486]"
7506,1,49.79%,88.56%,0.127,"[0.1184544488787651, 0.8815456032752991]"
7507,1,49.80%,88.56%,0.1427,"[0.1274767369031906, 0.8725232481956482]"
7508,0,49.79%,88.55%,1.806,"[0.16451512277126312, 0.8354848623275757]"
7509,0,49.79%,88.55%,0.0096,"[0.9904614090919495, 0.009538636542856693]"
7510,0,49.78%,88.55%,0.0102,"[0.9899459481239319, 0.010054044425487518]"
7511,0,49.77%,88.55%,0.0102,"[0.9897123575210571, 0.010287660174071789]"
7512,0,49.77%,88.55%,0.0097,"[0.9903838634490967, 0.009616106748580933]"
7513,0,49.76%,88.55%,0.0099,"[0.9902036190032959, 0.009796342812478542]"
7514,1,49.77%,88.56%,0.1628,"[0.14749687910079956, 0.8525030612945557]"
7515,1,49.77%,88.56%,0.1578,"[0.14463742077350616, 0.8553625345230103]"
7516,0,49.77%,88.56%,0.0099,"[0.9900982975959778, 0.009901691228151321]"
7517,0,49.76%,88.55%,1.9747,"[0.14256347715854645, 0.85743647813797]"
7518,0,49.75%,88.55%,0.0098,"[0.9901222586631775, 0.009877728298306465]"
7519,0,49.75%,88.55%,0.0103,"[0.9899862408638, 0.010013788938522339]"
7520,0,49.74%,88.55%,0.0096,"[0.9904270172119141, 0.00957291666418314]"
7521,0,49.73%,88.55%,0.0099,"[0.9901551008224487, 0.009844839572906494]"
7522,0,49.73%,88.56%,0.0099,"[0.9901002049446106, 0.009899868629872799]"
7523,1,49.73%,88.56%,0.2096,"[0.23129107058048248, 0.7687088847160339]"
7524,0,49.73%,88.56%,0.01,"[0.9902571439743042, 0.00974288396537304]"
7525,0,49.72%,88.56%,0.0098,"[0.9902917742729187, 0.009708200581371784]"
7526,1,49.73%,88.56%,0.2021,"[0.17728230357170105, 0.8227176666259766]"
7527,0,49.72%,88.56%,0.0104,"[0.989128053188324, 0.010871903039515018]"
7528,1,49.73%,88.56%,0.1416,"[0.1362261027097702, 0.8637739419937134]"
7529,1,49.73%,88.57%,0.1456,"[0.1360284984111786, 0.8639714121818542]"
7530,1,49.74%,88.57%,0.1493,"[0.13978201150894165, 0.8602179288864136]"
7531,1,49.75%,88.57%,0.1421,"[0.13148877024650574, 0.8685112595558167]"
7532,1,49.75%,88.57%,0.1438,"[0.1471649408340454, 0.8528351187705994]"
7533,0,49.75%,88.57%,0.0096,"[0.9904106855392456, 0.00958928745239973]"
7534,1,49.75%,88.57%,0.174,"[0.1761450171470642, 0.8238550424575806]"
7535,1,49.76%,88.57%,0.1376,"[0.14656232297420502, 0.8534376621246338]"
7536,0,49.75%,88.58%,0.0102,"[0.9899014234542847, 0.010098591446876526]"
7537,0,49.75%,88.58%,0.0097,"[0.9904133677482605, 0.009586634114384651]"
7538,1,49.75%,88.58%,0.1569,"[0.139081209897995, 0.8609188199043274]"
7539,1,49.76%,88.58%,0.1555,"[0.13840186595916748, 0.8615981340408325]"
7540,1,49.77%,88.58%,0.1361,"[0.1471983939409256, 0.8528016209602356]"
7541,1,49.77%,88.58%,0.1709,"[0.16628976166248322, 0.8337101936340332]"
7542,0,49.77%,88.59%,0.0095,"[0.9905461072921753, 0.009453920647501945]"
7543,0,49.76%,88.59%,0.0098,"[0.9902907013893127, 0.009709310717880726]"
7544,0,49.75%,88.59%,0.01,"[0.9900387525558472, 0.009961312636733055]"
7545,1,49.76%,88.59%,0.13,"[0.12042546272277832, 0.8795745372772217]"
7546,0,49.75%,88.59%,0.0095,"[0.9906013011932373, 0.009398674592375755]"
7547,0,49.75%,88.59%,0.0105,"[0.9896544218063354, 0.010345607064664364]"
7548,1,49.75%,88.59%,0.1649,"[0.15846531093120575, 0.8415346741676331]"
7549,1,49.76%,88.60%,0.1292,"[0.12256291508674622, 0.8774370551109314]"
7550,1,49.77%,88.60%,0.1316,"[0.12460792064666748, 0.8753920197486877]"
7551,1,49.77%,88.60%,0.1391,"[0.13041706383228302, 0.8695828914642334]"
7552,1,49.78%,88.60%,0.136,"[0.12715654075145721, 0.8728435039520264]"
7553,0,49.77%,88.60%,0.0098,"[0.990179181098938, 0.009820781648159027]"
7554,1,49.78%,88.60%,0.221,"[0.19895324110984802, 0.8010467290878296]"
7555,1,49.79%,88.61%,0.1221,"[0.11371874064207077, 0.8862812519073486]"
7556,0,49.78%,88.61%,0.0099,"[0.9900453686714172, 0.009954669512808323]"
7557,1,49.79%,88.61%,0.1268,"[0.12057129293680191, 0.8794286847114563]"
7558,0,49.78%,88.61%,0.0661,"[0.7232590913772583, 0.2767409086227417]"
7559,0,49.78%,88.61%,0.0095,"[0.9905382394790649, 0.00946168415248394]"
7560,0,49.77%,88.60%,2.0672,"[0.1394605189561844, 0.8605394959449768]"
7561,0,49.76%,88.60%,0.0112,"[0.9889339804649353, 0.011065985076129436]"
7562,0,49.76%,88.60%,0.0094,"[0.9906913638114929, 0.009308640845119953]"
7563,1,49.76%,88.60%,0.1146,"[0.10881207883358002, 0.8911879062652588]"
7564,1,49.77%,88.61%,0.1168,"[0.11019100248813629, 0.8898090124130249]"
7565,0,49.76%,88.61%,0.0093,"[0.9907264709472656, 0.009273456409573555]"
7566,1,49.77%,88.61%,0.1164,"[0.11170419305562973, 0.8882957696914673]"
7567,1,49.78%,88.61%,0.134,"[0.12453173100948334, 0.8754682540893555]"
7568,0,49.77%,88.61%,0.0099,"[0.9901491403579712, 0.00985080935060978]"
7569,0,49.76%,88.61%,0.0094,"[0.9906601309776306, 0.009339812211692333]"
7570,0,49.76%,88.61%,0.0098,"[0.9902955889701843, 0.009704424999654293]"
7571,1,49.76%,88.62%,0.1358,"[0.13628441095352173, 0.8637155890464783]"
7572,1,49.77%,88.62%,0.1359,"[0.12906035780906677, 0.8709396123886108]"
7573,0,49.76%,88.62%,0.0097,"[0.9903349876403809, 0.009664979763329029]"
7574,1,49.77%,88.62%,0.1294,"[0.12061344087123871, 0.8793865442276001]"
7575,0,49.76%,88.62%,0.0093,"[0.9907985925674438, 0.009201481938362122]"
7576,1,49.77%,88.62%,0.1124,"[0.10626060515642166, 0.8937394618988037]"
7577,1,49.78%,88.62%,0.1453,"[0.12256211787462234, 0.8774378895759583]"
7578,1,49.78%,88.63%,0.1191,"[0.11202140897512436, 0.8879786133766174]"
7579,1,49.79%,88.63%,0.1312,"[0.12450303882360458, 0.8754969239234924]"
7580,0,49.78%,88.63%,0.0093,"[0.9907163977622986, 0.009283561259508133]"
7581,0,49.78%,88.63%,0.0091,"[0.9908837676048279, 0.00911626499146223]"
7582,0,49.77%,88.63%,0.0105,"[0.9895179867744446, 0.01048207189887762]"
7583,1,49.78%,88.63%,0.1204,"[0.11823181807994843, 0.8817681670188904]"
7584,0,49.77%,88.64%,0.0114,"[0.9887791872024536, 0.011220834217965603]"
7585,1,49.78%,88.64%,0.1143,"[0.10719700157642365, 0.8928029537200928]"
7586,1,49.78%,88.64%,0.1357,"[0.123794786632061, 0.8762052059173584]"
7587,0,49.78%,88.64%,0.0098,"[0.9902723431587219, 0.00972761120647192]"
7588,0,49.77%,88.64%,0.0096,"[0.9904601573944092, 0.009539884515106678]"
7589,0,49.76%,88.64%,0.0096,"[0.990486204624176, 0.00951381865888834]"
7590,0,49.76%,88.63%,2.0059,"[0.1368991583585739, 0.8631008267402649]"
7591,0,49.75%,88.63%,0.0093,"[0.9906636476516724, 0.009336291812360287]"
7592,1,49.76%,88.63%,0.1076,"[0.10176554322242737, 0.898234486579895]"
7593,0,49.75%,88.64%,0.0091,"[0.9908775687217712, 0.00912244338542223]"
7594,0,49.74%,88.62%,1.7994,"[0.15695352852344513, 0.8430464267730713]"
7595,1,49.75%,88.63%,0.1081,"[0.10237381607294083, 0.8976262211799622]"
7596,0,49.74%,88.63%,0.0095,"[0.9905980229377747, 0.009401942603290081]"
7597,0,49.74%,88.62%,2.212,"[0.10920244455337524, 0.89079749584198]"
7598,0,49.73%,88.62%,0.0098,"[0.9902487397193909, 0.009751226752996445]"
7599,0,49.72%,88.62%,0.0095,"[0.9905663132667542, 0.009433664381504059]"
7600,1,49.73%,88.62%,0.1497,"[0.12933678925037384, 0.8706632852554321]"
7601,1,49.74%,88.62%,0.156,"[0.15256471931934357, 0.8474352955818176]"
7602,0,49.73%,88.62%,0.0093,"[0.9907295107841492, 0.009270482696592808]"
7603,0,49.72%,88.62%,0.0131,"[0.9872341752052307, 0.012765777297317982]"
7604,1,49.73%,88.63%,0.1463,"[0.13927684724330902, 0.8607231974601746]"
7605,0,49.72%,88.63%,0.0101,"[0.9899499416351318, 0.010050119832158089]"
7606,0,49.72%,88.62%,1.8593,"[0.15209609270095825, 0.8479039669036865]"
7607,0,49.71%,88.62%,0.0093,"[0.9907751679420471, 0.00922481995075941]"
7608,1,49.72%,88.62%,0.1835,"[0.1974206566810608, 0.8025793433189392]"
7609,0,49.71%,88.62%,1.1212,"[0.9802203178405762, 0.019779693335294724]"
7610,0,49.70%,88.62%,0.0093,"[0.9907394647598267, 0.009260511957108974]"
7611,1,49.71%,88.62%,0.2003,"[0.15428321063518524, 0.8457167744636536]"
7612,0,49.70%,88.62%,0.0094,"[0.9906190633773804, 0.009380938485264778]"
7613,0,49.70%,88.63%,0.0093,"[0.9907743334770203, 0.00922565720975399]"
7614,0,49.69%,88.63%,0.0095,"[0.9905344247817993, 0.009465627372264862]"
7615,1,49.70%,88.63%,0.1835,"[0.1703772097826004, 0.8296228051185608]"
7616,1,49.70%,88.63%,0.1836,"[0.1725233644247055, 0.8274766206741333]"
7617,1,49.71%,88.63%,0.1649,"[0.1671992689371109, 0.8328007459640503]"
7618,0,49.70%,88.63%,0.0092,"[0.9908140301704407, 0.009186026640236378]"
7619,1,49.71%,88.64%,0.2415,"[0.20286601781845093, 0.7971339225769043]"
7620,1,49.72%,88.64%,0.1921,"[0.2035066783428192, 0.7964933514595032]"
7621,0,49.71%,88.64%,0.0092,"[0.9908289909362793, 0.009170987643301487]"
7622,1,49.72%,88.64%,0.1821,"[0.20565897226333618, 0.7943410277366638]"
7623,0,49.71%,88.64%,0.0097,"[0.9903230667114258, 0.00967691745609045]"
7624,1,49.72%,88.64%,0.1125,"[0.1059352308511734, 0.894064724445343]"
7625,1,49.72%,88.64%,0.1381,"[0.13267983496189117, 0.86732017993927]"
7626,0,49.72%,88.63%,0.4132,"[0.31977900862693787, 0.6802209615707397]"
7627,0,49.71%,88.63%,0.0104,"[0.9895204305648804, 0.010479562915861607]"
7628,0,49.71%,88.64%,0.0092,"[0.9907953143119812, 0.009204658679664135]"
7629,1,49.71%,88.64%,0.1197,"[0.11242426186800003, 0.8875757455825806]"
7630,1,49.72%,88.64%,0.156,"[0.1431543380022049, 0.8568456768989563]"
7631,0,49.71%,88.64%,0.0094,"[0.9906947612762451, 0.00930526852607727]"
7632,0,49.71%,88.64%,0.0092,"[0.9908599853515625, 0.00913992803543806]"
7633,1,49.71%,88.64%,0.1272,"[0.11695065349340439, 0.8830493688583374]"
7634,0,49.71%,88.64%,0.0094,"[0.9905971884727478, 0.0094028040766716]"
7635,0,49.70%,88.65%,0.0122,"[0.9863494038581848, 0.01365058682858944]"
7636,1,49.71%,88.65%,0.1165,"[0.10937439650297165, 0.890625536441803]"
7637,1,49.71%,88.65%,0.111,"[0.10580383986234665, 0.8941961526870728]"
7638,0,49.71%,88.65%,0.0097,"[0.9904565215110779, 0.00954346638172865]"
7639,1,49.71%,88.65%,0.1106,"[0.10523899644613266, 0.8947609663009644]"
7640,1,49.72%,88.65%,0.1299,"[0.12529169023036957, 0.8747082948684692]"
7641,1,49.73%,88.65%,0.1157,"[0.11038646101951599, 0.8896135091781616]"
7642,1,49.73%,88.66%,0.1245,"[0.11823895573616028, 0.8817610144615173]"
7643,0,49.73%,88.66%,0.1462,"[0.5493375062942505, 0.4506624639034271]"
7644,0,49.72%,88.66%,0.0093,"[0.9907628893852234, 0.009237171150743961]"
7645,0,49.71%,88.66%,0.0094,"[0.9905665516853333, 0.009433428756892681]"
7646,0,49.71%,88.66%,0.0339,"[0.9748991131782532, 0.025100870057940483]"
7647,1,49.71%,88.66%,0.1081,"[0.10264384746551514, 0.8973561525344849]"
7648,1,49.72%,88.67%,0.2332,"[0.20926342904567719, 0.7907365560531616]"
7649,1,49.73%,88.67%,0.1182,"[0.110733263194561, 0.8892667293548584]"
7650,0,49.72%,88.66%,2.0954,"[0.12903034687042236, 0.8709695935249329]"
7651,0,49.71%,88.66%,0.0093,"[0.9907023906707764, 0.009297667071223259]"
7652,0,49.71%,88.66%,0.0094,"[0.9906595945358276, 0.009340448305010796]"
7653,1,49.71%,88.66%,0.1183,"[0.1108260378241539, 0.8891739845275879]"
7654,0,49.71%,88.66%,0.0088,"[0.9911946058273315, 0.00880535040050745]"
7655,1,49.71%,88.66%,0.1168,"[0.1133282259106636, 0.8866717219352722]"
7656,1,49.72%,88.66%,0.3452,"[0.20304685831069946, 0.7969532012939453]"
7657,0,49.71%,88.67%,0.0088,"[0.9912390112876892, 0.008760998956859112]"
7658,0,49.71%,88.65%,2.0555,"[0.12703175842761993, 0.8729681968688965]"
7659,0,49.70%,88.66%,0.0088,"[0.9912530779838562, 0.00874687172472477]"
7660,0,49.69%,88.66%,0.0091,"[0.9909137487411499, 0.00908626988530159]"
7661,1,49.70%,88.66%,0.1347,"[0.12537124752998352, 0.8746287226676941]"
7662,0,49.69%,88.65%,2.1332,"[0.11780890822410583, 0.8821911215782166]"
7663,0,49.69%,88.65%,0.0091,"[0.9909989833831787, 0.009000982157886028]"
7664,0,49.68%,88.64%,2.103,"[0.12483309209346771, 0.8751669526100159]"
7665,1,49.69%,88.64%,0.1346,"[0.12261492013931274, 0.877385139465332]"
7666,1,49.69%,88.64%,0.1175,"[0.11035753041505814, 0.8896424770355225]"
7667,1,49.70%,88.63%,0.2186,"[0.9620466232299805, 0.03795331344008446]"
7668,0,49.69%,88.63%,0.0095,"[0.9904783964157104, 0.009521599858999252]"
7669,0,49.69%,88.63%,0.0101,"[0.9902893304824829, 0.009710732847452164]"
7670,0,49.68%,88.63%,0.0095,"[0.9905661940574646, 0.009433749131858349]"
7671,1,49.69%,88.63%,0.185,"[0.17700468003749847, 0.8229953646659851]"
7672,1,49.69%,88.64%,0.1585,"[0.14824235439300537, 0.8517577052116394]"
7673,0,49.69%,88.62%,1.7926,"[0.16215820610523224, 0.837841808795929]"
7674,0,49.68%,88.61%,1.7551,"[0.16746562719345093, 0.8325343728065491]"
7675,1,49.69%,88.61%,0.1455,"[0.13616786897182465, 0.8638321161270142]"
7676,1,49.69%,88.62%,0.1801,"[0.16515691578388214, 0.834843099117279]"
7677,0,49.69%,88.60%,1.806,"[0.1824280172586441, 0.8175719380378723]"
7678,0,49.68%,88.61%,0.0095,"[0.9905162453651428, 0.009483715519309044]"
7679,0,49.67%,88.61%,0.0092,"[0.9908328652381897, 0.00916715431958437]"
7680,1,49.68%,88.61%,0.1959,"[0.16896837949752808, 0.8310316801071167]"
7681,0,49.67%,88.61%,0.0091,"[0.990975558757782, 0.009024483151733875]"
7682,1,49.68%,88.61%,0.3943,"[0.335811585187912, 0.6641883850097656]"
7683,0,49.67%,88.61%,0.0092,"[0.9908772110939026, 0.009122801013290882]"
7684,1,49.68%,88.61%,0.4678,"[0.3724910318851471, 0.6275089979171753]"
7685,0,49.67%,88.62%,0.0092,"[0.9908532500267029, 0.009146727621555328]"
7686,0,49.67%,88.62%,0.0091,"[0.9909312725067139, 0.009068666025996208]"
7687,0,49.66%,88.62%,0.0093,"[0.9907498955726624, 0.009250150062143803]"
7688,0,49.66%,88.62%,0.0094,"[0.9906627535820007, 0.009337253868579865]"
7689,1,49.66%,88.62%,0.2544,"[0.2229691743850708, 0.7770308256149292]"
7690,0,49.66%,88.62%,0.3886,"[0.9149166345596313, 0.08508341759443283]"
7691,1,49.66%,88.62%,0.1947,"[0.1811569631099701, 0.8188430070877075]"
7692,1,49.67%,88.63%,0.2154,"[0.19409407675266266, 0.8059059381484985]"
7693,0,49.66%,88.63%,0.0093,"[0.9907333850860596, 0.009266555309295654]"
7694,0,49.66%,88.63%,0.0092,"[0.9908040761947632, 0.009195934981107712]"
7695,1,49.66%,88.63%,0.201,"[0.18291328847408295, 0.8170867562294006]"
7696,1,49.67%,88.63%,0.2053,"[0.1876436024904251, 0.8123563528060913]"
7697,0,49.66%,88.63%,0.0091,"[0.9909805655479431, 0.009019387885928154]"
7698,0,49.66%,88.63%,0.0096,"[0.9903311729431152, 0.009668800048530102]"
7699,0,49.65%,88.64%,0.0121,"[0.9872870445251465, 0.012712930329144001]"
7700,0,49.64%,88.64%,0.0095,"[0.9905277490615845, 0.0094722555950284]"
7701,0,49.64%,88.64%,0.0098,"[0.9902465343475342, 0.00975354015827179]"
7702,1,49.64%,88.64%,0.1624,"[0.14941155910491943, 0.8505884408950806]"
7703,0,49.64%,88.64%,0.0091,"[0.990961492061615, 0.009038489311933517]"
7704,0,49.63%,88.64%,0.0097,"[0.9903076887130737, 0.009692353196442127]"
7705,0,49.62%,88.63%,1.9951,"[0.13661488890647888, 0.8633850812911987]"
7706,1,49.63%,88.63%,0.152,"[0.14281612634658813, 0.8571838736534119]"
7707,0,49.62%,88.64%,0.0091,"[0.9909551739692688, 0.009044786915183067]"
7708,0,49.62%,88.64%,0.009,"[0.9909995198249817, 0.009000489488244057]"
7709,0,49.61%,88.64%,0.0091,"[0.990974485874176, 0.009025557897984982]"
7710,0,49.60%,88.64%,0.0091,"[0.9909594058990479, 0.009040635079145432]"
7711,1,49.61%,88.64%,0.174,"[0.17151834070682526, 0.8284816741943359]"
7712,0,49.60%,88.64%,0.0092,"[0.9908711314201355, 0.009128827601671219]"
7713,1,49.61%,88.64%,0.1361,"[0.12733063101768494, 0.8726693987846375]"
7714,0,49.60%,88.65%,0.009,"[0.99101322889328, 0.008986813947558403]"
7715,1,49.61%,88.65%,0.1271,"[0.11932950466871262, 0.880670428276062]"
7716,0,49.60%,88.65%,0.009,"[0.9910451769828796, 0.008954781107604504]"
7717,0,49.60%,88.65%,0.009,"[0.9910049438476562, 0.008995081298053265]"
7718,1,49.60%,88.65%,0.1209,"[0.11429030448198318, 0.8857097029685974]"
7719,1,49.61%,88.65%,0.1395,"[0.1330176293849945, 0.8669824004173279]"
7720,0,49.60%,88.65%,0.0096,"[0.9904569983482361, 0.0095429802313447]"
7721,1,49.61%,88.66%,0.1574,"[0.14632536470890045, 0.853674590587616]"
7722,0,49.61%,88.66%,0.0091,"[0.9909694790840149, 0.009030553512275219]"
7723,1,49.61%,88.66%,0.194,"[0.13918013870716095, 0.8608198761940002]"
7724,1,49.62%,88.66%,0.1207,"[0.11239205300807953, 0.887607991695404]"
7725,1,49.62%,88.66%,0.1481,"[0.137849822640419, 0.862150251865387]"
7726,0,49.62%,88.66%,0.0093,"[0.9908503293991089, 0.009149703197181225]"
7727,0,49.61%,88.66%,0.013,"[0.9879427552223206, 0.012057267129421234]"
7728,0,49.61%,88.67%,0.0092,"[0.9908227920532227, 0.009177220985293388]"
7729,1,49.61%,88.67%,0.1252,"[0.11834970861673355, 0.8816502690315247]"
7730,1,49.62%,88.67%,0.1397,"[0.12967990338802338, 0.8703200817108154]"
7731,1,49.62%,88.67%,0.1327,"[0.12472506612539291, 0.8752749562263489]"
7732,1,49.63%,88.67%,0.1323,"[0.1227046549320221, 0.8772953748703003]"
7733,0,49.63%,88.67%,0.0146,"[0.9312855005264282, 0.06871455907821655]"
7734,1,49.63%,88.67%,0.1166,"[0.11042439937591553, 0.8895756006240845]"
7735,1,49.64%,88.68%,0.1614,"[0.15182512998580933, 0.8481748700141907]"
7736,0,49.63%,88.68%,0.0089,"[0.9911513924598694, 0.008848622441291809]"
7737,0,49.63%,88.68%,0.0095,"[0.9907288551330566, 0.009271162562072277]"
7738,0,49.62%,88.67%,2.1755,"[0.11236988008022308, 0.8876301050186157]"
7739,1,49.63%,88.67%,0.1139,"[0.10751590132713318, 0.8924841284751892]"
7740,1,49.63%,88.67%,0.129,"[0.12088041007518768, 0.8791195750236511]"
7741,1,49.64%,88.67%,0.1189,"[0.11328516900539398, 0.8867148756980896]"
7742,1,49.64%,88.67%,0.133,"[0.12803596258163452, 0.8719640374183655]"
7743,0,49.64%,88.68%,0.0091,"[0.9909502863883972, 0.00904969871044159]"
7744,0,49.63%,88.68%,0.0102,"[0.9899001717567444, 0.01009981706738472]"
7745,1,49.64%,88.68%,0.113,"[0.10715585947036743, 0.8928441405296326]"
7746,0,49.63%,88.68%,0.0092,"[0.9909420609474182, 0.0090579092502594]"
7747,0,49.63%,88.67%,1.2865,"[0.42835432291030884, 0.5716456174850464]"
7748,0,49.62%,88.66%,2.2032,"[0.11114832758903503, 0.8888517022132874]"
7749,1,49.63%,88.66%,0.1122,"[0.1065041571855545, 0.8934958577156067]"
7750,1,49.63%,88.66%,0.1184,"[0.11361502856016159, 0.8863849639892578]"
7751,0,49.63%,88.65%,1.678,"[0.18118491768836975, 0.8188150525093079]"
7752,0,49.62%,88.65%,0.0104,"[0.9897521734237671, 0.010247857309877872]"
7753,0,49.61%,88.65%,0.0593,"[0.941297709941864, 0.05870230123400688]"
7754,0,49.61%,88.65%,0.011,"[0.9889588356018066, 0.0110411262139678]"
7755,0,49.60%,88.65%,0.0106,"[0.9895042181015015, 0.010495804250240326]"
7756,0,49.59%,88.66%,0.0106,"[0.9892584681510925, 0.010741493664681911]"
7757,0,49.59%,88.66%,0.4421,"[0.6317031383514404, 0.36829695105552673]"
7758,0,49.58%,88.65%,2.0649,"[0.12507611513137817, 0.8749239444732666]"
7759,0,49.57%,88.65%,1.3975,"[0.6263654232025146, 0.37363454699516296]"
7760,0,49.57%,88.64%,1.956,"[0.1376653015613556, 0.862334668636322]"
7761,1,49.57%,88.64%,0.1521,"[0.14470519125461578, 0.8552947640419006]"
7762,1,49.58%,88.64%,0.3091,"[0.2380024492740631, 0.7619975805282593]"
7763,1,49.59%,88.64%,0.2521,"[0.2718867361545563, 0.7281132340431213]"
7764,0,49.58%,88.64%,0.009,"[0.991050124168396, 0.00894989911466837]"
7765,1,49.59%,88.64%,0.1757,"[0.15393207967281342, 0.8460679650306702]"
7766,1,49.59%,88.64%,0.2382,"[0.1791858822107315, 0.8208141326904297]"
7767,1,49.60%,88.65%,0.144,"[0.13985498249530792, 0.8601449728012085]"
7768,1,49.61%,88.65%,0.1841,"[0.16574563086032867, 0.8342543840408325]"
7769,0,49.60%,88.65%,0.009,"[0.9910745024681091, 0.008925486356019974]"
7770,1,49.61%,88.65%,0.1744,"[0.1616542786359787, 0.8383457064628601]"
7771,1,49.61%,88.65%,0.4305,"[0.30318281054496765, 0.6968172788619995]"
7772,1,49.62%,88.65%,0.1775,"[0.1594044268131256, 0.8405956029891968]"
7773,0,49.61%,88.65%,0.0226,"[0.9821639060974121, 0.01783606968820095]"
7774,0,49.61%,88.66%,0.0091,"[0.9909366965293884, 0.009063302539288998]"
7775,1,49.61%,88.66%,0.1929,"[0.17568133771419525, 0.8243186473846436]"
7776,0,49.61%,88.65%,1.8506,"[0.1604594737291336, 0.8395404815673828]"
7777,0,49.60%,88.63%,1.7134,"[0.1809035986661911, 0.8190963864326477]"
7778,1,49.61%,88.64%,0.1819,"[0.1649123877286911, 0.8350875973701477]"
7779,0,49.60%,88.64%,0.0098,"[0.9901931285858154, 0.009806937538087368]"
7780,0,49.60%,88.64%,0.0091,"[0.9909616112709045, 0.009038404561579227]"
7781,0,49.59%,88.64%,0.011,"[0.9886125922203064, 0.011387426406145096]"
7782,0,49.58%,88.64%,0.0106,"[0.9895555377006531, 0.010444484651088715]"
7783,1,49.59%,88.63%,0.7468,"[0.5961872339248657, 0.4038127362728119]"
7784,1,49.60%,88.63%,0.1431,"[0.13309894502162933, 0.8669010400772095]"
7785,0,49.59%,88.63%,0.009,"[0.991018533706665, 0.00898150634020567]"
7786,1,49.60%,88.63%,0.1331,"[0.1250944286584854, 0.8749055862426758]"
7787,1,49.60%,88.64%,0.1337,"[0.12525172531604767, 0.8747482895851135]"
7788,0,49.60%,88.64%,0.0091,"[0.9909874796867371, 0.009012559428811073]"
7789,1,49.60%,88.64%,0.1699,"[0.1546749472618103, 0.8453251123428345]"
7790,1,49.61%,88.64%,0.2072,"[0.1809108406305313, 0.8190891146659851]"
7791,0,49.60%,88.64%,0.0091,"[0.9909867644309998, 0.009013248607516289]"
7792,0,49.60%,88.64%,0.0091,"[0.9909517765045166, 0.009048267267644405]"
7793,0,49.59%,88.65%,0.009,"[0.9910355806350708, 0.008964392356574535]"
7794,1,49.60%,88.65%,0.1414,"[0.13279105722904205, 0.8672090172767639]"
7795,1,49.60%,88.65%,0.1301,"[0.1215263083577156, 0.878473699092865]"
7796,1,49.61%,88.65%,0.1742,"[0.16281621158123016, 0.8371837735176086]"
7797,0,49.60%,88.65%,0.0092,"[0.9908314347267151, 0.00916850846260786]"
7798,0,49.60%,88.65%,0.0091,"[0.9909942746162415, 0.009005764499306679]"
7799,0,49.59%,88.65%,0.0091,"[0.990996241569519, 0.009003713726997375]"
7800,1,49.60%,88.66%,0.1275,"[0.1188020259141922, 0.8811979293823242]"
7801,1,49.60%,88.66%,0.1364,"[0.13305123150348663, 0.8669487237930298]"
7802,1,49.61%,88.66%,0.1704,"[0.1586819738149643, 0.8413180112838745]"
7803,0,49.60%,88.66%,0.0094,"[0.990757405757904, 0.009242570027709007]"
7804,1,49.61%,88.66%,0.1491,"[0.13926862180233002, 0.8607313632965088]"
7805,1,49.62%,88.66%,0.1478,"[0.1360010951757431, 0.8639988303184509]"
7806,0,49.61%,88.66%,0.0091,"[0.9909431338310242, 0.009056847542524338]"
7807,0,49.60%,88.67%,0.009,"[0.9910451769828796, 0.008954823948442936]"
7808,0,49.60%,88.67%,0.0104,"[0.9896606206893921, 0.010339378379285336]"
7809,1,49.60%,88.67%,0.1471,"[0.1415589153766632, 0.8584410548210144]"
7810,0,49.60%,88.67%,0.0092,"[0.990921676158905, 0.009078352712094784]"
7811,0,49.59%,88.67%,0.0102,"[0.9897950291633606, 0.010204988531768322]"
7812,1,49.60%,88.67%,0.1207,"[0.11416499316692352, 0.8858350515365601]"
7813,0,49.59%,88.67%,0.0095,"[0.9905523061752319, 0.009447711519896984]"
7814,0,49.58%,88.68%,0.0092,"[0.9908926486968994, 0.009107309393584728]"
7815,0,49.58%,88.68%,0.0095,"[0.9905675053596497, 0.00943251047283411]"
7816,1,49.58%,88.68%,0.1595,"[0.14462479948997498, 0.8553751707077026]"
7817,1,49.59%,88.68%,0.1353,"[0.12628526985645294, 0.8737147450447083]"
7818,0,49.58%,88.68%,0.0089,"[0.9910709857940674, 0.008929030038416386]"
7819,0,49.58%,88.67%,2.1357,"[0.11910340934991837, 0.8808965682983398]"
7820,0,49.57%,88.67%,0.0091,"[0.9909440279006958, 0.0090559097006917]"
7821,0,49.57%,88.67%,0.0088,"[0.9912078380584717, 0.008792134933173656]"
7822,1,49.57%,88.67%,0.1311,"[0.12016765028238297, 0.8798323273658752]"
7823,0,49.57%,88.68%,0.0089,"[0.9911661744117737, 0.008833889849483967]"
7824,0,49.56%,88.68%,0.0089,"[0.9911490678787231, 0.008850918151438236]"
7825,1,49.57%,88.68%,0.1378,"[0.12444648891687393, 0.8755534887313843]"
7826,1,49.57%,88.68%,0.1321,"[0.12462642043828964, 0.8753736019134521]"
7827,0,49.57%,88.68%,0.009,"[0.991040050983429, 0.008959932252764702]"
7828,0,49.56%,88.68%,0.0088,"[0.9912018775939941, 0.008798116818070412]"
7829,0,49.55%,88.67%,2.113,"[0.12246539443731308, 0.8775346279144287]"
7830,1,49.56%,88.67%,0.1273,"[0.11939307302236557, 0.8806069493293762]"
7831,0,49.55%,88.67%,0.0094,"[0.990627646446228, 0.009372367523610592]"
7832,0,49.55%,88.68%,0.0096,"[0.9903392195701599, 0.009660731069743633]"
7833,1,49.55%,88.68%,0.1388,"[0.13218259811401367, 0.8678174614906311]"
7834,0,49.55%,88.68%,0.0093,"[0.9907345771789551, 0.009265439584851265]"
7835,1,49.55%,88.68%,0.1298,"[0.12277206033468246, 0.8772279620170593]"
7836,1,49.56%,88.68%,0.1423,"[0.13262078166007996, 0.8673791885375977]"
7837,0,49.55%,88.68%,0.0089,"[0.9911864399909973, 0.008813596330583096]"
7838,1,49.56%,88.68%,0.1203,"[0.11417452245950699, 0.885825514793396]"
7839,1,49.57%,88.69%,0.126,"[0.1202344074845314, 0.8797655701637268]"
7840,1,49.57%,88.69%,0.1372,"[0.12748152017593384, 0.8725184798240662]"
7841,1,49.58%,88.69%,0.1341,"[0.129094660282135, 0.870905339717865]"
7842,0,49.57%,88.69%,0.01,"[0.9901840090751648, 0.009815961122512817]"
7843,1,49.58%,88.69%,0.1254,"[0.11707541346549988, 0.8829245567321777]"
7844,0,49.57%,88.69%,0.009,"[0.9910448789596558, 0.008955196477472782]"
7845,1,49.58%,88.69%,0.1534,"[0.1458219736814499, 0.8541780114173889]"
7846,0,49.57%,88.70%,0.0087,"[0.9913007616996765, 0.008699278347194195]"
7847,1,49.58%,88.70%,0.126,"[0.11850278079509735, 0.8814972639083862]"
7848,1,49.59%,88.70%,0.1193,"[0.11371000111103058, 0.8862900137901306]"
7849,1,49.59%,88.70%,0.1267,"[0.12145815044641495, 0.878541886806488]"
7850,1,49.60%,88.70%,0.1243,"[0.1192580983042717, 0.8807419538497925]"
7851,0,49.59%,88.69%,1.1861,"[0.49161818623542786, 0.5083817839622498]"
7852,0,49.59%,88.69%,0.0087,"[0.9912765026092529, 0.008723469451069832]"
7853,1,49.59%,88.69%,0.1222,"[0.11437448859214783, 0.8856255412101746]"
7854,1,49.60%,88.70%,0.1212,"[0.11469101905822754, 0.8853089809417725]"
7855,0,49.59%,88.68%,1.9409,"[0.14598315954208374, 0.8540168404579163]"
7856,1,49.60%,88.69%,0.1244,"[0.1159619390964508, 0.8840380907058716]"
7857,1,49.61%,88.69%,0.1148,"[0.10834154486656189, 0.8916584849357605]"
7858,0,49.60%,88.69%,0.0089,"[0.9911800026893616, 0.008820009417831898]"
7859,0,49.59%,88.69%,0.0092,"[0.9908663630485535, 0.009133712388575077]"
7860,0,49.59%,88.69%,0.0091,"[0.9909272193908691, 0.009072842076420784]"
7861,0,49.58%,88.69%,0.009,"[0.9910922646522522, 0.008907745592296124]"
7862,0,49.57%,88.69%,0.0101,"[0.9899951219558716, 0.01000488642603159]"
7863,0,49.57%,88.68%,2.1209,"[0.11827275902032852, 0.8817272186279297]"
7864,1,49.57%,88.68%,0.1373,"[0.12479174882173538, 0.8752081990242004]"
7865,0,49.57%,88.69%,0.0088,"[0.9912915825843811, 0.00870842020958662]"
7866,1,49.57%,88.69%,0.1194,"[0.11270171403884888, 0.8872982263565063]"
7867,1,49.58%,88.69%,0.1209,"[0.11470396816730499, 0.8852959871292114]"
7868,0,49.57%,88.69%,0.0087,"[0.9913569688796997, 0.008643067441880703]"
7869,0,49.57%,88.69%,0.0087,"[0.9913477301597595, 0.008652247488498688]"
7870,1,49.57%,88.69%,0.1988,"[0.15244674682617188, 0.8475531935691833]"
7871,0,49.57%,88.69%,0.0087,"[0.9913135170936584, 0.008686508052051067]"
7872,0,49.56%,88.70%,0.0087,"[0.991346538066864, 0.008653417229652405]"
7873,0,49.56%,88.70%,0.0088,"[0.991263747215271, 0.00873632077127695]"
7874,1,49.56%,88.70%,0.1479,"[0.13446761667728424, 0.8655323386192322]"
7875,1,49.57%,88.70%,0.1219,"[0.1126847043633461, 0.8873153328895569]"
7876,1,49.57%,88.70%,0.1383,"[0.13167737424373627, 0.8683226108551025]"
7877,1,49.58%,88.70%,0.1324,"[0.1264483779668808, 0.873551607131958]"
7878,0,49.57%,88.70%,0.0087,"[0.9913309812545776, 0.008669025264680386]"
7879,1,49.58%,88.71%,0.1474,"[0.1391873061656952, 0.8608127236366272]"
7880,1,49.59%,88.71%,0.1198,"[0.11265451461076736, 0.8873454332351685]"
7881,1,49.59%,88.71%,0.119,"[0.11145094037055969, 0.8885490894317627]"
7882,1,49.60%,88.71%,0.1546,"[0.14019621908664703, 0.8598037362098694]"
7883,0,49.59%,88.71%,0.0086,"[0.9914615154266357, 0.008538535796105862]"
7884,0,49.59%,88.71%,0.0088,"[0.9912140965461731, 0.008785896003246307]"
7885,0,49.58%,88.71%,0.0087,"[0.9912419319152832, 0.008758004754781723]"
7886,0,49.58%,88.72%,0.0087,"[0.9913614392280579, 0.008638602681457996]"
7887,0,49.57%,88.72%,0.0089,"[0.9911443591117859, 0.008855663239955902]"
7888,0,49.56%,88.72%,0.0096,"[0.9904544949531555, 0.009545444510877132]"
7889,1,49.57%,88.72%,0.1143,"[0.10830707848072052, 0.8916928768157959]"
7890,1,49.58%,88.72%,0.1141,"[0.10815469175577164, 0.8918453454971313]"
7891,1,49.58%,88.72%,0.1259,"[0.12000557035207748, 0.8799943923950195]"
7892,0,49.58%,88.72%,0.0086,"[0.991447925567627, 0.008552049286663532]"
7893,1,49.58%,88.73%,0.1126,"[0.10671254992485046, 0.8932874798774719]"
7894,0,49.58%,88.73%,0.0086,"[0.9914843440055847, 0.008515669964253902]"
7895,1,49.58%,88.73%,0.1304,"[0.12351425737142563, 0.8764857053756714]"
7896,1,49.59%,88.73%,0.1976,"[0.18640927970409393, 0.8135907649993896]"
7897,1,49.59%,88.73%,0.1263,"[0.11853895336389542, 0.8814610242843628]"
7898,1,49.60%,88.73%,0.1207,"[0.1125866174697876, 0.8874133825302124]"
7899,0,49.59%,88.73%,0.0087,"[0.9913309812545776, 0.008669008500874043]"
7900,1,49.60%,88.74%,0.1235,"[0.11549865454435349, 0.8845013380050659]"
7901,0,49.60%,88.74%,0.0086,"[0.9914671182632446, 0.00853282492607832]"
7902,1,49.60%,88.74%,0.1257,"[0.1191311925649643, 0.8808687925338745]"
7903,1,49.61%,88.74%,0.1124,"[0.10619157552719116, 0.8938083648681641]"
7904,1,49.61%,88.74%,0.1314,"[0.12326961010694504, 0.8767303824424744]"
7905,1,49.62%,88.74%,0.1192,"[0.11272823065519333, 0.8872717618942261]"
7906,0,49.61%,88.73%,1.3402,"[0.3810850977897644, 0.6189149022102356]"
7907,1,49.62%,88.73%,0.118,"[0.11037161946296692, 0.8896283507347107]"
7908,0,49.61%,88.72%,1.9084,"[0.15504954755306244, 0.8449504375457764]"
7909,1,49.62%,88.72%,0.11,"[0.10353563725948334, 0.8964643478393555]"
7910,1,49.63%,88.72%,0.1249,"[0.11697327345609665, 0.8830267190933228]"
7911,0,49.62%,88.73%,0.0084,"[0.9916682243347168, 0.008331806398928165]"
7912,1,49.63%,88.73%,0.1116,"[0.10535777360200882, 0.894642174243927]"
7913,1,49.63%,88.73%,0.1106,"[0.10469797253608704, 0.8953020572662354]"
7914,1,49.64%,88.73%,0.6541,"[0.35434427857398987, 0.6456556916236877]"
7915,1,49.65%,88.73%,0.1118,"[0.10568024218082428, 0.8943197131156921]"
7916,1,49.65%,88.73%,0.1278,"[0.11880405247211456, 0.8811959028244019]"
7917,0,49.65%,88.72%,2.0953,"[0.12445254623889923, 0.875547468662262]"
7918,1,49.65%,88.72%,0.131,"[0.13073348999023438, 0.8692665100097656]"
7919,0,49.65%,88.72%,0.0084,"[0.9916018843650818, 0.008398152887821198]"
7920,1,49.65%,88.73%,0.1491,"[0.14511296153068542, 0.8548870086669922]"
7921,0,49.65%,88.73%,0.0086,"[0.9914618730545044, 0.008538096211850643]"
7922,0,49.64%,88.73%,0.0087,"[0.9913768768310547, 0.008623135276138783]"
7923,0,49.63%,88.73%,0.0084,"[0.9915664792060852, 0.008433480747044086]"
7924,1,49.64%,88.73%,0.1249,"[0.12402496486902237, 0.8759750723838806]"
7925,1,49.65%,88.73%,0.1152,"[0.10802138596773148, 0.8919785618782043]"
7926,0,49.64%,88.72%,2.0494,"[0.12203588336706161, 0.8779640793800354]"
7927,0,49.63%,88.72%,0.0084,"[0.9916286468505859, 0.008371368050575256]"
7928,0,49.63%,88.72%,0.0088,"[0.9912922978401184, 0.008707637898623943]"
7929,0,49.62%,88.73%,0.0085,"[0.9915115237236023, 0.00848840456455946]"
7930,0,49.62%,88.72%,2.0671,"[0.1330181211233139, 0.8669818639755249]"
7931,0,49.61%,88.72%,0.0085,"[0.9914660453796387, 0.00853387825191021]"
7932,1,49.62%,88.72%,0.1807,"[0.13842378556728363, 0.8615761399269104]"
7933,1,49.62%,88.72%,0.5424,"[0.36978551745414734, 0.6302144527435303]"
7934,1,49.63%,88.72%,0.1363,"[0.11973130702972412, 0.8802686333656311]"
7935,0,49.62%,88.72%,0.0093,"[0.9908046722412109, 0.00919530913233757]"
7936,1,49.63%,88.72%,0.1855,"[0.16628101468086243, 0.83371901512146]"
7937,0,49.62%,88.73%,0.0086,"[0.9914701581001282, 0.008529881946742535]"
7938,1,49.63%,88.73%,0.1279,"[0.11878121644258499, 0.8812187910079956]"
7939,1,49.63%,88.73%,0.1233,"[0.11526583135128021, 0.8847341537475586]"
7940,1,49.64%,88.73%,0.131,"[0.12157177180051804, 0.8784282207489014]"
7941,1,49.65%,88.73%,0.1232,"[0.11646977066993713, 0.8835302591323853]"
7942,1,49.65%,88.73%,0.1718,"[0.14725153148174286, 0.8527485132217407]"
7943,1,49.66%,88.73%,0.1248,"[0.11752041429281235, 0.8824795484542847]"
7944,0,49.65%,88.74%,0.0091,"[0.9910005927085876, 0.008999425917863846]"
7945,0,49.65%,88.74%,0.0156,"[0.9844722151756287, 0.015527807176113129]"
7946,0,49.64%,88.74%,0.1563,"[0.937443196773529, 0.06255685538053513]"
7947,0,49.64%,88.74%,0.0085,"[0.991520345211029, 0.008479644544422626]"
7948,0,49.63%,88.73%,2.1072,"[0.1211765930056572, 0.878823459148407]"
7949,0,49.62%,88.73%,0.0091,"[0.990916907787323, 0.00908310990780592]"
7950,1,49.63%,88.73%,0.1359,"[0.12753178179264069, 0.8724681735038757]"
7951,1,49.64%,88.73%,0.1485,"[0.1332249641418457, 0.8667750358581543]"
7952,1,49.64%,88.73%,0.1206,"[0.11520835012197495, 0.8847916722297668]"
7953,1,49.65%,88.74%,0.1209,"[0.11379200220108032, 0.8862079381942749]"
7954,1,49.65%,88.74%,0.1175,"[0.11163388937711716, 0.8883660435676575]"
7955,0,49.65%,88.74%,0.0087,"[0.9914184808731079, 0.008581476286053658]"
7956,0,49.64%,88.73%,1.7309,"[0.18413284420967102, 0.8158671259880066]"
7957,1,49.65%,88.73%,0.1489,"[0.137522891163826, 0.8624771237373352]"
7958,0,49.64%,88.73%,0.0084,"[0.9915844202041626, 0.008415604010224342]"
7959,1,49.65%,88.73%,0.2712,"[0.31078293919563293, 0.6892170906066895]"
7960,1,49.65%,88.73%,0.1191,"[0.11210297048091888, 0.8878970742225647]"
7961,0,49.65%,88.73%,0.0084,"[0.9915967583656311, 0.008403262123465538]"
7962,0,49.64%,88.74%,0.0085,"[0.9915055632591248, 0.008494495414197445]"
7963,1,49.65%,88.74%,0.1422,"[0.13402600586414337, 0.8659740090370178]"
7964,0,49.64%,88.74%,0.0084,"[0.9916774034500122, 0.008322631940245628]"
7965,1,49.65%,88.74%,0.1344,"[0.12836959958076477, 0.8716304302215576]"
7966,0,49.64%,88.74%,0.0089,"[0.9911893606185913, 0.00881070178002119]"
7967,0,49.64%,88.73%,0.7,"[0.24405810236930847, 0.7559419274330139]"
7968,1,49.64%,88.73%,0.1186,"[0.11038316041231155, 0.889616847038269]"
7969,0,49.64%,88.73%,0.0084,"[0.9916227459907532, 0.008377215825021267]"
7970,0,49.63%,88.73%,0.0083,"[0.991702139377594, 0.00829789787530899]"
7971,1,49.64%,88.74%,0.1602,"[0.13620011508464813, 0.8637999296188354]"
7972,1,49.64%,88.74%,0.122,"[0.11284094303846359, 0.8871590495109558]"
7973,0,49.64%,88.74%,0.0085,"[0.9915453791618347, 0.008454550988972187]"
7974,0,49.63%,88.74%,0.0083,"[0.9917538166046143, 0.008246184326708317]"
7975,0,49.62%,88.73%,1.9844,"[0.1516857147216797, 0.8483143448829651]"
7976,1,49.63%,88.73%,0.1401,"[0.1234988123178482, 0.876501202583313]"
7977,0,49.62%,88.73%,0.786,"[0.5790150165557861, 0.42098498344421387]"
7978,0,49.62%,88.73%,0.0084,"[0.9916737675666809, 0.008326233364641666]"
7979,0,49.61%,88.73%,0.0088,"[0.9913528561592102, 0.008647095412015915]"
7980,0,49.61%,88.74%,0.0083,"[0.9917607307434082, 0.008239221759140491]"
7981,0,49.60%,88.74%,0.1812,"[0.7473152875900269, 0.2526847720146179]"
7982,0,49.59%,88.74%,0.0085,"[0.9915539622306824, 0.00844601821154356]"
7983,1,49.60%,88.74%,0.2138,"[0.18139390647411346, 0.8186061382293701]"
7984,0,49.59%,88.74%,0.0086,"[0.9914914965629578, 0.008508478291332722]"
7985,0,49.59%,88.74%,0.0083,"[0.9917843341827393, 0.008215650916099548]"
7986,1,49.59%,88.74%,0.1878,"[0.16152706742286682, 0.8384729027748108]"
7987,0,49.59%,88.73%,1.8029,"[0.18609781563282013, 0.8139021396636963]"
7988,0,49.58%,88.73%,0.0083,"[0.9917182922363281, 0.008281676098704338]"
7989,1,49.59%,88.72%,2.2418,"[0.9470956325531006, 0.05290435254573822]"
7990,0,49.58%,88.72%,0.0086,"[0.9913960099220276, 0.008604029193520546]"
7991,0,49.57%,88.73%,0.0089,"[0.9911626577377319, 0.008837367407977581]"
7992,0,49.57%,88.73%,0.0083,"[0.9916989803314209, 0.00830101314932108]"
7993,0,49.56%,88.73%,0.0083,"[0.9917205572128296, 0.008279405534267426]"
7994,1,49.57%,88.73%,0.1568,"[0.1361832469701767, 0.8638167381286621]"
7995,0,49.56%,88.73%,0.0084,"[0.9916744828224182, 0.00832559634000063]"
7996,1,49.57%,88.73%,0.1748,"[0.20490601658821106, 0.7950939536094666]"
7997,1,49.57%,88.73%,0.2417,"[0.17213943600654602, 0.8278605937957764]"
7998,0,49.57%,88.74%,0.0085,"[0.9915819764137268, 0.008418038487434387]"
7999,0,49.56%,88.72%,1.4915,"[0.20732691884040833, 0.7926731109619141]"
8000,1,49.57%,88.73%,0.1918,"[0.1806955486536026, 0.8193044662475586]"
8001,0,49.56%,88.73%,0.0084,"[0.9916365742683411, 0.008363407105207443]"
8002,1,49.57%,88.73%,0.2904,"[0.2449602633714676, 0.7550397515296936]"
8003,0,49.56%,88.73%,0.0085,"[0.9915269017219543, 0.008473113179206848]"
8004,0,49.56%,88.73%,0.0084,"[0.9916276931762695, 0.008372286334633827]"
8005,1,49.56%,88.73%,0.144,"[0.13476204872131348, 0.8652379512786865]"
8006,1,49.57%,88.73%,0.2132,"[0.16363219916820526, 0.8363678455352783]"
8007,1,49.58%,88.74%,0.124,"[0.1162576824426651, 0.8837423920631409]"
8008,0,49.57%,88.74%,0.0089,"[0.9909864068031311, 0.009013615548610687]"
8009,1,49.58%,88.74%,0.1312,"[0.12255849689245224, 0.8774414658546448]"
8010,1,49.58%,88.74%,0.1791,"[0.1844174712896347, 0.8155825138092041]"
8011,1,49.59%,88.74%,0.1186,"[0.11201389133930206, 0.8879861235618591]"
8012,0,49.58%,88.74%,0.0086,"[0.9914755821228027, 0.008524487726390362]"
8013,1,49.59%,88.74%,0.1328,"[0.12458080798387527, 0.8754191994667053]"
8014,0,49.58%,88.75%,0.0086,"[0.9913922548294067, 0.0086077144369483]"
8015,1,49.59%,88.75%,0.1227,"[0.11543352901935577, 0.8845665454864502]"
8016,0,49.58%,88.75%,0.0243,"[0.9687048196792603, 0.031295210123062134]"
8017,1,49.59%,88.75%,0.1366,"[0.12366849184036255, 0.8763315081596375]"
8018,0,49.58%,88.75%,0.0091,"[0.9910112619400024, 0.008988689631223679]"
8019,0,49.58%,88.75%,0.01,"[0.9901242852210999, 0.009875761345028877]"
8020,0,49.57%,88.74%,2.1403,"[0.11801515519618988, 0.8819848299026489]"
8021,0,49.56%,88.74%,0.6746,"[0.7945521473884583, 0.20544791221618652]"
8022,1,49.57%,88.74%,0.1218,"[0.11553299427032471, 0.8844670057296753]"
8023,1,49.58%,88.75%,0.129,"[0.1227073222398758, 0.8772926926612854]"
8024,0,49.57%,88.74%,2.082,"[0.12628231942653656, 0.8737176656723022]"
8025,1,49.58%,88.74%,0.116,"[0.10948251932859421, 0.8905174732208252]"
8026,0,49.57%,88.74%,0.0101,"[0.990185022354126, 0.009814959019422531]"
8027,1,49.58%,88.74%,0.1443,"[0.14118404686450958, 0.8588159084320068]"
8028,0,49.57%,88.74%,0.4537,"[0.9557596445083618, 0.04424034804105759]"
8029,1,49.58%,88.74%,0.1349,"[0.1289200633764267, 0.8710799813270569]"
8030,1,49.58%,88.74%,0.1253,"[0.11935168504714966, 0.8806482553482056]"
8031,0,49.58%,88.75%,0.0084,"[0.9916746020317078, 0.008325418457388878]"
8032,1,49.58%,88.75%,0.1436,"[0.13592597842216492, 0.8640739321708679]"
8033,1,49.59%,88.75%,0.1223,"[0.11641840636730194, 0.8835815787315369]"
8034,1,49.60%,88.75%,0.1531,"[0.15343350172042847, 0.8465664982795715]"
8035,0,49.59%,88.75%,0.0085,"[0.9915424585342407, 0.008457534946501255]"
8036,0,49.58%,88.74%,1.9279,"[0.1427282989025116, 0.8572717308998108]"
8037,0,49.58%,88.74%,0.0083,"[0.9917027354240417, 0.0082972701638937]"
8038,0,49.57%,88.74%,0.0087,"[0.9912853837013245, 0.008714576251804829]"
8039,1,49.58%,88.74%,0.1246,"[0.1164003536105156, 0.8835996389389038]"
8040,1,49.58%,88.75%,0.1669,"[0.2188711315393448, 0.7811288237571716]"
8041,0,49.58%,88.75%,0.0084,"[0.9916017651557922, 0.00839826837182045]"
8042,1,49.58%,88.75%,0.1931,"[0.1724632978439331, 0.8275367021560669]"
8043,0,49.58%,88.75%,0.018,"[0.9809349179267883, 0.01906508207321167]"
8044,0,49.57%,88.75%,0.0086,"[0.991418719291687, 0.00858121644705534]"
8045,0,49.57%,88.75%,0.0084,"[0.9916360378265381, 0.008364008739590645]"
8046,0,49.56%,88.75%,0.0083,"[0.9917026162147522, 0.008297435939311981]"
8047,0,49.55%,88.75%,0.0086,"[0.9914896488189697, 0.008510353974997997]"
8048,0,49.55%,88.74%,1.8867,"[0.14844848215579987, 0.8515515327453613]"
8049,1,49.55%,88.75%,0.1378,"[0.1367916762828827, 0.8632082939147949]"
8050,1,49.56%,88.73%,3.3579,"[0.9531151056289673, 0.04688490554690361]"
8051,1,49.57%,88.74%,0.1848,"[0.16080458462238312, 0.8391954898834229]"
8052,1,49.57%,88.74%,0.1739,"[0.1772046685218811, 0.8227953314781189]"
8053,0,49.57%,88.74%,0.0092,"[0.9906039834022522, 0.009395957924425602]"
8054,1,49.57%,88.74%,0.1861,"[0.2351110279560089, 0.7648890018463135]"
8055,0,49.57%,88.74%,0.0085,"[0.9915350675582886, 0.008464919403195381]"
8056,0,49.56%,88.74%,0.0092,"[0.9909680485725403, 0.009031979367136955]"
8057,1,49.57%,88.74%,0.1816,"[0.17381250858306885, 0.8261874914169312]"
8058,0,49.56%,88.75%,0.2031,"[0.940148651599884, 0.05985136702656746]"
8059,0,49.55%,88.75%,0.0088,"[0.991258442401886, 0.008741485886275768]"
8060,1,49.56%,88.75%,0.6482,"[0.407667875289917, 0.5923320651054382]"
8061,0,49.55%,88.75%,0.0088,"[0.9913376569747925, 0.008662347681820393]"
8062,1,49.56%,88.75%,0.1248,"[0.11944663524627686, 0.8805534243583679]"
8063,0,49.55%,88.74%,2.0392,"[0.1392727792263031, 0.8607272505760193]"
8064,1,49.56%,88.74%,0.2128,"[0.19475248456001282, 0.8052474856376648]"
8065,0,49.55%,88.74%,0.0088,"[0.9912624359130859, 0.008737496100366116]"
8066,1,49.56%,88.74%,0.1344,"[0.12596449255943298, 0.8740354776382446]"
8067,0,49.55%,88.75%,0.0087,"[0.9913730621337891, 0.008626934140920639]"
8068,0,49.55%,88.75%,0.017,"[0.9730826616287231, 0.026917388662695885]"
8069,1,49.55%,88.75%,0.1484,"[0.1263008713722229, 0.8736991286277771]"
8070,0,49.55%,88.75%,0.0089,"[0.9911556243896484, 0.00884442962706089]"
8071,0,49.54%,88.75%,0.0092,"[0.9908896088600159, 0.009110317565500736]"
8072,1,49.55%,88.75%,0.1555,"[0.14452490210533142, 0.8554750680923462]"
8073,1,49.55%,88.75%,0.1245,"[0.11677131801843643, 0.8832287192344666]"
8074,1,49.56%,88.76%,0.1433,"[0.14040035009384155, 0.8595996499061584]"
8075,1,49.57%,88.76%,0.1213,"[0.11425797641277313, 0.8857420682907104]"
8076,0,49.56%,88.76%,0.0087,"[0.9913314580917358, 0.008668598718941212]"
8077,1,49.57%,88.76%,0.126,"[0.11841844022274017, 0.8815815448760986]"
8078,0,49.56%,88.75%,1.8677,"[0.23918336629867554, 0.7608166933059692]"
8079,1,49.57%,88.75%,0.2271,"[0.20835699141025543, 0.7916430234909058]"
8080,1,49.57%,88.75%,0.1301,"[0.12191727757453918, 0.8780827522277832]"
8081,0,49.57%,88.75%,0.009,"[0.9911331534385681, 0.00886679906398058]"
8082,0,49.56%,88.75%,0.0098,"[0.9903746247291565, 0.009625311940908432]"
8083,0,49.55%,88.74%,2.1195,"[0.12053120136260986, 0.8794687986373901]"
8084,1,49.56%,88.74%,0.118,"[0.11162320524454117, 0.888376772403717]"
8085,0,49.55%,88.75%,0.0094,"[0.9907220602035522, 0.009278010576963425]"
8086,0,49.55%,88.75%,0.0088,"[0.9912775754928589, 0.008722426369786263]"
8087,1,49.55%,88.75%,0.1211,"[0.11399716883897781, 0.8860028982162476]"
8088,1,49.56%,88.75%,0.1331,"[0.1252281665802002, 0.8747718334197998]"
8089,1,49.57%,88.75%,0.1237,"[0.11625199764966965, 0.883747935295105]"
8090,0,49.56%,88.75%,0.0089,"[0.9910973310470581, 0.008902747184038162]"
8091,1,49.57%,88.75%,0.1233,"[0.11572679132223129, 0.8842731714248657]"
8092,0,49.56%,88.74%,1.9933,"[0.13574986159801483, 0.864250123500824]"
8093,1,49.57%,88.74%,0.1235,"[0.11603249609470367, 0.8839675188064575]"
8094,0,49.56%,88.75%,0.0096,"[0.9905479550361633, 0.00945208128541708]"
8095,1,49.57%,88.75%,0.1627,"[0.14522045850753784, 0.8547795414924622]"
8096,0,49.56%,88.75%,0.0089,"[0.9911959171295166, 0.008804031647741795]"
8097,1,49.57%,88.75%,0.1238,"[0.11598702520132065, 0.8840129971504211]"
8098,0,49.56%,88.75%,0.0094,"[0.9906272888183594, 0.009372726082801819]"
8099,1,49.57%,88.75%,0.1341,"[0.1245599165558815, 0.8754401206970215]"
8100,1,49.57%,88.75%,0.1323,"[0.1258932203054428, 0.8741068243980408]"
8101,0,49.57%,88.76%,0.0089,"[0.9911380410194397, 0.00886191800236702]"
8102,0,49.56%,88.76%,0.0093,"[0.9907920360565186, 0.009208026342093945]"
8103,1,49.57%,88.76%,0.1329,"[0.12464438378810883, 0.87535560131073]"
8104,0,49.56%,88.76%,0.0727,"[0.9829095602035522, 0.017090467736124992]"
8105,0,49.56%,88.76%,0.0458,"[0.8581250309944153, 0.14187493920326233]"
8106,0,49.55%,88.76%,0.0106,"[0.9897944331169128, 0.010205576196312904]"
8107,1,49.56%,88.76%,0.15,"[0.13933812081813812, 0.8606618642807007]"
8108,1,49.56%,88.77%,0.1269,"[0.11936844885349274, 0.8806315064430237]"
8109,0,49.56%,88.77%,0.0089,"[0.9911738038063049, 0.008826213888823986]"
8110,1,49.56%,88.77%,0.125,"[0.11688907444477081, 0.8831109404563904]"
8111,1,49.57%,88.77%,0.2013,"[0.2036968618631363, 0.7963031530380249]"
8112,0,49.56%,88.76%,1.7638,"[0.1778687983751297, 0.8221312761306763]"
8113,1,49.57%,88.76%,0.1352,"[0.12609030306339264, 0.8739096522331238]"
8114,1,49.57%,88.76%,0.1393,"[0.12901571393013, 0.8709842562675476]"
8115,0,49.57%,88.76%,0.009,"[0.9909353852272034, 0.009064597077667713]"
8116,0,49.56%,88.76%,0.0087,"[0.9913780689239502, 0.008621875196695328]"
8117,1,49.57%,88.77%,0.2576,"[0.1870303750038147, 0.8129695653915405]"
8118,1,49.58%,88.77%,0.2613,"[0.23959067463874817, 0.7604093551635742]"
8119,1,49.58%,88.77%,0.1335,"[0.11979147791862488, 0.8802084922790527]"
8120,1,49.59%,88.77%,0.1799,"[0.15554791688919067, 0.8444520831108093]"
8121,1,49.59%,88.77%,0.158,"[0.16813623905181885, 0.8318637609481812]"
8122,0,49.59%,88.77%,0.0102,"[0.9894143342971802, 0.01058571133762598]"
8123,0,49.58%,88.77%,0.0089,"[0.9911439418792725, 0.00885609071701765]"
8124,0,49.58%,88.78%,0.0088,"[0.9912609457969666, 0.008739099837839603]"
8125,0,49.57%,88.78%,0.0088,"[0.9911779761314392, 0.008822009898722172]"
8126,1,49.58%,88.78%,0.1248,"[0.11775632202625275, 0.8822437524795532]"
8127,1,49.58%,88.78%,0.1358,"[0.12610533833503723, 0.8738946318626404]"
8128,1,49.59%,88.78%,0.1241,"[0.11728254705667496, 0.882717490196228]"
8129,0,49.58%,88.78%,0.0091,"[0.990839421749115, 0.009160554967820644]"
8130,1,49.59%,88.78%,0.1178,"[0.11146172136068344, 0.8885382413864136]"
8131,1,49.59%,88.79%,0.1567,"[0.15627729892730713, 0.8437226414680481]"
8132,1,49.60%,88.79%,0.1961,"[0.16824190318584442, 0.8317580819129944]"
8133,1,49.61%,88.79%,0.1352,"[0.13124601542949677, 0.8687540292739868]"
8134,1,49.61%,88.79%,0.1248,"[0.11805666983127594, 0.8819432854652405]"
8135,1,49.62%,88.79%,0.1204,"[0.11252141743898392, 0.8874785900115967]"
8136,0,49.61%,88.79%,0.0086,"[0.9914575219154358, 0.008542513474822044]"
8137,0,49.61%,88.78%,1.8497,"[0.1331973671913147, 0.8668026328086853]"
8138,1,49.61%,88.78%,0.1177,"[0.11115147918462753, 0.8888484835624695]"
8139,0,49.61%,88.78%,0.0095,"[0.9906398057937622, 0.00936017744243145]"
8140,0,49.60%,88.79%,0.009,"[0.9909403324127197, 0.009059663861989975]"
8141,1,49.61%,88.79%,0.1183,"[0.1121295765042305, 0.8878704309463501]"
8142,1,49.61%,88.79%,0.1228,"[0.11445711553096771, 0.8855429291725159]"
8143,0,49.61%,88.79%,0.0174,"[0.9812166094779968, 0.018783362582325935]"
8144,1,49.61%,88.79%,0.1255,"[0.11676692217588425, 0.8832331299781799]"
8145,1,49.62%,88.79%,0.1187,"[0.11126706004142761, 0.88873291015625]"
8146,0,49.61%,88.78%,2.1614,"[0.12050122767686844, 0.8794987201690674]"
8147,0,49.61%,88.78%,0.0085,"[0.9914930462837219, 0.00850698258727789]"
8148,0,49.60%,88.78%,0.0128,"[0.9880309700965881, 0.011969075538218021]"
8149,0,49.60%,88.79%,0.0088,"[0.9913092851638794, 0.008690671063959599]"
8150,1,49.60%,88.79%,0.1152,"[0.10737736523151398, 0.8926226496696472]"
8151,0,49.60%,88.78%,2.1633,"[0.11394014209508896, 0.8860598802566528]"
8152,0,49.59%,88.78%,0.0091,"[0.9908400177955627, 0.009160036221146584]"
8153,1,49.60%,88.78%,0.122,"[0.11627310514450073, 0.8837268948554993]"
8154,0,49.59%,88.78%,0.0087,"[0.9913415312767029, 0.00865844264626503]"
8155,1,49.60%,88.78%,0.1258,"[0.11795657128095627, 0.8820434212684631]"
8156,1,49.60%,88.78%,0.1226,"[0.11367250233888626, 0.8863275647163391]"
8157,1,49.61%,88.78%,0.1187,"[0.11189300566911697, 0.8881070613861084]"
8158,0,49.60%,88.79%,0.0085,"[0.9915747046470642, 0.008425301872193813]"
8159,1,49.61%,88.79%,0.1178,"[0.11092672497034073, 0.8890732526779175]"
8160,1,49.61%,88.79%,0.1188,"[0.11231482774019241, 0.8876851797103882]"
8161,0,49.61%,88.79%,0.0095,"[0.9905986189842224, 0.009401383809745312]"
8162,1,49.61%,88.79%,0.1398,"[0.12881682813167572, 0.8711831569671631]"
8163,1,49.62%,88.79%,0.1148,"[0.10849624872207642, 0.8915037512779236]"
8164,1,49.63%,88.79%,0.1247,"[0.11953749507665634, 0.8804624676704407]"
8165,0,49.62%,88.78%,1.9977,"[0.15485337376594543, 0.845146656036377]"
8166,0,49.61%,88.78%,0.0087,"[0.99130779504776, 0.008692183531820774]"
8167,1,49.62%,88.79%,0.1154,"[0.1089772880077362, 0.8910226821899414]"
8168,0,49.61%,88.79%,0.011,"[0.9898556470870972, 0.010144359432160854]"
8169,1,49.62%,88.79%,0.1729,"[0.17798742651939392, 0.8220126032829285]"
8170,0,49.61%,88.79%,0.0092,"[0.9906876683235168, 0.009312357753515244]"
8171,0,49.61%,88.79%,0.0085,"[0.9915186762809753, 0.008481312543153763]"
8172,1,49.61%,88.79%,0.1343,"[0.13458487391471863, 0.865415096282959]"
8173,0,49.61%,88.79%,0.0089,"[0.991129994392395, 0.008870009332895279]"
8174,0,49.60%,88.80%,0.0095,"[0.9906540513038635, 0.009345876052975655]"
8175,1,49.61%,88.80%,0.1633,"[0.1854853481054306, 0.8145146369934082]"
8176,0,49.60%,88.80%,0.0086,"[0.9914711117744446, 0.008528877049684525]"
8177,1,49.61%,88.80%,0.2542,"[0.23309326171875, 0.7669067978858948]"
8178,1,49.61%,88.80%,0.1314,"[0.12088578939437866, 0.8791142106056213]"
8179,0,49.61%,88.79%,1.8116,"[0.1629534363746643, 0.8370465636253357]"
8180,1,49.61%,88.79%,0.1418,"[0.13711939752101898, 0.8628806471824646]"
8181,1,49.62%,88.79%,0.1369,"[0.1308642327785492, 0.8691357374191284]"
8182,1,49.63%,88.79%,0.123,"[0.12238998711109161, 0.8776100277900696]"
8183,0,49.62%,88.78%,1.9081,"[0.13251346349716187, 0.8674865365028381]"
8184,1,49.63%,88.78%,0.1312,"[0.1236947774887085, 0.8763052225112915]"
8185,1,49.63%,88.79%,0.1314,"[0.13634783029556274, 0.8636521697044373]"
8186,0,49.63%,88.77%,0.0954,"[0.366995245218277, 0.6330047249794006]"
8187,0,49.62%,88.78%,0.0086,"[0.9914032816886902, 0.008596776984632015]"
8188,1,49.63%,88.78%,0.1242,"[0.11271746456623077, 0.8872825503349304]"
8189,1,49.63%,88.78%,0.1305,"[0.12111110985279083, 0.8788889050483704]"
8190,1,49.64%,88.78%,0.2385,"[0.15704812109470367, 0.8429518938064575]"
8191,1,49.65%,88.78%,0.1247,"[0.12015917897224426, 0.8798407912254333]"
8192,0,49.64%,88.78%,0.0084,"[0.9916360378265381, 0.00836399756371975]"
8193,1,49.65%,88.78%,0.1389,"[0.127030611038208, 0.872969388961792]"
8194,0,49.64%,88.79%,0.1744,"[0.723052442073822, 0.2769475281238556]"
8195,0,49.63%,88.79%,0.0087,"[0.9913511276245117, 0.008648821152746677]"
8196,1,49.64%,88.79%,0.1391,"[0.14398875832557678, 0.8560112714767456]"
8197,0,49.63%,88.78%,0.3082,"[0.36401647329330444, 0.6359834671020508]"
8198,1,49.64%,88.78%,0.1713,"[0.1541273593902588, 0.8458726406097412]"
8199,0,49.63%,88.78%,0.0921,"[0.9424070119857788, 0.057592980563640594]"
8200,0,49.63%,88.78%,0.0084,"[0.9916457533836365, 0.00835424568504095]"
8201,0,49.62%,88.78%,0.0083,"[0.9916898012161255, 0.008310132659971714]"
8202,0,49.62%,88.78%,0.0083,"[0.9916793704032898, 0.008320632390677929]"
8203,0,49.61%,88.79%,0.0083,"[0.9917705059051514, 0.00822946336120367]"
8204,1,49.62%,88.79%,0.1275,"[0.11937592923641205, 0.8806240558624268]"
8205,1,49.62%,88.79%,0.1566,"[0.14571309089660645, 0.8542869091033936]"
8206,0,49.62%,88.79%,0.0082,"[0.9918373227119446, 0.00816272385418415]"
8207,1,49.62%,88.78%,2.0049,"[0.6686511039733887, 0.3313489258289337]"
8208,0,49.62%,88.78%,0.0082,"[0.9917860627174377, 0.008213863708078861]"
8209,0,49.61%,88.78%,0.0082,"[0.9918204545974731, 0.00817959662526846]"
8210,1,49.62%,88.78%,0.1149,"[0.10862793028354645, 0.8913720846176147]"
8211,1,49.62%,88.78%,0.1168,"[0.11053649336099625, 0.8894635438919067]"
8212,1,49.63%,88.79%,0.1285,"[0.12050365656614304, 0.8794963359832764]"
8213,0,49.62%,88.79%,0.0299,"[0.9676216244697571, 0.032378338277339935]"
8214,0,49.62%,88.79%,0.012,"[0.9895095825195312, 0.01049038302153349]"
8215,1,49.62%,88.79%,0.1321,"[0.1184980720281601, 0.8815019726753235]"
8216,1,49.63%,88.79%,0.1409,"[0.1349310427904129, 0.8650689125061035]"
8217,0,49.62%,88.79%,0.0083,"[0.9917458891868591, 0.008254128508269787]"
8218,0,49.62%,88.79%,0.0082,"[0.9917935729026794, 0.008206370286643505]"
8219,0,49.61%,88.80%,0.0082,"[0.9918000102043152, 0.008199960924685001]"
8220,0,49.60%,88.80%,0.0084,"[0.991658627986908, 0.008341400884091854]"
8221,0,49.60%,88.80%,0.0084,"[0.9916316866874695, 0.008368304930627346]"
8222,1,49.60%,88.80%,0.124,"[0.11739650368690491, 0.8826035261154175]"
8223,1,49.61%,88.80%,0.1292,"[0.12046249955892563, 0.8795374631881714]"
8224,1,49.62%,88.80%,0.1583,"[0.13953231275081635, 0.8604676723480225]"
8225,0,49.61%,88.80%,0.0082,"[0.9918357729911804, 0.008164226077497005]"
8226,1,49.62%,88.81%,0.1114,"[0.10494839400053024, 0.8950515985488892]"
8227,1,49.62%,88.81%,0.1121,"[0.1068805679678917, 0.8931193947792053]"
8228,0,49.62%,88.81%,0.0082,"[0.9918314814567566, 0.008168516680598259]"
8229,0,49.61%,88.81%,0.0353,"[0.9759184718132019, 0.024081502109766006]"
8230,0,49.61%,88.81%,0.0082,"[0.9918094277381897, 0.008190616965293884]"
8231,1,49.61%,88.81%,0.1097,"[0.1038614809513092, 0.8961385488510132]"
8232,0,49.61%,88.81%,0.0082,"[0.9918081164360046, 0.008191821165382862]"
8233,1,49.61%,88.81%,0.14,"[0.11456413567066193, 0.8854358792304993]"
8234,0,49.61%,88.82%,0.0082,"[0.9918339252471924, 0.008166102692484856]"
8235,1,49.61%,88.82%,0.1108,"[0.10484808683395386, 0.8951519131660461]"
8236,0,49.61%,88.82%,0.0083,"[0.9917591214179993, 0.008240831084549427]"
8237,1,49.61%,88.82%,0.1127,"[0.10675851255655289, 0.8932415246963501]"
8238,0,49.61%,88.82%,0.0081,"[0.9918867945671082, 0.00811315793544054]"
8239,1,49.61%,88.81%,1.5472,"[0.9613434672355652, 0.03865653648972511]"
8240,1,49.62%,88.81%,0.1088,"[0.10309689491987228, 0.8969030976295471]"
8241,0,49.61%,88.81%,0.0081,"[0.9919439554214478, 0.008056091144680977]"
8242,0,49.61%,88.81%,0.0082,"[0.9918631315231323, 0.008136852644383907]"
8243,1,49.61%,88.82%,0.113,"[0.10723260790109634, 0.8927673697471619]"
8244,0,49.61%,88.82%,0.0083,"[0.9917855858802795, 0.00821433775126934]"
8245,1,49.61%,88.82%,0.1171,"[0.11060290038585663, 0.889397144317627]"
8246,1,49.62%,88.82%,0.1112,"[0.10499678552150726, 0.8950031995773315]"
8247,0,49.61%,88.81%,0.6049,"[0.46783459186553955, 0.5321654081344604]"
8248,0,49.61%,88.81%,0.0082,"[0.9918505549430847, 0.008149423636496067]"
8249,0,49.60%,88.81%,0.1509,"[0.9505066275596619, 0.04949338734149933]"
8250,0,49.59%,88.81%,0.0083,"[0.9917671084403992, 0.008232888765633106]"
8251,1,49.60%,88.81%,0.1211,"[0.11432785540819168, 0.8856720924377441]"
8252,1,49.61%,88.82%,0.1137,"[0.1079644113779068, 0.8920356035232544]"
8253,1,49.61%,88.82%,0.1053,"[0.09986403584480286, 0.9001359343528748]"
8254,0,49.61%,88.82%,0.008,"[0.9919903874397278, 0.008009637705981731]"
8255,0,49.60%,88.82%,0.008,"[0.9919906258583069, 0.008009334094822407]"
8256,0,49.59%,88.82%,0.008,"[0.9919940233230591, 0.008005947805941105]"
8257,0,49.59%,88.81%,1.2434,"[0.2590937614440918, 0.7409061789512634]"
8258,0,49.58%,88.81%,0.0108,"[0.986034095287323, 0.013965904712677002]"
8259,1,49.59%,88.81%,0.1114,"[0.10708817094564438, 0.8929117918014526]"
8260,1,49.59%,88.81%,0.1062,"[0.10006224364042282, 0.8999377489089966]"
8261,0,49.59%,88.82%,0.0087,"[0.9915879368782043, 0.00841206219047308]"
8262,0,49.58%,88.82%,0.0081,"[0.991915762424469, 0.008084168657660484]"
8263,0,49.58%,88.82%,0.008,"[0.9920451641082764, 0.007954796776175499]"
8264,0,49.57%,88.82%,0.008,"[0.9920496344566345, 0.007950372993946075]"
8265,1,49.58%,88.82%,0.127,"[0.11547323316335678, 0.884526789188385]"
8266,1,49.58%,88.82%,0.1199,"[0.11209817230701447, 0.8879018425941467]"
8267,0,49.58%,88.82%,0.0079,"[0.9921032786369324, 0.007896726951003075]"
8268,0,49.57%,88.83%,0.0079,"[0.9921080470085144, 0.007891898043453693]"
8269,0,49.56%,88.83%,0.0079,"[0.9921100735664368, 0.007889999076724052]"
8270,0,49.56%,88.83%,0.008,"[0.9920691251754761, 0.007930854335427284]"
8271,0,49.55%,88.83%,0.0079,"[0.9920902252197266, 0.007909790612757206]"
8272,0,49.55%,88.83%,0.0079,"[0.992089033126831, 0.007910935208201408]"
8273,1,49.55%,88.83%,0.1229,"[0.12774604558944702, 0.8722538948059082]"
8274,0,49.55%,88.83%,0.0079,"[0.9921431541442871, 0.007856829091906548]"
8275,1,49.55%,88.84%,0.1052,"[0.09986995160579681, 0.900130033493042]"
8276,1,49.56%,88.84%,0.1445,"[0.1304195076227188, 0.8695804476737976]"
8277,1,49.57%,88.84%,0.1349,"[0.1186450719833374, 0.8813548684120178]"
8278,0,49.56%,88.84%,0.0084,"[0.9915967583656311, 0.008403229527175426]"
8279,0,49.55%,88.84%,0.0079,"[0.992163896560669, 0.007836037315428257]"
8280,0,49.55%,88.83%,2.0506,"[0.12710562348365784, 0.8728944063186646]"
8281,0,49.54%,88.83%,0.0109,"[0.9887760877609253, 0.011223968118429184]"
8282,0,49.54%,88.83%,0.0079,"[0.9921789169311523, 0.00782111193984747]"
8283,0,49.53%,88.82%,1.6114,"[0.2496504783630371, 0.7503495812416077]"
8284,1,49.54%,88.82%,0.4416,"[0.2685260474681854, 0.731473982334137]"
8285,1,49.54%,88.82%,0.1079,"[0.10233554244041443, 0.897664487361908]"
8286,0,49.54%,88.83%,0.0079,"[0.9921425580978394, 0.007857494987547398]"
8287,1,49.54%,88.83%,0.1271,"[0.12621274590492249, 0.8737872242927551]"
8288,1,49.55%,88.83%,0.1777,"[0.1505129188299179, 0.8494870066642761]"
8289,1,49.55%,88.83%,0.2216,"[0.17714941501617432, 0.8228505849838257]"
8290,0,49.55%,88.83%,0.0079,"[0.9921520352363586, 0.007847932167351246]"
8291,1,49.55%,88.83%,0.1072,"[0.10123491287231445, 0.8987650871276855]"
8292,1,49.56%,88.83%,0.149,"[0.1355721354484558, 0.864427924156189]"
8293,0,49.55%,88.84%,0.0079,"[0.9921541810035706, 0.007845849730074406]"
8294,0,49.55%,88.84%,0.0848,"[0.9761103987693787, 0.023889528587460518]"
8295,0,49.54%,88.84%,0.0079,"[0.9921417236328125, 0.007858245633542538]"
8296,1,49.55%,88.84%,0.1235,"[0.11830812692642212, 0.8816918730735779]"
8297,1,49.55%,88.84%,0.116,"[0.11055196076631546, 0.8894480466842651]"
8298,1,49.56%,88.84%,0.1073,"[0.10124801844358444, 0.8987520337104797]"
8299,0,49.55%,88.84%,0.0078,"[0.9922009706497192, 0.007799000013619661]"
8300,1,49.56%,88.84%,0.1067,"[0.10113939642906189, 0.8988606333732605]"
8301,0,49.55%,88.85%,0.0078,"[0.9921871423721313, 0.007812815718352795]"
8302,1,49.56%,88.85%,0.1157,"[0.10665926337242126, 0.8933407664299011]"
8303,0,49.55%,88.85%,0.0079,"[0.9921724796295166, 0.00782755296677351]"
8304,1,49.56%,88.85%,0.1341,"[0.11829429864883423, 0.8817057013511658]"
8305,1,49.57%,88.84%,0.2488,"[0.6301063895225525, 0.3698936104774475]"
8306,0,49.56%,88.84%,0.0079,"[0.9920929074287415, 0.007907073944807053]"
8307,0,49.55%,88.84%,0.008,"[0.9920963048934937, 0.00790364108979702]"
8308,1,49.56%,88.84%,0.1232,"[0.11523973196744919, 0.884760320186615]"
8309,0,49.55%,88.83%,2.2047,"[0.10673713684082031, 0.8932628035545349]"
8310,0,49.55%,88.83%,0.0256,"[0.9771398901939392, 0.022860147058963776]"
8311,0,49.54%,88.82%,2.1747,"[0.11655963957309723, 0.883440375328064]"
8312,1,49.55%,88.82%,0.2054,"[0.24535751342773438, 0.7546424865722656]"
8313,0,49.54%,88.83%,0.0091,"[0.9882634878158569, 0.011736488901078701]"
8314,0,49.54%,88.83%,0.0081,"[0.9918638467788696, 0.008136163465678692]"
8315,1,49.54%,88.83%,0.1073,"[0.10183782130479813, 0.8981621265411377]"
8316,1,49.55%,88.83%,0.1082,"[0.1018679141998291, 0.8981320261955261]"
8317,0,49.54%,88.83%,0.0079,"[0.9921165108680725, 0.007883518002927303]"
8318,0,49.54%,88.83%,0.0082,"[0.9918603301048279, 0.008139685727655888]"
8319,0,49.53%,88.83%,0.0079,"[0.9921044111251831, 0.007895558141171932]"
8320,1,49.54%,88.82%,3.3861,"[0.9632861614227295, 0.0367138609290123]"
8321,1,49.54%,88.82%,0.3011,"[0.23630797863006592, 0.7636920213699341]"
8322,1,49.55%,88.83%,0.1107,"[0.10358112305402756, 0.8964188694953918]"
8323,0,49.54%,88.83%,0.0079,"[0.9921241402626038, 0.007875887677073479]"
8324,1,49.55%,88.83%,0.1232,"[0.10623155534267426, 0.8937684893608093]"
8325,0,49.54%,88.83%,0.0084,"[0.9916285276412964, 0.008371446281671524]"
8326,0,49.54%,88.83%,0.0137,"[0.9855554103851318, 0.01444460079073906]"
8327,1,49.54%,88.83%,0.1136,"[0.10353012382984161, 0.8964698314666748]"
8328,0,49.54%,88.82%,2.1522,"[0.11607031524181366, 0.8839297294616699]"
8329,1,49.54%,88.82%,0.1238,"[0.11309609562158585, 0.8869039416313171]"
8330,0,49.54%,88.82%,0.0797,"[0.8772865533828735, 0.12271346151828766]"
8331,1,49.54%,88.83%,0.1094,"[0.10638351738452911, 0.8936164975166321]"
8332,1,49.55%,88.83%,0.1231,"[0.10665061324834824, 0.8933494091033936]"
8333,1,49.56%,88.83%,0.1234,"[0.12476707994937897, 0.8752329349517822]"
8334,0,49.55%,88.82%,1.6766,"[0.18634678423404694, 0.8136531710624695]"
8335,1,49.56%,88.82%,0.1152,"[0.10631712526082993, 0.8936828970909119]"
8336,1,49.56%,88.82%,0.1113,"[0.10562586039304733, 0.8943741321563721]"
8337,0,49.56%,88.82%,0.0081,"[0.9918898940086365, 0.008110173977911472]"
8338,0,49.55%,88.82%,0.0084,"[0.9916159510612488, 0.0083839762955904]"
8339,0,49.54%,88.82%,0.0083,"[0.9917252063751221, 0.008274762891232967]"
8340,1,49.55%,88.83%,0.1164,"[0.11162475496530533, 0.8883752822875977]"
8341,0,49.54%,88.83%,0.0086,"[0.9914864301681519, 0.008513589389622211]"
8342,1,49.55%,88.83%,0.1158,"[0.11129391938447952, 0.8887060880661011]"
8343,0,49.54%,88.83%,0.0081,"[0.9918953776359558, 0.008104667067527771]"
8344,0,49.54%,88.83%,0.0084,"[0.9916310906410217, 0.008368873968720436]"
8345,0,49.53%,88.82%,2.0477,"[0.11697807163000107, 0.8830219507217407]"
8346,1,49.54%,88.82%,0.1161,"[0.11189910769462585, 0.8881008625030518]"
8347,0,49.53%,88.82%,0.0085,"[0.9915691018104553, 0.008430881425738335]"
8348,0,49.53%,88.83%,0.0085,"[0.9915127158164978, 0.008487289771437645]"
8349,1,49.53%,88.83%,0.1331,"[0.11778971552848816, 0.8822103142738342]"
8350,0,49.53%,88.83%,0.0082,"[0.9918243288993835, 0.008175737224519253]"
8351,0,49.52%,88.82%,2.0263,"[0.15853622555732727, 0.8414638042449951]"
8352,1,49.53%,88.82%,0.1129,"[0.10711104422807693, 0.8928889632225037]"
8353,1,49.53%,88.82%,0.1247,"[0.13679561018943787, 0.8632043600082397]"
8354,1,49.54%,88.82%,0.1195,"[0.11357776820659637, 0.8864222168922424]"
8355,1,49.55%,88.82%,0.1629,"[0.41991788148880005, 0.5800821185112]"
8356,0,49.54%,88.82%,0.0082,"[0.9918161034584045, 0.00818395335227251]"
8357,0,49.53%,88.83%,0.0082,"[0.99181067943573, 0.008189351297914982]"
8358,0,49.53%,88.83%,0.0082,"[0.9917980432510376, 0.008201970718801022]"
8359,0,49.52%,88.83%,0.3622,"[0.754350483417511, 0.2456495612859726]"
8360,0,49.52%,88.82%,1.9826,"[0.3235364258289337, 0.6764635443687439]"
8361,1,49.52%,88.82%,0.1222,"[0.11480344086885452, 0.8851965665817261]"
8362,0,49.52%,88.82%,0.0086,"[0.991455078125, 0.00854499451816082]"
8363,0,49.51%,88.81%,2.0274,"[0.14691822230815887, 0.8530817627906799]"
8364,0,49.50%,88.81%,0.0085,"[0.99155592918396, 0.008444101549685001]"
8365,0,49.50%,88.81%,0.0089,"[0.9911409616470337, 0.008859037421643734]"
8366,0,49.49%,88.81%,0.0092,"[0.9907998442649841, 0.009200128726661205]"
8367,0,49.49%,88.81%,0.0085,"[0.9915801882743835, 0.008419807069003582]"
8368,0,49.48%,88.82%,0.0086,"[0.9914131164550781, 0.008586849085986614]"
8369,0,49.47%,88.82%,0.0146,"[0.9858373403549194, 0.014162655919790268]"
8370,0,49.47%,88.82%,0.0084,"[0.9915837049484253, 0.008416295982897282]"
8371,0,49.46%,88.82%,0.0083,"[0.991741418838501, 0.008258542977273464]"
8372,0,49.46%,88.82%,0.0087,"[0.991332471370697, 0.008667475543916225]"
8373,1,49.46%,88.82%,0.1461,"[0.1514536440372467, 0.8485463857650757]"
8374,1,49.47%,88.82%,0.3999,"[0.3611701726913452, 0.63882976770401]"
8375,1,49.47%,88.83%,0.1831,"[0.1611165702342987, 0.8388834595680237]"
8376,1,49.48%,88.83%,0.1598,"[0.14637893438339233, 0.8536211252212524]"
8377,1,49.49%,88.83%,0.1353,"[0.12593139708042145, 0.8740686178207397]"
8378,1,49.49%,88.83%,0.1468,"[0.1529478281736374, 0.8470521569252014]"
8379,1,49.50%,88.83%,0.1851,"[0.2016572505235672, 0.798342764377594]"
8380,1,49.50%,88.83%,0.1588,"[0.14505715668201447, 0.8549428582191467]"
8381,1,49.51%,88.82%,1.7082,"[0.9134166836738586, 0.08658329397439957]"
8382,1,49.52%,88.82%,0.182,"[0.3038075268268585, 0.6961924433708191]"
8383,1,49.52%,88.82%,0.1856,"[0.1664879322052002, 0.8335120677947998]"
8384,0,49.52%,88.83%,0.0083,"[0.9917731881141663, 0.008226762525737286]"
8385,1,49.52%,88.83%,0.1392,"[0.1297009289264679, 0.8702990412712097]"
8386,0,49.52%,88.83%,0.0084,"[0.9916662573814392, 0.00833375658839941]"
8387,1,49.52%,88.83%,0.1366,"[0.12545958161354065, 0.874540388584137]"
8388,0,49.52%,88.83%,0.0085,"[0.9915607571601868, 0.00843928474932909]"
8389,0,49.51%,88.83%,0.013,"[0.9873774647712708, 0.0126225296407938]"
8390,1,49.52%,88.83%,0.1812,"[0.17086352407932281, 0.8291365504264832]"
8391,0,49.51%,88.83%,0.0149,"[0.9840549826622009, 0.015945004299283028]"
8392,1,49.52%,88.84%,0.1385,"[0.12332909554243088, 0.8766708970069885]"
8393,1,49.52%,88.84%,0.1329,"[0.12430987507104874, 0.8756901621818542]"
8394,1,49.53%,88.84%,0.1203,"[0.11234474927186966, 0.8876551985740662]"
8395,1,49.54%,88.84%,0.1177,"[0.11107815057039261, 0.888921856880188]"
8396,1,49.54%,88.84%,0.1191,"[0.11143093556165695, 0.8885690569877625]"
8397,0,49.54%,88.83%,1.966,"[0.13338103890419006, 0.8666189312934875]"
8398,0,49.53%,88.83%,0.01,"[0.9897465705871582, 0.010253430344164371]"
8399,1,49.54%,88.83%,0.1165,"[0.109026238322258, 0.8909737467765808]"
8400,0,49.53%,88.83%,0.0092,"[0.990868091583252, 0.009131865575909615]"
8401,1,49.54%,88.84%,0.1167,"[0.10995089262723923, 0.8900490999221802]"
8402,0,49.53%,88.84%,0.013,"[0.9872360825538635, 0.012763945385813713]"
8403,1,49.54%,88.84%,0.12,"[0.11773902922868729, 0.8822609782218933]"
8404,1,49.54%,88.84%,0.1189,"[0.11512839049100876, 0.8848716616630554]"
8405,1,49.55%,88.84%,0.1276,"[0.11635273694992065, 0.8836472034454346]"
8406,1,49.55%,88.84%,0.1148,"[0.10978127270936966, 0.8902187943458557]"
8407,1,49.56%,88.84%,0.126,"[0.13596242666244507, 0.8640375733375549]"
8408,0,49.55%,88.85%,0.0083,"[0.9916969537734985, 0.008303031325340271]"
8409,0,49.55%,88.85%,0.0083,"[0.9917370676994324, 0.00826298538595438]"
8410,1,49.55%,88.85%,0.1184,"[0.11090145260095596, 0.8890985250473022]"
8411,1,49.56%,88.85%,0.1162,"[0.11252522468566895, 0.8874748349189758]"
8412,1,49.57%,88.85%,0.1133,"[0.10703935474157333, 0.8929606676101685]"
8413,0,49.56%,88.85%,0.0085,"[0.991508960723877, 0.008491061627864838]"
8414,0,49.55%,88.85%,0.0086,"[0.9914621114730835, 0.008537963032722473]"
8415,1,49.56%,88.85%,0.1092,"[0.10303638875484467, 0.8969635963439941]"
8416,0,49.55%,88.84%,0.5665,"[0.3325468599796295, 0.6674531102180481]"
8417,0,49.55%,88.85%,0.0083,"[0.9917880892753601, 0.008211921900510788]"
8418,0,49.54%,88.85%,0.0087,"[0.9913634061813354, 0.008636613376438618]"
8419,0,49.54%,88.85%,0.0091,"[0.9909408688545227, 0.009059051051735878]"
8420,0,49.53%,88.85%,0.01,"[0.9902364611625671, 0.009763570502400398]"
8421,1,49.54%,88.85%,0.1232,"[0.11865030974149704, 0.8813496828079224]"
8422,1,49.54%,88.85%,0.1149,"[0.11242657154798508, 0.8875734210014343]"
8423,1,49.55%,88.85%,0.1604,"[0.12336384505033493, 0.8766362071037292]"
8424,1,49.55%,88.85%,0.1168,"[0.10985974967479706, 0.8901402950286865]"
8425,0,49.55%,88.84%,1.5867,"[0.40402600169181824, 0.5959739685058594]"
8426,1,49.56%,88.85%,0.12,"[0.11898186802864075, 0.8810181617736816]"
8427,1,49.56%,88.85%,0.1091,"[0.1039794534444809, 0.8960205316543579]"
8428,0,49.56%,88.85%,0.0086,"[0.991419792175293, 0.008580219000577927]"
8429,0,49.55%,88.85%,0.0083,"[0.9916996955871582, 0.008300326764583588]"
8430,1,49.56%,88.85%,0.117,"[0.11803682893514633, 0.8819632530212402]"
8431,1,49.56%,88.85%,0.1076,"[0.10269590467214584, 0.897304117679596]"
8432,0,49.56%,88.84%,2.1491,"[0.11491785943508148, 0.8850821852684021]"
8433,0,49.55%,88.84%,0.0081,"[0.9919213056564331, 0.008078699000179768]"
8434,0,49.54%,88.84%,0.0081,"[0.9919117093086243, 0.008088307455182076]"
8435,0,49.54%,88.85%,0.0086,"[0.9914276599884033, 0.008572369813919067]"
8436,1,49.54%,88.85%,0.1568,"[0.16371524333953857, 0.8362846970558167]"
8437,1,49.55%,88.85%,0.1244,"[0.1124906986951828, 0.887509286403656]"
8438,1,49.56%,88.85%,0.1251,"[0.11959876120090485, 0.8804011940956116]"
8439,0,49.55%,88.85%,0.008,"[0.9920056462287903, 0.007994360290467739]"
8440,1,49.56%,88.85%,0.1605,"[0.15706828236579895, 0.8429317474365234]"
8441,1,49.56%,88.85%,0.2081,"[0.17017211019992828, 0.8298278450965881]"
8442,0,49.56%,88.84%,2.1093,"[0.11870704591274261, 0.8812929391860962]"
8443,1,49.56%,88.84%,0.1737,"[0.18311746418476105, 0.8168825507164001]"
8444,1,49.57%,88.85%,0.1307,"[0.1274855136871338, 0.8725144863128662]"
8445,1,49.57%,88.85%,0.1572,"[0.14122800529003143, 0.8587720394134521]"
8446,1,49.58%,88.85%,0.1261,"[0.12018102407455444, 0.8798190355300903]"
8447,0,49.57%,88.85%,0.008,"[0.9919822812080383, 0.008017749525606632]"
8448,1,49.58%,88.85%,0.1399,"[0.13104572892189026, 0.8689542412757874]"
8449,1,49.59%,88.85%,0.1119,"[0.10614366829395294, 0.893856406211853]"
8450,0,49.58%,88.85%,0.008,"[0.9920127987861633, 0.00798726174980402]"
8451,0,49.57%,88.85%,0.008,"[0.9920074939727783, 0.007992462255060673]"
8452,0,49.57%,88.86%,0.0081,"[0.9918931722640991, 0.008106795139610767]"
8453,1,49.57%,88.86%,0.1121,"[0.10571594536304474, 0.8942840695381165]"
8454,0,49.57%,88.86%,0.9445,"[0.9552387595176697, 0.044761255383491516]"
8455,0,49.56%,88.86%,0.0087,"[0.9913198351860046, 0.008680177852511406]"
8456,0,49.56%,88.85%,1.9426,"[0.14299403131008148, 0.8570060133934021]"
8457,1,49.56%,88.85%,0.1416,"[0.13503645360469818, 0.8649634718894958]"
8458,1,49.57%,88.85%,0.124,"[0.11835610866546631, 0.8816438913345337]"
8459,1,49.57%,88.85%,0.1458,"[0.1362023502588272, 0.8637976050376892]"
8460,0,49.57%,88.85%,0.0081,"[0.9919252991676331, 0.008074707351624966]"
8461,0,49.56%,88.86%,0.0081,"[0.9919348955154419, 0.008065104484558105]"
8462,1,49.57%,88.86%,0.1158,"[0.11206954717636108, 0.8879303932189941]"
8463,1,49.57%,88.86%,0.5646,"[0.1584715098142624, 0.8415285348892212]"
8464,1,49.58%,88.86%,0.5658,"[0.33453384041786194, 0.6654661297798157]"
8465,0,49.57%,88.85%,1.4795,"[0.22573314607143402, 0.7742668390274048]"
8466,1,49.58%,88.85%,0.1318,"[0.1240270659327507, 0.8759729862213135]"
8467,0,49.57%,88.85%,0.008,"[0.9920099973678589, 0.007990016601979733]"
8468,1,49.58%,88.85%,0.1879,"[0.1709490567445755, 0.8290509581565857]"
8469,1,49.59%,88.85%,0.1353,"[0.12145314365625381, 0.8785468935966492]"
8470,1,49.59%,88.86%,0.1692,"[0.14116473495960236, 0.8588352203369141]"
8471,0,49.59%,88.86%,0.0081,"[0.9919570684432983, 0.0080429557710886]"
8472,1,49.59%,88.86%,0.134,"[0.11796624213457108, 0.8820337057113647]"
8473,0,49.59%,88.86%,0.0097,"[0.9903896450996399, 0.00961035955697298]"
8474,0,49.58%,88.85%,2.1289,"[0.13548544049263, 0.8645145893096924]"
8475,1,49.59%,88.85%,0.1285,"[0.1190289556980133, 0.8809710144996643]"
8476,1,49.59%,88.85%,0.127,"[0.1382942944765091, 0.8617056608200073]"
8477,0,49.59%,88.85%,0.0082,"[0.9918357729911804, 0.008164186961948872]"
8478,0,49.58%,88.85%,0.0081,"[0.9919055700302124, 0.008094419725239277]"
8479,0,49.58%,88.86%,0.0083,"[0.991743266582489, 0.008256696164608002]"
8480,1,49.58%,88.86%,0.1309,"[0.1334860771894455, 0.8665139675140381]"
8481,1,49.59%,88.86%,0.1318,"[0.11619497835636139, 0.8838050365447998]"
8482,1,49.59%,88.86%,0.2166,"[0.1452452391386032, 0.8547548055648804]"
8483,1,49.60%,88.86%,0.1432,"[0.12334460020065308, 0.8766554594039917]"
8484,1,49.61%,88.86%,0.1947,"[0.12795613706111908, 0.872043788433075]"
8485,0,49.60%,88.86%,0.0087,"[0.9914053678512573, 0.008594639599323273]"
8486,0,49.59%,88.87%,0.008,"[0.9920085668563843, 0.007991410791873932]"
8487,0,49.59%,88.87%,0.009,"[0.9776046872138977, 0.02239525504410267]"
8488,0,49.58%,88.87%,0.0205,"[0.9647475481033325, 0.03525245189666748]"
8489,0,49.58%,88.87%,0.0091,"[0.9909952282905579, 0.009004820138216019]"
8490,0,49.57%,88.87%,0.0085,"[0.9915202260017395, 0.008479773066937923]"
8491,1,49.58%,88.87%,0.1263,"[0.11593036353588104, 0.8840696215629578]"
8492,1,49.58%,88.87%,0.1237,"[0.12886247038841248, 0.8711374998092651]"
8493,0,49.58%,88.87%,0.0081,"[0.9918871521949768, 0.008112790063023567]"
8494,0,49.57%,88.88%,0.0083,"[0.9918209314346313, 0.00817903969436884]"
8495,1,49.58%,88.88%,0.1246,"[0.1097160130739212, 0.8902839422225952]"
8496,1,49.58%,88.88%,0.1099,"[0.1048499196767807, 0.8951500654220581]"
8497,0,49.58%,88.88%,0.008,"[0.9920795559883118, 0.007920484989881516]"
8498,0,49.57%,88.88%,0.0079,"[0.9921054840087891, 0.00789448618888855]"
8499,1,49.58%,88.88%,0.1385,"[0.11526255309581757, 0.8847374320030212]"
8500,0,49.57%,88.88%,0.8354,"[0.9559475779533386, 0.04405245557427406]"
8501,0,49.56%,88.88%,0.0166,"[0.9787985682487488, 0.021201398223638535]"
8502,1,49.57%,88.89%,0.1208,"[0.1120074912905693, 0.8879925608634949]"
8503,1,49.58%,88.89%,0.131,"[0.11555809527635574, 0.8844419121742249]"
8504,0,49.57%,88.88%,2.0938,"[0.1311928629875183, 0.8688070774078369]"
8505,0,49.57%,88.88%,0.0083,"[0.9917357563972473, 0.008264176547527313]"
8506,0,49.56%,88.88%,0.0086,"[0.9913954138755798, 0.008604606613516808]"
8507,1,49.57%,88.88%,0.1167,"[0.10881907492876053, 0.8911809921264648]"
8508,1,49.57%,88.88%,0.1299,"[0.12010840326547623, 0.879891574382782]"
8509,1,49.58%,88.88%,0.1208,"[0.11140839755535126, 0.8885916471481323]"
8510,1,49.58%,88.88%,0.1381,"[0.12669789791107178, 0.8733021020889282]"
8511,0,49.58%,88.89%,0.008,"[0.9920511841773987, 0.007948899641633034]"
8512,1,49.58%,88.89%,0.1157,"[0.10535959154367447, 0.8946403861045837]"
8513,1,49.59%,88.89%,0.1121,"[0.10645082592964172, 0.8935491442680359]"
8514,1,49.59%,88.89%,0.1135,"[0.10832944512367249, 0.8916705250740051]"
8515,0,49.59%,88.89%,0.0079,"[0.9920815229415894, 0.007918505929410458]"
8516,0,49.58%,88.89%,0.0079,"[0.9921757578849792, 0.007824213244020939]"
8517,1,49.59%,88.89%,0.1053,"[0.10020776093006134, 0.8997921943664551]"
8518,1,49.60%,88.90%,0.1093,"[0.10231832414865494, 0.8976816534996033]"
8519,0,49.59%,88.90%,0.0096,"[0.9896802306175232, 0.010319801978766918]"
8520,1,49.60%,88.90%,0.1619,"[0.14758192002773285, 0.852418065071106]"
8521,1,49.60%,88.90%,0.1299,"[0.12116269767284393, 0.8788373470306396]"
8522,1,49.61%,88.90%,0.1122,"[0.108318030834198, 0.891681969165802]"
8523,1,49.61%,88.90%,0.1154,"[0.10589554160833359, 0.8941044807434082]"
8524,0,49.61%,88.90%,0.0078,"[0.9922065138816833, 0.00779351219534874]"
8525,0,49.60%,88.90%,0.0078,"[0.9922358393669128, 0.007764094043523073]"
8526,0,49.60%,88.91%,0.0084,"[0.991584300994873, 0.008415714837610722]"
8527,0,49.59%,88.91%,0.0107,"[0.9896892309188843, 0.010310698300600052]"
8528,0,49.58%,88.91%,0.0081,"[0.9919742941856384, 0.008025632239878178]"
8529,1,49.59%,88.91%,0.1358,"[0.13034838438034058, 0.8696516156196594]"
8530,0,49.58%,88.91%,0.0085,"[0.9914999604225159, 0.008500047028064728]"
8531,0,49.58%,88.91%,0.0081,"[0.9919650554656982, 0.008034931495785713]"
8532,1,49.58%,88.91%,0.1304,"[0.12718306481838226, 0.8728169798851013]"
8533,0,49.58%,88.91%,0.0078,"[0.9922170639038086, 0.00778291467577219]"
8534,1,49.58%,88.92%,0.1043,"[0.09941957145929337, 0.9005804657936096]"
8535,1,49.59%,88.92%,0.1002,"[0.09554646164178848, 0.9044535756111145]"
8536,1,49.60%,88.92%,0.1011,"[0.09605931490659714, 0.903940737247467]"
8537,1,49.60%,88.92%,0.1165,"[0.10932394862174988, 0.8906760811805725]"
8538,0,49.60%,88.92%,0.0082,"[0.9918036460876465, 0.008196293376386166]"
8539,1,49.60%,88.92%,0.1307,"[0.11386096477508545, 0.8861390948295593]"
8540,0,49.60%,88.92%,0.2204,"[0.8750230669975281, 0.1249770000576973]"
8541,0,49.59%,88.93%,0.0077,"[0.9923657774925232, 0.007634240668267012]"
8542,1,49.60%,88.93%,0.0996,"[0.09496279805898666, 0.9050372242927551]"
8543,1,49.60%,88.93%,0.0991,"[0.09424775093793869, 0.9057522416114807]"
8544,1,49.61%,88.93%,0.13,"[0.12380225956439972, 0.8761976957321167]"
8545,1,49.61%,88.93%,0.1006,"[0.09554563462734222, 0.9044543504714966]"
8546,1,49.62%,88.93%,0.1068,"[0.10017161071300507, 0.8998283743858337]"
8547,0,49.61%,88.92%,1.5631,"[0.26732710003852844, 0.732672929763794]"
8548,1,49.62%,88.92%,0.1742,"[0.18203991651535034, 0.8179600238800049]"
8549,1,49.63%,88.92%,0.1078,"[0.10082150250673294, 0.8991785049438477]"
8550,1,49.63%,88.93%,0.1229,"[0.12447015941143036, 0.8755298256874084]"
8551,0,49.63%,88.93%,0.0078,"[0.9922292828559875, 0.007770765572786331]"
8552,0,49.62%,88.93%,0.0077,"[0.9923005104064941, 0.007699504494667053]"
8553,0,49.61%,88.93%,0.0076,"[0.9923958778381348, 0.007604127749800682]"
8554,0,49.61%,88.93%,0.0077,"[0.9923141598701477, 0.007685902528464794]"
8555,0,49.60%,88.93%,0.0075,"[0.9924778938293457, 0.007522027473896742]"
8556,1,49.61%,88.93%,0.1697,"[0.14994245767593384, 0.8500574827194214]"
8557,0,49.60%,88.93%,0.0076,"[0.9924652576446533, 0.00753471814095974]"
8558,1,49.61%,88.94%,0.1081,"[0.10543007403612137, 0.894569993019104]"
8559,1,49.61%,88.94%,0.1153,"[0.11163995414972305, 0.8883600234985352]"
8560,0,49.61%,88.94%,0.0078,"[0.9922752976417542, 0.007724760100245476]"
8561,0,49.60%,88.94%,0.0078,"[0.9921683669090271, 0.007831627503037453]"
8562,0,49.60%,88.94%,0.0075,"[0.9925107955932617, 0.007489185314625502]"
8563,0,49.59%,88.93%,2.0957,"[0.11308817565441132, 0.8869118094444275]"
8564,1,49.60%,88.93%,0.0973,"[0.09288749098777771, 0.9071124792098999]"
8565,0,49.59%,88.93%,0.0091,"[0.9908974766731262, 0.009102477692067623]"
8566,1,49.60%,88.93%,0.0981,"[0.09327434748411179, 0.9067257046699524]"
8567,0,49.59%,88.94%,0.0084,"[0.9916598200798035, 0.008340178057551384]"
8568,1,49.60%,88.94%,0.098,"[0.09395857155323029, 0.9060414433479309]"
8569,1,49.60%,88.94%,0.1081,"[0.10140146315097809, 0.8985985517501831]"
8570,1,49.61%,88.94%,0.1047,"[0.09849867969751358, 0.9015013575553894]"
8571,1,49.62%,88.94%,0.1016,"[0.09652107954025269, 0.9034789800643921]"
8572,0,49.61%,88.93%,2.2574,"[0.10604984313249588, 0.8939501047134399]"
8573,1,49.62%,88.93%,0.1064,"[0.10121075063943863, 0.8987892866134644]"
8574,1,49.62%,88.93%,0.1269,"[0.11870827525854111, 0.8812917470932007]"
8575,0,49.62%,88.93%,0.0075,"[0.9925495386123657, 0.007450467441231012]"
8576,0,49.61%,88.92%,2.2022,"[0.11209465563297272, 0.8879052996635437]"
8577,1,49.62%,88.93%,0.1019,"[0.09542433172464371, 0.9045757055282593]"
8578,1,49.62%,88.93%,0.1129,"[0.10913185030221939, 0.8908681869506836]"
8579,1,49.63%,88.93%,0.1261,"[0.12281404435634613, 0.8771859407424927]"
8580,1,49.63%,88.93%,0.116,"[0.11553899198770523, 0.8844610452651978]"
8581,0,49.63%,88.93%,0.0082,"[0.9918334484100342, 0.008166600950062275]"
8582,0,49.62%,88.93%,0.0076,"[0.9924766421318054, 0.00752331642434001]"
8583,1,49.63%,88.93%,0.1076,"[0.10452377051115036, 0.895476222038269]"
8584,0,49.62%,88.93%,0.0076,"[0.9924484491348267, 0.00755153875797987]"
8585,0,49.62%,88.94%,0.0084,"[0.991654634475708, 0.008345345966517925]"
8586,1,49.62%,88.94%,0.1324,"[0.12409520149230957, 0.8759048581123352]"
8587,0,49.62%,88.94%,0.0075,"[0.9924864768981934, 0.007513517513871193]"
8588,0,49.61%,88.94%,0.0076,"[0.9923927783966064, 0.007607189938426018]"
8589,1,49.62%,88.94%,0.1141,"[0.11064361780881882, 0.8893564343452454]"
8590,1,49.62%,88.94%,0.117,"[0.11854387074708939, 0.8814561367034912]"
8591,0,49.62%,88.94%,0.0232,"[0.9225829839706421, 0.0774170309305191]"
8592,0,49.61%,88.94%,0.0077,"[0.9923740029335022, 0.007625990081578493]"
8593,0,49.60%,88.95%,0.0075,"[0.9924800395965576, 0.007519945502281189]"
8594,1,49.61%,88.95%,0.1221,"[0.10481800884008408, 0.8951819539070129]"
8595,1,49.62%,88.95%,0.1179,"[0.10532502084970474, 0.8946750164031982]"
8596,1,49.62%,88.95%,0.1486,"[0.12480001151561737, 0.8751999735832214]"
8597,1,49.63%,88.95%,0.109,"[0.10403852164745331, 0.8959615230560303]"
8598,0,49.62%,88.95%,0.0075,"[0.9925280809402466, 0.007471922785043716]"
8599,1,49.63%,88.95%,0.1036,"[0.09803622961044312, 0.9019638299942017]"
8600,0,49.62%,88.95%,0.0075,"[0.992577850818634, 0.007422099355608225]"
8601,1,49.63%,88.96%,0.1143,"[0.10540299117565155, 0.8945969343185425]"
8602,0,49.62%,88.96%,0.0352,"[0.8848192691802979, 0.11518075317144394]"
8603,0,49.62%,88.96%,0.0075,"[0.9925409555435181, 0.007459033280611038]"
8604,1,49.62%,88.96%,0.1059,"[0.10007436573505402, 0.8999255895614624]"
8605,1,49.63%,88.96%,0.1085,"[0.09783200174570084, 0.9021679759025574]"
8606,0,49.62%,88.95%,2.2746,"[0.10144437849521637, 0.8985556364059448]"
8607,0,49.62%,88.95%,0.0077,"[0.9923399686813354, 0.007659978233277798]"
8608,0,49.61%,88.95%,0.0079,"[0.9920156002044678, 0.007984383031725883]"
8609,1,49.62%,88.95%,0.1106,"[0.10618465393781662, 0.8938153386116028]"
8610,1,49.62%,88.96%,0.1074,"[0.10021460056304932, 0.8997853398323059]"
8611,1,49.63%,88.96%,0.1029,"[0.09912090003490448, 0.9008791446685791]"
8612,0,49.62%,88.96%,0.0076,"[0.9924375414848328, 0.007562511134892702]"
8613,1,49.63%,88.96%,0.1346,"[0.1284790337085724, 0.8715209364891052]"
8614,1,49.63%,88.96%,0.1222,"[0.10665816813707352, 0.8933417797088623]"
8615,1,49.64%,88.96%,0.1118,"[0.11472932249307632, 0.8852706551551819]"
8616,1,49.65%,88.96%,0.1012,"[0.09624330699443817, 0.9037566781044006]"
8617,1,49.65%,88.96%,0.1101,"[0.1068236455321312, 0.8931763768196106]"
8618,1,49.66%,88.97%,0.1179,"[0.10761182010173798, 0.8923882246017456]"
8619,1,49.66%,88.97%,0.1173,"[0.11047523468732834, 0.8895247578620911]"
8620,1,49.67%,88.97%,0.1134,"[0.11085978150367737, 0.889140248298645]"
8621,1,49.68%,88.97%,0.129,"[0.11568360775709152, 0.8843164443969727]"
8622,0,49.67%,88.97%,0.0074,"[0.9926544427871704, 0.00734556233510375]"
8623,1,49.68%,88.97%,0.0996,"[0.09396977722644806, 0.9060302376747131]"
8624,1,49.68%,88.97%,0.1196,"[0.1260986179113388, 0.8739013671875]"
8625,0,49.68%,88.98%,0.0074,"[0.992676854133606, 0.007323131896555424]"
8626,0,49.67%,88.98%,0.0076,"[0.9923885464668274, 0.007611428387463093]"
8627,1,49.68%,88.98%,0.0994,"[0.0951039120554924, 0.9048961400985718]"
8628,0,49.67%,88.98%,0.0073,"[0.9927288889884949, 0.007271074689924717]"
8629,0,49.66%,88.98%,0.008,"[0.9921257495880127, 0.007874269969761372]"
8630,0,49.66%,88.98%,0.0259,"[0.8552058339118958, 0.14479410648345947]"
8631,1,49.66%,88.98%,0.0971,"[0.09308356791734695, 0.9069164395332336]"
8632,1,49.67%,88.98%,0.1033,"[0.1044844463467598, 0.8955156207084656]"
8633,0,49.66%,88.99%,0.0073,"[0.9927390217781067, 0.007260987069457769]"
8634,0,49.66%,88.99%,0.0077,"[0.992308497428894, 0.007691460661590099]"
8635,1,49.66%,88.99%,0.1172,"[0.10190273821353912, 0.8980972170829773]"
8636,0,49.66%,88.99%,0.0141,"[0.9691099524497986, 0.030890055000782013]"
8637,1,49.66%,88.99%,0.1097,"[0.1050509437918663, 0.8949490189552307]"
8638,1,49.67%,88.99%,0.0962,"[0.09259732067584991, 0.907402753829956]"
8639,1,49.68%,88.99%,0.1062,"[0.09791333973407745, 0.9020866751670837]"
8640,1,49.68%,88.99%,0.0955,"[0.09067089110612869, 0.9093290567398071]"
8641,1,49.69%,89.00%,0.098,"[0.09442782402038574, 0.905572235584259]"
8642,1,49.69%,89.00%,0.1054,"[0.10187368094921112, 0.8981263637542725]"
8643,0,49.69%,89.00%,0.0404,"[0.8999176025390625, 0.10008244961500168]"
8644,0,49.68%,89.00%,0.0073,"[0.9927600622177124, 0.007239978294819593]"
8645,0,49.68%,89.00%,0.0072,"[0.9927679300308228, 0.007232041098177433]"
8646,0,49.67%,89.00%,0.0072,"[0.9928383231163025, 0.007161641959100962]"
8647,0,49.66%,89.00%,0.0075,"[0.99253910779953, 0.007460840977728367]"
8648,1,49.67%,89.00%,0.0969,"[0.09329546988010406, 0.9067044854164124]"
8649,0,49.66%,89.01%,0.0072,"[0.9928076267242432, 0.007192316465079784]"
8650,0,49.66%,89.01%,0.0072,"[0.9928234815597534, 0.007176481187343597]"
8651,1,49.66%,89.01%,0.0919,"[0.08779425919055939, 0.912205696105957]"
8652,1,49.67%,89.01%,0.0991,"[0.09495804458856583, 0.9050419926643372]"
8653,1,49.68%,89.01%,0.1016,"[0.0978618860244751, 0.9021381139755249]"
8654,0,49.67%,89.01%,0.0071,"[0.9929271340370178, 0.007072820793837309]"
8655,1,49.68%,89.01%,0.1042,"[0.09796686470508575, 0.9020331501960754]"
8656,1,49.68%,89.01%,0.2116,"[0.17192599177360535, 0.8280739784240723]"
8657,1,49.69%,89.02%,0.094,"[0.0896642804145813, 0.9103357195854187]"
8658,0,49.68%,89.02%,0.007,"[0.9930007457733154, 0.006999230477958918]"
8659,1,49.69%,89.02%,0.0949,"[0.09053461998701096, 0.9094654321670532]"
8660,1,49.69%,89.02%,0.0942,"[0.09019894152879715, 0.9098010659217834]"
8661,0,49.69%,89.02%,0.0071,"[0.9929696917533875, 0.007030315697193146]"
8662,1,49.69%,89.02%,0.0923,"[0.08877967298030853, 0.911220371723175]"
8663,0,49.69%,89.02%,0.0075,"[0.9925267696380615, 0.007473284844309092]"
8664,1,49.69%,89.02%,0.0925,"[0.08802654594182968, 0.9119734168052673]"
8665,0,49.69%,89.03%,0.0075,"[0.9925170540809631, 0.007482960820198059]"
8666,0,49.68%,89.03%,0.0071,"[0.9929428100585938, 0.007057196460664272]"
8667,0,49.68%,89.03%,0.0094,"[0.9894193410873413, 0.010580587200820446]"
8668,0,49.67%,89.03%,0.0075,"[0.9924468994140625, 0.007553119212388992]"
8669,1,49.68%,89.03%,0.0923,"[0.08822329342365265, 0.9117766618728638]"
8670,1,49.68%,89.03%,0.1035,"[0.0974980890750885, 0.9025018811225891]"
8671,0,49.68%,89.03%,0.007,"[0.9930155277252197, 0.006984411738812923]"
8672,1,49.68%,89.03%,0.0983,"[0.09191645681858063, 0.9080835580825806]"
8673,1,49.69%,89.04%,0.0937,"[0.09015366435050964, 0.9098463654518127]"
8674,1,49.69%,89.04%,0.0884,"[0.08463313430547714, 0.9153668880462646]"
8675,0,49.69%,89.04%,0.007,"[0.9930723309516907, 0.006927626207470894]"
8676,0,49.68%,89.03%,2.4287,"[0.08761762827634811, 0.9123824238777161]"
8677,0,49.68%,89.03%,0.0071,"[0.9929763674736023, 0.007023617625236511]"
8678,0,49.67%,89.03%,0.1474,"[0.8347437381744385, 0.16525621712207794]"
8679,0,49.67%,89.03%,0.0072,"[0.9928673505783081, 0.007132705766707659]"
8680,1,49.67%,89.03%,0.1042,"[0.09874037653207779, 0.9012596011161804]"
8681,0,49.67%,89.02%,2.379,"[0.09175647050142288, 0.9082435369491577]"
8682,0,49.66%,89.02%,0.0341,"[0.9803337454795837, 0.019666248932480812]"
8683,0,49.65%,89.03%,0.0069,"[0.9931222796440125, 0.006877746433019638]"
8684,0,49.65%,89.02%,0.0771,"[0.3216060400009155, 0.6783939599990845]"
8685,0,49.64%,89.02%,0.0072,"[0.9928829669952393, 0.007117033936083317]"
8686,1,49.65%,89.02%,0.1077,"[0.09342622756958008, 0.9065737724304199]"
8687,1,49.65%,89.02%,0.0982,"[0.09401953965425491, 0.9059804677963257]"
8688,0,49.65%,89.02%,0.0069,"[0.9930939674377441, 0.006906015332788229]"
8689,0,49.64%,89.02%,0.0071,"[0.992885172367096, 0.007114850450307131]"
8690,0,49.64%,89.02%,0.007,"[0.9930329322814941, 0.0069670709781348705]"
8691,1,49.64%,89.02%,1.3871,"[0.2574632465839386, 0.7425367832183838]"
8692,0,49.64%,89.03%,0.0069,"[0.9930714964866638, 0.006928486283868551]"
8693,1,49.64%,89.03%,0.093,"[0.0895477756857872, 0.9104521870613098]"
8694,0,49.64%,89.03%,0.007,"[0.9930699467658997, 0.0069300346076488495]"
8695,0,49.63%,89.03%,0.0071,"[0.9929271340370178, 0.007072894833981991]"
8696,1,49.64%,89.03%,0.0948,"[0.08907753229141235, 0.9109225273132324]"
8697,1,49.64%,89.03%,0.0953,"[0.09140753000974655, 0.9085924625396729]"
8698,0,49.64%,89.03%,0.007,"[0.993057131767273, 0.006942878011614084]"
8699,0,49.63%,89.03%,0.0072,"[0.9928568601608276, 0.007143092807382345]"
8700,0,49.63%,89.04%,0.007,"[0.9930195212364197, 0.006980427540838718]"
8701,1,49.63%,89.04%,0.0945,"[0.09108389914035797, 0.908916175365448]"
8702,0,49.63%,89.04%,0.0071,"[0.9929271340370178, 0.007072793785482645]"
8703,1,49.63%,89.04%,0.0945,"[0.08924807608127594, 0.9107519388198853]"
8704,1,49.64%,89.04%,0.126,"[0.09781956672668457, 0.9021804332733154]"
8705,0,49.63%,89.04%,0.007,"[0.993039071559906, 0.006960957311093807]"
8706,1,49.64%,89.04%,0.0934,"[0.08948148787021637, 0.9105185270309448]"
8707,1,49.64%,89.04%,0.0929,"[0.08930724114179611, 0.9106928110122681]"
8708,0,49.64%,89.05%,0.007,"[0.9930189251899719, 0.006981009151786566]"
8709,0,49.63%,89.05%,0.0071,"[0.992920458316803, 0.007079575210809708]"
8710,1,49.64%,89.05%,0.1146,"[0.10293012112379074, 0.8970698714256287]"
8711,1,49.64%,89.05%,0.0996,"[0.09474575519561768, 0.9052542448043823]"
8712,0,49.64%,89.05%,0.0069,"[0.9930763244628906, 0.00692371092736721]"
8713,1,49.64%,89.05%,0.0996,"[0.09488537162542343, 0.9051146507263184]"
8714,0,49.64%,89.04%,2.3285,"[0.0984039381146431, 0.9015960097312927]"
8715,1,49.64%,89.04%,0.1073,"[0.1117199957370758, 0.8882799744606018]"
8716,1,49.65%,89.04%,0.1017,"[0.09617998450994492, 0.9038199782371521]"
8717,0,49.64%,89.05%,0.0071,"[0.9929730892181396, 0.00702686095610261]"
8718,0,49.64%,89.05%,0.0071,"[0.9929749965667725, 0.0070250146090984344]"
8719,1,49.64%,89.05%,0.1131,"[0.09829287230968475, 0.9017070531845093]"
8720,0,49.64%,89.04%,0.1187,"[0.2469385713338852, 0.7530614137649536]"
8721,1,49.64%,89.04%,0.0941,"[0.08830936998128891, 0.9116906523704529]"
8722,1,49.65%,89.04%,0.1024,"[0.09894118458032608, 0.9010587930679321]"
8723,0,49.64%,89.04%,0.0097,"[0.9909639358520508, 0.00903609860688448]"
8724,1,49.65%,89.04%,0.1056,"[0.10155868530273438, 0.8984413146972656]"
8725,0,49.64%,89.04%,0.1248,"[0.9082222580909729, 0.09177777171134949]"
8726,0,49.64%,89.05%,0.0069,"[0.9930993318557739, 0.006900581996887922]"
8727,0,49.63%,89.05%,0.0069,"[0.9930908679962158, 0.006909162737429142]"
8728,0,49.63%,89.05%,0.0069,"[0.9931175708770752, 0.0068823653273284435]"
8729,0,49.62%,89.05%,0.007,"[0.9930835962295532, 0.006916364189237356]"
8730,0,49.62%,89.05%,0.0069,"[0.9931353330612183, 0.0068646683357656]"
8731,1,49.62%,89.05%,0.1015,"[0.09330274164676666, 0.9066972732543945]"
8732,1,49.63%,89.05%,0.0917,"[0.08671987801790237, 0.913280189037323]"
8733,1,49.63%,89.05%,0.0958,"[0.08939746022224426, 0.9106025099754333]"
8734,1,49.64%,89.06%,0.0913,"[0.0884777158498764, 0.9115222692489624]"
8735,1,49.65%,89.06%,0.113,"[0.10947620123624802, 0.8905238509178162]"
8736,1,49.65%,89.06%,0.1111,"[0.10932807624340057, 0.8906719088554382]"
8737,0,49.65%,89.06%,0.0068,"[0.9932007193565369, 0.0067992438562214375]"
8738,0,49.64%,89.06%,0.0068,"[0.9931806325912476, 0.006819393485784531]"
8739,1,49.65%,89.05%,1.74,"[0.9764594435691833, 0.023540548980236053]"
8740,1,49.65%,89.05%,0.1769,"[0.13416387140750885, 0.8658360838890076]"
8741,1,49.66%,89.04%,3.5403,"[0.9336978197097778, 0.06630218774080276]"
8742,0,49.65%,89.04%,0.0094,"[0.9910983443260193, 0.008901643566787243]"
8743,1,49.66%,89.04%,0.5104,"[0.4054833650588989, 0.5945166349411011]"
8744,1,49.66%,89.05%,0.3411,"[0.23115184903144836, 0.768848180770874]"
8745,0,49.66%,89.05%,0.007,"[0.993062436580658, 0.006937580648809671]"
8746,1,49.66%,89.05%,0.1086,"[0.09628615528345108, 0.9037138223648071]"
8747,1,49.67%,89.05%,0.0909,"[0.08891592919826508, 0.9110840559005737]"
8748,1,49.67%,89.05%,0.0923,"[0.08768777549266815, 0.9123122692108154]"
8749,1,49.68%,89.05%,0.0946,"[0.09079685807228088, 0.9092031121253967]"
8750,1,49.69%,89.05%,0.0932,"[0.0898081362247467, 0.9101917743682861]"
8751,0,49.68%,89.05%,0.0071,"[0.9929320812225342, 0.007067927159368992]"
8752,1,49.69%,89.06%,0.0888,"[0.08464804291725159, 0.9153519868850708]"
8753,1,49.69%,89.06%,0.0884,"[0.08428600430488586, 0.9157140254974365]"
8754,1,49.70%,89.06%,0.0881,"[0.08471362292766571, 0.9152863621711731]"
8755,0,49.69%,89.06%,0.0124,"[0.9871187210083008, 0.01288128923624754]"
8756,0,49.69%,89.06%,0.0078,"[0.9921423196792603, 0.007857732474803925]"
8757,0,49.68%,89.06%,0.0071,"[0.9929025769233704, 0.0070973956026136875]"
8758,1,49.69%,89.06%,0.0959,"[0.09143710136413574, 0.908562958240509]"
8759,1,49.69%,89.06%,0.089,"[0.08624529838562012, 0.9137547016143799]"
8760,0,49.69%,89.07%,0.0073,"[0.9927309155464172, 0.007269037421792746]"
8761,1,49.69%,89.07%,0.0873,"[0.08315566927194595, 0.9168442487716675]"
8762,1,49.70%,89.07%,0.0923,"[0.08658373355865479, 0.91341632604599]"
8763,1,49.70%,89.07%,0.0862,"[0.08306124061346054, 0.9169387817382812]"
8764,0,49.70%,89.07%,0.1303,"[0.9702945947647095, 0.029705455526709557]"
8765,1,49.70%,89.07%,0.0878,"[0.08418803662061691, 0.9158120155334473]"
8766,1,49.71%,89.07%,0.0912,"[0.08943156898021698, 0.9105684161186218]"
8767,1,49.71%,89.07%,0.0915,"[0.08688013255596161, 0.913119912147522]"
8768,0,49.71%,89.08%,0.0071,"[0.9929526448249817, 0.007047335617244244]"
8769,1,49.71%,89.08%,0.0899,"[0.08619599044322968, 0.9138039946556091]"
8770,0,49.71%,89.08%,0.0079,"[0.9921271800994873, 0.007872809655964375]"
8771,0,49.70%,89.08%,0.007,"[0.9929929971694946, 0.007006982807070017]"
8772,1,49.71%,89.08%,0.0858,"[0.0819363221526146, 0.9180637001991272]"
8773,0,49.70%,89.08%,0.009,"[0.9909486174583435, 0.00905140582472086]"
8774,0,49.70%,89.08%,0.014,"[0.9811867475509644, 0.018813200294971466]"
8775,0,49.69%,89.08%,0.007,"[0.9930101037025452, 0.006989843677729368]"
8776,0,49.69%,89.09%,0.3796,"[0.6414958834648132, 0.3585040867328644]"
8777,0,49.68%,89.09%,0.008,"[0.9920097589492798, 0.007990292273461819]"
8778,0,49.68%,89.08%,2.5152,"[0.08090955764055252, 0.9190903902053833]"
8779,0,49.67%,89.07%,2.5074,"[0.08289889246225357, 0.9171010851860046]"
8780,1,49.68%,89.07%,0.0869,"[0.08362051844596863, 0.916379451751709]"
8781,0,49.67%,89.06%,2.2394,"[0.12348073720932007, 0.8765192031860352]"
8782,1,49.68%,89.06%,0.0886,"[0.08832180500030518, 0.9116781949996948]"
8783,0,49.67%,89.06%,0.4477,"[0.9866144061088562, 0.013385599479079247]"
8784,1,49.68%,89.06%,0.0939,"[0.08981093019247055, 0.9101890325546265]"
8785,0,49.67%,89.06%,0.0071,"[0.9929403066635132, 0.007059652358293533]"
8786,1,49.68%,89.06%,0.0922,"[0.08844469487667084, 0.9115553498268127]"
8787,1,49.68%,89.06%,0.1061,"[0.09792570024728775, 0.9020742774009705]"
8788,1,49.69%,89.07%,0.0939,"[0.08879385888576508, 0.9112061262130737]"
8789,0,49.68%,89.07%,0.0072,"[0.992800235748291, 0.007199715822935104]"
8790,1,49.69%,89.07%,0.1003,"[0.09542524814605713, 0.9045746922492981]"
8791,0,49.68%,89.07%,0.0072,"[0.9928489923477173, 0.007151052355766296]"
8792,1,49.69%,89.07%,0.0949,"[0.0900324285030365, 0.9099676012992859]"
8793,0,49.68%,89.07%,0.0072,"[0.9927738904953003, 0.007226034998893738]"
8794,0,49.68%,89.07%,0.0081,"[0.992233395576477, 0.007766559720039368]"
8795,0,49.67%,89.07%,0.0075,"[0.992576003074646, 0.007424010895192623]"
8796,0,49.66%,89.08%,0.0084,"[0.9916447997093201, 0.008355245925486088]"
8797,1,49.67%,89.08%,0.0962,"[0.0905953124165535, 0.9094046950340271]"
8798,0,49.66%,89.08%,0.0071,"[0.9929008483886719, 0.0070991977117955685]"
8799,1,49.67%,89.08%,0.0935,"[0.08963128924369812, 0.9103687405586243]"
8800,0,49.66%,89.07%,1.9524,"[0.17117244005203247, 0.8288275003433228]"
8801,1,49.67%,89.07%,0.1021,"[0.09656126797199249, 0.9034386873245239]"
8802,1,49.68%,89.07%,0.0979,"[0.09412745386362076, 0.9058725237846375]"
8803,1,49.68%,89.07%,0.112,"[0.1062765046954155, 0.8937234282493591]"
8804,0,49.68%,89.07%,0.0073,"[0.9926855564117432, 0.007314460817724466]"
8805,1,49.68%,89.08%,0.0995,"[0.09348203241825104, 0.9065179228782654]"
8806,0,49.68%,89.08%,0.0077,"[0.992405354976654, 0.007594615686684847]"
8807,0,49.67%,89.08%,0.0088,"[0.9910077452659607, 0.008992267772555351]"
8808,1,49.68%,89.08%,0.1878,"[0.367456316947937, 0.632543683052063]"
8809,1,49.68%,89.08%,0.1325,"[0.12020692974328995, 0.879793107509613]"
8810,1,49.69%,89.08%,0.0994,"[0.09564276039600372, 0.9043572545051575]"
8811,1,49.69%,89.08%,0.1579,"[0.1397094577550888, 0.86029052734375]"
8812,1,49.70%,89.08%,0.1465,"[0.1319216787815094, 0.8680782914161682]"
8813,1,49.71%,89.09%,0.1218,"[0.10245106369256973, 0.8975489139556885]"
8814,0,49.70%,89.09%,0.0072,"[0.9927845001220703, 0.007215555291622877]"
8815,0,49.69%,89.09%,0.0072,"[0.9928211569786072, 0.007178842555731535]"
8816,0,49.69%,89.09%,0.0073,"[0.9926982522010803, 0.007301737554371357]"
8817,0,49.68%,89.09%,0.0071,"[0.9928602576255798, 0.007139705121517181]"
8818,0,49.68%,89.09%,0.0072,"[0.9928023219108582, 0.007197602652013302]"
8819,1,49.68%,89.09%,0.0995,"[0.09340859949588776, 0.9065914154052734]"
8820,1,49.69%,89.09%,0.0902,"[0.08587431907653809, 0.9141256809234619]"
8821,1,49.69%,89.10%,0.101,"[0.09466490894556046, 0.9053351283073425]"
8822,1,49.70%,89.10%,0.0942,"[0.09833620488643646, 0.9016637802124023]"
8823,0,49.69%,89.10%,0.0074,"[0.9926804900169373, 0.007319468539208174]"
8824,1,49.70%,89.10%,0.0921,"[0.09048186987638474, 0.9095181822776794]"
8825,0,49.69%,89.10%,0.0168,"[0.9875703454017639, 0.012429636903107166]"
8826,0,49.69%,89.10%,0.0076,"[0.9922773838043213, 0.007722555194050074]"
8827,1,49.69%,89.10%,0.0908,"[0.08883142471313477, 0.9111685752868652]"
8828,1,49.70%,89.10%,0.0857,"[0.08278178423643112, 0.9172182083129883]"
8829,0,49.69%,89.11%,0.0076,"[0.9924036264419556, 0.007596384268254042]"
8830,0,49.69%,89.11%,0.0092,"[0.9911330342292786, 0.008867012336850166]"
8831,0,49.68%,89.11%,0.0108,"[0.9531568884849548, 0.04684310778975487]"
8832,1,49.69%,89.11%,0.0888,"[0.08422178775072098, 0.9157782196998596]"
8833,0,49.68%,89.11%,0.0122,"[0.9885089993476868, 0.011491031385958195]"
8834,0,49.68%,89.11%,0.0069,"[0.9930746555328369, 0.0069253770634531975]"
8835,0,49.67%,89.11%,0.0071,"[0.992938756942749, 0.0070611597038805485]"
8836,0,49.67%,89.10%,2.0904,"[0.11646701395511627, 0.8835329413414001]"
8837,0,49.66%,89.10%,0.0085,"[0.991549015045166, 0.008451007306575775]"
8838,0,49.65%,89.11%,0.0071,"[0.9929412603378296, 0.0070587703958153725]"
8839,1,49.66%,89.11%,0.0843,"[0.0809694156050682, 0.9190306067466736]"
8840,0,49.66%,89.11%,0.0069,"[0.9931063055992126, 0.0068937139585614204]"
8841,1,49.66%,89.11%,0.0851,"[0.08147753775119781, 0.9185224175453186]"
8842,0,49.66%,89.11%,0.0071,"[0.9929486513137817, 0.007051378022879362]"
8843,1,49.66%,89.11%,0.0892,"[0.08576785027980804, 0.9142321348190308]"
8844,1,49.67%,89.11%,0.0917,"[0.08907710015773773, 0.9109228849411011]"
8845,1,49.67%,89.11%,0.0922,"[0.08907787501811981, 0.910922110080719]"
8846,1,49.68%,89.11%,0.0946,"[0.09197868406772614, 0.9080213308334351]"
8847,0,49.67%,89.12%,0.0076,"[0.9924778938293457, 0.007522099185734987]"
8848,0,49.67%,89.12%,0.007,"[0.9929874539375305, 0.0070125022903084755]"
8849,1,49.67%,89.12%,0.0904,"[0.08688147366046906, 0.9131185412406921]"
8850,1,49.68%,89.12%,0.0956,"[0.08848582953214645, 0.9115141034126282]"
8851,0,49.67%,89.12%,0.0118,"[0.9913689494132996, 0.008631021715700626]"
8852,1,49.68%,89.12%,0.0851,"[0.08155886083841324, 0.9184411764144897]"
8853,1,49.68%,89.12%,0.0918,"[0.08678507804870605, 0.913214921951294]"
8854,0,49.68%,89.12%,0.0069,"[0.9931671023368835, 0.006832951679825783]"
8855,1,49.68%,89.13%,0.0891,"[0.0875546932220459, 0.9124453067779541]"
8856,1,49.69%,89.13%,0.0944,"[0.09230905771255493, 0.9076908826828003]"
8857,0,49.68%,89.12%,2.4457,"[0.08649137616157532, 0.9135085940361023]"
8858,0,49.68%,89.12%,0.0069,"[0.9931748509407043, 0.006825150456279516]"
8859,1,49.68%,89.12%,0.0846,"[0.08125194162130356, 0.9187480807304382]"
8860,1,49.69%,89.11%,1.8062,"[0.5138612985610962, 0.4861387610435486]"
8861,1,49.70%,89.11%,0.0931,"[0.08742392808198929, 0.9125760197639465]"
8862,0,49.69%,89.11%,0.0069,"[0.9931208491325378, 0.006879146676510572]"
8863,1,49.70%,89.11%,0.0918,"[0.08969683200120926, 0.9103032350540161]"
8864,1,49.70%,89.11%,0.0855,"[0.08180894702672958, 0.9181910157203674]"
8865,0,49.70%,89.12%,0.007,"[0.9929646253585815, 0.0070353602059185505]"
8866,0,49.69%,89.12%,0.0069,"[0.9930798411369324, 0.006920204032212496]"
8867,1,49.70%,89.12%,0.0976,"[0.08826213330030441, 0.9117377996444702]"
8868,1,49.70%,89.12%,0.0907,"[0.08924590796232224, 0.9107540845870972]"
8869,0,49.70%,89.12%,0.3294,"[0.63127601146698, 0.36872398853302]"
8870,1,49.70%,89.12%,0.0851,"[0.08142740279436111, 0.9185726046562195]"
8871,0,49.70%,89.12%,0.007,"[0.9930226802825928, 0.0069772712886333466]"
8872,1,49.70%,89.12%,0.09,"[0.08507930487394333, 0.9149207472801208]"
8873,0,49.70%,89.13%,0.0072,"[0.9928461909294128, 0.007153849117457867]"
8874,1,49.70%,89.13%,0.0839,"[0.08060572296380997, 0.919394314289093]"
8875,1,49.71%,89.13%,0.0924,"[0.08455042541027069, 0.9154496192932129]"
8876,1,49.71%,89.13%,0.0875,"[0.08662118762731552, 0.9133788347244263]"
8877,0,49.71%,89.13%,0.0069,"[0.9930779337882996, 0.0069220950827002525]"
8878,1,49.71%,89.13%,0.0876,"[0.08542389422655106, 0.9145761132240295]"
8879,1,49.72%,89.13%,0.0884,"[0.08360616117715836, 0.9163938760757446]"
8880,0,49.71%,89.13%,0.0071,"[0.9929426908493042, 0.007057292852550745]"
8881,0,49.71%,89.14%,0.0079,"[0.9922194480895996, 0.007780617568641901]"
8882,1,49.71%,89.14%,0.0904,"[0.08751266449689865, 0.9124873280525208]"
8883,1,49.72%,89.14%,0.0837,"[0.08014252781867981, 0.9198574423789978]"
8884,1,49.72%,89.14%,0.0889,"[0.08368536084890366, 0.9163146615028381]"
8885,1,49.73%,89.14%,0.0974,"[0.09382490068674088, 0.9061751365661621]"
8886,0,49.72%,89.14%,0.0072,"[0.9928401708602905, 0.007159845903515816]"
8887,1,49.73%,89.14%,0.0827,"[0.0793113112449646, 0.9206886887550354]"
8888,0,49.72%,89.14%,0.007,"[0.9930671453475952, 0.006932848133146763]"
8889,1,49.73%,89.15%,0.0819,"[0.07859796285629272, 0.9214020371437073]"
8890,1,49.74%,89.15%,0.0873,"[0.08288727700710297, 0.9171127080917358]"
8891,0,49.73%,89.15%,0.0233,"[0.9599265456199646, 0.040073491632938385]"
8892,1,49.74%,89.15%,0.0907,"[0.08820357918739319, 0.9117963910102844]"
8893,1,49.74%,89.15%,0.0883,"[0.08351384848356247, 0.9164861440658569]"
8894,1,49.75%,89.15%,0.0849,"[0.0827629417181015, 0.9172370433807373]"
8895,0,49.74%,89.14%,2.4632,"[0.08498504012823105, 0.915014922618866]"
8896,1,49.75%,89.14%,0.0895,"[0.08748210966587067, 0.9125178456306458]"
8897,0,49.74%,89.14%,0.0069,"[0.9931690692901611, 0.00683090602979064]"
8898,1,49.75%,89.14%,0.0873,"[0.0825202539563179, 0.9174797534942627]"
8899,0,49.74%,89.13%,2.0943,"[0.11345310509204865, 0.8865469098091125]"
8900,0,49.74%,89.14%,0.0069,"[0.9931607246398926, 0.006839309819042683]"
8901,0,49.73%,89.13%,2.4009,"[0.08833122998476028, 0.9116687774658203]"
8902,1,49.74%,89.13%,0.0825,"[0.0790463238954544, 0.9209536910057068]"
8903,0,49.73%,89.12%,2.4056,"[0.08982459455728531, 0.9101753830909729]"
8904,0,49.72%,89.12%,0.0069,"[0.9931535720825195, 0.006846478208899498]"
8905,0,49.72%,89.12%,0.0069,"[0.9931193590164185, 0.006880606058984995]"
8906,1,49.72%,89.12%,0.1125,"[0.10287954658269882, 0.8971204161643982]"
8907,0,49.72%,89.12%,0.0069,"[0.9930785298347473, 0.006921508349478245]"
8908,1,49.72%,89.12%,0.0903,"[0.08687137812376022, 0.913128674030304]"
8909,1,49.73%,89.12%,0.0925,"[0.08897678554058075, 0.9110231995582581]"
8910,0,49.73%,89.13%,0.0481,"[0.9603573083877563, 0.03964263200759888]"
8911,0,49.72%,89.13%,0.007,"[0.9930616021156311, 0.006938401609659195]"
8912,0,49.71%,89.13%,0.007,"[0.9930433034896851, 0.0069566830061376095]"
8913,0,49.71%,89.13%,0.0076,"[0.9924758076667786, 0.007524170912802219]"
8914,0,49.70%,89.13%,0.007,"[0.9930033087730408, 0.0069966851733624935]"
8915,1,49.71%,89.13%,0.0988,"[0.09421852976083755, 0.9057814478874207]"
8916,0,49.70%,89.13%,0.007,"[0.9930110573768616, 0.006988914217799902]"
8917,0,49.70%,89.12%,2.0122,"[0.1474195271730423, 0.8525805473327637]"
8918,0,49.69%,89.12%,0.007,"[0.9929928779602051, 0.007007139269262552]"
8919,1,49.70%,89.13%,0.1086,"[0.10448615998029709, 0.8955138921737671]"
8920,0,49.69%,89.13%,0.007,"[0.9930086135864258, 0.0069913663901388645]"
8921,1,49.70%,89.13%,0.1106,"[0.10695117712020874, 0.893048882484436]"
8922,0,49.69%,89.13%,0.0071,"[0.9929678440093994, 0.007032180204987526]"
8923,1,49.70%,89.13%,0.2726,"[0.2046690434217453, 0.7953310012817383]"
8924,1,49.70%,89.13%,0.1331,"[0.13340385258197784, 0.8665961027145386]"
8925,1,49.71%,89.13%,0.3361,"[0.28824299573898315, 0.7117569446563721]"
8926,1,49.71%,89.13%,0.1135,"[0.10690082609653473, 0.8930991291999817]"
8927,1,49.72%,89.14%,0.1865,"[0.15693193674087524, 0.8430680632591248]"
8928,0,49.71%,89.13%,1.3279,"[0.2734777629375458, 0.7265222072601318]"
8929,1,49.72%,89.13%,0.2535,"[0.18166513741016388, 0.8183348178863525]"
8930,0,49.71%,89.13%,0.007,"[0.9929932951927185, 0.007006701081991196]"
8931,1,49.72%,89.12%,4.7209,"[0.9912192225456238, 0.008780802600085735]"
8932,0,49.71%,89.11%,1.7545,"[0.1524662971496582, 0.8475337028503418]"
8933,0,49.71%,89.11%,0.0326,"[0.974540650844574, 0.025459405034780502]"
8934,0,49.70%,89.11%,0.0094,"[0.9901115298271179, 0.00988843198865652]"
8935,0,49.70%,89.11%,0.0072,"[0.9928273558616638, 0.007172608748078346]"
8936,0,49.69%,89.11%,0.0073,"[0.9927379488945007, 0.00726201431825757]"
8937,1,49.70%,89.11%,0.1073,"[0.10361205041408539, 0.8963879346847534]"
8938,1,49.70%,89.12%,0.108,"[0.10540490597486496, 0.8945950269699097]"
8939,1,49.71%,89.12%,0.1266,"[0.11554524302482605, 0.8844547867774963]"
8940,1,49.71%,89.12%,0.2251,"[0.18822908401489258, 0.8117708563804626]"
8941,1,49.72%,89.11%,3.1386,"[0.9755693674087524, 0.024430595338344574]"
8942,0,49.71%,89.11%,0.0073,"[0.9926793575286865, 0.007320605218410492]"
8943,1,49.72%,89.11%,0.1064,"[0.10134442150592804, 0.8986555337905884]"
8944,1,49.73%,89.11%,0.1045,"[0.09639355540275574, 0.9036064743995667]"
8945,1,49.73%,89.11%,0.1441,"[0.127744659781456, 0.8722553849220276]"
8946,0,49.73%,89.11%,0.0075,"[0.9925732612609863, 0.0074266670271754265]"
8947,1,49.73%,89.11%,0.1223,"[0.10748714208602905, 0.892512857913971]"
8948,0,49.73%,89.12%,0.0077,"[0.9923564195632935, 0.007643624674528837]"
8949,0,49.72%,89.12%,0.0079,"[0.9921563863754272, 0.007843567058444023]"
8950,1,49.73%,89.12%,0.3916,"[0.12655752897262573, 0.8734424710273743]"
8951,0,49.72%,89.12%,0.0076,"[0.9924691319465637, 0.0075308396480977535]"
8952,1,49.73%,89.12%,0.1049,"[0.10392944514751434, 0.8960705399513245]"
8953,0,49.72%,89.11%,1.2488,"[0.4878090023994446, 0.5121909379959106]"
8954,0,49.72%,89.11%,0.0077,"[0.9923139214515686, 0.007686106022447348]"
8955,1,49.72%,89.11%,0.095,"[0.08855707198381424, 0.9114429354667664]"
8956,0,49.72%,89.11%,0.008,"[0.9920734763145447, 0.007926576770842075]"
8957,1,49.72%,89.12%,0.0912,"[0.08688145130872726, 0.9131185412406921]"
8958,0,49.72%,89.11%,2.3049,"[0.09877084940671921, 0.901229202747345]"
8959,0,49.71%,89.11%,1.0605,"[0.7945550084114075, 0.20544499158859253]"
8960,0,49.70%,89.11%,0.0079,"[0.9921775460243225, 0.007822510786354542]"
8961,0,49.70%,89.11%,0.0079,"[0.992152988910675, 0.00784702692180872]"
8962,1,49.70%,89.11%,0.106,"[0.10059265047311783, 0.8994073867797852]"
8963,1,49.71%,89.11%,0.1159,"[0.10601633042097092, 0.8939836621284485]"
8964,1,49.72%,89.11%,0.1127,"[0.10838479548692703, 0.8916151523590088]"
8965,0,49.71%,89.11%,0.0079,"[0.9921343326568604, 0.007865620777010918]"
8966,1,49.72%,89.12%,0.1218,"[0.10549012571573257, 0.8945098519325256]"
8967,1,49.72%,89.11%,2.8063,"[0.9433849453926086, 0.05661505088210106]"
8968,0,49.72%,89.11%,0.0077,"[0.9922789335250854, 0.007721094414591789]"
8969,1,49.72%,89.11%,0.0958,"[0.09092820435762405, 0.9090718030929565]"
8970,0,49.72%,89.11%,0.0078,"[0.9922762513160706, 0.007723794784396887]"
8971,0,49.71%,89.11%,0.0078,"[0.9922573566436768, 0.007742671296000481]"
8972,1,49.72%,89.11%,0.0929,"[0.08883373439311981, 0.9111661911010742]"
8973,1,49.72%,89.11%,0.1,"[0.09690487384796143, 0.9030951857566833]"
8974,1,49.73%,89.11%,0.1026,"[0.09827103465795517, 0.9017289876937866]"
8975,1,49.73%,89.12%,0.1163,"[0.10455118119716644, 0.8954488039016724]"
8976,0,49.73%,89.12%,0.0078,"[0.9922500848770142, 0.00774996867403388]"
8977,1,49.73%,89.12%,0.1037,"[0.10024715960025787, 0.8997528553009033]"
8978,0,49.73%,89.11%,2.2341,"[0.10734312981367111, 0.8926568627357483]"
8979,1,49.73%,89.11%,0.1101,"[0.10089296847581863, 0.8991070985794067]"
8980,1,49.74%,89.11%,0.1041,"[0.09693406522274017, 0.9030659198760986]"
8981,0,49.73%,89.11%,0.008,"[0.9920646548271179, 0.00793532095849514]"
8982,0,49.73%,89.11%,0.0081,"[0.9919759631156921, 0.00802407693117857]"
8983,0,49.72%,89.10%,2.327,"[0.10165183246135712, 0.8983481526374817]"
8984,1,49.73%,89.10%,0.1182,"[0.11701720207929611, 0.8829827308654785]"
8985,0,49.72%,89.11%,0.0079,"[0.9921374917030334, 0.00786247756332159]"
8986,0,49.72%,89.11%,0.008,"[0.9920816421508789, 0.007918303832411766]"
8987,0,49.71%,89.11%,0.0086,"[0.9913835525512695, 0.008616402745246887]"
8988,1,49.72%,89.11%,0.1095,"[0.1086403951048851, 0.8913595676422119]"
8989,0,49.71%,89.11%,0.0079,"[0.9921119213104248, 0.007888049818575382]"
8990,0,49.71%,89.11%,0.1372,"[0.849291980266571, 0.15070804953575134]"
8991,0,49.70%,89.11%,0.0082,"[0.9918839931488037, 0.008115997537970543]"
8992,0,49.69%,89.11%,0.0081,"[0.9919106364250183, 0.008089428767561913]"
8993,1,49.70%,89.11%,0.1237,"[0.12209858745336533, 0.8779014348983765]"
8994,0,49.69%,89.12%,0.0093,"[0.9905076026916504, 0.009492390789091587]"
8995,0,49.69%,89.12%,0.008,"[0.9920569062232971, 0.007943072356283665]"
8996,1,49.69%,89.12%,0.1246,"[0.11367696523666382, 0.8863230347633362]"
8997,1,49.70%,89.12%,0.1007,"[0.09651684761047363, 0.9034831523895264]"
8998,1,49.71%,89.12%,0.1297,"[0.12760359048843384, 0.8723964095115662]"
8999,1,49.71%,89.12%,0.114,"[0.11707980930805206, 0.8829202055931091]"
9000,1,49.72%,89.12%,0.6618,"[0.22798295319080353, 0.7720170617103577]"
9001,0,49.71%,89.11%,2.1325,"[0.13022387027740479, 0.8697761297225952]"
9002,1,49.72%,89.11%,0.1336,"[0.11729330569505692, 0.8827067017555237]"
9003,0,49.71%,89.12%,0.008,"[0.9920392036437988, 0.007960815913975239]"
9004,1,49.72%,89.12%,0.1422,"[0.15226638317108154, 0.8477336168289185]"
9005,0,49.71%,89.12%,0.0081,"[0.9919673800468445, 0.008032549172639847]"
9006,1,49.72%,89.12%,0.2776,"[0.25564584136009216, 0.7443541884422302]"
9007,1,49.72%,89.12%,0.1731,"[0.14626184105873108, 0.8537381291389465]"
9008,0,49.72%,89.12%,0.0079,"[0.9920938611030579, 0.00790608674287796]"
9009,1,49.72%,89.12%,0.0994,"[0.09541043639183044, 0.9045895338058472]"
9010,1,49.73%,89.12%,0.3335,"[0.24465470016002655, 0.7553452849388123]"
9011,0,49.72%,89.13%,0.4452,"[0.7252753973007202, 0.274724543094635]"
9012,0,49.72%,89.13%,0.008,"[0.9919935464859009, 0.008006462827324867]"
9013,0,49.71%,89.12%,1.9648,"[0.14404818415641785, 0.8559518456459045]"
9014,0,49.71%,89.12%,0.0086,"[0.991457998752594, 0.008541988208889961]"
9015,0,49.70%,89.12%,0.0081,"[0.9919493198394775, 0.00805065780878067]"
9016,0,49.70%,89.12%,0.0086,"[0.9914741516113281, 0.008525881916284561]"
9017,1,49.70%,89.12%,0.1054,"[0.1026369109749794, 0.8973631262779236]"
9018,0,49.70%,89.12%,0.0083,"[0.9917711615562439, 0.008228762075304985]"
9019,1,49.70%,89.12%,0.1284,"[0.12623989582061768, 0.8737601041793823]"
9020,0,49.70%,89.11%,1.6241,"[0.2130008190870285, 0.7869992256164551]"
9021,0,49.69%,89.12%,0.0081,"[0.9919509887695312, 0.008049028925597668]"
9022,0,49.68%,89.12%,0.0082,"[0.9919090867042542, 0.008090917021036148]"
9023,1,49.69%,89.12%,0.0992,"[0.09337568283081055, 0.9066243767738342]"
9024,1,49.70%,89.12%,0.099,"[0.09491009265184402, 0.9050899147987366]"
9025,1,49.70%,89.12%,0.1528,"[0.12529708445072174, 0.8747028708457947]"
9026,0,49.70%,89.12%,0.008,"[0.9920135140419006, 0.007986468262970448]"
9027,0,49.69%,89.12%,0.008,"[0.9920220375061035, 0.007977927103638649]"
9028,1,49.70%,89.12%,0.1194,"[0.115745909512043, 0.8842540979385376]"
9029,0,49.69%,89.11%,1.2052,"[0.2630787789821625, 0.7369212508201599]"
9030,1,49.70%,89.12%,0.1024,"[0.09714286774396896, 0.9028571248054504]"
9031,0,49.69%,89.12%,0.0082,"[0.9918670058250427, 0.008132989518344402]"
9032,0,49.68%,89.11%,1.8871,"[0.14471441507339478, 0.85528564453125]"
9033,1,49.69%,89.11%,0.1163,"[0.1090969517827034, 0.8909030556678772]"
9034,1,49.70%,89.11%,0.1004,"[0.0954355001449585, 0.9045644998550415]"
9035,0,49.69%,89.11%,0.008,"[0.9920750856399536, 0.007924951612949371]"
9036,0,49.68%,89.11%,0.0081,"[0.9919312596321106, 0.008068728260695934]"
9037,0,49.68%,89.11%,0.0083,"[0.9916900396347046, 0.00830988958477974]"
9038,1,49.68%,89.11%,0.1053,"[0.10049248486757278, 0.899507462978363]"
9039,1,49.69%,89.12%,0.2611,"[0.22001956403255463, 0.779980480670929]"
9040,1,49.70%,89.12%,0.1059,"[0.10052356868982315, 0.8994764089584351]"
9041,0,49.69%,89.12%,0.008,"[0.9920057654380798, 0.0079942736774683]"
9042,1,49.70%,89.12%,0.1678,"[0.1783195286989212, 0.8216804265975952]"
9043,1,49.70%,89.12%,0.174,"[0.16656900942325592, 0.8334310054779053]"
9044,1,49.71%,89.12%,0.1623,"[0.15597723424434662, 0.8440227508544922]"
9045,1,49.71%,89.12%,0.1077,"[0.10208014398813248, 0.8979198336601257]"
9046,0,49.71%,89.12%,0.008,"[0.9920685291290283, 0.007931537926197052]"
9047,1,49.71%,89.12%,0.1001,"[0.09568125009536743, 0.9043187499046326]"
9048,0,49.71%,89.13%,0.0079,"[0.9921276569366455, 0.007872340269386768]"
9049,0,49.70%,89.12%,1.1172,"[0.21572045981884003, 0.7842795252799988]"
9050,0,49.70%,89.12%,0.1937,"[0.5332242250442505, 0.46677571535110474]"
9051,0,49.69%,89.12%,0.0093,"[0.9909977912902832, 0.009002250619232655]"
9052,1,49.70%,89.12%,0.261,"[0.3128148913383484, 0.6871851682662964]"
9053,1,49.70%,89.12%,0.1185,"[0.11186298727989197, 0.8881370425224304]"
9054,1,49.71%,89.12%,0.1823,"[0.16874465346336365, 0.831255316734314]"
9055,1,49.71%,89.12%,0.2038,"[0.21673744916915894, 0.7832625508308411]"
9056,1,49.72%,89.12%,0.2013,"[0.17715653777122498, 0.8228434920310974]"
9057,0,49.71%,89.13%,0.0079,"[0.9921562671661377, 0.00784365925937891]"
9058,1,49.72%,89.13%,0.107,"[0.10084627568721771, 0.8991537094116211]"
9059,0,49.71%,89.13%,0.0079,"[0.9921663999557495, 0.0078336326405406]"
9060,1,49.72%,89.13%,0.1117,"[0.10511978715658188, 0.8948802351951599]"
9061,1,49.72%,89.13%,0.1066,"[0.10024965554475784, 0.8997503519058228]"
9062,1,49.73%,89.13%,0.0993,"[0.09406367689371109, 0.9059363007545471]"
9063,0,49.72%,89.13%,0.0078,"[0.9922205805778503, 0.007779402192682028]"
9064,0,49.72%,89.13%,0.009,"[0.9912015199661255, 0.008798441849648952]"
9065,1,49.72%,89.14%,0.0992,"[0.09582023322582245, 0.9041797518730164]"
9066,1,49.73%,89.14%,0.0988,"[0.09367312490940094, 0.9063268899917603]"
9067,1,49.74%,89.14%,0.1046,"[0.10395027697086334, 0.8960497379302979]"
9068,1,49.74%,89.14%,0.1035,"[0.09456708282232285, 0.905432939529419]"
9069,1,49.75%,89.14%,0.1067,"[0.10037587583065033, 0.8996241092681885]"
9070,0,49.74%,89.13%,2.1862,"[0.1156795471906662, 0.8843204379081726]"
9071,0,49.74%,89.13%,0.0077,"[0.9923112988471985, 0.007688614539802074]"
9072,1,49.74%,89.13%,0.0942,"[0.08984307944774628, 0.9101569652557373]"
9073,0,49.74%,89.13%,0.0078,"[0.9922409057617188, 0.0077591161243617535]"
9074,0,49.73%,89.13%,0.0114,"[0.9887121915817261, 0.01128782331943512]"
9075,0,49.72%,89.13%,2.3281,"[0.0983758345246315, 0.9016241431236267]"
9076,1,49.73%,89.13%,0.0972,"[0.09322462975978851, 0.9067753553390503]"
9077,1,49.74%,89.13%,0.098,"[0.09365040063858032, 0.9063495993614197]"
9078,1,49.74%,89.13%,0.1041,"[0.09766735881567001, 0.9023326635360718]"
9079,0,49.74%,89.13%,0.0077,"[0.9922926425933838, 0.007707278709858656]"
9080,1,49.74%,89.13%,0.103,"[0.09701966494321823, 0.9029803276062012]"
9081,0,49.74%,89.13%,0.008,"[0.9920444488525391, 0.007955503650009632]"
9082,0,49.73%,89.12%,2.0971,"[0.12387799471616745, 0.876121997833252]"
9083,1,49.74%,89.12%,0.0985,"[0.09369415044784546, 0.9063057899475098]"
9084,0,49.73%,89.12%,0.0258,"[0.9861156940460205, 0.01388426311314106]"
9085,1,49.74%,89.13%,0.1094,"[0.10136406123638153, 0.8986359238624573]"
9086,1,49.74%,89.13%,0.122,"[0.11668273061513901, 0.8833172917366028]"
9087,1,49.75%,89.13%,0.1101,"[0.10459877550601959, 0.8954011797904968]"
9088,1,49.75%,89.13%,0.1202,"[0.11683575063943863, 0.8831642270088196]"
9089,1,49.76%,89.13%,0.1132,"[0.11738429963588715, 0.8826156854629517]"
9090,0,49.75%,89.13%,0.0082,"[0.99184650182724, 0.008153482340276241]"
9091,1,49.76%,89.13%,0.1025,"[0.098949134349823, 0.901050865650177]"
9092,1,49.76%,89.13%,0.1129,"[0.10243615508079529, 0.8975638151168823]"
9093,0,49.76%,89.14%,0.0078,"[0.9922763705253601, 0.007723655551671982]"
9094,1,49.76%,89.14%,0.115,"[0.1108555719256401, 0.8891444206237793]"
9095,1,49.77%,89.14%,0.1033,"[0.0969349592924118, 0.903065025806427]"
9096,0,49.76%,89.14%,0.0077,"[0.992290198802948, 0.007709854748100042]"
9097,1,49.77%,89.14%,0.1103,"[0.1040012463927269, 0.8959987163543701]"
9098,1,49.77%,89.14%,0.0986,"[0.09368988871574402, 0.9063101410865784]"
9099,1,49.78%,89.14%,0.0985,"[0.09371250122785568, 0.9062874913215637]"
9100,1,49.79%,89.14%,0.1021,"[0.09835393726825714, 0.9016460180282593]"
9101,0,49.78%,89.15%,0.0077,"[0.9923149943351746, 0.007685000076889992]"
9102,1,49.79%,89.15%,0.1049,"[0.09871640801429749, 0.9012836217880249]"
9103,1,49.79%,89.15%,0.0951,"[0.09092403203248978, 0.9090760350227356]"
9104,0,49.79%,89.15%,0.0077,"[0.9923462867736816, 0.007653659675270319]"
9105,1,49.79%,89.15%,0.0958,"[0.0912136361002922, 0.9087863564491272]"
9106,1,49.80%,89.15%,0.1071,"[0.09927789866924286, 0.9007221460342407]"
9107,0,49.79%,89.15%,0.008,"[0.9920634627342224, 0.007936567068099976]"
9108,1,49.80%,89.15%,0.101,"[0.09829005599021912, 0.9017099738121033]"
9109,1,49.80%,89.15%,0.107,"[0.10115144401788712, 0.8988485336303711]"
9110,0,49.80%,89.14%,1.9705,"[0.13837336003780365, 0.8616266250610352]"
9111,1,49.80%,89.15%,0.1064,"[0.10134211927652359, 0.8986578583717346]"
9112,1,49.81%,89.15%,0.1006,"[0.09654462337493896, 0.9034553170204163]"
9113,1,49.81%,89.15%,0.1277,"[0.12292305380105972, 0.8770769834518433]"
9114,1,49.82%,89.15%,0.0918,"[0.08763682097196579, 0.9123631715774536]"
9115,1,49.82%,89.15%,0.1011,"[0.09671769291162491, 0.9032823443412781]"
9116,1,49.83%,89.15%,0.0987,"[0.09329172223806381, 0.9067082405090332]"
9117,0,49.82%,89.15%,0.0077,"[0.9923642873764038, 0.007635779678821564]"
9118,0,49.82%,89.15%,0.0077,"[0.9923427700996399, 0.007657166570425034]"
9119,1,49.82%,89.16%,0.1032,"[0.0986630767583847, 0.9013369679450989]"
9120,0,49.82%,89.16%,0.0077,"[0.9923736453056335, 0.0076263658702373505]"
9121,1,49.82%,89.16%,0.1144,"[0.10831406712532043, 0.891685962677002]"
9122,1,49.83%,89.16%,0.0929,"[0.0889100506901741, 0.9110898971557617]"
9123,1,49.84%,89.16%,0.1042,"[0.1001630648970604, 0.8998368978500366]"
9124,0,49.83%,89.16%,0.0076,"[0.992476761341095, 0.007523277774453163]"
9125,0,49.82%,89.16%,0.0075,"[0.9924858808517456, 0.007514054421335459]"
9126,0,49.82%,89.16%,0.0081,"[0.9919068813323975, 0.008093171752989292]"
9127,0,49.81%,89.17%,0.0077,"[0.9923487901687622, 0.007651282008737326]"
9128,0,49.81%,89.17%,0.0107,"[0.9860596656799316, 0.013940284959971905]"
9129,0,49.80%,89.17%,0.0081,"[0.9919722080230713, 0.008027817122638226]"
9130,1,49.81%,89.17%,0.0914,"[0.08719153702259064, 0.9128084182739258]"
9131,1,49.81%,89.17%,0.0961,"[0.09157684445381165, 0.908423125743866]"
9132,1,49.82%,89.17%,0.0941,"[0.0909331664443016, 0.9090668559074402]"
9133,1,49.82%,89.17%,0.1064,"[0.10249336063861847, 0.8975066542625427]"
9134,0,49.82%,89.17%,0.0076,"[0.9924560785293579, 0.007543859072029591]"
9135,0,49.81%,89.17%,0.0078,"[0.9922713041305542, 0.007728707976639271]"
9136,1,49.82%,89.18%,0.0904,"[0.08693224936723709, 0.9130677580833435]"
9137,0,49.81%,89.18%,0.0076,"[0.9924301505088806, 0.007569850888103247]"
9138,1,49.82%,89.18%,0.0904,"[0.08615990728139877, 0.913840115070343]"
9139,0,49.81%,89.17%,2.3323,"[0.09803369641304016, 0.9019663333892822]"
9140,1,49.82%,89.17%,0.1527,"[0.15185894072055817, 0.848141074180603]"
9141,0,49.81%,89.17%,0.0076,"[0.9924114942550659, 0.007588570471853018]"
9142,1,49.82%,89.17%,0.0936,"[0.0891817957162857, 0.9108181595802307]"
9143,1,49.83%,89.17%,0.1073,"[0.09893912822008133, 0.9010608792304993]"
9144,0,49.82%,89.16%,2.3305,"[0.09804914891719818, 0.9019508361816406]"
9145,0,49.81%,89.16%,0.0075,"[0.992567777633667, 0.0074322838336229324]"
9146,1,49.82%,89.17%,0.0968,"[0.09218347072601318, 0.9078165292739868]"
9147,0,49.81%,89.17%,0.0078,"[0.9922177791595459, 0.007782274391502142]"
9148,1,49.82%,89.17%,0.1091,"[0.10209442675113678, 0.8979055285453796]"
9149,0,49.81%,89.17%,0.0076,"[0.9924246072769165, 0.007575333584100008]"
9150,1,49.82%,89.17%,0.1064,"[0.10902121663093567, 0.8909787535667419]"
9151,0,49.81%,89.16%,2.2501,"[0.11191669851541519, 0.8880833387374878]"
9152,0,49.81%,89.16%,0.0078,"[0.9922235608100891, 0.007776450831443071]"
9153,1,49.81%,89.16%,0.122,"[0.11397730559110641, 0.8860227465629578]"
9154,0,49.81%,89.16%,0.0076,"[0.9923986792564392, 0.007601288612931967]"
9155,1,49.81%,89.17%,0.1212,"[0.13307632505893707, 0.8669236302375793]"
9156,0,49.81%,89.17%,0.0077,"[0.9923564195632935, 0.007643606048077345]"
9157,1,49.81%,89.17%,0.099,"[0.09375885874032974, 0.9062411189079285]"
9158,0,49.81%,89.17%,0.0075,"[0.9924830794334412, 0.007516932208091021]"
9159,1,49.81%,89.17%,0.1021,"[0.09691359102725983, 0.9030864238739014]"
9160,0,49.81%,89.17%,0.0076,"[0.9924229979515076, 0.0075769973918795586]"
9161,0,49.80%,89.17%,0.0078,"[0.9922411441802979, 0.007758898660540581]"
9162,1,49.81%,89.17%,0.1019,"[0.09836724400520325, 0.9016327261924744]"
9163,1,49.81%,89.18%,0.1191,"[0.11096552759408951, 0.8890344500541687]"
9164,0,49.81%,89.18%,0.0076,"[0.9924308657646179, 0.007569195702672005]"
9165,1,49.81%,89.18%,0.1001,"[0.09621448069810867, 0.9037854671478271]"
9166,0,49.81%,89.18%,0.0081,"[0.9919329285621643, 0.008067142218351364]"
9167,0,49.80%,89.18%,0.008,"[0.9920123219490051, 0.007987631484866142]"
9168,1,49.81%,89.18%,0.1053,"[0.10044026374816895, 0.899559736251831]"
9169,1,49.81%,89.18%,0.1022,"[0.09703193604946136, 0.9029681086540222]"
9170,0,49.81%,89.18%,0.0081,"[0.9919149875640869, 0.008085010573267937]"
9171,1,49.81%,89.18%,0.1119,"[0.10522063076496124, 0.8947793245315552]"
9172,1,49.82%,89.19%,0.0984,"[0.09398894011974335, 0.9060111045837402]"
9173,1,49.83%,89.19%,0.1095,"[0.09988825768232346, 0.9001117944717407]"
9174,1,49.83%,89.19%,0.1193,"[0.11093370616436005, 0.8890662789344788]"
9175,0,49.83%,89.18%,2.088,"[0.11556939035654068, 0.8844305276870728]"
9176,1,49.83%,89.18%,0.1374,"[0.11684141308069229, 0.8831586241722107]"
9177,0,49.83%,89.17%,2.1931,"[0.1121913269162178, 0.8878087401390076]"
9178,0,49.82%,89.17%,0.0086,"[0.9912029504776001, 0.008797070011496544]"
9179,0,49.81%,89.17%,0.0076,"[0.992469847202301, 0.007530205883085728]"
9180,1,49.82%,89.17%,0.1227,"[0.11455540359020233, 0.8854445815086365]"
9181,1,49.83%,89.17%,0.1287,"[0.10598137229681015, 0.8940185904502869]"
9182,0,49.82%,89.18%,0.0087,"[0.9913347363471985, 0.008665256202220917]"
9183,0,49.81%,89.18%,0.0077,"[0.9923330545425415, 0.007667006924748421]"
9184,0,49.81%,89.18%,0.009,"[0.9911075234413147, 0.008892473764717579]"
9185,0,49.80%,89.18%,0.0076,"[0.9924350380897522, 0.007564898114651442]"
9186,1,49.81%,89.18%,0.1114,"[0.10511653125286102, 0.8948834538459778]"
9187,0,49.80%,89.18%,0.0076,"[0.9924227595329285, 0.0075772954151034355]"
9188,0,49.80%,89.17%,1.5281,"[0.17913103103637695, 0.820868968963623]"
9189,0,49.79%,89.17%,0.008,"[0.9920275807380676, 0.007972442544996738]"
9190,0,49.79%,89.17%,0.0076,"[0.9923902153968811, 0.007609743159264326]"
9191,1,49.79%,89.18%,0.1329,"[0.11643379181623459, 0.8835662603378296]"
9192,1,49.80%,89.18%,0.1102,"[0.10238325595855713, 0.8976167440414429]"
9193,0,49.79%,89.18%,0.0087,"[0.990912914276123, 0.009087050333619118]"
9194,1,49.80%,89.18%,0.1274,"[0.12036560475826263, 0.8796343803405762]"
9195,0,49.79%,89.18%,0.1084,"[0.8163173198699951, 0.18368269503116608]"
9196,1,49.80%,89.18%,0.1149,"[0.11170698702335358, 0.8882930874824524]"
9197,0,49.79%,89.18%,0.0076,"[0.9924417734146118, 0.0075582824647426605]"
9198,1,49.80%,89.18%,0.1181,"[0.10380102694034576, 0.8961989879608154]"
9199,1,49.80%,89.18%,0.2687,"[0.2200411707162857, 0.7799587845802307]"
9200,0,49.80%,89.18%,1.6557,"[0.14806272089481354, 0.8519372940063477]"
9201,1,49.80%,89.18%,0.1966,"[0.15589268505573273, 0.8441072702407837]"
9202,1,49.81%,89.18%,0.1143,"[0.10660640150308609, 0.8933935165405273]"
9203,0,49.80%,89.18%,0.0075,"[0.992486834526062, 0.007513097487390041]"
9204,0,49.80%,89.18%,0.0077,"[0.9923519492149353, 0.0076481071300804615]"
9205,0,49.79%,89.18%,0.0076,"[0.9923847913742065, 0.007615200709551573]"
9206,1,49.80%,89.17%,3.0026,"[0.7271798849105835, 0.2728201448917389]"
9207,1,49.80%,89.17%,0.1643,"[0.14212444424629211, 0.8578755259513855]"
9208,0,49.80%,89.17%,0.0076,"[0.9924605488777161, 0.007539448328316212]"
9209,0,49.79%,89.17%,0.0076,"[0.99240642786026, 0.0075936284847557545]"
9210,0,49.79%,89.18%,0.0084,"[0.991676926612854, 0.008323048241436481]"
9211,1,49.79%,89.18%,0.1359,"[0.13576002418994904, 0.8642399907112122]"
9212,1,49.80%,89.18%,0.1607,"[0.13832782208919525, 0.8616721630096436]"
9213,1,49.80%,89.18%,0.1838,"[0.2333667278289795, 0.7666332125663757]"
9214,0,49.80%,89.18%,0.0077,"[0.992373526096344, 0.007626404520124197]"
9215,1,49.80%,89.18%,0.1077,"[0.11724390089511871, 0.8827561140060425]"
9216,1,49.81%,89.18%,0.2072,"[0.15776288509368896, 0.8422370553016663]"
9217,1,49.82%,89.18%,0.1331,"[0.11682043224573135, 0.8831795454025269]"
9218,1,49.82%,89.19%,0.1074,"[0.10154249519109726, 0.8984574675559998]"
9219,0,49.82%,89.19%,0.0078,"[0.9922228455543518, 0.007777142804116011]"
9220,0,49.81%,89.19%,0.012,"[0.9898271560668945, 0.010172788053750992]"
9221,1,49.82%,89.19%,0.1418,"[0.13405266404151917, 0.8659473061561584]"
9222,1,49.82%,89.19%,0.1023,"[0.09550804644823074, 0.9044920206069946]"
9223,1,49.83%,89.19%,0.0999,"[0.0956847220659256, 0.9043153524398804]"
9224,1,49.83%,89.19%,0.0993,"[0.09335402399301529, 0.9066460132598877]"
9225,0,49.83%,89.18%,1.7546,"[0.2574886083602905, 0.7425113320350647]"
9226,1,49.83%,89.18%,0.1487,"[0.15379779040813446, 0.8462021946907043]"
9227,1,49.84%,89.19%,0.1234,"[0.10972221195697784, 0.8902778029441833]"
9228,1,49.84%,89.19%,0.1167,"[0.12407580763101578, 0.8759242296218872]"
9229,1,49.85%,89.19%,0.0941,"[0.09045424312353134, 0.9095457792282104]"
9230,1,49.85%,89.19%,0.1002,"[0.0952695831656456, 0.9047304391860962]"
9231,1,49.86%,89.19%,0.095,"[0.09129253774881363, 0.9087074398994446]"
9232,0,49.85%,89.19%,0.0083,"[0.9917416572570801, 0.008258375339210033]"
9233,0,49.85%,89.19%,0.0079,"[0.9921748042106628, 0.007825138047337532]"
9234,0,49.84%,89.19%,0.0077,"[0.9922946691513062, 0.007705346681177616]"
9235,1,49.85%,89.19%,0.0987,"[0.09631387889385223, 0.9036861062049866]"
9236,1,49.85%,89.20%,0.0937,"[0.08869490772485733, 0.9113050699234009]"
9237,1,49.86%,89.20%,0.1009,"[0.09812700003385544, 0.9018730521202087]"
9238,0,49.85%,89.19%,2.2372,"[0.10338588058948517, 0.896614134311676]"
9239,1,49.86%,89.19%,0.1116,"[0.11090394854545593, 0.8890960812568665]"
9240,0,49.85%,89.19%,0.0078,"[0.9922216534614563, 0.007778290659189224]"
9241,1,49.86%,89.19%,0.0959,"[0.09372968971729279, 0.9062702655792236]"
9242,0,49.85%,89.19%,0.0087,"[0.9913871884346008, 0.008612827397882938]"
9243,0,49.85%,89.19%,0.0082,"[0.9917588829994202, 0.008241124451160431]"
9244,1,49.85%,89.19%,0.1062,"[0.09945893287658691, 0.9005410075187683]"
9245,1,49.86%,89.20%,0.0943,"[0.09088513255119324, 0.9091148376464844]"
9246,0,49.85%,89.20%,0.0093,"[0.990443766117096, 0.009556248784065247]"
9247,0,49.85%,89.20%,0.0081,"[0.9919388890266418, 0.008061053231358528]"
9248,0,49.84%,89.20%,0.0084,"[0.9917072653770447, 0.008292751386761665]"
9249,1,49.85%,89.20%,0.1023,"[0.09505090117454529, 0.9049490690231323]"
9250,1,49.85%,89.20%,0.0995,"[0.09487971663475037, 0.905120313167572]"
9251,1,49.86%,89.20%,0.1538,"[0.13708333671092987, 0.8629166483879089]"
9252,1,49.86%,89.20%,0.0964,"[0.09231411665678024, 0.9076858758926392]"
9253,1,49.87%,89.20%,0.0998,"[0.0949670821428299, 0.9050329327583313]"
9254,0,49.86%,89.21%,0.0083,"[0.9917535781860352, 0.008246448822319508]"
9255,1,49.87%,89.21%,0.1105,"[0.11090859770774841, 0.889091432094574]"
9256,0,49.86%,89.21%,0.0077,"[0.9923297762870789, 0.0076702614314854145]"
9257,1,49.87%,89.21%,0.0945,"[0.08980419486761093, 0.9101958274841309]"
9258,0,49.86%,89.21%,0.0081,"[0.9919556379318237, 0.008044293150305748]"
9259,1,49.87%,89.21%,0.0928,"[0.08798317611217499, 0.9120168685913086]"
9260,1,49.88%,89.21%,0.107,"[0.10359681397676468, 0.8964031338691711]"
9261,0,49.87%,89.20%,2.306,"[0.10756103694438934, 0.8924388885498047]"
9262,1,49.88%,89.20%,0.0931,"[0.08882869780063629, 0.9111712574958801]"
9263,1,49.88%,89.21%,0.0983,"[0.10135877877473831, 0.8986411690711975]"
9264,1,49.89%,89.21%,0.1028,"[0.10510177910327911, 0.8948982357978821]"
9265,0,49.88%,89.21%,0.008,"[0.9920418858528137, 0.007958161644637585]"
9266,0,49.88%,89.21%,0.5765,"[0.8381593227386475, 0.16184061765670776]"
9267,1,49.88%,89.21%,0.0974,"[0.0947958454489708, 0.9052041172981262]"
9268,0,49.88%,89.21%,0.0079,"[0.9921129941940308, 0.007887035608291626]"
9269,0,49.87%,89.21%,0.0081,"[0.9919375777244568, 0.008062380366027355]"
9270,1,49.88%,89.21%,0.1037,"[0.0959118902683258, 0.9040881395339966]"
9271,0,49.87%,89.20%,2.3867,"[0.0964653491973877, 0.9035346508026123]"
9272,1,49.88%,89.21%,0.0965,"[0.0899798572063446, 0.9100201725959778]"
9273,1,49.88%,89.21%,0.0959,"[0.09123974293470383, 0.9087602496147156]"
9274,1,49.89%,89.21%,0.1129,"[0.10364782810211182, 0.896352231502533]"
9275,0,49.88%,89.21%,0.0127,"[0.9881766438484192, 0.011823350563645363]"
9276,1,49.89%,89.21%,0.0986,"[0.09380987286567688, 0.9061902165412903]"
9277,1,49.89%,89.21%,0.0985,"[0.0950193852186203, 0.9049805998802185]"
9278,0,49.89%,89.20%,2.269,"[0.10713808238506317, 0.8928619027137756]"
9279,1,49.89%,89.20%,0.104,"[0.09660578519105911, 0.9033942222595215]"
9280,0,49.89%,89.20%,0.008,"[0.9920037388801575, 0.007996205240488052]"
9281,1,49.89%,89.20%,0.1116,"[0.11346586048603058, 0.8865341544151306]"
9282,1,49.90%,89.21%,0.0999,"[0.09163983911275864, 0.9083601832389832]"
9283,1,49.90%,89.21%,0.099,"[0.09547995030879974, 0.9045200943946838]"
9284,1,49.91%,89.21%,0.1088,"[0.10603539645671844, 0.8939645886421204]"
9285,0,49.90%,89.21%,0.0077,"[0.9923608899116516, 0.007639078423380852]"
9286,1,49.91%,89.21%,0.1168,"[0.1252753585577011, 0.8747246861457825]"
9287,1,49.91%,89.21%,0.1182,"[0.1109345555305481, 0.8890654444694519]"
9288,1,49.92%,89.21%,0.1387,"[0.14668455719947815, 0.8533154726028442]"
9289,0,49.91%,89.21%,0.0076,"[0.9924777150154114, 0.007522280793637037]"
9290,0,49.91%,89.22%,0.0082,"[0.9916644096374512, 0.008335565216839314]"
9291,0,49.90%,89.22%,1.1318,"[0.9469726085662842, 0.05302744358778]"
9292,1,49.91%,89.22%,0.0986,"[0.09321233630180359, 0.906787633895874]"
9293,1,49.91%,89.22%,0.1597,"[0.1465880125761032, 0.8534119725227356]"
9294,1,49.92%,89.22%,0.1117,"[0.10376065224409103, 0.8962393999099731]"
9295,1,49.92%,89.22%,0.1001,"[0.09381566196680069, 0.9061843156814575]"
9296,0,49.92%,89.22%,0.0076,"[0.9924541115760803, 0.007545873057097197]"
9297,0,49.91%,89.22%,0.2097,"[0.9862863421440125, 0.01371364202350378]"
9298,1,49.92%,89.22%,0.1051,"[0.10188779979944229, 0.8981122374534607]"
9299,0,49.91%,89.23%,0.1034,"[0.7581004500389099, 0.24189959466457367]"
9300,0,49.91%,89.23%,0.0077,"[0.9923263788223267, 0.007673597428947687]"
9301,0,49.90%,89.23%,0.0076,"[0.9924682974815369, 0.007531662937253714]"
9302,1,49.91%,89.23%,0.1123,"[0.10499117523431778, 0.8950088024139404]"
9303,0,49.90%,89.23%,0.0076,"[0.992461621761322, 0.007538449950516224]"
9304,0,49.90%,89.23%,0.0076,"[0.9924299120903015, 0.007570094894617796]"
9305,1,49.90%,89.23%,0.1061,"[0.101765476167202, 0.8982345461845398]"
9306,1,49.91%,89.23%,0.1177,"[0.11322236061096191, 0.8867776393890381]"
9307,1,49.91%,89.24%,0.1588,"[0.13617952167987823, 0.8638204336166382]"
9308,0,49.91%,89.24%,0.0079,"[0.9921054840087891, 0.007894538342952728]"
9309,1,49.91%,89.24%,0.0985,"[0.0943678617477417, 0.9056321382522583]"
9310,1,49.92%,89.24%,0.1135,"[0.10775837302207947, 0.8922416567802429]"
9311,1,49.92%,89.24%,0.1119,"[0.10980689525604248, 0.8901930451393127]"
9312,1,49.93%,89.24%,0.1075,"[0.10153388231992722, 0.8984661102294922]"
9313,0,49.92%,89.24%,0.0074,"[0.9926175475120544, 0.007382446434348822]"
9314,0,49.92%,89.23%,2.2898,"[0.10341975092887878, 0.8965803384780884]"
9315,0,49.91%,89.23%,0.0074,"[0.9926308393478394, 0.007369194645434618]"
9316,1,49.92%,89.23%,0.1018,"[0.09722677618265152, 0.9027732610702515]"
9317,0,49.91%,89.23%,2.2536,"[0.10630695521831512, 0.8936930894851685]"
9318,0,49.91%,89.23%,0.0076,"[0.9924076795578003, 0.0075922803953289986]"
9319,1,49.91%,89.23%,0.1091,"[0.10828959196805954, 0.8917104005813599]"
9320,0,49.91%,89.23%,0.0074,"[0.9925823211669922, 0.007417724002152681]"
9321,0,49.90%,89.23%,0.0074,"[0.9926112294197083, 0.00738876685500145]"
9322,1,49.91%,89.23%,0.1303,"[0.11107008904218674, 0.8889298439025879]"
9323,0,49.90%,89.23%,0.0075,"[0.9925457835197449, 0.00745414849370718]"
9324,0,49.90%,89.23%,0.0074,"[0.9925873875617981, 0.007412571460008621]"
9325,0,49.89%,89.23%,0.0074,"[0.9926073551177979, 0.007392685394734144]"
9326,0,49.89%,89.24%,0.0074,"[0.9925906658172607, 0.007409298792481422]"
9327,1,49.89%,89.24%,0.123,"[0.11560830473899841, 0.8843916654586792]"
9328,0,49.89%,89.24%,0.013,"[0.9875472784042358, 0.012452719733119011]"
9329,1,49.89%,89.24%,0.3024,"[0.22996649146080017, 0.7700335383415222]"
9330,0,49.89%,89.24%,0.0075,"[0.9925652742385864, 0.007434696890413761]"
9331,1,49.89%,89.24%,0.1218,"[0.11483312398195267, 0.8851668834686279]"
9332,1,49.90%,89.24%,0.1212,"[0.11491317301988602, 0.8850868344306946]"
9333,0,49.89%,89.24%,0.0074,"[0.9925873875617981, 0.0074126566760241985]"
9334,0,49.89%,89.24%,0.0074,"[0.9925817251205444, 0.007418222259730101]"
9335,1,49.89%,89.25%,0.1078,"[0.09973817318677902, 0.9002618193626404]"
9336,1,49.90%,89.25%,0.1715,"[0.18376757204532623, 0.8162323832511902]"
9337,0,49.89%,89.25%,0.0075,"[0.9925180673599243, 0.007481937296688557]"
9338,0,49.89%,89.25%,0.017,"[0.981368899345398, 0.01863112859427929]"
9339,1,49.89%,89.25%,0.1144,"[0.1084882915019989, 0.8915116786956787]"
9340,1,49.90%,89.25%,0.1216,"[0.11121613532304764, 0.888783872127533]"
9341,0,49.89%,89.25%,0.0074,"[0.9926179051399231, 0.007382075767964125]"
9342,1,49.90%,89.25%,0.0952,"[0.0914599671959877, 0.9085400104522705]"
9343,1,49.90%,89.26%,0.1034,"[0.10218910872936249, 0.8978108763694763]"
9344,0,49.90%,89.26%,0.0074,"[0.9925978183746338, 0.007402229588478804]"
9345,0,49.89%,89.25%,2.1936,"[0.10282331705093384, 0.8971766829490662]"
9346,0,49.89%,89.24%,2.2956,"[0.1023392602801323, 0.8976607322692871]"
9347,1,49.89%,89.24%,0.1058,"[0.11794371157884598, 0.8820563554763794]"
9348,0,49.89%,89.23%,2.2373,"[0.12064751982688904, 0.8793525099754333]"
9349,0,49.88%,89.23%,0.0074,"[0.9926128387451172, 0.007387126795947552]"
9350,1,49.89%,89.23%,0.1352,"[0.1295665055513382, 0.870433509349823]"
9351,1,49.89%,89.23%,0.1034,"[0.09909020364284515, 0.9009097814559937]"
9352,1,49.90%,89.23%,0.1386,"[0.11666388809680939, 0.8833361864089966]"
9353,0,49.89%,89.22%,2.1224,"[0.11293186247348785, 0.8870681524276733]"
9354,0,49.89%,89.23%,0.0078,"[0.9922343492507935, 0.007765663787722588]"
9355,0,49.88%,89.23%,0.0076,"[0.9924524426460266, 0.007547577377408743]"
9356,1,49.89%,89.23%,0.1604,"[0.1604941189289093, 0.8395058512687683]"
9357,0,49.88%,89.23%,0.0075,"[0.9925351142883301, 0.007464910391718149]"
9358,0,49.88%,89.22%,2.0187,"[0.15500950813293457, 0.8449905514717102]"
9359,0,49.87%,89.22%,0.0076,"[0.9924696087837219, 0.007530455477535725]"
9360,1,49.88%,89.22%,0.117,"[0.11088675260543823, 0.889113187789917]"
9361,0,49.87%,89.22%,0.0076,"[0.9924367070198059, 0.0075632622465491295]"
9362,1,49.88%,89.22%,0.1158,"[0.11025293916463852, 0.8897470235824585]"
9363,0,49.87%,89.22%,0.0077,"[0.9923610091209412, 0.007639054208993912]"
9364,0,49.87%,89.23%,0.0076,"[0.9923957586288452, 0.007604213897138834]"
9365,1,49.87%,89.23%,0.1314,"[0.12010305374860764, 0.879896879196167]"
9366,1,49.88%,89.23%,0.1303,"[0.12241646647453308, 0.8775835633277893]"
9367,0,49.87%,89.23%,0.0082,"[0.9919273853302002, 0.008072657510638237]"
9368,1,49.88%,89.23%,0.1881,"[0.1627388298511505, 0.8372611403465271]"
9369,0,49.87%,89.23%,0.0076,"[0.9924212098121643, 0.007578794378787279]"
9370,0,49.87%,89.23%,0.0077,"[0.9923645257949829, 0.007635501213371754]"
9371,0,49.86%,89.23%,0.0077,"[0.9923356175422668, 0.007664387580007315]"
9372,1,49.87%,89.24%,0.1293,"[0.12295879423618317, 0.877041220664978]"
9373,1,49.87%,89.24%,0.1907,"[0.17598584294319153, 0.8240141272544861]"
9374,0,49.87%,89.24%,0.0076,"[0.9924547672271729, 0.007545219734311104]"
9375,0,49.86%,89.24%,0.0076,"[0.9923874139785767, 0.007612606510519981]"
9376,1,49.87%,89.24%,0.2225,"[0.22231896221637726, 0.7776811122894287]"
9377,1,49.87%,89.23%,1.4185,"[0.5530103445053101, 0.44698965549468994]"
9378,1,49.88%,89.23%,0.113,"[0.10521332174539566, 0.8947866559028625]"
9379,0,49.87%,89.23%,0.0076,"[0.9923921823501587, 0.007607795298099518]"
9380,0,49.87%,89.23%,0.0076,"[0.9924346208572388, 0.007565370760858059]"
9381,1,49.87%,89.23%,0.1155,"[0.10886825621128082, 0.8911317586898804]"
9382,1,49.88%,89.24%,0.1086,"[0.10231531411409378, 0.8976847529411316]"
9383,0,49.87%,89.24%,0.0076,"[0.9924103021621704, 0.007589744869619608]"
9384,0,49.87%,89.24%,0.0078,"[0.9922441840171814, 0.0077557675540447235]"
9385,0,49.86%,89.24%,0.0079,"[0.9922067523002625, 0.007793269120156765]"
9386,0,49.86%,89.24%,0.0077,"[0.9923442006111145, 0.0076557970605790615]"
9387,1,49.86%,89.24%,0.1074,"[0.10280831903219223, 0.8971917033195496]"
9388,1,49.87%,89.24%,0.1167,"[0.11185476183891296, 0.8881452083587646]"
9389,1,49.87%,89.24%,0.1297,"[0.11828655749559402, 0.8817135095596313]"
9390,0,49.87%,89.25%,0.0077,"[0.9923719167709351, 0.007628054358065128]"
9391,1,49.87%,89.25%,0.1131,"[0.11106793582439423, 0.8889320492744446]"
9392,1,49.88%,89.25%,0.1092,"[0.10929432511329651, 0.8907056450843811]"
9393,0,49.87%,89.24%,1.89,"[0.14613716304302216, 0.8538628220558167]"
9394,0,49.87%,89.24%,0.0232,"[0.9814188480377197, 0.018581131473183632]"
9395,1,49.87%,89.24%,0.1054,"[0.10083699971437454, 0.899163007736206]"
9396,0,49.87%,89.24%,0.0076,"[0.9924306273460388, 0.007569407112896442]"
9397,0,49.86%,89.24%,0.0079,"[0.9921894073486328, 0.007810610346496105]"
9398,0,49.86%,89.24%,0.0079,"[0.9921061992645264, 0.00789386685937643]"
9399,1,49.86%,89.24%,0.1002,"[0.09543883800506592, 0.9045611619949341]"
9400,0,49.86%,89.25%,0.0079,"[0.9921509027481079, 0.007849166169762611]"
9401,0,49.85%,89.24%,1.4125,"[0.18858054280281067, 0.8114194869995117]"
9402,0,49.85%,89.24%,0.0077,"[0.992324709892273, 0.00767526077106595]"
9403,0,49.84%,89.24%,0.0078,"[0.9921781420707703, 0.007821904495358467]"
9404,0,49.84%,89.24%,0.0077,"[0.9923751950263977, 0.007624828722327948]"
9405,0,49.83%,89.24%,0.0879,"[0.9173557162284851, 0.08264423161745071]"
9406,0,49.82%,89.24%,0.0177,"[0.9865915179252625, 0.013408406637609005]"
9407,0,49.82%,89.24%,0.008,"[0.9920529127120972, 0.007947064004838467]"
9408,0,49.81%,89.24%,0.0116,"[0.9891607165336609, 0.010839257389307022]"
9409,1,49.82%,89.25%,0.1044,"[0.09850770980119705, 0.9014923572540283]"
9410,0,49.81%,89.25%,0.0076,"[0.9924029111862183, 0.007597067393362522]"
9411,0,49.81%,89.25%,0.0076,"[0.9924659729003906, 0.00753409881144762]"
9412,1,49.81%,89.25%,0.1051,"[0.10039917379617691, 0.8996008634567261]"
9413,1,49.82%,89.25%,0.2857,"[0.23251406848430634, 0.7674859166145325]"
9414,1,49.82%,89.25%,0.1952,"[0.14668335020542145, 0.8533166646957397]"
9415,1,49.83%,89.25%,0.1476,"[0.15617428719997406, 0.8438256978988647]"
9416,1,49.84%,89.25%,0.1087,"[0.10359277576208115, 0.8964073061943054]"
9417,1,49.84%,89.25%,0.2925,"[0.2653122544288635, 0.7346877455711365]"
9418,0,49.84%,89.26%,0.0075,"[0.9925035238265991, 0.007496447302401066]"
9419,0,49.83%,89.26%,0.0075,"[0.9925082325935364, 0.0074918377213180065]"
9420,0,49.82%,89.26%,0.0076,"[0.9924523234367371, 0.007547716144472361]"
9421,0,49.82%,89.26%,0.0076,"[0.9924539923667908, 0.007546081207692623]"
9422,0,49.81%,89.26%,0.0076,"[0.9924170970916748, 0.007582923397421837]"
9423,1,49.82%,89.26%,0.1278,"[0.12062744051218033, 0.8793725371360779]"
9424,1,49.82%,89.26%,0.1275,"[0.11781783401966095, 0.8821821212768555]"
9425,1,49.83%,89.26%,0.0996,"[0.09503214806318283, 0.9049679040908813]"
9426,1,49.84%,89.26%,0.1151,"[0.13108868896961212, 0.8689113259315491]"
9427,0,49.83%,89.27%,0.0077,"[0.9923933744430542, 0.007606592494994402]"
9428,1,49.84%,89.27%,0.1358,"[0.11793529242277145, 0.882064700126648]"
9429,0,49.83%,89.27%,0.0087,"[0.9913601279258728, 0.008639839477837086]"
9430,1,49.84%,89.27%,0.1856,"[0.1337965726852417, 0.8662033677101135]"
9431,1,49.84%,89.27%,0.1267,"[0.11868440359830856, 0.8813156485557556]"
9432,1,49.85%,89.27%,0.1164,"[0.10270825028419495, 0.8972917199134827]"
9433,1,49.85%,89.27%,0.1152,"[0.10755307972431183, 0.8924468755722046]"
9434,1,49.86%,89.27%,0.1488,"[0.13635772466659546, 0.8636423349380493]"
9435,0,49.85%,89.28%,0.0074,"[0.9925958514213562, 0.0074041918851435184]"
9436,0,49.85%,89.28%,0.0075,"[0.9925487041473389, 0.007451217621564865]"
9437,1,49.85%,89.28%,0.1011,"[0.09672295302152634, 0.9032769799232483]"
9438,1,49.86%,89.28%,0.1491,"[0.13402259349822998, 0.86597740650177]"
9439,1,49.86%,89.28%,0.108,"[0.10159444808959961, 0.8984054923057556]"
9440,0,49.86%,89.27%,2.1725,"[0.11409712582826614, 0.8859028816223145]"
9441,0,49.85%,89.27%,0.0076,"[0.9924671053886414, 0.007532922085374594]"
9442,1,49.86%,89.27%,0.1093,"[0.1038767397403717, 0.8961232304573059]"
9443,1,49.86%,89.27%,0.1139,"[0.10390197485685349, 0.8960979580879211]"
9444,0,49.86%,89.27%,0.0139,"[0.9894172549247742, 0.010582683607935905]"
9445,1,49.86%,89.28%,0.1087,"[0.10565061122179031, 0.8943493366241455]"
9446,1,49.87%,89.28%,0.0947,"[0.09058523923158646, 0.9094147682189941]"
9447,0,49.86%,89.28%,0.008,"[0.9918423891067505, 0.008157575502991676]"
9448,1,49.87%,89.28%,0.0993,"[0.09318014234304428, 0.9068198800086975]"
9449,0,49.86%,89.28%,0.0073,"[0.9926803708076477, 0.007319555152207613]"
9450,1,49.87%,89.28%,0.0967,"[0.09241873025894165, 0.9075812101364136]"
9451,1,49.87%,89.28%,0.0935,"[0.0895804837346077, 0.9104195237159729]"
9452,1,49.88%,89.28%,0.112,"[0.11056429892778397, 0.8894357085227966]"
9453,0,49.87%,89.28%,0.0076,"[0.9923961758613586, 0.007603829260915518]"
9454,1,49.88%,89.29%,0.1033,"[0.09875548630952835, 0.9012445211410522]"
9455,0,49.87%,89.29%,0.0073,"[0.9926884174346924, 0.007311608642339706]"
9456,1,49.88%,89.29%,0.0968,"[0.09357660263776779, 0.9064234495162964]"
9457,0,49.87%,89.29%,0.0077,"[0.9923614263534546, 0.0076385075226426125]"
9458,0,49.87%,89.29%,0.0075,"[0.9925284385681152, 0.00747156934812665]"
9459,1,49.87%,89.29%,0.092,"[0.08804643899202347, 0.9119535088539124]"
9460,0,49.87%,89.29%,0.0082,"[0.9912400841712952, 0.008759884163737297]"
9461,0,49.86%,89.29%,0.0074,"[0.9926256537437439, 0.007374309469014406]"
9462,1,49.87%,89.30%,0.1081,"[0.10052254796028137, 0.899477481842041]"
9463,0,49.86%,89.29%,2.3967,"[0.0911097601056099, 0.9088902473449707]"
9464,0,49.86%,89.29%,0.0074,"[0.992645263671875, 0.007354764733463526]"
9465,1,49.86%,89.29%,0.0965,"[0.09386951476335526, 0.9061304926872253]"
9466,0,49.86%,89.29%,0.0075,"[0.9925470948219299, 0.007452957332134247]"
9467,0,49.85%,89.29%,0.0086,"[0.9909119606018066, 0.009088056161999702]"
9468,0,49.85%,89.28%,1.7988,"[0.21548156440258026, 0.7845184803009033]"
9469,1,49.85%,89.28%,0.1022,"[0.0995505154132843, 0.9004494547843933]"
9470,0,49.85%,89.28%,0.0143,"[0.9863328337669373, 0.01366710290312767]"
9471,0,49.84%,89.27%,2.2838,"[0.10115927457809448, 0.8988407254219055]"
9472,0,49.84%,89.27%,0.0107,"[0.9884922504425049, 0.01150778029114008]"
9473,0,49.83%,89.27%,2.3805,"[0.09305684268474579, 0.906943142414093]"
9474,0,49.83%,89.27%,0.0083,"[0.9919930696487427, 0.008006890304386616]"
9475,1,49.83%,89.27%,0.0948,"[0.08997397869825363, 0.9100260138511658]"
9476,0,49.83%,89.27%,0.0074,"[0.9926332831382751, 0.007366739213466644]"
9477,1,49.83%,89.27%,0.0972,"[0.09338120371103287, 0.9066187739372253]"
9478,1,49.84%,89.27%,0.1082,"[0.1004769429564476, 0.899523138999939]"
9479,1,49.84%,89.27%,0.1148,"[0.10681533813476562, 0.8931846618652344]"
9480,1,49.85%,89.27%,0.1017,"[0.09634716063737869, 0.9036527872085571]"
9481,1,49.85%,89.27%,0.1145,"[0.11549841612577438, 0.8845016360282898]"
9482,0,49.85%,89.28%,0.0075,"[0.9924972057342529, 0.0075028263963758945]"
9483,0,49.84%,89.28%,0.0084,"[0.9916375279426575, 0.008362406864762306]"
9484,0,49.84%,89.28%,0.0095,"[0.9894673228263855, 0.010532683692872524]"
9485,1,49.84%,89.28%,0.1325,"[0.11492646485567093, 0.8850734829902649]"
9486,0,49.84%,89.28%,0.0075,"[0.9925561547279358, 0.007443826645612717]"
9487,0,49.83%,89.28%,0.0078,"[0.9922488927841187, 0.007751120254397392]"
9488,0,49.83%,89.28%,0.0075,"[0.9925649166107178, 0.007435038220137358]"
9489,1,49.83%,89.28%,0.099,"[0.09365824609994888, 0.9063417315483093]"
9490,1,49.84%,89.28%,0.1036,"[0.09878111630678177, 0.901218831539154]"
9491,0,49.83%,89.29%,0.0074,"[0.9925939440727234, 0.0074060773476958275]"
9492,0,49.83%,89.29%,0.0074,"[0.9925903081893921, 0.007409723941236734]"
9493,1,49.83%,89.29%,0.1123,"[0.10756836831569672, 0.8924316167831421]"
9494,1,49.84%,89.29%,0.1161,"[0.11977767944335938, 0.8802222609519958]"
9495,0,49.83%,89.29%,0.0077,"[0.9922600388526917, 0.007740023545920849]"
9496,1,49.84%,89.29%,0.1084,"[0.1006854772567749, 0.8993145227432251]"
9497,1,49.84%,89.29%,0.0989,"[0.09397170692682266, 0.9060283303260803]"
9498,1,49.85%,89.29%,0.2552,"[0.22066538035869598, 0.7793346047401428]"
9499,1,49.85%,89.29%,0.1192,"[0.11481750011444092, 0.8851824998855591]"
9500,0,49.85%,89.30%,0.0074,"[0.9926497340202332, 0.007350313477218151]"
9501,0,49.84%,89.30%,0.0074,"[0.9926562905311584, 0.007343646138906479]"
9502,0,49.84%,89.30%,0.0075,"[0.992553174495697, 0.007446857634931803]"
9503,1,49.84%,89.30%,0.1154,"[0.10975610464811325, 0.8902438879013062]"
9504,0,49.84%,89.29%,2.2889,"[0.10265500098466873, 0.8973450064659119]"
9505,1,49.84%,89.29%,0.1025,"[0.09795787185430527, 0.9020421504974365]"
9506,0,49.84%,89.29%,0.0079,"[0.9921034574508667, 0.007896503433585167]"
9507,0,49.83%,89.29%,0.0078,"[0.992207944393158, 0.00779203325510025]"
9508,1,49.84%,89.29%,0.0968,"[0.09240390360355377, 0.9075961709022522]"
9509,1,49.84%,89.30%,0.1117,"[0.10498082637786865, 0.8950191140174866]"
9510,1,49.85%,89.30%,0.1365,"[0.13057605922222137, 0.8694239258766174]"
9511,0,49.84%,89.30%,0.0074,"[0.9926024079322815, 0.007397574372589588]"
9512,1,49.85%,89.30%,0.0963,"[0.09184182435274124, 0.9081581830978394]"
9513,1,49.85%,89.30%,0.1016,"[0.09823084622621536, 0.9017691016197205]"
9514,1,49.86%,89.30%,0.097,"[0.09239857643842697, 0.9076014161109924]"
9515,1,49.86%,89.30%,0.1225,"[0.1207159236073494, 0.8792840242385864]"
9516,1,49.87%,89.30%,0.1048,"[0.09756205230951309, 0.9024379253387451]"
9517,0,49.86%,89.30%,0.0074,"[0.9926028847694397, 0.007397151086479425]"
9518,1,49.87%,89.31%,0.117,"[0.1118183583021164, 0.8881816267967224]"
9519,1,49.87%,89.31%,0.0964,"[0.0917787030339241, 0.9082213044166565]"
9520,1,49.88%,89.31%,0.096,"[0.09164389222860336, 0.9083561301231384]"
9521,1,49.88%,89.31%,0.0957,"[0.09172356873750687, 0.9082764387130737]"
9522,0,49.88%,89.30%,2.2482,"[0.10309543460607529, 0.8969045281410217]"
9523,1,49.88%,89.30%,0.1132,"[0.10564050078392029, 0.8943594694137573]"
9524,1,49.89%,89.30%,0.1007,"[0.095081627368927, 0.904918372631073]"
9525,0,49.88%,89.30%,0.0073,"[0.9927091598510742, 0.007290858309715986]"
9526,0,49.88%,89.30%,0.0074,"[0.9926779270172119, 0.007322036661207676]"
9527,0,49.87%,89.29%,2.3188,"[0.09521369636058807, 0.9047863483428955]"
9528,0,49.87%,89.30%,0.0075,"[0.9925675392150879, 0.0074325199238955975]"
9529,1,49.87%,89.30%,0.1051,"[0.09924732148647308, 0.9007526636123657]"
9530,1,49.88%,89.30%,0.1031,"[0.09628821164369583, 0.9037117958068848]"
9531,1,49.88%,89.30%,0.133,"[0.11714734137058258, 0.8828526139259338]"
9532,1,49.89%,89.30%,0.1186,"[0.10802114754915237, 0.8919788599014282]"
9533,1,49.90%,89.30%,0.0992,"[0.09435465931892395, 0.9056453704833984]"
9534,0,49.89%,89.30%,0.0073,"[0.9926856756210327, 0.007314357440918684]"
9535,0,49.88%,89.30%,0.0074,"[0.9925991296768188, 0.007400827948004007]"
9536,0,49.88%,89.30%,0.0076,"[0.9924466609954834, 0.00755325797945261]"
9537,1,49.88%,89.31%,0.1241,"[0.10148196667432785, 0.8985180854797363]"
9538,1,49.89%,89.31%,0.1046,"[0.102437824010849, 0.8975621461868286]"
9539,1,49.90%,89.31%,0.1611,"[0.1219707503914833, 0.8780292272567749]"
9540,0,49.89%,89.31%,0.0074,"[0.9926005005836487, 0.007399479392915964]"
9541,0,49.88%,89.31%,0.0079,"[0.99210524559021, 0.007894781418144703]"
9542,1,49.89%,89.31%,0.1004,"[0.09326323121786118, 0.9067367315292358]"
9543,1,49.90%,89.31%,0.0972,"[0.09191571176052094, 0.9080842137336731]"
9544,0,49.89%,89.31%,0.0074,"[0.992671012878418, 0.0073289889842271805]"
9545,0,49.88%,89.31%,0.0078,"[0.9922077059745789, 0.0077923620119690895]"
9546,0,49.88%,89.32%,0.0074,"[0.9926207065582275, 0.007379274349659681]"
9547,0,49.87%,89.32%,0.0087,"[0.990998387336731, 0.009001573547720909]"
9548,0,49.87%,89.32%,0.0091,"[0.9912249445915222, 0.008775009773671627]"
9549,1,49.87%,89.32%,0.1031,"[0.09873445332050323, 0.9012655019760132]"
9550,0,49.87%,89.31%,2.3493,"[0.09484934061765671, 0.9051507115364075]"
9551,0,49.86%,89.31%,0.0076,"[0.9924153685569763, 0.007584711071103811]"
9552,1,49.87%,89.31%,0.1023,"[0.10217135399580002, 0.8978286385536194]"
9553,1,49.87%,89.31%,0.1018,"[0.09487247467041016, 0.9051275253295898]"
9554,0,49.87%,89.31%,0.0101,"[0.9905894994735718, 0.009410553611814976]"
9555,1,49.87%,89.32%,0.0981,"[0.09261071681976318, 0.9073892831802368]"
9556,1,49.88%,89.32%,0.107,"[0.10390405356884003, 0.8960959911346436]"
9557,1,49.88%,89.32%,0.1067,"[0.10163001716136932, 0.8983699679374695]"
9558,0,49.88%,89.32%,0.0078,"[0.9922645092010498, 0.007735490798950195]"
9559,1,49.88%,89.32%,0.0969,"[0.092454694211483, 0.907545268535614]"
9560,1,49.89%,89.32%,0.1077,"[0.10216006636619568, 0.8978399038314819]"
9561,0,49.88%,89.32%,0.01,"[0.9903572201728821, 0.009642763994634151]"
9562,0,49.88%,89.32%,0.0079,"[0.9922193288803101, 0.007780747022479773]"
9563,0,49.87%,89.32%,0.0078,"[0.9922236204147339, 0.007776359096169472]"
9564,1,49.88%,89.33%,0.1027,"[0.09815695881843567, 0.9018430113792419]"
9565,0,49.87%,89.33%,0.0074,"[0.9926208257675171, 0.007379208225756884]"
9566,0,49.87%,89.33%,0.0091,"[0.9913354516029358, 0.008664526045322418]"
9567,1,49.87%,89.33%,0.1026,"[0.09946952760219574, 0.9005304574966431]"
9568,1,49.88%,89.33%,0.0983,"[0.09243974089622498, 0.9075602889060974]"
9569,0,49.87%,89.33%,0.0075,"[0.9925339221954346, 0.007466111332178116]"
9570,1,49.88%,89.33%,0.1087,"[0.1009325236082077, 0.8990674614906311]"
9571,1,49.89%,89.33%,0.0955,"[0.09034162759780884, 0.9096584320068359]"
9572,0,49.88%,89.33%,0.0083,"[0.9914054870605469, 0.008594549261033535]"
9573,1,49.89%,89.34%,0.1055,"[0.10052314400672913, 0.8994768261909485]"
9574,0,49.88%,89.33%,2.3269,"[0.09583178907632828, 0.9041682481765747]"
9575,0,49.87%,89.33%,0.0074,"[0.9926373958587646, 0.007362612057477236]"
9576,1,49.88%,89.33%,0.0939,"[0.0904540866613388, 0.9095458984375]"
9577,1,49.89%,89.33%,0.0958,"[0.09189428389072418, 0.9081056714057922]"
9578,1,49.89%,89.33%,0.096,"[0.09146229922771454, 0.9085376262664795]"
9579,0,49.89%,89.33%,0.2525,"[0.7098062634468079, 0.2901937961578369]"
9580,0,49.88%,89.33%,0.0076,"[0.9924407005310059, 0.007559247314929962]"
9581,1,49.89%,89.33%,0.1001,"[0.0936257541179657, 0.9063742756843567]"
9582,0,49.88%,89.34%,0.0081,"[0.9918911457061768, 0.008108818903565407]"
9583,1,49.89%,89.34%,0.1191,"[0.10327102988958359, 0.8967289328575134]"
9584,1,49.89%,89.34%,0.1082,"[0.10051271319389343, 0.899487316608429]"
9585,1,49.90%,89.34%,0.1008,"[0.09565547108650208, 0.9043445587158203]"
9586,1,49.90%,89.34%,0.1104,"[0.09885594248771667, 0.9011440873146057]"
9587,1,49.91%,89.34%,0.107,"[0.10327186435461044, 0.8967280983924866]"
9588,0,49.90%,89.34%,0.0073,"[0.9927083849906921, 0.007291603833436966]"
9589,1,49.91%,89.34%,0.1051,"[0.09794329106807709, 0.9020567536354065]"
9590,0,49.90%,89.34%,0.0072,"[0.992853581905365, 0.0071463980711996555]"
9591,1,49.91%,89.35%,0.101,"[0.09849685430526733, 0.9015030860900879]"
9592,1,49.91%,89.35%,0.0934,"[0.08931329101324081, 0.910686731338501]"
9593,1,49.92%,89.35%,0.1021,"[0.09538381546735764, 0.9046161770820618]"
9594,1,49.92%,89.35%,0.1241,"[0.11567153036594391, 0.8843284845352173]"
9595,1,49.93%,89.35%,0.0939,"[0.09022027999162674, 0.9097797870635986]"
9596,0,49.92%,89.35%,0.01,"[0.9904250502586365, 0.009574901312589645]"
9597,0,49.92%,89.34%,2.3339,"[0.0997282937169075, 0.9002717733383179]"
9598,0,49.91%,89.34%,0.0073,"[0.9927363395690918, 0.007263702806085348]"
9599,0,49.91%,89.34%,0.0073,"[0.9927788376808167, 0.007221124600619078]"
9600,0,49.90%,89.34%,0.0072,"[0.9928419589996338, 0.007158097345381975]"
9601,1,49.91%,89.35%,0.0925,"[0.08843379467725754, 0.9115662574768066]"
9602,0,49.90%,89.35%,0.0078,"[0.9921889305114746, 0.0078110722824931145]"
9603,0,49.90%,89.35%,0.008,"[0.9920974969863892, 0.007902445271611214]"
9604,1,49.90%,89.35%,0.1062,"[0.10003292560577393, 0.8999671339988708]"
9605,0,49.90%,89.35%,0.0071,"[0.9929051995277405, 0.007094775326550007]"
9606,1,49.90%,89.35%,0.0928,"[0.08856623619794846, 0.9114338159561157]"
9607,1,49.91%,89.35%,0.0992,"[0.09581639617681503, 0.9041836261749268]"
9608,0,49.90%,89.35%,0.0073,"[0.9926884770393372, 0.007311483379453421]"
9609,0,49.90%,89.35%,0.0077,"[0.9922878742218018, 0.007712123449891806]"
9610,0,49.89%,89.36%,0.0072,"[0.9928064346313477, 0.007193563040345907]"
9611,0,49.89%,89.35%,2.2505,"[0.10347644239664078, 0.8965235948562622]"
9612,1,49.89%,89.35%,0.104,"[0.09966785460710526, 0.9003321528434753]"
9613,0,49.89%,89.35%,0.0072,"[0.992821991443634, 0.007178081665188074]"
9614,1,49.89%,89.35%,0.1128,"[0.10698266327381134, 0.8930172920227051]"
9615,0,49.89%,89.35%,0.0073,"[0.9927761554718018, 0.00722382590174675]"
9616,1,49.89%,89.35%,0.0979,"[0.0929720401763916, 0.9070279598236084]"
9617,1,49.90%,89.35%,0.1037,"[0.09881414473056793, 0.9011858105659485]"
9618,0,49.89%,89.35%,0.0072,"[0.9928179979324341, 0.007182021159678698]"
9619,0,49.89%,89.36%,0.0074,"[0.9925541281700134, 0.007445820607244968]"
9620,0,49.88%,89.36%,0.0072,"[0.9928503036499023, 0.007149677257984877]"
9621,1,49.89%,89.36%,0.1013,"[0.09481131285429001, 0.9051886796951294]"
9622,0,49.88%,89.36%,0.0075,"[0.9925049543380737, 0.007495043333619833]"
9623,1,49.89%,89.36%,0.1157,"[0.10752810537815094, 0.892471969127655]"
9624,1,49.89%,89.36%,0.1316,"[0.12215854972600937, 0.8778414130210876]"
9625,1,49.90%,89.36%,0.1102,"[0.10260680317878723, 0.8973931670188904]"
9626,1,49.90%,89.36%,0.0939,"[0.08969888091087341, 0.910301148891449]"
9627,1,49.91%,89.36%,0.1046,"[0.10341695696115494, 0.896583080291748]"
9628,0,49.90%,89.37%,0.0071,"[0.9929150342941284, 0.007084946613758802]"
9629,0,49.90%,89.36%,2.2985,"[0.10088679194450378, 0.8991131782531738]"
9630,1,49.90%,89.36%,0.103,"[0.09488332271575928, 0.9051166772842407]"
9631,1,49.91%,89.36%,0.1054,"[0.10694892704486847, 0.893051028251648]"
9632,0,49.90%,89.36%,0.0071,"[0.9928827285766602, 0.007117249071598053]"
9633,0,49.90%,89.36%,0.0072,"[0.9927845001220703, 0.007215479388833046]"
9634,0,49.89%,89.36%,0.0094,"[0.9904622435569763, 0.009537752717733383]"
9635,1,49.90%,89.36%,0.096,"[0.09174121916294098, 0.9082587361335754]"
9636,0,49.89%,89.36%,0.0164,"[0.9840540289878845, 0.015945924445986748]"
9637,0,49.89%,89.35%,1.6109,"[0.19804541766643524, 0.8019545078277588]"
9638,1,49.89%,89.36%,0.1075,"[0.10370367765426636, 0.8962963819503784]"
9639,1,49.90%,89.36%,0.095,"[0.09036973863840103, 0.9096302390098572]"
9640,0,49.89%,89.36%,0.0071,"[0.9929272532463074, 0.0070727672427892685]"
9641,0,49.89%,89.36%,0.0071,"[0.9928890466690063, 0.007110927253961563]"
9642,0,49.88%,89.36%,0.0072,"[0.9928370118141174, 0.007162971422076225]"
9643,0,49.88%,89.36%,0.0071,"[0.9929226636886597, 0.007077316287904978]"
9644,1,49.88%,89.36%,0.0944,"[0.090039923787117, 0.9099600911140442]"
9645,0,49.88%,89.36%,0.0072,"[0.9928323030471802, 0.007167741656303406]"
9646,1,49.88%,89.36%,0.0956,"[0.09138501435518265, 0.908614993095398]"
9647,1,49.89%,89.37%,0.112,"[0.11585165560245514, 0.884148359298706]"
9648,0,49.88%,89.37%,0.0071,"[0.9928883910179138, 0.007111627608537674]"
9649,0,49.88%,89.37%,0.0071,"[0.9929041266441345, 0.007095931563526392]"
9650,1,49.88%,89.37%,0.0966,"[0.09216172248125076, 0.9078382849693298]"
9651,1,49.89%,89.37%,0.1389,"[0.11905509978532791, 0.8809448480606079]"
9652,0,49.88%,89.37%,0.008,"[0.992104172706604, 0.007895785383880138]"
9653,0,49.88%,89.37%,0.0072,"[0.9928314685821533, 0.007168494164943695]"
9654,0,49.87%,89.37%,0.0071,"[0.9929686188697815, 0.007031323853880167]"
9655,0,49.87%,89.37%,0.0071,"[0.9929704070091248, 0.007029626984149218]"
9656,1,49.87%,89.38%,0.1019,"[0.10253334790468216, 0.8974665999412537]"
9657,1,49.88%,89.38%,0.1142,"[0.10148674249649048, 0.8985132575035095]"
9658,1,49.88%,89.38%,0.1025,"[0.10245519131422043, 0.897544801235199]"
9659,1,49.89%,89.38%,0.1143,"[0.1053130179643631, 0.8946869373321533]"
9660,0,49.88%,89.38%,0.007,"[0.9929994344711304, 0.0070006223395466805]"
9661,0,49.88%,89.37%,2.2239,"[0.10746978968381882, 0.8925302624702454]"
9662,0,49.87%,89.37%,0.0071,"[0.9929609894752502, 0.007038998883217573]"
9663,0,49.87%,89.37%,0.0074,"[0.992588222026825, 0.0074117789044976234]"
9664,1,49.87%,89.37%,0.1473,"[0.12141064554452896, 0.878589391708374]"
9665,0,49.87%,89.38%,0.0071,"[0.9929320812225342, 0.007067927159368992]"
9666,0,49.86%,89.38%,0.0071,"[0.9929720759391785, 0.007027989253401756]"
9667,0,49.86%,89.38%,0.0072,"[0.9927936792373657, 0.007206303998827934]"
9668,1,49.86%,89.38%,0.1223,"[0.10742338746786118, 0.8925765752792358]"
9669,0,49.86%,89.38%,0.007,"[0.993002712726593, 0.006997308693826199]"
9670,0,49.85%,89.38%,0.0071,"[0.9928833246231079, 0.007116737775504589]"
9671,1,49.86%,89.38%,0.0942,"[0.09087295830249786, 0.9091270565986633]"
9672,1,49.86%,89.38%,0.0947,"[0.09076980501413345, 0.9092302322387695]"
9673,1,49.87%,89.38%,0.111,"[0.10770247876644135, 0.8922975659370422]"
9674,0,49.86%,89.39%,0.0071,"[0.9929156303405762, 0.00708433985710144]"
9675,0,49.86%,89.39%,0.0144,"[0.9874375462532043, 0.01256242860108614]"
9676,0,49.85%,89.39%,0.007,"[0.9930288195610046, 0.0069711292162537575]"
9677,0,49.85%,89.38%,1.8825,"[0.16900965571403503, 0.8309903144836426]"
9678,0,49.84%,89.38%,0.0073,"[0.9927033185958862, 0.007296668365597725]"
9679,0,49.83%,89.38%,0.0071,"[0.9929214119911194, 0.0070785596035420895]"
9680,0,49.83%,89.38%,0.0072,"[0.9927681684494019, 0.00723186694085598]"
9681,0,49.82%,89.38%,0.0071,"[0.9929240942001343, 0.007075936067849398]"
9682,0,49.82%,89.38%,0.0071,"[0.9928366541862488, 0.007163344882428646]"
9683,1,49.82%,89.38%,0.2861,"[0.241165891289711, 0.7588340640068054]"
9684,0,49.82%,89.39%,0.0072,"[0.9927994012832642, 0.007200547493994236]"
9685,1,49.82%,89.38%,0.3602,"[0.5370103716850281, 0.4629896581172943]"
9686,1,49.83%,89.38%,0.1294,"[0.14874470233917236, 0.8512552380561829]"
9687,1,49.83%,89.38%,0.1055,"[0.10156159847974777, 0.8984383940696716]"
9688,0,49.83%,89.37%,2.1138,"[0.110692098736763, 0.889307975769043]"
9689,1,49.83%,89.37%,0.0971,"[0.09233175963163376, 0.9076682329177856]"
9690,0,49.83%,89.36%,1.9398,"[0.13021129369735718, 0.8697887659072876]"
9691,0,49.82%,89.36%,0.0072,"[0.9928348064422607, 0.007165193557739258]"
9692,1,49.83%,89.36%,0.0979,"[0.09495914727449417, 0.9050408005714417]"
9693,1,49.83%,89.36%,0.0986,"[0.09448620676994324, 0.9055137634277344]"
9694,0,49.83%,89.36%,2.1789,"[0.12309315800666809, 0.8769068121910095]"
9695,0,49.82%,89.36%,0.013,"[0.9854194521903992, 0.014580529183149338]"
9696,0,49.82%,89.36%,0.0072,"[0.9928619265556335, 0.007138056214898825]"
9697,1,49.82%,89.36%,0.1091,"[0.10241585969924927, 0.8975841403007507]"
9698,1,49.83%,89.36%,0.1118,"[0.10981632769107819, 0.8901837468147278]"
9699,1,49.84%,89.36%,0.1391,"[0.11301236599683762, 0.886987566947937]"
9700,0,49.83%,89.36%,0.0096,"[0.9909002780914307, 0.00909967441111803]"
9701,1,49.84%,89.36%,0.1671,"[0.1555907428264618, 0.8444092273712158]"
9702,0,49.83%,89.36%,0.0072,"[0.9928352236747742, 0.007164775859564543]"
9703,0,49.82%,89.37%,0.0072,"[0.9928561449050903, 0.007143830880522728]"
9704,1,49.83%,89.37%,0.1251,"[0.11419394612312317, 0.8858060240745544]"
9705,1,49.84%,89.37%,0.352,"[0.1707853376865387, 0.8292146921157837]"
9706,1,49.84%,89.37%,0.1545,"[0.164619579911232, 0.8353804349899292]"
9707,1,49.85%,89.37%,0.1125,"[0.10687565803527832, 0.8931243419647217]"
9708,0,49.84%,89.37%,0.0071,"[0.9928849339485168, 0.007115089800208807]"
9709,0,49.84%,89.37%,0.0072,"[0.9928683638572693, 0.007131573744118214]"
9710,1,49.84%,89.37%,0.151,"[0.14925147593021393, 0.8507485389709473]"
9711,0,49.84%,89.37%,0.0823,"[0.8138680458068848, 0.18613196909427643]"
9712,1,49.84%,89.38%,0.1341,"[0.1503591388463974, 0.8496408462524414]"
9713,0,49.84%,89.38%,0.0071,"[0.9929459691047668, 0.007054012734442949]"
9714,0,49.83%,89.38%,0.0071,"[0.9929147958755493, 0.007085222285240889]"
9715,1,49.84%,89.38%,0.1172,"[0.12891238927841187, 0.8710876703262329]"
9716,1,49.84%,89.38%,0.1479,"[0.11750545352697372, 0.8824945092201233]"
9717,0,49.84%,89.38%,0.0363,"[0.9501725435256958, 0.049827445298433304]"
9718,0,49.83%,89.38%,0.0071,"[0.9929199814796448, 0.007079970557242632]"
9719,0,49.83%,89.38%,0.0071,"[0.9929567575454712, 0.007043259683996439]"
9720,1,49.83%,89.38%,0.1056,"[0.09796854853630066, 0.902031421661377]"
9721,0,49.83%,89.38%,0.0071,"[0.9929379820823669, 0.007062039338052273]"
9722,0,49.82%,89.39%,0.0079,"[0.9921120405197144, 0.0078880051150918]"
9723,0,49.81%,89.39%,0.0071,"[0.9929313659667969, 0.007068582344800234]"
9724,0,49.81%,89.39%,0.0083,"[0.9920876622200012, 0.007912312634289265]"
9725,0,49.80%,89.39%,0.007,"[0.9930095672607422, 0.006990479771047831]"
9726,1,49.81%,89.39%,0.0987,"[0.09376224875450134, 0.906237781047821]"
9727,1,49.81%,89.39%,0.1067,"[0.10122050344944, 0.8987794518470764]"
9728,1,49.82%,89.39%,0.2461,"[0.27016934752464294, 0.7298306822776794]"
9729,1,49.83%,89.39%,0.1993,"[0.1930040717124939, 0.8069959282875061]"
9730,1,49.83%,89.39%,0.1049,"[0.0990179255604744, 0.9009820818901062]"
9731,0,49.83%,89.40%,0.007,"[0.9930376410484314, 0.006962374318391085]"
9732,0,49.82%,89.40%,0.007,"[0.9929965138435364, 0.007003446575254202]"
9733,1,49.83%,89.40%,0.1216,"[0.1163521483540535, 0.8836478590965271]"
9734,0,49.82%,89.40%,0.0072,"[0.9928211569786072, 0.007178818807005882]"
9735,0,49.82%,89.40%,0.1218,"[0.7120481133460999, 0.28795188665390015]"
9736,0,49.81%,89.40%,1.0341,"[0.7026882171630859, 0.29731181263923645]"
9737,1,49.82%,89.40%,0.108,"[0.1013108417391777, 0.8986891508102417]"
9738,0,49.81%,89.39%,2.2705,"[0.10422153770923615, 0.895778477191925]"
9739,1,49.82%,89.39%,0.1033,"[0.09918280690908432, 0.9008172154426575]"
9740,1,49.82%,89.40%,0.0969,"[0.09191962331533432, 0.9080803990364075]"
9741,0,49.82%,89.40%,0.0069,"[0.9930738210678101, 0.006926094647496939]"
9742,1,49.82%,89.40%,0.1257,"[0.11509808152914047, 0.8849018812179565]"
9743,1,49.83%,89.40%,0.0982,"[0.09381519258022308, 0.9061847925186157]"
9744,0,49.82%,89.40%,0.0109,"[0.9804642796516418, 0.019535787403583527]"
9745,0,49.82%,89.39%,2.205,"[0.11641882359981537, 0.8835811614990234]"
9746,1,49.82%,89.39%,0.1744,"[0.13758504390716553, 0.8624148964881897]"
9747,1,49.83%,89.38%,2.4641,"[0.9778987169265747, 0.02210121601819992]"
9748,1,49.83%,89.38%,0.117,"[0.11237095296382904, 0.887628972530365]"
9749,0,49.83%,89.38%,0.007,"[0.9930663108825684, 0.006933631841093302]"
9750,1,49.83%,89.39%,0.1141,"[0.10554057359695435, 0.8944594264030457]"
9751,1,49.84%,89.39%,0.3275,"[0.4406261742115021, 0.5593739151954651]"
9752,1,49.84%,89.39%,0.0997,"[0.0961259976029396, 0.9038740396499634]"
9753,0,49.84%,89.39%,0.007,"[0.9929901361465454, 0.007009806111454964]"
9754,0,49.83%,89.39%,0.2533,"[0.9256232380867004, 0.07437671720981598]"
9755,1,49.84%,89.39%,0.1012,"[0.09580131620168686, 0.9041986465454102]"
9756,1,49.84%,89.39%,0.1224,"[0.10575471818447113, 0.8942452669143677]"
9757,1,49.85%,89.39%,0.1216,"[0.12137428671121597, 0.878625750541687]"
9758,1,49.85%,89.39%,0.1503,"[0.12519589066505432, 0.8748040199279785]"
9759,1,49.86%,89.40%,0.1005,"[0.0953843891620636, 0.904615581035614]"
9760,1,49.86%,89.40%,0.1028,"[0.09640688449144363, 0.903593122959137]"
9761,1,49.87%,89.40%,0.1242,"[0.10589504987001419, 0.8941049575805664]"
9762,1,49.87%,89.40%,0.1076,"[0.09749218076467514, 0.9025078415870667]"
9763,0,49.87%,89.39%,2.1746,"[0.11388836055994034, 0.8861116170883179]"
9764,0,49.86%,89.39%,0.0071,"[0.9929670095443726, 0.007033052854239941]"
9765,1,49.87%,89.39%,0.1076,"[0.10248138010501862, 0.8975186944007874]"
9766,1,49.87%,89.39%,0.0981,"[0.09270743280649185, 0.9072926044464111]"
9767,0,49.87%,89.39%,0.0071,"[0.9929627776145935, 0.007037266623228788]"
9768,0,49.86%,89.40%,0.0072,"[0.9928905963897705, 0.007109368685632944]"
9769,1,49.87%,89.40%,0.1187,"[0.11507690697908401, 0.8849231004714966]"
9770,1,49.87%,89.40%,0.1223,"[0.11470559239387512, 0.8852943778038025]"
9771,1,49.88%,89.40%,0.0974,"[0.09401331096887589, 0.9059867262840271]"
9772,0,49.87%,89.40%,0.0071,"[0.9929311275482178, 0.007068846840411425]"
9773,0,49.87%,89.40%,0.0071,"[0.9929371476173401, 0.007062828633934259]"
9774,1,49.87%,89.40%,0.1309,"[0.12903477251529694, 0.870965301990509]"
9775,1,49.88%,89.40%,0.0966,"[0.09149321168661118, 0.9085067510604858]"
9776,1,49.88%,89.40%,0.1099,"[0.10313791036605835, 0.8968621492385864]"
9777,0,49.88%,89.40%,0.0117,"[0.9911092519760132, 0.008890687488019466]"
9778,1,49.88%,89.41%,0.097,"[0.10103945434093475, 0.898960530757904]"
9779,0,49.88%,89.41%,0.007,"[0.9929720759391785, 0.007027959451079369]"
9780,1,49.88%,89.41%,0.1172,"[0.11131127178668976, 0.8886886835098267]"
9781,1,49.89%,89.41%,0.0961,"[0.09050647169351578, 0.9094935059547424]"
9782,1,49.89%,89.41%,0.1097,"[0.09890706092119217, 0.9010930061340332]"
9783,1,49.90%,89.41%,0.1143,"[0.11695939302444458, 0.8830406665802002]"
9784,0,49.89%,89.40%,0.3396,"[0.36578917503356934, 0.6342108249664307]"
9785,0,49.89%,89.40%,0.0071,"[0.9929788708686829, 0.007021178025752306]"
9786,1,49.89%,89.40%,0.1215,"[0.10968032479286194, 0.8903196454048157]"
9787,0,49.89%,89.41%,0.0069,"[0.9930909872055054, 0.006909018848091364]"
9788,0,49.88%,89.41%,0.0106,"[0.989147424697876, 0.010852567851543427]"
9789,1,49.89%,89.41%,0.1063,"[0.10738257318735123, 0.8926174640655518]"
9790,1,49.89%,89.41%,0.0945,"[0.09085274487733841, 0.9091472625732422]"
9791,1,49.90%,89.41%,0.158,"[0.14794112741947174, 0.8520588278770447]"
9792,0,49.89%,89.41%,0.007,"[0.993070662021637, 0.006929336115717888]"
9793,1,49.90%,89.41%,0.1006,"[0.09328579902648926, 0.9067142009735107]"
9794,1,49.90%,89.41%,0.1035,"[0.09820188581943512, 0.9017981290817261]"
9795,0,49.90%,89.41%,0.007,"[0.9930086135864258, 0.006991393398493528]"
9796,1,49.90%,89.40%,0.8435,"[0.6372452974319458, 0.3627547025680542]"
9797,0,49.90%,89.41%,0.0068,"[0.9931825995445251, 0.006817345507442951]"
9798,1,49.90%,89.41%,0.1273,"[0.11675862967967987, 0.8832413554191589]"
9799,0,49.90%,89.41%,0.0069,"[0.9931267499923706, 0.006873226724565029]"
9800,0,49.89%,89.41%,0.0069,"[0.9930707812309265, 0.006929241120815277]"
9801,0,49.89%,89.41%,0.0069,"[0.9931000471115112, 0.006899985019117594]"
9802,0,49.88%,89.41%,0.007,"[0.9930518865585327, 0.006948103662580252]"
9803,0,49.88%,89.40%,1.7528,"[0.16344432532787323, 0.8365556597709656]"
9804,0,49.87%,89.39%,2.1481,"[0.13767972588539124, 0.8623203039169312]"
9805,0,49.87%,89.38%,2.3445,"[0.09641924500465393, 0.9035807847976685]"
9806,1,49.87%,89.39%,0.1007,"[0.0986335352063179, 0.9013664126396179]"
9807,0,49.87%,89.39%,0.007,"[0.9930071830749512, 0.006992843467742205]"
9808,1,49.87%,89.39%,0.0927,"[0.0890398845076561, 0.9109600782394409]"
9809,1,49.88%,89.39%,0.1314,"[0.11485931277275085, 0.8851407170295715]"
9810,0,49.87%,89.39%,0.007,"[0.993023157119751, 0.006976842414587736]"
9811,1,49.88%,89.39%,0.1241,"[0.10298942029476166, 0.8970105648040771]"
9812,1,49.88%,89.39%,0.1176,"[0.11347746849060059, 0.8865225315093994]"
9813,1,49.89%,89.39%,0.1234,"[0.10451289266347885, 0.8954871296882629]"
9814,0,49.88%,89.39%,0.0091,"[0.9916604161262512, 0.008339658379554749]"
9815,1,49.89%,89.39%,0.1002,"[0.09754140675067902, 0.9024586081504822]"
9816,1,49.89%,89.40%,0.1283,"[0.1261383295059204, 0.8738616704940796]"
9817,1,49.90%,89.40%,0.1382,"[0.1748582124710083, 0.8251417279243469]"
9818,0,49.89%,89.40%,0.007,"[0.993000864982605, 0.0069992076605558395]"
9819,1,49.90%,89.40%,0.0977,"[0.09389590471982956, 0.9061040282249451]"
9820,1,49.90%,89.40%,0.1129,"[0.12177063524723053, 0.8782293796539307]"
9821,0,49.90%,89.40%,0.007,"[0.9930530190467834, 0.006946955807507038]"
9822,1,49.90%,89.40%,0.0965,"[0.09205713123083115, 0.9079428911209106]"
9823,1,49.91%,89.40%,0.1148,"[0.10795837640762329, 0.8920416235923767]"
9824,1,49.91%,89.40%,0.1123,"[0.10961778461933136, 0.8903822302818298]"
9825,1,49.92%,89.41%,0.1447,"[0.12469212710857391, 0.8753079175949097]"
9826,0,49.91%,89.41%,0.007,"[0.9930757284164429, 0.006924300920218229]"
9827,0,49.91%,89.41%,0.0069,"[0.9930999279022217, 0.006899993866682053]"
9828,1,49.91%,89.41%,0.1112,"[0.09950592368841171, 0.9004940390586853]"
9829,1,49.92%,89.41%,0.113,"[0.10005004703998566, 0.8999499678611755]"
9830,1,49.92%,89.41%,0.0985,"[0.09344960004091263, 0.906550407409668]"
9831,0,49.92%,89.41%,0.0079,"[0.992146909236908, 0.007853147573769093]"
9832,1,49.92%,89.41%,0.1041,"[0.0952267199754715, 0.9047732353210449]"
9833,1,49.93%,89.41%,0.0929,"[0.08967029303312302, 0.9103296995162964]"
9834,1,49.93%,89.42%,0.0928,"[0.08797360211610794, 0.9120264053344727]"
9835,1,49.94%,89.42%,0.1402,"[0.13889731466770172, 0.8611026406288147]"
9836,0,49.93%,89.42%,0.0078,"[0.992343008518219, 0.0076569486409425735]"
9837,1,49.94%,89.42%,0.0917,"[0.08861139416694641, 0.911388635635376]"
9838,1,49.94%,89.42%,0.109,"[0.10361059010028839, 0.896389365196228]"
9839,0,49.94%,89.42%,0.0099,"[0.987418532371521, 0.012581543065607548]"
9840,1,49.94%,89.42%,0.1224,"[0.11390365660190582, 0.8860962986946106]"
9841,0,49.94%,89.42%,0.0069,"[0.9931350946426392, 0.006864896044135094]"
9842,1,49.94%,89.42%,0.1032,"[0.09486423432826996, 0.9051357507705688]"
9843,1,49.95%,89.43%,0.0936,"[0.09009045362472534, 0.9099095463752747]"
9844,0,49.94%,89.42%,2.4093,"[0.0903678610920906, 0.9096322059631348]"
9845,1,49.95%,89.42%,0.0956,"[0.09030535072088242, 0.9096946120262146]"
9846,1,49.95%,89.42%,0.1474,"[0.11425592750310898, 0.8857440948486328]"
9847,0,49.95%,89.42%,0.0092,"[0.5143229365348816, 0.485677033662796]"
9848,1,49.95%,89.42%,0.0959,"[0.09154872596263885, 0.9084512591362]"
9849,1,49.96%,89.42%,0.1269,"[0.11892733722925186, 0.8810726404190063]"
9850,1,49.96%,89.42%,0.0931,"[0.08869154006242752, 0.9113084673881531]"
9851,1,49.97%,89.42%,0.0955,"[0.0906786173582077, 0.9093213677406311]"
9852,0,49.96%,89.42%,1.6921,"[0.9398964643478394, 0.060103580355644226]"
9853,0,49.96%,89.43%,0.0069,"[0.9931282997131348, 0.006871736608445644]"
9854,1,49.96%,89.43%,0.1013,"[0.09467484056949615, 0.905325174331665]"
9855,0,49.96%,89.43%,0.0068,"[0.9932424426078796, 0.006757484748959541]"
9856,1,49.96%,89.43%,0.0939,"[0.08963009715080261, 0.910369873046875]"
9857,0,49.96%,89.43%,0.0074,"[0.9925885200500488, 0.00741146644577384]"
9858,1,49.96%,89.43%,0.0903,"[0.08601333945989609, 0.9139866828918457]"
9859,1,49.97%,89.43%,0.0952,"[0.09018487483263016, 0.9098150730133057]"
9860,1,49.97%,89.43%,0.0914,"[0.0868261307477951, 0.9131739139556885]"
9861,0,49.97%,89.43%,0.0085,"[0.9916796088218689, 0.008320411667227745]"
9862,1,49.97%,89.44%,0.0911,"[0.0884154886007309, 0.9115844368934631]"
9863,1,49.98%,89.44%,0.1069,"[0.10054478794336319, 0.899455189704895]"
9864,0,49.97%,89.44%,0.007,"[0.9930601119995117, 0.0069399066269397736]"
9865,1,49.98%,89.44%,0.1118,"[0.10605700314044952, 0.8939429521560669]"
9866,1,49.98%,89.44%,0.0902,"[0.08605270087718964, 0.913947343826294]"
9867,1,49.99%,89.44%,0.0895,"[0.08550820499658585, 0.9144918322563171]"
9868,0,49.98%,89.44%,0.0069,"[0.9930974841117859, 0.00690247118473053]"
9869,1,49.99%,89.44%,0.0938,"[0.08957365900278091, 0.9104263186454773]"
9870,0,49.98%,89.44%,0.0068,"[0.9932674169540405, 0.006732593290507793]"
9871,1,49.99%,89.44%,0.089,"[0.08531253784894943, 0.91468745470047]"
9872,0,49.98%,89.45%,0.0072,"[0.9928752183914185, 0.007124848663806915]"
9873,1,49.99%,89.45%,0.097,"[0.09259799867868423, 0.9074020385742188]"
9874,1,49.99%,89.45%,0.0982,"[0.09325416386127472, 0.9067458510398865]"
9875,0,49.99%,89.45%,0.0075,"[0.9925299286842346, 0.0074700559489429]"
9876,1,49.99%,89.45%,0.0924,"[0.08823894709348679, 0.9117610454559326]"
9877,1,50.00%,89.45%,0.0897,"[0.08548810333013535, 0.9145118594169617]"
9878,1,50.01%,89.45%,0.0873,"[0.08363604545593262, 0.9163639545440674]"
9879,1,50.01%,89.45%,0.0897,"[0.08593980967998505, 0.9140601754188538]"
9880,0,50.01%,89.45%,0.0069,"[0.9930746555328369, 0.006925323978066444]"
9881,0,50.00%,89.46%,0.0066,"[0.993378758430481, 0.006621173117309809]"
9882,0,49.99%,89.45%,1.1291,"[0.21211670339107513, 0.7878833413124084]"
9883,1,50.00%,89.45%,0.09,"[0.08623314648866653, 0.9137668609619141]"
9884,1,50.01%,89.45%,0.0935,"[0.08796950429677963, 0.9120305776596069]"
9885,1,50.01%,89.45%,0.0963,"[0.09060613811016083, 0.909393846988678]"
9886,0,50.01%,89.45%,0.0078,"[0.9923776388168335, 0.007622345816344023]"
9887,1,50.01%,89.45%,0.087,"[0.08426972478628159, 0.9157302975654602]"
9888,1,50.02%,89.45%,0.0869,"[0.0830429345369339, 0.9169570207595825]"
9889,0,50.01%,89.45%,0.0067,"[0.9933613538742065, 0.006638678722083569]"
9890,0,50.01%,89.46%,0.0066,"[0.9933997392654419, 0.006600262131541967]"
9891,0,50.00%,89.46%,0.0079,"[0.9922128319740295, 0.007787120062857866]"
9892,1,50.01%,89.46%,0.0899,"[0.08490193635225296, 0.9150980710983276]"
9893,0,50.00%,89.46%,0.0071,"[0.9929978847503662, 0.007002140861004591]"
9894,1,50.01%,89.46%,0.0866,"[0.08298753947019577, 0.9170124530792236]"
9895,0,50.00%,89.46%,0.0066,"[0.9934512376785278, 0.006548769306391478]"
9896,0,49.99%,89.46%,0.0297,"[0.9549758434295654, 0.04502416402101517]"
9897,1,50.00%,89.46%,0.087,"[0.0837625116109848, 0.9162375330924988]"
9898,1,50.01%,89.46%,0.1153,"[0.10804922133684158, 0.891950786113739]"
9899,1,50.01%,89.46%,0.0945,"[0.09062618762254715, 0.9093738198280334]"
9900,0,50.01%,89.47%,0.0069,"[0.9931025505065918, 0.006897462531924248]"
9901,1,50.01%,89.47%,0.0868,"[0.08549897372722626, 0.9145010113716125]"
9902,1,50.02%,89.47%,0.0871,"[0.0828598141670227, 0.9171401858329773]"
9903,0,50.01%,89.47%,0.007,"[0.9929211735725403, 0.007078804075717926]"
9904,1,50.02%,89.47%,0.0927,"[0.08902333676815033, 0.9109766483306885]"
9905,0,50.01%,89.46%,0.0123,"[0.22798430919647217, 0.7720156908035278]"
9906,1,50.02%,89.46%,0.0893,"[0.08537841588258743, 0.9146215319633484]"
9907,1,50.02%,89.46%,0.0857,"[0.08124633133411407, 0.9187536835670471]"
9908,0,50.02%,89.46%,0.0064,"[0.9935727119445801, 0.006427338812500238]"
9909,0,50.01%,89.47%,0.0067,"[0.993335485458374, 0.006664551328867674]"
9910,0,50.01%,89.47%,0.0071,"[0.9928613305091858, 0.007138637825846672]"
9911,0,50.00%,89.47%,1.1897,"[0.5841758847236633, 0.41582411527633667]"
9912,1,50.01%,89.47%,0.0957,"[0.09320959448814392, 0.9067903757095337]"
9913,0,50.00%,89.47%,2.2085,"[0.9844739437103271, 0.015526028349995613]"
9914,0,49.99%,89.47%,0.0065,"[0.9935583472251892, 0.006441672332584858]"
9915,1,50.00%,89.47%,0.1081,"[0.10170713812112808, 0.8982928395271301]"
9916,0,49.99%,89.47%,0.0111,"[0.976375937461853, 0.023624062538146973]"
9917,0,49.99%,89.47%,0.0064,"[0.9935877323150635, 0.006412264425307512]"
9918,0,49.98%,89.47%,0.0066,"[0.9934372305870056, 0.006562706548720598]"
9919,1,49.99%,89.48%,0.0851,"[0.0819552093744278, 0.9180448055267334]"
9920,0,49.98%,89.48%,0.0064,"[0.9935696125030518, 0.006430408917367458]"
9921,0,49.98%,89.48%,0.0064,"[0.993627667427063, 0.0063723293133080006]"
9922,0,49.97%,89.48%,0.0064,"[0.993615984916687, 0.006383988074958324]"
9923,1,49.98%,89.48%,0.0952,"[0.09103447943925858, 0.9089654684066772]"
9924,1,49.98%,89.47%,2.9715,"[0.9275979995727539, 0.0724019706249237]"
9925,0,49.98%,89.47%,0.0064,"[0.9935761094093323, 0.0064238859340548515]"
9926,1,49.98%,89.47%,0.0866,"[0.08296944200992584, 0.9170305728912354]"
9927,0,49.98%,89.47%,0.0065,"[0.9934839606285095, 0.006515991874039173]"
9928,0,49.97%,89.47%,2.397,"[0.09291727840900421, 0.9070827960968018]"
9929,0,49.97%,89.46%,2.1105,"[0.11097322404384613, 0.8890268206596375]"
9930,1,49.97%,89.46%,0.1066,"[0.10586100816726685, 0.8941389918327332]"
9931,0,49.97%,89.46%,0.0099,"[0.9888517260551453, 0.011148318648338318]"
9932,1,49.97%,89.46%,0.1126,"[0.11947399377822876, 0.880526065826416]"
9933,0,49.97%,89.46%,0.0066,"[0.9933894872665405, 0.006610512267798185]"
9934,0,49.96%,89.46%,0.0066,"[0.9933998584747314, 0.006600105669349432]"
9935,0,49.96%,89.46%,0.008,"[0.9920543432235718, 0.007945680990815163]"
9936,1,49.96%,89.46%,0.2174,"[0.1725403219461441, 0.8274597525596619]"
9937,1,49.97%,89.46%,0.0924,"[0.08725577592849731, 0.9127442240715027]"
9938,0,49.96%,89.46%,2.2274,"[0.11083350330591202, 0.8891664743423462]"
9939,0,49.96%,89.46%,0.0067,"[0.9933059811592102, 0.006694004870951176]"
9940,1,49.96%,89.46%,0.0967,"[0.09129530936479568, 0.9087046384811401]"
9941,0,49.96%,89.45%,2.1424,"[0.1156768649816513, 0.8843231201171875]"
9942,1,49.96%,89.45%,0.1,"[0.09392784535884857, 0.9060721397399902]"
9943,1,49.97%,89.45%,0.1996,"[0.16283443570137024, 0.8371655344963074]"
9944,1,49.97%,89.45%,0.1506,"[0.14420948922634125, 0.8557905554771423]"
9945,1,49.98%,89.45%,0.1356,"[0.11707950383424759, 0.882920503616333]"
9946,0,49.97%,89.45%,0.0068,"[0.9932506680488586, 0.006749281194061041]"
9947,1,49.98%,89.45%,3.817,"[0.9745152592658997, 0.025484692305326462]"
9948,1,49.98%,89.45%,0.2203,"[0.23052948713302612, 0.7694705724716187]"
9949,1,49.99%,89.45%,0.1425,"[0.1293020397424698, 0.8706979751586914]"
9950,0,49.98%,89.45%,0.007,"[0.9930570125579834, 0.006943015847355127]"
9951,1,49.99%,89.45%,0.1161,"[0.11101026833057404, 0.8889896869659424]"
9952,0,49.98%,89.45%,0.007,"[0.9930302500724792, 0.006969809997826815]"
9953,1,49.99%,89.45%,0.1208,"[0.11449604481458664, 0.8855039477348328]"
9954,0,49.98%,89.45%,0.0071,"[0.9929242134094238, 0.007075754925608635]"
9955,1,49.99%,89.45%,0.1091,"[0.10318796336650848, 0.8968120813369751]"
9956,0,49.98%,89.45%,0.0078,"[0.9922593235969543, 0.007740675006061792]"
9957,1,49.99%,89.46%,0.1116,"[0.10547611117362976, 0.8945239186286926]"
9958,0,49.98%,89.46%,0.0072,"[0.9928372502326965, 0.007162741385400295]"
9959,1,49.99%,89.46%,0.1085,"[0.10139518231153488, 0.8986048102378845]"
9960,1,49.99%,89.46%,0.1067,"[0.10190916061401367, 0.8980908989906311]"
9961,0,49.99%,89.46%,0.008,"[0.9919506311416626, 0.008049402385950089]"
9962,0,49.98%,89.45%,2.2644,"[0.10563178360462189, 0.8943682312965393]"
9963,0,49.98%,89.45%,0.0071,"[0.992893636226654, 0.007106319535523653]"
9964,0,49.97%,89.45%,0.0316,"[0.9898653626441956, 0.01013464480638504]"
9965,1,49.98%,89.45%,0.113,"[0.10522665083408356, 0.8947733044624329]"
9966,1,49.98%,89.46%,0.1112,"[0.10535509139299393, 0.8946449756622314]"
9967,1,49.99%,89.46%,0.1147,"[0.10677938163280487, 0.8932206034660339]"
9968,1,49.99%,89.46%,0.1146,"[0.11149606108665466, 0.888503909111023]"
9969,1,50.00%,89.46%,0.1101,"[0.10546722263097763, 0.8945327401161194]"
9970,0,49.99%,89.46%,0.0072,"[0.992803156375885, 0.00719681940972805]"
9971,1,50.00%,89.46%,0.108,"[0.10706678777933121, 0.892933189868927]"
9972,0,49.99%,89.46%,0.0072,"[0.9928407669067383, 0.007159242872148752]"
9973,1,50.00%,89.46%,0.1038,"[0.09987608343362808, 0.9001239538192749]"
9974,1,50.01%,89.46%,0.0961,"[0.09149032831192017, 0.9085096716880798]"
9975,1,50.01%,89.46%,0.0963,"[0.09139726310968399, 0.9086027145385742]"
9976,0,50.01%,89.47%,0.0074,"[0.9926130771636963, 0.007386934477835894]"
9977,0,50.00%,89.47%,0.0072,"[0.9928575754165649, 0.0071424818597733974]"
9978,0,49.99%,89.46%,1.5074,"[0.2746939957141876, 0.7253060340881348]"
9979,1,50.00%,89.46%,0.1046,"[0.09926841408014297, 0.90073162317276]"
9980,1,50.01%,89.46%,0.1177,"[0.11524612456560135, 0.8847538828849792]"
9981,1,50.01%,89.46%,0.0954,"[0.09084831923246384, 0.9091516733169556]"
9982,0,50.01%,89.45%,0.7088,"[0.32755130529403687, 0.6724486947059631]"
9983,1,50.01%,89.45%,0.098,"[0.09235825389623642, 0.9076417088508606]"
9984,1,50.02%,89.45%,0.1125,"[0.10740084946155548, 0.8925991058349609]"
9985,0,50.01%,89.46%,0.0149,"[0.8550220727920532, 0.14497794210910797]"
9986,0,50.01%,89.46%,0.0072,"[0.9928182363510132, 0.007181803695857525]"
9987,0,50.00%,89.46%,0.0071,"[0.992883563041687, 0.007116403430700302]"
9988,1,50.01%,89.46%,0.2782,"[0.1512569636106491, 0.8487430810928345]"
9989,0,50.00%,89.46%,0.2256,"[0.9647014737129211, 0.03529857099056244]"
9990,0,49.99%,89.46%,0.0072,"[0.9928601384162903, 0.007139786146581173]"
9991,0,49.99%,89.46%,0.0072,"[0.9927961230278015, 0.007203896529972553]"
9992,1,49.99%,89.46%,0.0973,"[0.09509222954511642, 0.904907763004303]"
9993,1,50.00%,89.46%,0.1222,"[0.11448179185390472, 0.8855182528495789]"
9994,1,50.01%,89.46%,0.1866,"[0.136017307639122, 0.8639826774597168]"
9995,0,50.00%,89.47%,0.0071,"[0.9929659366607666, 0.0070340815000236034]"
9996,1,50.01%,89.47%,0.0961,"[0.09210195392370224, 0.9078980088233948]"
9997,1,50.01%,89.47%,0.1153,"[0.10776814073324203, 0.8922318816184998]"
9998,0,50.01%,89.47%,0.0072,"[0.9928211569786072, 0.007178890518844128]"
9999,0,50.00%,89.47%,0.0293,"[0.5514093637466431, 0.4485906660556793]"