round,ground_truth,emergency_percentage,correct_percentage,loss,softmax_output,hedge_weights
0,1,100.00%,0.00%,0.7339,"[0.5017743110656738, 0.4982256591320038]"
1,0,50.00%,0.00%,2.1046,"[0.13268323242664337, 0.8673167824745178]"
2,1,66.67%,33.33%,0.2055,"[0.15829478204250336, 0.8417052626609802]"
3,0,50.00%,25.00%,1.8526,"[0.13545390963554382, 0.8645461201667786]"
4,1,60.00%,40.00%,0.2620,"[0.18780040740966797, 0.812199592590332]"
5,1,66.67%,50.00%,0.1443,"[0.13685572147369385, 0.8631442189216614]"
6,0,57.14%,42.86%,2.1070,"[0.17317761480808258, 0.8268223404884338]"
7,0,50.00%,37.50%,1.9793,"[0.11639733612537384, 0.8836026191711426]"
8,0,44.44%,33.33%,1.9902,"[0.13479581475257874, 0.8652042150497437]"
9,1,50.00%,40.00%,0.1907,"[0.30049869418144226, 0.6995013356208801]"
10,1,54.55%,45.45%,0.2464,"[0.19276945292949677, 0.807230532169342]"
11,1,58.33%,50.00%,0.1835,"[0.2101972997188568, 0.7898026704788208]"
12,1,61.54%,46.15%,0.4895,"[0.5131750702857971, 0.4868248701095581]"
13,1,64.29%,50.00%,0.1973,"[0.12723475694656372, 0.8727651834487915]"
14,1,66.67%,53.33%,0.2772,"[0.12188488990068436, 0.8781151175498962]"
15,0,62.50%,50.00%,2.2934,"[0.10172713547945023, 0.8982728123664856]"
16,0,58.82%,47.06%,2.2247,"[0.10156932473182678, 0.8984307050704956]"
17,0,55.56%,44.44%,2.2079,"[0.11113571375608444, 0.888864278793335]"
18,0,52.63%,42.11%,2.3545,"[0.1067713126540184, 0.8932287096977234]"
19,1,55.00%,45.00%,0.1411,"[0.13617797195911407, 0.8638220429420471]"
20,1,57.14%,47.62%,0.1576,"[0.09808697551488876, 0.9019129872322083]"
21,1,59.09%,50.00%,0.1060,"[0.1161678358912468, 0.8838320970535278]"
22,1,60.87%,52.17%,0.1781,"[0.11578597873449326, 0.8842139840126038]"
23,0,58.33%,50.00%,2.0966,"[0.11360358446836472, 0.8863964676856995]"
24,0,56.00%,48.00%,2.1673,"[0.12404027581214905, 0.8759596943855286]"
25,1,57.69%,50.00%,0.0743,"[0.12502902746200562, 0.8749710321426392]"
26,1,59.26%,51.85%,0.1070,"[0.12867724895477295, 0.8713228106498718]"
27,0,57.14%,50.00%,2.1313,"[0.10141874849796295, 0.8985812067985535]"
28,0,55.17%,48.28%,1.9709,"[0.13095740973949432, 0.8690425753593445]"
29,1,56.67%,50.00%,0.1259,"[0.12470007687807083, 0.875299870967865]"
30,1,58.06%,51.61%,0.1280,"[0.13158464431762695, 0.8684154152870178]"
31,0,56.25%,50.00%,1.9804,"[0.15457306802272797, 0.8454269170761108]"
32,0,54.55%,48.48%,1.6886,"[0.18289585411548615, 0.817104160785675]"
33,0,52.94%,47.06%,1.6188,"[0.19047772884368896, 0.809522271156311]"
34,1,54.29%,48.57%,0.1829,"[0.23440563678741455, 0.7655943632125854]"
35,1,55.56%,50.00%,0.1966,"[0.1784507930278778, 0.8215491771697998]"
36,0,54.05%,48.65%,1.5908,"[0.24369919300079346, 0.7563008069992065]"
37,0,52.63%,47.37%,1.6486,"[0.19324816763401031, 0.8067518472671509]"
38,1,53.85%,48.72%,0.1742,"[0.1841268092393875, 0.8158732652664185]"
39,1,55.00%,50.00%,0.3072,"[0.25495684146881104, 0.745043158531189]"
40,1,56.10%,51.22%,0.1366,"[0.2398177683353424, 0.76018226146698]"
41,1,57.14%,52.38%,0.2714,"[0.20284678041934967, 0.7971531748771667]"
42,1,58.14%,53.49%,0.2354,"[0.21568283438682556, 0.7843171954154968]"
43,0,56.82%,52.27%,1.4363,"[0.24548310041427612, 0.7545168995857239]"
44,0,55.56%,51.11%,1.1338,"[0.3354010283946991, 0.6645989418029785]"
45,1,56.52%,52.17%,0.2283,"[0.22758373618125916, 0.7724162340164185]"
46,0,55.32%,51.06%,1.2160,"[0.27012166380882263, 0.7298783659934998]"
47,1,56.25%,52.08%,0.2430,"[0.19243372976779938, 0.807566225528717]"
48,0,55.10%,51.02%,1.7900,"[0.16471700370311737, 0.8352829217910767]"
49,0,54.00%,50.00%,0.9100,"[0.4100196659564972, 0.58998042345047]"
50,1,54.90%,50.98%,0.1932,"[0.19711323082447052, 0.8028867244720459]"
51,0,53.85%,50.00%,1.2866,"[0.23150137066841125, 0.7684985995292664]"
52,1,54.72%,50.94%,0.2531,"[0.20936186611652374, 0.7906381487846375]"
53,0,53.70%,50.00%,1.0035,"[0.33227720856666565, 0.667722761631012]"
54,1,54.55%,50.91%,0.2515,"[0.23133008182048798, 0.768669843673706]"
55,1,55.36%,51.79%,0.2092,"[0.17725706100463867, 0.8227429389953613]"
56,1,56.14%,52.63%,0.3446,"[0.30444416403770447, 0.6955558657646179]"
57,1,56.90%,53.45%,0.1558,"[0.2171257883310318, 0.7828741669654846]"
58,1,57.63%,54.24%,0.2981,"[0.2738133668899536, 0.7261866331100464]"
59,0,56.67%,53.33%,0.9286,"[0.4002208411693573, 0.5997791886329651]"
60,0,55.74%,52.46%,0.7060,"[0.4998610019683838, 0.5001389980316162]"
61,0,54.84%,51.61%,0.7918,"[0.4586066007614136, 0.5413933992385864]"
62,0,53.97%,50.79%,1.4144,"[0.18956676125526428, 0.8104332089424133]"
63,0,53.12%,50.00%,1.5102,"[0.20809674263000488, 0.7919033169746399]"
64,1,53.85%,50.77%,0.2782,"[0.25411590933799744, 0.745884120464325]"
65,1,54.55%,51.52%,0.4857,"[0.3689458966255188, 0.6310540437698364]"
66,1,55.22%,52.24%,0.2805,"[0.2402341067790985, 0.7597659230232239]"
67,0,54.41%,52.94%,0.6632,"[0.529545783996582, 0.4704541862010956]"
68,0,53.62%,52.17%,1.3228,"[0.21980641782283783, 0.780193567276001]"
69,0,52.86%,51.43%,0.8983,"[0.40504130721092224, 0.5949586629867554]"
70,0,52.11%,50.70%,1.2272,"[0.2952212691307068, 0.7047787308692932]"
71,0,51.39%,51.39%,0.7521,"[0.5013543367385864, 0.4986456036567688]"
72,0,50.68%,52.05%,0.5163,"[0.5894894599914551, 0.4105105996131897]"
73,1,51.35%,52.70%,0.6835,"[0.48940569162368774, 0.5105943083763123]"
74,0,50.67%,53.33%,0.6171,"[0.5352256894111633, 0.46477434039115906]"
75,0,50.00%,53.95%,0.3034,"[0.7360318899154663, 0.2639680504798889]"
76,0,49.35%,54.55%,0.1482,"[0.8661542534828186, 0.1338457316160202]"
77,0,48.72%,55.13%,0.1804,"[0.8364831805229187, 0.1635167896747589]"
78,0,48.10%,55.70%,0.0976,"[0.9101740121841431, 0.08982598036527634]"
79,1,48.75%,55.00%,1.2170,"[0.6991881132125854, 0.30081185698509216]"
80,1,49.38%,54.32%,1.2665,"[0.7346290349960327, 0.2653709053993225]"
81,0,48.78%,54.88%,0.0588,"[0.934819221496582, 0.0651807114481926]"
82,1,49.40%,54.22%,1.6016,"[0.770155131816864, 0.22984489798545837]"
83,0,48.81%,54.76%,0.0587,"[0.9377515912055969, 0.06224837154150009]"
84,1,49.41%,54.12%,2.2378,"[0.8892906904220581, 0.1107092946767807]"
85,0,48.84%,54.65%,0.0522,"[0.9433199763298035, 0.05667997524142265]"
86,0,48.28%,55.17%,0.0669,"[0.9403114914894104, 0.05968856066465378]"
87,1,48.86%,54.55%,0.9006,"[0.6591546535491943, 0.34084534645080566]"
88,1,49.44%,53.93%,1.7622,"[0.8320909142494202, 0.16790911555290222]"
89,0,48.89%,54.44%,0.0739,"[0.9154602885246277, 0.08453971892595291]"
90,0,48.35%,54.95%,0.0845,"[0.9178913235664368, 0.08210863918066025]"
91,1,48.91%,54.35%,2.0893,"[0.8687740564346313, 0.13122586905956268]"
92,1,49.46%,54.84%,0.5876,"[0.39271634817123413, 0.6072836518287659]"
93,0,48.94%,55.32%,0.0950,"[0.9136789441108704, 0.08632107079029083]"
94,0,48.42%,55.79%,0.0471,"[0.9533482789993286, 0.0466516837477684]"
95,0,47.92%,56.25%,0.0889,"[0.914577066898346, 0.08542296290397644]"
96,0,47.42%,56.70%,0.0686,"[0.9464677572250366, 0.05353230610489845]"
97,1,47.96%,57.14%,0.2776,"[0.2878332734107971, 0.7121667861938477]"
98,1,48.48%,56.57%,1.6973,"[0.8266609907150269, 0.17333897948265076]"
99,0,48.00%,57.00%,0.2256,"[0.8104227185249329, 0.18957722187042236]"
100,0,47.52%,57.43%,0.0735,"[0.9184613823890686, 0.08153858780860901]"
101,1,48.04%,56.86%,1.7804,"[0.8467597961425781, 0.15324023365974426]"
102,0,47.57%,57.28%,0.4498,"[0.7036978602409363, 0.29630208015441895]"
103,0,47.12%,57.69%,0.0766,"[0.9250468611717224, 0.074953094124794]"
104,0,46.67%,58.10%,0.3151,"[0.7156667709350586, 0.2843332588672638]"
105,1,47.17%,57.55%,1.7646,"[0.8292492032051086, 0.17075075209140778]"
106,0,46.73%,57.94%,0.2709,"[0.754275381565094, 0.2457246035337448]"
107,1,47.22%,57.41%,1.9403,"[0.8398537039756775, 0.16014637053012848]"
108,0,46.79%,57.80%,0.4183,"[0.732602059841156, 0.2673979103565216]"
109,1,47.27%,57.27%,1.7229,"[0.8377549648284912, 0.1622450053691864]"
110,0,46.85%,57.66%,0.0351,"[0.9653554558753967, 0.034644488245248795]"
111,1,47.32%,57.14%,0.9136,"[0.6603010296821594, 0.33969900012016296]"
112,0,46.90%,57.52%,0.0503,"[0.9543066024780273, 0.04569333791732788]"
113,0,46.49%,57.89%,0.0487,"[0.9543664455413818, 0.04563358053565025]"
114,1,46.96%,58.26%,0.0915,"[0.05476216599345207, 0.9452378749847412]"
115,1,47.41%,57.76%,2.1641,"[0.8708773851394653, 0.12912265956401825]"
116,0,47.01%,58.12%,0.0400,"[0.9623234272003174, 0.03767658770084381]"
117,1,47.46%,58.47%,0.1711,"[0.1843772679567337, 0.8156227469444275]"
118,1,47.90%,57.98%,0.7795,"[0.5213960409164429, 0.4786040186882019]"
119,0,47.50%,58.33%,0.3024,"[0.6956530809402466, 0.30434685945510864]"
120,1,47.93%,58.68%,0.1455,"[0.17202425003051758, 0.8279757499694824]"
121,0,47.54%,59.02%,0.0591,"[0.9182565808296204, 0.08174342662096024]"
122,1,47.97%,58.54%,0.7389,"[0.5588604211807251, 0.4411395788192749]"
123,1,48.39%,58.87%,0.1277,"[0.09399992972612381, 0.9060001373291016]"
124,1,48.80%,59.20%,1.0240,"[0.4842785596847534, 0.5157214999198914]"
125,1,49.21%,59.52%,0.1018,"[0.08340255916118622, 0.9165974259376526]"
126,1,49.61%,59.84%,0.4875,"[0.4817631244659424, 0.5182368159294128]"
127,0,49.22%,60.16%,0.2431,"[0.7620136141777039, 0.23798637092113495]"
128,1,49.61%,60.47%,0.0612,"[0.030958818271756172, 0.9690412282943726]"
129,1,50.00%,60.77%,0.1848,"[0.16945672035217285, 0.8305432200431824]"
130,1,50.38%,61.07%,0.0948,"[0.06948939710855484, 0.9305105805397034]"
131,0,50.00%,61.36%,0.5074,"[0.5562216639518738, 0.44377830624580383]"
132,1,50.38%,61.65%,0.0433,"[0.027869513258337975, 0.9721304774284363]"
133,1,50.75%,61.94%,0.0635,"[0.06739672273397446, 0.9326032996177673]"
134,0,50.37%,61.48%,0.6037,"[0.4684197008609772, 0.5315803289413452]"
135,1,50.74%,61.76%,0.3134,"[0.2454833835363388, 0.7545166015625]"
136,1,51.09%,62.04%,0.0411,"[0.04267468675971031, 0.957325279712677]"
137,0,50.72%,61.59%,2.5477,"[0.10850247740745544, 0.8914974927902222]"
138,1,51.08%,61.87%,0.0134,"[0.014621137641370296, 0.9853788614273071]"
139,1,51.43%,62.14%,0.0215,"[0.016095707193017006, 0.9839043617248535]"
140,0,51.06%,61.70%,1.7198,"[0.18992376327514648, 0.8100761771202087]"
141,0,50.70%,61.27%,3.2857,"[0.07249103486537933, 0.9275089502334595]"
142,1,51.05%,61.54%,0.0473,"[0.032941609621047974, 0.9670584201812744]"
143,0,50.69%,61.11%,0.9763,"[0.45030590891838074, 0.5496941208839417]"
144,0,50.34%,60.69%,1.0446,"[0.3101600408554077, 0.6898398995399475]"
145,0,50.00%,60.27%,0.9536,"[0.37028810381889343, 0.6297118663787842]"
146,1,50.34%,60.54%,0.0115,"[0.01326623372733593, 0.9867337942123413]"
147,0,50.00%,60.14%,0.5678,"[0.49773108959198, 0.5022688508033752]"
148,0,49.66%,60.40%,0.1139,"[0.8881906270980835, 0.11180931329727173]"
149,0,49.33%,60.67%,0.2131,"[0.7938851714134216, 0.20611481368541718]"
150,0,49.01%,60.93%,0.3368,"[0.7324777245521545, 0.26752227544784546]"
151,1,49.34%,61.18%,0.2069,"[0.20261603593826294, 0.7973839044570923]"
152,1,49.67%,61.44%,0.0177,"[0.01727123372256756, 0.9827287793159485]"
153,1,50.00%,61.69%,0.4968,"[0.25633886456489563, 0.7436611652374268]"
154,1,50.32%,61.94%,0.0749,"[0.2725992500782013, 0.7274007201194763]"
155,0,50.00%,62.18%,0.0403,"[0.9547947645187378, 0.045205239206552505]"
156,1,50.32%,61.78%,2.0608,"[0.640123724937439, 0.35987627506256104]"
157,0,50.00%,62.03%,0.0288,"[0.9663691520690918, 0.033630840480327606]"
158,0,49.69%,61.64%,1.0621,"[0.4081687033176422, 0.5918313264846802]"
159,0,49.38%,61.88%,0.4279,"[0.7705208659172058, 0.22947916388511658]"
160,1,49.69%,62.11%,0.0706,"[0.13273191452026367, 0.8672680854797363]"
161,0,49.38%,62.35%,0.0450,"[0.9394018650054932, 0.060598134994506836]"
162,0,49.08%,62.58%,0.0333,"[0.956141471862793, 0.04385846108198166]"
163,0,48.78%,62.80%,0.4160,"[0.6669139266014099, 0.3330860733985901]"
164,0,48.48%,63.03%,0.2040,"[0.8602450489997864, 0.13975493609905243]"
165,0,48.19%,63.25%,0.0222,"[0.9735157489776611, 0.026484282687306404]"
166,1,48.50%,62.87%,1.0840,"[0.5685831308364868, 0.4314168691635132]"
167,1,48.81%,62.50%,1.3698,"[0.5567352175712585, 0.4432647228240967]"
168,1,49.11%,62.13%,1.2190,"[0.5990181565284729, 0.4009818732738495]"
169,1,49.41%,61.76%,1.6483,"[0.8850445747375488, 0.11495542526245117]"
170,0,49.12%,61.99%,0.0858,"[0.8995158672332764, 0.10048415511846542]"
171,0,48.84%,62.21%,0.0152,"[0.9882270693778992, 0.01177287008613348]"
172,0,48.55%,62.43%,0.0141,"[0.9867132902145386, 0.013286716304719448]"
173,1,48.85%,62.64%,0.0351,"[0.02540614828467369, 0.9745938777923584]"
174,0,48.57%,62.86%,0.0120,"[0.9889784455299377, 0.0110216299071908]"
175,0,48.30%,63.07%,0.0138,"[0.9856802225112915, 0.01431980449706316]"
176,1,48.59%,62.71%,1.8297,"[0.8234460353851318, 0.17655396461486816]"
177,1,48.88%,62.92%,0.0292,"[0.028034716844558716, 0.9719653129577637]"
178,1,49.16%,63.13%,0.0186,"[0.02023632638156414, 0.9797636270523071]"
179,0,48.89%,63.33%,0.0946,"[0.8849416375160217, 0.11505834013223648]"
180,1,49.17%,62.98%,0.8517,"[0.6992776989936829, 0.30072227120399475]"
181,1,49.45%,62.64%,2.3429,"[0.8878811597824097, 0.11211887747049332]"
182,1,49.73%,62.84%,0.0152,"[0.016579223796725273, 0.9834207892417908]"
183,1,50.00%,63.04%,0.5570,"[0.2742511034011841, 0.7257488965988159]"
184,0,49.73%,63.24%,0.3341,"[0.7303505539894104, 0.2696494460105896]"
185,0,49.46%,63.44%,0.0316,"[0.9723649621009827, 0.02763506956398487]"
186,1,49.73%,63.64%,0.1888,"[0.15540455281734467, 0.8445954322814941]"
187,1,50.00%,63.83%,0.4051,"[0.41297176480293274, 0.5870282649993896]"
188,0,49.74%,64.02%,0.2296,"[0.6521692276000977, 0.34783080220222473]"
189,1,50.00%,64.21%,0.0121,"[0.013759670779109001, 0.9862403273582458]"
190,1,50.26%,64.40%,0.0535,"[0.03600588068366051, 0.9639940857887268]"
191,1,50.52%,64.58%,0.2293,"[0.3716631531715393, 0.6283369064331055]"
192,1,50.78%,64.77%,0.1349,"[0.08818124979734421, 0.91181880235672]"
193,0,50.52%,64.95%,0.1363,"[0.8578675389289856, 0.1421324908733368]"
194,0,50.26%,64.62%,2.5737,"[0.0644037276506424, 0.9355962872505188]"
195,0,50.00%,64.80%,0.1841,"[0.8169133067131042, 0.18308667838573456]"
196,0,49.75%,64.97%,0.0922,"[0.922166645526886, 0.07783330231904984]"
197,0,49.49%,65.15%,0.0524,"[0.9512539505958557, 0.04874606430530548]"
198,0,49.25%,64.82%,1.7145,"[0.11517656594514847, 0.8848235011100769]"
199,1,49.50%,65.00%,0.1853,"[0.33746469020843506, 0.6625353693962097]"
200,0,49.25%,65.17%,0.0523,"[0.9479421973228455, 0.05205775052309036]"
201,1,49.50%,65.35%,1.2134,"[0.25718531012535095, 0.7428147196769714]"
202,1,49.75%,65.52%,0.0122,"[0.008482812903821468, 0.991517186164856]"
203,1,50.00%,65.69%,0.2663,"[0.1178727075457573, 0.8821272850036621]"
204,1,50.24%,65.85%,0.0345,"[0.1300739049911499, 0.8699260950088501]"
205,0,50.00%,65.53%,1.8367,"[0.1809309870004654, 0.819068968296051]"
206,1,50.24%,65.70%,0.1823,"[0.25892090797424316, 0.7410790324211121]"
207,0,50.00%,65.87%,0.3662,"[0.5064054727554321, 0.49359455704689026]"
208,0,49.76%,66.03%,0.0684,"[0.9439955949783325, 0.056004397571086884]"
209,0,49.52%,66.19%,0.0398,"[0.9616991281509399, 0.03830087557435036]"
210,0,49.29%,66.35%,0.4659,"[0.7881901264190674, 0.21180984377861023]"
211,0,49.06%,66.04%,1.6612,"[0.07689497619867325, 0.923105001449585]"
212,1,49.30%,65.73%,0.5060,"[0.8145636916160583, 0.18543635308742523]"
213,0,49.07%,65.89%,0.0229,"[0.9730463027954102, 0.02695373259484768]"
214,0,48.84%,66.05%,0.1708,"[0.8605597019195557, 0.13944025337696075]"
215,0,48.61%,66.20%,0.0108,"[0.9851272702217102, 0.014872771687805653]"
216,1,48.85%,66.36%,0.0802,"[0.032130055129528046, 0.9678699374198914]"
217,0,48.62%,66.51%,0.0313,"[0.9691969752311707, 0.030803091824054718]"
218,0,48.40%,66.67%,0.0109,"[0.9930127263069153, 0.00698726624250412]"
219,1,48.64%,66.82%,1.9268,"[0.3172648549079895, 0.6827351450920105]"
220,0,48.42%,66.97%,0.0149,"[0.9866605997085571, 0.013339405879378319]"
221,1,48.65%,66.67%,0.3146,"[0.6879097819328308, 0.3120901882648468]"
222,0,48.43%,66.82%,0.0103,"[0.9900813698768616, 0.009918599389493465]"
223,1,48.66%,66.96%,0.0116,"[0.013611402362585068, 0.986388623714447]"
224,0,48.44%,67.11%,0.0078,"[0.9884504079818726, 0.011549544520676136]"
225,1,48.67%,67.26%,0.0113,"[0.010966205969452858, 0.9890338182449341]"
226,0,48.46%,67.40%,0.3873,"[0.7045228481292725, 0.29547712206840515]"
227,1,48.68%,67.54%,0.0089,"[0.00830428022891283, 0.9916957020759583]"
228,1,48.91%,67.69%,0.0436,"[0.0443950891494751, 0.9556049704551697]"
229,0,48.70%,67.39%,0.6089,"[0.3732491731643677, 0.6267508864402771]"
230,1,48.92%,67.10%,0.6193,"[0.5842535495758057, 0.41574645042419434]"
231,0,48.71%,67.24%,0.0170,"[0.9936000108718872, 0.0064000329002738]"
232,0,48.50%,67.38%,0.0077,"[0.9847780466079712, 0.015221979469060898]"
233,1,48.72%,67.52%,0.0137,"[0.014911042526364326, 0.9850890040397644]"
234,0,48.51%,67.66%,0.3204,"[0.7585650682449341, 0.24143487215042114]"
235,0,48.31%,67.80%,0.0070,"[0.9932156205177307, 0.0067843967117369175]"
236,1,48.52%,67.51%,2.2145,"[0.8001376390457153, 0.19986236095428467]"
237,1,48.74%,67.65%,0.0263,"[0.017023464664816856, 0.9829765558242798]"
238,0,48.54%,67.78%,0.0102,"[0.9906272888183594, 0.009372721426188946]"
239,0,48.33%,67.92%,0.2111,"[0.9433373212814331, 0.056662753224372864]"
240,0,48.13%,68.05%,0.0161,"[0.9875857830047607, 0.012414229102432728]"
241,1,48.35%,68.18%,0.3302,"[0.27526673674583435, 0.724733293056488]"
242,1,48.56%,68.31%,0.2927,"[0.05560440197587013, 0.9443956017494202]"
243,0,48.36%,68.44%,0.0073,"[0.9918988943099976, 0.008101149462163448]"
244,1,48.57%,68.57%,0.1621,"[0.09747929871082306, 0.9025207161903381]"
245,0,48.37%,68.70%,0.0077,"[0.9903900623321533, 0.00960986502468586]"
246,0,48.18%,68.83%,0.0161,"[0.9928146600723267, 0.007185367401689291]"
247,1,48.39%,68.95%,0.1808,"[0.36970677971839905, 0.6302932500839233]"
248,0,48.19%,69.08%,0.0233,"[0.9847004413604736, 0.015299506485462189]"
249,0,48.00%,69.20%,0.0059,"[0.9907468557357788, 0.009253200143575668]"
250,1,48.21%,69.32%,0.0150,"[0.012052439153194427, 0.9879475235939026]"
251,1,48.41%,69.44%,0.0538,"[0.0555708222091198, 0.9444292187690735]"
252,0,48.22%,69.57%,0.0157,"[0.9898796081542969, 0.010120432823896408]"
253,1,48.43%,69.69%,0.0047,"[0.005533999297767878, 0.9944660067558289]"
254,1,48.63%,69.80%,0.1260,"[0.16018511354923248, 0.8398149013519287]"
255,1,48.83%,69.92%,0.0067,"[0.006495293695479631, 0.9935046434402466]"
256,0,48.64%,70.04%,0.0488,"[0.9299498796463013, 0.0700501874089241]"
257,1,48.84%,70.16%,0.0176,"[0.05188983678817749, 0.9481102228164673]"
258,0,48.65%,70.27%,0.0127,"[0.9853030443191528, 0.014696948230266571]"
259,0,48.46%,70.38%,0.0552,"[0.9304446578025818, 0.06955536454916]"
260,1,48.66%,70.50%,0.0169,"[0.011537422426044941, 0.988462507724762]"
261,0,48.47%,70.61%,0.0070,"[0.9874383807182312, 0.012561672367155552]"
262,1,48.67%,70.72%,0.0038,"[0.0045921956188976765, 0.99540776014328]"
263,0,48.48%,70.45%,1.0825,"[0.1501815915107727, 0.8498184680938721]"
264,1,48.68%,70.57%,0.0219,"[0.018103493377566338, 0.9818965196609497]"
265,0,48.50%,70.30%,3.7542,"[0.018706053495407104, 0.9812939763069153]"
266,1,48.69%,70.41%,0.0288,"[0.030109332874417305, 0.9698907136917114]"
267,1,48.88%,70.52%,0.0101,"[0.010329312644898891, 0.9896706938743591]"
268,1,49.07%,70.63%,0.0104,"[0.029763976112008095, 0.9702360033988953]"
269,0,48.89%,70.74%,0.0367,"[0.9588442444801331, 0.04115571081638336]"
270,0,48.71%,70.85%,0.0282,"[0.9712028503417969, 0.028797214850783348]"
271,1,48.90%,70.96%,0.0078,"[0.007702619768679142, 0.992297351360321]"
272,1,49.08%,71.06%,0.0042,"[0.004237514920532703, 0.9957625269889832]"
273,1,49.27%,71.17%,0.0111,"[0.008512691594660282, 0.9914872646331787]"
274,1,49.45%,71.27%,0.0207,"[0.020236728712916374, 0.9797633290290833]"
275,1,49.64%,71.38%,0.0921,"[0.43975770473480225, 0.560242235660553]"
276,1,49.82%,71.48%,0.0052,"[0.0036571365781128407, 0.9963428378105164]"
277,0,49.64%,71.58%,0.0063,"[0.9961172342300415, 0.0038827203679829836]"
278,0,49.46%,71.68%,0.0122,"[0.9881565570831299, 0.01184347365051508]"
279,1,49.64%,71.79%,0.0140,"[0.014063786715269089, 0.9859362840652466]"
280,1,49.82%,71.89%,0.4639,"[0.29363399744033813, 0.7063660025596619]"
281,1,50.00%,71.99%,0.0168,"[0.009167192503809929, 0.9908328652381897]"
282,1,50.18%,72.08%,0.0074,"[0.006312827579677105, 0.9936872124671936]"
283,1,50.35%,72.18%,0.0213,"[0.020642340183258057, 0.9793577194213867]"
284,1,50.53%,72.28%,0.0052,"[0.004364192485809326, 0.9956358075141907]"
285,1,50.70%,72.38%,0.8818,"[0.1425643116235733, 0.8574357032775879]"
286,0,50.52%,72.47%,0.0292,"[0.9655360579490662, 0.03446399047970772]"
287,0,50.35%,72.57%,0.0572,"[0.9607455134391785, 0.039254508912563324]"
288,0,50.17%,72.32%,3.5585,"[0.020657749846577644, 0.9793422818183899]"
289,0,50.00%,72.07%,0.5816,"[0.3805125057697296, 0.6194875240325928]"
290,0,49.83%,72.16%,0.0143,"[0.977848470211029, 0.0221515242010355]"
291,1,50.00%,72.26%,0.0410,"[0.034755319356918335, 0.965244710445404]"
292,0,49.83%,72.35%,0.0113,"[0.9815570116043091, 0.018442971631884575]"
293,1,50.00%,72.45%,0.0033,"[0.0037680226378142834, 0.9962319731712341]"
294,0,49.83%,72.54%,0.0055,"[0.9928309321403503, 0.00716911256313324]"
295,0,49.66%,72.64%,0.0043,"[0.9944553971290588, 0.005544566549360752]"
296,1,49.83%,72.73%,0.0035,"[0.0032051317393779755, 0.9967948794364929]"
297,0,49.66%,72.82%,0.0060,"[0.9921253323554993, 0.00787470955401659]"
298,0,49.50%,72.91%,0.0122,"[0.9899179339408875, 0.010082035325467587]"
299,1,49.67%,73.00%,0.0072,"[0.004462620243430138, 0.9955374002456665]"
300,0,49.50%,72.76%,2.2848,"[0.09581600874662399, 0.9041840434074402]"
301,1,49.67%,72.85%,0.0486,"[0.02762046456336975, 0.9723795056343079]"
302,1,49.83%,72.94%,0.1288,"[0.048265647143125534, 0.9517344236373901]"
303,1,50.00%,73.03%,0.0105,"[0.009175139479339123, 0.9908248782157898]"
304,0,49.84%,72.79%,3.5134,"[0.016407635062932968, 0.9835923910140991]"
305,0,49.67%,72.88%,0.0038,"[0.9941065311431885, 0.0058935158886015415]"
306,1,49.84%,72.96%,0.0109,"[0.016625655815005302, 0.9833743572235107]"
307,1,50.00%,73.05%,0.0234,"[0.027186505496501923, 0.9728135466575623]"
308,0,49.84%,73.14%,0.0099,"[0.9881610870361328, 0.01183888129889965]"
309,1,50.00%,73.23%,0.1633,"[0.2685753107070923, 0.7314247488975525]"
310,0,49.84%,73.31%,0.0113,"[0.9929261207580566, 0.007073960267007351]"
311,1,50.00%,73.40%,0.0115,"[0.011022916994988918, 0.9889770150184631]"
312,0,49.84%,73.48%,0.0082,"[0.9909115433692932, 0.009088442660868168]"
313,0,49.68%,73.57%,0.0076,"[0.9900171160697937, 0.009982938878238201]"
314,0,49.52%,73.65%,0.0033,"[0.9952296018600464, 0.004770411644130945]"
315,0,49.37%,73.42%,2.9255,"[0.08167079836130142, 0.918329119682312]"
316,1,49.53%,73.50%,0.0086,"[0.006428977008908987, 0.9935710430145264]"
317,0,49.37%,73.58%,0.0072,"[0.9948910474777222, 0.005108923185616732]"
318,0,49.22%,73.67%,0.0079,"[0.9965316653251648, 0.003468339331448078]"
319,0,49.06%,73.75%,0.0030,"[0.9974606037139893, 0.002539423294365406]"
320,1,49.22%,73.83%,0.0354,"[0.03457381948828697, 0.9654261469841003]"
321,1,49.38%,73.91%,0.2358,"[0.19638517498970032, 0.8036147952079773]"
322,0,49.23%,73.99%,0.0104,"[0.9946169257164001, 0.005383117590099573]"
323,1,49.38%,74.07%,0.2201,"[0.2833414375782013, 0.7166585922241211]"
324,1,49.54%,73.85%,0.5788,"[0.914932906627655, 0.08506710827350616]"
325,0,49.39%,73.93%,0.0306,"[0.9642027020454407, 0.03579727187752724]"
326,1,49.54%,74.01%,0.0142,"[0.013159707188606262, 0.9868402481079102]"
327,0,49.39%,74.09%,0.0213,"[0.9599316120147705, 0.0400683730840683]"
328,0,49.24%,74.16%,0.0044,"[0.9933358430862427, 0.006664099637418985]"
329,1,49.39%,74.24%,0.0103,"[0.015736015513539314, 0.9842639565467834]"
330,1,49.55%,74.32%,0.1253,"[0.1592017561197281, 0.8407982587814331]"
331,0,49.40%,74.40%,0.0027,"[0.9968189001083374, 0.003181057283654809]"
332,1,49.55%,74.47%,0.2059,"[0.08482389897108078, 0.9151760339736938]"
333,0,49.40%,74.55%,0.0326,"[0.9485222101211548, 0.05147780478000641]"
334,1,49.55%,74.63%,0.0080,"[0.005474833305925131, 0.9945251941680908]"
335,0,49.40%,74.40%,3.8377,"[0.0364859402179718, 0.9635140895843506]"
336,1,49.55%,74.48%,0.0259,"[0.05527240037918091, 0.9447276592254639]"
337,1,49.70%,74.56%,0.0560,"[0.19609002768993378, 0.8039100170135498]"
338,1,49.85%,74.63%,0.0082,"[0.008724026381969452, 0.9912759065628052]"
339,1,50.00%,74.71%,0.0056,"[0.006105815526098013, 0.9938941597938538]"
340,0,49.85%,74.49%,4.9428,"[0.006416573189198971, 0.9935833811759949]"
341,1,50.00%,74.56%,0.0043,"[0.0037299140822142363, 0.9962700605392456]"
342,1,50.15%,74.64%,0.0052,"[0.003589278319850564, 0.9964106678962708]"
343,1,50.29%,74.71%,0.0216,"[0.023713503032922745, 0.9762864708900452]"
344,1,50.43%,74.78%,0.0140,"[0.02035134844481945, 0.9796486496925354]"
345,1,50.58%,74.86%,0.0172,"[0.011257758364081383, 0.9887422323226929]"
346,1,50.72%,74.93%,0.0059,"[0.005507440306246281, 0.9944925308227539]"
347,0,50.57%,75.00%,0.0185,"[0.9869433641433716, 0.013056694529950619]"
348,1,50.72%,75.07%,0.0057,"[0.006991781294345856, 0.9930082559585571]"
349,0,50.57%,75.14%,0.0263,"[0.984522819519043, 0.015477185137569904]"
350,1,50.71%,75.21%,0.0087,"[0.009947081096470356, 0.9900528788566589]"
351,0,50.57%,75.28%,0.0556,"[0.9574053883552551, 0.042594630271196365]"
352,0,50.42%,75.07%,3.8462,"[0.039213597774505615, 0.9607864022254944]"
353,0,50.28%,75.14%,0.0067,"[0.9781615734100342, 0.021838486194610596]"
354,1,50.42%,75.21%,0.0078,"[0.00931059755384922, 0.9906893968582153]"
355,0,50.28%,75.28%,0.0217,"[0.9647426605224609, 0.03525734692811966]"
356,0,50.14%,75.35%,0.0284,"[0.9785242080688477, 0.021475816145539284]"
357,0,50.00%,75.42%,0.0256,"[0.9867960214614868, 0.013203971087932587]"
358,0,49.86%,75.49%,0.0120,"[0.9937164187431335, 0.0062836469151079655]"
359,0,49.72%,75.56%,0.0064,"[0.9957314133644104, 0.004268540535122156]"
360,0,49.58%,75.62%,0.0249,"[0.9833104014396667, 0.016689665615558624]"
361,1,49.72%,75.69%,0.0078,"[0.00607552332803607, 0.9939244389533997]"
362,0,49.59%,75.76%,0.6259,"[0.7589460611343384, 0.241053968667984]"
363,1,49.73%,75.82%,0.0088,"[0.022578859701752663, 0.9774211049079895]"
364,1,49.86%,75.89%,0.0569,"[0.06313992291688919, 0.9368601441383362]"
365,1,50.00%,75.96%,0.0063,"[0.009268303401768208, 0.9907317757606506]"
366,0,49.86%,76.02%,0.0032,"[0.9951896667480469, 0.004810330457985401]"
367,0,49.73%,76.09%,0.0042,"[0.9957767128944397, 0.0042233518324792385]"
368,0,49.59%,76.15%,0.0037,"[0.9962964653968811, 0.00370348384603858]"
369,0,49.46%,75.95%,0.8139,"[0.47442013025283813, 0.5255798697471619]"
370,0,49.33%,76.01%,0.0033,"[0.9957630634307861, 0.004236961714923382]"
371,0,49.19%,76.08%,0.0029,"[0.9956915974617004, 0.004308432340621948]"
372,1,49.33%,76.14%,0.0203,"[0.01388556882739067, 0.9861143827438354]"
373,0,49.20%,76.20%,0.0074,"[0.9924554824829102, 0.007544538006186485]"
374,0,49.07%,76.00%,1.9517,"[0.13751433789730072, 0.8624856472015381]"
375,1,49.20%,76.06%,0.2789,"[0.23529089987277985, 0.7647091150283813]"
376,0,49.07%,76.13%,0.0032,"[0.9968422651290894, 0.003157696221023798]"
377,0,48.94%,76.19%,0.0048,"[0.9963220357894897, 0.003677953267470002]"
378,0,48.81%,76.25%,0.6188,"[0.5157621502876282, 0.4842378497123718]"
379,1,48.95%,76.05%,0.8326,"[0.9283402562141418, 0.07165975123643875]"
380,0,48.82%,76.12%,0.0033,"[0.996931791305542, 0.0030681882053613663]"
381,1,48.95%,76.18%,0.0216,"[0.015174098312854767, 0.9848259091377258]"
382,1,49.09%,76.24%,0.0338,"[0.02881893329322338, 0.9711810946464539]"
383,1,49.22%,76.30%,0.0204,"[0.008714176714420319, 0.9912858605384827]"
384,1,49.35%,76.10%,2.0725,"[0.9723256230354309, 0.027674343436956406]"
385,0,49.22%,76.17%,0.0034,"[0.9972190856933594, 0.002780908951535821]"
386,0,49.10%,76.23%,0.0441,"[0.964473307132721, 0.035526715219020844]"
387,1,49.23%,76.03%,1.1283,"[0.546579122543335, 0.45342081785202026]"
388,1,49.36%,75.84%,2.5764,"[0.814772367477417, 0.18522757291793823]"
389,0,49.23%,75.90%,0.0027,"[0.9972403049468994, 0.002759678056463599]"
390,0,49.10%,75.96%,0.0094,"[0.9955949187278748, 0.0044051106087863445]"
391,0,48.98%,76.02%,0.0036,"[0.9963856935501099, 0.0036143579054623842]"
392,1,49.11%,76.08%,1.0631,"[0.1672406792640686, 0.8327593207359314]"
393,1,49.24%,76.14%,0.0765,"[0.034171439707279205, 0.965828537940979]"
394,0,49.11%,76.20%,0.0036,"[0.994657039642334, 0.0053429314866662025]"
395,0,48.99%,76.26%,0.0044,"[0.9954903721809387, 0.0045096296817064285]"
396,0,48.87%,76.32%,0.0043,"[0.9965226650238037, 0.0034773333463817835]"
397,0,48.74%,76.38%,0.0153,"[0.9951056241989136, 0.004894368816167116]"
398,1,48.87%,76.19%,1.0002,"[0.8823719024658203, 0.11762814968824387]"
399,0,48.75%,76.25%,0.0078,"[0.9961769580841064, 0.003823078004643321]"
400,1,48.88%,76.31%,0.2079,"[0.24210681021213531, 0.7578932642936707]"
401,0,48.76%,76.37%,0.0083,"[0.9965890645980835, 0.0034109288826584816]"
402,1,48.88%,76.43%,0.0434,"[0.029834125190973282, 0.9701658487319946]"
403,1,49.01%,76.49%,0.1200,"[0.2528334856033325, 0.7471665143966675]"
404,1,49.14%,76.54%,0.0280,"[0.025912858545780182, 0.9740871787071228]"
405,0,49.01%,76.35%,2.0200,"[0.10438001900911331, 0.8956199884414673]"
406,0,48.89%,76.41%,0.0211,"[0.9907222986221313, 0.0092777656391263]"
407,1,49.02%,76.47%,0.0273,"[0.026520995423197746, 0.9734790325164795]"
408,1,49.14%,76.53%,0.0124,"[0.008424836210906506, 0.9915751814842224]"
409,0,49.02%,76.34%,1.5038,"[0.1627122163772583, 0.8372877836227417]"
410,1,49.15%,76.40%,0.0052,"[0.004974102135747671, 0.9950259327888489]"
411,1,49.27%,76.46%,0.0075,"[0.009906132705509663, 0.9900938868522644]"
412,0,49.15%,76.27%,4.0658,"[0.018314126878976822, 0.9816858768463135]"
413,0,49.03%,76.33%,0.0047,"[0.9782760739326477, 0.021723851561546326]"
414,1,49.16%,76.39%,0.0199,"[0.017531070858240128, 0.9824689626693726]"
415,0,49.04%,76.20%,0.7421,"[0.31055203080177307, 0.6894480586051941]"
416,1,49.16%,76.26%,0.0055,"[0.006787305232137442, 0.9932126998901367]"
417,1,49.28%,76.32%,0.0100,"[0.010048345662653446, 0.9899516701698303]"
418,1,49.40%,76.37%,0.0063,"[0.006324479356408119, 0.9936755299568176]"
419,1,49.52%,76.43%,0.0130,"[0.019111083820462227, 0.9808889031410217]"
420,1,49.64%,76.48%,0.0049,"[0.006094104144722223, 0.9939059615135193]"
421,1,49.76%,76.30%,1.2357,"[0.6611319184303284, 0.33886805176734924]"
422,1,49.88%,76.36%,0.0182,"[0.013859542086720467, 0.9861404895782471]"
423,0,49.76%,76.42%,0.0166,"[0.9851876497268677, 0.014812354929745197]"
424,0,49.65%,76.24%,3.3014,"[0.023105381056666374, 0.9768946170806885]"
425,1,49.77%,76.29%,0.0572,"[0.06417926400899887, 0.9358206987380981]"
426,0,49.65%,76.35%,0.0125,"[0.9842156767845154, 0.015784354880452156]"
427,0,49.53%,76.40%,0.0105,"[0.9950085878372192, 0.0049913786351680756]"
428,1,49.65%,76.46%,0.0195,"[0.017796585336327553, 0.9822033643722534]"
429,1,49.77%,76.51%,0.0284,"[0.023499663919210434, 0.976500391960144]"
430,1,49.88%,76.57%,0.0137,"[0.015258712694048882, 0.9847412705421448]"
431,1,50.00%,76.62%,0.0121,"[0.010225815698504448, 0.9897741079330444]"
432,1,50.12%,76.67%,0.0066,"[0.005247725173830986, 0.9947522878646851]"
433,0,50.00%,76.50%,3.2244,"[0.034320998936891556, 0.9656789898872375]"
434,1,50.11%,76.55%,0.2842,"[0.17004384100437164, 0.8299561142921448]"
435,1,50.23%,76.61%,0.0273,"[0.019324028864502907, 0.9806759357452393]"
436,0,50.11%,76.66%,0.0039,"[0.9872138500213623, 0.012786136008799076]"
437,0,50.00%,76.71%,0.0052,"[0.9935531616210938, 0.006446893326938152]"
438,1,50.11%,76.77%,0.0068,"[0.012431967072188854, 0.9875680208206177]"
439,0,50.00%,76.82%,0.0317,"[0.983367919921875, 0.016632167622447014]"
440,1,50.11%,76.87%,0.0230,"[0.012127045542001724, 0.9878729581832886]"
441,0,50.00%,76.92%,0.0209,"[0.995118260383606, 0.004881804808974266]"
442,1,50.11%,76.98%,0.0187,"[0.02597169578075409, 0.9740282893180847]"
443,0,50.00%,76.80%,1.6655,"[0.2381073236465454, 0.7618927359580994]"
444,0,49.89%,76.85%,0.0142,"[0.9926896691322327, 0.007310300134122372]"
445,0,49.78%,76.91%,0.0082,"[0.992828905582428, 0.007171101402491331]"
446,1,49.89%,76.96%,0.0391,"[0.020145170390605927, 0.9798548817634583]"
447,1,50.00%,77.01%,0.0382,"[0.01172209158539772, 0.9882779717445374]"
448,0,49.89%,77.06%,0.0246,"[0.9761667847633362, 0.02383320964872837]"
449,1,50.00%,77.11%,0.0179,"[0.020749874413013458, 0.9792501330375671]"
450,0,49.89%,77.16%,0.0046,"[0.9935490489006042, 0.006450993474572897]"
451,0,49.78%,77.21%,0.0059,"[0.9932739734649658, 0.006726020947098732]"
452,0,49.67%,77.04%,1.2353,"[0.24349190294742584, 0.7565081119537354]"
453,1,49.78%,77.09%,0.2833,"[0.23758214712142944, 0.7624177932739258]"
454,1,49.89%,77.14%,0.0174,"[0.012188293039798737, 0.9878117442131042]"
455,0,49.78%,76.97%,3.7427,"[0.07879418879747391, 0.9212058186531067]"
456,0,49.67%,77.02%,0.0051,"[0.996635377407074, 0.003364698262885213]"
457,0,49.56%,76.86%,1.2996,"[0.030685480684041977, 0.9693145155906677]"
458,0,49.46%,76.91%,0.0127,"[0.9964827299118042, 0.003517250996083021]"
459,1,49.57%,76.96%,0.0150,"[0.007562224753201008, 0.9924377799034119]"
460,0,49.46%,77.01%,0.3817,"[0.8169033527374268, 0.18309663236141205]"
461,0,49.35%,77.06%,0.0031,"[0.9937183856964111, 0.006281637120991945]"
462,0,49.24%,77.11%,0.0033,"[0.9976288676261902, 0.002371167531237006]"
463,0,49.14%,77.16%,0.0061,"[0.9965574741363525, 0.0034425228368490934]"
464,0,49.03%,77.20%,0.0052,"[0.9940527081489563, 0.00594731280580163]"
465,0,48.93%,77.25%,0.0051,"[0.99577796459198, 0.004221993964165449]"
466,1,49.04%,77.30%,0.0244,"[0.04909666255116463, 0.9509033560752869]"
467,1,49.15%,77.35%,0.0264,"[0.03349234536290169, 0.9665076732635498]"
468,1,49.25%,77.40%,0.0066,"[0.02933800220489502, 0.9706620573997498]"
469,1,49.36%,77.45%,0.4599,"[0.35175564885139465, 0.6482443809509277]"
470,0,49.26%,77.49%,0.3352,"[0.8229874968528748, 0.17701248824596405]"
471,0,49.15%,77.54%,0.0103,"[0.9900383949279785, 0.009961607865989208]"
472,1,49.26%,77.59%,0.0523,"[0.02466200478374958, 0.9753379821777344]"
473,1,49.37%,77.43%,1.4839,"[0.8126672506332397, 0.18733273446559906]"
474,1,49.47%,77.47%,0.3805,"[0.28654175996780396, 0.713458240032196]"
475,0,49.37%,77.52%,0.0031,"[0.9971357583999634, 0.0028642236720770597]"
476,1,49.48%,77.57%,0.1120,"[0.0722537711262703, 0.9277462363243103]"
477,0,49.37%,77.62%,0.0040,"[0.9949783682823181, 0.005021616816520691]"
478,1,49.48%,77.66%,0.0244,"[0.028734706342220306, 0.9712653160095215]"
479,0,49.38%,77.71%,0.0062,"[0.9977540373802185, 0.0022459453903138638]"
480,1,49.48%,77.75%,0.0172,"[0.009063045494258404, 0.9909369349479675]"
481,0,49.38%,77.59%,4.3212,"[0.015005224384367466, 0.9849948287010193]"
482,1,49.48%,77.64%,0.0139,"[0.006364641711115837, 0.9936354160308838]"
483,0,49.38%,77.48%,1.3263,"[0.09218860417604446, 0.9078114628791809]"
484,0,49.28%,77.53%,0.0026,"[0.9968816041946411, 0.0031184472609311342]"
485,0,49.18%,77.57%,0.0064,"[0.9968361854553223, 0.0031638354994356632]"
486,1,49.28%,77.62%,0.0361,"[0.022556019946932793, 0.9774439930915833]"
487,0,49.18%,77.66%,0.0046,"[0.986657440662384, 0.013342555612325668]"
488,0,49.08%,77.51%,0.3187,"[0.26150280237197876, 0.7384971976280212]"
489,1,49.18%,77.55%,0.0607,"[0.041217755526304245, 0.9587821960449219]"
490,1,49.29%,77.60%,0.0075,"[0.013260354287922382, 0.9867396354675293]"
491,1,49.39%,77.64%,0.0355,"[0.026356855407357216, 0.9736430644989014]"
492,1,49.49%,77.69%,0.1565,"[0.12805722653865814, 0.8719427585601807]"
493,0,49.39%,77.73%,0.0027,"[0.9971250891685486, 0.0028749178163707256]"
494,1,49.49%,77.78%,0.0150,"[0.029051965102553368, 0.9709479808807373]"
495,0,49.40%,77.82%,0.0077,"[0.9955213069915771, 0.004478713497519493]"
496,1,49.50%,77.87%,0.0462,"[0.058944739401340485, 0.9410552382469177]"
497,0,49.40%,77.91%,0.0097,"[0.9947680234909058, 0.005232037510722876]"
498,0,49.30%,77.96%,0.0213,"[0.9681544303894043, 0.031845562160015106]"
499,1,49.40%,78.00%,0.0461,"[0.033321477472782135, 0.9666785001754761]"
500,1,49.50%,78.04%,0.0786,"[0.11557792872190475, 0.8844220638275146]"
501,1,49.60%,78.09%,0.0285,"[0.0391155369579792, 0.9608844518661499]"
502,1,49.70%,78.13%,0.0422,"[0.10712004452943802, 0.8928799629211426]"
503,0,49.60%,77.98%,3.9236,"[0.01740867644548416, 0.9825913310050964]"
504,1,49.70%,78.02%,0.0141,"[0.013410060666501522, 0.9865899085998535]"
505,0,49.60%,77.87%,4.3810,"[0.01657707802951336, 0.9834228754043579]"
506,0,49.51%,77.71%,0.0701,"[0.3859080970287323, 0.6140919327735901]"
507,0,49.41%,77.76%,0.0434,"[0.9828307628631592, 0.017169291153550148]"
508,1,49.51%,77.80%,0.0204,"[0.015779821202158928, 0.9842202067375183]"
509,0,49.41%,77.65%,3.6556,"[0.02312297560274601, 0.9768770337104797]"
510,1,49.51%,77.69%,0.0121,"[0.009676195681095123, 0.9903237819671631]"
511,0,49.41%,77.73%,0.0862,"[0.9639197587966919, 0.03608030453324318]"
512,1,49.51%,77.78%,0.0715,"[0.07145405560731888, 0.9285458922386169]"
513,0,49.42%,77.82%,0.0167,"[0.9905630350112915, 0.009436922147870064]"
514,0,49.32%,77.86%,0.0183,"[0.99114990234375, 0.008850077167153358]"
515,0,49.22%,77.91%,0.0029,"[0.9948990941047668, 0.005100951064378023]"
516,0,49.13%,77.95%,0.0169,"[0.9949542880058289, 0.005045643541961908]"
517,0,49.03%,77.99%,0.0041,"[0.9961692690849304, 0.003830723464488983]"
518,0,48.94%,78.03%,0.0070,"[0.9958492517471313, 0.004150703549385071]"
519,0,48.85%,78.08%,0.0121,"[0.9822416305541992, 0.017758352681994438]"
520,0,48.75%,78.12%,0.0094,"[0.997281551361084, 0.0027184011414647102]"
521,1,48.85%,78.16%,0.0268,"[0.01814328506588936, 0.9818567633628845]"
522,1,48.95%,78.20%,0.4355,"[0.08824507892131805, 0.911754846572876]"
523,1,49.05%,78.24%,0.0129,"[0.06601884216070175, 0.93398118019104]"
524,0,48.95%,78.29%,0.0716,"[0.9803362488746643, 0.01966376230120659]"
525,0,48.86%,78.14%,0.4222,"[0.2846224904060364, 0.7153775095939636]"
526,0,48.77%,78.18%,0.0033,"[0.99430251121521, 0.005697478074580431]"
527,0,48.67%,78.22%,0.0066,"[0.9974902868270874, 0.0025097632315009832]"
528,0,48.58%,78.26%,0.0040,"[0.995442271232605, 0.004557664506137371]"
529,0,48.49%,78.30%,0.0047,"[0.9953580498695374, 0.004641983192414045]"
530,0,48.40%,78.34%,0.0040,"[0.9972746968269348, 0.002725350670516491]"
531,1,48.50%,78.38%,0.8957,"[0.14196880161762238, 0.8580312132835388]"
532,0,48.41%,78.42%,0.0034,"[0.9968609809875488, 0.003138970583677292]"
533,1,48.50%,78.46%,0.1516,"[0.17512142658233643, 0.8248785138130188]"
534,1,48.60%,78.32%,5.2458,"[0.996658444404602, 0.0033415534999221563]"
535,0,48.51%,78.36%,0.0023,"[0.9966747760772705, 0.003325182478874922]"
536,1,48.60%,78.40%,0.2586,"[0.1410789042711258, 0.8589210510253906]"
537,0,48.51%,78.44%,0.0027,"[0.9953008890151978, 0.004699101205915213]"
538,0,48.42%,78.48%,0.0039,"[0.9951475262641907, 0.004852438811212778]"
539,0,48.33%,78.52%,0.0030,"[0.9956092238426208, 0.004390838090330362]"
540,0,48.24%,78.56%,0.3570,"[0.7788236737251282, 0.22117629647254944]"
541,0,48.15%,78.60%,0.0026,"[0.9971663355827332, 0.0028337016701698303]"
542,0,48.07%,78.64%,0.0023,"[0.9975783228874207, 0.002421714598312974]"
543,1,48.16%,78.68%,0.1521,"[0.06841225177049637, 0.931587815284729]"
544,0,48.07%,78.72%,0.0064,"[0.9952990412712097, 0.004700930323451757]"
545,0,47.99%,78.75%,0.1136,"[0.9648982286453247, 0.035101816058158875]"
546,0,47.90%,78.79%,0.0102,"[0.9939712882041931, 0.006028702948242426]"
547,0,47.81%,78.65%,3.0652,"[0.057262521237134933, 0.9427374601364136]"
548,1,47.91%,78.69%,0.0523,"[0.0685071051120758, 0.9314929246902466]"
549,1,48.00%,78.73%,0.0309,"[0.00833028182387352, 0.991669774055481]"
550,0,47.91%,78.77%,0.0035,"[0.9950364232063293, 0.004963582381606102]"
551,0,47.83%,78.80%,0.0051,"[0.9964656829833984, 0.0035343156196177006]"
552,0,47.74%,78.66%,0.7425,"[0.28241753578186035, 0.7175824642181396]"
553,1,47.83%,78.70%,0.0264,"[0.011281806044280529, 0.9887181520462036]"
554,1,47.93%,78.74%,0.4426,"[0.3556848168373108, 0.6443151235580444]"
555,1,48.02%,78.78%,0.0352,"[0.041791923344135284, 0.9582080841064453]"
556,0,47.94%,78.82%,0.0954,"[0.9581092596054077, 0.041890718042850494]"
557,1,48.03%,78.85%,0.0118,"[0.009484432637691498, 0.9905155897140503]"
558,1,48.12%,78.71%,3.8286,"[0.8452441096305847, 0.15475589036941528]"
559,0,48.04%,78.75%,0.0025,"[0.995726466178894, 0.004273496102541685]"
560,0,47.95%,78.61%,0.6248,"[0.3502218425273895, 0.6497781276702881]"
561,1,48.04%,78.65%,0.3407,"[0.3651316463947296, 0.634868323802948]"
562,0,47.96%,78.69%,0.0026,"[0.9967082738876343, 0.0032917384523898363]"
563,1,48.05%,78.72%,0.0888,"[0.12889496982097626, 0.8711050152778625]"
564,0,47.96%,78.76%,0.0042,"[0.9925486445426941, 0.007451402023434639]"
565,1,48.06%,78.80%,0.1594,"[0.13440340757369995, 0.8655965924263]"
566,1,48.15%,78.84%,0.0410,"[0.026061872020363808, 0.9739381074905396]"
567,0,48.06%,78.87%,0.0042,"[0.9944328665733337, 0.005567184183746576]"
568,1,48.15%,78.91%,0.0601,"[0.10188049077987671, 0.8981195092201233]"
569,0,48.07%,78.95%,0.0037,"[0.9939100742340088, 0.00608987407758832]"
570,1,48.16%,78.98%,0.0281,"[0.028048601001501083, 0.9719513654708862]"
571,1,48.25%,79.02%,0.0448,"[0.04250417649745941, 0.9574957489967346]"
572,0,48.17%,79.06%,0.0059,"[0.9939066767692566, 0.00609338516369462]"
573,1,48.26%,79.09%,0.0136,"[0.013146561570465565, 0.9868534803390503]"
574,0,48.17%,79.13%,0.0203,"[0.9899721145629883, 0.010027841664850712]"
575,0,48.09%,79.17%,0.0055,"[0.9932774901390076, 0.006722479127347469]"
576,1,48.18%,79.20%,0.0150,"[0.01394717674702406, 0.9860528707504272]"
577,0,48.10%,79.24%,0.0051,"[0.9942143559455872, 0.00578561145812273]"
578,0,48.01%,79.27%,0.0041,"[0.9937617182731628, 0.0062383022159338]"
579,0,47.93%,79.31%,0.0171,"[0.9877460598945618, 0.012253914028406143]"
580,0,47.85%,79.35%,0.0068,"[0.9881300926208496, 0.011869938112795353]"
581,0,47.77%,79.38%,0.0089,"[0.993516206741333, 0.006483832839876413]"
582,0,47.68%,79.25%,2.7565,"[0.13121218979358673, 0.8687877655029297]"
583,1,47.77%,79.28%,0.0089,"[0.010245071724057198, 0.9897549748420715]"
584,0,47.69%,79.32%,0.0042,"[0.995840847492218, 0.004159068688750267]"
585,1,47.78%,79.35%,0.0081,"[0.0069632576778531075, 0.993036687374115]"
586,0,47.70%,79.39%,0.0043,"[0.9950600266456604, 0.004939918406307697]"
587,0,47.62%,79.42%,0.0572,"[0.9577523469924927, 0.04224759712815285]"
588,0,47.54%,79.46%,0.0036,"[0.9963377714157104, 0.003662219038233161]"
589,1,47.63%,79.49%,0.0104,"[0.008361145853996277, 0.9916388392448425]"
590,1,47.72%,79.53%,0.0162,"[0.024158138781785965, 0.9758418798446655]"
591,1,47.80%,79.56%,0.0067,"[0.006367775145918131, 0.9936322569847107]"
592,0,47.72%,79.60%,0.0094,"[0.9880421161651611, 0.011957892216742039]"
593,1,47.81%,79.63%,0.0340,"[0.030241815373301506, 0.969758152961731]"
594,1,47.90%,79.66%,0.0347,"[0.032132770866155624, 0.9678672552108765]"
595,1,47.99%,79.70%,0.0587,"[0.04868030548095703, 0.9513197541236877]"
596,0,47.91%,79.73%,0.0140,"[0.9963828325271606, 0.0036171437241137028]"
597,0,47.83%,79.60%,4.6819,"[0.008411170914769173, 0.9915887713432312]"
598,0,47.75%,79.63%,0.0041,"[0.9967150688171387, 0.0032849714625626802]"
599,0,47.67%,79.67%,0.0036,"[0.9921830296516418, 0.007817002013325691]"
600,0,47.59%,79.70%,0.0032,"[0.996377170085907, 0.0036228643730282784]"
601,0,47.51%,79.57%,4.9228,"[0.01232000533491373, 0.9876799583435059]"
602,1,47.60%,79.60%,0.0084,"[0.007362458389252424, 0.9926375150680542]"
603,0,47.52%,79.64%,0.0023,"[0.9968656897544861, 0.003134296275675297]"
604,0,47.44%,79.67%,0.0044,"[0.9939618706703186, 0.006038116291165352]"
605,0,47.36%,79.70%,0.0030,"[0.9957833290100098, 0.004216739442199469]"
606,1,47.45%,79.74%,0.0700,"[0.017251353710889816, 0.9827486872673035]"
607,0,47.37%,79.77%,0.0305,"[0.9717243909835815, 0.028275568038225174]"
608,0,47.29%,79.64%,3.8021,"[0.02081785537302494, 0.9791821241378784]"
609,0,47.21%,79.51%,0.8106,"[0.2584569752216339, 0.7415430545806885]"
610,0,47.14%,79.54%,0.0029,"[0.9970927238464355, 0.0029072475153952837]"
611,0,47.06%,79.58%,0.0032,"[0.9977269768714905, 0.0022730345372110605]"
612,0,46.98%,79.61%,0.0044,"[0.9970653653144836, 0.002934602787718177]"
613,1,47.07%,79.64%,0.1194,"[0.09713546186685562, 0.9028645157814026]"
614,1,47.15%,79.67%,0.2963,"[0.20256562530994415, 0.797434389591217]"
615,0,47.08%,79.71%,0.0037,"[0.9967852830886841, 0.0032147159799933434]"
616,1,47.16%,79.74%,0.0159,"[0.015342718921601772, 0.9846572279930115]"
617,0,47.09%,79.77%,0.0035,"[0.9959264993667603, 0.004073509946465492]"
618,0,47.01%,79.81%,0.0033,"[0.9964364767074585, 0.0035635654348880053]"
619,0,46.94%,79.84%,0.0029,"[0.9975003600120544, 0.0024996199645102024]"
620,0,46.86%,79.87%,0.0023,"[0.9952598214149475, 0.004740230273455381]"
621,1,46.95%,79.90%,0.0547,"[0.042573001235723495, 0.9574270248413086]"
622,0,46.87%,79.94%,0.0023,"[0.9962490200996399, 0.0037509454414248466]"
623,1,46.96%,79.97%,0.0894,"[0.040397126227617264, 0.9596028327941895]"
624,0,46.88%,80.00%,0.0073,"[0.9944629073143005, 0.005537120625376701]"
625,0,46.81%,80.03%,0.0030,"[0.9939723610877991, 0.006027642637491226]"
626,1,46.89%,80.06%,0.0307,"[0.02852579765021801, 0.9714742302894592]"
627,1,46.97%,80.10%,0.0443,"[0.041042450815439224, 0.9589575529098511]"
628,0,46.90%,80.13%,0.0435,"[0.9568488597869873, 0.04315109923481941]"
629,1,46.98%,80.16%,0.0126,"[0.013168547302484512, 0.9868314266204834]"
630,1,47.07%,80.19%,0.0122,"[0.014760985039174557, 0.9852390289306641]"
631,0,46.99%,80.06%,2.8805,"[0.06243520975112915, 0.9375647902488708]"
632,1,47.08%,80.09%,0.0419,"[0.03545947000384331, 0.9645405411720276]"
633,0,47.00%,80.13%,0.0086,"[0.9897761344909668, 0.010223934426903725]"
634,0,46.93%,80.16%,0.0030,"[0.9969820380210876, 0.003017981071025133]"
635,1,47.01%,80.19%,0.0146,"[0.03839361295104027, 0.9616063833236694]"
636,0,46.94%,80.22%,0.0044,"[0.9977236390113831, 0.0022764066234230995]"
637,1,47.02%,80.25%,0.0176,"[0.03264390304684639, 0.9673560857772827]"
638,1,47.10%,80.28%,0.0191,"[0.01929682120680809, 0.9807031154632568]"
639,0,47.03%,80.31%,0.0034,"[0.9965840578079224, 0.003415929852053523]"
640,0,46.96%,80.19%,2.5997,"[0.08435162901878357, 0.915648341178894]"
641,0,46.88%,80.06%,1.7350,"[0.203140988945961, 0.7968590259552002]"
642,1,46.97%,80.09%,0.1680,"[0.13944795727729797, 0.8605520725250244]"
643,0,46.89%,79.97%,3.0273,"[0.046828269958496094, 0.9531717300415039]"
644,0,46.82%,80.00%,0.0031,"[0.990928590297699, 0.009071344509720802]"
645,0,46.75%,80.03%,0.0028,"[0.9972286820411682, 0.002771246014162898]"
646,1,46.83%,80.06%,0.0197,"[0.02571294829249382, 0.9742870926856995]"
647,0,46.76%,79.94%,0.8507,"[0.4482645094394684, 0.551735520362854]"
648,0,46.69%,79.97%,0.0031,"[0.9953357577323914, 0.004664314910769463]"
649,0,46.62%,80.00%,0.0511,"[0.9569349884986877, 0.043065011501312256]"
650,0,46.54%,80.03%,0.0028,"[0.9969700574874878, 0.0030299618374556303]"
651,1,46.63%,80.06%,0.0940,"[0.12884709239006042, 0.8711528778076172]"
652,0,46.55%,79.94%,2.4970,"[0.3647136390209198, 0.6352863311767578]"
653,1,46.64%,79.97%,0.0750,"[0.05567603185772896, 0.9443239569664001]"
654,1,46.72%,80.00%,0.8221,"[0.3714166283607483, 0.6285834312438965]"
655,0,46.65%,80.03%,0.0030,"[0.9957391023635864, 0.004260914865881205]"
656,0,46.58%,79.91%,2.2630,"[0.3334927260875702, 0.6665072441101074]"
657,1,46.66%,79.94%,0.0322,"[0.029617145657539368, 0.970382809638977]"
658,0,46.59%,79.82%,2.0727,"[0.12895573675632477, 0.8710442185401917]"
659,0,46.52%,79.85%,0.0026,"[0.997122585773468, 0.0028773914091289043]"
660,1,46.60%,79.73%,4.5886,"[0.9886053204536438, 0.011394696310162544]"
661,1,46.68%,79.61%,0.6523,"[0.6878286600112915, 0.3121712803840637]"
662,0,46.61%,79.64%,0.0029,"[0.9976152181625366, 0.0023848600685596466]"
663,0,46.54%,79.67%,0.0313,"[0.9557273387908936, 0.044272635132074356]"
664,1,46.62%,79.70%,0.6530,"[0.480927973985672, 0.5190720558166504]"
665,0,46.55%,79.58%,0.2146,"[0.4126116633415222, 0.5873883366584778]"
666,1,46.63%,79.61%,0.5763,"[0.3322221338748932, 0.6677778363227844]"
667,0,46.56%,79.64%,0.0025,"[0.9970490336418152, 0.0029510483145713806]"
668,1,46.64%,79.52%,0.5901,"[0.7291536331176758, 0.27084630727767944]"
669,1,46.72%,79.55%,0.1070,"[0.06378623098134995, 0.9362137317657471]"
670,1,46.80%,79.58%,0.0325,"[0.0418497771024704, 0.9581502079963684]"
671,1,46.88%,79.61%,0.0651,"[0.069064199924469, 0.9309358596801758]"
672,1,46.95%,79.64%,0.0251,"[0.030045222491025925, 0.9699547290802002]"
673,0,46.88%,79.67%,0.0043,"[0.9967014193534851, 0.003298541298136115]"
674,0,46.81%,79.70%,0.3928,"[0.89402836561203, 0.10597169399261475]"
675,0,46.75%,79.73%,0.0042,"[0.9961091876029968, 0.0038908401038497686]"
676,1,46.82%,79.76%,0.1830,"[0.2287384420633316, 0.7712615728378296]"
677,0,46.76%,79.79%,0.0690,"[0.9868764877319336, 0.013123562559485435]"
678,0,46.69%,79.68%,2.0669,"[0.10015792399644852, 0.8998420834541321]"
679,0,46.62%,79.56%,3.0746,"[0.06626445800065994, 0.9337354898452759]"
680,1,46.70%,79.59%,0.0303,"[0.02488265372812748, 0.9751173853874207]"
681,1,46.77%,79.62%,0.0879,"[0.10537207871675491, 0.8946279883384705]"
682,0,46.71%,79.65%,0.0030,"[0.9970154762268066, 0.00298450980335474]"
683,0,46.64%,79.68%,0.0042,"[0.9974494576454163, 0.0025505509693175554]"
684,0,46.57%,79.71%,0.0034,"[0.994278073310852, 0.005721922963857651]"
685,1,46.65%,79.74%,0.1641,"[0.21399465203285217, 0.7860053181648254]"
686,1,46.72%,79.77%,0.0259,"[0.025386031717061996, 0.9746140241622925]"
687,0,46.66%,79.80%,0.0068,"[0.9878173470497131, 0.012182638980448246]"
688,1,46.73%,79.83%,0.3383,"[0.4745634198188782, 0.5254365801811218]"
689,1,46.81%,79.86%,0.0608,"[0.0773921012878418, 0.922607958316803]"
690,1,46.89%,79.88%,0.0453,"[0.055379558354616165, 0.9446204304695129]"
691,1,46.97%,79.91%,0.4111,"[0.12268075346946716, 0.8773192167282104]"
692,1,47.04%,79.94%,0.0418,"[0.03850509598851204, 0.9614948630332947]"
693,1,47.12%,79.97%,0.0988,"[0.175877183675766, 0.8241228461265564]"
694,1,47.19%,80.00%,0.1695,"[0.13078802824020386, 0.8692119717597961]"
695,0,47.13%,80.03%,0.0047,"[0.9926164746284485, 0.007383449003100395]"
696,0,47.06%,79.91%,3.5242,"[0.024047518149018288, 0.9759524464607239]"
697,0,46.99%,79.94%,0.0041,"[0.9958049058914185, 0.00419509457424283]"
698,1,47.07%,79.97%,0.0281,"[0.02393801137804985, 0.9760620594024658]"
699,1,47.14%,80.00%,0.0330,"[0.03411761298775673, 0.9658823609352112]"
700,0,47.08%,80.03%,0.0089,"[0.9879571795463562, 0.012042772956192493]"
701,1,47.15%,80.06%,0.0132,"[0.01452544704079628, 0.9854745864868164]"
702,1,47.23%,80.09%,0.1971,"[0.041356369853019714, 0.9586436152458191]"
703,0,47.16%,79.97%,3.4880,"[0.03237241506576538, 0.9676275253295898]"
704,0,47.09%,80.00%,0.0540,"[0.9543260335922241, 0.0456739142537117]"
705,1,47.17%,80.03%,0.0356,"[0.031866222620010376, 0.9681337475776672]"
706,0,47.10%,80.06%,0.0053,"[0.9923955202102661, 0.007604487240314484]"
707,1,47.18%,80.08%,0.0234,"[0.02297602780163288, 0.9770240187644958]"
708,1,47.25%,80.11%,0.0150,"[0.014951847493648529, 0.9850481748580933]"
709,0,47.18%,80.00%,3.6484,"[0.022498533129692078, 0.9775015115737915]"
710,0,47.12%,79.89%,2.8664,"[0.07907574623823166, 0.9209242463111877]"
711,1,47.19%,79.92%,0.0360,"[0.0301966592669487, 0.9698033332824707]"
712,1,47.27%,79.94%,0.0200,"[0.02005208469927311, 0.9799479246139526]"
713,0,47.20%,79.97%,0.0113,"[0.9842931628227234, 0.01570678874850273]"
714,1,47.27%,80.00%,0.0215,"[0.04166926071047783, 0.9583306908607483]"
715,1,47.35%,80.03%,0.0356,"[0.027806086465716362, 0.9721938967704773]"
716,0,47.28%,80.06%,0.0174,"[0.9827067852020264, 0.01729319803416729]"
717,0,47.21%,80.08%,0.0172,"[0.986666738986969, 0.013333231210708618]"
718,0,47.15%,80.11%,0.0156,"[0.9861385226249695, 0.013861470855772495]"
719,1,47.22%,80.14%,0.0349,"[0.04354637861251831, 0.9564536213874817]"
720,1,47.30%,80.17%,0.2272,"[0.3073139190673828, 0.6926860809326172]"
721,1,47.37%,80.19%,0.0749,"[0.12648509442806244, 0.8735148906707764]"
722,1,47.44%,80.22%,0.0426,"[0.16459469497203827, 0.8354052901268005]"
723,0,47.38%,80.25%,0.0096,"[0.9956356883049011, 0.00436436478048563]"
724,1,47.45%,80.28%,0.1124,"[0.060309991240501404, 0.9396899938583374]"
725,0,47.38%,80.30%,0.0114,"[0.9900711178779602, 0.009928902611136436]"
726,1,47.46%,80.33%,0.0670,"[0.028287455439567566, 0.971712589263916]"
727,0,47.39%,80.36%,0.0103,"[0.9908280372619629, 0.009171945042908192]"
728,0,47.33%,80.38%,0.0040,"[0.9932563304901123, 0.00674371188506484]"
729,1,47.40%,80.41%,0.1244,"[0.10367894917726517, 0.8963210582733154]"
730,1,47.47%,80.44%,0.0169,"[0.0247616209089756, 0.9752384424209595]"
731,1,47.54%,80.46%,0.0322,"[0.0411640964448452, 0.9588358998298645]"
732,1,47.61%,80.49%,0.0247,"[0.03341880068182945, 0.9665811657905579]"
733,1,47.68%,80.52%,0.0189,"[0.019484281539916992, 0.980515718460083]"
734,1,47.76%,80.54%,0.0221,"[0.017796311527490616, 0.9822037220001221]"
735,0,47.69%,80.57%,0.0625,"[0.9373177886009216, 0.06268224120140076]"
736,1,47.76%,80.60%,0.0645,"[0.06878729164600372, 0.9312127232551575]"
737,1,47.83%,80.62%,0.0256,"[0.02251923829317093, 0.9774807691574097]"
738,0,47.77%,80.51%,2.6699,"[0.32245945930480957, 0.6775404810905457]"
739,0,47.70%,80.54%,0.0936,"[0.9137973189353943, 0.08620268106460571]"
740,1,47.77%,80.57%,0.0153,"[0.015842758119106293, 0.9841572642326355]"
741,1,47.84%,80.59%,0.0231,"[0.024925068020820618, 0.9750749468803406]"
742,1,47.91%,80.62%,0.0136,"[0.01567540131509304, 0.98432457447052]"
743,1,47.98%,80.65%,0.0238,"[0.04823252558708191, 0.9517674446105957]"
744,1,48.05%,80.67%,0.0385,"[0.03888572379946709, 0.961114227771759]"
745,1,48.12%,80.70%,0.0183,"[0.018818199634552002, 0.981181800365448]"
746,1,48.19%,80.72%,0.1702,"[0.03074796125292778, 0.9692520499229431]"
747,1,48.26%,80.75%,0.1517,"[0.0761428251862526, 0.9238571524620056]"
748,1,48.33%,80.77%,0.0211,"[0.05229569226503372, 0.9477043747901917]"
749,0,48.27%,80.80%,0.0082,"[0.9935207962989807, 0.006479226518422365]"
750,0,48.20%,80.83%,0.0296,"[0.9560539126396179, 0.04394605755805969]"
751,0,48.14%,80.85%,1.0853,"[0.8777179718017578, 0.12228196859359741]"
752,1,48.21%,80.88%,0.0149,"[0.019489048048853874, 0.9805110096931458]"
753,1,48.28%,80.90%,0.0135,"[0.015692908316850662, 0.9843071699142456]"
754,1,48.34%,80.93%,0.0198,"[0.022520020604133606, 0.9774799942970276]"
755,0,48.28%,80.95%,0.0047,"[0.9954349398612976, 0.0045651039108633995]"
756,0,48.22%,80.98%,0.0148,"[0.983625054359436, 0.01637496054172516]"
757,1,48.28%,81.00%,0.0185,"[0.018240537494421005, 0.9817594289779663]"
758,0,48.22%,80.90%,4.0665,"[0.019276676699519157, 0.9807233214378357]"
759,0,48.16%,80.92%,0.0632,"[0.9331351518630981, 0.06686479598283768]"
760,0,48.09%,80.81%,2.3274,"[0.11632997542619705, 0.8836700320243835]"
761,1,48.16%,80.84%,0.0159,"[0.01353358756750822, 0.9864664673805237]"
762,1,48.23%,80.87%,0.0203,"[0.025563841685652733, 0.9744361639022827]"
763,0,48.17%,80.89%,0.0159,"[0.9952303171157837, 0.004769659601151943]"
764,0,48.10%,80.92%,1.0817,"[0.5813679695129395, 0.4186320900917053]"
765,0,48.04%,80.81%,2.5951,"[0.08366198092699051, 0.9163380265235901]"
766,1,48.11%,80.83%,0.0366,"[0.028792327269911766, 0.9712076783180237]"
767,0,48.05%,80.73%,1.1420,"[0.4995894134044647, 0.5004106163978577]"
768,1,48.11%,80.75%,0.0803,"[0.08673618733882904, 0.9132638573646545]"
769,1,48.18%,80.78%,0.1017,"[0.0574873648583889, 0.9425126910209656]"
770,0,48.12%,80.80%,0.0031,"[0.996349573135376, 0.0036503789015114307]"
771,1,48.19%,80.83%,0.0213,"[0.023626701906323433, 0.9763733148574829]"
772,0,48.12%,80.85%,0.0024,"[0.9976332187652588, 0.0023667295463383198]"
773,1,48.19%,80.88%,0.3226,"[0.08409494906663895, 0.9159050583839417]"
774,1,48.26%,80.90%,0.0759,"[0.10827061533927917, 0.8917293548583984]"
775,1,48.32%,80.93%,0.0363,"[0.028742248192429543, 0.9712578058242798]"
776,1,48.39%,80.95%,0.0295,"[0.03608100488781929, 0.9639189839363098]"
777,1,48.46%,80.98%,0.0989,"[0.07224602997303009, 0.9277539253234863]"
778,1,48.52%,81.00%,0.0679,"[0.09363707900047302, 0.9063628911972046]"
779,0,48.46%,81.03%,0.1097,"[0.8633762001991272, 0.1366238296031952]"
780,1,48.53%,81.05%,0.9669,"[0.3273080885410309, 0.6726918816566467]"
781,0,48.47%,81.07%,0.0031,"[0.9968370199203491, 0.0031629404984414577]"
782,1,48.53%,81.10%,0.5267,"[0.06665145605802536, 0.933348536491394]"
783,0,48.47%,80.99%,1.7596,"[0.058807481080293655, 0.9411925077438354]"
784,1,48.54%,81.02%,0.0342,"[0.0334165133535862, 0.9665834903717041]"
785,0,48.47%,81.04%,0.0033,"[0.9966613054275513, 0.003338683396577835]"
786,0,48.41%,81.07%,0.0020,"[0.9972066283226013, 0.0027934068348258734]"
787,0,48.35%,80.96%,0.9651,"[0.13489584624767303, 0.8651041388511658]"
788,0,48.29%,80.99%,0.0025,"[0.9975278973579407, 0.0024720795918256044]"
789,1,48.35%,81.01%,0.0733,"[0.06725065410137177, 0.9327492713928223]"
790,1,48.42%,81.04%,0.0162,"[0.018261952325701714, 0.9817380309104919]"
791,0,48.36%,80.93%,1.1754,"[0.16071578860282898, 0.8392842411994934]"
792,0,48.30%,80.96%,0.0025,"[0.9979402422904968, 0.0020596920512616634]"
793,0,48.24%,80.98%,0.0023,"[0.9976342916488647, 0.002365682739764452]"
794,0,48.18%,81.01%,0.0021,"[0.9974105954170227, 0.002589365467429161]"
795,1,48.24%,81.03%,0.0192,"[0.02045452781021595, 0.9795454740524292]"
796,0,48.18%,81.05%,0.0028,"[0.9978871941566467, 0.00211281212978065]"
797,0,48.12%,81.08%,0.0027,"[0.9975335597991943, 0.0024664292577654123]"
798,0,48.06%,81.10%,0.0019,"[0.9978433847427368, 0.002156631788238883]"
799,1,48.12%,81.12%,0.0211,"[0.01966225355863571, 0.9803377389907837]"
800,1,48.19%,81.15%,0.0156,"[0.016804521903395653, 0.9831954836845398]"
801,0,48.13%,81.05%,2.5416,"[0.08869335800409317, 0.9113066792488098]"
802,1,48.19%,81.07%,0.2076,"[0.17293328046798706, 0.8270667195320129]"
803,0,48.13%,80.97%,2.8308,"[0.04782237857580185, 0.9521776437759399]"
804,0,48.07%,80.99%,0.0022,"[0.9980130195617676, 0.0019870128016918898]"
805,1,48.14%,81.02%,0.1102,"[0.1400173306465149, 0.8599826693534851]"
806,1,48.20%,81.04%,0.0717,"[0.08540911227464676, 0.9145909547805786]"
807,1,48.27%,81.06%,0.0389,"[0.021705597639083862, 0.9782943725585938]"
808,1,48.33%,81.09%,0.0295,"[0.0285178329795599, 0.9714822173118591]"
809,0,48.27%,81.11%,0.0020,"[0.9974094033241272, 0.002590636722743511]"
810,0,48.21%,81.13%,0.0019,"[0.9980371594429016, 0.0019628352019935846]"
811,1,48.28%,81.16%,0.6991,"[0.46700283885002136, 0.5329971313476562]"
812,1,48.34%,81.18%,0.3219,"[0.20547403395175934, 0.7945259213447571]"
813,0,48.28%,81.20%,0.0020,"[0.997799813747406, 0.0022002169862389565]"
814,0,48.22%,81.10%,2.9367,"[0.0625590905547142, 0.9374409914016724]"
815,0,48.16%,81.00%,3.2362,"[0.05705684795975685, 0.9429431557655334]"
816,0,48.10%,80.91%,1.5618,"[0.07147952914237976, 0.9285205006599426]"
817,1,48.17%,80.93%,0.1232,"[0.10426141321659088, 0.8957386016845703]"
818,0,48.11%,80.95%,0.0028,"[0.9973320960998535, 0.0026679160073399544]"
819,0,48.05%,80.98%,0.0033,"[0.9970408082008362, 0.0029592167120426893]"
820,1,48.11%,81.00%,0.1684,"[0.14489920437335968, 0.8551008105278015]"
821,1,48.18%,81.02%,0.0398,"[0.030203955247998238, 0.9697960615158081]"
822,0,48.12%,81.04%,0.0024,"[0.9975988268852234, 0.002401153789833188]"
823,1,48.18%,81.07%,0.0324,"[0.029697759076952934, 0.9703022241592407]"
824,0,48.12%,81.09%,0.0023,"[0.9976686835289001, 0.0023312766570597887]"
825,0,48.06%,80.99%,2.3875,"[0.07473631948232651, 0.9252637028694153]"
826,1,48.13%,81.02%,0.1244,"[0.11258206516504288, 0.8874179124832153]"
827,0,48.07%,81.04%,0.0030,"[0.9973848462104797, 0.0026151177007704973]"
828,0,48.01%,80.94%,2.0411,"[0.10875677317380905, 0.8912432789802551]"
829,1,48.07%,80.96%,0.0671,"[0.05841537192463875, 0.9415846467018127]"
830,1,48.13%,80.99%,0.0494,"[0.048611123114824295, 0.9513888955116272]"
831,0,48.08%,81.01%,0.0027,"[0.9964886903762817, 0.00351136177778244]"
832,0,48.02%,81.03%,0.0023,"[0.997465968132019, 0.0025340551510453224]"
833,1,48.08%,81.06%,0.4972,"[0.2118917554616928, 0.788108229637146]"
834,1,48.14%,80.96%,0.9909,"[0.7424085736274719, 0.2575914263725281]"
835,1,48.21%,80.98%,0.0520,"[0.04257750138640404, 0.9574225544929504]"
836,1,48.27%,80.88%,0.9403,"[0.6160553693771362, 0.383944571018219]"
837,1,48.33%,80.91%,0.0853,"[0.07240889966487885, 0.92759108543396]"
838,1,48.39%,80.93%,0.0487,"[0.08284209668636322, 0.9171579480171204]"
839,1,48.45%,80.95%,0.1047,"[0.0932578518986702, 0.9067421555519104]"
840,0,48.39%,80.98%,0.0046,"[0.996664822101593, 0.003335134359076619]"
841,1,48.46%,81.00%,0.0303,"[0.03282152861356735, 0.9671785235404968]"
842,1,48.52%,81.02%,0.0520,"[0.05893125385046005, 0.9410687685012817]"
843,1,48.58%,81.04%,0.0587,"[0.05024534463882446, 0.9497545957565308]"
844,1,48.64%,81.07%,0.0417,"[0.038717832416296005, 0.9612821936607361]"
845,1,48.70%,81.09%,0.0334,"[0.03149732947349548, 0.9685026407241821]"
846,0,48.64%,81.11%,0.0036,"[0.9962116479873657, 0.003788382513448596]"
847,1,48.70%,81.13%,0.0296,"[0.028941385447978973, 0.9710586071014404]"
848,1,48.76%,81.15%,0.0347,"[0.039984822273254395, 0.9600151777267456]"
849,0,48.71%,81.06%,2.3647,"[0.07364409416913986, 0.9263559579849243]"
850,0,48.65%,81.08%,0.0073,"[0.9933664202690125, 0.006633605342358351]"
851,0,48.59%,81.10%,0.0072,"[0.9959828853607178, 0.004017079249024391]"
852,0,48.53%,81.13%,0.0109,"[0.989425778388977, 0.01057420950382948]"
853,0,48.48%,81.15%,0.0037,"[0.9943225383758545, 0.005677453707903624]"
854,0,48.42%,81.17%,0.1730,"[0.8136952519416809, 0.1863047480583191]"
855,1,48.48%,81.19%,0.1138,"[0.05352431908249855, 0.946475625038147]"
856,1,48.54%,81.21%,0.0609,"[0.08198127150535583, 0.9180186986923218]"
857,0,48.48%,81.24%,0.0035,"[0.9968882203102112, 0.0031118164770305157]"
858,0,48.43%,81.26%,0.0031,"[0.9943814873695374, 0.005618539173156023]"
859,1,48.49%,81.28%,0.0232,"[0.027773287147283554, 0.9722266793251038]"
860,1,48.55%,81.30%,0.0262,"[0.021375171840190887, 0.9786248803138733]"
861,1,48.61%,81.32%,0.0240,"[0.02251826971769333, 0.9774816632270813]"
862,0,48.55%,81.23%,2.8825,"[0.16884689033031464, 0.8311530947685242]"
863,0,48.50%,81.25%,0.0057,"[0.9957225322723389, 0.004277508240193129]"
864,0,48.44%,81.27%,0.0082,"[0.9940296411514282, 0.005970400292426348]"
865,0,48.38%,81.18%,2.8489,"[0.054661765694618225, 0.9453381896018982]"
866,0,48.33%,81.08%,1.1753,"[0.38710200786590576, 0.6128979325294495]"
867,0,48.27%,81.11%,0.0061,"[0.9917894601821899, 0.008210481144487858]"
868,0,48.22%,81.13%,0.0027,"[0.9974743723869324, 0.002525560325011611]"
869,0,48.16%,81.03%,2.6185,"[0.0698656439781189, 0.9301342964172363]"
870,1,48.22%,81.06%,0.1165,"[0.15133513510227203, 0.8486648201942444]"
871,0,48.17%,81.08%,0.0028,"[0.9974353909492493, 0.002564632333815098]"
872,1,48.22%,81.10%,0.1381,"[0.14057591557502747, 0.8594240546226501]"
873,0,48.17%,81.01%,3.0082,"[0.06665614247322083, 0.9333438277244568]"
874,1,48.23%,81.03%,0.0618,"[0.06319985538721085, 0.9368001818656921]"
875,0,48.17%,81.05%,0.0025,"[0.9963885545730591, 0.0036114754620939493]"
876,1,48.23%,80.96%,1.6758,"[0.7680319547653198, 0.2319679856300354]"
877,0,48.18%,80.98%,0.1568,"[0.8530139327049255, 0.14698609709739685]"
878,0,48.12%,81.00%,0.0037,"[0.9966269731521606, 0.003373093670234084]"
879,1,48.18%,81.02%,0.0949,"[0.08476950228214264, 0.9152304530143738]"
880,0,48.13%,81.04%,0.7100,"[0.5083977580070496, 0.4916022717952728]"
881,0,48.07%,81.07%,0.0032,"[0.9971256852149963, 0.0028743711300194263]"
882,0,48.02%,81.09%,0.0027,"[0.9977306723594666, 0.0022693283390253782]"
883,1,48.08%,81.11%,0.1847,"[0.13242419064044952, 0.8675758242607117]"
884,0,48.02%,81.13%,0.0023,"[0.9974938631057739, 0.0025062179192900658]"
885,0,47.97%,81.15%,0.0029,"[0.9973775148391724, 0.002622472122311592]"
886,0,47.91%,81.17%,0.0023,"[0.9976361989974976, 0.0023637658450752497]"
887,1,47.97%,81.19%,0.2840,"[0.21440552175045013, 0.7855945229530334]"
888,1,48.03%,81.21%,0.0292,"[0.0348818339407444, 0.9651181101799011]"
889,1,48.09%,81.24%,0.1738,"[0.15094979107379913, 0.8490502238273621]"
890,1,48.15%,81.14%,3.5976,"[0.9771190285682678, 0.02288096770644188]"
891,0,48.09%,81.17%,0.0030,"[0.9973294734954834, 0.0026705143973231316]"
892,1,48.15%,81.19%,0.0731,"[0.05845574662089348, 0.9415442943572998]"
893,1,48.21%,81.21%,0.2674,"[0.21782377362251282, 0.7821761965751648]"
894,0,48.16%,81.23%,0.3986,"[0.6386088728904724, 0.3613911271095276]"
895,0,48.10%,81.25%,0.0696,"[0.9681472778320312, 0.03185269236564636]"
896,1,48.16%,81.27%,0.0889,"[0.07309729605913162, 0.9269026517868042]"
897,0,48.11%,81.29%,0.0066,"[0.9966620206832886, 0.0033380237873643637]"
898,0,48.05%,81.31%,0.0048,"[0.9963201284408569, 0.0036799178924411535]"
899,1,48.11%,81.33%,0.0307,"[0.03269321098923683, 0.9673067331314087]"
900,0,48.06%,81.35%,0.0128,"[0.9936256408691406, 0.006374328397214413]"
901,0,48.00%,81.37%,0.0029,"[0.9964107871055603, 0.0035892582964152098]"
902,1,48.06%,81.40%,0.0587,"[0.038046617060899734, 0.9619534015655518]"
903,0,48.01%,81.42%,0.0072,"[0.9940037131309509, 0.005996244493871927]"
904,1,48.07%,81.44%,0.0430,"[0.07550475001335144, 0.9244952201843262]"
905,1,48.12%,81.46%,0.0477,"[0.055421169847249985, 0.9445788264274597]"
906,1,48.18%,81.48%,0.1035,"[0.041708193719387054, 0.9582918286323547]"
907,1,48.24%,81.50%,0.0259,"[0.033169835805892944, 0.9668301343917847]"
908,0,48.18%,81.52%,0.0051,"[0.9964067339897156, 0.0035932096652686596]"
909,1,48.24%,81.54%,0.0311,"[0.03414018452167511, 0.9658597707748413]"
910,0,48.19%,81.56%,0.0052,"[0.9956913590431213, 0.004308683797717094]"
911,1,48.25%,81.58%,0.0554,"[0.04336148500442505, 0.956638514995575]"
912,1,48.30%,81.60%,0.0369,"[0.036257293075323105, 0.9637426733970642]"
913,1,48.36%,81.62%,0.0381,"[0.038469091057777405, 0.961530864238739]"
914,0,48.31%,81.64%,0.0129,"[0.9849796891212463, 0.015020312741398811]"
915,0,48.25%,81.66%,0.0072,"[0.9916493892669678, 0.008350588381290436]"
916,0,48.20%,81.68%,0.0091,"[0.9845059514045715, 0.015494036488234997]"
917,1,48.26%,81.70%,0.0352,"[0.03329627960920334, 0.9667037129402161]"
918,0,48.20%,81.72%,0.0101,"[0.9965884685516357, 0.0034114846494048834]"
919,0,48.15%,81.74%,0.0051,"[0.9905331134796143, 0.009466842748224735]"
920,0,48.10%,81.76%,0.0024,"[0.9971933960914612, 0.0028065808583050966]"
921,0,48.05%,81.78%,0.0048,"[0.9923424124717712, 0.007657594513148069]"
922,0,48.00%,81.80%,0.0040,"[0.9956965446472168, 0.0043034846894443035]"
923,0,47.94%,81.82%,0.0186,"[0.9736043214797974, 0.026395725086331367]"
924,0,47.89%,81.84%,0.0041,"[0.9972177743911743, 0.002782268915325403]"
925,1,47.95%,81.86%,0.0264,"[0.025606174021959305, 0.9743938446044922]"
926,0,47.90%,81.88%,0.0059,"[0.9938166737556458, 0.006183336488902569]"
927,0,47.84%,81.79%,3.5442,"[0.02704300917685032, 0.9729570746421814]"
928,0,47.79%,81.81%,0.0064,"[0.9960002303123474, 0.003999738488346338]"
929,0,47.74%,81.72%,1.4536,"[0.1490999460220337, 0.8508999943733215]"
930,0,47.69%,81.74%,0.0033,"[0.9969192743301392, 0.0030807664152234793]"
931,1,47.75%,81.76%,0.0163,"[0.02141185663640499, 0.9785881042480469]"
932,0,47.70%,81.67%,3.4668,"[0.03380531817674637, 0.966194748878479]"
933,0,47.64%,81.69%,0.0024,"[0.9974108338356018, 0.002589222975075245]"
934,1,47.70%,81.71%,0.3491,"[0.2833995819091797, 0.7166004776954651]"
935,0,47.65%,81.73%,0.0023,"[0.998071014881134, 0.0019290358759462833]"
936,1,47.71%,81.75%,0.0236,"[0.022819766774773598, 0.9771803021430969]"
937,0,47.65%,81.77%,0.0024,"[0.9977879524230957, 0.0022120715584605932]"
938,1,47.71%,81.79%,0.0183,"[0.0210082046687603, 0.9789918065071106]"
939,0,47.66%,81.81%,0.0018,"[0.9979939460754395, 0.0020060637034475803]"
940,1,47.72%,81.83%,0.0197,"[0.02116732858121395, 0.9788327217102051]"
941,1,47.77%,81.85%,0.0231,"[0.029715633019804955, 0.9702843427658081]"
942,0,47.72%,81.87%,0.0024,"[0.9974601864814758, 0.0025398859288543463]"
943,0,47.67%,81.89%,0.0045,"[0.9968857169151306, 0.003114240011200309]"
944,1,47.72%,81.90%,0.0269,"[0.02365744300186634, 0.976342499256134]"
945,0,47.67%,81.82%,2.7601,"[0.06837830692529678, 0.9316217303276062]"
946,1,47.73%,81.84%,0.1156,"[0.15095575153827667, 0.8490442633628845]"
947,0,47.68%,81.86%,0.0019,"[0.9981693029403687, 0.0018306210404261947]"
948,1,47.73%,81.88%,0.0671,"[0.068388931453228, 0.9316110610961914]"
949,0,47.68%,81.79%,2.1789,"[0.10653041303157806, 0.8934695720672607]"
950,1,47.74%,81.81%,0.0861,"[0.07139122486114502, 0.928608775138855]"
951,1,47.79%,81.83%,0.0532,"[0.05098241940140724, 0.9490175247192383]"
952,0,47.74%,81.85%,0.0020,"[0.997894823551178, 0.0021052032243460417]"
953,0,47.69%,81.87%,0.0023,"[0.9971098303794861, 0.0028902546036988497]"
954,1,47.75%,81.88%,0.0991,"[0.06196826696395874, 0.938031792640686]"
955,0,47.70%,81.90%,0.4473,"[0.6535472869873047, 0.3464527428150177]"
956,1,47.75%,81.92%,0.0509,"[0.054892558604478836, 0.9451074004173279]"
957,1,47.81%,81.84%,1.1855,"[0.7103121876716614, 0.2896878123283386]"
958,0,47.76%,81.86%,0.0020,"[0.9976325035095215, 0.0023675053380429745]"
959,1,47.81%,81.88%,0.0208,"[0.025237441062927246, 0.9747626185417175]"
960,1,47.87%,81.89%,0.0448,"[0.04421191290020943, 0.9557880759239197]"
961,1,47.92%,81.91%,0.0418,"[0.03648635745048523, 0.9635136723518372]"
962,1,47.98%,81.93%,0.0454,"[0.0599641352891922, 0.9400358200073242]"
963,1,48.03%,81.95%,0.0489,"[0.04482724890112877, 0.9551727771759033]"
964,0,47.98%,81.97%,0.0020,"[0.9982436895370483, 0.0017563056899234653]"
965,0,47.93%,81.99%,0.0021,"[0.9979755282402039, 0.0020244824700057507]"
966,1,47.98%,82.01%,0.0473,"[0.05370592325925827, 0.9462940096855164]"
967,1,48.04%,82.02%,0.0935,"[0.07562493532896042, 0.9243751168251038]"
968,0,47.99%,82.04%,0.0021,"[0.9979122281074524, 0.002087775617837906]"
969,1,48.04%,82.06%,0.0199,"[0.02146388217806816, 0.9785361886024475]"
970,1,48.09%,82.08%,0.0367,"[0.0370062030851841, 0.9629938006401062]"
971,0,48.05%,82.10%,0.0060,"[0.9967761635780334, 0.003223895560950041]"
972,0,48.00%,82.12%,0.0038,"[0.9979798197746277, 0.0020202230662107468]"
973,0,47.95%,82.03%,2.6191,"[0.10433705151081085, 0.8956629633903503]"
974,1,48.00%,82.05%,0.0447,"[0.04223216325044632, 0.9577678442001343]"
975,1,48.05%,82.07%,0.0203,"[0.04516443610191345, 0.9548355937004089]"
976,1,48.11%,82.09%,0.0220,"[0.021187637001276016, 0.9788123965263367]"
977,1,48.16%,82.11%,0.0173,"[0.018028635531663895, 0.9819713234901428]"
978,0,48.11%,82.12%,0.0072,"[0.9973887801170349, 0.0026112140621989965]"
979,1,48.16%,82.14%,0.0492,"[0.03998032957315445, 0.9600197076797485]"
980,0,48.11%,82.16%,0.0026,"[0.997675359249115, 0.0023246428463608027]"
981,0,48.07%,82.18%,0.8518,"[0.8804337382316589, 0.11956627666950226]"
982,1,48.12%,82.20%,0.0330,"[0.03838812932372093, 0.9616119265556335]"
983,1,48.17%,82.22%,0.3178,"[0.2491503655910492, 0.7508496642112732]"
984,1,48.22%,82.23%,0.0413,"[0.03476700559258461, 0.9652329683303833]"
985,1,48.28%,82.25%,0.0540,"[0.05042633041739464, 0.9495736956596375]"
986,1,48.33%,82.27%,0.0556,"[0.02670535258948803, 0.9732946753501892]"
987,1,48.38%,82.29%,0.0786,"[0.11327627301216125, 0.8867237567901611]"
988,1,48.43%,82.31%,0.0201,"[0.015204177238047123, 0.9847958087921143]"
989,0,48.38%,82.22%,2.2504,"[0.4459289610385895, 0.5540709495544434]"
990,1,48.44%,82.24%,0.0166,"[0.016064682975411415, 0.9839352369308472]"
991,1,48.49%,82.26%,0.0600,"[0.04404104873538017, 0.9559589624404907]"
992,0,48.44%,82.28%,0.0038,"[0.9973535537719727, 0.0026464336551725864]"
993,0,48.39%,82.29%,0.0020,"[0.9976534247398376, 0.0023465491831302643]"
994,0,48.34%,82.31%,0.0028,"[0.9979981780052185, 0.002001859014853835]"
995,1,48.39%,82.33%,0.0167,"[0.014060745015740395, 0.9859392642974854]"
996,0,48.35%,82.25%,3.3512,"[0.03612204268574715, 0.9638779759407043]"
997,0,48.30%,82.26%,0.0044,"[0.9956842660903931, 0.004315786529332399]"
998,1,48.35%,82.28%,0.0713,"[0.07189062982797623, 0.928109347820282]"
999,0,48.30%,82.30%,0.0032,"[0.997920572757721, 0.0020794877782464027]"
1000,0,48.25%,82.32%,0.0023,"[0.9980121850967407, 0.001987743889912963]"
1001,1,48.30%,82.34%,0.0242,"[0.023530347272753716, 0.9764696955680847]"
1002,1,48.35%,82.35%,0.0319,"[0.03878923878073692, 0.9612107276916504]"
1003,1,48.41%,82.37%,0.1099,"[0.050437942147254944, 0.9495620727539062]"
1004,1,48.46%,82.39%,0.0228,"[0.02402767539024353, 0.9759722948074341]"
1005,0,48.41%,82.41%,0.0046,"[0.9943806529045105, 0.0056194132193923]"
1006,1,48.46%,82.42%,0.0563,"[0.05250421166419983, 0.9474957585334778]"
1007,0,48.41%,82.34%,3.6505,"[0.03897777572274208, 0.9610221982002258]"
1008,0,48.36%,82.36%,0.0039,"[0.9965617060661316, 0.003438278567045927]"
1009,1,48.42%,82.38%,0.0260,"[0.02738463506102562, 0.9726153612136841]"
1010,1,48.47%,82.39%,0.1094,"[0.030346635729074478, 0.9696533679962158]"
1011,1,48.52%,82.41%,0.0217,"[0.017064517363905907, 0.9829354286193848]"
1012,0,48.47%,82.33%,3.7505,"[0.023470256477594376, 0.9765297174453735]"
1013,0,48.42%,82.35%,0.0026,"[0.9973541498184204, 0.0026458799839019775]"
1014,0,48.37%,82.36%,0.0039,"[0.9966223239898682, 0.003377719782292843]"
1015,1,48.43%,82.38%,0.0280,"[0.03067469596862793, 0.9693253040313721]"
1016,1,48.48%,82.40%,0.0215,"[0.026246031746268272, 0.9737539887428284]"
1017,0,48.43%,82.42%,0.0029,"[0.9965766072273254, 0.003423325251787901]"
1018,1,48.48%,82.43%,0.0235,"[0.02840455062687397, 0.9715954065322876]"
1019,0,48.43%,82.45%,0.0182,"[0.9805302619934082, 0.019469747319817543]"
1020,1,48.48%,82.47%,0.1190,"[0.1088574081659317, 0.8911426067352295]"
1021,1,48.53%,82.49%,0.0596,"[0.06107158958911896, 0.9389284253120422]"
1022,0,48.48%,82.50%,0.0447,"[0.9527710676193237, 0.04722898453474045]"
1023,0,48.44%,82.52%,0.0039,"[0.996772825717926, 0.0032271945383399725]"
1024,0,48.39%,82.54%,0.0085,"[0.995682954788208, 0.00431706290692091]"
1025,1,48.44%,82.55%,0.0596,"[0.04164110869169235, 0.9583588242530823]"
1026,1,48.49%,82.57%,0.0265,"[0.0409904420375824, 0.9590095281600952]"
1027,1,48.54%,82.59%,0.0430,"[0.033731602132320404, 0.9662684202194214]"
1028,0,48.49%,82.60%,0.0040,"[0.9965052604675293, 0.003494712756946683]"
1029,0,48.45%,82.62%,0.0206,"[0.9592418074607849, 0.04075818881392479]"
1030,1,48.50%,82.64%,0.0180,"[0.03394915908575058, 0.9660508632659912]"
1031,0,48.45%,82.66%,0.0098,"[0.9961250424385071, 0.00387494545429945]"
1032,0,48.40%,82.67%,0.0030,"[0.9961362481117249, 0.0038637102115899324]"
1033,0,48.36%,82.69%,0.0143,"[0.9935816526412964, 0.00641834968701005]"
1034,0,48.31%,82.71%,0.0027,"[0.9970142841339111, 0.002985701896250248]"
1035,1,48.36%,82.72%,0.0442,"[0.037680041044950485, 0.9623200297355652]"
1036,1,48.41%,82.74%,0.0509,"[0.05766436457633972, 0.9423356652259827]"
1037,1,48.46%,82.76%,0.0460,"[0.0452408641576767, 0.9547591209411621]"
1038,1,48.51%,82.77%,0.0317,"[0.01919803023338318, 0.9808019995689392]"
1039,0,48.46%,82.79%,0.0030,"[0.9959449172019958, 0.004055042751133442]"
1040,0,48.41%,82.80%,0.0044,"[0.9943398833274841, 0.005660144612193108]"
1041,0,48.37%,82.73%,3.5127,"[0.02981545776128769, 0.9701845049858093]"
1042,1,48.42%,82.74%,0.0339,"[0.03200806677341461, 0.9679918885231018]"
1043,0,48.37%,82.76%,0.0021,"[0.9972755312919617, 0.0027244682423770428]"
1044,0,48.33%,82.78%,0.0027,"[0.9974863529205322, 0.0025136240292340517]"
1045,0,48.28%,82.79%,0.0020,"[0.9972544312477112, 0.0027455296367406845]"
1046,1,48.33%,82.81%,0.0475,"[0.054481375962495804, 0.9455186128616333]"
1047,0,48.28%,82.82%,0.0020,"[0.9983262419700623, 0.001673737890087068]"
1048,0,48.24%,82.84%,0.0059,"[0.9946335554122925, 0.005366418045014143]"
1049,0,48.19%,82.86%,0.0024,"[0.9969474673271179, 0.0030525228939950466]"
1050,0,48.14%,82.87%,0.0054,"[0.9963186979293823, 0.0036813202314078808]"
1051,0,48.10%,82.79%,1.5228,"[0.18750368058681488, 0.8124963641166687]"
1052,0,48.05%,82.81%,0.0017,"[0.9984513521194458, 0.0015486386837437749]"
1053,0,48.01%,82.83%,0.0016,"[0.9985320568084717, 0.0014679176965728402]"
1054,1,48.06%,82.84%,0.0456,"[0.07788870483636856, 0.9221113324165344]"
1055,1,48.11%,82.86%,0.1516,"[0.08384061604738235, 0.9161593914031982]"
1056,1,48.16%,82.88%,0.0458,"[0.047602929174900055, 0.9523971080780029]"
1057,1,48.20%,82.89%,0.2287,"[0.13084357976913452, 0.8691563606262207]"
1058,1,48.25%,82.91%,0.0355,"[0.03334015607833862, 0.9666597843170166]"
1059,0,48.21%,82.92%,0.0033,"[0.9973779916763306, 0.0026220770087093115]"
1060,0,48.16%,82.94%,0.0027,"[0.99762362241745, 0.002376375487074256]"
1061,0,48.12%,82.96%,0.0040,"[0.997633695602417, 0.0023663064930588007]"
1062,1,48.17%,82.97%,0.0239,"[0.018726708367466927, 0.9812732934951782]"
1063,1,48.21%,82.99%,0.0385,"[0.030139507725834846, 0.9698605537414551]"
1064,0,48.17%,83.00%,0.0017,"[0.9980657696723938, 0.0019342261366546154]"
1065,1,48.22%,83.02%,0.0833,"[0.0330984964966774, 0.9669014811515808]"
1066,0,48.17%,83.04%,0.0027,"[0.9960100650787354, 0.003989950753748417]"
1067,1,48.22%,83.05%,0.0497,"[0.058137524873018265, 0.9418625235557556]"
1068,1,48.27%,83.07%,0.0396,"[0.03784283623099327, 0.9621571898460388]"
1069,1,48.32%,83.08%,0.0162,"[0.01820233091711998, 0.9817976951599121]"
1070,1,48.37%,83.10%,0.0321,"[0.029370315372943878, 0.9706296920776367]"
1071,0,48.32%,83.12%,0.0023,"[0.9980834722518921, 0.001916543929837644]"
1072,1,48.37%,83.13%,0.0236,"[0.026395486667752266, 0.9736045598983765]"
1073,0,48.32%,83.05%,3.8204,"[0.02487957663834095, 0.9751204252243042]"
1074,0,48.28%,83.07%,0.0024,"[0.9981902241706848, 0.0018097837455570698]"
1075,1,48.33%,83.09%,0.0184,"[0.016458207741379738, 0.9835417866706848]"
1076,1,48.38%,83.10%,0.0247,"[0.029267430305480957, 0.970732569694519]"
1077,0,48.33%,83.12%,0.0052,"[0.9949323534965515, 0.005067664198577404]"
1078,0,48.29%,83.04%,0.7024,"[0.29403990507125854, 0.7059601545333862]"
1079,1,48.33%,83.06%,0.0547,"[0.05074995756149292, 0.9492500424385071]"
1080,0,48.29%,83.07%,0.0019,"[0.998421311378479, 0.0015786760486662388]"
1081,1,48.34%,83.09%,0.0280,"[0.02720990590751171, 0.9727900624275208]"
1082,0,48.29%,83.10%,0.0023,"[0.9982397556304932, 0.0017602896550670266]"
1083,0,48.25%,83.03%,2.6307,"[0.048013072460889816, 0.9519869089126587]"
1084,1,48.29%,83.04%,0.0239,"[0.028494583442807198, 0.9715054035186768]"
1085,0,48.25%,83.06%,0.0021,"[0.9962173104286194, 0.0037826821208000183]"
1086,1,48.30%,83.07%,0.0319,"[0.03645116835832596, 0.9635488390922546]"
1087,1,48.35%,83.09%,0.0708,"[0.05709930136799812, 0.9429007768630981]"
1088,0,48.30%,83.10%,0.0015,"[0.9983910918235779, 0.001608820166438818]"
1089,1,48.35%,83.12%,0.0347,"[0.03802458196878433, 0.9619753956794739]"
1090,0,48.30%,83.04%,1.6336,"[0.2206001877784729, 0.7793997526168823]"
1091,1,48.35%,83.06%,0.0387,"[0.03817623853683472, 0.9618238210678101]"
1092,1,48.40%,83.07%,0.0340,"[0.03476731851696968, 0.9652327299118042]"
1093,1,48.45%,83.09%,0.0417,"[0.03855947405099869, 0.9614405035972595]"
1094,1,48.49%,83.11%,0.0450,"[0.03588593378663063, 0.9641140699386597]"
1095,0,48.45%,83.12%,0.0014,"[0.9983697533607483, 0.0016302857547998428]"
1096,0,48.40%,83.14%,0.0015,"[0.9980881810188293, 0.001911759260110557]"
1097,0,48.36%,83.15%,0.0032,"[0.9981204867362976, 0.0018794438801705837]"
1098,0,48.32%,83.17%,0.0032,"[0.9977776408195496, 0.0022224076092243195]"
1099,0,48.27%,83.18%,0.0022,"[0.9981743097305298, 0.0018256927141919732]"
1100,1,48.32%,83.20%,0.0401,"[0.038398854434490204, 0.9616010785102844]"
1101,1,48.37%,83.21%,0.0450,"[0.03904734551906586, 0.960952639579773]"
1102,0,48.32%,83.23%,0.0014,"[0.9982001781463623, 0.0017998472321778536]"
1103,1,48.37%,83.24%,0.0980,"[0.08029614388942719, 0.9197039008140564]"
1104,1,48.42%,83.26%,0.0370,"[0.0348636731505394, 0.9651363492012024]"
1105,0,48.37%,83.27%,0.0019,"[0.9985077977180481, 0.001492199138738215]"
1106,1,48.42%,83.29%,0.1309,"[0.12030266970396042, 0.879697322845459]"
1107,1,48.47%,83.30%,0.0222,"[0.022400466725230217, 0.977599561214447]"
1108,1,48.51%,83.32%,0.0773,"[0.07592702656984329, 0.9240729808807373]"
1109,0,48.47%,83.33%,0.0016,"[0.998432457447052, 0.0015674661844968796]"
1110,1,48.51%,83.35%,0.0193,"[0.019293248653411865, 0.9807068109512329]"
1111,0,48.47%,83.36%,0.0014,"[0.998238205909729, 0.0017618336714804173]"
1112,0,48.43%,83.38%,0.0133,"[0.9927329421043396, 0.007267080247402191]"
1113,1,48.47%,83.39%,0.0183,"[0.02288147248327732, 0.9771186113357544]"
1114,0,48.43%,83.41%,0.0015,"[0.9987063407897949, 0.001293681561946869]"
1115,0,48.39%,83.42%,0.0017,"[0.9983661770820618, 0.0016338409623131156]"
1116,1,48.43%,83.44%,0.0411,"[0.03722481429576874, 0.9627751708030701]"
1117,0,48.39%,83.45%,0.0014,"[0.998627781867981, 0.001372230821289122]"
1118,1,48.44%,83.47%,0.0199,"[0.017128270119428635, 0.9828717708587646]"
1119,1,48.48%,83.48%,0.0163,"[0.016187578439712524, 0.9838123917579651]"
1120,0,48.44%,83.41%,2.0793,"[0.3428036868572235, 0.6571962833404541]"
1121,0,48.40%,83.42%,0.0041,"[0.9974094033241272, 0.0025905899237841368]"
1122,0,48.35%,83.44%,0.0014,"[0.9984992742538452, 0.0015007720794528723]"
1123,0,48.31%,83.36%,3.7587,"[0.02707001008093357, 0.9729299545288086]"
1124,1,48.36%,83.38%,0.0166,"[0.01911785639822483, 0.9808821082115173]"
1125,0,48.31%,83.39%,0.0025,"[0.9974973797798157, 0.0025026299990713596]"
1126,0,48.27%,83.41%,0.0013,"[0.9985029697418213, 0.0014970110496506095]"
1127,0,48.23%,83.33%,1.0308,"[0.29297277331352234, 0.7070272564888]"
1128,0,48.18%,83.35%,0.0017,"[0.9975908994674683, 0.0024091375526040792]"
1129,1,48.23%,83.36%,0.0183,"[0.019161859527230263, 0.9808381199836731]"
1130,0,48.19%,83.38%,0.0021,"[0.9979988932609558, 0.0020010359585285187]"
1131,1,48.23%,83.39%,0.0408,"[0.04606956988573074, 0.9539304971694946]"
1132,0,48.19%,83.32%,3.4690,"[0.02996213361620903, 0.9700378775596619]"
1133,1,48.24%,83.33%,0.0268,"[0.021282803267240524, 0.9787172675132751]"
1134,0,48.19%,83.35%,0.0015,"[0.9983420372009277, 0.0016579728107899427]"
1135,1,48.24%,83.27%,1.1872,"[0.734704852104187, 0.265295147895813]"
1136,0,48.20%,83.29%,0.0015,"[0.9984843134880066, 0.0015157026937231421]"
1137,0,48.15%,83.30%,0.0015,"[0.9985070824623108, 0.0014929239405319095]"
1138,1,48.20%,83.32%,0.0575,"[0.050229236483573914, 0.9497707486152649]"
1139,1,48.25%,83.33%,0.0679,"[0.0663573369383812, 0.9336426854133606]"
1140,1,48.29%,83.35%,0.0908,"[0.06984107941389084, 0.9301588535308838]"
1141,0,48.25%,83.36%,0.0013,"[0.9985551238059998, 0.0014448865549638867]"
1142,1,48.29%,83.38%,0.0754,"[0.15902362763881683, 0.840976357460022]"
1143,1,48.34%,83.39%,0.0643,"[0.06063968315720558, 0.9393603205680847]"
1144,1,48.38%,83.41%,0.0597,"[0.0569036528468132, 0.9430963397026062]"
1145,1,48.43%,83.42%,0.0218,"[0.02636619843542576, 0.9736338257789612]"
1146,0,48.39%,83.44%,0.0016,"[0.9983776807785034, 0.0016222756821662188]"
1147,1,48.43%,83.36%,0.6190,"[0.6072218418121338, 0.3927781581878662]"
1148,0,48.39%,83.38%,0.0020,"[0.9981681108474731, 0.0018319216324016452]"
1149,0,48.35%,83.39%,0.0017,"[0.9982179999351501, 0.001781984232366085]"
1150,1,48.39%,83.41%,0.0285,"[0.03095165267586708, 0.9690483808517456]"
1151,0,48.35%,83.42%,0.0037,"[0.9975080490112305, 0.002491932362318039]"
1152,0,48.31%,83.43%,0.0020,"[0.9971526861190796, 0.0028472424019128084]"
1153,1,48.35%,83.45%,0.0463,"[0.040623538196086884, 0.9593763947486877]"
1154,0,48.31%,83.46%,0.0020,"[0.9973746538162231, 0.0026253436226397753]"
1155,0,48.27%,83.48%,0.0030,"[0.9952635765075684, 0.004736380185931921]"
1156,1,48.31%,83.49%,0.0278,"[0.0272997859865427, 0.972700297832489]"
1157,1,48.36%,83.51%,0.0597,"[0.06893278658390045, 0.931067168712616]"
1158,1,48.40%,83.52%,0.0616,"[0.05164593085646629, 0.9483540654182434]"
1159,0,48.36%,83.53%,0.0043,"[0.9963642954826355, 0.0036356791388243437]"
1160,0,48.32%,83.55%,0.0023,"[0.9958667755126953, 0.004133241716772318]"
1161,0,48.28%,83.56%,0.0403,"[0.9329383969306946, 0.06706159561872482]"
1162,1,48.32%,83.58%,0.0289,"[0.030953187495470047, 0.9690468311309814]"
1163,1,48.37%,83.59%,0.0223,"[0.023171380162239075, 0.9768286943435669]"
1164,0,48.33%,83.61%,0.0019,"[0.9979275465011597, 0.0020724947098642588]"
1165,0,48.28%,83.53%,3.3179,"[0.08825431019067764, 0.9117456674575806]"
1166,1,48.33%,83.55%,0.0239,"[0.0266155656427145, 0.9733844995498657]"
1167,1,48.37%,83.56%,0.0141,"[0.014833264984190464, 0.9851667284965515]"
1168,1,48.42%,83.58%,0.0165,"[0.0144058708101511, 0.9855940937995911]"
1169,0,48.38%,83.59%,0.0030,"[0.9974599480628967, 0.0025400319136679173]"
1170,1,48.42%,83.60%,0.0199,"[0.020310381427407265, 0.9796895980834961]"
1171,1,48.46%,83.62%,0.0320,"[0.02869207225739956, 0.9713079929351807]"
1172,1,48.51%,83.63%,0.0291,"[0.01909555494785309, 0.9809044003486633]"
1173,0,48.47%,83.56%,2.2465,"[0.1378660649061203, 0.8621339201927185]"
1174,0,48.43%,83.57%,0.0081,"[0.996473491191864, 0.0035264918114989996]"
1175,0,48.38%,83.50%,3.8142,"[0.02338632382452488, 0.9766137003898621]"
1176,1,48.43%,83.52%,0.0313,"[0.02756696566939354, 0.9724330306053162]"
1177,1,48.47%,83.53%,0.0285,"[0.032024674117565155, 0.967975378036499]"
1178,0,48.43%,83.55%,0.0054,"[0.9965826869010925, 0.003417308209463954]"
1179,1,48.47%,83.56%,0.0305,"[0.03071443922817707, 0.9692855477333069]"
1180,0,48.43%,83.49%,3.0040,"[0.032621435821056366, 0.9673786163330078]"
1181,1,48.48%,83.50%,0.0357,"[0.0261006411164999, 0.9738993644714355]"
1182,1,48.52%,83.52%,0.0397,"[0.035916317254304886, 0.964083731174469]"
1183,1,48.56%,83.53%,0.0446,"[0.046585019677877426, 0.9534149169921875]"
1184,1,48.61%,83.54%,0.0262,"[0.035873182117938995, 0.9641268253326416]"
1185,1,48.65%,83.56%,0.0319,"[0.03493344411253929, 0.9650664925575256]"
1186,1,48.69%,83.57%,0.0757,"[0.06876136362552643, 0.9312386512756348]"
1187,1,48.74%,83.59%,0.0519,"[0.05564720928668976, 0.9443527460098267]"
1188,1,48.78%,83.60%,0.0535,"[0.056809451431035995, 0.9431905150413513]"
1189,1,48.82%,83.61%,0.0560,"[0.057257309556007385, 0.942742645740509]"
1190,0,48.78%,83.63%,0.2768,"[0.625901460647583, 0.3740985691547394]"
1191,0,48.74%,83.64%,0.0014,"[0.9983539581298828, 0.0016460740007460117]"
1192,0,48.70%,83.57%,2.4548,"[0.07421009242534637, 0.9257898926734924]"
1193,0,48.66%,83.58%,0.0034,"[0.9968488812446594, 0.0031510721892118454]"
1194,0,48.62%,83.60%,0.0014,"[0.9984295964241028, 0.0015703464159741998]"
1195,0,48.58%,83.61%,0.0013,"[0.9987083673477173, 0.0012916660634800792]"
1196,1,48.62%,83.63%,0.0918,"[0.13388967514038086, 0.8661103844642639]"
1197,1,48.66%,83.64%,0.0666,"[0.05355887860059738, 0.9464411735534668]"
1198,0,48.62%,83.65%,0.0012,"[0.9988229870796204, 0.0011770250275731087]"
1199,0,48.58%,83.67%,0.0013,"[0.9986718893051147, 0.0013281001010909677]"
1200,1,48.63%,83.60%,0.4180,"[0.7144405245780945, 0.2855594754219055]"
1201,0,48.59%,83.61%,0.0014,"[0.998431384563446, 0.0015685472171753645]"
1202,1,48.63%,83.62%,0.0614,"[0.22746948897838593, 0.7725305557250977]"
1203,0,48.59%,83.64%,0.0017,"[0.9986611604690552, 0.00133888132404536]"
1204,1,48.63%,83.65%,0.0969,"[0.23264749348163605, 0.7673525214195251]"
1205,0,48.59%,83.67%,0.0014,"[0.9987679123878479, 0.0012320128735154867]"
1206,1,48.63%,83.68%,0.0735,"[0.07974313199520111, 0.9202568531036377]"
1207,1,48.68%,83.69%,0.0864,"[0.45867422223091125, 0.5413258075714111]"
1208,0,48.64%,83.71%,0.0020,"[0.9976546168327332, 0.002345462329685688]"
1209,0,48.60%,83.72%,0.0017,"[0.9986996650695801, 0.0013002903433516622]"
1210,0,48.55%,83.73%,0.0018,"[0.9984270334243774, 0.0015729774022474885]"
1211,1,48.60%,83.75%,0.0672,"[0.06742984801530838, 0.9325700998306274]"
1212,0,48.56%,83.68%,0.0674,"[0.30665773153305054, 0.6933422684669495]"
1213,1,48.60%,83.69%,0.0269,"[0.03786889463663101, 0.9621310234069824]"
1214,0,48.56%,83.62%,3.0587,"[0.061120834201574326, 0.938879132270813]"
1215,1,48.60%,83.63%,0.4184,"[0.20281708240509033, 0.7971828579902649]"
1216,1,48.64%,83.65%,0.0373,"[0.09918578714132309, 0.9008142352104187]"
1217,0,48.60%,83.66%,0.0013,"[0.9985853433609009, 0.0014146617613732815]"
1218,0,48.56%,83.68%,0.0019,"[0.9976330995559692, 0.0023668736685067415]"
1219,1,48.61%,83.69%,0.0880,"[0.06631879508495331, 0.9336811900138855]"
1220,0,48.57%,83.70%,0.0032,"[0.9965447783470154, 0.0034552603028714657]"
1221,0,48.53%,83.72%,0.0017,"[0.9981258511543274, 0.0018741140374913812]"
1222,1,48.57%,83.73%,0.0523,"[0.04214797541499138, 0.9578519463539124]"
1223,0,48.53%,83.66%,3.6123,"[0.050757285207509995, 0.9492427110671997]"
1224,1,48.57%,83.67%,0.3503,"[0.22569388151168823, 0.7743061184883118]"
1225,1,48.61%,83.69%,0.0251,"[0.02705693617463112, 0.9729430675506592]"
1226,1,48.66%,83.70%,0.0427,"[0.0467110238969326, 0.9532889127731323]"
1227,1,48.70%,83.71%,0.0297,"[0.034083977341651917, 0.9659160375595093]"
1228,0,48.66%,83.73%,0.0019,"[0.9980652928352356, 0.001934691914357245]"
1229,0,48.62%,83.66%,2.1785,"[0.24341166019439697, 0.756588339805603]"
1230,1,48.66%,83.67%,0.0233,"[0.02305442839860916, 0.9769456386566162]"
1231,1,48.70%,83.69%,0.0346,"[0.031752243638038635, 0.9682477712631226]"
1232,1,48.74%,83.70%,0.0269,"[0.022927209734916687, 0.9770728349685669]"
1233,1,48.78%,83.71%,0.0309,"[0.03672850504517555, 0.96327143907547]"
1234,0,48.74%,83.64%,0.9208,"[0.23168297111988068, 0.7683169841766357]"
1235,1,48.79%,83.66%,0.0288,"[0.02137959934771061, 0.9786204099655151]"
1236,0,48.75%,83.67%,0.0052,"[0.9965736865997314, 0.0034263674169778824]"
1237,0,48.71%,83.68%,0.0020,"[0.9963316321372986, 0.0036683797370642424]"
1238,0,48.67%,83.70%,0.0026,"[0.997930645942688, 0.0020693412516266108]"
1239,0,48.63%,83.63%,3.3431,"[0.03785916045308113, 0.9621408581733704]"
1240,1,48.67%,83.64%,0.0240,"[0.0338028185069561, 0.9661971926689148]"
1241,1,48.71%,83.66%,0.1433,"[0.11853811144828796, 0.8814618587493896]"
1242,0,48.67%,83.67%,0.0053,"[0.9973123073577881, 0.002687677275389433]"
1243,0,48.63%,83.68%,0.0015,"[0.9983682036399841, 0.001631869818083942]"
1244,1,48.67%,83.69%,0.0404,"[0.03583798184990883, 0.9641620516777039]"
1245,1,48.72%,83.71%,0.0437,"[0.04014400392770767, 0.9598560333251953]"
1246,0,48.68%,83.72%,0.0016,"[0.9980906844139099, 0.0019092487636953592]"
1247,1,48.72%,83.73%,0.0437,"[0.045873936265707016, 0.9541261196136475]"
1248,1,48.76%,83.75%,0.0391,"[0.03615937754511833, 0.963840663433075]"
1249,0,48.72%,83.76%,0.0016,"[0.998499870300293, 0.0015001677675172687]"
1250,0,48.68%,83.77%,0.0080,"[0.9969768524169922, 0.0030231259297579527]"
1251,1,48.72%,83.79%,0.0687,"[0.06829589605331421, 0.9317041039466858]"
1252,0,48.68%,83.80%,0.0023,"[0.9980123043060303, 0.0019877213053405285]"
1253,0,48.64%,83.81%,0.0040,"[0.9975835084915161, 0.0024164370261132717]"
1254,1,48.69%,83.82%,0.0260,"[0.032523274421691895, 0.9674767851829529]"
1255,1,48.73%,83.84%,0.0611,"[0.1372622847557068, 0.8627376556396484]"
1256,1,48.77%,83.85%,0.0260,"[0.03164847567677498, 0.9683514833450317]"
1257,1,48.81%,83.86%,0.0263,"[0.02715945430099964, 0.9728406071662903]"
1258,0,48.77%,83.88%,0.0012,"[0.9983850717544556, 0.0016149869188666344]"
1259,1,48.81%,83.89%,0.0356,"[0.04019460827112198, 0.9598053693771362]"
1260,1,48.85%,83.90%,0.0368,"[0.04664099961519241, 0.9533590078353882]"
1261,1,48.89%,83.91%,0.0461,"[0.044369760900735855, 0.9556301832199097]"
1262,0,48.85%,83.93%,0.0022,"[0.9976745247840881, 0.002325449138879776]"
1263,1,48.89%,83.94%,0.0302,"[0.026064546778798103, 0.9739354252815247]"
1264,1,48.93%,83.95%,0.0198,"[0.03680315613746643, 0.9631968140602112]"
1265,0,48.89%,83.97%,0.0016,"[0.997669517993927, 0.0023304603528231382]"
1266,1,48.93%,83.98%,0.0267,"[0.0241855476051569, 0.9758144021034241]"
1267,1,48.97%,83.99%,0.0300,"[0.03292279317975044, 0.9670772552490234]"
1268,1,49.01%,84.00%,0.0345,"[0.04252821207046509, 0.9574718475341797]"
1269,0,48.98%,84.02%,0.0016,"[0.9983269572257996, 0.0016729810740798712]"
1270,0,48.94%,83.95%,3.5134,"[0.03272416442632675, 0.967275857925415]"
1271,1,48.98%,83.96%,0.0264,"[0.02668190188705921, 0.9733180999755859]"
1272,1,49.02%,83.97%,0.0305,"[0.033133987337350845, 0.9668660163879395]"
1273,0,48.98%,83.99%,0.0012,"[0.9987704157829285, 0.0012295510387048125]"
1274,1,49.02%,84.00%,0.0311,"[0.029842538759112358, 0.9701574444770813]"
1275,0,48.98%,84.01%,0.0060,"[0.9965274930000305, 0.0034725002478808165]"
1276,0,48.94%,84.03%,0.0023,"[0.9942242503166199, 0.005775745492428541]"
1277,0,48.90%,84.04%,0.0037,"[0.9946463704109192, 0.005353577435016632]"
1278,0,48.87%,84.05%,0.0024,"[0.9976740479469299, 0.0023259283043444157]"
1279,0,48.83%,83.98%,0.4325,"[0.30513259768486023, 0.6948673725128174]"
1280,1,48.87%,84.00%,0.0371,"[0.0410120002925396, 0.9589879512786865]"
1281,1,48.91%,84.01%,0.0333,"[0.032269325107336044, 0.967730700969696]"
1282,0,48.87%,84.02%,0.0032,"[0.9980810880661011, 0.0019189680460840464]"
1283,1,48.91%,84.03%,0.0405,"[0.03806732967495918, 0.9619326591491699]"
1284,1,48.95%,84.05%,0.0670,"[0.0809677466750145, 0.9190322160720825]"
1285,0,48.91%,84.06%,0.0013,"[0.9984287619590759, 0.001571154803968966]"
1286,1,48.95%,84.07%,0.0499,"[0.04413336515426636, 0.9558666348457336]"
1287,0,48.91%,84.08%,0.0014,"[0.9982331991195679, 0.001766776666045189]"
1288,0,48.88%,84.10%,0.0069,"[0.9902066588401794, 0.009793388657271862]"
1289,1,48.91%,84.11%,0.0362,"[0.05219832807779312, 0.9478017091751099]"
1290,1,48.95%,84.12%,0.0214,"[0.021650534123182297, 0.9783494472503662]"
1291,0,48.92%,84.13%,0.0012,"[0.9987444877624512, 0.0012555364519357681]"
1292,1,48.96%,84.15%,0.0297,"[0.03259218856692314, 0.9674078226089478]"
1293,0,48.92%,84.16%,0.0013,"[0.9984750151634216, 0.0015249598072841763]"
1294,1,48.96%,84.17%,0.0349,"[0.031325049698352814, 0.9686749577522278]"
1295,1,49.00%,84.18%,0.0251,"[0.024022705852985382, 0.9759773015975952]"
1296,1,49.04%,84.19%,0.0331,"[0.021616579964756966, 0.978383481502533]"
1297,1,49.08%,84.21%,0.0523,"[0.0323222354054451, 0.9676777720451355]"
1298,1,49.11%,84.22%,0.0306,"[0.03879431262612343, 0.9612056612968445]"
1299,1,49.15%,84.23%,0.1177,"[0.11006901413202286, 0.8899310231208801]"
1300,1,49.19%,84.24%,0.0207,"[0.0234905444085598, 0.9765094518661499]"
1301,0,49.16%,84.25%,0.0029,"[0.9979748129844666, 0.0020251432433724403]"
1302,0,49.12%,84.27%,0.0013,"[0.9989354014396667, 0.0010646488517522812]"
1303,1,49.16%,84.28%,0.0178,"[0.021761242300271988, 0.9782388210296631]"
1304,1,49.20%,84.29%,0.0452,"[0.04188644886016846, 0.9581135511398315]"
1305,0,49.16%,84.30%,0.0017,"[0.9988766312599182, 0.00112333323340863]"
1306,1,49.20%,84.32%,0.0544,"[0.042575955390930176, 0.9574241042137146]"
1307,0,49.16%,84.25%,3.2999,"[0.10161010175943375, 0.8983899354934692]"
1308,0,49.12%,84.26%,0.0304,"[0.967656135559082, 0.03234385699033737]"
1309,1,49.16%,84.27%,0.0225,"[0.020688941702246666, 0.9793110489845276]"
1310,0,49.12%,84.21%,3.7739,"[0.029483746737241745, 0.9705162644386292]"
1311,1,49.16%,84.22%,0.0289,"[0.026761915534734726, 0.9732381105422974]"
1312,0,49.12%,84.23%,0.0013,"[0.9985349178314209, 0.0014650793746113777]"
1313,1,49.16%,84.25%,0.0693,"[0.06406181305646896, 0.9359381794929504]"
1314,1,49.20%,84.26%,0.0268,"[0.02887112647294998, 0.9711288213729858]"
1315,0,49.16%,84.19%,3.5415,"[0.027110939845442772, 0.9728891253471375]"
1316,0,49.13%,84.21%,0.0017,"[0.9976568222045898, 0.0023431009612977505]"
1317,0,49.09%,84.14%,3.4796,"[0.028092170134186745, 0.9719077944755554]"
1318,1,49.13%,84.15%,0.0406,"[0.039318934082984924, 0.9606810212135315]"
1319,1,49.17%,84.17%,0.0482,"[0.04704917594790459, 0.9529508352279663]"
1320,0,49.13%,84.18%,0.0025,"[0.9983922839164734, 0.0016076870961114764]"
1321,1,49.17%,84.19%,0.1236,"[0.12360618263483047, 0.8763938546180725]"
1322,1,49.21%,84.20%,0.0417,"[0.03286123275756836, 0.9671388268470764]"
1323,0,49.17%,84.21%,0.7991,"[0.6279246211051941, 0.3720754086971283]"
1324,1,49.21%,84.23%,0.0326,"[0.04310202971100807, 0.9568979740142822]"
1325,1,49.25%,84.24%,0.0723,"[0.06803090870380402, 0.9319691061973572]"
1326,1,49.28%,84.25%,0.0677,"[0.07799916714429855, 0.9220008254051208]"
1327,0,49.25%,84.26%,0.0012,"[0.9986670017242432, 0.0013330373913049698]"
1328,0,49.21%,84.27%,0.0009,"[0.9990652203559875, 0.0009348356979899108]"
1329,0,49.17%,84.21%,2.3990,"[0.08956856280565262, 0.910431444644928]"
1330,0,49.14%,84.22%,0.0012,"[0.9983834028244019, 0.0016166131244972348]"
1331,0,49.10%,84.23%,0.0011,"[0.9988620281219482, 0.0011380098294466734]"
1332,1,49.14%,84.25%,0.1206,"[0.10089598596096039, 0.8991039991378784]"
1333,0,49.10%,84.26%,0.0014,"[0.9984437823295593, 0.001556240487843752]"
1334,0,49.06%,84.27%,0.0368,"[0.8485807180404663, 0.15141929686069489]"
1335,0,49.03%,84.28%,0.0016,"[0.9978244304656982, 0.0021756410133093596]"
1336,1,49.07%,84.29%,0.1087,"[0.10526668280363083, 0.8947333097457886]"
1337,0,49.03%,84.30%,0.0009,"[0.9990806579589844, 0.0009192894794978201]"
1338,0,48.99%,84.32%,0.0011,"[0.998898983001709, 0.0011009401641786098]"
1339,1,49.03%,84.33%,0.1251,"[0.12106072157621384, 0.8789392709732056]"
1340,0,48.99%,84.34%,0.0009,"[0.9990953207015991, 0.0009046363411471248]"
1341,0,48.96%,84.35%,0.0577,"[0.9597364664077759, 0.04026351869106293]"
1342,1,48.99%,84.36%,0.6433,"[0.2681123614311218, 0.7318875789642334]"
1343,1,49.03%,84.38%,0.0494,"[0.04864215850830078, 0.9513578414916992]"
1344,0,49.00%,84.39%,0.0009,"[0.9990733861923218, 0.0009266121196560562]"
1345,0,48.96%,84.40%,0.0010,"[0.9990059733390808, 0.0009940492454916239]"
1346,1,49.00%,84.41%,0.0988,"[0.06576797366142273, 0.9342320561408997]"
1347,0,48.96%,84.42%,0.1322,"[0.8456293940544128, 0.15437060594558716]"
1348,0,48.93%,84.43%,0.0010,"[0.9990286827087402, 0.00097137491684407]"
1349,0,48.89%,84.44%,0.0010,"[0.9990518689155579, 0.0009481478482484818]"
1350,1,48.93%,84.46%,0.0897,"[0.14057910442352295, 0.859420895576477]"
1351,0,48.89%,84.47%,0.0010,"[0.9989389777183533, 0.0010610658209770918]"
1352,0,48.85%,84.48%,0.0010,"[0.9989643096923828, 0.0010357359424233437]"
1353,0,48.82%,84.42%,0.4206,"[0.3123299479484558, 0.6876700520515442]"
1354,1,48.86%,84.43%,0.0805,"[0.0475287027657032, 0.9524713158607483]"
1355,0,48.82%,84.44%,0.0008,"[0.9991742968559265, 0.0008257334120571613]"
1356,1,48.86%,84.45%,0.0409,"[0.035236991941928864, 0.9647630453109741]"
1357,0,48.82%,84.46%,0.0010,"[0.9990560412406921, 0.0009439613786526024]"
1358,0,48.79%,84.47%,0.0009,"[0.9990736246109009, 0.0009262942476198077]"
1359,1,48.82%,84.49%,0.1395,"[0.05217660963535309, 0.9478234648704529]"
1360,1,48.86%,84.50%,0.0426,"[0.04402540251612663, 0.9559745788574219]"
1361,0,48.83%,84.51%,0.0010,"[0.9990999698638916, 0.0009000276913866401]"
1362,0,48.79%,84.52%,0.0008,"[0.9992218017578125, 0.00077818613499403]"
1363,0,48.75%,84.53%,0.0008,"[0.9991681575775146, 0.0008318356121890247]"
1364,0,48.72%,84.54%,0.0093,"[0.963366687297821, 0.03663326054811478]"
1365,0,48.68%,84.55%,0.0110,"[0.99505215883255, 0.004947904031723738]"
1366,0,48.65%,84.56%,0.0009,"[0.9990705847740173, 0.0009294292540289462]"
1367,0,48.61%,84.58%,0.0008,"[0.9992596507072449, 0.000740312971174717]"
1368,0,48.58%,84.51%,3.3304,"[0.06681187450885773, 0.9331880807876587]"
1369,1,48.61%,84.53%,0.0491,"[0.028020238503813744, 0.9719797372817993]"
1370,1,48.65%,84.54%,0.0672,"[0.06842661648988724, 0.9315733909606934]"
1371,1,48.69%,84.48%,1.9856,"[0.9124366044998169, 0.0875634253025055]"
1372,0,48.65%,84.49%,0.0007,"[0.9992563128471375, 0.0007436674204654992]"
1373,1,48.69%,84.50%,0.2016,"[0.32067474722862244, 0.6793252229690552]"
1374,0,48.65%,84.51%,0.0713,"[0.9692890048027039, 0.03071095235645771]"
1375,1,48.69%,84.52%,0.0521,"[0.04497821629047394, 0.9550217986106873]"
1376,1,48.73%,84.53%,0.3957,"[0.20223398506641388, 0.7977660298347473]"
1377,1,48.77%,84.54%,0.0392,"[0.05312388017773628, 0.9468761682510376]"
1378,1,48.80%,84.55%,0.0581,"[0.036072149872779846, 0.9639278054237366]"
1379,1,48.84%,84.57%,0.0259,"[0.02846454828977585, 0.9715354442596436]"
1380,1,48.88%,84.58%,0.0263,"[0.02477443963289261, 0.9752255082130432]"
1381,1,48.91%,84.59%,0.0686,"[0.10514120757579803, 0.8948588371276855]"
1382,1,48.95%,84.60%,0.0392,"[0.02909637987613678, 0.9709035754203796]"
1383,1,48.99%,84.61%,0.0354,"[0.04217197373509407, 0.9578280448913574]"
1384,0,48.95%,84.62%,0.0009,"[0.9991620779037476, 0.000837901548948139]"
1385,1,48.99%,84.63%,0.0439,"[0.054170653223991394, 0.9458293914794922]"
1386,1,49.03%,84.64%,0.0334,"[0.04695246368646622, 0.953047513961792]"
1387,0,48.99%,84.58%,2.7134,"[0.037139326333999634, 0.9628607034683228]"
1388,0,48.96%,84.59%,0.0008,"[0.999153733253479, 0.0008462854311801493]"
1389,0,48.92%,84.60%,0.0014,"[0.9986138343811035, 0.0013861728366464376]"
1390,1,48.96%,84.62%,0.0291,"[0.036755435168743134, 0.9632445573806763]"
1391,0,48.92%,84.55%,1.5060,"[0.06474510580301285, 0.9352549314498901]"
1392,1,48.96%,84.57%,0.0289,"[0.03474513068795204, 0.9652548432350159]"
1393,0,48.92%,84.51%,3.6163,"[0.04158566892147064, 0.9584143757820129]"
1394,0,48.89%,84.52%,0.0012,"[0.9987296462059021, 0.001270345295779407]"
1395,0,48.85%,84.53%,0.0020,"[0.9981136322021484, 0.001886433339677751]"
1396,0,48.82%,84.47%,3.4608,"[0.03590899705886841, 0.9640910029411316]"
1397,1,48.86%,84.48%,0.0360,"[0.03645114600658417, 0.9635488390922546]"
1398,1,48.89%,84.49%,0.0333,"[0.03648240119218826, 0.9635176062583923]"
1399,1,48.93%,84.50%,0.0296,"[0.030088244006037712, 0.9699118137359619]"
1400,1,48.97%,84.51%,0.0577,"[0.0655716061592102, 0.934428334236145]"
1401,1,49.00%,84.52%,0.0364,"[0.06917484849691391, 0.9308251142501831]"
1402,0,48.97%,84.53%,0.0009,"[0.9991845488548279, 0.0008153869421221316]"
1403,0,48.93%,84.54%,0.0010,"[0.999067485332489, 0.0009325654245913029]"
1404,1,48.97%,84.56%,0.0434,"[0.05980204418301582, 0.9401979446411133]"
1405,1,49.00%,84.57%,0.0508,"[0.15635180473327637, 0.8436481952667236]"
1406,1,49.04%,84.58%,0.1058,"[0.1496231108903885, 0.8503768444061279]"
1407,0,49.01%,84.52%,2.0121,"[0.07254821062088013, 0.9274517297744751]"
1408,1,49.04%,84.53%,0.0321,"[0.03559596836566925, 0.9644040465354919]"
1409,0,49.01%,84.47%,0.8553,"[0.09896276146173477, 0.9010372161865234]"
1410,1,49.04%,84.48%,0.0410,"[0.04042300581932068, 0.9595770239830017]"
1411,1,49.08%,84.49%,0.0483,"[0.042633555829524994, 0.9573665261268616]"
1412,1,49.12%,84.50%,0.0827,"[0.06611387431621552, 0.9338861703872681]"
1413,0,49.08%,84.51%,0.0013,"[0.998696506023407, 0.001303487573750317]"
1414,0,49.05%,84.52%,0.0010,"[0.9990679621696472, 0.0009320426033809781]"
1415,1,49.08%,84.53%,0.0520,"[0.05117001757025719, 0.9488300085067749]"
1416,1,49.12%,84.54%,0.2500,"[0.24185298383235931, 0.7581469416618347]"
1417,0,49.08%,84.56%,0.0008,"[0.999104917049408, 0.0008950876072049141]"
1418,1,49.12%,84.57%,0.0477,"[0.04540052264928818, 0.9545994997024536]"
1419,0,49.08%,84.58%,0.0191,"[0.9722161889076233, 0.027783770114183426]"
1420,0,49.05%,84.59%,0.0013,"[0.9986617565155029, 0.0013382489560171962]"
1421,1,49.09%,84.60%,0.0415,"[0.040039680898189545, 0.959960401058197]"
1422,0,49.05%,84.61%,0.0020,"[0.9978585839271545, 0.0021414184011518955]"
1423,1,49.09%,84.62%,0.0438,"[0.04099498689174652, 0.9590050578117371]"
1424,0,49.05%,84.56%,2.6225,"[0.10206739604473114, 0.8979325294494629]"
1425,0,49.02%,84.57%,0.0011,"[0.9989153146743774, 0.0010847289813682437]"
1426,1,49.05%,84.58%,0.0408,"[0.03272121399641037, 0.967278778553009]"
1427,1,49.09%,84.59%,0.0382,"[0.03784104064106941, 0.9621589779853821]"
1428,1,49.13%,84.60%,0.0829,"[0.04703574255108833, 0.9529642462730408]"
1429,0,49.09%,84.62%,0.0010,"[0.9990410208702087, 0.0009589663241058588]"
1430,0,49.06%,84.56%,2.2260,"[0.05221705138683319, 0.9477829337120056]"
1431,0,49.02%,84.57%,0.0008,"[0.9991663694381714, 0.0008337084436789155]"
1432,0,48.99%,84.58%,0.0013,"[0.9985717535018921, 0.0014282525517046452]"
1433,0,48.95%,84.59%,0.0007,"[0.9992662072181702, 0.0007338053546845913]"
1434,1,48.99%,84.60%,0.0562,"[0.07668084651231766, 0.9233191013336182]"
1435,1,49.03%,84.61%,0.0483,"[0.10026951134204865, 0.8997305631637573]"
1436,0,48.99%,84.62%,0.0013,"[0.9985960125923157, 0.0014039790257811546]"
1437,1,49.03%,84.63%,0.0570,"[0.04769827798008919, 0.9523017406463623]"
1438,0,48.99%,84.64%,0.0010,"[0.9991254210472107, 0.0008745709783397615]"
1439,0,48.96%,84.65%,0.0008,"[0.9992172718048096, 0.0007827022927813232]"
1440,0,48.92%,84.66%,0.0008,"[0.9992458820343018, 0.0007541332743130624]"
1441,0,48.89%,84.67%,0.0007,"[0.9992983341217041, 0.000701645971275866]"
1442,1,48.93%,84.68%,0.0754,"[0.03535360470414162, 0.9646463394165039]"
1443,1,48.96%,84.70%,0.1135,"[0.0780288577079773, 0.9219711422920227]"
1444,0,48.93%,84.71%,0.1948,"[0.9449893236160278, 0.055010613054037094]"
1445,0,48.89%,84.72%,0.0008,"[0.9992818236351013, 0.0007182385306805372]"
1446,1,48.93%,84.66%,3.1131,"[0.8803539276123047, 0.11964612454175949]"
1447,1,48.96%,84.67%,0.0434,"[0.03286178782582283, 0.9671382308006287]"
1448,1,49.00%,84.68%,0.4315,"[0.4017084240913391, 0.5982915759086609]"
1449,0,48.97%,84.69%,0.0007,"[0.9992724061012268, 0.0007276377291418612]"
1450,1,49.00%,84.70%,0.3975,"[0.29165276885032654, 0.7083472609519958]"
1451,1,49.04%,84.71%,0.1321,"[0.08253597468137741, 0.9174639582633972]"
1452,1,49.07%,84.72%,0.2558,"[0.04929167032241821, 0.9507083296775818]"
1453,1,49.11%,84.73%,0.0722,"[0.07661423832178116, 0.9233857989311218]"
1454,0,49.07%,84.74%,0.0018,"[0.9983195662498474, 0.0016804649494588375]"
1455,1,49.11%,84.75%,0.0710,"[0.055311527103185654, 0.9446884989738464]"
1456,1,49.14%,84.76%,0.0236,"[0.02389354445040226, 0.9761064648628235]"
1457,1,49.18%,84.77%,0.0301,"[0.02256425842642784, 0.9774357676506042]"
1458,0,49.14%,84.78%,0.0012,"[0.998980700969696, 0.001019272138364613]"
1459,1,49.18%,84.79%,0.0214,"[0.024853873997926712, 0.9751461744308472]"
1460,0,49.14%,84.80%,0.0010,"[0.9989769458770752, 0.001023056567646563]"
1461,1,49.18%,84.82%,0.0292,"[0.024973152205348015, 0.9750267863273621]"
1462,0,49.15%,84.83%,0.0015,"[0.9976235032081604, 0.00237648724578321]"
1463,0,49.11%,84.84%,0.0049,"[0.9965810179710388, 0.0034190008882433176]"
1464,0,49.08%,84.78%,3.7334,"[0.024895625188946724, 0.9751043319702148]"
1465,1,49.11%,84.79%,0.0253,"[0.025898683816194534, 0.9741013050079346]"
1466,0,49.08%,84.80%,0.0039,"[0.9964901804924011, 0.0035097680520266294]"
1467,0,49.05%,84.81%,0.0100,"[0.9957506656646729, 0.004249262623488903]"
1468,1,49.08%,84.82%,0.0193,"[0.018816910684108734, 0.9811830520629883]"
1469,0,49.05%,84.83%,0.0018,"[0.9980269074440002, 0.0019730133935809135]"
1470,1,49.08%,84.84%,0.0253,"[0.026840418577194214, 0.9731595516204834]"
1471,0,49.05%,84.78%,1.8242,"[0.21346011757850647, 0.7865398526191711]"
1472,0,49.02%,84.79%,0.0042,"[0.9974918365478516, 0.0025081303901970387]"
1473,1,49.05%,84.80%,0.0292,"[0.03170746937394142, 0.9682925343513489]"
1474,1,49.08%,84.81%,0.0340,"[0.03268333151936531, 0.9673166871070862]"
1475,0,49.05%,84.82%,0.0194,"[0.9893675446510315, 0.010632478632032871]"
1476,0,49.02%,84.83%,0.0028,"[0.9971798658370972, 0.002820094581693411]"
1477,0,48.99%,84.84%,0.0021,"[0.9986667633056641, 0.0013332925736904144]"
1478,1,49.02%,84.85%,0.0314,"[0.03250753879547119, 0.9674925208091736]"
1479,1,49.05%,84.86%,0.0323,"[0.03172602131962776, 0.9682739973068237]"
1480,1,49.09%,84.88%,0.0380,"[0.03496093302965164, 0.965039074420929]"
1481,0,49.06%,84.82%,3.3362,"[0.034437865018844604, 0.9655621647834778]"
1482,0,49.02%,84.76%,3.3056,"[0.03611210361123085, 0.9638878703117371]"
1483,0,48.99%,84.77%,0.0029,"[0.9987678527832031, 0.0012321738759055734]"
1484,0,48.96%,84.71%,2.4885,"[0.055764056742191315, 0.9442359209060669]"
1485,1,48.99%,84.72%,0.1610,"[0.09514056146144867, 0.9048594236373901]"
1486,0,48.96%,84.73%,0.0010,"[0.9991776347160339, 0.0008223173790611327]"
1487,1,48.99%,84.74%,0.0581,"[0.07301373034715652, 0.9269862174987793]"
1488,0,48.96%,84.75%,0.0026,"[0.997858464717865, 0.002141510136425495]"
1489,0,48.93%,84.70%,2.5477,"[0.08127134293317795, 0.9187286496162415]"
1490,0,48.89%,84.64%,1.9837,"[0.16117897629737854, 0.8388210535049438]"
1491,0,48.86%,84.65%,0.0020,"[0.9975720047950745, 0.0024280305951833725]"
1492,1,48.89%,84.66%,0.0891,"[0.07314688712358475, 0.9268530607223511]"
1493,1,48.93%,84.67%,0.0557,"[0.04784000292420387, 0.9521600604057312]"
1494,1,48.96%,84.68%,0.0516,"[0.05891534313559532, 0.941084623336792]"
1495,0,48.93%,84.69%,0.0008,"[0.9992372989654541, 0.0007626953884027898]"
1496,1,48.96%,84.70%,0.1133,"[0.09892250597476959, 0.9010775089263916]"
1497,0,48.93%,84.71%,0.0010,"[0.9988577365875244, 0.0011422231327742338]"
1498,1,48.97%,84.72%,0.1817,"[0.13949184119701385, 0.8605082035064697]"
1499,1,49.00%,84.73%,1.1435,"[0.47674787044525146, 0.5232520699501038]"
1500,1,49.03%,84.74%,0.0886,"[0.05388186499476433, 0.9461181163787842]"
1501,1,49.07%,84.75%,0.1148,"[0.11250433325767517, 0.8874956369400024]"
1502,1,49.10%,84.76%,0.0549,"[0.06085256114602089, 0.9391474723815918]"
1503,1,49.14%,84.77%,0.1063,"[0.10032031685113907, 0.8996796607971191]"
1504,0,49.10%,84.78%,0.0012,"[0.9988670349121094, 0.0011329925619065762]"
1505,0,49.07%,84.79%,0.0019,"[0.997655987739563, 0.002344030886888504]"
1506,1,49.10%,84.80%,0.0894,"[0.11803402006626129, 0.8819659948348999]"
1507,1,49.14%,84.81%,0.1205,"[0.12043354660272598, 0.8795664310455322]"
1508,1,49.17%,84.82%,0.0976,"[0.09385998547077179, 0.9061400890350342]"
1509,0,49.14%,84.83%,0.0014,"[0.9987302422523499, 0.0012697101337835193]"
1510,0,49.11%,84.78%,2.4325,"[0.07132043689489365, 0.9286795258522034]"
1511,0,49.07%,84.79%,0.0386,"[0.9764143228530884, 0.023585684597492218]"
1512,0,49.04%,84.80%,0.0015,"[0.9986175298690796, 0.0013824919005855918]"
1513,0,49.01%,84.81%,0.0016,"[0.9974505305290222, 0.002549506723880768]"
1514,1,49.04%,84.82%,0.1245,"[0.11640679091215134, 0.8835932612419128]"
1515,1,49.08%,84.83%,0.0908,"[0.060064647346735, 0.9399353265762329]"
1516,1,49.11%,84.84%,0.1493,"[0.0720871314406395, 0.9279128909111023]"
1517,1,49.14%,84.85%,0.0492,"[0.0459384061396122, 0.9540616273880005]"
1518,0,49.11%,84.86%,0.0039,"[0.9960821270942688, 0.0039178854785859585]"
1519,0,49.08%,84.87%,0.0019,"[0.9980623126029968, 0.0019376921700313687]"
1520,1,49.11%,84.88%,0.3273,"[0.15057121217250824, 0.8494287729263306]"
1521,0,49.08%,84.89%,0.0089,"[0.9934657216072083, 0.006534235551953316]"
1522,1,49.11%,84.90%,0.0454,"[0.041542958468198776, 0.9584570527076721]"
1523,1,49.15%,84.91%,0.0334,"[0.030544864013791084, 0.9694551229476929]"
1524,1,49.18%,84.92%,0.0290,"[0.031180553138256073, 0.9688193798065186]"
1525,1,49.21%,84.93%,0.0320,"[0.039431482553482056, 0.9605684876441956]"
1526,1,49.25%,84.94%,0.0468,"[0.05190098658204079, 0.9480989575386047]"
1527,0,49.21%,84.95%,0.0022,"[0.9973758459091187, 0.002624162705615163]"
1528,1,49.25%,84.96%,0.0478,"[0.0431201234459877, 0.9568798542022705]"
1529,1,49.28%,84.97%,0.0298,"[0.027427086606621742, 0.972572922706604]"
1530,1,49.31%,84.98%,0.0204,"[0.020816467702388763, 0.9791836142539978]"
1531,0,49.28%,84.99%,0.0075,"[0.9938848614692688, 0.006115152034908533]"
1532,0,49.25%,85.00%,0.0257,"[0.9686023592948914, 0.031397607177495956]"
1533,1,49.28%,85.01%,0.0578,"[0.04487035050988197, 0.9551296830177307]"
1534,0,49.25%,84.95%,2.9329,"[0.0845380574464798, 0.9154618978500366]"
1535,0,49.22%,84.96%,0.0023,"[0.9980080723762512, 0.0019918896723538637]"
1536,0,49.19%,84.97%,0.0042,"[0.9925605058670044, 0.0074395653791725636]"
1537,1,49.22%,84.98%,0.0241,"[0.01985635608434677, 0.9801436066627502]"
1538,0,49.19%,84.99%,0.0017,"[0.9975448250770569, 0.0024551760870963335]"
1539,0,49.16%,85.00%,0.0035,"[0.996547281742096, 0.0034527687821537256]"
1540,0,49.12%,84.94%,3.3129,"[0.030811995267868042, 0.9691879749298096]"
1541,1,49.16%,84.95%,0.0246,"[0.02318723313510418, 0.9768127202987671]"
1542,1,49.19%,84.96%,0.0242,"[0.023077433928847313, 0.9769225120544434]"
1543,0,49.16%,84.91%,2.1513,"[0.07791469991207123, 0.9220852851867676]"
1544,1,49.19%,84.92%,0.0352,"[0.036171551793813705, 0.9638285040855408]"
1545,1,49.22%,84.93%,0.1238,"[0.06959229707717896, 0.930407702922821]"
1546,1,49.26%,84.94%,0.0378,"[0.034893132746219635, 0.9651067852973938]"
1547,0,49.22%,84.95%,0.0010,"[0.9987894892692566, 0.001210566028021276]"
1548,1,49.26%,84.96%,0.0708,"[0.09109874069690704, 0.9089012742042542]"
1549,0,49.23%,84.97%,0.0007,"[0.9992358684539795, 0.0007641689735464752]"
1550,0,49.19%,84.91%,3.0802,"[0.0431860014796257, 0.9568139314651489]"
1551,1,49.23%,84.92%,0.0435,"[0.05082675442099571, 0.9491732120513916]"
1552,1,49.26%,84.93%,0.1028,"[0.11261878162622452, 0.8873811960220337]"
1553,0,49.23%,84.94%,0.0010,"[0.9991233944892883, 0.000876638398040086]"
1554,0,49.20%,84.89%,3.0808,"[0.04265730455517769, 0.9573426842689514]"
1555,1,49.23%,84.90%,0.1052,"[0.06486115604639053, 0.9351388812065125]"
1556,0,49.20%,84.91%,0.0053,"[0.9947540760040283, 0.005245961248874664]"
1557,0,49.17%,84.92%,0.0022,"[0.9979378581047058, 0.002062128158286214]"
1558,0,49.13%,84.93%,0.0010,"[0.9991297125816345, 0.0008703546482138336]"
1559,0,49.10%,84.94%,0.0008,"[0.9990020394325256, 0.0009979193564504385]"
1560,1,49.14%,84.95%,0.0682,"[0.06185763329267502, 0.9381423592567444]"
1561,1,49.17%,84.96%,0.0501,"[0.06422410160303116, 0.9357759356498718]"
1562,0,49.14%,84.96%,0.0013,"[0.9980071187019348, 0.0019929385744035244]"
1563,0,49.10%,84.97%,0.0017,"[0.9975870847702026, 0.002412962494418025]"
1564,0,49.07%,84.98%,0.0011,"[0.9983920454978943, 0.0016079165507107973]"
1565,0,49.04%,84.99%,0.0014,"[0.9986697435379028, 0.0013302343431860209]"
1566,1,49.07%,85.00%,0.0368,"[0.0358697772026062, 0.9641302227973938]"
1567,0,49.04%,85.01%,0.0011,"[0.9990177154541016, 0.0009822427527979016]"
1568,0,49.01%,85.02%,0.0021,"[0.9981805086135864, 0.0018195543671026826]"
1569,0,48.98%,85.03%,0.0015,"[0.9981327652931213, 0.0018672175938263535]"
1570,0,48.95%,84.98%,2.5252,"[0.08744943886995316, 0.9125505089759827]"
1571,0,48.92%,84.92%,1.4239,"[0.16513711214065552, 0.8348628878593445]"
1572,0,48.89%,84.93%,0.0012,"[0.9983080625534058, 0.001691982033662498]"
1573,0,48.86%,84.88%,0.2621,"[0.46645447611808777, 0.5335454940795898]"
1574,0,48.83%,84.89%,0.0009,"[0.998788058757782, 0.001211938913911581]"
1575,0,48.79%,84.90%,0.0007,"[0.9992745518684387, 0.0007254435331560671]"
1576,1,48.83%,84.91%,0.0529,"[0.054461680352687836, 0.945538341999054]"
1577,0,48.80%,84.92%,0.0012,"[0.9986116886138916, 0.001388277974911034]"
1578,1,48.83%,84.93%,0.3994,"[0.27053022384643555, 0.7294697761535645]"
1579,0,48.80%,84.94%,0.0008,"[0.999222993850708, 0.0007769468356855214]"
1580,1,48.83%,84.95%,0.1063,"[0.1073102205991745, 0.8926898241043091]"
1581,0,48.80%,84.96%,0.0007,"[0.9992293119430542, 0.0007706598844379187]"
1582,0,48.77%,84.97%,0.0008,"[0.9991853833198547, 0.0008145812316797674]"
1583,0,48.74%,84.97%,0.0008,"[0.9991470575332642, 0.0008529855404049158]"
1584,0,48.71%,84.98%,0.0009,"[0.9990277290344238, 0.0009722191607579589]"
1585,0,48.68%,84.99%,0.1917,"[0.6046972274780273, 0.39530280232429504]"
1586,0,48.65%,85.00%,0.0017,"[0.9987276196479797, 0.0012723433319479227]"
1587,0,48.61%,84.95%,0.4853,"[0.3678363561630249, 0.6321636438369751]"
1588,1,48.65%,84.96%,0.6233,"[0.41997113823890686, 0.5800288319587708]"
1589,1,48.68%,84.97%,0.2334,"[0.1379941999912262, 0.8620058298110962]"
1590,1,48.71%,84.98%,0.1376,"[0.1402609646320343, 0.8597390651702881]"
1591,0,48.68%,84.99%,0.0007,"[0.9992185831069946, 0.0007814252749085426]"
1592,0,48.65%,85.00%,0.0007,"[0.9993384480476379, 0.0006614890298806131]"
1593,0,48.62%,85.01%,0.0006,"[0.9993447661399841, 0.000655239331535995]"
1594,1,48.65%,85.02%,0.0551,"[0.054111599922180176, 0.9458884596824646]"
1595,0,48.62%,85.03%,0.0640,"[0.7377046346664429, 0.2622953951358795]"
1596,0,48.59%,84.97%,1.5277,"[0.24380311369895935, 0.756196916103363]"
1597,0,48.56%,84.98%,0.0012,"[0.9985988736152649, 0.001401115907356143]"
1598,1,48.59%,84.93%,0.9069,"[0.663060188293457, 0.3369397521018982]"
1599,0,48.56%,84.94%,0.0008,"[0.9991543292999268, 0.0008456376963295043]"
1600,0,48.53%,84.95%,0.2102,"[0.9577963948249817, 0.04220360144972801]"
1601,1,48.56%,84.96%,0.2180,"[0.1607668101787567, 0.8392331600189209]"
1602,1,48.60%,84.97%,0.0774,"[0.08610810339450836, 0.9138918519020081]"
1603,0,48.57%,84.98%,0.0006,"[0.9994076490402222, 0.0005923191783949733]"
1604,1,48.60%,84.98%,0.1375,"[0.1672109216451645, 0.8327891230583191]"
1605,1,48.63%,84.99%,1.9171,"[0.29442089796066284, 0.7055791020393372]"
1606,1,48.66%,85.00%,0.2502,"[0.27773982286453247, 0.7222601771354675]"
1607,0,48.63%,85.01%,0.0007,"[0.9993719458580017, 0.0006281179958023131]"
1608,0,48.60%,85.02%,0.0008,"[0.9991949200630188, 0.0008051148615777493]"
1609,1,48.63%,85.03%,0.0668,"[0.04699745774269104, 0.9530025720596313]"
1610,1,48.67%,85.04%,0.0501,"[0.035018984228372574, 0.9649810194969177]"
1611,1,48.70%,85.05%,0.0411,"[0.03517221286892891, 0.9648277163505554]"
1612,0,48.67%,85.06%,0.0011,"[0.9988424181938171, 0.0011575911194086075]"
1613,0,48.64%,85.01%,1.3976,"[0.16846013069152832, 0.8315398693084717]"
1614,1,48.67%,85.02%,0.0307,"[0.034102655947208405, 0.9658973813056946]"
1615,0,48.64%,85.02%,0.0010,"[0.9990932941436768, 0.0009066581260412931]"
1616,0,48.61%,85.03%,0.0010,"[0.9991787075996399, 0.00082125433254987]"
1617,1,48.64%,85.04%,0.0401,"[0.03667605295777321, 0.9633240103721619]"
1618,0,48.61%,85.05%,0.0010,"[0.9988988637924194, 0.0011011568130925298]"
1619,0,48.58%,85.06%,0.0008,"[0.9991469383239746, 0.0008529956103302538]"
1620,0,48.55%,85.07%,0.0024,"[0.9986226558685303, 0.0013773002428933978]"
1621,1,48.58%,85.08%,0.0661,"[0.058049265295267105, 0.9419507384300232]"
1622,1,48.61%,85.09%,0.0520,"[0.04906382039189339, 0.9509361386299133]"
1623,1,48.65%,85.10%,0.0481,"[0.03974904119968414, 0.9602509140968323]"
1624,1,48.68%,85.11%,0.0545,"[0.044967032968997955, 0.9550328850746155]"
1625,0,48.65%,85.12%,0.0007,"[0.9992111921310425, 0.0007888340624049306]"
1626,1,48.68%,85.13%,0.0379,"[0.03381310775876045, 0.9661869406700134]"
1627,0,48.65%,85.14%,0.8305,"[0.6693161725997925, 0.33068379759788513]"
1628,0,48.62%,85.14%,0.0013,"[0.9983645081520081, 0.0016355384141206741]"
1629,1,48.65%,85.15%,0.0429,"[0.04369864985346794, 0.9563012719154358]"
1630,0,48.62%,85.16%,0.0010,"[0.9992052912712097, 0.0007947861449792981]"
1631,1,48.65%,85.17%,0.0261,"[0.0376259982585907, 0.9623739719390869]"
1632,1,48.68%,85.18%,0.0225,"[0.02246728725731373, 0.977532684803009]"
1633,0,48.65%,85.13%,3.1059,"[0.04409274086356163, 0.9559072256088257]"
1634,1,48.69%,85.14%,0.0417,"[0.039261844009160995, 0.9607381224632263]"
1635,1,48.72%,85.15%,0.0321,"[0.03673814982175827, 0.9632618427276611]"
1636,0,48.69%,85.16%,0.5870,"[0.8536750674247742, 0.14632493257522583]"
1637,1,48.72%,85.16%,0.1179,"[0.07731132209300995, 0.9226886034011841]"
1638,1,48.75%,85.17%,0.0421,"[0.14550244808197021, 0.854497492313385]"
1639,1,48.78%,85.18%,0.0342,"[0.02787928283214569, 0.9721207618713379]"
1640,0,48.75%,85.19%,0.0018,"[0.999000608921051, 0.0009994164574891329]"
1641,0,48.72%,85.20%,0.0008,"[0.9992258548736572, 0.0007741742883808911]"
1642,0,48.69%,85.21%,0.0006,"[0.9993108510971069, 0.000689170032273978]"
1643,0,48.66%,85.22%,0.0012,"[0.998988926410675, 0.0010110369184985757]"
1644,1,48.69%,85.23%,0.0617,"[0.05835675448179245, 0.941643238067627]"
1645,0,48.66%,85.24%,0.0007,"[0.9992449283599854, 0.0007550835725851357]"
1646,0,48.63%,85.25%,0.0012,"[0.9992620348930359, 0.0007379252347163856]"
1647,0,48.60%,85.25%,0.0007,"[0.999230146408081, 0.0007699119742028415]"
1648,0,48.57%,85.26%,0.0007,"[0.998988687992096, 0.0010112730087712407]"
1649,1,48.61%,85.27%,0.0848,"[0.18840838968753815, 0.811591625213623]"
1650,1,48.64%,85.28%,0.0302,"[0.04024970903992653, 0.9597502946853638]"
1651,0,48.61%,85.29%,0.0006,"[0.9994571805000305, 0.0005428403965197504]"
1652,1,48.64%,85.30%,0.0384,"[0.04446044936776161, 0.9555395245552063]"
1653,0,48.61%,85.31%,0.0007,"[0.999370276927948, 0.0006297904183156788]"
1654,1,48.64%,85.26%,0.4319,"[0.5450618267059326, 0.45493820309638977]"
1655,0,48.61%,85.27%,0.0009,"[0.9992784857749939, 0.0007215160294435918]"
1656,1,48.64%,85.27%,0.0441,"[0.03936062008142471, 0.9606394171714783]"
1657,1,48.67%,85.28%,0.0379,"[0.030968522652983665, 0.9690314531326294]"
1658,1,48.70%,85.29%,0.0236,"[0.023649172857403755, 0.9763508439064026]"
1659,0,48.67%,85.30%,0.0025,"[0.9986119270324707, 0.0013880565529689193]"
1660,1,48.71%,85.31%,0.0269,"[0.027029672637581825, 0.9729703664779663]"
1661,0,48.68%,85.32%,0.0017,"[0.9986571073532104, 0.0013428297825157642]"
1662,1,48.71%,85.33%,0.0552,"[0.0619753897190094, 0.938024640083313]"
1663,0,48.68%,85.34%,0.0011,"[0.9988849759101868, 0.0011150807840749621]"
1664,1,48.71%,85.35%,0.0265,"[0.02752073109149933, 0.9724792838096619]"
1665,0,48.68%,85.35%,0.0009,"[0.999077320098877, 0.000922712788451463]"
1666,1,48.71%,85.36%,0.0177,"[0.03331519663333893, 0.9666847586631775]"
1667,0,48.68%,85.31%,1.8019,"[0.2902332544326782, 0.7097667455673218]"
1668,0,48.65%,85.32%,0.0013,"[0.997733473777771, 0.0022665250580757856]"
1669,1,48.68%,85.33%,0.0412,"[0.047481514513492584, 0.9525184631347656]"
1670,0,48.65%,85.28%,0.8623,"[0.11153364926576614, 0.8884663581848145]"
1671,1,48.68%,85.29%,0.1712,"[0.1221909373998642, 0.8778089880943298]"
1672,1,48.71%,85.30%,0.0197,"[0.024051455780863762, 0.9759485721588135]"
1673,1,48.75%,85.30%,0.0271,"[0.02909933775663376, 0.9709006547927856]"
1674,0,48.72%,85.31%,0.0014,"[0.9987637996673584, 0.001236200681887567]"
1675,1,48.75%,85.32%,0.0294,"[0.03143266588449478, 0.9685673713684082]"
1676,0,48.72%,85.33%,0.0031,"[0.9900054335594177, 0.009994595311582088]"
1677,0,48.69%,85.34%,0.0013,"[0.9984820485115051, 0.0015179833862930536]"
1678,1,48.72%,85.35%,0.0345,"[0.023888183757662773, 0.9761117696762085]"
1679,1,48.75%,85.36%,0.0196,"[0.02047679014503956, 0.9795231819152832]"
1680,1,48.78%,85.37%,0.0216,"[0.02130383811891079, 0.9786961078643799]"
1681,0,48.75%,85.37%,0.0059,"[0.997836172580719, 0.0021638956386595964]"
1682,0,48.72%,85.38%,0.0026,"[0.9979895353317261, 0.002010481897741556]"
1683,1,48.75%,85.39%,0.0186,"[0.020790964365005493, 0.9792090654373169]"
1684,0,48.72%,85.34%,3.5161,"[0.02646649442613125, 0.9735335111618042]"
1685,0,48.70%,85.35%,0.0009,"[0.9984748959541321, 0.001525098574347794]"
1686,0,48.67%,85.30%,2.1988,"[0.0696922168135643, 0.9303078055381775]"
1687,1,48.70%,85.31%,0.0296,"[0.029702719300985336, 0.9702972769737244]"
1688,0,48.67%,85.32%,0.0009,"[0.9990455508232117, 0.0009543915512040257]"
1689,0,48.64%,85.27%,3.4423,"[0.04015570878982544, 0.9598442912101746]"
1690,1,48.67%,85.27%,0.0377,"[0.028691746294498444, 0.9713082909584045]"
1691,0,48.64%,85.28%,0.0006,"[0.9994538426399231, 0.0005461684777401388]"
1692,0,48.61%,85.29%,0.0006,"[0.9992867112159729, 0.0007133272010833025]"
1693,0,48.58%,85.30%,0.0010,"[0.9984303116798401, 0.0015696445479989052]"
1694,1,48.61%,85.31%,0.0365,"[0.0848497599363327, 0.9151501655578613]"
1695,1,48.64%,85.32%,0.0560,"[0.05548640713095665, 0.9445136189460754]"
1696,0,48.62%,85.27%,2.6676,"[0.06602064520120621, 0.933979332447052]"
1697,0,48.59%,85.22%,1.0232,"[0.42055800557136536, 0.579442024230957]"
1698,0,48.56%,85.23%,0.0008,"[0.9992616772651672, 0.0007382818148471415]"
1699,1,48.59%,85.24%,0.0379,"[0.06117057800292969, 0.9388294219970703]"
1700,0,48.56%,85.24%,0.0013,"[0.9992964267730713, 0.0007035310845822096]"
1701,1,48.59%,85.25%,0.1169,"[0.12365836650133133, 0.8763416409492493]"
1702,1,48.62%,85.26%,0.0788,"[0.07496640831232071, 0.9250336289405823]"
1703,1,48.65%,85.21%,2.2535,"[0.9063858985900879, 0.09361409395933151]"
1704,1,48.68%,85.22%,0.0564,"[0.060120485723018646, 0.9398795366287231]"
1705,1,48.71%,85.23%,0.4089,"[0.42035946249961853, 0.5796405673027039]"
1706,1,48.74%,85.18%,0.6979,"[0.882581889629364, 0.11741815507411957]"
1707,1,48.77%,85.19%,0.0652,"[0.05110611021518707, 0.9488938450813293]"
1708,1,48.80%,85.20%,0.0541,"[0.06444688886404037, 0.9355531334877014]"
1709,0,48.77%,85.20%,0.1568,"[0.9769212603569031, 0.023078693076968193]"
1710,0,48.74%,85.21%,0.0006,"[0.9993343949317932, 0.0006655906327068806]"
1711,1,48.77%,85.22%,0.1019,"[0.10634105652570724, 0.8936589956283569]"
1712,0,48.74%,85.17%,2.4732,"[0.07173612713813782, 0.9282638430595398]"
1713,0,48.72%,85.12%,1.0651,"[0.2675822079181671, 0.7324177622795105]"
1714,1,48.75%,85.13%,0.0720,"[0.06636656075716019, 0.9336334466934204]"
1715,1,48.78%,85.14%,0.1026,"[0.10313219577074051, 0.8968678116798401]"
1716,0,48.75%,85.15%,0.0006,"[0.999414324760437, 0.0005857445648871362]"
1717,0,48.72%,85.16%,0.0007,"[0.9993498921394348, 0.000650143891107291]"
1718,1,48.75%,85.11%,0.6658,"[0.7283422350883484, 0.271657794713974]"
1719,0,48.72%,85.12%,0.0006,"[0.9994254112243652, 0.0005746440729126334]"
1720,0,48.69%,85.12%,0.0504,"[0.9816731214523315, 0.01832687482237816]"
1721,1,48.72%,85.13%,0.0930,"[0.05617364123463631, 0.9438263773918152]"
1722,1,48.75%,85.14%,0.0364,"[0.03664303943514824, 0.9633569717407227]"
1723,0,48.72%,85.15%,0.0008,"[0.9988399147987366, 0.0011601665755733848]"
1724,0,48.70%,85.16%,0.0007,"[0.9993552565574646, 0.0006447824998758733]"
1725,1,48.73%,85.17%,0.1138,"[0.08639193326234818, 0.9136080741882324]"
1726,0,48.70%,85.12%,2.8200,"[0.05877659469842911, 0.9412233829498291]"
1727,1,48.73%,85.13%,0.0739,"[0.07017096132040024, 0.9298290610313416]"
1728,0,48.70%,85.08%,2.3935,"[0.08044397085905075, 0.9195560812950134]"
1729,1,48.73%,85.09%,0.0799,"[0.09261472523212433, 0.9073852896690369]"
1730,1,48.76%,85.10%,0.0227,"[0.03387453779578209, 0.9661254286766052]"
1731,0,48.73%,85.10%,0.0013,"[0.9987292885780334, 0.0012706635752692819]"
1732,1,48.76%,85.11%,0.0710,"[0.13943330943584442, 0.8605666756629944]"
1733,1,48.79%,85.12%,0.0437,"[0.04327116161584854, 0.9567288160324097]"
1734,1,48.82%,85.13%,0.1104,"[0.13573502004146576, 0.8642650246620178]"
1735,0,48.79%,85.14%,0.0016,"[0.9980419874191284, 0.001957927830517292]"
1736,0,48.76%,85.15%,0.0008,"[0.9988898634910583, 0.0011101734125986695]"
1737,0,48.73%,85.16%,0.0013,"[0.9984906911849976, 0.0015092402463778853]"
1738,1,48.76%,85.16%,0.1980,"[0.12664885818958282, 0.8733511567115784]"
1739,0,48.74%,85.17%,0.1639,"[0.6867268085479736, 0.31327325105667114]"
1740,1,48.77%,85.18%,0.0441,"[0.03111361712217331, 0.9688864350318909]"
1741,1,48.79%,85.19%,0.1550,"[0.1704884171485901, 0.8295115232467651]"
1742,1,48.82%,85.20%,0.1484,"[0.11776555329561234, 0.8822344541549683]"
1743,0,48.80%,85.21%,0.0197,"[0.9051718711853027, 0.09482813626527786]"
1744,1,48.83%,85.21%,0.0472,"[0.03627119958400726, 0.9637288451194763]"
1745,1,48.85%,85.22%,0.0306,"[0.0298040471971035, 0.9701959490776062]"
1746,0,48.83%,85.23%,0.0007,"[0.9993396401405334, 0.0006603917572647333]"
1747,0,48.80%,85.24%,0.0007,"[0.999298095703125, 0.0007018743199296296]"
1748,0,48.77%,85.25%,0.0008,"[0.9990977048873901, 0.0009023065213114023]"
1749,0,48.74%,85.20%,2.4043,"[0.08820156753063202, 0.9117984771728516]"
1750,1,48.77%,85.21%,0.0524,"[0.049132149666547775, 0.9508678913116455]"
1751,1,48.80%,85.22%,0.0257,"[0.02833273634314537, 0.9716672897338867]"
1752,1,48.83%,85.23%,0.0383,"[0.0375339612364769, 0.9624660611152649]"
1753,0,48.80%,85.18%,3.2030,"[0.044933270663022995, 0.9550667405128479]"
1754,1,48.83%,85.19%,0.0526,"[0.052989643067121506, 0.947010338306427]"
1755,0,48.80%,85.19%,0.0006,"[0.9994039535522461, 0.000596067460719496]"
1756,0,48.78%,85.20%,0.0008,"[0.9994224309921265, 0.0005776315811090171]"
1757,0,48.75%,85.21%,0.0006,"[0.9993483424186707, 0.0006516354624181986]"
1758,1,48.78%,85.22%,0.0338,"[0.04849981144070625, 0.9515001773834229]"
1759,1,48.81%,85.23%,0.0371,"[0.03658665344119072, 0.963413417339325]"
1760,0,48.78%,85.24%,0.0020,"[0.998281717300415, 0.0017182709416374564]"
1761,1,48.81%,85.24%,0.1884,"[0.20605462789535522, 0.7939454317092896]"
1762,0,48.78%,85.25%,0.0068,"[0.9979389309883118, 0.0020610459614545107]"
1763,0,48.75%,85.26%,0.0006,"[0.9993140697479248, 0.0006859252462163568]"
1764,0,48.73%,85.27%,0.0006,"[0.9994503855705261, 0.0005495537770912051]"
1765,0,48.70%,85.22%,2.9298,"[0.0519108921289444, 0.9480891227722168]"
1766,1,48.73%,85.23%,0.0322,"[0.03245393559336662, 0.9675460457801819]"
1767,1,48.76%,85.24%,0.1479,"[0.07622470706701279, 0.923775315284729]"
1768,1,48.78%,85.25%,0.0451,"[0.03997379541397095, 0.960026204586029]"
1769,0,48.76%,85.25%,0.0005,"[0.9994428753852844, 0.0005571024375967681]"
1770,1,48.79%,85.26%,0.0456,"[0.04367820918560028, 0.9563217759132385]"
1771,1,48.81%,85.27%,0.0515,"[0.047743067145347595, 0.9522568583488464]"
1772,0,48.79%,85.22%,2.9613,"[0.06357616931200027, 0.9364237785339355]"
1773,1,48.82%,85.23%,0.0726,"[0.1721055954694748, 0.8278944492340088]"
1774,1,48.85%,85.24%,0.0659,"[0.0734320655465126, 0.9265679717063904]"
1775,1,48.87%,85.25%,0.2772,"[0.06334220618009567, 0.9366577863693237]"
1776,0,48.85%,85.26%,0.0067,"[0.9973764419555664, 0.0026236288249492645]"
1777,0,48.82%,85.26%,0.0017,"[0.9990010857582092, 0.0009989476529881358]"
1778,0,48.79%,85.27%,0.0028,"[0.9968957901000977, 0.0031041898764669895]"
1779,0,48.76%,85.22%,2.9130,"[0.05645808205008507, 0.9435418844223022]"
1780,0,48.74%,85.23%,0.0157,"[0.9501170516014099, 0.0498829185962677]"
1781,0,48.71%,85.19%,2.7748,"[0.06110451743006706, 0.9388955235481262]"
1782,1,48.74%,85.19%,0.0744,"[0.05282745137810707, 0.9471725225448608]"
1783,1,48.77%,85.20%,0.0810,"[0.07885683327913284, 0.9211432337760925]"
1784,0,48.74%,85.21%,0.0105,"[0.9875576496124268, 0.012442327104508877]"
1785,0,48.71%,85.16%,2.4004,"[0.09426967054605484, 0.9057303071022034]"
1786,1,48.74%,85.17%,0.0992,"[0.10809718072414398, 0.8919028043746948]"
1787,1,48.77%,85.18%,0.0942,"[0.08291693776845932, 0.9170830249786377]"
1788,0,48.74%,85.19%,0.0082,"[0.9941465854644775, 0.005853402893990278]"
1789,1,48.77%,85.20%,0.1485,"[0.12486015260219574, 0.8751398324966431]"
1790,0,48.74%,85.20%,0.0016,"[0.9978589415550232, 0.0021410700865089893]"
1791,0,48.72%,85.21%,0.0017,"[0.9979776740074158, 0.0020223890896886587]"
1792,0,48.69%,85.22%,0.0015,"[0.9976922273635864, 0.00230783992446959]"
1793,0,48.66%,85.23%,0.0017,"[0.9939373731613159, 0.00606262031942606]"
1794,0,48.64%,85.24%,0.0009,"[0.9991704225540161, 0.0008296576561406255]"
1795,0,48.61%,85.24%,0.0010,"[0.9985912442207336, 0.0014086979208514094]"
1796,1,48.64%,85.25%,0.1497,"[0.1725749522447586, 0.8274250626564026]"
1797,1,48.67%,85.26%,0.1596,"[0.10768716782331467, 0.8923128247261047]"
1798,0,48.64%,85.27%,0.0234,"[0.9764373898506165, 0.0235626008361578]"
1799,1,48.67%,85.28%,0.1471,"[0.13495968282222748, 0.8650403022766113]"
1800,0,48.64%,85.23%,2.3560,"[0.10353139042854309, 0.8964685797691345]"
1801,1,48.67%,85.24%,0.0914,"[0.09039883315563202, 0.9096012115478516]"
1802,1,48.70%,85.25%,0.0602,"[0.08860436081886292, 0.9113956689834595]"
1803,0,48.67%,85.20%,1.5061,"[0.06316614151000977, 0.9368338584899902]"
1804,0,48.64%,85.21%,0.0024,"[0.9841365814208984, 0.01586342602968216]"
1805,1,48.67%,85.22%,0.2856,"[0.09131047874689102, 0.9086894989013672]"
1806,1,48.70%,85.22%,0.0707,"[0.35164961218833923, 0.6483504176139832]"
1807,0,48.67%,85.23%,0.0006,"[0.9994558691978455, 0.0005441491957753897]"
1808,1,48.70%,85.24%,0.0488,"[0.07434920221567154, 0.9256508350372314]"
1809,0,48.67%,85.25%,0.0007,"[0.999355137348175, 0.0006449162610806525]"
1810,0,48.65%,85.26%,0.0018,"[0.9987682700157166, 0.0012317049549892545]"
1811,1,48.68%,85.26%,0.1735,"[0.14661379158496857, 0.8533862233161926]"
1812,0,48.65%,85.27%,0.0019,"[0.9988096952438354, 0.0011902614496648312]"
1813,0,48.62%,85.28%,0.0009,"[0.9989908337593079, 0.001009173458442092]"
1814,1,48.65%,85.29%,0.1175,"[0.10419193655252457, 0.8958080410957336]"
1815,1,48.68%,85.30%,0.0773,"[0.09243512153625488, 0.9075649380683899]"
1816,0,48.65%,85.31%,0.0019,"[0.9983416795730591, 0.001658277353271842]"
1817,1,48.68%,85.31%,0.0662,"[0.07136105000972748, 0.9286389350891113]"
1818,0,48.65%,85.32%,0.0013,"[0.9962020516395569, 0.003797973971813917]"
1819,1,48.68%,85.33%,0.0850,"[0.07657863199710846, 0.9234213829040527]"
1820,1,48.71%,85.34%,0.1028,"[0.10478594154119492, 0.8952140808105469]"
1821,1,48.74%,85.35%,0.0546,"[0.04860305413603783, 0.9513970017433167]"
1822,1,48.77%,85.35%,0.0636,"[0.059368036687374115, 0.9406319856643677]"
1823,0,48.74%,85.36%,0.0008,"[0.9991045594215393, 0.0008954475051723421]"
1824,1,48.77%,85.37%,0.0797,"[0.0809420496225357, 0.9190579652786255]"
1825,1,48.80%,85.38%,0.0526,"[0.05647788569331169, 0.9435220956802368]"
1826,1,48.82%,85.39%,0.0388,"[0.034512780606746674, 0.9654872417449951]"
1827,1,48.85%,85.39%,0.0446,"[0.04219842329621315, 0.9578015804290771]"
1828,1,48.88%,85.40%,0.0394,"[0.037758249789476395, 0.9622417688369751]"
1829,0,48.85%,85.41%,0.0007,"[0.9991856217384338, 0.0008144120802171528]"
1830,1,48.88%,85.42%,0.0461,"[0.03871087729930878, 0.9612891674041748]"
1831,0,48.85%,85.43%,0.0024,"[0.998080849647522, 0.0019191296305507421]"
1832,0,48.83%,85.38%,3.4436,"[0.05312561243772507, 0.9468743801116943]"
1833,1,48.85%,85.39%,0.0293,"[0.026590527966618538, 0.9734094738960266]"
1834,0,48.83%,85.40%,0.0024,"[0.997983455657959, 0.00201652804389596]"
1835,1,48.86%,85.40%,0.0324,"[0.033506035804748535, 0.9664939641952515]"
1836,1,48.88%,85.41%,0.0304,"[0.03436367213726044, 0.9656363129615784]"
1837,1,48.91%,85.42%,0.0301,"[0.029738321900367737, 0.9702616930007935]"
1838,1,48.94%,85.43%,0.0299,"[0.03438612073659897, 0.965613842010498]"
1839,0,48.91%,85.43%,0.0796,"[0.9896098375320435, 0.010390137322247028]"
1840,0,48.89%,85.39%,3.1570,"[0.03446349501609802, 0.9655364751815796]"
1841,0,48.86%,85.34%,3.5422,"[0.03170616179704666, 0.9682937860488892]"
1842,0,48.83%,85.30%,3.3555,"[0.0331365242600441, 0.9668634533882141]"
1843,1,48.86%,85.30%,0.0350,"[0.03485960513353348, 0.9651403427124023]"
1844,1,48.89%,85.31%,0.0374,"[0.035558443516492844, 0.9644415974617004]"
1845,1,48.92%,85.32%,0.0464,"[0.0824597030878067, 0.9175403714179993]"
1846,0,48.89%,85.33%,0.0009,"[0.9992591738700867, 0.0007408334640786052]"
1847,1,48.92%,85.34%,0.0877,"[0.07179402559995651, 0.9282060265541077]"
1848,0,48.89%,85.34%,0.0017,"[0.9988964796066284, 0.0011034689377993345]"
1849,0,48.86%,85.35%,0.0008,"[0.9989888072013855, 0.0010112186428159475]"
1850,0,48.84%,85.36%,0.0005,"[0.9994781613349915, 0.0005218409351073205]"
1851,0,48.81%,85.37%,0.0009,"[0.9990686774253845, 0.0009312898037023842]"
1852,1,48.84%,85.38%,0.0877,"[0.10639172792434692, 0.8936082720756531]"
1853,0,48.81%,85.38%,0.0018,"[0.9989051818847656, 0.0010948495473712683]"
1854,1,48.84%,85.39%,0.3301,"[0.16658763587474823, 0.8334123492240906]"
1855,1,48.87%,85.40%,0.0685,"[0.07637032121419907, 0.9236297011375427]"
1856,0,48.84%,85.41%,0.0023,"[0.9971863627433777, 0.0028136614710092545]"
1857,1,48.87%,85.41%,0.0456,"[0.04682907089591026, 0.9531709551811218]"
1858,0,48.84%,85.42%,0.0009,"[0.9991056323051453, 0.0008943850989453495]"
1859,0,48.82%,85.43%,0.0009,"[0.9991875290870667, 0.0008124765590764582]"
1860,0,48.79%,85.44%,0.0007,"[0.9988540410995483, 0.0011459777597337961]"
1861,0,48.76%,85.45%,0.0006,"[0.999214768409729, 0.0007851816480979323]"
1862,0,48.74%,85.45%,0.0018,"[0.9990078806877136, 0.0009921332821249962]"
1863,0,48.71%,85.46%,0.0028,"[0.996861457824707, 0.003138582920655608]"
1864,1,48.74%,85.47%,0.0771,"[0.07697432488203049, 0.9230257272720337]"
1865,1,48.77%,85.48%,0.0710,"[0.05814172700047493, 0.9418582916259766]"
1866,1,48.79%,85.48%,0.0654,"[0.061664242297410965, 0.9383357167243958]"
1867,1,48.82%,85.49%,0.0582,"[0.05514229089021683, 0.944857656955719]"
1868,1,48.85%,85.50%,0.0590,"[0.062444500625133514, 0.9375554919242859]"
1869,1,48.88%,85.51%,0.0578,"[0.04456115886569023, 0.9554388523101807]"
1870,0,48.85%,85.52%,0.0089,"[0.989550769329071, 0.010449196211993694]"
1871,0,48.82%,85.47%,2.7637,"[0.056388385593891144, 0.9436116218566895]"
1872,0,48.80%,85.48%,0.0029,"[0.9970831274986267, 0.0029169037006795406]"
1873,0,48.77%,85.49%,0.0006,"[0.9992629885673523, 0.0007370481616817415]"
1874,0,48.75%,85.49%,0.0013,"[0.9989593029022217, 0.0010407379595562816]"
1875,1,48.77%,85.50%,0.0603,"[0.06473162770271301, 0.9352683424949646]"
1876,1,48.80%,85.51%,0.0471,"[0.040491942316293716, 0.9595081210136414]"
1877,0,48.78%,85.52%,0.0010,"[0.9989629983901978, 0.0010369670344516635]"
1878,1,48.80%,85.52%,0.0506,"[0.04595541954040527, 0.9540445804595947]"
1879,0,48.78%,85.53%,0.0005,"[0.9994654059410095, 0.0005346102989278734]"
1880,0,48.75%,85.54%,0.0042,"[0.9940401911735535, 0.005959774367511272]"
1881,1,48.78%,85.55%,0.0404,"[0.05228012055158615, 0.9477198719978333]"
1882,0,48.75%,85.55%,0.0026,"[0.9954517483711243, 0.004548283293843269]"
1883,0,48.73%,85.56%,0.0020,"[0.9986728429794312, 0.0013271499192342162]"
1884,1,48.75%,85.57%,0.0408,"[0.04578515887260437, 0.954214870929718]"
1885,1,48.78%,85.58%,0.0573,"[0.026351768523454666, 0.9736483097076416]"
1886,0,48.75%,85.53%,2.9537,"[0.05766936391592026, 0.9423305988311768]"
1887,0,48.73%,85.54%,0.0006,"[0.9993498921394348, 0.0006501079187728465]"
1888,1,48.76%,85.55%,0.0611,"[0.0599055178463459, 0.9400944709777832]"
1889,1,48.78%,85.56%,0.0540,"[0.058655738830566406, 0.9413443207740784]"
1890,0,48.76%,85.51%,2.8535,"[0.05607348680496216, 0.9439265131950378]"
1891,0,48.73%,85.52%,0.0006,"[0.9990158081054688, 0.0009842184372246265]"
1892,1,48.76%,85.53%,0.0584,"[0.06133805215358734, 0.9386619925498962]"
1893,0,48.73%,85.53%,0.0009,"[0.9987667798995972, 0.0012332986807450652]"
1894,0,48.71%,85.54%,0.0004,"[0.9995643496513367, 0.0004355885903351009]"
1895,0,48.68%,85.50%,0.1028,"[0.40417948365211487, 0.5958204865455627]"
1896,1,48.71%,85.50%,0.0833,"[0.06979408860206604, 0.9302058815956116]"
1897,0,48.68%,85.51%,0.1320,"[0.9366743564605713, 0.06332572549581528]"
1898,0,48.66%,85.47%,0.0120,"[0.44775447249412537, 0.552245557308197]"
1899,1,48.68%,85.47%,0.1191,"[0.11026865988969803, 0.8897313475608826]"
1900,0,48.66%,85.48%,0.0007,"[0.9991859793663025, 0.0008139694109559059]"
1901,1,48.69%,85.49%,0.0555,"[0.06415574997663498, 0.9358441829681396]"
1902,0,48.66%,85.50%,0.0395,"[0.9301623702049255, 0.06983759254217148]"
1903,1,48.69%,85.50%,0.0592,"[0.04608512669801712, 0.9539148807525635]"
1904,1,48.71%,85.51%,0.0682,"[0.03379688411951065, 0.9662030935287476]"
1905,0,48.69%,85.52%,0.0007,"[0.9994933605194092, 0.0005066762678325176]"
1906,0,48.66%,85.53%,0.0003,"[0.9996705055236816, 0.00032954238122329116]"
1907,1,48.69%,85.53%,0.0598,"[0.16887709498405457, 0.831122875213623]"
1908,0,48.66%,85.54%,0.0004,"[0.999599039554596, 0.00040093829738907516]"
1909,1,48.69%,85.55%,0.1185,"[0.22641517221927643, 0.77358478307724]"
1910,0,48.67%,85.56%,0.0003,"[0.9996565580368042, 0.00034340962884016335]"
1911,0,48.64%,85.56%,0.0004,"[0.9996007084846497, 0.00039930656203068793]"
1912,1,48.67%,85.57%,0.1126,"[0.08041591197252274, 0.9195840954780579]"
1913,0,48.64%,85.58%,0.0004,"[0.9995604157447815, 0.0004396253789309412]"
1914,1,48.67%,85.59%,0.0457,"[0.0574772022664547, 0.9425228834152222]"
1915,1,48.70%,85.54%,2.8884,"[0.7348774671554565, 0.26512253284454346]"
1916,1,48.72%,85.55%,0.0634,"[0.07244875282049179, 0.9275512099266052]"
1917,0,48.70%,85.56%,0.0354,"[0.939628541469574, 0.060371413826942444]"
1918,0,48.67%,85.57%,0.0005,"[0.9994813799858093, 0.0005186111084185541]"
1919,0,48.65%,85.57%,0.0003,"[0.9996541738510132, 0.00034586829133331776]"
1920,0,48.62%,85.58%,0.0003,"[0.9996596574783325, 0.00034030701499432325]"
1921,1,48.65%,85.59%,0.1552,"[0.11710530519485474, 0.8828946352005005]"
1922,0,48.62%,85.60%,0.0005,"[0.9995179176330566, 0.00048210492241196334]"
1923,0,48.60%,85.60%,0.0003,"[0.9997001886367798, 0.00029984553111717105]"
1924,1,48.62%,85.61%,0.0524,"[0.057793233543634415, 0.9422067403793335]"
1925,1,48.65%,85.62%,0.0445,"[0.038846563547849655, 0.9611534476280212]"
1926,1,48.68%,85.63%,0.0431,"[0.04432886093854904, 0.9556711316108704]"
1927,0,48.65%,85.63%,0.0004,"[0.9995811581611633, 0.00041883339872583747]"
1928,1,48.68%,85.64%,0.1894,"[0.4504740834236145, 0.5495259165763855]"
1929,1,48.70%,85.65%,0.0307,"[0.031555358320474625, 0.9684445858001709]"
1930,1,48.73%,85.66%,0.0340,"[0.03475195914506912, 0.9652480483055115]"
1931,1,48.76%,85.66%,0.0332,"[0.03778214752674103, 0.9622179269790649]"
1932,1,48.78%,85.67%,0.0264,"[0.03021961823105812, 0.9697803854942322]"
1933,0,48.76%,85.63%,3.4162,"[0.031347595155239105, 0.9686523675918579]"
1934,0,48.73%,85.63%,0.0004,"[0.9996064305305481, 0.00039361612289212644]"
1935,0,48.71%,85.59%,3.3020,"[0.035046786069869995, 0.9649531841278076]"
1936,1,48.74%,85.60%,0.0342,"[0.026535119861364365, 0.9734649062156677]"
1937,1,48.76%,85.60%,0.0420,"[0.03683016076683998, 0.9631698131561279]"
1938,1,48.79%,85.61%,0.0237,"[0.08670341968536377, 0.9132965803146362]"
1939,0,48.76%,85.62%,0.0078,"[0.9990153312683105, 0.000984690268523991]"
1940,1,48.79%,85.63%,0.0284,"[0.03413974866271019, 0.9658601880073547]"
1941,0,48.76%,85.63%,0.0004,"[0.9995874762535095, 0.00041250858339481056]"
1942,1,48.79%,85.64%,0.0945,"[0.06250225007534027, 0.9374977350234985]"
1943,0,48.77%,85.65%,0.0004,"[0.9995905756950378, 0.00040941211045719683]"
1944,1,48.79%,85.66%,0.0379,"[0.039881568402051926, 0.9601183533668518]"
1945,1,48.82%,85.66%,0.0485,"[0.021564094349741936, 0.9784359335899353]"
1946,0,48.79%,85.67%,0.0007,"[0.9989287257194519, 0.0010712764924392104]"
1947,0,48.77%,85.68%,0.0006,"[0.9993605017662048, 0.0006395013188011944]"
1948,0,48.74%,85.68%,0.0005,"[0.9995272159576416, 0.0004727971972897649]"
1949,0,48.72%,85.69%,0.0005,"[0.9994385838508606, 0.0005614370456896722]"
1950,0,48.69%,85.70%,0.0017,"[0.9992559552192688, 0.0007440814515575767]"
1951,0,48.67%,85.71%,0.0004,"[0.9995689988136292, 0.0004309779906179756]"
1952,0,48.64%,85.71%,0.0006,"[0.9992542862892151, 0.0007456522434949875]"
1953,1,48.67%,85.72%,0.0403,"[0.03723243623971939, 0.9627675414085388]"
1954,0,48.64%,85.73%,0.0036,"[0.9965687990188599, 0.003431178629398346]"
1955,1,48.67%,85.74%,0.0277,"[0.046540968120098114, 0.9534590244293213]"
1956,1,48.70%,85.74%,0.0222,"[0.10615777224302292, 0.8938422203063965]"
1957,0,48.67%,85.70%,3.1468,"[0.04066232591867447, 0.9593377113342285]"
1958,1,48.70%,85.71%,0.0296,"[0.033531323075294495, 0.9664686918258667]"
1959,0,48.67%,85.71%,0.0004,"[0.9995637536048889, 0.0004362177278380841]"
1960,1,48.70%,85.72%,0.0426,"[0.02844284474849701, 0.9715571403503418]"
1961,0,48.67%,85.73%,0.0005,"[0.9993951320648193, 0.0006048892391845584]"
1962,1,48.70%,85.74%,0.0515,"[0.05188794434070587, 0.9481120109558105]"
1963,1,48.73%,85.74%,0.0278,"[0.04574745520949364, 0.9542525410652161]"
1964,1,48.75%,85.75%,0.0539,"[0.05552201345562935, 0.9444779753684998]"
1965,0,48.73%,85.76%,0.0004,"[0.9996331930160522, 0.0003668026183731854]"
1966,1,48.75%,85.77%,0.0538,"[0.08428312838077545, 0.915716826915741]"
1967,1,48.78%,85.77%,0.0492,"[0.04070877656340599, 0.9592911601066589]"
1968,1,48.81%,85.78%,0.0401,"[0.04399310424923897, 0.9560069441795349]"
1969,1,48.83%,85.79%,0.0564,"[0.05609460175037384, 0.9439054131507874]"
1970,1,48.86%,85.79%,0.0541,"[0.05068143084645271, 0.9493185877799988]"
1971,1,48.88%,85.80%,0.0445,"[0.03931942954659462, 0.9606805443763733]"
1972,1,48.91%,85.81%,0.0355,"[0.043161600828170776, 0.9568384289741516]"
1973,0,48.89%,85.82%,0.0013,"[0.9991961121559143, 0.0008038775413297117]"
1974,1,48.91%,85.82%,0.0382,"[0.038391727954149246, 0.9616082906723022]"
1975,0,48.89%,85.83%,0.0005,"[0.9993528723716736, 0.0006470722146332264]"
1976,0,48.86%,85.84%,0.0005,"[0.9995275735855103, 0.0004724280152004212]"
1977,1,48.89%,85.84%,0.1504,"[0.02344878390431404, 0.9765511751174927]"
1978,0,48.86%,85.85%,0.0007,"[0.9995697140693665, 0.0004302649467717856]"
1979,1,48.89%,85.86%,0.0333,"[0.027333615347743034, 0.9726664423942566]"
1980,0,48.86%,85.87%,0.0006,"[0.9994164705276489, 0.0005835804622620344]"
1981,1,48.89%,85.87%,0.0243,"[0.025616075843572617, 0.9743839502334595]"
1982,1,48.92%,85.88%,0.0565,"[0.03710635378956795, 0.9628936052322388]"
1983,0,48.89%,85.89%,0.0005,"[0.9995261430740356, 0.00047385296784341335]"
1984,1,48.92%,85.89%,0.0315,"[0.03466638922691345, 0.9653335809707642]"
1985,0,48.89%,85.90%,0.0009,"[0.9991212487220764, 0.0008787559345364571]"
1986,0,48.87%,85.91%,0.0022,"[0.9984527826309204, 0.0015471698716282845]"
1987,1,48.89%,85.92%,0.0155,"[0.02544471248984337, 0.974555253982544]"
1988,0,48.87%,85.92%,0.0007,"[0.9995090961456299, 0.0004908997216261923]"
1989,0,48.84%,85.93%,0.0128,"[0.9904738068580627, 0.009526174515485764]"
1990,0,48.82%,85.94%,0.0004,"[0.9994884729385376, 0.0005114498781040311]"
1991,0,48.80%,85.89%,3.4194,"[0.03441101312637329, 0.9655889272689819]"
1992,0,48.77%,85.90%,0.0023,"[0.9976171851158142, 0.0023828446865081787]"
1993,0,48.75%,85.86%,3.0737,"[0.05392259731888771, 0.9460774064064026]"
1994,1,48.77%,85.86%,0.0278,"[0.024769993498921394, 0.9752300381660461]"
1995,1,48.80%,85.87%,0.0454,"[0.04591112956404686, 0.9540888667106628]"
1996,0,48.77%,85.88%,0.0009,"[0.9994513392448425, 0.0005486292648129165]"
1997,0,48.75%,85.89%,0.0115,"[0.9952903985977173, 0.004709644243121147]"
1998,1,48.77%,85.89%,0.0362,"[0.036856185644865036, 0.9631438255310059]"
1999,1,48.80%,85.90%,0.0305,"[0.026805488392710686, 0.9731945395469666]"
2000,0,48.78%,85.91%,0.0006,"[0.9991757273674011, 0.0008242829935625196]"
2001,1,48.80%,85.91%,0.0485,"[0.046659670770168304, 0.9533402919769287]"
2002,0,48.78%,85.92%,0.0004,"[0.999583899974823, 0.00041605954174883664]"
2003,1,48.80%,85.93%,0.0219,"[0.024001646786928177, 0.9759983420372009]"
2004,0,48.78%,85.94%,0.0005,"[0.9995797276496887, 0.0004202832351438701]"
2005,0,48.75%,85.94%,0.0008,"[0.9994576573371887, 0.0005423537222668529]"
2006,1,48.78%,85.95%,0.0447,"[0.04330578073859215, 0.9566942453384399]"
2007,1,48.80%,85.96%,0.0298,"[0.025015883147716522, 0.9749841094017029]"
2008,1,48.83%,85.96%,0.0420,"[0.03978660702705383, 0.9602134227752686]"
2009,1,48.86%,85.97%,0.0374,"[0.05990254878997803, 0.940097451210022]"
2010,0,48.83%,85.98%,0.0003,"[0.9996589422225952, 0.0003410510835237801]"
2011,0,48.81%,85.98%,0.0004,"[0.9996423721313477, 0.0003576776653062552]"
2012,0,48.78%,85.94%,2.6176,"[0.09082439541816711, 0.9091756343841553]"
2013,1,48.81%,85.95%,0.0338,"[0.03584502637386322, 0.9641549587249756]"
2014,1,48.83%,85.96%,0.0610,"[0.06556890159845352, 0.9344310164451599]"
2015,1,48.86%,85.96%,0.0313,"[0.033725373446941376, 0.966274619102478]"
2016,0,48.83%,85.97%,0.0004,"[0.9996594190597534, 0.00034053888521157205]"
2017,1,48.86%,85.98%,0.0267,"[0.038811106234788895, 0.9611889123916626]"
2018,1,48.89%,85.98%,1.4916,"[0.21323616802692413, 0.7867638468742371]"
2019,0,48.86%,85.94%,3.1108,"[0.053917139768600464, 0.9460828304290771]"
2020,0,48.84%,85.95%,0.0011,"[0.9992501139640808, 0.0007498564664274454]"
2021,1,48.86%,85.95%,0.0335,"[0.04106327146291733, 0.9589367508888245]"
2022,1,48.89%,85.96%,0.0287,"[0.03526514768600464, 0.9647348523139954]"
2023,0,48.86%,85.97%,0.0010,"[0.9993649125099182, 0.0006350447656586766]"
2024,1,48.89%,85.98%,0.0679,"[0.0677100270986557, 0.9322899580001831]"
2025,0,48.86%,85.93%,3.1131,"[0.03974480181932449, 0.9602552056312561]"
2026,1,48.89%,85.94%,0.6294,"[0.2615545988082886, 0.7384454011917114]"
2027,0,48.87%,85.90%,2.7596,"[0.059612274169921875, 0.9403876662254333]"
2028,0,48.84%,85.90%,0.0005,"[0.9985218644142151, 0.001478100661188364]"
2029,1,48.87%,85.91%,0.0594,"[0.058999255299568176, 0.9410008192062378]"
2030,0,48.84%,85.87%,2.1232,"[0.11431784182786942, 0.8856821060180664]"
2031,1,48.87%,85.88%,0.0810,"[0.0746302679181099, 0.9253697395324707]"
2032,0,48.84%,85.88%,0.0235,"[0.8232338428497314, 0.17676620185375214]"
2033,1,48.87%,85.89%,0.0957,"[0.08649058640003204, 0.9135094285011292]"
2034,1,48.89%,85.90%,0.0633,"[0.060752592980861664, 0.9392473697662354]"
2035,1,48.92%,85.90%,0.0322,"[0.15253253281116486, 0.8474674224853516]"
2036,0,48.90%,85.91%,0.0003,"[0.999629020690918, 0.0003710064338520169]"
2037,1,48.92%,85.92%,0.0660,"[0.07522623240947723, 0.9247737526893616]"
2038,0,48.90%,85.92%,0.0011,"[0.9991193413734436, 0.0008806813857518137]"
2039,1,48.92%,85.93%,0.0474,"[0.04655667394399643, 0.9534433484077454]"
2040,1,48.95%,85.94%,0.0979,"[0.1058785691857338, 0.8941214680671692]"
2041,0,48.92%,85.90%,2.3015,"[0.09630649536848068, 0.9036934971809387]"
2042,1,48.95%,85.90%,0.0938,"[0.12981390953063965, 0.8701860904693604]"
2043,0,48.92%,85.91%,0.0009,"[0.9991497993469238, 0.0008501443080604076]"
2044,1,48.95%,85.92%,0.4697,"[0.35738393664360046, 0.6426160931587219]"
2045,1,48.97%,85.92%,0.0670,"[0.06211400777101517, 0.9378859996795654]"
2046,0,48.95%,85.88%,2.1312,"[0.09426535665988922, 0.905734658241272]"
2047,0,48.93%,85.89%,0.0004,"[0.9994365572929382, 0.0005634333356283605]"
2048,1,48.95%,85.90%,0.1136,"[0.13643071055412292, 0.8635692596435547]"
2049,1,48.98%,85.90%,0.0557,"[0.08300280570983887, 0.9169971942901611]"
2050,1,49.00%,85.91%,0.0906,"[0.0973343700170517, 0.9026656150817871]"
2051,0,48.98%,85.92%,0.0008,"[0.999148964881897, 0.0008509912295266986]"
2052,0,48.95%,85.87%,1.6453,"[0.15852011740207672, 0.8414798974990845]"
2053,1,48.98%,85.88%,0.1401,"[0.054256971925497055, 0.9457430243492126]"
2054,1,49.00%,85.89%,0.1121,"[0.11593691259622574, 0.8840631246566772]"
2055,1,49.03%,85.89%,0.0963,"[0.09313187748193741, 0.9068681001663208]"
2056,0,49.00%,85.90%,0.0026,"[0.9991211295127869, 0.0008788396371528506]"
2057,0,48.98%,85.91%,0.0011,"[0.9987034797668457, 0.0012965049827471375]"
2058,1,49.00%,85.92%,0.1033,"[0.10578076541423798, 0.8942192196846008]"
2059,1,49.03%,85.92%,0.0945,"[0.1079908236861229, 0.8920091986656189]"
2060,1,49.05%,85.93%,0.0885,"[0.08275265246629715, 0.9172474145889282]"
2061,0,49.03%,85.94%,0.0004,"[0.9995736479759216, 0.0004263149166945368]"
2062,0,49.01%,85.94%,0.0007,"[0.9982501864433289, 0.0017498219385743141]"
2063,0,48.98%,85.95%,0.0004,"[0.9993630051612854, 0.000636993907392025]"
2064,1,49.01%,85.96%,0.1544,"[0.21697092056274414, 0.7830290794372559]"
2065,0,48.98%,85.96%,0.0009,"[0.9990780353546143, 0.0009219560888595879]"
2066,0,48.96%,85.97%,0.0041,"[0.996049702167511, 0.003950249869376421]"
2067,1,48.98%,85.98%,0.0808,"[0.08686721324920654, 0.9131328463554382]"
2068,0,48.96%,85.94%,0.5920,"[0.42572593688964844, 0.5742740631103516]"
2069,0,48.94%,85.94%,0.0060,"[0.9890611171722412, 0.010938926599919796]"
2070,0,48.91%,85.95%,0.0005,"[0.9983951449394226, 0.001604844001121819]"
2071,1,48.94%,85.96%,0.0657,"[0.0484544113278389, 0.9515455961227417]"
2072,0,48.91%,85.91%,1.5346,"[0.16842590272426605, 0.8315741419792175]"
2073,1,48.94%,85.92%,0.0304,"[0.051303740590810776, 0.9486963152885437]"
2074,1,48.96%,85.93%,0.0426,"[0.07168145477771759, 0.9283186197280884]"
2075,1,48.99%,85.93%,0.0920,"[0.0746229812502861, 0.9253769516944885]"
2076,0,48.96%,85.94%,0.0014,"[0.9994955062866211, 0.0005045090219937265]"
2077,1,48.99%,85.95%,0.0521,"[0.04540398344397545, 0.9545960426330566]"
2078,0,48.97%,85.95%,0.0004,"[0.9995643496513367, 0.0004356353310868144]"
2079,0,48.94%,85.91%,0.6605,"[0.3452661335468292, 0.6547338366508484]"
2080,1,48.97%,85.92%,0.0581,"[0.052275605499744415, 0.9477244019508362]"
2081,0,48.94%,85.93%,0.0003,"[0.9996562004089355, 0.00034379586577415466]"
2082,1,48.97%,85.89%,0.2730,"[0.9660542011260986, 0.03394578769803047]"
2083,0,48.94%,85.89%,0.0003,"[0.999679684638977, 0.0003203554078936577]"
2084,0,48.92%,85.90%,0.0003,"[0.9996830224990845, 0.00031703876447863877]"
2085,1,48.95%,85.91%,0.0862,"[0.0986064150929451, 0.9013936519622803]"
2086,1,48.97%,85.91%,0.0382,"[0.030598198994994164, 0.9694017767906189]"
2087,1,48.99%,85.92%,0.0477,"[0.08068754523992538, 0.9193124175071716]"
2088,0,48.97%,85.93%,0.0003,"[0.9997357726097107, 0.00026416100445203483]"
2089,0,48.95%,85.93%,1.1808,"[0.6921332478523254, 0.30786678194999695]"
2090,0,48.92%,85.94%,0.0003,"[0.9997245669364929, 0.0002754432207439095]"
2091,0,48.90%,85.95%,0.0004,"[0.9996601343154907, 0.00033985247137025]"
2092,0,48.88%,85.91%,0.2862,"[0.11483614891767502, 0.8851637840270996]"
2093,0,48.85%,85.91%,0.0003,"[0.9997040629386902, 0.0002958755649160594]"
2094,1,48.88%,85.92%,0.0468,"[0.03090754523873329, 0.9690924882888794]"
2095,1,48.90%,85.93%,0.6747,"[0.2578250467777252, 0.7421749830245972]"
2096,1,48.93%,85.88%,2.5722,"[0.5043983459472656, 0.4956016540527344]"
2097,1,48.95%,85.89%,0.0225,"[0.03988536074757576, 0.9601146578788757]"
2098,0,48.93%,85.90%,0.0003,"[0.9996891021728516, 0.0003109610406681895]"
2099,1,48.95%,85.90%,0.0396,"[0.037993237376213074, 0.9620068073272705]"
2100,1,48.98%,85.91%,0.1361,"[0.10347124189138412, 0.8965287804603577]"
2101,0,48.95%,85.92%,0.0006,"[0.9994974136352539, 0.0005025764112360775]"
2102,0,48.93%,85.92%,0.0006,"[0.9994038343429565, 0.000596129335463047]"
2103,0,48.91%,85.93%,0.0004,"[0.999663233757019, 0.00033678117324598134]"
2104,1,48.93%,85.94%,0.0441,"[0.03454504907131195, 0.9654549360275269]"
2105,0,48.91%,85.94%,0.0004,"[0.9995964169502258, 0.0004036446916870773]"
2106,1,48.93%,85.95%,0.0257,"[0.02627125009894371, 0.9737287759780884]"
2107,0,48.91%,85.91%,3.5369,"[0.03161437436938286, 0.9683856964111328]"
2108,0,48.89%,85.92%,0.0003,"[0.9997023940086365, 0.00029762941994704306]"
2109,1,48.91%,85.92%,0.1025,"[0.0969141349196434, 0.9030858278274536]"
2110,1,48.93%,85.93%,0.2290,"[0.31479963660240173, 0.6852003931999207]"
2111,0,48.91%,85.94%,0.0005,"[0.9995946288108826, 0.000405419385060668]"
2112,0,48.89%,85.94%,0.0005,"[0.9984631538391113, 0.0015368286985903978]"
2113,0,48.86%,85.95%,0.0003,"[0.9997276663780212, 0.00027227087412029505]"
2114,1,48.89%,85.96%,0.0307,"[0.030469298362731934, 0.9695306420326233]"
2115,1,48.91%,85.96%,0.0245,"[0.022746412083506584, 0.9772536158561707]"
2116,0,48.89%,85.97%,2.7910,"[0.6501880884170532, 0.34981197118759155]"
2117,1,48.91%,85.98%,0.0282,"[0.02282869815826416, 0.9771713018417358]"
2118,0,48.89%,85.98%,0.0023,"[0.9882009029388428, 0.01179908961057663]"
2119,0,48.87%,85.99%,0.0059,"[0.9961524605751038, 0.0038474637549370527]"
2120,0,48.84%,86.00%,0.0010,"[0.999431312084198, 0.0005687176017090678]"
2121,0,48.82%,86.00%,0.0005,"[0.9996060729026794, 0.00039400544483214617]"
2122,1,48.85%,86.01%,0.0307,"[0.030484020709991455, 0.9695159792900085]"
2123,1,48.87%,86.02%,0.0396,"[0.03146088123321533, 0.9685390591621399]"
2124,0,48.85%,86.02%,0.0847,"[0.9861022233963013, 0.013897750526666641]"
2125,1,48.87%,86.03%,0.1106,"[0.07584956288337708, 0.9241504669189453]"
2126,1,48.90%,86.04%,0.0299,"[0.03366740420460701, 0.9663326144218445]"
2127,0,48.87%,86.04%,0.0005,"[0.9996346235275269, 0.00036538965650834143]"
2128,0,48.85%,86.00%,3.4622,"[0.033487383276224136, 0.9665126800537109]"
2129,1,48.87%,86.01%,0.0412,"[0.02892337553203106, 0.9710766673088074]"
2130,0,48.85%,86.02%,0.0051,"[0.9978201389312744, 0.0021798829548060894]"
2131,0,48.83%,85.98%,2.2891,"[0.05095138028264046, 0.9490486979484558]"
2132,1,48.85%,85.98%,0.0350,"[0.03503050655126572, 0.9649694561958313]"
2133,1,48.88%,85.94%,1.6843,"[0.5950194597244263, 0.4049805998802185]"
2134,1,48.90%,85.95%,0.0303,"[0.0370979979634285, 0.9629020094871521]"
2135,0,48.88%,85.96%,0.0003,"[0.9996709823608398, 0.00032902718521654606]"
2136,1,48.90%,85.96%,0.0440,"[0.03733474761247635, 0.9626652002334595]"
2137,0,48.88%,85.97%,0.0004,"[0.999468982219696, 0.0005309779080562294]"
2138,0,48.85%,85.97%,0.0004,"[0.999663233757019, 0.00033677200553938746]"
2139,0,48.83%,85.98%,1.1502,"[0.7861692309379578, 0.21383078396320343]"
2140,1,48.86%,85.99%,0.0679,"[0.05767020955681801, 0.9423298239707947]"
2141,0,48.83%,85.99%,0.0010,"[0.9994012117385864, 0.0005987320910207927]"
2142,1,48.86%,86.00%,0.0509,"[0.05224185809493065, 0.947758138179779]"
2143,0,48.83%,86.01%,0.0004,"[0.9996465444564819, 0.000353411101968959]"
2144,1,48.86%,86.01%,0.0594,"[0.05986758694052696, 0.9401324391365051]"
2145,0,48.84%,85.97%,2.7096,"[0.04287092015147209, 0.9571291208267212]"
2146,1,48.86%,85.98%,0.0532,"[0.04188612848520279, 0.9581139087677002]"
2147,0,48.84%,85.99%,0.0003,"[0.9996637105941772, 0.0003362653951626271]"
2148,1,48.86%,85.99%,0.1526,"[0.08927866071462631, 0.9107213616371155]"
2149,1,48.88%,86.00%,0.1066,"[0.07145785540342331, 0.9285421967506409]"
2150,0,48.86%,86.01%,0.0005,"[0.9996100068092346, 0.00038997005322016776]"
2151,0,48.84%,86.01%,0.0010,"[0.9978721141815186, 0.0021279328502714634]"
2152,0,48.82%,86.02%,0.0006,"[0.999363124370575, 0.0006369107868522406]"
2153,0,48.79%,86.03%,0.0003,"[0.9996700286865234, 0.0003299374948255718]"
2154,0,48.77%,86.03%,0.0004,"[0.9996082186698914, 0.00039179669693112373]"
2155,0,48.75%,86.04%,0.0003,"[0.9997151494026184, 0.00028482815832830966]"
2156,0,48.73%,86.00%,2.4978,"[0.0696483626961708, 0.9303516745567322]"
2157,1,48.75%,86.01%,0.0679,"[0.08285239338874817, 0.9171475768089294]"
2158,0,48.73%,86.01%,0.0003,"[0.9997377991676331, 0.0002621790627017617]"
2159,0,48.70%,86.02%,0.0003,"[0.9996777772903442, 0.0003222419763915241]"
2160,1,48.73%,86.02%,0.0822,"[0.08326159417629242, 0.9167383909225464]"
2161,1,48.75%,86.03%,0.0562,"[0.05827382579445839, 0.9417262077331543]"
2162,0,48.73%,86.04%,0.0004,"[0.999607503414154, 0.00039247144013643265]"
2163,1,48.75%,86.04%,0.0881,"[0.08425451815128326, 0.9157454967498779]"
2164,0,48.73%,86.00%,1.1129,"[0.37133219838142395, 0.6286678314208984]"
2165,1,48.75%,86.01%,0.0969,"[0.10375253111124039, 0.8962474465370178]"
2166,1,48.78%,86.02%,0.1269,"[0.09951375424861908, 0.9004862904548645]"
2167,1,48.80%,86.02%,0.1769,"[0.13002316653728485, 0.869976818561554]"
2168,1,48.82%,86.03%,0.0752,"[0.059810932725667953, 0.9401891231536865]"
2169,0,48.80%,85.99%,2.4726,"[0.08833006024360657, 0.9116699695587158]"
2170,0,48.78%,86.00%,0.0003,"[0.9996702671051025, 0.0003297928487882018]"
2171,1,48.80%,86.00%,0.1480,"[0.19483467936515808, 0.8051652908325195]"
2172,1,48.83%,86.01%,0.0504,"[0.06232992187142372, 0.9376700520515442]"
2173,1,48.85%,86.02%,0.0775,"[0.07117132842540741, 0.9288286566734314]"
2174,1,48.87%,86.02%,0.0951,"[0.09292665868997574, 0.9070733785629272]"
2175,0,48.85%,86.03%,0.0016,"[0.9993682503700256, 0.0006317990482784808]"
2176,0,48.83%,85.99%,2.7336,"[0.06544285267591476, 0.9345571398735046]"
2177,0,48.81%,85.95%,2.3727,"[0.09465306252241135, 0.9053469300270081]"
2178,0,48.78%,85.96%,0.0003,"[0.9997212290763855, 0.00027872444479726255]"
2179,1,48.81%,85.96%,0.0713,"[0.05174378305673599, 0.9482561945915222]"
2180,0,48.78%,85.97%,0.0004,"[0.9995835423469543, 0.0004164468264207244]"
2181,0,48.76%,85.98%,0.0005,"[0.9995879530906677, 0.0004120896046515554]"
2182,1,48.79%,85.98%,0.0916,"[0.08751572668552399, 0.9124842286109924]"
2183,1,48.81%,85.99%,0.1335,"[0.09242092818021774, 0.9075790643692017]"
2184,1,48.83%,86.00%,0.1249,"[0.11302803456783295, 0.8869719505310059]"
2185,0,48.81%,86.00%,0.0007,"[0.9996720552444458, 0.0003279414668213576]"
2186,1,48.83%,86.01%,0.0584,"[0.14750546216964722, 0.8524945974349976]"
2187,1,48.86%,86.01%,0.1233,"[0.10275900363922119, 0.8972410559654236]"
2188,0,48.84%,86.02%,0.0004,"[0.9995648264884949, 0.0004351378884166479]"
2189,1,48.86%,86.03%,0.0934,"[0.0895552784204483, 0.9104446768760681]"
2190,1,48.88%,86.03%,0.3563,"[0.13312092423439026, 0.8668791055679321]"
2191,1,48.91%,86.04%,0.1192,"[0.1301671415567398, 0.8698328733444214]"
2192,1,48.93%,86.05%,0.0789,"[0.07183154672384262, 0.9281684160232544]"
2193,1,48.95%,86.05%,0.0542,"[0.05599402263760567, 0.9440059661865234]"
2194,0,48.93%,86.01%,0.5214,"[0.48318684101104736, 0.5168132185935974]"
2195,0,48.91%,85.97%,2.5309,"[0.0845649316906929, 0.9154351353645325]"
2196,1,48.93%,85.98%,0.0858,"[0.09960882365703583, 0.9003912210464478]"
2197,0,48.91%,85.99%,0.0006,"[0.9993454813957214, 0.0006545322248712182]"
2198,0,48.89%,85.99%,0.0311,"[0.990799605846405, 0.009200428612530231]"
2199,1,48.91%,86.00%,0.0804,"[0.09757111966609955, 0.9024288654327393]"
2200,0,48.89%,86.01%,0.0011,"[0.9990812540054321, 0.0009187668329104781]"
2201,0,48.86%,86.01%,0.0021,"[0.9991725087165833, 0.0008274204446934164]"
2202,1,48.89%,86.02%,0.0584,"[0.05837182328104973, 0.9416282176971436]"
2203,0,48.87%,85.98%,2.4697,"[0.08461100608110428, 0.9153889417648315]"
2204,0,48.84%,85.99%,0.0006,"[0.9995132684707642, 0.00048672003322280943]"
2205,1,48.87%,85.99%,0.0763,"[0.1017427146434784, 0.8982572555541992]"
2206,1,48.89%,86.00%,0.1325,"[0.09213506430387497, 0.9078649878501892]"
2207,0,48.87%,86.01%,0.0007,"[0.9986310601234436, 0.0013689675834029913]"
2208,0,48.85%,86.01%,0.0006,"[0.9994381070137024, 0.0005618593422695994]"
2209,0,48.82%,86.02%,0.0004,"[0.9996689558029175, 0.0003310923639219254]"
2210,0,48.80%,86.02%,0.0005,"[0.999583899974823, 0.00041612680070102215]"
2211,1,48.82%,86.03%,0.0991,"[0.09594769775867462, 0.9040522575378418]"
2212,1,48.85%,86.04%,0.1063,"[0.09755344688892365, 0.9024465680122375]"
2213,0,48.83%,86.04%,0.0004,"[0.9996939897537231, 0.0003060603921767324]"
2214,1,48.85%,86.05%,0.1885,"[0.11839320510625839, 0.8816068172454834]"
2215,0,48.83%,86.06%,0.0008,"[0.9984444975852966, 0.0015554692363366485]"
2216,1,48.85%,86.06%,0.0422,"[0.05073027312755585, 0.949269711971283]"
2217,1,48.87%,86.07%,0.0941,"[0.08545564860105515, 0.914544403553009]"
2218,0,48.85%,86.07%,0.0004,"[0.9997205138206482, 0.0002794634201563895]"
2219,1,48.87%,86.08%,0.0664,"[0.06322585046291351, 0.9367741346359253]"
2220,1,48.90%,86.09%,0.0512,"[0.052222996950149536, 0.9477769732475281]"
2221,1,48.92%,86.09%,0.0792,"[0.06396974623203278, 0.9360302686691284]"
2222,1,48.94%,86.10%,0.0738,"[0.06952247023582458, 0.930477499961853]"
2223,0,48.92%,86.11%,0.0005,"[0.9992753863334656, 0.0007246113382279873]"
2224,1,48.94%,86.11%,0.0810,"[0.0598113052546978, 0.9401887059211731]"
2225,0,48.92%,86.12%,0.0017,"[0.9994887113571167, 0.000511304649990052]"
2226,1,48.94%,86.12%,0.0675,"[0.0750267282128334, 0.9249733090400696]"
2227,0,48.92%,86.13%,0.0003,"[0.9996881484985352, 0.0003118609020020813]"
2228,0,48.90%,86.14%,0.0013,"[0.9993841648101807, 0.0006158597534522414]"
2229,1,48.92%,86.14%,0.0594,"[0.060012247413396835, 0.9399877786636353]"
2230,0,48.90%,86.15%,0.0007,"[0.9993952512741089, 0.0006047823117114604]"
2231,1,48.92%,86.16%,0.0465,"[0.04162174463272095, 0.958378255367279]"
2232,1,48.95%,86.16%,0.0283,"[0.04185779392719269, 0.9581422209739685]"
2233,0,48.93%,86.17%,0.0006,"[0.9995890259742737, 0.00041097408393397927]"
2234,1,48.95%,86.17%,0.0261,"[0.03098929300904274, 0.9690106511116028]"
2235,0,48.93%,86.18%,0.0004,"[0.9996675252914429, 0.000332479685312137]"
2236,1,48.95%,86.19%,0.0495,"[0.0277271531522274, 0.9722728729248047]"
2237,0,48.93%,86.19%,0.0012,"[0.9993508458137512, 0.0006491461535915732]"
2238,0,48.91%,86.20%,0.0003,"[0.9994760155677795, 0.0005239786696620286]"
2239,0,48.88%,86.21%,0.0003,"[0.9996527433395386, 0.00034730113111436367]"
2240,1,48.91%,86.21%,0.0314,"[0.04259105771780014, 0.9574089050292969]"
2241,0,48.88%,86.22%,0.0004,"[0.9995467066764832, 0.00045328334090299904]"
2242,1,48.91%,86.22%,0.0296,"[0.04070476442575455, 0.9592952132225037]"
2243,0,48.89%,86.19%,1.8102,"[0.4668771028518677, 0.5331228971481323]"
2244,1,48.91%,86.19%,0.0364,"[0.031140752136707306, 0.9688592553138733]"
2245,1,48.93%,86.20%,0.0333,"[0.030833931639790535, 0.9691660404205322]"
2246,1,48.95%,86.20%,0.0370,"[0.044530224055051804, 0.9554697871208191]"
2247,0,48.93%,86.21%,0.0003,"[0.9996737241744995, 0.0003263054240960628]"
2248,1,48.96%,86.22%,0.0287,"[0.02845510095357895, 0.9715448617935181]"
2249,1,48.98%,86.22%,0.0257,"[0.043828900903463364, 0.9561711549758911]"
2250,0,48.96%,86.23%,0.1214,"[0.5459795594215393, 0.4540204107761383]"
2251,0,48.93%,86.23%,0.0003,"[0.9996988773345947, 0.00030115796835161746]"
2252,0,48.91%,86.24%,0.0004,"[0.9997585415840149, 0.00024145969655364752]"
2253,0,48.89%,86.25%,0.0002,"[0.9997403025627136, 0.0002597098355181515]"
2254,1,48.91%,86.25%,0.0530,"[0.0453157015144825, 0.954684317111969]"
2255,1,48.94%,86.26%,0.0422,"[0.03340565413236618, 0.9665942788124084]"
2256,0,48.91%,86.26%,0.0004,"[0.9996659755706787, 0.0003340772818773985]"
2257,0,48.89%,86.27%,0.0008,"[0.9991744160652161, 0.0008256019791588187]"
2258,0,48.87%,86.28%,0.0007,"[0.9994655251502991, 0.0005345037789084017]"
2259,0,48.85%,86.24%,3.2043,"[0.04104841873049736, 0.9589515328407288]"
2260,1,48.87%,86.25%,0.0301,"[0.028317676857113838, 0.9716823101043701]"
2261,1,48.89%,86.25%,0.2453,"[0.26189813017845154, 0.7381018400192261]"
2262,1,48.92%,86.26%,0.0308,"[0.029596863314509392, 0.9704031348228455]"
2263,0,48.90%,86.26%,0.0003,"[0.999505877494812, 0.0004940639482811093]"
2264,1,48.92%,86.27%,0.0403,"[0.04010966420173645, 0.9598903059959412]"
2265,0,48.90%,86.28%,0.0002,"[0.9997311234474182, 0.0002688603999558836]"
2266,0,48.88%,86.28%,0.0004,"[0.9996227025985718, 0.00037730560870841146]"
2267,0,48.85%,86.24%,3.1111,"[0.045466210693120956, 0.9545337557792664]"
2268,0,48.83%,86.25%,0.0004,"[0.9996634721755981, 0.0003365585580468178]"
2269,1,48.85%,86.26%,1.8987,"[0.29224830865859985, 0.7077516913414001]"
2270,0,48.83%,86.22%,3.1192,"[0.04358045384287834, 0.9564195871353149]"
2271,1,48.86%,86.22%,0.0393,"[0.031122051179409027, 0.968877911567688]"
2272,0,48.83%,86.23%,0.0007,"[0.9977008700370789, 0.0022991837467998266]"
2273,0,48.81%,86.19%,2.7977,"[0.07446406781673431, 0.9255359172821045]"
2274,1,48.84%,86.20%,0.0591,"[0.054950907826423645, 0.9450490474700928]"
2275,0,48.81%,86.20%,0.0006,"[0.9993475079536438, 0.0006524522905237973]"
2276,0,48.79%,86.21%,0.0005,"[0.9996155500411987, 0.00038442379445768893]"
2277,1,48.81%,86.22%,0.0746,"[0.08011620491743088, 0.9198837876319885]"
2278,1,48.84%,86.22%,0.1084,"[0.08674797415733337, 0.913252055644989]"
2279,1,48.86%,86.23%,0.0648,"[0.07608648389577866, 0.9239134788513184]"
2280,1,48.88%,86.23%,0.0650,"[0.07835846394300461, 0.9216415286064148]"
2281,1,48.90%,86.24%,0.1063,"[0.09245014190673828, 0.9075499176979065]"
2282,1,48.93%,86.25%,0.0652,"[0.07725600898265839, 0.9227439165115356]"
2283,0,48.91%,86.25%,0.0002,"[0.9996911287307739, 0.0003088809025939554]"
2284,0,48.88%,86.26%,0.0004,"[0.9995914101600647, 0.00040857153362594545]"
2285,1,48.91%,86.26%,0.0892,"[0.0872257649898529, 0.9127742648124695]"
2286,1,48.93%,86.27%,0.0783,"[0.07652094215154648, 0.9234790802001953]"
2287,0,48.91%,86.23%,2.5740,"[0.07481423020362854, 0.9251857995986938]"
2288,1,48.93%,86.24%,0.1006,"[0.07854033261537552, 0.9214597344398499]"
2289,0,48.91%,86.20%,0.6535,"[0.3711809515953064, 0.6288190484046936]"
2290,0,48.89%,86.21%,0.0168,"[0.9919174313545227, 0.00808252114802599]"
2291,1,48.91%,86.21%,0.0731,"[0.08341113477945328, 0.9165889024734497]"
2292,1,48.93%,86.22%,0.0533,"[0.04645875096321106, 0.9535412788391113]"
2293,0,48.91%,86.22%,0.0004,"[0.9997286200523376, 0.00027132604736834764]"
2294,0,48.89%,86.23%,0.0002,"[0.9997723698616028, 0.00022768875351175666]"
2295,1,48.91%,86.24%,0.0874,"[0.09842395037412643, 0.901576042175293]"
2296,1,48.93%,86.24%,0.0887,"[0.09225661307573318, 0.9077433347702026]"
2297,1,48.96%,86.25%,0.0674,"[0.07857509702444077, 0.9214248657226562]"
2298,0,48.93%,86.25%,0.0007,"[0.9995130300521851, 0.0004869344411417842]"
2299,1,48.96%,86.26%,0.0705,"[0.06665199249982834, 0.9333480000495911]"
2300,1,48.98%,86.27%,0.0852,"[0.08762720972299576, 0.9123727679252625]"
2301,0,48.96%,86.27%,0.0003,"[0.9995378255844116, 0.00046224016114138067]"
2302,0,48.94%,86.28%,0.0002,"[0.9997773766517639, 0.00022259583056438714]"
2303,0,48.91%,86.28%,0.0002,"[0.9996964931488037, 0.0003035551344510168]"
2304,1,48.94%,86.29%,0.0351,"[0.03533722460269928, 0.9646627306938171]"
2305,0,48.92%,86.30%,0.0002,"[0.9997819066047668, 0.00021805567666888237]"
2306,0,48.89%,86.30%,0.0009,"[0.9993759989738464, 0.0006240032380446792]"
2307,0,48.87%,86.31%,0.0004,"[0.9995569586753845, 0.0004429953987710178]"
2308,1,48.90%,86.31%,0.2520,"[0.10020862519741058, 0.8997913599014282]"
2309,0,48.87%,86.32%,0.0006,"[0.99831223487854, 0.0016877634916454554]"
2310,1,48.90%,86.33%,0.0687,"[0.06603509187698364, 0.9339649677276611]"
2311,1,48.92%,86.33%,0.0589,"[0.06070714443922043, 0.9392927885055542]"
2312,1,48.94%,86.34%,0.0709,"[0.06913130730390549, 0.9308686852455139]"
2313,0,48.92%,86.34%,0.0004,"[0.9994300007820129, 0.0005700227920897305]"
2314,0,48.90%,86.35%,0.0014,"[0.9991636276245117, 0.000836401479318738]"
2315,1,48.92%,86.36%,0.0373,"[0.036931123584508896, 0.9630688428878784]"
2316,1,48.94%,86.36%,0.0752,"[0.04807264357805252, 0.9519274234771729]"
2317,1,48.96%,86.37%,0.0570,"[0.0644771009683609, 0.9355228543281555]"
2318,1,48.99%,86.37%,0.0397,"[0.047474779188632965, 0.95252525806427]"
2319,0,48.97%,86.38%,0.0007,"[0.9990481734275818, 0.0009518375154584646]"
2320,0,48.94%,86.39%,0.0002,"[0.9997878670692444, 0.000212159488000907]"
2321,0,48.92%,86.39%,0.0005,"[0.9996376037597656, 0.00036236821324564517]"
2322,0,48.90%,86.35%,2.2169,"[0.0942007303237915, 0.9057992696762085]"
2323,1,48.92%,86.36%,0.0377,"[0.0344996452331543, 0.9655003547668457]"
2324,0,48.90%,86.37%,0.0009,"[0.999482274055481, 0.0005177218117751181]"
2325,0,48.88%,86.37%,0.0003,"[0.9997425675392151, 0.0002574414829723537]"
2326,0,48.86%,86.38%,0.0003,"[0.9995566010475159, 0.0004433458379935473]"
2327,0,48.84%,86.38%,0.0027,"[0.9985912442207336, 0.0014087503077462316]"
2328,1,48.86%,86.39%,0.0397,"[0.041059356182813644, 0.9589406847953796]"
2329,1,48.88%,86.39%,0.0309,"[0.029073746874928474, 0.9709262847900391]"
2330,0,48.86%,86.40%,0.0031,"[0.9966328740119934, 0.003367161611095071]"
2331,0,48.84%,86.36%,2.0725,"[0.3900568187236786, 0.6099432706832886]"
2332,1,48.86%,86.37%,0.0217,"[0.0222235769033432, 0.9777764081954956]"
2333,1,48.89%,86.38%,0.0771,"[0.047027140855789185, 0.9529728293418884]"
2334,1,48.91%,86.38%,0.0330,"[0.032050564885139465, 0.9679494500160217]"
2335,0,48.89%,86.39%,0.0006,"[0.9995589852333069, 0.00044100332888774574]"
2336,1,48.91%,86.39%,0.0336,"[0.03033977374434471, 0.969660222530365]"
2337,0,48.89%,86.40%,1.4060,"[0.6054142713546753, 0.3945857286453247]"
2338,0,48.87%,86.40%,0.0012,"[0.9988879561424255, 0.0011120039271190763]"
2339,0,48.85%,86.41%,0.0006,"[0.9995802044868469, 0.00041979592060670257]"
2340,1,48.87%,86.42%,0.0371,"[0.030510161072015762, 0.9694898724555969]"
2341,1,48.89%,86.42%,0.0486,"[0.045600779354572296, 0.9543992280960083]"
2342,0,48.87%,86.43%,0.0003,"[0.9996187686920166, 0.00038125450373627245]"
2343,0,48.85%,86.43%,0.0003,"[0.9996947050094604, 0.00030537546263076365]"
2344,0,48.83%,86.44%,0.0003,"[0.9997523427009583, 0.00024765636771917343]"
2345,1,48.85%,86.45%,0.0216,"[0.027732765302062035, 0.9722672700881958]"
2346,0,48.83%,86.45%,0.0004,"[0.9989627599716187, 0.0010372051037847996]"
2347,1,48.85%,86.46%,0.0266,"[0.025114677846431732, 0.9748852849006653]"
2348,1,48.87%,86.46%,0.0241,"[0.022742191329598427, 0.9772577881813049]"
2349,0,48.85%,86.47%,0.0002,"[0.9998096823692322, 0.0001903441734611988]"
2350,0,48.83%,86.47%,0.0008,"[0.9996763467788696, 0.0003236261836718768]"
2351,1,48.85%,86.48%,0.0363,"[0.02873341366648674, 0.9712665677070618]"
2352,0,48.83%,86.49%,0.0002,"[0.9997062087059021, 0.00029379071202129126]"
2353,0,48.81%,86.45%,1.8422,"[0.18877705931663513, 0.8112229108810425]"
2354,1,48.83%,86.45%,0.0877,"[0.08087396621704102, 0.919126033782959]"
2355,0,48.81%,86.42%,3.1257,"[0.04874558001756668, 0.9512544870376587]"
2356,1,48.83%,86.42%,0.0880,"[0.09900415688753128, 0.9009957909584045]"
2357,0,48.81%,86.43%,0.0002,"[0.999790608882904, 0.00020941253751516342]"
2358,1,48.83%,86.43%,0.0402,"[0.031568922102451324, 0.9684310555458069]"
2359,1,48.86%,86.44%,0.0665,"[0.06187008321285248, 0.9381299614906311]"
2360,0,48.84%,86.45%,0.0003,"[0.999761164188385, 0.0002388692373642698]"
2361,0,48.81%,86.45%,0.0002,"[0.9998213648796082, 0.00017862129607237875]"
2362,1,48.84%,86.46%,0.0340,"[0.03243448957800865, 0.9675654768943787]"
2363,1,48.86%,86.46%,0.0731,"[0.07233821600675583, 0.9276617765426636]"
2364,1,48.88%,86.47%,0.0889,"[0.10998797416687012, 0.8900120258331299]"
2365,0,48.86%,86.43%,2.1583,"[0.09749456495046616, 0.9025053977966309]"
2366,1,48.88%,86.44%,0.0427,"[0.03220582753419876, 0.9677942395210266]"
2367,1,48.90%,86.44%,0.0876,"[0.08537120372056961, 0.9146288633346558]"
2368,1,48.92%,86.45%,0.1442,"[0.11149299144744873, 0.8885070085525513]"
2369,0,48.90%,86.46%,0.0003,"[0.9996473789215088, 0.00035261755692772567]"
2370,0,48.88%,86.42%,2.6240,"[0.09681826829910278, 0.9031816720962524]"
2371,1,48.90%,86.42%,0.1602,"[0.17132265865802765, 0.8286773562431335]"
2372,0,48.88%,86.43%,0.0003,"[0.9997386336326599, 0.0002613143587950617]"
2373,0,48.86%,86.44%,0.1474,"[0.7228779196739197, 0.2771220803260803]"
2374,0,48.84%,86.44%,0.0004,"[0.9996693134307861, 0.0003307065344415605]"
2375,0,48.82%,86.45%,0.0003,"[0.9996145963668823, 0.0003853181260637939]"
2376,0,48.80%,86.45%,0.0002,"[0.9998181462287903, 0.00018189719412475824]"
2377,1,48.82%,86.46%,0.0524,"[0.030639398843050003, 0.9693605899810791]"
2378,1,48.84%,86.46%,0.3883,"[0.3035053014755249, 0.6964946389198303]"
2379,1,48.87%,86.47%,0.0349,"[0.04956753924489021, 0.9504324197769165]"
2380,1,48.89%,86.48%,0.0647,"[0.08612221479415894, 0.9138777256011963]"
2381,1,48.91%,86.48%,0.0329,"[0.08097599446773529, 0.9190239310264587]"
2382,1,48.93%,86.49%,0.0927,"[0.08345572650432587, 0.9165442585945129]"
2383,1,48.95%,86.49%,0.0694,"[0.0619821697473526, 0.9380178451538086]"
2384,1,48.97%,86.50%,0.0703,"[0.06324436515569687, 0.9367555975914001]"
2385,0,48.95%,86.46%,1.4967,"[0.2902149558067322, 0.7097850441932678]"
2386,0,48.93%,86.43%,2.6368,"[0.055603865534067154, 0.9443961381912231]"
2387,1,48.95%,86.43%,0.0625,"[0.07145601511001587, 0.9285439252853394]"
2388,1,48.97%,86.44%,0.0463,"[0.036699116230010986, 0.963300883769989]"
2389,0,48.95%,86.44%,0.0002,"[0.9998112320899963, 0.00018879333219956607]"
2390,0,48.93%,86.45%,0.0003,"[0.9996974468231201, 0.00030257852631621063]"
2391,0,48.91%,86.45%,0.0004,"[0.9995672106742859, 0.0004328179347794503]"
2392,1,48.93%,86.46%,0.0466,"[0.026018289849162102, 0.9739816784858704]"
2393,0,48.91%,86.42%,2.0839,"[0.11907333880662918, 0.8809266090393066]"
2394,0,48.89%,86.43%,0.0004,"[0.9997984766960144, 0.00020159996347501874]"
2395,1,48.91%,86.44%,0.5607,"[0.4078249931335449, 0.5921749472618103]"
2396,0,48.89%,86.44%,0.7334,"[0.6168736219406128, 0.38312631845474243]"
2397,1,48.92%,86.45%,0.0579,"[0.04991115257143974, 0.9500888586044312]"
2398,1,48.94%,86.45%,0.0903,"[0.05463680997490883, 0.9453631639480591]"
2399,0,48.92%,86.46%,0.0002,"[0.9997645020484924, 0.00023554780636914074]"
2400,1,48.94%,86.42%,1.3274,"[0.6084258556365967, 0.3915742039680481]"
2401,1,48.96%,86.43%,0.0382,"[0.052254337817430496, 0.947745680809021]"
2402,0,48.94%,86.43%,0.0016,"[0.9980918765068054, 0.0019081570208072662]"
2403,0,48.92%,86.44%,0.0003,"[0.9997217059135437, 0.0002782953670248389]"
2404,1,48.94%,86.44%,0.2965,"[0.3506461977958679, 0.6493538618087769]"
2405,0,48.92%,86.45%,0.0009,"[0.999411940574646, 0.0005880292737856507]"
2406,0,48.90%,86.46%,0.0003,"[0.9997031092643738, 0.00029690019437111914]"
2407,1,48.92%,86.46%,0.0681,"[0.06266465038061142, 0.9373353719711304]"
2408,1,48.94%,86.47%,0.0344,"[0.03534528985619545, 0.9646546840667725]"
2409,0,48.92%,86.47%,0.0008,"[0.9984355568885803, 0.001564481295645237]"
2410,0,48.90%,86.48%,0.0002,"[0.9997661709785461, 0.00023379026970360428]"
2411,1,48.92%,86.48%,0.0721,"[0.07512006163597107, 0.9248799085617065]"
2412,1,48.94%,86.49%,0.0257,"[0.03178311139345169, 0.9682168960571289]"
2413,0,48.92%,86.45%,3.0573,"[0.055565137416124344, 0.9444348216056824]"
2414,1,48.94%,86.46%,0.0436,"[0.038784682750701904, 0.9612153172492981]"
2415,1,48.97%,86.47%,0.0235,"[0.03092724084854126, 0.9690727591514587]"
2416,0,48.94%,86.47%,0.0003,"[0.9996811151504517, 0.0003188824048265815]"
2417,0,48.92%,86.48%,0.0003,"[0.9997230172157288, 0.0002769657876342535]"
2418,0,48.90%,86.44%,2.8171,"[0.04918880760669708, 0.9508112072944641]"
2419,0,48.88%,86.45%,0.0061,"[0.9988442659378052, 0.0011557003017514944]"
2420,0,48.86%,86.45%,0.0010,"[0.9991558790206909, 0.0008441596291959286]"
2421,1,48.89%,86.46%,0.1255,"[0.08665774762630463, 0.9133422374725342]"
2422,1,48.91%,86.46%,0.1741,"[0.09162863343954086, 0.9083713889122009]"
2423,0,48.89%,86.47%,0.0034,"[0.9967659711837769, 0.003233998315408826]"
2424,0,48.87%,86.47%,0.0004,"[0.9991338849067688, 0.0008661179454065859]"
2425,1,48.89%,86.48%,0.0762,"[0.0888633131980896, 0.9111367464065552]"
2426,1,48.91%,86.49%,0.0616,"[0.05821854993700981, 0.9417815208435059]"
2427,1,48.93%,86.49%,0.0559,"[0.04366343840956688, 0.9563366174697876]"
2428,0,48.91%,86.46%,1.3982,"[0.22980111837387085, 0.7701988816261292]"
2429,0,48.89%,86.42%,2.8716,"[0.0598161444067955, 0.9401838779449463]"
2430,1,48.91%,86.43%,0.0639,"[0.0602598711848259, 0.9397401213645935]"
2431,1,48.93%,86.43%,0.0744,"[0.07128952443599701, 0.9287104606628418]"
2432,1,48.95%,86.44%,0.0819,"[0.07255378365516663, 0.927446186542511]"
2433,1,48.97%,86.44%,0.0732,"[0.08849850296974182, 0.9115014672279358]"
2434,1,48.99%,86.45%,0.0627,"[0.056237056851387024, 0.9437629580497742]"
2435,0,48.97%,86.45%,0.0003,"[0.999750554561615, 0.00024945312179625034]"
2436,0,48.95%,86.46%,0.0006,"[0.9994974136352539, 0.0005025565624237061]"
2437,0,48.93%,86.42%,2.4601,"[0.08433257043361664, 0.9156674146652222]"
2438,0,48.91%,86.43%,0.3444,"[0.701316237449646, 0.2986838221549988]"
2439,0,48.89%,86.43%,0.0014,"[0.998981773853302, 0.0010181792313233018]"
2440,1,48.91%,86.44%,0.1525,"[0.1190372034907341, 0.8809627890586853]"
2441,0,48.89%,86.45%,0.0002,"[0.9998102784156799, 0.00018977659055963159]"
2442,1,48.92%,86.45%,0.0815,"[0.10048141330480576, 0.8995185494422913]"
2443,1,48.94%,86.42%,0.5785,"[0.6574656367301941, 0.3425343930721283]"
2444,0,48.92%,86.42%,0.6882,"[0.6774469017982483, 0.3225530982017517]"
2445,0,48.90%,86.43%,0.0003,"[0.9997065663337708, 0.00029336163424886763]"
2446,1,48.92%,86.43%,0.2138,"[0.18860161304473877, 0.8113983869552612]"
2447,1,48.94%,86.44%,0.0628,"[0.05554309859871864, 0.944456934928894]"
2448,0,48.92%,86.44%,0.0004,"[0.9993189573287964, 0.0006810828926973045]"
2449,0,48.90%,86.45%,0.0002,"[0.9998053908348083, 0.0001946065021911636]"
2450,1,48.92%,86.45%,0.1632,"[0.14005161821842194, 0.8599483966827393]"
2451,1,48.94%,86.46%,0.1393,"[0.11904140561819077, 0.880958616733551]"
2452,0,48.92%,86.47%,0.0007,"[0.9990984201431274, 0.0009016155963763595]"
2453,0,48.90%,86.47%,0.0019,"[0.9995476603507996, 0.0004523014067672193]"
2454,1,48.92%,86.48%,0.0731,"[0.0473606251180172, 0.9526394009590149]"
2455,1,48.94%,86.48%,0.0866,"[0.09256768226623535, 0.9074322581291199]"
2456,0,48.92%,86.49%,0.0002,"[0.9997597336769104, 0.00024021213175728917]"
2457,0,48.90%,86.49%,0.0003,"[0.9996737241744995, 0.0003262466052547097]"
2458,0,48.88%,86.50%,0.0024,"[0.9987024068832397, 0.0012975184945389628]"
2459,0,48.86%,86.50%,0.0002,"[0.9997444748878479, 0.0002555226383265108]"
2460,1,48.88%,86.51%,0.0826,"[0.07192717492580414, 0.9280728101730347]"
2461,1,48.90%,86.52%,0.0909,"[0.0897289291024208, 0.9102709889411926]"
2462,1,48.92%,86.52%,0.0923,"[0.08822538703680038, 0.9117745757102966]"
2463,1,48.94%,86.53%,0.0723,"[0.0710715502500534, 0.9289284944534302]"
2464,0,48.92%,86.53%,0.0006,"[0.9993131160736084, 0.0006869461503811181]"
2465,1,48.95%,86.54%,0.0513,"[0.03902604058384895, 0.9609739780426025]"
2466,1,48.97%,86.54%,0.0536,"[0.050046637654304504, 0.9499533772468567]"
2467,1,48.99%,86.55%,0.1662,"[0.4400630295276642, 0.5599370002746582]"
2468,1,49.01%,86.55%,0.0202,"[0.03329816833138466, 0.9667018055915833]"
2469,1,49.03%,86.56%,0.0339,"[0.02897840179502964, 0.9710215926170349]"
2470,1,49.05%,86.56%,0.0497,"[0.045143842697143555, 0.9548561573028564]"
2471,0,49.03%,86.57%,0.0003,"[0.9997676014900208, 0.00023242851602844894]"
2472,1,49.05%,86.58%,0.0499,"[0.03814471885561943, 0.9618552327156067]"
2473,0,49.03%,86.58%,0.0003,"[0.9996440410614014, 0.000355939962901175]"
2474,0,49.01%,86.59%,0.0003,"[0.9995549321174622, 0.0004450168344192207]"
2475,1,49.03%,86.59%,0.0323,"[0.0342106856405735, 0.965789258480072]"
2476,1,49.05%,86.60%,0.0312,"[0.03086364082992077, 0.9691363573074341]"
2477,1,49.07%,86.60%,0.0209,"[0.023359186947345734, 0.9766407608985901]"
2478,0,49.05%,86.61%,0.0053,"[0.993728756904602, 0.006271245889365673]"
2479,1,49.07%,86.61%,0.0213,"[0.025075575336813927, 0.9749245047569275]"
2480,0,49.05%,86.62%,0.0007,"[0.9983189702033997, 0.001680949586443603]"
2481,1,49.07%,86.62%,0.0238,"[0.023354120552539825, 0.9766458868980408]"
2482,1,49.09%,86.63%,0.0296,"[0.024600069969892502, 0.975399911403656]"
2483,0,49.07%,86.59%,3.4264,"[0.03272854536771774, 0.9672715067863464]"
2484,0,49.05%,86.56%,3.6389,"[0.026658829301595688, 0.9733412265777588]"
2485,1,49.07%,86.56%,0.0250,"[0.02754410170018673, 0.9724559187889099]"
2486,1,49.10%,86.57%,0.0301,"[0.030501022934913635, 0.9694989323616028]"
2487,0,49.08%,86.54%,3.6269,"[0.02584567479789257, 0.9741543531417847]"
2488,1,49.10%,86.54%,0.0266,"[0.02828439511358738, 0.9717156291007996]"
2489,0,49.08%,86.55%,0.0008,"[0.9996746778488159, 0.0003253300383221358]"
2490,1,49.10%,86.55%,0.0340,"[0.026883196085691452, 0.9731167554855347]"
2491,1,49.12%,86.56%,0.0388,"[0.02479461394250393, 0.9752053022384644]"
2492,1,49.14%,86.56%,0.0323,"[0.026177527382969856, 0.9738224744796753]"
2493,0,49.12%,86.57%,0.0123,"[0.9988333582878113, 0.0011666094651445746]"
2494,1,49.14%,86.57%,0.0451,"[0.04484968259930611, 0.9551503658294678]"
2495,0,49.12%,86.58%,0.0004,"[0.9996552467346191, 0.0003448035567998886]"
2496,1,49.14%,86.58%,0.0619,"[0.056309960782527924, 0.9436900615692139]"
2497,0,49.12%,86.59%,0.0005,"[0.9995256662368774, 0.00047429624828509986]"
2498,0,49.10%,86.55%,2.9188,"[0.05126244202256203, 0.9487375020980835]"
2499,1,49.12%,86.56%,0.0540,"[0.0475444495677948, 0.9524555206298828]"
2500,0,49.10%,86.57%,0.0009,"[0.9992825388908386, 0.0007175413775257766]"
2501,0,49.08%,86.57%,0.0003,"[0.9996299743652344, 0.00037001195596531034]"
2502,0,49.06%,86.58%,0.0696,"[0.5306926369667053, 0.4693072736263275]"
2503,0,49.04%,86.58%,0.0043,"[0.9985300302505493, 0.0014698982704430819]"
2504,1,49.06%,86.59%,0.0507,"[0.04863796755671501, 0.9513620138168335]"
2505,1,49.08%,86.59%,0.0576,"[0.044200439006090164, 0.9557995200157166]"
2506,0,49.06%,86.60%,0.0003,"[0.9997614026069641, 0.00023857604537624866]"
2507,1,49.08%,86.60%,0.0567,"[0.06412288546562195, 0.9358770847320557]"
2508,0,49.06%,86.61%,0.0003,"[0.999546229839325, 0.00045378206414170563]"
2509,1,49.08%,86.61%,0.0825,"[0.0805281549692154, 0.919471800327301]"
2510,0,49.06%,86.62%,0.0002,"[0.9997351765632629, 0.000264805305050686]"
2511,0,49.04%,86.62%,0.2309,"[0.5231865644454956, 0.476813405752182]"
2512,0,49.03%,86.59%,2.4789,"[0.08267792314291, 0.9173220992088318]"
2513,1,49.05%,86.60%,0.0931,"[0.09147966653108597, 0.9085203409194946]"
2514,1,49.07%,86.60%,0.0626,"[0.0581573061645031, 0.9418427348136902]"
2515,0,49.05%,86.61%,0.0002,"[0.999555766582489, 0.0004441649653017521]"
2516,1,49.07%,86.61%,0.1055,"[0.10239341109991074, 0.8976066708564758]"
2517,0,49.05%,86.62%,0.0002,"[0.9998062252998352, 0.0001937380147865042]"
2518,1,49.07%,86.62%,0.0957,"[0.09103386104106903, 0.908966064453125]"
2519,0,49.05%,86.63%,0.0002,"[0.9997925162315369, 0.00020745419897139072]"
2520,1,49.07%,86.63%,0.0594,"[0.03662903234362602, 0.9633710384368896]"
2521,1,49.09%,86.64%,0.2339,"[0.13459044694900513, 0.8654095530509949]"
2522,1,49.11%,86.64%,0.0982,"[0.09037620574235916, 0.9096238017082214]"
2523,0,49.09%,86.61%,1.8479,"[0.14738678932189941, 0.8526132106781006]"
2524,0,49.07%,86.61%,0.0001,"[0.9998642206192017, 0.0001357168221147731]"
2525,1,49.09%,86.62%,0.0665,"[0.06520862132310867, 0.9347913265228271]"
2526,1,49.11%,86.62%,0.0565,"[0.054931771010160446, 0.9450682401657104]"
2527,1,49.13%,86.63%,0.1680,"[0.16517473757266998, 0.8348252773284912]"
2528,0,49.11%,86.64%,0.0005,"[0.9996815919876099, 0.0003184622328262776]"
2529,1,49.13%,86.64%,0.1124,"[0.0976426973938942, 0.9023573398590088]"
2530,0,49.11%,86.65%,0.0004,"[0.9996999502182007, 0.000300101499306038]"
2531,0,49.09%,86.65%,0.0001,"[0.9998562335968018, 0.0001437890896340832]"
2532,0,49.07%,86.66%,0.0014,"[0.9988507032394409, 0.0011492572957649827]"
2533,0,49.05%,86.66%,0.0003,"[0.999762237071991, 0.00023776809393893927]"
2534,1,49.07%,86.67%,0.0943,"[0.07090688496828079, 0.9290931224822998]"
2535,0,49.05%,86.67%,0.0005,"[0.99935382604599, 0.0006461934535764158]"
2536,1,49.07%,86.68%,0.0693,"[0.07357145845890045, 0.9264286160469055]"
2537,1,49.09%,86.68%,0.0717,"[0.07304757088422775, 0.9269524216651917]"
2538,1,49.11%,86.69%,0.0540,"[0.07257029414176941, 0.9274296760559082]"
2539,1,49.13%,86.69%,0.0546,"[0.06344784051179886, 0.9365521669387817]"
2540,1,49.15%,86.70%,0.0812,"[0.0844825804233551, 0.9155174493789673]"
2541,0,49.13%,86.70%,0.0002,"[0.9998123049736023, 0.0001877644972410053]"
2542,0,49.12%,86.71%,0.0006,"[0.9993756413459778, 0.0006244447431527078]"
2543,0,49.10%,86.71%,0.0002,"[0.9998151659965515, 0.00018483813619241118]"
2544,0,49.08%,86.68%,2.8351,"[0.05456143617630005, 0.9454385638237]"
2545,1,49.10%,86.65%,1.8521,"[0.9019989967346191, 0.09800101816654205]"
2546,1,49.12%,86.65%,0.1038,"[0.15200838446617126, 0.8479916453361511]"
2547,0,49.10%,86.66%,0.0336,"[0.9971848130226135, 0.0028152086306363344]"
2548,0,49.08%,86.66%,0.0004,"[0.9994624257087708, 0.0005376078188419342]"
2549,0,49.06%,86.67%,0.0002,"[0.999790370464325, 0.0002096852840622887]"
2550,0,49.04%,86.63%,1.5013,"[0.121691033244133, 0.8783090114593506]"
2551,0,49.02%,86.64%,0.0003,"[0.9997411370277405, 0.0002588248753454536]"
2552,0,49.00%,86.64%,0.0035,"[0.9985947012901306, 0.0014052396873012185]"
2553,0,48.98%,86.65%,0.0132,"[0.9972910284996033, 0.0027089950162917376]"
2554,0,48.96%,86.65%,0.0004,"[0.9996458292007446, 0.00035410886630415916]"
2555,0,48.94%,86.66%,0.0002,"[0.9997926354408264, 0.0002074014046229422]"
2556,1,48.96%,86.66%,0.0284,"[0.023248441517353058, 0.9767515659332275]"
2557,1,48.98%,86.67%,0.0681,"[0.05372309684753418, 0.946276843547821]"
2558,1,49.00%,86.67%,0.0693,"[0.05143260583281517, 0.9485673308372498]"
2559,0,48.98%,86.68%,0.0002,"[0.99980229139328, 0.00019776987028308213]"
2560,1,49.00%,86.68%,0.0457,"[0.040387094020843506, 0.9596129059791565]"
2561,0,48.99%,86.69%,0.0061,"[0.9994339346885681, 0.000566020724363625]"
2562,0,48.97%,86.70%,0.0002,"[0.9997546076774597, 0.0002454464847687632]"
2563,0,48.95%,86.70%,0.0153,"[0.9989990592002869, 0.0010009300895035267]"
2564,1,48.97%,86.71%,0.0496,"[0.04921534284949303, 0.9507846832275391]"
2565,0,48.95%,86.71%,0.0002,"[0.9998018145561218, 0.0001982490357477218]"
2566,1,48.97%,86.72%,0.0253,"[0.04299549013376236, 0.9570045471191406]"
2567,1,48.99%,86.72%,0.0534,"[0.048778921365737915, 0.9512211084365845]"
2568,1,49.01%,86.73%,0.0320,"[0.035780224949121475, 0.9642198085784912]"
2569,1,49.03%,86.73%,0.0514,"[0.04084460437297821, 0.9591553807258606]"
2570,0,49.01%,86.74%,0.0004,"[0.9995297193527222, 0.00047032092697918415]"
2571,1,49.03%,86.74%,0.0316,"[0.03135920315980911, 0.9686408638954163]"
2572,0,49.01%,86.75%,0.0025,"[0.9992582201957703, 0.0007417896413244307]"
2573,0,48.99%,86.75%,0.0002,"[0.9996737241744995, 0.0003263113321736455]"
2574,1,49.01%,86.76%,0.0282,"[0.019438624382019043, 0.9805613160133362]"
2575,1,49.03%,86.76%,0.0277,"[0.027240391820669174, 0.9727596044540405]"
2576,1,49.05%,86.77%,0.0326,"[0.035372279584407806, 0.9646276831626892]"
2577,1,49.07%,86.77%,0.0653,"[0.05017687752842903, 0.9498231410980225]"
2578,1,49.09%,86.78%,0.0190,"[0.020275508984923363, 0.9797245264053345]"
2579,1,49.11%,86.78%,0.0342,"[0.03289071097970009, 0.9671092629432678]"
2580,1,49.13%,86.79%,0.0440,"[0.050818465650081635, 0.9491814970970154]"
2581,1,49.15%,86.79%,0.0395,"[0.03748695179820061, 0.9625130295753479]"
2582,1,49.17%,86.80%,0.0460,"[0.050997477024793625, 0.9490025043487549]"
2583,1,49.19%,86.80%,0.0152,"[0.021984722465276718, 0.9780152440071106]"
2584,1,49.21%,86.81%,0.0328,"[0.03232957422733307, 0.9676703810691833]"
2585,0,49.19%,86.77%,2.6462,"[0.0681765079498291, 0.9318234920501709]"
2586,0,49.17%,86.78%,0.0006,"[0.9996009469032288, 0.00039910050691105425]"
2587,0,49.15%,86.79%,0.0218,"[0.9991008043289185, 0.0008991786162368953]"
2588,0,49.13%,86.79%,0.0003,"[0.9997230172157288, 0.0002769583952613175]"
2589,1,49.15%,86.80%,0.0218,"[0.01812930218875408, 0.9818706512451172]"
2590,0,49.13%,86.80%,0.0001,"[0.9998362064361572, 0.00016374800179619342]"
2591,0,49.11%,86.81%,0.0006,"[0.999647855758667, 0.0003521850157994777]"
2592,1,49.13%,86.81%,0.0361,"[0.030413158237934113, 0.9695867896080017]"
2593,0,49.11%,86.82%,0.0008,"[0.9992780089378357, 0.0007219640538096428]"
2594,1,49.13%,86.82%,0.0333,"[0.027875715866684914, 0.9721242785453796]"
2595,1,49.15%,86.83%,0.0266,"[0.025796988978981972, 0.9742030501365662]"
2596,0,49.13%,86.79%,1.9754,"[0.27594876289367676, 0.7240512371063232]"
2597,0,49.11%,86.76%,3.5487,"[0.029817253351211548, 0.9701827764511108]"
2598,0,49.10%,86.76%,0.3311,"[0.6666094660758972, 0.33339056372642517]"
2599,0,49.08%,86.77%,0.0002,"[0.9998407363891602, 0.00015929131768643856]"
2600,1,49.10%,86.77%,0.0445,"[0.04309935122728348, 0.9569005966186523]"
2601,1,49.12%,86.78%,0.0346,"[0.03558216243982315, 0.9644178748130798]"
2602,0,49.10%,86.78%,0.0001,"[0.9998877048492432, 0.00011225389607716352]"
2603,1,49.12%,86.75%,0.7142,"[0.9772437810897827, 0.022756153717637062]"
2604,0,49.10%,86.72%,2.8744,"[0.05228123813867569, 0.9477186799049377]"
2605,0,49.08%,86.72%,0.0315,"[0.8809509873390198, 0.11904904246330261]"
2606,0,49.06%,86.69%,0.0274,"[0.4731031060218811, 0.5268968343734741]"
2607,1,49.08%,86.69%,0.0456,"[0.04538097605109215, 0.9546190500259399]"
2608,1,49.10%,86.70%,0.0673,"[0.05465107783675194, 0.9453489780426025]"
2609,1,49.12%,86.70%,0.0608,"[0.0675065740942955, 0.9324933886528015]"
2610,0,49.10%,86.71%,0.0002,"[0.9998611211776733, 0.00013891812704969198]"
2611,1,49.12%,86.72%,0.0759,"[0.0562225803732872, 0.9437774419784546]"
2612,1,49.14%,86.72%,0.0307,"[0.037821702659130096, 0.9621782898902893]"
2613,0,49.12%,86.73%,0.0001,"[0.9998518228530884, 0.00014817831106483936]"
2614,0,49.10%,86.73%,0.0001,"[0.9998382329940796, 0.0001617389207240194]"
2615,1,49.12%,86.70%,0.2599,"[0.9753918647766113, 0.024608150124549866]"
2616,0,49.10%,86.70%,0.0001,"[0.9998961687088013, 0.00010379292507423088]"
2617,1,49.12%,86.71%,0.0378,"[0.034011926501989365, 0.9659880995750427]"
2618,1,49.14%,86.71%,0.0268,"[0.03922697901725769, 0.9607729911804199]"
2619,1,49.16%,86.72%,0.8204,"[0.43976762890815735, 0.5602323412895203]"
2620,0,49.14%,86.72%,0.0002,"[0.999848484992981, 0.0001515118929091841]"
2621,1,49.16%,86.73%,0.0258,"[0.035110749304294586, 0.9648892283439636]"
2622,0,49.14%,86.73%,0.0001,"[0.9998856782913208, 0.00011426045239204541]"
2623,1,49.16%,86.74%,0.2731,"[0.28015583753585815, 0.7198442220687866]"
2624,1,49.18%,86.74%,0.0247,"[0.0259148757904768, 0.9740851521492004]"
2625,1,49.20%,86.75%,0.0494,"[0.049379799515008926, 0.950620174407959]"
2626,1,49.22%,86.75%,0.0373,"[0.03926769644021988, 0.9607322812080383]"
2627,1,49.24%,86.76%,0.0416,"[0.04221421480178833, 0.9577857851982117]"
2628,1,49.26%,86.76%,0.0335,"[0.03008255735039711, 0.9699174165725708]"
2629,1,49.28%,86.77%,0.0200,"[0.027008511126041412, 0.9729914665222168]"
2630,0,49.26%,86.77%,0.0003,"[0.9996529817581177, 0.00034706827136687934]"
2631,0,49.24%,86.78%,0.0002,"[0.9997816681861877, 0.0002183477918151766]"
2632,0,49.22%,86.75%,0.1796,"[0.4148397445678711, 0.5851603150367737]"
2633,0,49.20%,86.75%,0.0001,"[0.9998593330383301, 0.00014068240125197917]"
2634,0,49.18%,86.76%,0.0003,"[0.9996340274810791, 0.00036591931711882353]"
2635,0,49.17%,86.72%,2.6116,"[0.05909411236643791, 0.9409059286117554]"
2636,0,49.15%,86.73%,0.0005,"[0.9994358420372009, 0.0005640813615173101]"
2637,0,49.13%,86.69%,2.1453,"[0.09161008894443512, 0.9083898663520813]"
2638,1,49.15%,86.70%,0.0332,"[0.02905854769051075, 0.9709414839744568]"
2639,1,49.17%,86.70%,0.0328,"[0.02735724113881588, 0.9726427793502808]"
2640,1,49.19%,86.71%,0.0324,"[0.030422236770391464, 0.9695777297019958]"
2641,0,49.17%,86.71%,0.0001,"[0.9998335838317871, 0.0001663579314481467]"
2642,1,49.19%,86.72%,0.0444,"[0.32360032200813293, 0.6763996481895447]"
2643,0,49.17%,86.72%,0.0004,"[0.9994990825653076, 0.0005008459556847811]"
2644,1,49.19%,86.73%,0.0184,"[0.017682736739516258, 0.9823172092437744]"
2645,1,49.21%,86.73%,0.0366,"[0.04267418384552002, 0.9573258757591248]"
2646,0,49.19%,86.74%,0.0002,"[0.9998311996459961, 0.00016878258611541241]"
2647,1,49.21%,86.74%,0.3172,"[0.03180982917547226, 0.9681901931762695]"
2648,1,49.23%,86.75%,0.0411,"[0.04309921711683273, 0.9569008350372314]"
2649,0,49.21%,86.75%,0.0001,"[0.999883770942688, 0.00011621573503362015]"
2650,1,49.23%,86.76%,0.0263,"[0.024417074397206306, 0.9755828976631165]"
2651,1,49.25%,86.76%,0.0263,"[0.02295023761689663, 0.977049708366394]"
2652,1,49.26%,86.77%,0.0397,"[0.03129043057560921, 0.9687095284461975]"
2653,1,49.28%,86.77%,0.0190,"[0.024747369810938835, 0.975252628326416]"
2654,1,49.30%,86.78%,5.6666,"[0.04994245618581772, 0.9500575065612793]"
2655,0,49.28%,86.75%,2.7238,"[0.13171811401844025, 0.868281900882721]"
2656,1,49.30%,86.75%,0.0531,"[0.16059455275535583, 0.8394054174423218]"
2657,0,49.29%,86.76%,0.0002,"[0.9998351335525513, 0.00016481505008414388]"
2658,1,49.30%,86.76%,0.0237,"[0.02710237354040146, 0.9728975892066956]"
2659,1,49.32%,86.77%,0.0152,"[0.017676161602139473, 0.9823237657546997]"
2660,0,49.30%,86.77%,0.0001,"[0.9998733997344971, 0.00012659342610277236]"
2661,1,49.32%,86.78%,0.0275,"[0.026876991614699364, 0.9731229543685913]"
2662,0,49.31%,86.78%,0.0009,"[0.9980403780937195, 0.0019596507772803307]"
2663,0,49.29%,86.79%,0.0002,"[0.999788224697113, 0.00021183970966376364]"
2664,1,49.31%,86.79%,0.2157,"[0.18558456003665924, 0.814415454864502]"
2665,1,49.32%,86.80%,0.0225,"[0.02609764225780964, 0.9739024043083191]"
2666,0,49.31%,86.80%,0.0002,"[0.9998482465744019, 0.00015173526480793953]"
2667,1,49.33%,86.81%,0.0196,"[0.01951480843126774, 0.980485200881958]"
2668,0,49.31%,86.81%,0.0003,"[0.9994686245918274, 0.0005314410664141178]"
2669,1,49.33%,86.82%,0.0264,"[0.016470130532979965, 0.9835298657417297]"
2670,1,49.34%,86.82%,0.0177,"[0.01726529747247696, 0.982734739780426]"
2671,0,49.33%,86.79%,3.5788,"[0.03376533091068268, 0.9662346839904785]"
2672,0,49.31%,86.79%,0.0002,"[0.9998072981834412, 0.00019275500380899757]"
2673,0,49.29%,86.76%,2.2058,"[0.0827888548374176, 0.9172111749649048]"
2674,1,49.31%,86.77%,0.0273,"[0.030511874705553055, 0.9694880843162537]"
2675,1,49.33%,86.77%,0.0363,"[0.03216713294386864, 0.9678328633308411]"
2676,0,49.31%,86.78%,0.0008,"[0.9993600249290466, 0.0006399722769856453]"
2677,1,49.33%,86.78%,0.0377,"[0.04478397220373154, 0.9552160501480103]"
2678,0,49.31%,86.75%,2.8357,"[0.05311748385429382, 0.9468824863433838]"
2679,0,49.29%,86.75%,0.0019,"[0.9985790252685547, 0.0014209678629413247]"
2680,0,49.27%,86.76%,0.0002,"[0.9998182654380798, 0.00018179872131440789]"
2681,1,49.29%,86.76%,0.3261,"[0.4473649263381958, 0.5526350736618042]"
2682,0,49.27%,86.73%,2.0964,"[0.08738622069358826, 0.9126137495040894]"
2683,0,49.25%,86.74%,0.0002,"[0.9998376369476318, 0.00016234707436524332]"
2684,1,49.27%,86.74%,0.3356,"[0.3377401828765869, 0.6622598171234131]"
2685,0,49.26%,86.75%,0.0004,"[0.9996415376663208, 0.00035841818316839635]"
2686,0,49.24%,86.75%,0.0002,"[0.9997895359992981, 0.0002104475861415267]"
2687,1,49.26%,86.76%,0.0888,"[0.10039202868938446, 0.8996080160140991]"
2688,0,49.24%,86.76%,0.0002,"[0.9997822642326355, 0.00021771602041553706]"
2689,1,49.26%,86.77%,0.2827,"[0.05270138010382652, 0.9472986459732056]"
2690,1,49.28%,86.77%,0.0345,"[0.03757176175713539, 0.9624282121658325]"
2691,0,49.26%,86.78%,0.0002,"[0.9997780919075012, 0.0002219754969701171]"
2692,0,49.24%,86.74%,3.1121,"[0.0643753856420517, 0.9356245994567871]"
2693,1,49.26%,86.75%,0.0299,"[0.050704196095466614, 0.9492958188056946]"
2694,1,49.28%,86.75%,0.0541,"[0.04209219291806221, 0.9579078555107117]"
2695,0,49.26%,86.76%,0.0009,"[0.9985067248344421, 0.001493204734288156]"
2696,0,49.24%,86.76%,0.0008,"[0.9990954399108887, 0.0009045613696798682]"
2697,1,49.26%,86.77%,0.0367,"[0.03872407227754593, 0.9612759351730347]"
2698,0,49.24%,86.77%,0.0003,"[0.9996882677078247, 0.00031171939917840064]"
2699,0,49.22%,86.78%,0.0003,"[0.9996023774147034, 0.00039764330722391605]"
2700,1,49.24%,86.78%,0.0464,"[0.03816741704940796, 0.9618325233459473]"
2701,1,49.26%,86.79%,0.0491,"[0.043273504823446274, 0.9567265510559082]"
2702,1,49.28%,86.79%,0.0532,"[0.05240841582417488, 0.9475916624069214]"
2703,0,49.26%,86.80%,0.0030,"[0.9986415505409241, 0.0013585078995674849]"
2704,0,49.24%,86.80%,0.0004,"[0.9995150566101074, 0.0004849602410104126]"
2705,0,49.22%,86.81%,0.0003,"[0.9996969699859619, 0.00030309881549328566]"
2706,0,49.21%,86.78%,1.7031,"[0.1321779191493988, 0.8678221106529236]"
2707,0,49.19%,86.78%,0.0007,"[0.9993467926979065, 0.0006531827384606004]"
2708,1,49.21%,86.78%,0.3330,"[0.4017392098903656, 0.598260760307312]"
2709,0,49.19%,86.79%,0.0008,"[0.9993811845779419, 0.0006188162951730192]"
2710,1,49.21%,86.79%,0.0443,"[0.046622585505247116, 0.9533774256706238]"
2711,0,49.19%,86.76%,2.4446,"[0.09796444326639175, 0.9020355939865112]"
2712,1,49.21%,86.77%,0.0709,"[0.06266163289546967, 0.9373384118080139]"
2713,1,49.23%,86.77%,0.0530,"[0.04781859368085861, 0.9521814584732056]"
2714,0,49.21%,86.78%,0.0005,"[0.9992953538894653, 0.0007046833052299917]"
2715,1,49.23%,86.78%,0.1549,"[0.26262059807777405, 0.7373794317245483]"
2716,1,49.25%,86.79%,0.0674,"[0.03827675059437752, 0.961723268032074]"
2717,0,49.23%,86.79%,0.0008,"[0.999333918094635, 0.0006660970975644886]"
2718,1,49.25%,86.80%,0.0815,"[0.06840439140796661, 0.9315956234931946]"
2719,0,49.23%,86.80%,0.0103,"[0.9984617233276367, 0.001538343378342688]"
2720,1,49.25%,86.81%,0.0545,"[0.052272628992795944, 0.947727382183075]"
2721,0,49.23%,86.77%,1.5877,"[0.18285305798053741, 0.817146897315979]"
2722,0,49.21%,86.78%,1.3598,"[0.6687581539154053, 0.3312418758869171]"
2723,1,49.23%,86.78%,0.0494,"[0.04050750285387039, 0.9594925045967102]"
2724,0,49.21%,86.79%,0.0004,"[0.999688982963562, 0.0003110211982857436]"
2725,1,49.23%,86.79%,0.0521,"[0.06368568539619446, 0.9363142848014832]"
2726,0,49.21%,86.76%,2.7081,"[0.04926842823624611, 0.9507315754890442]"
2727,1,49.23%,86.77%,0.0677,"[0.06523779779672623, 0.934762179851532]"
2728,1,49.25%,86.77%,0.0488,"[0.04848987236618996, 0.9515100717544556]"
2729,1,49.27%,86.78%,0.0459,"[0.04787980765104294, 0.9521201848983765]"
2730,1,49.29%,86.78%,0.0522,"[0.05486619472503662, 0.9451338052749634]"
2731,0,49.27%,86.79%,0.0002,"[0.9998292922973633, 0.00017062382539734244]"
2732,1,49.29%,86.79%,0.0753,"[0.040917664766311646, 0.9590823650360107]"
2733,1,49.31%,86.80%,0.3153,"[0.12032728642225266, 0.8796727061271667]"
2734,1,49.32%,86.80%,0.2382,"[0.24563607573509216, 0.7543638944625854]"
2735,0,49.31%,86.81%,0.0006,"[0.9995112419128418, 0.0004888137336820364]"
2736,1,49.32%,86.81%,0.0489,"[0.142843559384346, 0.8571564555168152]"
2737,0,49.31%,86.82%,0.0003,"[0.9997292160987854, 0.0002707575331442058]"
2738,1,49.32%,86.82%,1.5804,"[0.04804908484220505, 0.9519509673118591]"
2739,0,49.31%,86.79%,0.8389,"[0.14136411249637604, 0.8586358428001404]"
2740,0,49.29%,86.79%,0.0002,"[0.9998096823692322, 0.0001903666852740571]"
2741,0,49.27%,86.80%,0.0003,"[0.999708354473114, 0.00029160932172089815]"
2742,0,49.25%,86.80%,0.0004,"[0.999152660369873, 0.000847384100779891]"
2743,1,49.27%,86.81%,0.0896,"[0.07325074821710587, 0.9267492294311523]"
2744,0,49.25%,86.78%,1.2105,"[0.1357206404209137, 0.8642793297767639]"
2745,0,49.24%,86.74%,2.9562,"[0.056014206260442734, 0.9439858198165894]"
2746,0,49.22%,86.75%,0.0003,"[0.9997745156288147, 0.00022551910660695285]"
2747,0,49.20%,86.75%,0.2376,"[0.6925098299980164, 0.30749011039733887]"
2748,1,49.22%,86.76%,0.0421,"[0.04388614371418953, 0.9561138153076172]"
2749,0,49.20%,86.76%,0.0006,"[0.999026894569397, 0.0009730926249176264]"
2750,1,49.22%,86.77%,0.0440,"[0.03986139968037605, 0.9601386189460754]"
2751,0,49.20%,86.77%,0.0007,"[0.9996181726455688, 0.0003818348341155797]"
2752,0,49.18%,86.78%,0.0002,"[0.9997710585594177, 0.00022897559392731637]"
2753,1,49.20%,86.78%,0.0634,"[0.08840752393007278, 0.9115924835205078]"
2754,0,49.18%,86.79%,0.0004,"[0.9995761513710022, 0.00042387808207422495]"
2755,0,49.17%,86.79%,0.0002,"[0.9998061060905457, 0.00019389268709346652]"
2756,0,49.15%,86.80%,0.0001,"[0.9998742341995239, 0.00012580174370668828]"
2757,0,49.13%,86.80%,0.0003,"[0.9997580647468567, 0.0002419256343273446]"
2758,0,49.11%,86.77%,1.9237,"[0.1334027796983719, 0.8665971755981445]"
2759,1,49.13%,86.78%,0.1686,"[0.04325813055038452, 0.9567418098449707]"
2760,1,49.15%,86.78%,0.1671,"[0.08802804350852966, 0.911971926689148]"
2761,1,49.17%,86.78%,0.0932,"[0.14818070828914642, 0.8518192768096924]"
2762,1,49.19%,86.79%,0.1068,"[0.07019665092229843, 0.9298033714294434]"
2763,0,49.17%,86.79%,0.0002,"[0.9998025298118591, 0.00019746310135815293]"
2764,1,49.19%,86.80%,0.0596,"[0.03128929063677788, 0.9687107801437378]"
2765,1,49.20%,86.80%,0.2359,"[0.3915606737136841, 0.6084393262863159]"
2766,0,49.19%,86.77%,0.0794,"[0.4466734528541565, 0.5533266067504883]"
2767,1,49.21%,86.78%,0.0626,"[0.07705463469028473, 0.9229453802108765]"
2768,1,49.22%,86.78%,0.1310,"[0.1743907779455185, 0.8256092667579651]"
2769,1,49.24%,86.79%,0.3428,"[0.15820737183094025, 0.8417925834655762]"
2770,1,49.26%,86.79%,0.0570,"[0.05303875729441643, 0.9469612836837769]"
2771,1,49.28%,86.80%,0.0422,"[0.039583947509527206, 0.9604160785675049]"
2772,1,49.30%,86.80%,0.0286,"[0.027787404134869576, 0.9722126126289368]"
2773,0,49.28%,86.81%,0.0003,"[0.9997162222862244, 0.0002837797219399363]"
2774,1,49.30%,86.81%,0.0343,"[0.03314734250307083, 0.9668526649475098]"
2775,1,49.32%,86.82%,0.0369,"[0.02856767177581787, 0.9714323878288269]"
2776,1,49.33%,86.82%,0.0354,"[0.0339590422809124, 0.9660409688949585]"
2777,0,49.32%,86.83%,0.0003,"[0.999708354473114, 0.00029166744207032025]"
2778,0,49.30%,86.83%,0.0006,"[0.9992156028747559, 0.0007843564380891621]"
2779,0,49.28%,86.80%,3.5317,"[0.02787897177040577, 0.972121000289917]"
2780,0,49.26%,86.80%,0.0002,"[0.9997661709785461, 0.00023380208585876971]"
2781,1,49.28%,86.81%,0.0258,"[0.027413995936512947, 0.9725860357284546]"
2782,1,49.30%,86.81%,0.0290,"[0.02899658866226673, 0.9710034132003784]"
2783,1,49.32%,86.82%,0.0343,"[0.03270048275589943, 0.9672995209693909]"
2784,1,49.34%,86.82%,0.0320,"[0.03271745517849922, 0.9672825336456299]"
2785,0,49.32%,86.83%,0.1144,"[0.9876931309700012, 0.01230686530470848]"
2786,0,49.30%,86.80%,3.5363,"[0.035001859068870544, 0.9649981260299683]"
2787,1,49.32%,86.80%,0.0300,"[0.030100379139184952, 0.9698996543884277]"
2788,1,49.34%,86.81%,0.0319,"[0.031359247863292694, 0.9686407446861267]"
2789,1,49.35%,86.81%,0.2042,"[0.2542594075202942, 0.7457405924797058]"
2790,1,49.37%,86.81%,0.0251,"[0.020600061863660812, 0.9793998599052429]"
2791,0,49.36%,86.82%,0.0002,"[0.999754011631012, 0.0002460179093759507]"
2792,0,49.34%,86.79%,3.1795,"[0.03964928165078163, 0.960350751876831]"
2793,0,49.32%,86.79%,0.0024,"[0.9996832609176636, 0.0003167632094118744]"
2794,0,49.30%,86.80%,0.0002,"[0.9994885921478271, 0.0005113717052154243]"
2795,0,49.28%,86.80%,0.0008,"[0.9993745684623718, 0.0006254205945879221]"
2796,1,49.30%,86.81%,0.0592,"[0.06004972755908966, 0.9399502873420715]"
2797,0,49.29%,86.81%,0.0023,"[0.997552216053009, 0.0024478540290147066]"
2798,0,49.27%,86.82%,0.0008,"[0.9987813830375671, 0.0012185809900984168]"
2799,1,49.29%,86.82%,0.0520,"[0.0497952476143837, 0.9502047300338745]"
2800,1,49.30%,86.83%,0.0500,"[0.04672197252511978, 0.9532780051231384]"
2801,1,49.32%,86.83%,0.0498,"[0.05101383477449417, 0.9489861726760864]"
2802,1,49.34%,86.84%,0.0459,"[0.03467157483100891, 0.9653285145759583]"
2803,0,49.32%,86.84%,0.4398,"[0.9869933128356934, 0.01300675980746746]"
2804,1,49.34%,86.84%,0.0736,"[0.06196395680308342, 0.9380360841751099]"
2805,0,49.32%,86.85%,0.0002,"[0.9997578263282776, 0.00024221900093834847]"
2806,1,49.34%,86.85%,0.0556,"[0.0563393160700798, 0.9436606168746948]"
2807,1,49.36%,86.86%,0.0317,"[0.040037184953689575, 0.959962785243988]"
2808,1,49.38%,86.86%,0.0641,"[0.05883089452981949, 0.9411690831184387]"
2809,0,49.36%,86.87%,0.0046,"[0.9944781064987183, 0.005521820392459631]"
2810,1,49.38%,86.87%,0.0906,"[0.1125270202755928, 0.8874730467796326]"
2811,0,49.36%,86.88%,0.0003,"[0.9997711777687073, 0.00022887387603987008]"
2812,1,49.38%,86.88%,0.0479,"[0.05011150240898132, 0.9498885273933411]"
2813,1,49.40%,86.89%,0.0629,"[0.062101591378450394, 0.9378983378410339]"
2814,0,49.38%,86.89%,0.0004,"[0.9997299313545227, 0.00027011247584596276]"
2815,1,49.40%,86.90%,0.0360,"[0.023960240185260773, 0.9760397672653198]"
2816,1,49.41%,86.90%,0.0510,"[0.07025346904993057, 0.9297465085983276]"
2817,0,49.40%,86.91%,0.0020,"[0.9988756775856018, 0.001124285045079887]"
2818,0,49.38%,86.91%,0.0002,"[0.9997957348823547, 0.0002042697451543063]"
2819,0,49.36%,86.91%,0.0005,"[0.9993237257003784, 0.0006763474666513503]"
2820,1,49.38%,86.92%,0.0327,"[0.03128620982170105, 0.9687137603759766]"
2821,0,49.36%,86.92%,0.0007,"[0.9997779726982117, 0.00022201061074156314]"
2822,1,49.38%,86.93%,0.0298,"[0.0303620807826519, 0.9696378707885742]"
2823,1,49.40%,86.93%,0.0280,"[0.030815372243523598, 0.9691846370697021]"
2824,1,49.42%,86.94%,0.0259,"[0.020320238545536995, 0.9796797633171082]"
2825,1,49.43%,86.94%,0.0254,"[0.02721710130572319, 0.9727828502655029]"
2826,1,49.45%,86.95%,0.0443,"[0.0387386716902256, 0.9612612724304199]"
2827,0,49.43%,86.95%,0.0001,"[0.9998444318771362, 0.0001554979244247079]"
2828,1,49.45%,86.96%,0.0402,"[0.03620937839150429, 0.9637905955314636]"
2829,1,49.47%,86.96%,0.0315,"[0.03458148613572121, 0.9654184579849243]"
2830,1,49.49%,86.97%,0.0578,"[0.06068095564842224, 0.9393190741539001]"
2831,0,49.47%,86.94%,0.1437,"[0.07419367879629135, 0.9258063435554504]"
2832,1,49.49%,86.94%,0.0388,"[0.03812250867486, 0.9618775248527527]"
2833,0,49.47%,86.91%,3.3712,"[0.031961068511009216, 0.9680389165878296]"
2834,0,49.45%,86.88%,2.2985,"[0.06644035130739212, 0.9335595965385437]"
2835,1,49.47%,86.88%,0.0309,"[0.027065714821219444, 0.9729342460632324]"
2836,0,49.45%,86.89%,0.0004,"[0.9997908473014832, 0.00020922055409755558]"
2837,0,49.44%,86.89%,0.0003,"[0.9997647404670715, 0.00023526231234427541]"
2838,1,49.45%,86.90%,0.0245,"[0.029727810993790627, 0.9702722430229187]"
2839,0,49.44%,86.90%,0.0001,"[0.9998682737350464, 0.00013167370343580842]"
2840,1,49.45%,86.91%,0.0438,"[0.04116697236895561, 0.9588330388069153]"
2841,1,49.47%,86.91%,0.0418,"[0.02951168268918991, 0.9704883098602295]"
2842,1,49.49%,86.92%,0.0348,"[0.03897283971309662, 0.9610271453857422]"
2843,1,49.51%,86.92%,0.0690,"[0.052521832287311554, 0.947478175163269]"
2844,0,49.49%,86.92%,0.0002,"[0.9997479319572449, 0.0002521172573324293]"
2845,0,49.47%,86.89%,2.9542,"[0.04724419489502907, 0.9527558088302612]"
2846,1,49.49%,86.90%,0.0413,"[0.03961215540766716, 0.9603878855705261]"
2847,0,49.47%,86.90%,0.0002,"[0.9998225569725037, 0.0001774804259184748]"
2848,0,49.46%,86.91%,0.0001,"[0.9998914003372192, 0.00010855849541258067]"
2849,0,49.44%,86.91%,0.0002,"[0.9998465776443481, 0.00015341033576987684]"
2850,0,49.42%,86.92%,0.0001,"[0.9998980760574341, 0.00010195297363679856]"
2851,0,49.40%,86.92%,0.0026,"[0.9996974468231201, 0.00030259063350968063]"
2852,1,49.42%,86.93%,0.0487,"[0.06282993406057358, 0.9371700286865234]"
2853,1,49.44%,86.93%,0.0324,"[0.028843604028224945, 0.9711563587188721]"
2854,0,49.42%,86.94%,0.0001,"[0.9999016523361206, 9.832032810663804e-05]"
2855,0,49.40%,86.94%,0.0001,"[0.9998792409896851, 0.00012076197890564799]"
2856,0,49.39%,86.94%,0.0001,"[0.9998742341995239, 0.00012572617561090738]"
2857,0,49.37%,86.95%,0.0002,"[0.9998088479042053, 0.00019118195632472634]"
2858,0,49.35%,86.95%,0.0002,"[0.9998329877853394, 0.00016703842265997082]"
2859,0,49.34%,86.96%,0.0001,"[0.999871015548706, 0.0001289352949243039]"
2860,1,49.35%,86.96%,0.0584,"[0.05838015675544739, 0.941619873046875]"
2861,1,49.37%,86.97%,0.0741,"[0.07051310688257217, 0.929486870765686]"
2862,1,49.39%,86.94%,2.9556,"[0.6686912775039673, 0.3313086926937103]"
2863,0,49.37%,86.94%,0.0001,"[0.9998217225074768, 0.0001782816689228639]"
2864,1,49.39%,86.95%,0.0593,"[0.05528424680233002, 0.9447157382965088]"
2865,1,49.41%,86.95%,0.0344,"[0.034746989607810974, 0.9652529358863831]"
2866,1,49.42%,86.96%,0.0442,"[0.04566168412566185, 0.9543383121490479]"
2867,0,49.41%,86.96%,0.0002,"[0.9998509883880615, 0.00014903831470292062]"
2868,0,49.39%,86.93%,2.9973,"[0.049052298069000244, 0.950947642326355]"
2869,0,49.37%,86.93%,0.0002,"[0.9998427629470825, 0.00015725713456049562]"
2870,0,49.36%,86.94%,0.0001,"[0.9998549222946167, 0.00014505133731290698]"
2871,1,49.37%,86.94%,0.0270,"[0.027539024129509926, 0.9724609851837158]"
2872,1,49.39%,86.95%,0.0511,"[0.04948266223073006, 0.9505172967910767]"
2873,1,49.41%,86.95%,0.0298,"[0.02737838216125965, 0.9726216793060303]"
2874,1,49.43%,86.96%,0.0356,"[0.028128622099757195, 0.9718714356422424]"
2875,0,49.41%,86.96%,0.0002,"[0.9998255372047424, 0.00017449991719331592]"
2876,1,49.43%,86.97%,0.0486,"[0.049801431596279144, 0.9501985907554626]"
2877,0,49.41%,86.97%,0.0002,"[0.9997537732124329, 0.0002461880212649703]"
2878,1,49.43%,86.97%,0.0420,"[0.030246268957853317, 0.9697536826133728]"
2879,0,49.41%,86.98%,0.0046,"[0.9964931607246399, 0.0035068662837147713]"
2880,0,49.39%,86.98%,0.0003,"[0.9996992349624634, 0.0003007350314874202]"
2881,0,49.38%,86.99%,0.0005,"[0.997947633266449, 0.00205237977206707]"
2882,1,49.39%,86.99%,0.0278,"[0.035550136119127274, 0.9644498229026794]"
2883,0,49.38%,87.00%,0.0020,"[0.9988909363746643, 0.0011091433698311448]"
2884,0,49.36%,87.00%,0.0007,"[0.9971663355827332, 0.0028336099348962307]"
2885,0,49.34%,87.01%,0.0001,"[0.9998724460601807, 0.00012748960580211133]"
2886,1,49.36%,87.01%,0.1842,"[0.1798182725906372, 0.8201817274093628]"
2887,1,49.38%,87.02%,0.0944,"[0.15314389765262604, 0.8468561172485352]"
2888,1,49.39%,87.02%,0.0384,"[0.042597874999046326, 0.9574021100997925]"
2889,1,49.41%,87.02%,0.0370,"[0.035073697566986084, 0.9649263024330139]"
2890,1,49.43%,87.03%,0.0414,"[0.038081929087638855, 0.9619181156158447]"
2891,0,49.41%,87.03%,0.0002,"[0.99983811378479, 0.00016185555432457477]"
2892,1,49.43%,87.04%,0.0246,"[0.029121508821845055, 0.970878541469574]"
2893,1,49.45%,87.04%,0.0508,"[0.0550873726606369, 0.9449126124382019]"
2894,0,49.43%,87.01%,3.3335,"[0.03775128722190857, 0.962248682975769]"
2895,1,49.45%,87.02%,0.0367,"[0.03606167435646057, 0.9639383554458618]"
2896,1,49.46%,87.02%,0.0388,"[0.03620561957359314, 0.9637944102287292]"
2897,0,49.45%,87.03%,0.0002,"[0.9998024106025696, 0.0001975791237782687]"
2898,1,49.47%,87.03%,0.0323,"[0.02989974617958069, 0.9701002240180969]"
2899,0,49.45%,87.00%,2.6604,"[0.0671658143401146, 0.9328341484069824]"
2900,1,49.47%,87.00%,0.0320,"[0.024350302293896675, 0.9756497144699097]"
2901,0,49.45%,87.01%,0.0043,"[0.9980452060699463, 0.0019547848496586084]"
2902,1,49.47%,87.01%,0.0296,"[0.03169765695929527, 0.968302309513092]"
2903,1,49.48%,87.02%,0.0310,"[0.03234542906284332, 0.9676545858383179]"
2904,0,49.47%,87.02%,1.5247,"[0.875607430934906, 0.12439259886741638]"
2905,0,49.45%,87.03%,0.0223,"[0.9557692408561707, 0.04423078894615173]"
2906,0,49.43%,87.03%,0.0003,"[0.9989571571350098, 0.0010428091045469046]"
2907,0,49.42%,87.04%,0.0002,"[0.999810516834259, 0.00018951439415104687]"
2908,1,49.43%,87.04%,0.0350,"[0.039069902151823044, 0.9609300494194031]"
2909,1,49.45%,87.04%,0.0767,"[0.07676439732313156, 0.9232355952262878]"
2910,0,49.43%,87.05%,0.0002,"[0.9998005032539368, 0.00019948133558500558]"
2911,0,49.42%,87.05%,0.0002,"[0.9998088479042053, 0.00019113784946966916]"
2912,1,49.43%,87.06%,0.0460,"[0.04223613813519478, 0.9577638506889343]"
2913,1,49.45%,87.06%,0.0634,"[0.059019412845373154, 0.9409806132316589]"
2914,0,49.43%,87.07%,0.0020,"[0.9982012510299683, 0.001798680517822504]"
2915,1,49.45%,87.07%,1.4214,"[0.3604571223258972, 0.6395428776741028]"
2916,1,49.47%,87.08%,0.0559,"[0.05217529833316803, 0.9478247165679932]"
2917,1,49.49%,87.08%,0.0491,"[0.045943569391965866, 0.954056441783905]"
2918,0,49.47%,87.08%,0.0001,"[0.9998806715011597, 0.00011930310574825853]"
2919,0,49.45%,87.05%,0.9308,"[0.204887256026268, 0.7951127290725708]"
2920,1,49.47%,87.06%,0.1033,"[0.06429536640644073, 0.9357046484947205]"
2921,1,49.49%,87.06%,0.0474,"[0.04623856395483017, 0.9537613987922668]"
2922,0,49.47%,87.07%,0.0001,"[0.9998531341552734, 0.0001468388654757291]"
2923,1,49.49%,87.07%,0.0607,"[0.04685114324092865, 0.9531489014625549]"
2924,1,49.50%,87.08%,0.0504,"[0.050735145807266235, 0.9492648839950562]"
2925,1,49.52%,87.08%,0.0427,"[0.0436800979077816, 0.9563199281692505]"
2926,1,49.54%,87.09%,0.0414,"[0.0491197407245636, 0.9508802890777588]"
2927,1,49.56%,87.09%,0.0327,"[0.03179675340652466, 0.9682032465934753]"
2928,1,49.57%,87.06%,0.7682,"[0.5472602248191833, 0.45273974537849426]"
2929,0,49.56%,87.06%,0.0001,"[0.9998941421508789, 0.00010589668090688065]"
2930,0,49.54%,87.07%,0.0004,"[0.9997532963752747, 0.0002467113081365824]"
2931,1,49.56%,87.07%,0.0355,"[0.039080530405044556, 0.9609194993972778]"
2932,0,49.54%,87.08%,0.0003,"[0.999593198299408, 0.00040681520476937294]"
2933,1,49.56%,87.08%,0.0189,"[0.01902875490486622, 0.9809712767601013]"
2934,0,49.54%,87.09%,0.0379,"[0.9982203841209412, 0.0017795463791117072]"
2935,0,49.52%,87.09%,0.0002,"[0.9996529817581177, 0.00034703616984188557]"
2936,0,49.51%,87.10%,0.1543,"[0.8117004632949829, 0.1882995218038559]"
2937,0,49.49%,87.10%,0.0001,"[0.9998237490653992, 0.00017629607464186847]"
2938,0,49.47%,87.10%,0.0001,"[0.9998227953910828, 0.00017727242084220052]"
2939,0,49.46%,87.11%,0.0003,"[0.9995005130767822, 0.000499518821015954]"
2940,0,49.44%,87.11%,0.0058,"[0.9952412843704224, 0.0047586713917553425]"
2941,0,49.42%,87.12%,0.0013,"[0.9994947910308838, 0.0005051535554230213]"
2942,1,49.44%,87.12%,0.0428,"[0.04667811468243599, 0.9533218741416931]"
2943,0,49.42%,87.13%,0.0001,"[0.9998893737792969, 0.00011061286204494536]"
2944,1,49.44%,87.13%,0.0380,"[0.02954782173037529, 0.9704521894454956]"
2945,1,49.46%,87.14%,0.0220,"[0.02097725309431553, 0.9790228009223938]"
2946,0,49.44%,87.14%,0.0002,"[0.9997650980949402, 0.00023492115724366158]"
2947,0,49.42%,87.14%,0.0002,"[0.9997469782829285, 0.00025301254936493933]"
2948,0,49.41%,87.15%,0.0001,"[0.9998856782913208, 0.00011433348117861897]"
2949,0,49.39%,87.15%,0.4711,"[0.9641153812408447, 0.03588465601205826]"
2950,1,49.41%,87.16%,0.0362,"[0.03525400534272194, 0.9647459387779236]"
2951,0,49.39%,87.16%,0.0001,"[0.9999030828475952, 9.684905671747401e-05]"
2952,0,49.37%,87.17%,0.0001,"[0.9998639822006226, 0.00013597097131423652]"
2953,1,49.39%,87.17%,0.0418,"[0.044133469462394714, 0.9558665156364441]"
2954,1,49.41%,87.17%,0.0331,"[0.03073965571820736, 0.9692603349685669]"
2955,1,49.42%,87.18%,0.0423,"[0.040769100189208984, 0.9592309594154358]"
2956,1,49.44%,87.18%,0.0197,"[0.023155678063631058, 0.9768443703651428]"
2957,0,49.43%,87.15%,3.3648,"[0.032792333513498306, 0.9672077298164368]"
2958,0,49.41%,87.16%,0.0308,"[0.6313030123710632, 0.36869698762893677]"
2959,0,49.39%,87.16%,0.1492,"[0.7928810119628906, 0.207118958234787]"
2960,1,49.41%,87.17%,0.0272,"[0.022230636328458786, 0.9777693748474121]"
2961,0,49.39%,87.17%,0.0001,"[0.9999163150787354, 8.373452874366194e-05]"
2962,1,49.41%,87.18%,4.1022,"[0.4942118227481842, 0.5057881474494934]"
2963,1,49.43%,87.18%,0.0729,"[0.062431447207927704, 0.9375686049461365]"
2964,1,49.44%,87.18%,0.0199,"[0.019537193700671196, 0.9804627895355225]"
2965,0,49.43%,87.19%,0.0001,"[0.9998736381530762, 0.00012628753029275686]"
2966,1,49.44%,87.19%,0.2229,"[0.2623368799686432, 0.7376631498336792]"
2967,0,49.43%,87.20%,0.0001,"[0.9999092817306519, 9.06841887626797e-05]"
2968,0,49.41%,87.20%,0.0001,"[0.9999099969863892, 9.001664875540882e-05]"
2969,0,49.39%,87.17%,2.4452,"[0.09707227349281311, 0.9029277563095093]"
2970,0,49.38%,87.18%,0.0012,"[0.9875470995903015, 0.012452960945665836]"
2971,1,49.39%,87.18%,0.0471,"[0.046283092349767685, 0.9537169337272644]"
2972,1,49.41%,87.18%,0.4338,"[0.460548460483551, 0.5394515991210938]"
2973,0,49.39%,87.19%,0.0001,"[0.9999091625213623, 9.086164936888963e-05]"
2974,0,49.38%,87.19%,0.0001,"[0.9999071359634399, 9.281954407924786e-05]"
2975,1,49.40%,87.20%,0.0596,"[0.05210401862859726, 0.9478959441184998]"
2976,0,49.38%,87.17%,3.2242,"[0.04323708266019821, 0.9567629098892212]"
2977,1,49.40%,87.17%,0.0547,"[0.04754231125116348, 0.9524576663970947]"
2978,1,49.41%,87.18%,0.0652,"[0.0572807639837265, 0.9427192211151123]"
2979,0,49.40%,87.18%,0.0001,"[0.9999027252197266, 9.726962161948904e-05]"
2980,0,49.38%,87.19%,0.0001,"[0.9998780488967896, 0.00012188262917334214]"
2981,1,49.40%,87.19%,0.1079,"[0.11899306625127792, 0.8810069561004639]"
2982,0,49.38%,87.19%,0.0003,"[0.9997842907905579, 0.0002156724367523566]"
2983,1,49.40%,87.20%,0.0384,"[0.03603000566363335, 0.9639700651168823]"
2984,0,49.38%,87.17%,2.9738,"[0.0496479831635952, 0.9503520131111145]"
2985,1,49.40%,87.17%,0.0440,"[0.042971137911081314, 0.957028865814209]"
2986,0,49.38%,87.18%,0.1026,"[0.9930723309516907, 0.00692765973508358]"
2987,0,49.36%,87.15%,3.1154,"[0.04653634876012802, 0.9534637331962585]"
2988,1,49.38%,87.15%,0.0438,"[0.03338067978620529, 0.9666193723678589]"
2989,1,49.40%,87.16%,0.0762,"[0.06683186441659927, 0.9331681728363037]"
2990,0,49.38%,87.16%,0.0001,"[0.9998840093612671, 0.00011599320714594796]"
2991,1,49.40%,87.13%,2.4714,"[0.6171149611473083, 0.3828849792480469]"
2992,0,49.38%,87.14%,0.0078,"[0.9801980257034302, 0.019801996648311615]"
2993,1,49.40%,87.14%,0.0979,"[0.09957914054393768, 0.9004208445549011]"
2994,0,49.38%,87.15%,0.0002,"[0.999862790107727, 0.0001372199330944568]"
2995,0,49.37%,87.12%,2.2594,"[0.07893018424510956, 0.9210698008537292]"
2996,0,49.35%,87.12%,0.0001,"[0.9998972415924072, 0.00010272645158693194]"
2997,0,49.33%,87.12%,0.0118,"[0.8661747574806213, 0.13382525742053986]"
2998,0,49.32%,87.13%,0.0001,"[0.999868631362915, 0.00013137083442416042]"
2999,0,49.30%,87.13%,0.2344,"[0.7170402407646179, 0.2829597294330597]"
3000,1,49.32%,87.14%,0.0495,"[0.062007419764995575, 0.937992513179779]"
3001,1,49.33%,87.14%,0.0488,"[0.05051247775554657, 0.9494875073432922]"
3002,1,49.35%,87.15%,0.1609,"[0.1253492832183838, 0.8746507167816162]"
3003,1,49.37%,87.15%,0.0753,"[0.14060093462467194, 0.8593990802764893]"
3004,0,49.35%,87.15%,0.0001,"[0.9998729228973389, 0.0001270614448003471]"
3005,1,49.37%,87.16%,0.1446,"[0.14887988567352295, 0.8511200547218323]"
3006,1,49.38%,87.16%,0.1318,"[0.16218948364257812, 0.8378105163574219]"
3007,1,49.40%,87.17%,0.7127,"[0.2605827748775482, 0.7394172549247742]"
3008,0,49.39%,87.17%,0.0001,"[0.999901294708252, 9.868223423836753e-05]"
3009,1,49.40%,87.18%,0.0526,"[0.05528365075588226, 0.9447163343429565]"
3010,0,49.39%,87.15%,1.8757,"[0.18475519120693207, 0.8152447938919067]"
3011,0,49.37%,87.15%,0.0001,"[0.9998680353164673, 0.00013189486344344914]"
3012,1,49.39%,87.16%,0.0455,"[0.04194701462984085, 0.9580530524253845]"
3013,0,49.37%,87.16%,0.0001,"[0.9999058246612549, 9.415433305548504e-05]"
3014,1,49.39%,87.16%,0.0948,"[0.13578060269355774, 0.8642194271087646]"
3015,1,49.40%,87.17%,0.0445,"[0.041929420083761215, 0.9580705761909485]"
3016,1,49.42%,87.17%,0.0414,"[0.03995315730571747, 0.9600468277931213]"
3017,0,49.40%,87.18%,0.0001,"[0.9998880624771118, 0.00011192939564352855]"
3018,0,49.39%,87.18%,0.0003,"[0.9997552037239075, 0.00024479697458446026]"
3019,0,49.37%,87.19%,0.0001,"[0.999876856803894, 0.00012314468040131032]"
3020,1,49.39%,87.19%,0.0370,"[0.03107699565589428, 0.968923032283783]"
3021,0,49.37%,87.16%,2.9557,"[0.1083262711763382, 0.891673743724823]"
3022,1,49.39%,87.17%,0.0343,"[0.034025054425001144, 0.9659749865531921]"
3023,1,49.40%,87.17%,0.0358,"[0.03317850083112717, 0.9668214321136475]"
3024,1,49.42%,87.17%,0.0331,"[0.045100197196006775, 0.9548998475074768]"
3025,1,49.44%,87.18%,0.0342,"[0.04270622506737709, 0.9572937488555908]"
3026,1,49.45%,87.18%,0.1942,"[0.2909744083881378, 0.7090256214141846]"
3027,1,49.47%,87.19%,0.0301,"[0.02676217630505562, 0.9732378125190735]"
3028,0,49.46%,87.19%,0.0001,"[0.9998601675033569, 0.00013981046504341066]"
3029,0,49.44%,87.19%,0.0003,"[0.9997426867485046, 0.00025731854839250445]"
3030,1,49.46%,87.20%,0.0368,"[0.03769353777170181, 0.9623064398765564]"
3031,1,49.47%,87.20%,0.1691,"[0.2296973317861557, 0.7703026533126831]"
3032,1,49.49%,87.21%,0.0316,"[0.029566505923867226, 0.9704335331916809]"
3033,0,49.47%,87.21%,0.0003,"[0.9997872710227966, 0.0002127940097125247]"
3034,0,49.46%,87.22%,0.0002,"[0.9998177886009216, 0.00018225345411337912]"
3035,1,49.47%,87.22%,0.0523,"[0.04920097440481186, 0.9507990479469299]"
3036,1,49.49%,87.22%,0.0466,"[0.06115414574742317, 0.9388458132743835]"
3037,1,49.51%,87.23%,0.1070,"[0.35278716683387756, 0.6472128033638]"
3038,0,49.49%,87.23%,0.0002,"[0.999758780002594, 0.00024127421784214675]"
3039,1,49.51%,87.24%,0.0251,"[0.02690798230469227, 0.9730920195579529]"
3040,0,49.49%,87.24%,0.0002,"[0.9997699856758118, 0.00022997129417490214]"
3041,0,49.47%,87.21%,3.2459,"[0.04783371463418007, 0.9521663188934326]"
3042,1,49.49%,87.22%,0.0408,"[0.03420050069689751, 0.9657995104789734]"
3043,0,49.47%,87.22%,0.0014,"[0.9981778860092163, 0.0018221630016341805]"
3044,1,49.49%,87.22%,0.0506,"[0.03737623244524002, 0.9626237750053406]"
3045,0,49.47%,87.23%,0.0004,"[0.9995321035385132, 0.0004679191333707422]"
3046,0,49.46%,87.23%,0.0167,"[0.9943689703941345, 0.005631031468510628]"
3047,0,49.44%,87.24%,0.0015,"[0.9974989295005798, 0.0025010637473315]"
3048,1,49.46%,87.24%,0.0246,"[0.027941226959228516, 0.9720588326454163]"
3049,1,49.48%,87.25%,0.0512,"[0.4344441294670105, 0.5655558705329895]"
3050,1,49.49%,87.25%,0.0393,"[0.03805331140756607, 0.9619466662406921]"
3051,0,49.48%,87.22%,1.8799,"[0.2980644702911377, 0.7019355297088623]"
3052,1,49.49%,87.23%,0.0325,"[0.03450704365968704, 0.9654929041862488]"
3053,0,49.48%,87.20%,2.3042,"[0.06263167411088943, 0.9373682737350464]"
3054,1,49.49%,87.20%,0.0495,"[0.04874572902917862, 0.9512542486190796]"
3055,1,49.51%,87.21%,0.0393,"[0.03933694586157799, 0.9606630802154541]"
3056,0,49.49%,87.21%,0.0004,"[0.9994624257087708, 0.0005375872715376318]"
3057,1,49.51%,87.21%,0.0628,"[0.042081382125616074, 0.9579185843467712]"
3058,1,49.53%,87.22%,0.0288,"[0.028694769367575645, 0.971305251121521]"
3059,0,49.51%,87.19%,2.6215,"[0.058006636798381805, 0.9419933557510376]"
3060,0,49.49%,87.19%,0.0002,"[0.9998557567596436, 0.00014427967835217714]"
3061,0,49.48%,87.20%,0.0001,"[0.9998844861984253, 0.00011549653572728857]"
3062,1,49.49%,87.20%,0.0383,"[0.060371145606040955, 0.9396288394927979]"
3063,0,49.48%,87.17%,2.4969,"[0.11413487792015076, 0.8858651518821716]"
3064,1,49.49%,87.18%,0.0735,"[0.09242909401655197, 0.9075708985328674]"
3065,0,49.48%,87.18%,0.0001,"[0.9998675584793091, 0.0001324817567365244]"
3066,1,49.49%,87.19%,0.1116,"[0.2290394902229309, 0.7709605097770691]"
3067,1,49.51%,87.19%,0.0414,"[0.0391286201775074, 0.9608713984489441]"
3068,0,49.49%,87.16%,2.2706,"[0.08761360496282578, 0.9123863577842712]"
3069,1,49.51%,87.17%,0.0881,"[0.09408239275217056, 0.9059176445007324]"
3070,1,49.53%,87.14%,0.3608,"[0.7711721062660217, 0.22882795333862305]"
3071,0,49.51%,87.14%,0.0001,"[0.999891996383667, 0.00010793483670568094]"
3072,1,49.53%,87.15%,0.1632,"[0.25732526183128357, 0.7426747679710388]"
3073,1,49.54%,87.15%,0.0491,"[0.04421817138791084, 0.9557817578315735]"
3074,0,49.53%,87.15%,0.0001,"[0.9999114274978638, 8.861122478265315e-05]"
3075,1,49.54%,87.13%,1.4317,"[0.7952103614807129, 0.2047896534204483]"
3076,0,49.53%,87.13%,0.0036,"[0.9757999777793884, 0.02419997937977314]"
3077,0,49.51%,87.13%,0.0001,"[0.9998815059661865, 0.00011844027903862298]"
3078,1,49.53%,87.14%,0.0602,"[0.03301902860403061, 0.9669809341430664]"
3079,0,49.51%,87.14%,0.0001,"[0.9998941421508789, 0.00010584781557554379]"
3080,0,49.50%,87.15%,0.0001,"[0.9998469352722168, 0.00015309907030314207]"
3081,1,49.51%,87.15%,0.0743,"[0.0640714094042778, 0.9359285831451416]"
3082,1,49.53%,87.16%,0.2740,"[0.12871652841567993, 0.8712834119796753]"
3083,0,49.51%,87.16%,0.0004,"[0.998931348323822, 0.001068630488589406]"
3084,0,49.50%,87.13%,2.5720,"[0.07622073590755463, 0.923779308795929]"
3085,1,49.51%,87.14%,0.0592,"[0.05389248952269554, 0.9461074471473694]"
3086,1,49.53%,87.14%,0.0385,"[0.0348057746887207, 0.9651942253112793]"
3087,0,49.51%,87.11%,2.8835,"[0.05446353554725647, 0.9455364942550659]"
3088,1,49.53%,87.12%,0.2514,"[0.14702416956424713, 0.8529758453369141]"
3089,1,49.55%,87.12%,0.1118,"[0.09859015047550201, 0.9014098048210144]"
3090,0,49.53%,87.09%,2.9185,"[0.04877711459994316, 0.951222836971283]"
3091,0,49.51%,87.10%,0.0002,"[0.9998437166213989, 0.00015621901548001915]"
3092,0,49.50%,87.10%,0.0007,"[0.999448835849762, 0.0005511824274435639]"
3093,0,49.48%,87.10%,0.0004,"[0.9995730519294739, 0.00042691396083682775]"
3094,0,49.47%,87.11%,0.0005,"[0.9993258714675903, 0.0006741979741491377]"
3095,1,49.48%,87.11%,0.0469,"[0.046825747936964035, 0.9531742334365845]"
3096,1,49.50%,87.12%,0.0602,"[0.06603273004293442, 0.9339672327041626]"
3097,0,49.48%,87.12%,0.0021,"[0.9983829259872437, 0.0016170886810868979]"
3098,1,49.50%,87.12%,0.0491,"[0.046440429985523224, 0.9535596370697021]"
3099,1,49.52%,87.13%,0.0539,"[0.0557420514523983, 0.944257915019989]"
3100,0,49.50%,87.10%,2.5641,"[0.10208350419998169, 0.8979164958000183]"
3101,0,49.48%,87.11%,0.0038,"[0.9994261264801025, 0.0005739415064454079]"
3102,1,49.50%,87.11%,0.0803,"[0.08796383440494537, 0.9120361804962158]"
3103,1,49.52%,87.11%,0.0831,"[0.07253967225551605, 0.9274603724479675]"
3104,0,49.50%,87.12%,0.0029,"[0.998853325843811, 0.0011466891737654805]"
3105,0,49.48%,87.12%,0.0009,"[0.9986810088157654, 0.0013190178433433175]"
3106,0,49.47%,87.09%,2.0842,"[0.1665022075176239, 0.8334978222846985]"
3107,0,49.45%,87.10%,0.0013,"[0.9975791573524475, 0.002420901320874691]"
3108,1,49.47%,87.10%,0.0909,"[0.08306889235973358, 0.9169310331344604]"
3109,1,49.49%,87.11%,0.1293,"[0.14491000771522522, 0.8550899624824524]"
3110,0,49.47%,87.11%,0.0072,"[0.9990873336791992, 0.000912675925064832]"
3111,1,49.49%,87.11%,0.0758,"[0.07433848083019257, 0.925661563873291]"
3112,0,49.47%,87.12%,0.0034,"[0.9891451001167297, 0.010854985564947128]"
3113,1,49.49%,87.12%,0.0945,"[0.10660050809383392, 0.8933995366096497]"
3114,0,49.47%,87.13%,0.0002,"[0.9998413324356079, 0.00015867115871515125]"
3115,0,49.45%,87.13%,0.0053,"[0.9952682852745056, 0.004731747787445784]"
3116,1,49.47%,87.14%,0.1574,"[0.11568532139062881, 0.8843146562576294]"
3117,1,49.49%,87.14%,0.1305,"[0.08647875487804413, 0.9135212302207947]"
3118,0,49.47%,87.14%,0.0002,"[0.9998346567153931, 0.00016533827874809504]"
3119,1,49.49%,87.15%,0.0770,"[0.07596340775489807, 0.9240365624427795]"
3120,1,49.50%,87.15%,0.0809,"[0.07977604866027832, 0.9202239513397217]"
3121,1,49.52%,87.16%,0.0555,"[0.04963495954871178, 0.9503650665283203]"
3122,0,49.50%,87.16%,0.0003,"[0.9996047616004944, 0.00039521107100881636]"
3123,0,49.49%,87.16%,0.0057,"[0.9951485991477966, 0.004851395729929209]"
3124,0,49.47%,87.17%,0.0002,"[0.9998005032539368, 0.00019955821335315704]"
3125,0,49.46%,87.17%,0.0005,"[0.9995571970939636, 0.00044282825547270477]"
3126,0,49.44%,87.18%,0.0001,"[0.9998472929000854, 0.0001526758715044707]"
3127,0,49.42%,87.18%,0.0002,"[0.9996939897537231, 0.0003060671151615679]"
3128,0,49.41%,87.18%,0.0010,"[0.9997065663337708, 0.00029334877035580575]"
3129,0,49.39%,87.19%,0.0003,"[0.9997316002845764, 0.0002683617640286684]"
3130,1,49.41%,87.19%,0.1177,"[0.11137896031141281, 0.8886209726333618]"
3131,0,49.39%,87.20%,0.0008,"[0.9994680285453796, 0.0005319513729773462]"
3132,1,49.41%,87.20%,0.0362,"[0.032519083470106125, 0.9674808979034424]"
3133,1,49.43%,87.20%,0.0369,"[0.03436625003814697, 0.965633749961853]"
3134,0,49.41%,87.21%,0.0091,"[0.9960512518882751, 0.003948807716369629]"
3135,1,49.43%,87.21%,0.0587,"[0.06333838403224945, 0.9366615414619446]"
3136,0,49.41%,87.22%,0.0002,"[0.9997518658638, 0.0002481848932802677]"
3137,0,49.39%,87.22%,0.0007,"[0.9992191791534424, 0.0007808097288943827]"
3138,1,49.41%,87.23%,0.0285,"[0.03520159050822258, 0.9647984504699707]"
3139,0,49.39%,87.20%,3.0438,"[0.04417920112609863, 0.9558207392692566]"
3140,0,49.38%,87.20%,0.0002,"[0.9997379183769226, 0.0002620253653731197]"
3141,0,49.36%,87.21%,0.0002,"[0.9997294545173645, 0.00027056143153458834]"
3142,0,49.35%,87.18%,2.9593,"[0.044252969324588776, 0.9557470083236694]"
3143,0,49.33%,87.18%,0.0194,"[0.9613258242607117, 0.03867417201399803]"
3144,1,49.35%,87.19%,0.0420,"[0.04117933660745621, 0.9588207006454468]"
3145,1,49.36%,87.19%,0.0692,"[0.06093249097466469, 0.9390674829483032]"
3146,0,49.35%,87.16%,2.2884,"[0.08630716800689697, 0.9136927723884583]"
3147,0,49.33%,87.17%,0.0001,"[0.9998039603233337, 0.00019607681315392256]"
3148,1,49.35%,87.17%,0.0810,"[0.06448584049940109, 0.9355142116546631]"
3149,0,49.33%,87.17%,0.0003,"[0.9996166229248047, 0.00038332631811499596]"
3150,0,49.32%,87.15%,2.5447,"[0.08326563984155655, 0.9167343378067017]"
3151,1,49.33%,87.15%,0.1190,"[0.09849635511636734, 0.9015036821365356]"
3152,1,49.35%,87.16%,0.0677,"[0.05984202399849892, 0.940157949924469]"
3153,1,49.37%,87.16%,0.0924,"[0.0791662409901619, 0.9208337664604187]"
3154,1,49.38%,87.16%,0.1331,"[0.11798202246427536, 0.8820179104804993]"
3155,0,49.37%,87.17%,0.0001,"[0.9998841285705566, 0.00011585845641093329]"
3156,1,49.38%,87.17%,0.0732,"[0.06729581952095032, 0.9327041506767273]"
3157,1,49.40%,87.18%,0.1340,"[0.1182122603058815, 0.8817877173423767]"
3158,1,49.41%,87.18%,0.1519,"[0.0965665727853775, 0.9034334421157837]"
3159,1,49.43%,87.18%,0.1203,"[0.29687264561653137, 0.7031273245811462]"
3160,0,49.41%,87.19%,0.0001,"[0.9998539686203003, 0.0001459979685023427]"
3161,1,49.43%,87.19%,0.0946,"[0.11774775385856628, 0.8822522759437561]"
3162,1,49.45%,87.20%,0.0983,"[0.07904648035764694, 0.9209535121917725]"
3163,1,49.46%,87.17%,1.9440,"[0.8944919109344482, 0.10550805181264877]"
3164,1,49.48%,87.17%,0.0678,"[0.07541680335998535, 0.9245831370353699]"
3165,1,49.49%,87.18%,0.0515,"[0.05373179167509079, 0.9462682008743286]"
3166,1,49.51%,87.18%,0.0419,"[0.04327850788831711, 0.9567215442657471]"
3167,1,49.53%,87.18%,0.0460,"[0.044361863285303116, 0.9556381702423096]"
3168,1,49.54%,87.19%,0.0710,"[0.06718237698078156, 0.9328176379203796]"
3169,1,49.56%,87.19%,0.0535,"[0.05635032802820206, 0.9436497092247009]"
3170,1,49.57%,87.20%,0.0608,"[0.059265002608299255, 0.9407349824905396]"
3171,0,49.56%,87.17%,1.7646,"[0.16958358883857727, 0.8304163813591003]"
3172,0,49.54%,87.17%,0.0037,"[0.9956279993057251, 0.004372045863419771]"
3173,1,49.56%,87.18%,0.0406,"[0.05453099310398102, 0.945469081401825]"
3174,0,49.54%,87.18%,0.0004,"[0.9995806813240051, 0.00041935837361961603]"
3175,1,49.56%,87.19%,0.1233,"[0.17088772356510162, 0.8291122913360596]"
3176,1,49.58%,87.19%,0.0541,"[0.056457675993442535, 0.9435423016548157]"
3177,0,49.56%,87.19%,0.0014,"[0.9986138343811035, 0.0013861787738278508]"
3178,1,49.58%,87.20%,0.0265,"[0.026339169591665268, 0.9736608266830444]"
3179,1,49.59%,87.20%,0.0295,"[0.03441540524363518, 0.9655846357345581]"
3180,0,49.58%,87.21%,0.2325,"[0.9913512468338013, 0.008648805320262909]"
3181,0,49.56%,87.18%,3.4079,"[0.03216199576854706, 0.9678379893302917]"
3182,1,49.58%,87.18%,0.0398,"[0.03725416958332062, 0.9627459049224854]"
3183,0,49.56%,87.19%,0.0811,"[0.960482120513916, 0.03951787203550339]"
3184,0,49.54%,87.19%,0.0015,"[0.9990598559379578, 0.0009401758434250951]"
3185,1,49.56%,87.19%,0.0408,"[0.042126018553972244, 0.9578739404678345]"
3186,0,49.55%,87.20%,0.0004,"[0.9992839694023132, 0.0007160815875977278]"
3187,0,49.53%,87.20%,0.0006,"[0.9993546605110168, 0.0006453539244830608]"
3188,0,49.51%,87.21%,0.0007,"[0.9992011189460754, 0.0007988596917130053]"
3189,1,49.53%,87.21%,0.0356,"[0.03805340826511383, 0.9619466066360474]"
3190,1,49.55%,87.21%,0.0434,"[0.04425925016403198, 0.955740749835968]"
3191,0,49.53%,87.22%,0.0002,"[0.9996951818466187, 0.00030487103504128754]"
3192,1,49.55%,87.22%,0.0432,"[0.03382245823740959, 0.9661774635314941]"
3193,0,49.53%,87.19%,3.2105,"[0.04053827002644539, 0.9594616889953613]"
3194,0,49.51%,87.17%,2.9900,"[0.04736531525850296, 0.9526347517967224]"
3195,0,49.50%,87.17%,0.0008,"[0.9987279772758484, 0.0012720185332000256]"
3196,0,49.48%,87.18%,0.0003,"[0.9998438358306885, 0.00015618358156643808]"
3197,0,49.47%,87.18%,0.0002,"[0.9998268485069275, 0.00017314529395662248]"
3198,0,49.45%,87.18%,0.0002,"[0.999785840511322, 0.00021413281501736492]"
3199,1,49.47%,87.19%,0.0639,"[0.06940732151269913, 0.9305926561355591]"
3200,1,49.48%,87.19%,0.0451,"[0.045491620898246765, 0.954508364200592]"
3201,1,49.50%,87.20%,0.0506,"[0.04876573383808136, 0.9512342810630798]"
3202,0,49.48%,87.17%,2.3021,"[0.06743813306093216, 0.9325619339942932]"
3203,1,49.50%,87.17%,0.0744,"[0.06628730148077011, 0.9337126612663269]"
3204,0,49.49%,87.18%,0.0004,"[0.999778687953949, 0.00022135244216769934]"
3205,0,49.47%,87.18%,0.0002,"[0.9997935891151428, 0.00020640967704821378]"
3206,0,49.45%,87.18%,0.0169,"[0.9934555888175964, 0.006544402800500393]"
3207,1,49.47%,87.19%,0.0750,"[0.057668235152959824, 0.9423317313194275]"
3208,1,49.49%,87.19%,0.0730,"[0.10969744622707367, 0.8903025984764099]"
3209,0,49.47%,87.20%,0.0001,"[0.9999102354049683, 8.970285125542432e-05]"
3210,1,49.49%,87.20%,0.0786,"[0.07103339582681656, 0.9289665818214417]"
3211,1,49.50%,87.20%,0.0834,"[0.061289720237255096, 0.9387102723121643]"
3212,0,49.49%,87.21%,0.0002,"[0.9997804760932922, 0.00021947822824586183]"
3213,1,49.50%,87.21%,0.2401,"[0.1030699759721756, 0.8969300389289856]"
3214,1,49.52%,87.22%,0.1335,"[0.10744383931159973, 0.8925561904907227]"
3215,0,49.50%,87.22%,0.0001,"[0.9998440742492676, 0.0001558932854095474]"
3216,0,49.49%,87.19%,1.4575,"[0.21407389640808105, 0.785926103591919]"
3217,0,49.47%,87.20%,0.0293,"[0.7699630260467529, 0.23003694415092468]"
3218,0,49.46%,87.20%,0.0001,"[0.999908447265625, 9.153073187917471e-05]"
3219,0,49.44%,87.20%,0.0001,"[0.9998835325241089, 0.00011645957420114428]"
3220,1,49.46%,87.21%,0.1318,"[0.07124380022287369, 0.9287562370300293]"
3221,1,49.47%,87.21%,0.0975,"[0.11555351316928864, 0.8844465017318726]"
3222,0,49.46%,87.19%,2.2554,"[0.12660643458366394, 0.8733935356140137]"
3223,0,49.44%,87.16%,2.3007,"[0.09904883801937103, 0.9009512066841125]"
3224,1,49.46%,87.16%,0.0588,"[0.06178510561585426, 0.9382148385047913]"
3225,1,49.47%,87.17%,0.0718,"[0.10034052282571793, 0.8996593952178955]"
3226,1,49.49%,87.17%,0.1059,"[0.08144886791706085, 0.9185512065887451]"
3227,0,49.47%,87.17%,0.0001,"[0.9999171495437622, 8.279505709651858e-05]"
3228,0,49.46%,87.18%,0.0001,"[0.9999048709869385, 9.515886631561443e-05]"
3229,1,49.47%,87.15%,2.2612,"[0.9845305681228638, 0.01546938344836235]"
3230,0,49.46%,87.16%,0.0001,"[0.9998646974563599, 0.0001352623221464455]"
3231,1,49.47%,87.16%,0.0594,"[0.07020837068557739, 0.9297916293144226]"
3232,1,49.49%,87.16%,0.0635,"[0.07776077091693878, 0.9222392439842224]"
3233,1,49.51%,87.17%,0.1218,"[0.08380211144685745, 0.9161978960037231]"
3234,1,49.52%,87.17%,0.1319,"[0.1185680404305458, 0.8814319372177124]"
3235,1,49.54%,87.18%,0.0608,"[0.047336094081401825, 0.9526639580726624]"
3236,0,49.52%,87.18%,0.0001,"[0.9998822212219238, 0.00011779108172049746]"
3237,0,49.51%,87.18%,0.0001,"[0.9999066591262817, 9.329980821348727e-05]"
3238,0,49.49%,87.19%,0.0001,"[0.9998390674591064, 0.00016096382751129568]"
3239,0,49.48%,87.19%,0.0001,"[0.9999063014984131, 9.373937791679054e-05]"
3240,1,49.49%,87.20%,0.0452,"[0.04776967316865921, 0.9522302746772766]"
3241,1,49.51%,87.20%,0.0619,"[0.046685393899679184, 0.9533146023750305]"
3242,0,49.49%,87.20%,0.0084,"[0.96401447057724, 0.03598552197217941]"
3243,0,49.48%,87.21%,0.0001,"[0.9999037981033325, 9.6162359113805e-05]"
3244,0,49.46%,87.21%,0.0001,"[0.999893307685852, 0.00010664087312761694]"
3245,1,49.48%,87.22%,0.0377,"[0.03878939896821976, 0.9612106084823608]"
3246,1,49.49%,87.22%,0.1138,"[0.10138455778360367, 0.8986154198646545]"
3247,0,49.48%,87.22%,0.0001,"[0.9998952150344849, 0.00010480939090484753]"
3248,1,49.49%,87.23%,0.0367,"[0.034959129989147186, 0.9650408625602722]"
3249,0,49.48%,87.23%,0.0001,"[0.9998947381973267, 0.00010526160622248426]"
3250,0,49.46%,87.20%,2.6563,"[0.0699365958571434, 0.9300633668899536]"
3251,0,49.45%,87.21%,0.0002,"[0.9998841285705566, 0.00011580355203477666]"
3252,1,49.46%,87.18%,2.5366,"[0.5410583019256592, 0.45894166827201843]"
3253,1,49.48%,87.19%,0.0384,"[0.03647288307547569, 0.9635271430015564]"
3254,1,49.49%,87.19%,0.0488,"[0.04560771957039833, 0.9543922543525696]"
3255,0,49.48%,87.19%,0.1733,"[0.983636200428009, 0.01636381261050701]"
3256,1,49.49%,87.20%,0.1184,"[0.14155007898807526, 0.8584499359130859]"
3257,0,49.48%,87.20%,0.0001,"[0.9998983144760132, 0.0001017309696180746]"
3258,0,49.46%,87.20%,0.0001,"[0.9998958110809326, 0.00010419206955702975]"
3259,1,49.48%,87.21%,0.0626,"[0.06181034818291664, 0.938189685344696]"
3260,1,49.49%,87.21%,0.0565,"[0.05503237247467041, 0.9449676275253296]"
3261,1,49.51%,87.22%,0.0582,"[0.05657852813601494, 0.9434214234352112]"
3262,0,49.49%,87.22%,0.0002,"[0.9998537302017212, 0.00014623007155023515]"
3263,1,49.51%,87.22%,0.0600,"[0.05463654175400734, 0.945363461971283]"
3264,1,49.53%,87.23%,0.1057,"[0.09616724401712418, 0.903832733631134]"
3265,1,49.54%,87.23%,0.0294,"[0.027015328407287598, 0.9729846715927124]"
3266,0,49.53%,87.24%,0.0001,"[0.9998373985290527, 0.00016256967501249164]"
3267,1,49.54%,87.24%,0.0332,"[0.0345870740711689, 0.9654129147529602]"
3268,1,49.56%,87.24%,0.0469,"[0.04607272520661354, 0.9539273381233215]"
3269,1,49.57%,87.25%,0.0436,"[0.04394027963280678, 0.9560597538948059]"
3270,0,49.56%,87.25%,0.0004,"[0.9997250437736511, 0.00027495334506966174]"
3271,1,49.57%,87.26%,0.0246,"[0.025366447865962982, 0.9746335744857788]"
3272,0,49.56%,87.26%,0.0003,"[0.9995383024215698, 0.00046178061165846884]"
3273,1,49.57%,87.26%,0.0623,"[0.05742689594626427, 0.942573070526123]"
3274,1,49.59%,87.27%,0.0250,"[0.02440190501511097, 0.9755980968475342]"
3275,0,49.57%,87.27%,0.0010,"[0.9993902444839478, 0.0006097941659390926]"
3276,0,49.56%,87.27%,0.0002,"[0.9998378753662109, 0.00016208722081501037]"
3277,0,49.54%,87.28%,0.0009,"[0.9992848038673401, 0.0007151956087909639]"
3278,1,49.56%,87.28%,0.0236,"[0.021739644929766655, 0.978260338306427]"
3279,0,49.54%,87.29%,0.0001,"[0.9997627139091492, 0.0002372992894379422]"
3280,1,49.56%,87.29%,0.0307,"[0.029162336140871048, 0.9708376526832581]"
3281,0,49.54%,87.29%,0.0003,"[0.9997662901878357, 0.0002336590114282444]"
3282,1,49.56%,87.30%,0.0288,"[0.02691355161368847, 0.973086416721344]"
3283,0,49.54%,87.30%,0.0012,"[0.9993206262588501, 0.0006793587235733867]"
3284,0,49.53%,87.31%,0.0007,"[0.9997285008430481, 0.0002714738075155765]"
3285,1,49.54%,87.31%,0.0367,"[0.03902149945497513, 0.9609785079956055]"
3286,1,49.56%,87.31%,0.0235,"[0.023903021588921547, 0.9760969877243042]"
3287,0,49.54%,87.29%,3.3857,"[0.03382430225610733, 0.9661756753921509]"
3288,0,49.53%,87.29%,0.0317,"[0.9887083768844604, 0.011291629634797573]"
3289,1,49.54%,87.29%,0.0305,"[0.031179005280137062, 0.9688209891319275]"
3290,1,49.56%,87.30%,0.0339,"[0.03301272913813591, 0.9669873118400574]"
3291,1,49.57%,87.30%,0.0333,"[0.033507272601127625, 0.9664927124977112]"
3292,0,49.56%,87.31%,0.0002,"[0.9996895790100098, 0.00031041927286423743]"
3293,0,49.54%,87.31%,0.0011,"[0.9984562397003174, 0.001543769147247076]"
3294,0,49.53%,87.31%,0.0001,"[0.9998867511749268, 0.000113258785859216]"
3295,0,49.51%,87.32%,2.2755,"[0.8742925524711609, 0.12570743262767792]"
3296,0,49.50%,87.32%,0.0009,"[0.9988816380500793, 0.0011183427413925529]"
3297,1,49.51%,87.33%,0.0220,"[0.022017281502485275, 0.977982759475708]"
3298,1,49.53%,87.33%,0.0292,"[0.026789328083395958, 0.9732106924057007]"
3299,0,49.52%,87.33%,0.0001,"[0.9998825788497925, 0.00011742134665837511]"
3300,0,49.50%,87.34%,0.0002,"[0.9998570680618286, 0.00014294343418441713]"
3301,1,49.52%,87.34%,0.0410,"[0.039421334862709045, 0.9605786800384521]"
3302,0,49.50%,87.34%,0.0001,"[0.9998899698257446, 0.00010996135097229853]"
3303,1,49.52%,87.35%,0.0357,"[0.03325121849775314, 0.966748833656311]"
3304,0,49.50%,87.35%,0.0001,"[0.9998770952224731, 0.00012284160766284913]"
3305,0,49.49%,87.36%,0.0001,"[0.9998992681503296, 0.00010072936856886372]"
3306,1,49.50%,87.36%,0.0377,"[0.03773302957415581, 0.9622670412063599]"
3307,0,49.49%,87.36%,0.0001,"[0.9999158382415771, 8.421274833381176e-05]"
3308,1,49.50%,87.37%,0.0280,"[0.02483206056058407, 0.9751679301261902]"
3309,0,49.49%,87.37%,0.0001,"[0.9998893737792969, 0.00011067342711612582]"
3310,0,49.47%,87.38%,0.0001,"[0.9999130964279175, 8.689747483003885e-05]"
3311,1,49.49%,87.38%,0.0420,"[0.04729446768760681, 0.9527055025100708]"
3312,1,49.50%,87.38%,0.4618,"[0.39752909541130066, 0.6024709343910217]"
3313,0,49.49%,87.39%,0.0001,"[0.9998760223388672, 0.00012391408381517977]"
3314,1,49.50%,87.39%,0.0503,"[0.046706706285476685, 0.9532932639122009]"
3315,1,49.52%,87.39%,0.0594,"[0.05507631599903107, 0.9449236392974854]"
3316,0,49.50%,87.40%,0.0001,"[0.9998941421508789, 0.00010589809971861541]"
3317,0,49.49%,87.37%,2.9930,"[0.05104537680745125, 0.9489546418190002]"
3318,0,49.47%,87.35%,1.4984,"[0.1780969798564911, 0.8219029903411865]"
3319,0,49.46%,87.35%,0.0001,"[0.9999037981033325, 9.622025390854105e-05]"
3320,0,49.44%,87.35%,0.0002,"[0.9997584223747253, 0.0002416285133222118]"
3321,1,49.46%,87.36%,0.0612,"[0.05727626383304596, 0.94272381067276]"
3322,1,49.47%,87.36%,0.0397,"[0.03091447241604328, 0.9690855741500854]"
3323,0,49.46%,87.36%,0.0002,"[0.9997783303260803, 0.00022163076209835708]"
3324,1,49.47%,87.37%,0.0475,"[0.044051576405763626, 0.9559484124183655]"
3325,0,49.46%,87.37%,0.0001,"[0.9998986721038818, 0.00010127140558324754]"
3326,1,49.47%,87.38%,0.1647,"[0.1471342146396637, 0.8528658151626587]"
3327,0,49.46%,87.38%,0.0001,"[0.9998751878738403, 0.00012476906704250723]"
3328,0,49.44%,87.38%,0.0002,"[0.9998138546943665, 0.0001862161880126223]"
3329,0,49.43%,87.39%,0.0003,"[0.999745786190033, 0.00025417577126063406]"
3330,1,49.44%,87.39%,0.0610,"[0.06900334358215332, 0.9309967160224915]"
3331,0,49.43%,87.39%,0.0010,"[0.9996190071105957, 0.0003809909103438258]"
3332,1,49.44%,87.40%,0.0710,"[0.0748567059636116, 0.9251432418823242]"
3333,1,49.46%,87.40%,0.0383,"[0.03492175042629242, 0.9650782942771912]"
3334,1,49.48%,87.41%,0.0265,"[0.028359226882457733, 0.9716407656669617]"
3335,0,49.46%,87.41%,0.0001,"[0.9998619556427002, 0.00013801397290080786]"
3336,0,49.45%,87.41%,0.0190,"[0.5979442000389099, 0.40205585956573486]"
3337,1,49.46%,87.42%,0.0375,"[0.03549093380570412, 0.9645090103149414]"
3338,0,49.45%,87.42%,0.0001,"[0.9998294115066528, 0.00017059016681741923]"
3339,0,49.43%,87.40%,3.3098,"[0.03396863490343094, 0.9660313725471497]"
3340,0,49.42%,87.40%,0.0001,"[0.9998869895935059, 0.00011304018698865548]"
3341,0,49.40%,87.40%,0.6871,"[0.5169912576675415, 0.48300880193710327]"
3342,1,49.42%,87.41%,0.0491,"[0.053320229053497314, 0.9466797709465027]"
3343,0,49.40%,87.41%,0.0002,"[0.9998279809951782, 0.0001720077416393906]"
3344,1,49.42%,87.41%,0.0272,"[0.025733383372426033, 0.9742665886878967]"
3345,1,49.43%,87.42%,0.0265,"[0.029415370896458626, 0.9705846905708313]"
3346,1,49.45%,87.42%,0.2995,"[0.14971737563610077, 0.8502826690673828]"
3347,1,49.46%,87.43%,0.0558,"[0.05410924181342125, 0.9458907842636108]"
3348,0,49.45%,87.43%,0.0001,"[0.9998422861099243, 0.00015763333067297935]"
3349,0,49.43%,87.43%,0.5116,"[0.8316731452941895, 0.16832686960697174]"
3350,0,49.42%,87.44%,0.0001,"[0.9999034404754639, 9.654413588577881e-05]"
3351,0,49.40%,87.44%,0.0001,"[0.999901294708252, 9.86994564300403e-05]"
3352,0,49.39%,87.44%,0.0001,"[0.9999110698699951, 8.888897718861699e-05]"
3353,1,49.40%,87.45%,0.0706,"[0.06992487609386444, 0.9300751090049744]"
3354,0,49.39%,87.45%,0.0001,"[0.9999037981033325, 9.621015487937257e-05]"
3355,0,49.37%,87.46%,0.0004,"[0.9996534585952759, 0.00034651250462047756]"
3356,0,49.36%,87.46%,0.0001,"[0.999894380569458, 0.00010563536488916725]"
3357,0,49.34%,87.46%,0.0001,"[0.9999116659164429, 8.830712613416836e-05]"
3358,1,49.36%,87.47%,0.0510,"[0.04877272620797157, 0.9512273073196411]"
3359,0,49.35%,87.47%,0.0001,"[0.9998639822006226, 0.00013605138519778848]"
3360,1,49.36%,87.47%,0.0648,"[0.06066780909895897, 0.939332127571106]"
3361,0,49.35%,87.48%,0.0312,"[0.9764397740364075, 0.02356014959514141]"
3362,0,49.33%,87.48%,0.0001,"[0.9999008178710938, 9.914014663081616e-05]"
3363,1,49.35%,87.49%,0.0353,"[0.03882041573524475, 0.9611795544624329]"
3364,1,49.36%,87.49%,0.0326,"[0.02363625168800354, 0.9763637781143188]"
3365,1,49.38%,87.49%,0.2074,"[0.19857454299926758, 0.8014253973960876]"
3366,0,49.36%,87.50%,0.0001,"[0.999860405921936, 0.00013953237794339657]"
3367,0,49.35%,87.50%,0.2802,"[0.7144411206245422, 0.28555893898010254]"
3368,0,49.33%,87.50%,0.0001,"[0.9998983144760132, 0.00010164446575799957]"
3369,0,49.32%,87.48%,2.9518,"[0.04678404703736305, 0.9532158970832825]"
3370,1,49.33%,87.48%,0.0542,"[0.058903057128190994, 0.9410969614982605]"
3371,1,49.35%,87.49%,0.0517,"[0.04982200264930725, 0.9501779675483704]"
3372,1,49.36%,87.49%,0.0303,"[0.02907080389559269, 0.9709292054176331]"
3373,1,49.38%,87.49%,0.0245,"[0.02909514680504799, 0.9709048271179199]"
3374,1,49.39%,87.50%,0.0287,"[0.026767965406179428, 0.9732320308685303]"
3375,0,49.38%,87.50%,0.0001,"[0.9998893737792969, 0.00011055802315240726]"
3376,0,49.36%,87.50%,0.0025,"[0.9959690570831299, 0.00403099600225687]"
3377,0,49.35%,87.51%,0.0001,"[0.9998992681503296, 0.0001006650272756815]"
3378,1,49.36%,87.51%,0.0718,"[0.06127588823437691, 0.938724160194397]"
3379,0,49.35%,87.51%,0.0001,"[0.9999349117279053, 6.509816012112424e-05]"
3380,0,49.33%,87.52%,0.0001,"[0.9999210834503174, 7.89088080637157e-05]"
3381,0,49.32%,87.49%,0.2480,"[0.43182042241096497, 0.5681794881820679]"
3382,1,49.33%,87.50%,0.0287,"[0.029612865298986435, 0.9703871607780457]"
3383,1,49.35%,87.50%,0.0566,"[0.062345437705516815, 0.9376544952392578]"
3384,0,49.34%,87.50%,0.0001,"[0.9999279975891113, 7.195173384388909e-05]"
3385,1,49.35%,87.51%,0.0606,"[0.06649143993854523, 0.933508574962616]"
3386,1,49.37%,87.51%,0.0265,"[0.02369982749223709, 0.9763001203536987]"
3387,0,49.35%,87.51%,0.0291,"[0.9053409695625305, 0.09465903043746948]"
3388,0,49.34%,87.52%,0.0001,"[0.9999339580535889, 6.598717300221324e-05]"
3389,1,49.35%,87.52%,0.0305,"[0.026641136035323143, 0.9733588695526123]"
3390,1,49.37%,87.53%,0.0253,"[0.026671117171645164, 0.9733288884162903]"
3391,0,49.35%,87.53%,0.0001,"[0.9999279975891113, 7.196402293629944e-05]"
3392,1,49.37%,87.53%,0.1086,"[0.06918351352214813, 0.9308164119720459]"
3393,1,49.38%,87.54%,0.0281,"[0.023533493280410767, 0.9764665365219116]"
3394,1,49.40%,87.54%,0.0253,"[0.025038404390215874, 0.9749616384506226]"
3395,0,49.38%,87.54%,0.0001,"[0.9999349117279053, 6.503362237708643e-05]"
3396,1,49.40%,87.52%,8.3046,"[0.9995830655097961, 0.00041688690544106066]"
3397,0,49.38%,87.52%,0.0001,"[0.9999302625656128, 6.968618254177272e-05]"
3398,0,49.37%,87.53%,0.0001,"[0.9999361038208008, 6.38907658867538e-05]"
3399,1,49.38%,87.53%,0.0402,"[0.040670230984687805, 0.9593297839164734]"
3400,1,49.40%,87.53%,0.0212,"[0.02119756117463112, 0.9788024425506592]"
3401,0,49.38%,87.54%,0.0001,"[0.9999275207519531, 7.243688014568761e-05]"
3402,1,49.40%,87.54%,0.5796,"[0.3044123649597168, 0.695587694644928]"
3403,1,49.41%,87.54%,0.0325,"[0.03602789342403412, 0.9639721512794495]"
3404,1,49.43%,87.55%,0.3381,"[0.15218859910964966, 0.8478114008903503]"
3405,1,49.44%,87.55%,0.0451,"[0.04910711571574211, 0.9508929252624512]"
3406,1,49.46%,87.53%,0.7567,"[0.9094627499580383, 0.09053729474544525]"
3407,1,49.47%,87.53%,0.0229,"[0.023423587903380394, 0.9765764474868774]"
3408,0,49.46%,87.53%,0.0001,"[0.9998817443847656, 0.00011822656233562157]"
3409,0,49.44%,87.54%,0.0001,"[0.9999033212661743, 9.672207670519128e-05]"
3410,0,49.43%,87.54%,0.0002,"[0.9998364448547363, 0.00016350085206795484]"
3411,0,49.41%,87.54%,0.0002,"[0.9998290538787842, 0.0001708789641270414]"
3412,1,49.43%,87.55%,0.0232,"[0.021380838006734848, 0.9786191582679749]"
3413,1,49.44%,87.55%,0.0134,"[0.015061087906360626, 0.9849389791488647]"
3414,0,49.43%,87.55%,0.0169,"[0.9885920882225037, 0.01140789594501257]"
3415,1,49.44%,87.56%,0.0187,"[0.018566608428955078, 0.9814334511756897]"
3416,1,49.46%,87.56%,0.0171,"[0.016519242897629738, 0.9834807515144348]"
3417,0,49.44%,87.57%,0.0014,"[0.9989141225814819, 0.0010859138565137982]"
3418,0,49.43%,87.57%,0.0004,"[0.9995998740196228, 0.000400109012844041]"
3419,0,49.42%,87.57%,0.0231,"[0.9778001308441162, 0.022199803963303566]"
3420,0,49.40%,87.58%,0.0001,"[0.9998824596405029, 0.00011747072130674496]"
3421,1,49.42%,87.58%,0.0175,"[0.014579555951058865, 0.9854204058647156]"
3422,0,49.40%,87.58%,0.0003,"[0.9996961355209351, 0.0003038904396817088]"
3423,1,49.42%,87.59%,0.0124,"[0.01135349553078413, 0.9886464476585388]"
3424,1,49.43%,87.59%,0.0159,"[0.014763446524739265, 0.9852365255355835]"
3425,0,49.42%,87.57%,3.5947,"[0.031821109354496, 0.968178927898407]"
3426,1,49.43%,87.57%,0.0141,"[0.014360282570123672, 0.9856396913528442]"
3427,1,49.45%,87.57%,0.0119,"[0.01217322051525116, 0.9878267645835876]"
3428,0,49.43%,87.58%,0.0005,"[0.9992969036102295, 0.0007030357955954969]"
3429,1,49.45%,87.58%,0.0122,"[0.013726714067161083, 0.9862732291221619]"
3430,0,49.43%,87.58%,0.0004,"[0.9995691180229187, 0.0004308247589506209]"
3431,1,49.45%,87.59%,0.0123,"[0.011751282028853893, 0.9882487058639526]"
3432,0,49.43%,87.59%,0.0001,"[0.9998655319213867, 0.00013441065675579011]"
3433,0,49.42%,87.57%,2.5032,"[0.12968581914901733, 0.8703142404556274]"
3434,1,49.43%,87.57%,0.0199,"[0.02095763385295868, 0.9790423512458801]"
3435,1,49.45%,87.57%,0.0117,"[0.012729664333164692, 0.9872703552246094]"
3436,1,49.46%,87.58%,0.0196,"[0.018009133636951447, 0.9819908738136292]"
3437,0,49.45%,87.58%,0.0001,"[0.9998751878738403, 0.00012481774319894612]"
3438,1,49.46%,87.58%,0.0221,"[0.02186688408255577, 0.9781332015991211]"
3439,1,49.48%,87.59%,0.0161,"[0.019540289416909218, 0.9804596900939941]"
3440,0,49.46%,87.59%,0.0007,"[0.9993135929107666, 0.0006864347378723323]"
3441,0,49.45%,87.59%,0.0555,"[0.7558280229568481, 0.24417194724082947]"
3442,0,49.43%,87.60%,0.0002,"[0.9998213648796082, 0.00017864344408735633]"
3443,1,49.45%,87.60%,0.0362,"[0.04788769781589508, 0.9521122574806213]"
3444,0,49.43%,87.61%,0.0001,"[0.9998804330825806, 0.00011958523828070611]"
3445,1,49.45%,87.61%,0.1102,"[0.04041207954287529, 0.9595878720283508]"
3446,1,49.46%,87.61%,0.0197,"[0.023205488920211792, 0.9767945408821106]"
3447,0,49.45%,87.62%,0.0001,"[0.9998730421066284, 0.00012694107135757804]"
3448,0,49.43%,87.62%,0.5671,"[0.7519811987876892, 0.2480188012123108]"
3449,1,49.45%,87.62%,0.0167,"[0.015753766521811485, 0.9842462539672852]"
3450,1,49.46%,87.60%,0.9183,"[0.5451639890670776, 0.45483607053756714]"
3451,1,49.48%,87.60%,0.0154,"[0.013781571760773659, 0.9862183928489685]"
3452,1,49.49%,87.58%,2.2965,"[0.9591867327690125, 0.04081319272518158]"
3453,1,49.51%,87.58%,0.0190,"[0.01879819855093956, 0.9812017679214478]"
3454,1,49.52%,87.58%,0.0227,"[0.018483035266399384, 0.9815168976783752]"
3455,1,49.54%,87.59%,0.0116,"[0.013054353184998035, 0.9869456887245178]"
3456,1,49.55%,87.56%,0.3609,"[0.7094383239746094, 0.29056164622306824]"
3457,0,49.54%,87.57%,0.0001,"[0.9998737573623657, 0.00012618293112609535]"
3458,0,49.52%,87.57%,0.0007,"[0.9992796778678894, 0.000720350828487426]"
3459,0,49.51%,87.57%,0.0002,"[0.9997695088386536, 0.0002305146335856989]"
3460,0,49.49%,87.58%,0.0001,"[0.9998873472213745, 0.00011259094026172534]"
3461,1,49.51%,87.58%,0.0172,"[0.018899304792284966, 0.9811006784439087]"
3462,1,49.52%,87.58%,0.0161,"[0.01659269630908966, 0.9834073185920715]"
3463,0,49.51%,87.59%,0.0002,"[0.999854564666748, 0.0001454339799238369]"
3464,1,49.52%,87.59%,0.0534,"[0.04279422387480736, 0.9572057723999023]"
3465,0,49.51%,87.59%,0.0008,"[0.9995414018630981, 0.00045858515659347177]"
3466,0,49.50%,87.57%,2.2471,"[0.12902267277240753, 0.8709772825241089]"
3467,1,49.51%,87.57%,0.0131,"[0.013404397293925285, 0.9865955710411072]"
3468,0,49.50%,87.58%,0.0001,"[0.9998538494110107, 0.00014608290803153068]"
3469,0,49.48%,87.58%,0.0015,"[0.9990666508674622, 0.0009333565249107778]"
3470,0,49.47%,87.58%,0.0002,"[0.9998457431793213, 0.00015425214951392263]"
3471,1,49.48%,87.59%,0.0103,"[0.01059682760387659, 0.9894031286239624]"
3472,1,49.50%,87.59%,0.0183,"[0.01782405562698841, 0.9821760058403015]"
3473,1,49.51%,87.59%,0.0114,"[0.008963262662291527, 0.9910367727279663]"
3474,1,49.53%,87.60%,0.0129,"[0.011995317414402962, 0.9880046248435974]"
3475,0,49.51%,87.60%,0.0002,"[0.9998352527618408, 0.00016473305004183203]"
3476,1,49.53%,87.60%,0.0119,"[0.01335161179304123, 0.9866483807563782]"
3477,1,49.54%,87.61%,0.0104,"[0.009481185115873814, 0.9905188679695129]"
3478,1,49.55%,87.61%,0.0116,"[0.011817923747003078, 0.988182008266449]"
3479,0,49.54%,87.61%,0.0002,"[0.9996836185455322, 0.0003164323861710727]"
3480,1,49.55%,87.62%,0.0095,"[0.009945551864802837, 0.9900544881820679]"
3481,1,49.57%,87.62%,0.0088,"[0.009855550713837147, 0.9901444911956787]"
3482,0,49.55%,87.63%,0.0009,"[0.9992807507514954, 0.0007193067576736212]"
3483,1,49.57%,87.63%,0.0120,"[0.012116984464228153, 0.9878830313682556]"
3484,0,49.56%,87.63%,0.0005,"[0.9994006156921387, 0.0005993847153149545]"
3485,1,49.57%,87.64%,0.0096,"[0.008339792490005493, 0.9916601777076721]"
3486,0,49.56%,87.64%,0.0007,"[0.9984886646270752, 0.0015112593537196517]"
3487,1,49.57%,87.64%,0.0091,"[0.009056522510945797, 0.9909434914588928]"
3488,0,49.56%,87.65%,0.0017,"[0.9947924017906189, 0.005207521840929985]"
3489,1,49.57%,87.65%,0.0113,"[0.0066538238897919655, 0.9933462142944336]"
3490,0,49.56%,87.65%,0.0005,"[0.9977668523788452, 0.0022331061773002148]"
3491,0,49.54%,87.66%,0.0002,"[0.999795138835907, 0.00020491585019044578]"
3492,1,49.56%,87.66%,0.0227,"[0.02181669883430004, 0.9781833291053772]"
3493,1,49.57%,87.66%,0.0090,"[0.009396953508257866, 0.9906030893325806]"
3494,1,49.59%,87.67%,0.0090,"[0.007733722683042288, 0.9922662377357483]"
3495,0,49.57%,87.64%,4.5158,"[0.011216898448765278, 0.988783061504364]"
3496,1,49.59%,87.65%,0.0091,"[0.009106813929975033, 0.9908931255340576]"
3497,1,49.60%,87.65%,0.0092,"[0.009381323121488094, 0.9906186461448669]"
3498,0,49.59%,87.65%,0.0003,"[0.9997335076332092, 0.0002664610801730305]"
3499,0,49.57%,87.63%,4.3140,"[0.014072463847696781, 0.9859275817871094]"
3500,0,49.56%,87.63%,0.0014,"[0.9957564473152161, 0.004243543371558189]"
3501,0,49.54%,87.64%,0.0381,"[0.6657625436782837, 0.3342374563217163]"
3502,1,49.56%,87.64%,0.0115,"[0.011462305672466755, 0.9885376691818237]"
3503,1,49.57%,87.64%,0.0189,"[0.01815476454794407, 0.9818452596664429]"
3504,0,49.56%,87.65%,0.0003,"[0.9987190961837769, 0.0012809510808438063]"
3505,0,49.54%,87.65%,0.0021,"[0.9987512826919556, 0.0012487361673265696]"
3506,1,49.56%,87.65%,0.0219,"[0.020414864644408226, 0.9795851707458496]"
3507,1,49.57%,87.66%,0.0160,"[0.01596425287425518, 0.9840357899665833]"
3508,0,49.56%,87.66%,0.0003,"[0.999797523021698, 0.00020251006935723126]"
3509,1,49.57%,87.66%,0.0225,"[0.023690929636359215, 0.9763091206550598]"
3510,0,49.56%,87.67%,0.0002,"[0.9998304843902588, 0.00016951853467617184]"
3511,1,49.57%,87.67%,0.0139,"[0.012964357621967793, 0.9870356917381287]"
3512,0,49.56%,87.67%,0.0002,"[0.999843955039978, 0.0001560229720780626]"
3513,1,49.57%,87.68%,0.0181,"[0.017640894278883934, 0.9823591113090515]"
3514,1,49.59%,87.68%,0.0235,"[0.024072274565696716, 0.9759277105331421]"
3515,1,49.60%,87.68%,0.0151,"[0.014667568728327751, 0.9853324294090271]"
3516,0,49.59%,87.66%,0.2969,"[0.34380337595939636, 0.656196653842926]"
3517,0,49.57%,87.66%,0.0001,"[0.9998983144760132, 0.00010172126349061728]"
3518,0,49.56%,87.67%,0.0002,"[0.9998144507408142, 0.00018561913748271763]"
3519,1,49.57%,87.67%,0.0195,"[0.018711259588599205, 0.9812887907028198]"
3520,1,49.59%,87.67%,0.0166,"[0.01608799584209919, 0.98391193151474]"
3521,0,49.57%,87.65%,3.2787,"[0.03219866380095482, 0.9678013920783997]"
3522,0,49.56%,87.65%,0.0001,"[0.9998847246170044, 0.00011531716882018372]"
3523,0,49.55%,87.66%,0.0001,"[0.9999034404754639, 9.650896390667185e-05]"
3524,1,49.56%,87.66%,0.0256,"[0.02527790144085884, 0.974722146987915]"
3525,1,49.57%,87.63%,4.5164,"[0.5742303133010864, 0.4257696866989136]"
3526,1,49.59%,87.64%,0.0491,"[0.05276388302445412, 0.947236180305481]"
3527,0,49.57%,87.64%,0.0002,"[0.9998655319213867, 0.0001344173215329647]"
3528,0,49.56%,87.65%,0.0001,"[0.9998596906661987, 0.0001402450870955363]"
3529,1,49.58%,87.65%,0.0294,"[0.027138376608490944, 0.9728615880012512]"
3530,0,49.56%,87.65%,0.0002,"[0.9995997548103333, 0.0004002108471468091]"
3531,1,49.58%,87.66%,0.0200,"[0.017411351203918457, 0.9825886487960815]"
3532,0,49.56%,87.63%,3.0543,"[0.04269566759467125, 0.9573043584823608]"
3533,1,49.58%,87.63%,1.3558,"[0.485822856426239, 0.5141770839691162]"
3534,0,49.56%,87.64%,0.0001,"[0.9998751878738403, 0.00012482464080676436]"
3535,0,49.55%,87.64%,0.0002,"[0.9998205304145813, 0.000179446316906251]"
3536,0,49.53%,87.64%,0.0002,"[0.9997765421867371, 0.00022350330254994333]"
3537,1,49.55%,87.65%,0.0386,"[0.04201881214976311, 0.9579811692237854]"
3538,0,49.53%,87.65%,0.0001,"[0.9998921155929565, 0.00010788215877255425]"
3539,1,49.55%,87.66%,0.0517,"[0.04579305276274681, 0.9542069435119629]"
3540,0,49.53%,87.66%,0.0001,"[0.9998708963394165, 0.00012903110473416746]"
3541,1,49.55%,87.66%,0.0415,"[0.03386032581329346, 0.9661396741867065]"
3542,0,49.53%,87.67%,2.4544,"[0.7843292951583862, 0.21567068994045258]"
3543,1,49.55%,87.67%,0.0576,"[0.04716653749346733, 0.9528334736824036]"
3544,0,49.53%,87.67%,0.0002,"[0.999805748462677, 0.00019423871708568186]"
3545,1,49.55%,87.68%,0.1040,"[0.10616331547498703, 0.8938366770744324]"
3546,1,49.56%,87.68%,0.0222,"[0.02198672853410244, 0.9780133366584778]"
3547,0,49.55%,87.68%,0.0002,"[0.9998192191123962, 0.0001808171218726784]"
3548,1,49.56%,87.69%,0.0228,"[0.021701915189623833, 0.9782981276512146]"
3549,1,49.58%,87.69%,0.0233,"[0.02043408900499344, 0.9795659184455872]"
3550,0,49.56%,87.69%,0.0002,"[0.9997921586036682, 0.00020785574452020228]"
3551,1,49.58%,87.70%,0.0548,"[0.09344226121902466, 0.9065577387809753]"
3552,1,49.59%,87.70%,0.0256,"[0.020937956869602203, 0.9790619611740112]"
3553,0,49.58%,87.70%,0.0002,"[0.9998179078102112, 0.0001821707555791363]"
3554,0,49.56%,87.71%,0.7738,"[0.7622738480567932, 0.23772616684436798]"
3555,1,49.58%,87.71%,0.1669,"[0.10305547714233398, 0.896944522857666]"
3556,1,49.59%,87.71%,0.0215,"[0.02553226612508297, 0.9744677543640137]"
3557,0,49.58%,87.72%,0.0001,"[0.9998788833618164, 0.00012106301437597722]"
3558,1,49.59%,87.72%,0.0531,"[0.06235960125923157, 0.937640368938446]"
3559,0,49.58%,87.72%,0.0004,"[0.9994776844978333, 0.0005223221960477531]"
3560,0,49.56%,87.70%,1.1662,"[0.0983680933713913, 0.9016318917274475]"
3561,0,49.55%,87.70%,0.0001,"[0.9998613595962524, 0.00013860876788385212]"
3562,0,49.54%,87.71%,0.0003,"[0.9997153878211975, 0.00028462213231250644]"
3563,0,49.52%,87.71%,0.0002,"[0.9998321533203125, 0.0001678310800343752]"
3564,1,49.54%,87.71%,0.0388,"[0.04405910149216652, 0.9559409022331238]"
3565,1,49.55%,87.72%,0.3601,"[0.42153245210647583, 0.5784675478935242]"
3566,0,49.54%,87.72%,0.0004,"[0.9995278120040894, 0.0004722521989606321]"
3567,0,49.52%,87.72%,0.0002,"[0.999771773815155, 0.00022824235202278942]"
3568,1,49.54%,87.73%,0.0377,"[0.03874296322464943, 0.9612571001052856]"
3569,1,49.55%,87.73%,0.0545,"[0.05622253939509392, 0.9437774419784546]"
3570,1,49.57%,87.73%,0.0372,"[0.03026454895734787, 0.9697354435920715]"
3571,0,49.55%,87.71%,0.3432,"[0.4674873650074005, 0.5325126647949219]"
3572,1,49.57%,87.71%,0.0318,"[0.03142276033759117, 0.9685772061347961]"
3573,0,49.55%,87.72%,0.0012,"[0.998820960521698, 0.0011790257412940264]"
3574,0,49.54%,87.69%,3.2437,"[0.0446612574160099, 0.9553387761116028]"
3575,1,49.55%,87.70%,0.0238,"[0.02301917038857937, 0.9769807457923889]"
3576,0,49.54%,87.70%,0.0001,"[0.9998902082443237, 0.00010980858496623114]"
3577,1,49.55%,87.70%,0.0282,"[0.02264622412621975, 0.9773538112640381]"
3578,0,49.54%,87.71%,0.0308,"[0.8226971626281738, 0.17730283737182617]"
3579,1,49.55%,87.71%,0.0252,"[0.024107543751597404, 0.9758924841880798]"
3580,1,49.57%,87.71%,0.0728,"[0.08123449236154556, 0.9187654852867126]"
3581,1,49.58%,87.72%,0.1281,"[0.11877862364053726, 0.881221354007721]"
3582,0,49.57%,87.72%,0.0002,"[0.9998183846473694, 0.0001816521107684821]"
3583,0,49.55%,87.72%,0.0002,"[0.9998055100440979, 0.00019455660367384553]"
3584,1,49.57%,87.73%,0.0352,"[0.028487669304013252, 0.9715123772621155]"
3585,0,49.55%,87.73%,0.0002,"[0.9998230338096619, 0.00017702563491184264]"
3586,0,49.54%,87.73%,0.0001,"[0.9998999834060669, 9.996472363127396e-05]"
3587,1,49.55%,87.74%,0.0241,"[0.02455323562026024, 0.9754467606544495]"
3588,1,49.57%,87.74%,0.0473,"[0.035790953785181046, 0.9642090201377869]"
3589,1,49.58%,87.74%,0.0654,"[0.05214400216937065, 0.9478560090065002]"
3590,0,49.57%,87.72%,2.3038,"[0.08041631430387497, 0.9195836782455444]"
3591,0,49.55%,87.72%,0.0001,"[0.9998605251312256, 0.00013942000805400312]"
3592,1,49.57%,87.73%,0.0290,"[0.028502194210886955, 0.9714978337287903]"
3593,0,49.55%,87.73%,0.0004,"[0.9997345805168152, 0.0002654109266586602]"
3594,1,49.57%,87.73%,0.0220,"[0.02582431770861149, 0.9741756319999695]"
3595,1,49.58%,87.74%,0.0744,"[0.06362597644329071, 0.9363740682601929]"
3596,1,49.60%,87.71%,2.1952,"[0.968193531036377, 0.031806495040655136]"
3597,1,49.61%,87.72%,0.0310,"[0.0376921184360981, 0.962307870388031]"
3598,1,49.62%,87.72%,0.0224,"[0.02575291134417057, 0.9742470383644104]"
3599,0,49.61%,87.69%,2.8577,"[0.039682045578956604, 0.9603179693222046]"
3600,0,49.60%,87.70%,0.0002,"[0.9997294545173645, 0.00027056917315348983]"
3601,1,49.61%,87.70%,0.0702,"[0.05708519369363785, 0.9429148435592651]"
3602,0,49.60%,87.70%,0.0001,"[0.9998658895492554, 0.00013407923688646406]"
3603,1,49.61%,87.71%,0.0249,"[0.024435831233859062, 0.975564181804657]"
3604,1,49.63%,87.71%,0.1088,"[0.10539978742599487, 0.8946002125740051]"
3605,0,49.61%,87.71%,0.0001,"[0.9998492002487183, 0.00015073863323777914]"
3606,0,49.60%,87.72%,0.0001,"[0.999846339225769, 0.00015369453467428684]"
3607,0,49.58%,87.69%,2.0103,"[0.2539736032485962, 0.7460263967514038]"
3608,1,49.60%,87.70%,0.0648,"[0.0697561502456665, 0.9302438497543335]"
3609,0,49.58%,87.70%,0.0002,"[0.9998037219047546, 0.00019631290342658758]"
3610,0,49.57%,87.70%,0.0002,"[0.9998334646224976, 0.0001665527088334784]"
3611,1,49.58%,87.71%,0.0288,"[0.02466582879424095, 0.975334107875824]"
3612,1,49.60%,87.71%,0.2145,"[0.24150314927101135, 0.7584968209266663]"
3613,0,49.58%,87.71%,0.0002,"[0.9997779726982117, 0.0002220046881120652]"
3614,0,49.57%,87.72%,0.0002,"[0.9997863173484802, 0.00021375362121034414]"
3615,0,49.56%,87.72%,0.0002,"[0.9998313188552856, 0.00016862717166077346]"
3616,0,49.54%,87.72%,0.0021,"[0.999478280544281, 0.0005218011792749166]"
3617,1,49.56%,87.73%,0.1278,"[0.16182702779769897, 0.838172972202301]"
3618,0,49.54%,87.70%,3.3021,"[0.04670170694589615, 0.9532982707023621]"
3619,0,49.53%,87.71%,0.0003,"[0.9996999502182007, 0.0003001349978148937]"
3620,0,49.52%,87.68%,2.7852,"[0.053597595542669296, 0.946402370929718]"
3621,1,49.53%,87.69%,0.0596,"[0.06370740383863449, 0.9362926483154297]"
3622,1,49.54%,87.69%,0.0402,"[0.04207645356655121, 0.9579235315322876]"
3623,1,49.56%,87.69%,0.0294,"[0.03243161737918854, 0.9675683975219727]"
3624,0,49.54%,87.70%,0.0002,"[0.9997627139091492, 0.00023730608518235385]"
3625,0,49.53%,87.67%,3.1065,"[0.04215342923998833, 0.9578466415405273]"
3626,0,49.52%,87.68%,0.0003,"[0.9997089505195618, 0.00029099747189320624]"
3627,1,49.53%,87.68%,0.0497,"[0.038791023194789886, 0.9612089395523071]"
3628,1,49.55%,87.68%,0.0437,"[0.04039878025650978, 0.9596011638641357]"
3629,0,49.53%,87.66%,2.6245,"[0.09326573461294174, 0.9067342877388]"
3630,0,49.52%,87.66%,0.0009,"[0.9983384609222412, 0.0016615156782791018]"
3631,0,49.50%,87.67%,0.0004,"[0.9996461868286133, 0.0003537799057085067]"
3632,0,49.49%,87.67%,0.0030,"[0.9978085160255432, 0.0021914448589086533]"
3633,0,49.48%,87.67%,0.0009,"[0.9990893602371216, 0.0009106962825171649]"
3634,0,49.46%,87.68%,0.0003,"[0.9997479319572449, 0.0002520937123335898]"
3635,1,49.48%,87.68%,0.0713,"[0.07781724631786346, 0.9221827983856201]"
3636,1,49.49%,87.68%,0.0708,"[0.05656037852168083, 0.9434395432472229]"
3637,0,49.48%,87.69%,0.8507,"[0.5164799690246582, 0.483519971370697]"
3638,0,49.46%,87.66%,1.0489,"[0.3753562271595001, 0.6246437430381775]"
3639,0,49.45%,87.66%,0.0003,"[0.9997296929359436, 0.00027033817605115473]"
3640,1,49.46%,87.67%,0.5681,"[0.3777479827404022, 0.6222519874572754]"
3641,1,49.48%,87.67%,0.6449,"[0.23980337381362915, 0.7601966261863708]"
3642,1,49.49%,87.67%,0.3934,"[0.32562097907066345, 0.6743789911270142]"
3643,0,49.48%,87.65%,1.6710,"[0.24299776554107666, 0.7570022344589233]"
3644,0,49.47%,87.63%,1.4061,"[0.19841620326042175, 0.8015837669372559]"
3645,1,49.48%,87.63%,0.3435,"[0.289551317691803, 0.710448682308197]"
3646,0,49.47%,87.63%,0.0002,"[0.9997937083244324, 0.00020626014156732708]"
3647,1,49.48%,87.64%,0.2302,"[0.28311216831207275, 0.7168878316879272]"
3648,1,49.49%,87.64%,0.1955,"[0.17957253754138947, 0.820427417755127]"
3649,0,49.48%,87.64%,0.6198,"[0.5128572583198547, 0.48714274168014526]"
3650,0,49.47%,87.65%,0.0002,"[0.9998441934585571, 0.0001557825889904052]"
3651,0,49.45%,87.65%,0.0004,"[0.99954754114151, 0.0004524568794295192]"
3652,0,49.44%,87.65%,0.0002,"[0.9997434020042419, 0.0002566021867096424]"
3653,1,49.45%,87.66%,0.1137,"[0.08703506737947464, 0.9129649996757507]"
3654,0,49.44%,87.66%,0.0006,"[0.9992725253105164, 0.0007275167154148221]"
3655,1,49.45%,87.66%,0.1585,"[0.13149087131023407, 0.8685091137886047]"
3656,0,49.44%,87.67%,0.0001,"[0.9998406171798706, 0.00015941000310704112]"
3657,0,49.43%,87.67%,0.0002,"[0.9998346567153931, 0.0001653247163631022]"
3658,1,49.44%,87.67%,0.1292,"[0.08723003417253494, 0.9127699732780457]"
3659,1,49.45%,87.68%,0.0812,"[0.07766729593276978, 0.922332763671875]"
3660,0,49.44%,87.68%,0.0004,"[0.9995712637901306, 0.0004287533229216933]"
3661,0,49.43%,87.68%,0.0003,"[0.9996718168258667, 0.0003282204852439463]"
3662,0,49.41%,87.69%,0.0003,"[0.9996826648712158, 0.0003173713921569288]"
3663,0,49.40%,87.69%,0.1778,"[0.99403315782547, 0.005966852884739637]"
3664,0,49.39%,87.69%,0.0003,"[0.9997329115867615, 0.00026705345953814685]"
3665,0,49.37%,87.70%,0.0007,"[0.9991601705551147, 0.0008398675709031522]"
3666,0,49.36%,87.70%,0.0002,"[0.9997532963752747, 0.0002467061276547611]"
3667,1,49.37%,87.70%,0.1100,"[0.10930437594652176, 0.8906956315040588]"
3668,0,49.36%,87.71%,0.0013,"[0.9993383288383484, 0.0006616854225285351]"
3669,0,49.35%,87.71%,0.0003,"[0.9996250867843628, 0.0003748899616766721]"
3670,0,49.33%,87.71%,0.0005,"[0.9995189905166626, 0.000480989518109709]"
3671,1,49.35%,87.72%,0.0849,"[0.0514310747385025, 0.9485689401626587]"
3672,1,49.36%,87.72%,0.0430,"[0.0413210354745388, 0.9586790204048157]"
3673,0,49.35%,87.72%,0.0003,"[0.9997876286506653, 0.00021238434419501573]"
3674,1,49.36%,87.73%,0.0453,"[0.03791487589478493, 0.9620851278305054]"
3675,0,49.35%,87.73%,0.0001,"[0.9998784065246582, 0.00012161504128016531]"
3676,1,49.36%,87.73%,0.0365,"[0.035492993891239166, 0.9645070433616638]"
3677,1,49.37%,87.74%,0.0552,"[0.05896872282028198, 0.941031277179718]"
3678,0,49.36%,87.74%,0.0004,"[0.9995589852333069, 0.00044103109394200146]"
3679,0,49.35%,87.74%,0.0002,"[0.9997854828834534, 0.00021456772810779512]"
3680,1,49.36%,87.75%,0.1073,"[0.11074640601873398, 0.889253556728363]"
3681,0,49.35%,87.72%,1.1755,"[0.29974058270454407, 0.7002594470977783]"
3682,0,49.33%,87.70%,1.8786,"[0.16067606210708618, 0.8393239378929138]"
3683,0,49.32%,87.70%,0.0002,"[0.9998231530189514, 0.00017693298286758363]"
3684,1,49.34%,87.71%,0.0926,"[0.06800869852304459, 0.9319913387298584]"
3685,0,49.32%,87.71%,0.0006,"[0.9995049238204956, 0.0004951039445586503]"
3686,0,49.31%,87.69%,2.4217,"[0.06230715662240982, 0.9376928806304932]"
3687,0,49.30%,87.69%,0.0003,"[0.9997329115867615, 0.00026702185277827084]"
3688,0,49.28%,87.69%,0.0001,"[0.9998784065246582, 0.00012158141180407256]"
3689,0,49.27%,87.70%,0.0011,"[0.9991893172264099, 0.000810669211205095]"
3690,0,49.25%,87.70%,0.0002,"[0.999811589717865, 0.00018847748287953436]"
3691,1,49.27%,87.68%,0.7438,"[0.7011713981628418, 0.2988285422325134]"
3692,1,49.28%,87.68%,0.1337,"[0.06667071580886841, 0.9333292841911316]"
3693,0,49.27%,87.68%,0.0002,"[0.9998564720153809, 0.00014346039097290486]"
3694,1,49.28%,87.69%,0.1382,"[0.23985368013381958, 0.7601462602615356]"
3695,0,49.27%,87.69%,0.0134,"[0.9591475129127502, 0.04085252806544304]"
3696,0,49.26%,87.69%,0.0001,"[0.9998966455459595, 0.00010335737169953063]"
3697,0,49.24%,87.70%,0.0002,"[0.999788224697113, 0.0002117415569955483]"
3698,0,49.23%,87.70%,0.0011,"[0.9993971586227417, 0.0006028747884556651]"
3699,1,49.24%,87.70%,0.0656,"[0.08670827001333237, 0.9132916927337646]"
3700,1,49.26%,87.71%,0.0381,"[0.042993832379579544, 0.9570061564445496]"
3701,1,49.27%,87.71%,0.1858,"[0.2748768925666809, 0.7251230478286743]"
3702,1,49.28%,87.71%,0.0542,"[0.08359146118164062, 0.9164085984230042]"
3703,0,49.27%,87.72%,0.0003,"[0.9995697140693665, 0.0004303154128137976]"
3704,1,49.28%,87.72%,0.0725,"[0.15626563131809235, 0.8437343835830688]"
3705,1,49.30%,87.72%,0.0552,"[0.04959063231945038, 0.9504094123840332]"
3706,1,49.31%,87.73%,0.0315,"[0.03310023248195648, 0.9668998122215271]"
3707,1,49.33%,87.73%,0.0198,"[0.07534421980381012, 0.9246557950973511]"
3708,1,49.34%,87.73%,0.0360,"[0.02779080532491207, 0.9722092151641846]"
3709,1,49.35%,87.74%,0.0248,"[0.024867767468094826, 0.9751322269439697]"
3710,0,49.34%,87.74%,0.0031,"[0.9737638235092163, 0.026236185804009438]"
3711,0,49.33%,87.74%,0.0007,"[0.9994669556617737, 0.0005330672720447183]"
3712,0,49.31%,87.75%,0.0003,"[0.999653697013855, 0.00034632475581020117]"
3713,1,49.33%,87.75%,0.0789,"[0.03829900920391083, 0.961700975894928]"
3714,1,49.34%,87.75%,0.0682,"[0.04808095842599869, 0.9519190788269043]"
3715,0,49.33%,87.73%,3.2445,"[0.032366979867219925, 0.9676330089569092]"
3716,0,49.31%,87.73%,0.0004,"[0.9994640946388245, 0.0005359281203709543]"
3717,0,49.30%,87.71%,3.4709,"[0.027602657675743103, 0.9723973274230957]"
3718,0,49.29%,87.71%,0.0022,"[0.9968493580818176, 0.003150669625028968]"
3719,1,49.30%,87.72%,0.0870,"[0.06776893883943558, 0.9322310090065002]"
3720,1,49.31%,87.72%,0.0429,"[0.035147350281476974, 0.9648526310920715]"
3721,0,49.30%,87.72%,0.0003,"[0.9997039437294006, 0.0002960485580842942]"
3722,0,49.29%,87.72%,0.0005,"[0.9996254444122314, 0.00037456219433806837]"
3723,1,49.30%,87.73%,0.0347,"[0.032428350299596786, 0.9675716161727905]"
3724,1,49.32%,87.73%,0.0401,"[0.0386153869330883, 0.961384654045105]"
3725,0,49.30%,87.73%,0.0039,"[0.9941522479057312, 0.005847717635333538]"
3726,0,49.29%,87.74%,0.0019,"[0.9991030693054199, 0.0008969958289526403]"
3727,0,49.28%,87.74%,0.0002,"[0.9998273849487305, 0.0001726082555251196]"
3728,1,49.29%,87.74%,0.0616,"[0.06342644989490509, 0.9365735054016113]"
3729,0,49.28%,87.72%,2.8906,"[0.050367340445518494, 0.9496327042579651]"
3730,0,49.26%,87.70%,2.6830,"[0.04688838869333267, 0.9531116485595703]"
3731,0,49.25%,87.70%,0.0072,"[0.9965348243713379, 0.0034651500172913074]"
3732,1,49.26%,87.70%,0.0611,"[0.0433228500187397, 0.9566771388053894]"
3733,0,49.25%,87.71%,0.0008,"[0.9993335604667664, 0.0006664589745923877]"
3734,1,49.26%,87.71%,0.0935,"[0.07517506182193756, 0.9248249530792236]"
3735,0,49.25%,87.71%,0.0040,"[0.9953913688659668, 0.00460865767672658]"
3736,0,49.24%,87.69%,1.9188,"[0.10121163725852966, 0.898788332939148]"
3737,0,49.22%,87.69%,0.0003,"[0.9995984435081482, 0.00040154517046175897]"
3738,1,49.24%,87.70%,0.1368,"[0.14423634111881256, 0.8557636737823486]"
3739,1,49.25%,87.70%,0.1336,"[0.0837363600730896, 0.9162636399269104]"
3740,0,49.24%,87.70%,0.0007,"[0.9987775683403015, 0.001222388120368123]"
3741,0,49.23%,87.71%,0.0002,"[0.9998385906219482, 0.0001613792119314894]"
3742,0,49.21%,87.71%,0.0001,"[0.9998714923858643, 0.00012851502106059343]"
3743,1,49.23%,87.71%,0.0480,"[0.10585751384496689, 0.8941425085067749]"
3744,0,49.21%,87.72%,0.0002,"[0.9997863173484802, 0.00021371549519244581]"
3745,1,49.23%,87.72%,0.0769,"[0.08461009711027145, 0.9153898358345032]"
3746,0,49.21%,87.72%,0.0153,"[0.9983751773834229, 0.001624769764021039]"
3747,0,49.20%,87.70%,1.7187,"[0.18408650159835815, 0.8159134984016418]"
3748,0,49.19%,87.70%,0.0002,"[0.9998098015785217, 0.00019024928042199463]"
3749,0,49.17%,87.68%,1.2151,"[0.11609441041946411, 0.8839055895805359]"
3750,1,49.19%,87.68%,0.2070,"[0.19266459345817566, 0.807335376739502]"
3751,0,49.17%,87.69%,0.0003,"[0.9997153878211975, 0.0002846050192601979]"
3752,0,49.16%,87.69%,0.3122,"[0.6212471723556519, 0.37875282764434814]"
3753,0,49.15%,87.67%,1.9915,"[0.13277983665466309, 0.8672202229499817]"
3754,0,49.13%,87.67%,0.7093,"[0.5232571363449097, 0.47674283385276794]"
3755,1,49.15%,87.67%,0.4278,"[0.23694615066051483, 0.763053834438324]"
3756,1,49.16%,87.65%,0.1426,"[0.51287841796875, 0.4871215522289276]"
3757,0,49.15%,87.65%,0.0001,"[0.9998749494552612, 0.00012506650818977505]"
3758,0,49.14%,87.66%,0.0001,"[0.9999144077301025, 8.558970148442313e-05]"
3759,1,49.15%,87.66%,0.1856,"[0.3759199380874634, 0.6240800619125366]"
3760,0,49.14%,87.66%,0.0001,"[0.9999139308929443, 8.604174217907712e-05]"
3761,1,49.15%,87.67%,0.0929,"[0.22303889691829681, 0.776961088180542]"
3762,1,49.16%,87.67%,1.3089,"[0.3337595760822296, 0.6662404537200928]"
3763,0,49.15%,87.65%,1.5224,"[0.42548152804374695, 0.5745185017585754]"
3764,1,49.16%,87.65%,0.1473,"[0.34949567914009094, 0.6505043506622314]"
3765,0,49.15%,87.65%,0.0001,"[0.9999164342880249, 8.350471762241796e-05]"
3766,1,49.16%,87.66%,0.4191,"[0.46489083766937256, 0.5351091027259827]"
3767,1,49.18%,87.63%,1.1424,"[0.8183088302612305, 0.18169113993644714]"
3768,0,49.16%,87.64%,0.0001,"[0.9998894929885864, 0.00011052240006392822]"
3769,1,49.18%,87.64%,0.1243,"[0.2490827739238739, 0.7509171962738037]"
3770,0,49.16%,87.64%,0.0001,"[0.9999077320098877, 9.22788240131922e-05]"
3771,1,49.18%,87.65%,0.6408,"[0.3764464259147644, 0.6235535740852356]"
3772,1,49.19%,87.65%,0.0525,"[0.07598988711833954, 0.9240100979804993]"
3773,0,49.18%,87.65%,0.0001,"[0.9998931884765625, 0.00010677865066099912]"
3774,1,49.19%,87.66%,0.0868,"[0.07787498831748962, 0.922124981880188]"
3775,1,49.21%,87.66%,0.0460,"[0.13187465071678162, 0.868125319480896]"
3776,1,49.22%,87.66%,0.1589,"[0.1580304056406021, 0.8419696092605591]"
3777,0,49.21%,87.64%,2.4358,"[0.05470820516347885, 0.9452917575836182]"
3778,1,49.22%,87.64%,0.0747,"[0.113752581179142, 0.8862473964691162]"
3779,0,49.21%,87.62%,2.8268,"[0.051640886813402176, 0.9483590722084045]"
3780,1,49.22%,87.62%,0.0657,"[0.05317520350217819, 0.9468247890472412]"
3781,1,49.23%,87.63%,0.0551,"[0.04080404341220856, 0.9591959714889526]"
3782,1,49.25%,87.63%,0.0744,"[0.08095221221446991, 0.9190478324890137]"
3783,0,49.23%,87.63%,0.0001,"[0.9998643398284912, 0.0001356588618364185]"
3784,0,49.22%,87.64%,0.0002,"[0.9998102784156799, 0.00018976174760609865]"
3785,0,49.21%,87.64%,0.0001,"[0.9998626708984375, 0.00013730775390285999]"
3786,0,49.19%,87.64%,0.0002,"[0.9998261332511902, 0.0001738386054057628]"
3787,0,49.18%,87.65%,0.0001,"[0.999872088432312, 0.00012788594176527113]"
3788,1,49.20%,87.65%,0.0540,"[0.056377530097961426, 0.9436225295066833]"
3789,0,49.18%,87.65%,0.0004,"[0.9996460676193237, 0.00035389745607972145]"
3790,1,49.20%,87.65%,0.1196,"[0.06975875049829483, 0.9302412867546082]"
3791,1,49.21%,87.66%,0.0424,"[0.039353497326374054, 0.9606464505195618]"
3792,0,49.20%,87.66%,0.0001,"[0.9998835325241089, 0.0001164570203400217]"
3793,0,49.18%,87.66%,0.0002,"[0.9998088479042053, 0.00019118304771836847]"
3794,1,49.20%,87.67%,0.0649,"[0.08095517009496689, 0.9190447926521301]"
3795,1,49.21%,87.67%,0.1062,"[0.1971411257982254, 0.8028589487075806]"
3796,0,49.20%,87.67%,0.0005,"[0.9995707869529724, 0.0004291511431802064]"
3797,1,49.21%,87.68%,0.0232,"[0.029885470867156982, 0.9701145887374878]"
3798,1,49.22%,87.68%,0.0324,"[0.02423294447362423, 0.9757670760154724]"
3799,1,49.24%,87.68%,0.0298,"[0.02804095298051834, 0.9719589948654175]"
3800,0,49.22%,87.66%,1.4571,"[0.1619490534067154, 0.838050901889801]"
3801,1,49.24%,87.66%,0.0493,"[0.03330321982502937, 0.9666967988014221]"
3802,0,49.22%,87.67%,0.0026,"[0.9963096976280212, 0.0036903030704706907]"
3803,1,49.24%,87.67%,0.0405,"[0.05049316957592964, 0.9495068192481995]"
3804,1,49.25%,87.67%,0.0464,"[0.03211304917931557, 0.9678869247436523]"
3805,0,49.24%,87.65%,3.4311,"[0.03908233717083931, 0.960917592048645]"
3806,1,49.25%,87.65%,0.0246,"[0.018308674916625023, 0.981691300868988]"
3807,0,49.24%,87.66%,0.0004,"[0.9997726082801819, 0.00022737176914233714]"
3808,0,49.23%,87.66%,0.0012,"[0.999256432056427, 0.0007436008309014142]"
3809,1,49.24%,87.66%,0.0676,"[0.08383510261774063, 0.9161648750305176]"
3810,0,49.23%,87.64%,2.5374,"[0.044888753443956375, 0.9551112055778503]"
3811,1,49.24%,87.64%,0.0216,"[0.023481329903006554, 0.9765186905860901]"
3812,0,49.23%,87.62%,3.0223,"[0.04019182175397873, 0.9598081707954407]"
3813,1,49.24%,87.62%,0.0476,"[0.07464639842510223, 0.9253535866737366]"
3814,0,49.23%,87.60%,1.3921,"[0.399852454662323, 0.600147545337677]"
3815,0,49.21%,87.60%,0.0003,"[0.99964439868927, 0.00035553803900256753]"
3816,1,49.23%,87.61%,0.1399,"[0.07900775969028473, 0.9209921956062317]"
3817,0,49.21%,87.61%,0.0005,"[0.9996063113212585, 0.00039367767749354243]"
3818,0,49.20%,87.61%,0.0001,"[0.9998605251312256, 0.00013948424020782113]"
3819,1,49.21%,87.62%,0.1145,"[0.10288823395967484, 0.8971117734909058]"
3820,1,49.23%,87.62%,0.0857,"[0.07349030673503876, 0.9265097379684448]"
3821,1,49.24%,87.62%,0.0545,"[0.05299897864460945, 0.947001039981842]"
3822,1,49.25%,87.63%,0.0984,"[0.0822104662656784, 0.9177895188331604]"
3823,0,49.24%,87.63%,0.0002,"[0.9997909665107727, 0.000209053439903073]"
3824,0,49.23%,87.61%,2.0002,"[0.08084283769130707, 0.9191571474075317]"
3825,1,49.24%,87.61%,0.0728,"[0.16006997227668762, 0.8399300575256348]"
3826,0,49.23%,87.61%,0.0001,"[0.9999125003814697, 8.74483521329239e-05]"
3827,1,49.24%,87.62%,0.0289,"[0.04195025935769081, 0.9580497741699219]"
3828,0,49.23%,87.62%,0.0002,"[0.9998250603675842, 0.00017501864931546152]"
3829,0,49.22%,87.62%,0.0001,"[0.9997969269752502, 0.00020307117665652186]"
3830,0,49.20%,87.63%,0.0002,"[0.9998596906661987, 0.00014030662714503706]"
3831,0,49.19%,87.60%,1.5898,"[0.06025807186961174, 0.9397419095039368]"
3832,0,49.18%,87.61%,0.0001,"[0.9998753070831299, 0.00012463968596421182]"
3833,1,49.19%,87.61%,0.1140,"[0.16856855154037476, 0.8314314484596252]"
3834,0,49.18%,87.61%,0.0002,"[0.9997747540473938, 0.00022526444809045643]"
3835,0,49.17%,87.62%,0.0001,"[0.9998457431793213, 0.00015423331933561713]"
3836,0,49.15%,87.62%,0.0001,"[0.999915361404419, 8.461377728963271e-05]"
3837,1,49.17%,87.62%,0.5266,"[0.34634992480278015, 0.6536501049995422]"
3838,1,49.18%,87.63%,0.0730,"[0.04860634729266167, 0.9513936638832092]"
3839,0,49.17%,87.63%,0.0350,"[0.9780300855636597, 0.0219698715955019]"
3840,1,49.18%,87.63%,0.2511,"[0.15100468695163727, 0.8489953279495239]"
3841,1,49.19%,87.64%,0.1265,"[0.07838957011699677, 0.9216104745864868]"
3842,1,49.21%,87.64%,0.5191,"[0.40909168124198914, 0.5909083485603333]"
3843,1,49.22%,87.64%,0.4385,"[0.08558756858110428, 0.9144124984741211]"
3844,1,49.23%,87.65%,0.0866,"[0.06556550413370132, 0.9344344735145569]"
3845,0,49.22%,87.65%,0.0003,"[0.9997437596321106, 0.0002562315494287759]"
3846,1,49.23%,87.65%,0.0623,"[0.023476701229810715, 0.9765233397483826]"
3847,0,49.22%,87.66%,0.0002,"[0.9997817873954773, 0.00021821355039719492]"
3848,0,49.21%,87.66%,0.0002,"[0.9998238682746887, 0.0001761962630553171]"
3849,0,49.19%,87.66%,0.0002,"[0.9998558759689331, 0.00014408334391191602]"
3850,1,49.21%,87.67%,0.0335,"[0.031780894845724106, 0.9682191610336304]"
3851,1,49.22%,87.67%,0.0532,"[0.06370532512664795, 0.9362947344779968]"
3852,0,49.21%,87.67%,0.0003,"[0.9997684359550476, 0.0002315362507943064]"
3853,1,49.22%,87.68%,0.0752,"[0.07357565313577652, 0.9264242649078369]"
3854,0,49.21%,87.65%,2.3510,"[0.05484577640891075, 0.9451542496681213]"
3855,0,49.20%,87.66%,0.0006,"[0.9994015693664551, 0.0005984851159155369]"
3856,1,49.21%,87.66%,0.0596,"[0.0355127714574337, 0.9644871950149536]"
3857,0,49.20%,87.66%,0.0030,"[0.9985062479972839, 0.001493777264840901]"
3858,0,49.18%,87.67%,0.0007,"[0.9993916749954224, 0.000608333561103791]"
3859,0,49.17%,87.67%,0.0114,"[0.9451102614402771, 0.054889701306819916]"
3860,0,49.16%,87.67%,0.0005,"[0.9994744658470154, 0.0005255463183857501]"
3861,1,49.17%,87.67%,0.0427,"[0.031061392277479172, 0.9689385890960693]"
3862,0,49.16%,87.68%,0.0020,"[0.9990260601043701, 0.000974000315181911]"
3863,0,49.15%,87.66%,3.0748,"[0.04101767763495445, 0.9589823484420776]"
3864,0,49.13%,87.63%,3.2730,"[0.04557451605796814, 0.9544255137443542]"
3865,0,49.12%,87.61%,3.0891,"[0.047602105885744095, 0.952397882938385]"
3866,0,49.11%,87.59%,2.7713,"[0.06515103578567505, 0.934848964214325]"
3867,0,49.10%,87.59%,0.0003,"[0.9996176958084106, 0.0003822928119916469]"
3868,0,49.08%,87.59%,0.0021,"[0.9973299503326416, 0.002670004963874817]"
3869,0,49.07%,87.60%,0.0055,"[0.9749982357025146, 0.025001784786581993]"
3870,1,49.08%,87.60%,0.0636,"[0.08120352774858475, 0.9187964797019958]"
3871,0,49.07%,87.60%,0.0006,"[0.9996414184570312, 0.00035853026201948524]"
3872,0,49.06%,87.61%,0.1135,"[0.7409348487854004, 0.2590651214122772]"
3873,1,49.07%,87.61%,0.1920,"[0.18073689937591553, 0.8192631006240845]"
3874,0,49.06%,87.61%,0.0003,"[0.9996776580810547, 0.0003223845560569316]"
3875,1,49.07%,87.62%,0.1502,"[0.06106041744351387, 0.9389395713806152]"
3876,0,49.06%,87.62%,0.0001,"[0.9998446702957153, 0.00015532753604929894]"
3877,0,49.05%,87.62%,0.0002,"[0.9998483657836914, 0.00015159598842728883]"
3878,0,49.03%,87.63%,0.0001,"[0.9998677968978882, 0.0001321843301411718]"
3879,1,49.05%,87.63%,0.6354,"[0.19463849067687988, 0.8053615689277649]"
3880,0,49.03%,87.63%,0.0001,"[0.999880313873291, 0.00011964215082116425]"
3881,1,49.05%,87.64%,0.2273,"[0.2657715082168579, 0.7342285513877869]"
3882,0,49.03%,87.64%,0.0004,"[0.9996691942214966, 0.0003307891311123967]"
3883,0,49.02%,87.64%,0.0009,"[0.9991545677185059, 0.0008454048656858504]"
3884,0,49.01%,87.64%,0.0002,"[0.9996864795684814, 0.0003135614679194987]"
3885,0,49.00%,87.65%,0.8581,"[0.5190854072570801, 0.48091456294059753]"
3886,1,49.01%,87.65%,0.0601,"[0.06131455674767494, 0.9386854767799377]"
3887,1,49.02%,87.65%,0.0833,"[0.05333508178591728, 0.9466649293899536]"
3888,1,49.04%,87.66%,0.1101,"[0.11023051291704178, 0.8897694945335388]"
3889,0,49.02%,87.66%,0.0004,"[0.9996373653411865, 0.0003626348334364593]"
3890,1,49.04%,87.66%,0.0456,"[0.04715781658887863, 0.9528421759605408]"
3891,1,49.05%,87.67%,0.1775,"[0.14131800830364227, 0.8586820363998413]"
3892,0,49.04%,87.67%,0.0142,"[0.9895490407943726, 0.010450992733240128]"
3893,1,49.05%,87.67%,0.1264,"[0.1530994325876236, 0.8469005823135376]"
3894,1,49.06%,87.68%,0.0496,"[0.04168178513646126, 0.9583182334899902]"
3895,0,49.05%,87.68%,0.0022,"[0.9965925812721252, 0.003407437587156892]"
3896,0,49.04%,87.68%,0.0002,"[0.9998094439506531, 0.00019062423962168396]"
3897,0,49.03%,87.66%,1.3734,"[0.21099863946437836, 0.7890013456344604]"
3898,0,49.01%,87.66%,0.0002,"[0.9998008608818054, 0.00019910432456526905]"
3899,1,49.03%,87.67%,0.0387,"[0.048309579491615295, 0.9516904354095459]"
3900,0,49.01%,87.64%,0.3853,"[0.236678808927536, 0.7633211612701416]"
3901,0,49.00%,87.65%,0.0004,"[0.9994726777076721, 0.000527391501236707]"
3902,0,48.99%,87.65%,0.0001,"[0.9998284578323364, 0.0001714946556603536]"
3903,0,48.98%,87.65%,0.0002,"[0.999796450138092, 0.00020358222536742687]"
3904,1,48.99%,87.66%,0.0687,"[0.1036941260099411, 0.8963058590888977]"
3905,1,49.00%,87.66%,0.0470,"[0.045467037707567215, 0.9545329213142395]"
3906,1,49.01%,87.66%,0.0418,"[0.0509578213095665, 0.9490421414375305]"
3907,1,49.03%,87.67%,0.0757,"[0.04908347129821777, 0.9509165287017822]"
3908,1,49.04%,87.67%,0.0749,"[0.09906353801488876, 0.900936484336853]"
3909,1,49.05%,87.67%,0.0382,"[0.035895057022571564, 0.964104950428009]"
3910,0,49.04%,87.68%,0.0002,"[0.9997965693473816, 0.00020340389164630324]"
3911,0,49.03%,87.68%,0.0001,"[0.9999140501022339, 8.589581557316706e-05]"
3912,1,49.04%,87.68%,0.0996,"[0.10480935871601105, 0.8951906561851501]"
3913,0,49.03%,87.69%,0.0002,"[0.9997405409812927, 0.0002594047109596431]"
3914,0,49.02%,87.66%,2.6997,"[0.0544314831495285, 0.9455685019493103]"
3915,1,49.03%,87.67%,0.1130,"[0.06321242451667786, 0.9367876052856445]"
3916,1,49.04%,87.67%,0.0878,"[0.1164846122264862, 0.8835154175758362]"
3917,1,49.06%,87.67%,0.0365,"[0.036360930651426315, 0.9636390209197998]"
3918,0,49.04%,87.68%,0.0001,"[0.9998728036880493, 0.000127219915157184]"
3919,0,49.03%,87.68%,0.0001,"[0.9999077320098877, 9.227389091392979e-05]"
3920,1,49.04%,87.66%,2.4092,"[0.7035967111587524, 0.29640331864356995]"
3921,1,49.06%,87.66%,0.1563,"[0.09077152609825134, 0.9092284440994263]"
3922,0,49.04%,87.66%,1.1828,"[0.762008786201477, 0.23799124360084534]"
3923,0,49.03%,87.67%,0.0003,"[0.9997970461845398, 0.00020293451962061226]"
3924,0,49.02%,87.67%,0.0001,"[0.999863862991333, 0.0001361770264338702]"
3925,0,49.01%,87.67%,0.0001,"[0.9998878240585327, 0.00011220895976293832]"
3926,0,48.99%,87.65%,2.6107,"[0.05363744869828224, 0.9463625550270081]"
3927,1,49.01%,87.65%,0.0888,"[0.11280007660388947, 0.887199878692627]"
3928,1,49.02%,87.66%,0.0424,"[0.03738005831837654, 0.962619960308075]"
3929,1,49.03%,87.66%,0.1243,"[0.11943183839321136, 0.8805680871009827]"
3930,1,49.05%,87.66%,0.0420,"[0.034775152802467346, 0.9652248620986938]"
3931,1,49.06%,87.67%,0.0677,"[0.07746535539627075, 0.922534704208374]"
3932,0,49.05%,87.64%,2.3699,"[0.11967783421278, 0.8803222179412842]"
3933,1,49.06%,87.65%,0.0392,"[0.04162883758544922, 0.958371102809906]"
3934,1,49.07%,87.65%,0.0455,"[0.03909910470247269, 0.9609009027481079]"
3935,1,49.09%,87.65%,0.7356,"[0.3821948170661926, 0.6178051829338074]"
3936,1,49.10%,87.66%,0.0413,"[0.03227558732032776, 0.9677244424819946]"
3937,0,49.09%,87.66%,0.0645,"[0.8130974769592285, 0.1869024932384491]"
3938,1,49.10%,87.66%,0.0536,"[0.08019886165857315, 0.9198011159896851]"
3939,0,49.09%,87.64%,0.5772,"[0.4278213679790497, 0.5721786618232727]"
3940,1,49.10%,87.64%,0.0676,"[0.08802938461303711, 0.9119706749916077]"
3941,0,49.09%,87.65%,0.2003,"[0.6888573169708252, 0.3111427128314972]"
3942,0,49.07%,87.65%,0.0018,"[0.9975758194923401, 0.002424157690256834]"
3943,0,49.06%,87.65%,0.0001,"[0.9998772144317627, 0.00012278740177862346]"
3944,0,49.05%,87.66%,0.0001,"[0.9998373985290527, 0.00016256471280939877]"
3945,1,49.06%,87.66%,0.0535,"[0.04369809478521347, 0.9563019275665283]"
3946,0,49.05%,87.66%,0.0001,"[0.999864935874939, 0.00013510120334103703]"
3947,1,49.06%,87.66%,0.2140,"[0.07075861841440201, 0.929241418838501]"
3948,1,49.08%,87.67%,1.2788,"[0.4680993854999542, 0.5319006443023682]"
3949,1,49.09%,87.67%,0.0722,"[0.056363385170698166, 0.9436366558074951]"
3950,0,49.08%,87.67%,0.0002,"[0.9998146891593933, 0.00018535542767494917]"
3951,1,49.09%,87.68%,0.0377,"[0.036542389541864395, 0.9634576439857483]"
3952,0,49.08%,87.65%,0.6317,"[0.2754835784435272, 0.7245164513587952]"
3953,1,49.09%,87.66%,0.1547,"[0.10425833612680435, 0.8957416415214539]"
3954,1,49.10%,87.64%,0.5679,"[0.5591031908988953, 0.44089680910110474]"
3955,0,49.09%,87.64%,0.0003,"[0.9995866417884827, 0.00041336793219670653]"
3956,0,49.08%,87.64%,0.0001,"[0.9998699426651001, 0.00013004521315451711]"
3957,0,49.07%,87.65%,0.0005,"[0.9995846152305603, 0.0004153804911766201]"
3958,1,49.08%,87.65%,0.1308,"[0.15008176863193512, 0.8499182462692261]"
3959,0,49.07%,87.65%,0.0001,"[0.9998948574066162, 0.00010510042193345726]"
3960,0,49.05%,87.65%,0.0007,"[0.9991993308067322, 0.0008006506832316518]"
3961,0,49.04%,87.63%,1.6930,"[0.44430699944496155, 0.5556929707527161]"
3962,1,49.05%,87.64%,0.0426,"[0.029882103204727173, 0.9701179265975952]"
3963,1,49.07%,87.64%,0.0502,"[0.04221569001674652, 0.9577842950820923]"
3964,1,49.08%,87.64%,0.0343,"[0.033840328454971313, 0.9661597013473511]"
3965,0,49.07%,87.62%,0.4190,"[0.3631255626678467, 0.6368744373321533]"
3966,0,49.05%,87.62%,0.0004,"[0.9992687106132507, 0.0007312928792089224]"
3967,0,49.04%,87.63%,0.0001,"[0.9998410940170288, 0.00015887948393356055]"
3968,1,49.06%,87.63%,0.0271,"[0.025797972455620766, 0.974202036857605]"
3969,1,49.07%,87.63%,0.0238,"[0.02539447322487831, 0.9746055006980896]"
3970,1,49.08%,87.64%,0.0403,"[0.03443511575460434, 0.9655649065971375]"
3971,0,49.07%,87.64%,0.0002,"[0.9998668432235718, 0.000133192355860956]"
3972,0,49.06%,87.64%,0.0001,"[0.9998997449874878, 0.00010028887481894344]"
3973,1,49.07%,87.64%,0.0307,"[0.02991510182619095, 0.9700848460197449]"
3974,1,49.08%,87.65%,0.0520,"[0.07895706593990326, 0.9210428595542908]"
3975,0,49.07%,87.65%,0.0001,"[0.9998892545700073, 0.00011075080692535266]"
3976,0,49.06%,87.65%,0.0001,"[0.9998273849487305, 0.00017264233611058444]"
3977,1,49.07%,87.66%,0.0272,"[0.028926890343427658, 0.9710730910301208]"
3978,1,49.08%,87.66%,0.0248,"[0.02606380172073841, 0.9739362001419067]"
3979,1,49.10%,87.66%,0.0259,"[0.026498153805732727, 0.9735018610954285]"
3980,0,49.08%,87.67%,0.0004,"[0.9996823072433472, 0.00031770014902576804]"
3981,1,49.10%,87.67%,0.0444,"[0.03663202375173569, 0.9633679986000061]"
3982,0,49.08%,87.67%,0.0001,"[0.9998869895935059, 0.00011298328172415495]"
3983,1,49.10%,87.68%,0.0237,"[0.023466503247618675, 0.9765334725379944]"
3984,1,49.11%,87.68%,0.4651,"[0.21458378434181213, 0.7854161858558655]"
3985,1,49.12%,87.68%,0.0216,"[0.02290792018175125, 0.9770920872688293]"
3986,1,49.13%,87.68%,0.0312,"[0.032019924372434616, 0.9679800271987915]"
3987,0,49.12%,87.69%,0.0002,"[0.9997847676277161, 0.0002152847737306729]"
3988,0,49.11%,87.69%,0.0003,"[0.9996175765991211, 0.0003823976148851216]"
3989,1,49.12%,87.69%,0.0199,"[0.020229700952768326, 0.979770302772522]"
3990,1,49.14%,87.70%,0.0354,"[0.05734672769904137, 0.942653238773346]"
3991,0,49.12%,87.70%,0.0005,"[0.9991015195846558, 0.0008985654567368329]"
3992,1,49.14%,87.70%,0.0176,"[0.01769336871802807, 0.9823066592216492]"
3993,0,49.12%,87.71%,0.9264,"[0.7437078356742859, 0.2562921643257141]"
3994,0,49.11%,87.71%,0.9307,"[0.7564751505851746, 0.24352489411830902]"
3995,1,49.12%,87.71%,0.0497,"[0.036682892590761185, 0.9633171558380127]"
3996,1,49.14%,87.72%,0.0180,"[0.018604595214128494, 0.981395423412323]"
3997,0,49.12%,87.72%,0.0001,"[0.9999089241027832, 9.1033180069644e-05]"
3998,1,49.14%,87.72%,0.8366,"[0.18523834645748138, 0.8147616386413574]"
3999,0,49.12%,87.70%,3.2374,"[0.03562741354107857, 0.9643725156784058]"
4000,0,49.11%,87.70%,0.0325,"[0.9274858832359314, 0.07251410186290741]"
4001,0,49.10%,87.71%,0.0001,"[0.9998979568481445, 0.00010208848834736273]"
4002,1,49.11%,87.71%,0.0593,"[0.049660515040159225, 0.9503394961357117]"
4003,0,49.10%,87.71%,0.0001,"[0.9999003410339355, 9.961814794223756e-05]"
4004,1,49.11%,87.72%,0.0322,"[0.03726628050208092, 0.9627337455749512]"
4005,1,49.13%,87.72%,0.0209,"[0.021217789500951767, 0.9787822365760803]"
4006,1,49.14%,87.72%,0.0725,"[0.06630687415599823, 0.9336931109428406]"
4007,1,49.15%,87.72%,0.0192,"[0.02089947648346424, 0.9791005253791809]"
4008,0,49.14%,87.73%,0.0001,"[0.9998592138290405, 0.00014071336772758514]"
4009,1,49.15%,87.73%,0.6713,"[0.44178640842437744, 0.5582136511802673]"
4010,1,49.16%,87.71%,2.2980,"[0.502453088760376, 0.49754688143730164]"
4011,0,49.15%,87.71%,0.0003,"[0.9998130202293396, 0.00018696303595788777]"
4012,0,49.14%,87.71%,0.0003,"[0.9997312426567078, 0.00026872355374507606]"
4013,1,49.15%,87.72%,0.0194,"[0.01973985694348812, 0.9802601933479309]"
4014,0,49.14%,87.72%,0.0002,"[0.9998738765716553, 0.00012610403064172715]"
4015,1,49.15%,87.72%,0.0294,"[0.03842012584209442, 0.9615798592567444]"
4016,1,49.17%,87.73%,0.0256,"[0.018620919436216354, 0.9813791513442993]"
4017,1,49.18%,87.73%,0.0385,"[0.03715337812900543, 0.9628466367721558]"
4018,0,49.17%,87.73%,0.0001,"[0.9998792409896851, 0.00012078685540473089]"
4019,1,49.18%,87.74%,0.0154,"[0.017539983615279198, 0.9824600219726562]"
4020,1,49.19%,87.74%,0.0159,"[0.017795225605368614, 0.9822047352790833]"
4021,0,49.18%,87.74%,0.0006,"[0.9994264841079712, 0.0005735731683671474]"
4022,0,49.17%,87.75%,0.0003,"[0.9996904134750366, 0.00030960532603785396]"
4023,1,49.18%,87.75%,0.0251,"[0.023231755942106247, 0.9767682552337646]"
4024,1,49.19%,87.75%,0.0414,"[0.037010036408901215, 0.9629900455474854]"
4025,0,49.18%,87.75%,0.0002,"[0.9997885823249817, 0.00021140002354513854]"
4026,1,49.19%,87.76%,0.0322,"[0.038973066955804825, 0.9610269069671631]"
4027,0,49.18%,87.76%,0.5407,"[0.9575067162513733, 0.04249328747391701]"
4028,0,49.17%,87.76%,0.0002,"[0.9997962117195129, 0.0002037810772890225]"
4029,0,49.16%,87.77%,0.0001,"[0.999858021736145, 0.00014196474512573332]"
4030,0,49.14%,87.77%,0.0023,"[0.9959967136383057, 0.004003301728516817]"
4031,1,49.16%,87.77%,0.0244,"[0.021702714264392853, 0.9782972931861877]"
4032,0,49.14%,87.78%,0.0007,"[0.999256432056427, 0.0007435880834236741]"
4033,0,49.13%,87.78%,0.0180,"[0.9535927772521973, 0.04640715569257736]"
4034,1,49.14%,87.78%,0.0155,"[0.013782939873635769, 0.9862170219421387]"
4035,1,49.16%,87.78%,0.0167,"[0.015154252760112286, 0.984845757484436]"
4036,1,49.17%,87.79%,0.0317,"[0.03725794702768326, 0.962742030620575]"
4037,0,49.16%,87.79%,0.0002,"[0.9998183846473694, 0.00018169527174904943]"
4038,0,49.15%,87.79%,0.0001,"[0.9998642206192017, 0.00013580758241005242]"
4039,1,49.16%,87.80%,0.0248,"[0.027980349957942963, 0.972019612789154]"
4040,1,49.17%,87.80%,0.0189,"[0.027142006903886795, 0.9728579521179199]"
4041,1,49.18%,87.80%,0.1365,"[0.11627887189388275, 0.883721113204956]"
4042,0,49.17%,87.81%,0.0002,"[0.9997813105583191, 0.00021865632152184844]"
4043,0,49.16%,87.78%,3.8207,"[0.021222451701760292, 0.9787775278091431]"
4044,0,49.15%,87.79%,0.0001,"[0.9998663663864136, 0.0001335995038971305]"
4045,1,49.16%,87.79%,0.0206,"[0.019692424684762955, 0.9803076386451721]"
4046,0,49.15%,87.79%,0.0002,"[0.9998118281364441, 0.0001881679054349661]"
4047,0,49.14%,87.77%,3.6605,"[0.02739596739411354, 0.9726040959358215]"
4048,0,49.12%,87.77%,0.0001,"[0.9998754262924194, 0.00012460214202292264]"
4049,0,49.11%,87.78%,0.0005,"[0.9996008276939392, 0.00039920341805554926]"
4050,1,49.12%,87.78%,0.0177,"[0.01747114211320877, 0.982528805732727]"
4051,1,49.14%,87.78%,0.0217,"[0.01579066552221775, 0.9842092990875244]"
4052,1,49.15%,87.79%,0.0290,"[0.03548591956496239, 0.9645140171051025]"
4053,0,49.14%,87.79%,0.0002,"[0.9998189806938171, 0.00018109320080839097]"
4054,0,49.12%,87.77%,2.2232,"[0.10913123935461044, 0.8908687233924866]"
4055,1,49.14%,87.77%,0.0516,"[0.034952834248542786, 0.9650471806526184]"
4056,1,49.15%,87.77%,0.0327,"[0.03263004869222641, 0.9673699140548706]"
4057,0,49.14%,87.78%,0.0002,"[0.9998464584350586, 0.00015357279335148633]"
4058,0,49.13%,87.78%,0.0001,"[0.999897837638855, 0.00010211759217781946]"
4059,1,49.14%,87.78%,0.0235,"[0.020492784678936005, 0.9795072674751282]"
4060,0,49.13%,87.79%,0.0001,"[0.9999141693115234, 8.580790017731488e-05]"
4061,1,49.14%,87.79%,0.0497,"[0.03515039011836052, 0.964849591255188]"
4062,0,49.13%,87.79%,0.0001,"[0.9998555183410645, 0.00014441910025198013]"
4063,0,49.11%,87.80%,0.0001,"[0.9999116659164429, 8.836499910103157e-05]"
4064,0,49.10%,87.77%,3.2010,"[0.04638540744781494, 0.9536145925521851]"
4065,1,49.11%,87.78%,1.0873,"[0.44123375415802, 0.55876624584198]"
4066,1,49.13%,87.78%,0.1454,"[0.13184356689453125, 0.868156373500824]"
4067,0,49.12%,87.78%,0.0001,"[0.9999057054519653, 9.434360981686041e-05]"
4068,0,49.10%,87.79%,0.0002,"[0.9998499155044556, 0.00015007848560344428]"
4069,0,49.09%,87.79%,0.0001,"[0.9998911619186401, 0.00010884448420256376]"
4070,0,49.08%,87.79%,0.0001,"[0.9998553991317749, 0.0001446302339900285]"
4071,1,49.09%,87.79%,0.0270,"[0.029049357399344444, 0.9709506630897522]"
4072,1,49.10%,87.80%,0.0219,"[0.02421376295387745, 0.9757862687110901]"
4073,1,49.12%,87.80%,0.0563,"[0.09422715753316879, 0.905772864818573]"
4074,0,49.10%,87.80%,0.0002,"[0.9998388290405273, 0.00016120096552185714]"
4075,1,49.12%,87.81%,0.0340,"[0.029117019847035408, 0.9708830118179321]"
4076,1,49.13%,87.81%,0.0345,"[0.03211608901619911, 0.9678838849067688]"
4077,0,49.12%,87.81%,0.0002,"[0.9997798800468445, 0.00022011638793628663]"
4078,0,49.11%,87.82%,0.0033,"[0.9915055632591248, 0.00849446002393961]"
4079,1,49.12%,87.82%,0.0450,"[0.0424741692841053, 0.9575258493423462]"
4080,0,49.11%,87.82%,0.0010,"[0.9989346861839294, 0.0010653462959453464]"
4081,0,49.09%,87.82%,0.0003,"[0.9996641874313354, 0.0003358695830684155]"
4082,1,49.11%,87.83%,0.0246,"[0.02681969478726387, 0.9731802940368652]"
4083,0,49.09%,87.83%,0.0002,"[0.9998468160629272, 0.0001531281159259379]"
4084,1,49.11%,87.83%,0.0283,"[0.026276636868715286, 0.9737233519554138]"
4085,1,49.12%,87.84%,0.0627,"[0.09772101044654846, 0.9022790193557739]"
4086,1,49.13%,87.84%,0.0544,"[0.05190344527363777, 0.9480966329574585]"
4087,0,49.12%,87.84%,0.0001,"[0.9998985528945923, 0.00010142845712834969]"
4088,1,49.13%,87.85%,0.0494,"[0.036416325718164444, 0.9635837078094482]"
4089,0,49.12%,87.82%,1.3383,"[0.3128665089607239, 0.6871334910392761]"
4090,1,49.13%,87.83%,0.0398,"[0.05950809642672539, 0.9404918551445007]"
4091,1,49.14%,87.83%,0.0229,"[0.020834166556596756, 0.9791658520698547]"
4092,0,49.13%,87.83%,0.0005,"[0.9995941519737244, 0.0004058178164996207]"
4093,0,49.12%,87.84%,0.0003,"[0.9996803998947144, 0.0003196183533873409]"
4094,0,49.11%,87.84%,0.0003,"[0.9996966123580933, 0.00030337777570821345]"
4095,1,49.12%,87.84%,0.0265,"[0.02067374996840954, 0.9793262481689453]"
4096,1,49.13%,87.84%,0.0224,"[0.027676934376358986, 0.9723230004310608]"
4097,1,49.15%,87.85%,0.0251,"[0.023694446310400963, 0.9763056039810181]"
4098,1,49.16%,87.85%,0.0242,"[0.023420216515660286, 0.9765797257423401]"
4099,0,49.15%,87.85%,0.0002,"[0.9998517036437988, 0.00014824076788499951]"
4100,1,49.16%,87.86%,0.0391,"[0.04272446036338806, 0.9572755098342896]"
4101,0,49.15%,87.86%,0.0001,"[0.9998893737792969, 0.00011056962102884427]"
4102,0,49.13%,87.86%,0.0001,"[0.9998968839645386, 0.00010311254300177097]"
4103,1,49.15%,87.87%,0.0426,"[0.03840308636426926, 0.9615969061851501]"
4104,1,49.16%,87.87%,0.1335,"[0.09810449182987213, 0.9018955230712891]"
4105,0,49.15%,87.87%,0.0003,"[0.9996869564056396, 0.0003130620170850307]"
4106,1,49.16%,87.87%,0.0301,"[0.033450137823820114, 0.9665498733520508]"
4107,0,49.15%,87.88%,0.0002,"[0.9998099207878113, 0.00019012251868844032]"
4108,1,49.16%,87.88%,0.0524,"[0.03710955008864403, 0.9628904461860657]"
4109,0,49.15%,87.88%,0.0002,"[0.9998433589935303, 0.00015664906823076308]"
4110,0,49.14%,87.86%,1.9047,"[0.16195544600486755, 0.8380445241928101]"
4111,1,49.15%,87.86%,0.5024,"[0.38944727182388306, 0.6105527877807617]"
4112,0,49.14%,87.87%,0.0002,"[0.999799907207489, 0.00020010446314699948]"
4113,1,49.15%,87.87%,0.0185,"[0.017349347472190857, 0.9826506972312927]"
4114,1,49.16%,87.87%,0.0218,"[0.016603397205471992, 0.983396589756012]"
4115,0,49.15%,87.88%,0.0002,"[0.9998408555984497, 0.00015916212578304112]"
4116,0,49.14%,87.88%,0.0001,"[0.9998732805252075, 0.0001266438775928691]"
4117,0,49.13%,87.88%,0.0002,"[0.9997472167015076, 0.000252810976235196]"
4118,1,49.14%,87.89%,0.0248,"[0.028544152155518532, 0.9714558720588684]"
4119,0,49.13%,87.89%,0.0003,"[0.999747097492218, 0.0002528895565774292]"
4120,0,49.11%,87.89%,0.0004,"[0.9996055960655212, 0.0003944139170926064]"
4121,1,49.13%,87.89%,0.0319,"[0.030305301770567894, 0.9696947336196899]"
4122,1,49.14%,87.90%,0.0518,"[0.038121357560157776, 0.9618786573410034]"
4123,1,49.15%,87.90%,0.0181,"[0.016533199697732925, 0.9834668040275574]"
4124,1,49.16%,87.90%,0.0191,"[0.01868349500000477, 0.9813165664672852]"
4125,0,49.15%,87.91%,0.0002,"[0.9998249411582947, 0.00017504850984551013]"
4126,1,49.16%,87.91%,0.0176,"[0.016330450773239136, 0.9836695194244385]"
4127,1,49.18%,87.91%,0.0194,"[0.019253531470894814, 0.9807464480400085]"
4128,1,49.19%,87.91%,0.0227,"[0.024582993239164352, 0.9754170179367065]"
4129,0,49.18%,87.92%,0.0002,"[0.9998295307159424, 0.00017044383275788277]"
4130,0,49.16%,87.92%,0.0007,"[0.9991070628166199, 0.0008928957977332175]"
4131,0,49.15%,87.90%,0.8098,"[0.4122697114944458, 0.587730348110199]"
4132,1,49.17%,87.90%,0.0216,"[0.019001554697752, 0.9809984564781189]"
4133,1,49.18%,87.91%,0.0263,"[0.026684129610657692, 0.9733158349990845]"
4134,1,49.19%,87.91%,0.0215,"[0.021419942378997803, 0.9785799980163574]"
4135,0,49.18%,87.91%,0.0006,"[0.9993858337402344, 0.000614205258898437]"
4136,0,49.17%,87.91%,0.0003,"[0.9997338652610779, 0.00026609195629134774]"
4137,1,49.18%,87.92%,0.0342,"[0.03322060778737068, 0.9667794704437256]"
4138,1,49.19%,87.92%,0.0208,"[0.020121458917856216, 0.9798785448074341]"
4139,1,49.20%,87.92%,0.0325,"[0.022230377420783043, 0.9777696132659912]"
4140,0,49.19%,87.93%,0.0001,"[0.9998650550842285, 0.0001349572412436828]"
4141,1,49.20%,87.93%,0.0391,"[0.03290283679962158, 0.9670972228050232]"
4142,1,49.22%,87.93%,0.0143,"[0.014793037436902523, 0.9852070212364197]"
4143,1,49.23%,87.93%,0.0151,"[0.015773948282003403, 0.9842260479927063]"
4144,0,49.22%,87.94%,0.0108,"[0.9435763359069824, 0.05642363429069519]"
4145,0,49.20%,87.94%,0.0002,"[0.9998362064361572, 0.00016373113612644374]"
4146,1,49.22%,87.94%,0.0262,"[0.029177024960517883, 0.9708230495452881]"
4147,0,49.20%,87.92%,2.8630,"[0.06282766163349152, 0.9371723532676697]"
4148,1,49.22%,87.92%,0.0289,"[0.025868844240903854, 0.974131166934967]"
4149,0,49.20%,87.93%,0.0045,"[0.9974468946456909, 0.0025531190913170576]"
4150,0,49.19%,87.93%,0.0002,"[0.9998059868812561, 0.0001940517540788278]"
4151,1,49.21%,87.93%,0.0239,"[0.025226525962352753, 0.9747734665870667]"
4152,1,49.22%,87.94%,0.0143,"[0.01406891644001007, 0.9859310388565063]"
4153,1,49.23%,87.94%,0.0261,"[0.03173021227121353, 0.9682697653770447]"
4154,0,49.22%,87.94%,0.0005,"[0.9994940757751465, 0.0005058785318396986]"
4155,1,49.23%,87.95%,0.1790,"[0.2091819792985916, 0.7908179759979248]"
4156,1,49.24%,87.95%,0.0144,"[0.015755629166960716, 0.9842442870140076]"
4157,1,49.25%,87.95%,0.0206,"[0.01980769634246826, 0.980192244052887]"
4158,0,49.24%,87.95%,0.0001,"[0.9998693466186523, 0.00013061538629699498]"
4159,1,49.25%,87.96%,0.0237,"[0.022802380844950676, 0.9771975874900818]"
4160,1,49.27%,87.96%,0.0134,"[0.013530123047530651, 0.9864698052406311]"
4161,1,49.28%,87.96%,0.1395,"[0.0721394270658493, 0.9278605580329895]"
4162,1,49.29%,87.97%,0.0203,"[0.020561400800943375, 0.9794386625289917]"
4163,0,49.28%,87.94%,3.9484,"[0.017666395753622055, 0.9823335409164429]"
4164,1,49.29%,87.95%,0.0182,"[0.018031027168035507, 0.9819689393043518]"
4165,0,49.28%,87.95%,0.0002,"[0.9992691874504089, 0.0007308282074518502]"
4166,0,49.27%,87.95%,2.4125,"[0.5013389587402344, 0.49866101145744324]"
4167,1,49.28%,87.96%,0.0216,"[0.02174370177090168, 0.9782562255859375]"
4168,0,49.27%,87.96%,0.0008,"[0.9988177418708801, 0.001182273612357676]"
4169,1,49.28%,87.96%,0.0212,"[0.021518809720873833, 0.9784811735153198]"
4170,0,49.27%,87.96%,0.0004,"[0.9996542930603027, 0.0003457352577243]"
4171,0,49.26%,87.94%,2.6092,"[0.09270865470170975, 0.9072913527488708]"
4172,1,49.27%,87.95%,0.0174,"[0.016771676018834114, 0.983228325843811]"
4173,0,49.26%,87.93%,1.2632,"[0.2966757118701935, 0.7033243179321289]"
4174,1,49.27%,87.93%,0.0283,"[0.030109014362096786, 0.9698910713195801]"
4175,0,49.26%,87.93%,0.0001,"[0.9998719692230225, 0.00012795973452739418]"
4176,1,49.27%,87.93%,0.0245,"[0.02261587791144848, 0.977384090423584]"
4177,0,49.26%,87.94%,0.0001,"[0.9999128580093384, 8.717019954929128e-05]"
4178,1,49.27%,87.94%,0.0708,"[0.06862180680036545, 0.9313782453536987]"
4179,1,49.28%,87.94%,0.0969,"[0.08382203429937363, 0.9161779880523682]"
4180,0,49.27%,87.95%,0.0001,"[0.9998607635498047, 0.0001392122358083725]"
4181,0,49.26%,87.92%,2.7684,"[0.06695099920034409, 0.9330490231513977]"
4182,0,49.25%,87.90%,2.7224,"[0.06850732117891312, 0.9314927458763123]"
4183,1,49.26%,87.91%,0.0305,"[0.03306947648525238, 0.9669305682182312]"
4184,1,49.27%,87.89%,2.6099,"[0.9413043856620789, 0.05869565159082413]"
4185,0,49.26%,87.89%,0.0001,"[0.9999200105667114, 7.995004125405103e-05]"
4186,1,49.27%,87.89%,0.0421,"[0.042866796255111694, 0.9571331739425659]"
4187,1,49.28%,87.89%,0.1244,"[0.10849016159772873, 0.8915098309516907]"
4188,0,49.27%,87.90%,0.0001,"[0.9999282360076904, 7.171356264734641e-05]"
4189,1,49.28%,87.90%,0.2222,"[0.20059433579444885, 0.7994056344032288]"
4190,1,49.30%,87.90%,0.1260,"[0.08096397668123245, 0.9190360307693481]"
4191,0,49.28%,87.88%,2.4260,"[0.08566594868898392, 0.9143340587615967]"
4192,0,49.27%,87.88%,0.0001,"[0.9999046325683594, 9.541355393594131e-05]"
4193,1,49.28%,87.89%,0.0788,"[0.09048816561698914, 0.9095118641853333]"
4194,0,49.27%,87.89%,0.0001,"[0.9998624324798584, 0.00013760056754108518]"
4195,0,49.26%,87.89%,0.0002,"[0.9998376369476318, 0.00016239214164670557]"
4196,1,49.27%,87.90%,0.0449,"[0.04762870818376541, 0.9523712396621704]"
4197,0,49.26%,87.90%,0.0001,"[0.9998989105224609, 0.00010107267007697374]"
4198,0,49.25%,87.90%,0.0001,"[0.9998667240142822, 0.00013326984480954707]"
4199,1,49.26%,87.90%,0.0875,"[0.0725446343421936, 0.9274553060531616]"
4200,1,49.27%,87.91%,0.0753,"[0.07261354476213455, 0.9273864030838013]"
4201,1,49.29%,87.91%,0.0845,"[0.0905706137418747, 0.9094294309616089]"
4202,0,49.27%,87.91%,0.0002,"[0.9996846914291382, 0.00031527483952231705]"
4203,1,49.29%,87.92%,0.0351,"[0.037425339221954346, 0.9625746607780457]"
4204,0,49.27%,87.92%,0.0034,"[0.9979813694953918, 0.0020186237525194883]"
4205,0,49.26%,87.92%,0.0003,"[0.999718964099884, 0.0002809875877574086]"
4206,1,49.28%,87.92%,0.0459,"[0.046047765761613846, 0.9539522528648376]"
4207,0,49.26%,87.93%,0.0002,"[0.9998263716697693, 0.0001737108686938882]"
4208,1,49.28%,87.93%,0.0403,"[0.040044382214546204, 0.959955632686615]"
4209,1,49.29%,87.93%,0.0621,"[0.05470462143421173, 0.9452953934669495]"
4210,1,49.30%,87.94%,0.0598,"[0.057268932461738586, 0.9427310824394226]"
4211,0,49.29%,87.94%,0.0001,"[0.9998613595962524, 0.00013857784506399184]"
4212,1,49.30%,87.94%,0.1114,"[0.11715835332870483, 0.8828417062759399]"
4213,0,49.29%,87.94%,0.0002,"[0.9998407363891602, 0.00015921918384265155]"
4214,0,49.28%,87.95%,0.0718,"[0.7602241039276123, 0.23977582156658173]"
4215,1,49.29%,87.95%,0.0276,"[0.027129516005516052, 0.9728705286979675]"
4216,1,49.30%,87.95%,0.0273,"[0.024403804913163185, 0.9755961894989014]"
4217,1,49.31%,87.96%,0.0246,"[0.024787001311779022, 0.9752130508422852]"
4218,1,49.32%,87.96%,0.0305,"[0.03446123003959656, 0.9655387997627258]"
4219,1,49.34%,87.96%,0.0343,"[0.03376138210296631, 0.9662385582923889]"
4220,1,49.35%,87.96%,0.0220,"[0.019359424710273743, 0.9806405305862427]"
4221,0,49.34%,87.97%,0.0005,"[0.9994723200798035, 0.0005277047748677433]"
4222,1,49.35%,87.97%,0.0521,"[0.04474310949444771, 0.9552568197250366]"
4223,0,49.34%,87.97%,0.0006,"[0.9990854263305664, 0.0009145217482000589]"
4224,0,49.33%,87.98%,0.0005,"[0.9995142221450806, 0.000485800439491868]"
4225,1,49.34%,87.98%,0.0205,"[0.019375331699848175, 0.9806247353553772]"
4226,1,49.35%,87.98%,0.0208,"[0.018163779750466347, 0.981836199760437]"
4227,1,49.36%,87.98%,0.0565,"[0.041990358382463455, 0.9580096006393433]"
4228,1,49.37%,87.99%,0.0242,"[0.02297239936888218, 0.9770276546478271]"
4229,1,49.39%,87.99%,0.0189,"[0.017930690199136734, 0.9820693135261536]"
4230,1,49.40%,87.99%,0.0302,"[0.03430330753326416, 0.9656966328620911]"
4231,0,49.39%,88.00%,0.0001,"[0.9998573064804077, 0.00014273136912379414]"
4232,1,49.40%,88.00%,0.0236,"[0.024287495762109756, 0.9757124781608582]"
4233,1,49.41%,88.00%,0.0394,"[0.029342180117964745, 0.9706577658653259]"
4234,1,49.42%,88.00%,0.0184,"[0.019578842446208, 0.9804211854934692]"
4235,0,49.41%,88.01%,0.0004,"[0.999622106552124, 0.00037786804023198783]"
4236,0,49.40%,88.01%,0.0157,"[0.9493358731269836, 0.050664111971855164]"
4237,1,49.41%,88.01%,0.0209,"[0.019699731841683388, 0.9803003072738647]"
4238,1,49.42%,88.02%,0.0320,"[0.035969577729701996, 0.964030385017395]"
4239,0,49.41%,88.02%,0.0002,"[0.9998750686645508, 0.000124925616546534]"
4240,1,49.42%,88.02%,0.0154,"[0.01317072194069624, 0.9868292212486267]"
4241,1,49.43%,88.02%,0.0129,"[0.01373208686709404, 0.9862679243087769]"
4242,1,49.45%,88.03%,0.0221,"[0.022887082770466805, 0.977112889289856]"
4243,0,49.43%,88.03%,0.0114,"[0.9393487572669983, 0.06065119802951813]"
4244,1,49.45%,88.03%,0.0138,"[0.013182205148041248, 0.9868177175521851]"
4245,1,49.46%,88.04%,0.0283,"[0.03120839223265648, 0.968791663646698]"
4246,1,49.47%,88.04%,0.0167,"[0.019415199756622314, 0.9805848002433777]"
4247,0,49.46%,88.04%,0.0001,"[0.9997163414955139, 0.0002836566709447652]"
4248,1,49.47%,88.04%,0.0195,"[0.025295710191130638, 0.9747042655944824]"
4249,0,49.46%,88.02%,4.0004,"[0.01837044768035412, 0.9816296100616455]"
4250,0,49.45%,88.03%,0.0011,"[0.9989739656448364, 0.0010260845301672816]"
4251,0,49.44%,88.03%,0.0083,"[0.9943793416023254, 0.005620691925287247]"
4252,1,49.45%,88.03%,0.0179,"[0.01947196014225483, 0.9805280566215515]"
4253,0,49.44%,88.03%,0.0062,"[0.9700769782066345, 0.02992299757897854]"
4254,1,49.45%,88.04%,0.0175,"[0.017564281821250916, 0.9824357032775879]"
4255,0,49.44%,88.04%,0.0001,"[0.9998742341995239, 0.00012571706611197442]"
4256,0,49.42%,88.04%,0.0002,"[0.9998201727867126, 0.00017980189295485616]"
4257,0,49.41%,88.05%,0.0004,"[0.9994863271713257, 0.0005136224790476263]"
4258,1,49.42%,88.05%,0.0153,"[0.014610850252211094, 0.9853891730308533]"
4259,0,49.41%,88.03%,3.8216,"[0.03049563430249691, 0.9695042967796326]"
4260,1,49.43%,88.03%,0.0252,"[0.025341080501675606, 0.9746589660644531]"
4261,1,49.44%,88.03%,0.0346,"[0.03237242251634598, 0.9676275253295898]"
4262,1,49.45%,88.04%,0.1190,"[0.10303919017314911, 0.8969607949256897]"
4263,1,49.46%,88.04%,0.0154,"[0.01769491843879223, 0.9823050498962402]"
4264,0,49.45%,88.04%,0.0001,"[0.9999053478240967, 9.470217628404498e-05]"
4265,1,49.46%,88.05%,0.0583,"[0.05403789132833481, 0.9459621906280518]"
4266,0,49.45%,88.05%,0.0002,"[0.9998182654380798, 0.0001817207084968686]"
4267,0,49.44%,88.05%,0.0732,"[0.9463917016983032, 0.05360822752118111]"
4268,1,49.45%,88.05%,0.0252,"[0.025685928761959076, 0.9743140339851379]"
4269,1,49.46%,88.06%,0.1581,"[0.10951327532529831, 0.8904867768287659]"
4270,0,49.45%,88.06%,0.0001,"[0.9999234676361084, 7.647429447388276e-05]"
4271,1,49.46%,88.06%,0.0199,"[0.01863652653992176, 0.9813635349273682]"
4272,1,49.47%,88.06%,0.0429,"[0.041191063821315765, 0.958808958530426]"
4273,0,49.46%,88.07%,0.0002,"[0.9997825026512146, 0.00021755273337475955]"
4274,0,49.45%,88.07%,0.0001,"[0.9999116659164429, 8.832810271997005e-05]"
4275,1,49.46%,88.07%,0.0270,"[0.02727116271853447, 0.9727287888526917]"
4276,1,49.47%,88.08%,0.0173,"[0.016924716532230377, 0.9830752611160278]"
4277,0,49.46%,88.08%,0.0001,"[0.999920129776001, 7.985555566847324e-05]"
4278,1,49.47%,88.08%,0.0540,"[0.04082980006933212, 0.9591701626777649]"
4279,1,49.49%,88.08%,0.0186,"[0.017209526151418686, 0.982790470123291]"
4280,1,49.50%,88.09%,0.0178,"[0.015104771591722965, 0.9848952293395996]"
4281,1,49.51%,88.09%,0.0238,"[0.026123814284801483, 0.9738761782646179]"
4282,1,49.52%,88.09%,0.0209,"[0.019309988245368004, 0.980690062046051]"
4283,1,49.53%,88.10%,0.0321,"[0.02589787356555462, 0.9741021394729614]"
4284,1,49.54%,88.10%,0.0294,"[0.031355611979961395, 0.9686444401741028]"
4285,1,49.56%,88.10%,0.0146,"[0.015163535252213478, 0.9848365187644958]"
4286,1,49.57%,88.10%,0.0229,"[0.020632032305002213, 0.9793679714202881]"
4287,1,49.58%,88.11%,0.0264,"[0.025915993377566338, 0.9740840196609497]"
4288,1,49.59%,88.11%,0.0233,"[0.020756235346198082, 0.9792436957359314]"
4289,0,49.58%,88.11%,0.0002,"[0.9998524188995361, 0.00014754074800293893]"
4290,1,49.59%,88.11%,0.0339,"[0.03488047048449516, 0.9651196002960205]"
4291,0,49.58%,88.12%,0.1107,"[0.8831811547279358, 0.11681888997554779]"
4292,1,49.59%,88.12%,0.0249,"[0.018830789253115654, 0.9811691641807556]"
4293,1,49.60%,88.12%,0.0121,"[0.012511353939771652, 0.9874885678291321]"
4294,0,49.59%,88.13%,0.0039,"[0.9954656958580017, 0.004534314852207899]"
4295,1,49.60%,88.13%,0.0122,"[0.01193943340331316, 0.9880605936050415]"
4296,0,49.59%,88.11%,1.0998,"[0.2657332122325897, 0.7342668175697327]"
4297,1,49.60%,88.11%,0.0146,"[0.014449265785515308, 0.9855507612228394]"
4298,0,49.59%,88.11%,0.0344,"[0.9828358292579651, 0.017164189368486404]"
4299,0,49.58%,88.09%,1.9945,"[0.14594626426696777, 0.8540537357330322]"
4300,0,49.57%,88.10%,0.0001,"[0.9999291896820068, 7.086408004397526e-05]"
4301,0,49.56%,88.10%,0.0001,"[0.9999281167984009, 7.186183938756585e-05]"
4302,0,49.55%,88.10%,0.0001,"[0.9999425411224365, 5.744694863096811e-05]"
4303,1,49.56%,88.10%,0.0201,"[0.020201511681079865, 0.979798436164856]"
4304,1,49.57%,88.11%,0.0217,"[0.01974170282483101, 0.9802582263946533]"
4305,1,49.58%,88.11%,0.0310,"[0.022710032761096954, 0.9772900342941284]"
4306,1,49.59%,88.09%,0.7162,"[0.8758068680763245, 0.12419314682483673]"
4307,0,49.58%,88.09%,0.0001,"[0.9999409914016724, 5.902752309339121e-05]"
4308,1,49.59%,88.09%,0.0258,"[0.02384881302714348, 0.976151168346405]"
4309,1,49.61%,88.10%,0.0404,"[0.03531986474990845, 0.9646801948547363]"
4310,1,49.62%,88.10%,0.0194,"[0.014837774448096752, 0.9851621985435486]"
4311,1,49.63%,88.10%,0.0139,"[0.013179749250411987, 0.9868202805519104]"
4312,1,49.64%,88.11%,0.0270,"[0.023863252252340317, 0.9761367440223694]"
4313,1,49.65%,88.11%,0.0128,"[0.012421808205544949, 0.9875782132148743]"
4314,0,49.64%,88.09%,3.8089,"[0.021806200966238976, 0.9781938791275024]"
4315,0,49.63%,88.09%,0.0001,"[0.9999347925186157, 6.51963782729581e-05]"
4316,0,49.62%,88.09%,0.0001,"[0.9999231100082397, 7.690525671932846e-05]"
4317,1,49.63%,88.10%,0.0256,"[0.03382350504398346, 0.9661765098571777]"
4318,1,49.64%,88.10%,0.0511,"[0.050592824816703796, 0.9494072198867798]"
4319,0,49.63%,88.10%,0.0001,"[0.9999334812164307, 6.65688348817639e-05]"
4320,1,49.64%,88.10%,0.0528,"[0.04708922654390335, 0.9529107809066772]"
4321,1,49.65%,88.11%,0.0157,"[0.01611674204468727, 0.9838832020759583]"
4322,1,49.66%,88.11%,0.0222,"[0.0237694401293993, 0.9762306213378906]"
4323,1,49.68%,88.11%,0.0226,"[0.02518853358924389, 0.9748114347457886]"
4324,0,49.66%,88.12%,0.0001,"[0.9999425411224365, 5.746453462052159e-05]"
4325,1,49.68%,88.12%,0.0297,"[0.027412107214331627, 0.9725879430770874]"
4326,0,49.66%,88.12%,0.0002,"[0.9998027682304382, 0.0001972579921130091]"
4327,0,49.65%,88.12%,0.0001,"[0.9999334812164307, 6.653526361333206e-05]"
4328,0,49.64%,88.13%,0.0001,"[0.9999326467514038, 6.733844202244654e-05]"
4329,1,49.65%,88.13%,0.0289,"[0.03254632279276848, 0.96745365858078]"
4330,1,49.67%,88.13%,0.0400,"[0.034811004996299744, 0.9651889801025391]"
4331,1,49.68%,88.13%,0.0226,"[0.023223280906677246, 0.976776659488678]"
4332,0,49.67%,88.14%,0.0001,"[0.9999425411224365, 5.745215457864106e-05]"
4333,1,49.68%,88.14%,0.0134,"[0.013341117650270462, 0.9866588115692139]"
4334,1,49.69%,88.14%,0.0159,"[0.012147902511060238, 0.9878520965576172]"
4335,0,49.68%,88.15%,0.0002,"[0.9998225569725037, 0.00017750277766026556]"
4336,0,49.67%,88.15%,0.0002,"[0.9998383522033691, 0.00016157397476490587]"
4337,0,49.65%,88.15%,0.5125,"[0.8310822248458862, 0.16891780495643616]"
4338,1,49.67%,88.15%,0.0254,"[0.02939760871231556, 0.9706023931503296]"
4339,0,49.65%,88.16%,0.0001,"[0.9999176263809204, 8.240147872129455e-05]"
4340,0,49.64%,88.16%,0.0038,"[0.9188982844352722, 0.08110172301530838]"
4341,1,49.65%,88.16%,0.0145,"[0.013160785660147667, 0.986839234828949]"
4342,1,49.67%,88.16%,0.0149,"[0.014350668527185917, 0.9856492877006531]"
4343,0,49.65%,88.17%,0.0001,"[0.9999368190765381, 6.31509828963317e-05]"
4344,0,49.64%,88.17%,0.0001,"[0.9999339580535889, 6.608963303733617e-05]"
4345,0,49.63%,88.17%,0.0001,"[0.9999388456344604, 6.110031245043501e-05]"
4346,0,49.62%,88.18%,0.0001,"[0.9999339580535889, 6.606921670027077e-05]"
4347,1,49.63%,88.18%,0.0224,"[0.0264848992228508, 0.9735150933265686]"
4348,1,49.64%,88.18%,0.0274,"[0.03918737545609474, 0.9608126282691956]"
4349,1,49.66%,88.18%,0.0245,"[0.02400650456547737, 0.9759934544563293]"
4350,0,49.64%,88.19%,0.0002,"[0.9995948672294617, 0.0004051288415212184]"
4351,1,49.66%,88.19%,0.0202,"[0.02184135653078556, 0.9781585931777954]"
4352,0,49.64%,88.19%,0.0001,"[0.9999456405639648, 5.4374078899854794e-05]"
4353,0,49.63%,88.19%,0.0001,"[0.9998975992202759, 0.00010242948337690905]"
4354,0,49.62%,88.20%,0.0001,"[0.9999493360519409, 5.071044506621547e-05]"
4355,1,49.63%,88.20%,0.0241,"[0.018208175897598267, 0.9817917943000793]"
4356,1,49.64%,88.20%,0.0179,"[0.016250286251306534, 0.9837497472763062]"
4357,0,49.63%,88.18%,3.4671,"[0.021411532536149025, 0.9785884618759155]"
4358,1,49.64%,88.19%,0.0225,"[0.02938857674598694, 0.9706113934516907]"
4359,0,49.63%,88.17%,3.8416,"[0.02921367436647415, 0.9707862734794617]"
4360,1,49.64%,88.17%,0.0150,"[0.013937931507825851, 0.9860619902610779]"
4361,1,49.66%,88.17%,0.0428,"[0.0656975582242012, 0.9343023896217346]"
4362,0,49.64%,88.17%,0.0289,"[0.9478448629379272, 0.05215516313910484]"
4363,0,49.63%,88.18%,0.0001,"[0.9999098777770996, 9.012452937895432e-05]"
4364,1,49.64%,88.18%,0.0464,"[0.039861034601926804, 0.9601389169692993]"
4365,1,49.66%,88.18%,0.0550,"[0.04353421553969383, 0.9564658403396606]"
4366,1,49.67%,88.18%,0.1217,"[0.07623251527547836, 0.9237675070762634]"
4367,0,49.66%,88.19%,0.0001,"[0.9999465942382812, 5.3405903599923477e-05]"
4368,1,49.67%,88.19%,0.0203,"[0.024746518582105637, 0.9752535223960876]"
4369,1,49.68%,88.19%,0.0227,"[0.019966818392276764, 0.9800332188606262]"
4370,0,49.67%,88.19%,0.1015,"[0.9561538100242615, 0.04384620860219002]"
4371,1,49.68%,88.20%,0.0482,"[0.046070244163274765, 0.9539297223091125]"
4372,0,49.67%,88.20%,0.4839,"[0.5388185977935791, 0.4611814618110657]"
4373,1,49.68%,88.20%,0.0707,"[0.05380059778690338, 0.946199357509613]"
4374,0,49.67%,88.21%,0.0001,"[0.9999487400054932, 5.129153578309342e-05]"
4375,1,49.68%,88.21%,0.0489,"[0.07086732983589172, 0.9291326403617859]"
4376,0,49.67%,88.19%,0.7599,"[0.44778332114219666, 0.552216649055481]"
4377,1,49.68%,88.19%,0.0463,"[0.047048237174749374, 0.9529517889022827]"
4378,0,49.67%,88.19%,0.0000,"[0.999953031539917, 4.6964927605586126e-05]"
4379,1,49.68%,88.20%,0.4606,"[0.36894699931144714, 0.6310530304908752]"
4380,0,49.67%,88.20%,0.0000,"[0.9999582767486572, 4.1727333154994994e-05]"
4381,0,49.66%,88.20%,0.0000,"[0.9999610185623169, 3.903025572071783e-05]"
4382,0,49.65%,88.20%,0.0000,"[0.9999593496322632, 4.059163256897591e-05]"
4383,1,49.66%,88.18%,0.9687,"[0.6592784523963928, 0.34072157740592957]"
4384,0,49.65%,88.19%,0.1585,"[0.9657840132713318, 0.03421597555279732]"
4385,1,49.66%,88.19%,0.0294,"[0.029041294008493423, 0.9709586501121521]"
4386,1,49.67%,88.17%,3.1669,"[0.7170511484146118, 0.28294888138771057]"
4387,1,49.68%,88.17%,0.0906,"[0.04142747446894646, 0.958572506904602]"
4388,1,49.69%,88.17%,0.0166,"[0.01906312070786953, 0.9809368252754211]"
4389,1,49.70%,88.18%,1.0000,"[0.2731192409992218, 0.7268807291984558]"
4390,0,49.69%,88.18%,0.0000,"[0.9999587535858154, 4.1290291846962646e-05]"
4391,0,49.68%,88.18%,0.0003,"[0.9998679161071777, 0.00013212385238148272]"
4392,1,49.69%,88.19%,0.0354,"[0.03631699085235596, 0.963683009147644]"
4393,1,49.70%,88.19%,0.2698,"[0.22497844696044922, 0.775021493434906]"
4394,1,49.72%,88.19%,0.0239,"[0.027588440105319023, 0.9724115133285522]"
4395,1,49.73%,88.19%,0.0130,"[0.013484708033502102, 0.9865152835845947]"
4396,1,49.74%,88.20%,0.0229,"[0.019958119839429855, 0.9800419211387634]"
4397,1,49.75%,88.20%,0.0162,"[0.01641906425356865, 0.9835809469223022]"
4398,1,49.76%,88.20%,0.0250,"[0.025652948766946793, 0.9743470549583435]"
4399,1,49.77%,88.20%,0.0125,"[0.012187299318611622, 0.9878126978874207]"
4400,0,49.76%,88.21%,0.0004,"[0.9997029900550842, 0.00029695764533244073]"
4401,1,49.77%,88.21%,0.0151,"[0.02816191129386425, 0.9718380570411682]"
4402,1,49.78%,88.21%,0.0228,"[0.02127760834991932, 0.9787223935127258]"
4403,1,49.80%,88.22%,0.0102,"[0.010593833401799202, 0.989406168460846]"
4404,0,49.78%,88.22%,0.0001,"[0.9999109506607056, 8.902351692086086e-05]"
4405,1,49.80%,88.22%,0.0120,"[0.014399339444935322, 0.9856006503105164]"
4406,0,49.78%,88.20%,3.8541,"[0.024375032633543015, 0.9756249785423279]"
4407,0,49.77%,88.18%,4.3758,"[0.012483309023082256, 0.9875167012214661]"
4408,1,49.78%,88.18%,0.0130,"[0.010914397425949574, 0.9890856146812439]"
4409,0,49.77%,88.16%,1.0329,"[0.32006463408470154, 0.6799353361129761]"
4410,1,49.78%,88.17%,0.0120,"[0.010165762156248093, 0.9898343086242676]"
4411,0,49.77%,88.15%,2.6527,"[0.044164083898067474, 0.9558358788490295]"
4412,1,49.78%,88.15%,0.0172,"[0.016939623281359673, 0.9830604195594788]"
4413,1,49.80%,88.15%,0.0128,"[0.012453981675207615, 0.9875460267066956]"
4414,1,49.81%,88.15%,0.0219,"[0.020902113988995552, 0.979097843170166]"
4415,1,49.82%,88.16%,0.0135,"[0.014163368381559849, 0.9858366250991821]"
4416,1,49.83%,88.16%,0.0239,"[0.028684411197900772, 0.9713156223297119]"
4417,0,49.82%,88.14%,3.5735,"[0.028410907834768295, 0.9715890884399414]"
4418,0,49.81%,88.14%,0.0268,"[0.9925416707992554, 0.0074583059176802635]"
4419,0,49.80%,88.14%,0.0140,"[0.9980440139770508, 0.0019559161737561226]"
4420,1,49.81%,88.15%,0.0280,"[0.027173694223165512, 0.9728263020515442]"
4421,0,49.80%,88.15%,0.0001,"[0.9999237060546875, 7.629292667843401e-05]"
4422,0,49.79%,88.15%,0.0001,"[0.9999412298202515, 5.876568320672959e-05]"
4423,1,49.80%,88.16%,0.1439,"[0.039643168449401855, 0.9603567719459534]"
4424,0,49.79%,88.14%,2.5208,"[0.06326662003993988, 0.9367333054542542]"
4425,1,49.80%,88.14%,0.0706,"[0.062460217624902725, 0.9375397562980652]"
4426,1,49.81%,88.14%,0.0425,"[0.052471697330474854, 0.9475282430648804]"
4427,0,49.80%,88.12%,1.9704,"[0.0649930015206337, 0.9350070357322693]"
4428,1,49.81%,88.10%,2.6947,"[0.9338558912277222, 0.06614408642053604]"
4429,1,49.82%,88.10%,0.0714,"[0.10462228208780289, 0.8953776359558105]"
4430,1,49.83%,88.11%,0.0282,"[0.026364734396338463, 0.9736353158950806]"
4431,0,49.82%,88.11%,0.0001,"[0.9999431371688843, 5.687438533641398e-05]"
4432,0,49.81%,88.11%,0.0001,"[0.9999473094940186, 5.271884583635256e-05]"
4433,0,49.80%,88.11%,0.0001,"[0.9999432563781738, 5.67647184652742e-05]"
4434,0,49.79%,88.12%,0.0001,"[0.9999489784240723, 5.103606599732302e-05]"
4435,0,49.77%,88.10%,1.1939,"[0.3682282269001007, 0.6317717432975769]"
4436,1,49.79%,88.10%,1.1937,"[0.22853687405586243, 0.77146315574646]"
4437,0,49.77%,88.08%,2.1665,"[0.10585733503103256, 0.8941426873207092]"
4438,0,49.76%,88.08%,0.0001,"[0.9999483823776245, 5.157055420568213e-05]"
4439,1,49.77%,88.06%,1.1476,"[0.5981345176696777, 0.40186548233032227]"
4440,1,49.79%,88.07%,0.0825,"[0.07284383475780487, 0.9271562099456787]"
4441,0,49.77%,88.07%,0.3526,"[0.7376101016998291, 0.2623898983001709]"
4442,0,49.76%,88.07%,0.0001,"[0.9999464750289917, 5.358118869480677e-05]"
4443,1,49.77%,88.07%,0.1212,"[0.07911273837089539, 0.920887291431427]"
4444,1,49.79%,88.08%,0.1477,"[0.19734551012516022, 0.802654504776001]"
4445,0,49.78%,88.08%,0.0001,"[0.9999350309371948, 6.500064773717895e-05]"
4446,1,49.79%,88.08%,0.0741,"[0.06735072284936905, 0.9326493144035339]"
4447,0,49.78%,88.08%,0.0001,"[0.9999452829360962, 5.47260460734833e-05]"
4448,1,49.79%,88.09%,0.4574,"[0.3487955629825592, 0.6512044072151184]"
4449,1,49.80%,88.09%,0.1162,"[0.15732556581497192, 0.8426744341850281]"
4450,1,49.81%,88.09%,0.0374,"[0.04164300486445427, 0.9583569765090942]"
4451,0,49.80%,88.10%,0.0004,"[0.9973317384719849, 0.0026683323085308075]"
4452,1,49.81%,88.10%,0.0556,"[0.04834653064608574, 0.9516534209251404]"
4453,1,49.82%,88.10%,0.0618,"[0.05065111815929413, 0.9493488669395447]"
4454,0,49.81%,88.10%,0.0001,"[0.9999377727508545, 6.220868817763403e-05]"
4455,1,49.82%,88.11%,0.0360,"[0.032119061797857285, 0.9678809642791748]"
4456,1,49.83%,88.11%,0.0260,"[0.020800700411200523, 0.979199230670929]"
4457,1,49.84%,88.11%,0.0485,"[0.03074030764400959, 0.9692596793174744]"
4458,1,49.85%,88.11%,0.0434,"[0.04491374269127846, 0.9550862908363342]"
4459,0,49.84%,88.12%,0.0001,"[0.9998661279678345, 0.0001339098234893754]"
4460,1,49.85%,88.12%,0.0206,"[0.01851080358028412, 0.9814892411231995]"
4461,1,49.87%,88.12%,0.3817,"[0.39717742800712585, 0.6028225421905518]"
4462,0,49.85%,88.12%,0.0007,"[0.9992252588272095, 0.0007746978662908077]"
4463,0,49.84%,88.10%,2.9821,"[0.04046035185456276, 0.9595395922660828]"
4464,0,49.83%,88.09%,1.5133,"[0.10243777930736542, 0.8975622653961182]"
4465,0,49.82%,88.09%,0.0003,"[0.9997206330299377, 0.0002793438034132123]"
4466,1,49.83%,88.09%,0.0260,"[0.023412158712744713, 0.9765878319740295]"
4467,1,49.84%,88.09%,0.0247,"[0.024101102724671364, 0.9758988618850708]"
4468,1,49.85%,88.10%,0.0231,"[0.02474266290664673, 0.975257396697998]"
4469,1,49.87%,88.10%,0.0347,"[0.02381570264697075, 0.9761842489242554]"
4470,0,49.85%,88.10%,0.0001,"[0.9999113082885742, 8.862491085892543e-05]"
4471,1,49.87%,88.10%,0.0188,"[0.01923261396586895, 0.9807673692703247]"
4472,1,49.88%,88.11%,0.0241,"[0.02556649222970009, 0.9744335412979126]"
4473,0,49.87%,88.11%,0.0001,"[0.9998631477355957, 0.00013681998825632036]"
4474,0,49.85%,88.11%,0.0456,"[0.7676535844802856, 0.23234641551971436]"
4475,0,49.84%,88.11%,0.0002,"[0.9998199343681335, 0.00018003777950070798]"
4476,0,49.83%,88.09%,3.5941,"[0.026178764179348946, 0.973821222782135]"
4477,0,49.82%,88.10%,0.0001,"[0.9998558759689331, 0.0001441286876797676]"
4478,1,49.83%,88.10%,0.0379,"[0.03911275789141655, 0.9608872532844543]"
4479,1,49.84%,88.10%,0.0331,"[0.03691931441426277, 0.9630807042121887]"
4480,0,49.83%,88.08%,1.6748,"[0.2029142826795578, 0.797085702419281]"
4481,0,49.82%,88.06%,3.2821,"[0.04076540470123291, 0.9592345952987671]"
4482,1,49.83%,88.07%,0.0481,"[0.045555613934993744, 0.954444408416748]"
4483,0,49.82%,88.07%,0.0006,"[0.9995032548904419, 0.0004967364366166294]"
4484,0,49.81%,88.07%,0.0001,"[0.9998852014541626, 0.00011482163972686976]"
4485,0,49.80%,88.07%,0.0098,"[0.9958655834197998, 0.004134372342377901]"
4486,0,49.79%,88.08%,0.0001,"[0.9998800754547119, 0.00011996362445643172]"
4487,0,49.78%,88.08%,0.0001,"[0.9999021291732788, 9.791660704649985e-05]"
4488,1,49.79%,88.08%,0.0605,"[0.07452764362096786, 0.9254723191261292]"
4489,1,49.80%,88.08%,0.0879,"[0.09751588851213455, 0.902484118938446]"
4490,0,49.79%,88.09%,0.0004,"[0.9997032284736633, 0.0002966984175145626]"
4491,0,49.78%,88.07%,2.6718,"[0.07181639224290848, 0.9281836152076721]"
4492,1,49.79%,88.07%,0.0813,"[0.07809202373027802, 0.921907901763916]"
4493,1,49.80%,88.07%,0.0403,"[0.04086199030280113, 0.959138035774231]"
4494,1,49.81%,88.05%,1.8511,"[0.8855165243148804, 0.11448341608047485]"
4495,0,49.80%,88.06%,0.0143,"[0.9827194213867188, 0.0172805767506361]"
4496,1,49.81%,88.06%,0.0759,"[0.06390348821878433, 0.9360964894294739]"
4497,1,49.82%,88.06%,0.0559,"[0.04030624404549599, 0.9596937298774719]"
4498,0,49.81%,88.06%,0.0001,"[0.9999023675918579, 9.766342554939911e-05]"
4499,1,49.82%,88.07%,0.1541,"[0.12627044320106506, 0.8737295866012573]"
4500,1,49.83%,88.07%,0.0794,"[0.07635241746902466, 0.9236475825309753]"
4501,0,49.82%,88.07%,0.1918,"[0.908375084400177, 0.09162487089633942]"
4502,0,49.81%,88.07%,0.0001,"[0.9999409914016724, 5.896327274967916e-05]"
4503,0,49.80%,88.08%,0.0001,"[0.9999401569366455, 5.986063479213044e-05]"
4504,1,49.81%,88.08%,0.1558,"[0.21441829204559326, 0.7855817079544067]"
4505,0,49.80%,88.08%,0.0001,"[0.99991774559021, 8.230550884036347e-05]"
4506,1,49.81%,88.09%,0.0342,"[0.03396110236644745, 0.9660388231277466]"
4507,0,49.80%,88.09%,0.0007,"[0.9984363913536072, 0.0015635696472600102]"
4508,1,49.81%,88.09%,0.0374,"[0.03414506837725639, 0.9658550024032593]"
4509,1,49.82%,88.09%,0.0478,"[0.045454107224941254, 0.9545458555221558]"
4510,1,49.83%,88.10%,0.0423,"[0.04125044867396355, 0.958749532699585]"
4511,0,49.82%,88.10%,0.0001,"[0.9999140501022339, 8.598581189289689e-05]"
4512,1,49.83%,88.10%,0.1741,"[0.15670092403888702, 0.8432990908622742]"
4513,1,49.84%,88.10%,0.0296,"[0.03323096036911011, 0.9667690992355347]"
4514,1,49.86%,88.11%,0.0642,"[0.0630662813782692, 0.936933696269989]"
4515,1,49.87%,88.11%,0.0303,"[0.02898450754582882, 0.9710155129432678]"
4516,0,49.86%,88.11%,0.0002,"[0.9996957778930664, 0.0003042301977984607]"
4517,1,49.87%,88.11%,0.0263,"[0.025120476260781288, 0.9748795032501221]"
4518,0,49.86%,88.12%,0.0002,"[0.9997773766517639, 0.00022268839529715478]"
4519,1,49.87%,88.12%,1.4346,"[0.3901466131210327, 0.6098533868789673]"
4520,1,49.88%,88.12%,0.0434,"[0.04004204273223877, 0.9599579572677612]"
4521,1,49.89%,88.12%,0.0273,"[0.026980983093380928, 0.973019003868103]"
4522,1,49.90%,88.13%,0.0467,"[0.046948324888944626, 0.9530516266822815]"
4523,0,49.89%,88.11%,3.4026,"[0.03167571499943733, 0.9683243036270142]"
4524,1,49.90%,88.11%,0.0243,"[0.0236358605325222, 0.9763641357421875]"
4525,0,49.89%,88.11%,0.0001,"[0.9998737573623657, 0.00012624311784747988]"
4526,0,49.88%,88.12%,0.0002,"[0.999705970287323, 0.0002939632977358997]"
4527,1,49.89%,88.12%,0.0215,"[0.021696588024497032, 0.9783033728599548]"
4528,0,49.88%,88.12%,0.3903,"[0.7725721001625061, 0.22742785513401031]"
4529,0,49.87%,88.12%,0.0001,"[0.9999078512191772, 9.212310396833345e-05]"
4530,1,49.88%,88.13%,0.0250,"[0.023561939597129822, 0.9764381051063538]"
4531,0,49.87%,88.13%,0.0001,"[0.9999105930328369, 8.939774124883115e-05]"
4532,0,49.86%,88.11%,3.3489,"[0.0360453836619854, 0.9639546275138855]"
4533,0,49.85%,88.11%,0.0001,"[0.9998993873596191, 0.00010054453741759062]"
4534,1,49.86%,88.11%,0.0463,"[0.0570392906665802, 0.9429607391357422]"
4535,1,49.87%,88.12%,0.0271,"[0.02357320860028267, 0.9764268398284912]"
4536,1,49.88%,88.12%,0.0517,"[0.06362275034189224, 0.9363772869110107]"
4537,0,49.87%,88.12%,0.0001,"[0.9998677968978882, 0.00013218470849096775]"
4538,0,49.86%,88.13%,0.0002,"[0.9998074173927307, 0.00019259921100456268]"
4539,1,49.87%,88.13%,0.0363,"[0.03580550476908684, 0.9641945362091064]"
4540,1,49.88%,88.13%,0.0340,"[0.0469139963388443, 0.9530859589576721]"
4541,1,49.89%,88.13%,0.1559,"[0.08346246927976608, 0.9165375232696533]"
4542,0,49.88%,88.14%,0.0001,"[0.9998958110809326, 0.00010413524432806298]"
4543,1,49.89%,88.14%,0.0433,"[0.04560481011867523, 0.9543952345848083]"
4544,0,49.88%,88.14%,0.1483,"[0.7399143576622009, 0.2600856423377991]"
4545,1,49.89%,88.14%,0.0309,"[0.029241638258099556, 0.970758318901062]"
4546,1,49.90%,88.15%,0.0679,"[0.05557393655180931, 0.9444261193275452]"
4547,1,49.91%,88.15%,0.0364,"[0.04530366510152817, 0.9546962976455688]"
4548,1,49.92%,88.15%,0.0219,"[0.0258044246584177, 0.9741955399513245]"
4549,1,49.93%,88.15%,0.0354,"[0.03271646425127983, 0.9672835469245911]"
4550,0,49.92%,88.16%,0.0001,"[0.9999006986618042, 9.930659143719822e-05]"
4551,0,49.91%,88.16%,0.0001,"[0.9999115467071533, 8.844508556649089e-05]"
4552,1,49.92%,88.16%,0.0711,"[0.04201750084757805, 0.9579824805259705]"
4553,0,49.91%,88.14%,3.0266,"[0.047575805336236954, 0.9524242281913757]"
4554,0,49.90%,88.14%,0.0001,"[0.9998941421508789, 0.00010590153397060931]"
4555,0,49.89%,88.15%,0.0001,"[0.9999197721481323, 8.021028770599514e-05]"
4556,0,49.88%,88.15%,0.0001,"[0.9999245405197144, 7.545162225142121e-05]"
4557,1,49.89%,88.15%,0.0227,"[0.030604222789406776, 0.9693957567214966]"
4558,0,49.88%,88.16%,0.0001,"[0.9998806715011597, 0.00011933509085793048]"
4559,0,49.87%,88.16%,0.0005,"[0.9991763234138489, 0.0008236140129156411]"
4560,0,49.86%,88.14%,1.5332,"[0.2923828661441803, 0.7076172232627869]"
4561,1,49.87%,88.14%,0.0733,"[0.05730291083455086, 0.9426971077919006]"
4562,1,49.88%,88.14%,0.0299,"[0.028249267488718033, 0.9717507362365723]"
4563,0,49.87%,88.12%,2.6666,"[0.08263801783323288, 0.9173619151115417]"
4564,1,49.88%,88.13%,0.2370,"[0.1876235008239746, 0.8123764991760254]"
4565,0,49.87%,88.13%,0.0002,"[0.9998342990875244, 0.0001656650856602937]"
4566,0,49.86%,88.11%,0.5418,"[0.39833033084869385, 0.6016697287559509]"
4567,0,49.85%,88.11%,0.0001,"[0.9999309778213501, 6.90504239173606e-05]"
4568,0,49.84%,88.12%,0.0001,"[0.999934196472168, 6.577168824151158e-05]"
4569,1,49.85%,88.12%,0.0995,"[0.1699589341878891, 0.8300411105155945]"
4570,0,49.84%,88.12%,0.0001,"[0.9999356269836426, 6.432487862184644e-05]"
4571,1,49.85%,88.10%,1.0385,"[0.585137128829956, 0.41486281156539917]"
4572,1,49.86%,88.10%,0.0497,"[0.06088315695524216, 0.939116895198822]"
4573,0,49.85%,88.11%,0.0001,"[0.9998906850814819, 0.00010935842874459922]"
4574,1,49.86%,88.11%,0.1822,"[0.1268567591905594, 0.873143196105957]"
4575,0,49.85%,88.11%,0.0001,"[0.9999279975891113, 7.198035746114329e-05]"
4576,0,49.84%,88.11%,0.0001,"[0.9998728036880493, 0.0001271956425625831]"
4577,1,49.85%,88.12%,0.0576,"[0.04067656397819519, 0.9593234062194824]"
4578,0,49.84%,88.12%,0.0001,"[0.999879002571106, 0.00012103612971259281]"
4579,1,49.85%,88.12%,0.1626,"[0.09009011834859848, 0.9099098443984985]"
4580,1,49.86%,88.12%,0.1378,"[0.14715054631233215, 0.8528494238853455]"
4581,0,49.85%,88.11%,2.3535,"[0.06810134649276733, 0.9318986535072327]"
4582,0,49.84%,88.11%,0.0001,"[0.9998939037322998, 0.00010612970072543249]"
4583,1,49.85%,88.11%,0.0451,"[0.034180477261543274, 0.9658195376396179]"
4584,0,49.84%,88.11%,0.0001,"[0.9998981952667236, 0.00010180568642681465]"
4585,1,49.85%,88.12%,0.0833,"[0.04843813180923462, 0.9515618681907654]"
4586,0,49.84%,88.12%,0.0005,"[0.999560534954071, 0.0004394632123876363]"
4587,1,49.85%,88.12%,0.0586,"[0.05329635366797447, 0.9467036128044128]"
4588,1,49.86%,88.12%,0.0557,"[0.047975264489650726, 0.9520247578620911]"
4589,1,49.87%,88.13%,0.0387,"[0.042681943625211716, 0.9573180675506592]"
4590,1,49.88%,88.13%,0.0634,"[0.07162022590637207, 0.9283797144889832]"
4591,1,49.89%,88.13%,0.0526,"[0.0598880797624588, 0.9401118755340576]"
4592,0,49.88%,88.11%,0.7747,"[0.40637585520744324, 0.5936241149902344]"
4593,0,49.87%,88.11%,0.0001,"[0.9998745918273926, 0.0001253721711691469]"
4594,0,49.86%,88.10%,2.6178,"[0.07319314777851105, 0.9268068671226501]"
4595,1,49.87%,88.10%,0.0305,"[0.027890412136912346, 0.9721096158027649]"
4596,1,49.88%,88.10%,0.0558,"[0.06262186914682388, 0.9373781085014343]"
4597,0,49.87%,88.10%,0.0002,"[0.9997543692588806, 0.0002456812944728881]"
4598,0,49.86%,88.11%,0.0002,"[0.9998059868812561, 0.00019408266234677285]"
4599,0,49.85%,88.11%,0.0001,"[0.999925971031189, 7.405815995298326e-05]"
4600,0,49.84%,88.11%,0.0001,"[0.9999146461486816, 8.529418118996546e-05]"
4601,0,49.83%,88.11%,0.0005,"[0.9993857145309448, 0.0006142253987491131]"
4602,1,49.84%,88.12%,0.0811,"[0.049487702548503876, 0.9505123496055603]"
4603,0,49.83%,88.12%,0.0005,"[0.9992294311523438, 0.0007705317693762481]"
4604,0,49.82%,88.12%,0.0001,"[0.9999363422393799, 6.367508467519656e-05]"
4605,1,49.83%,88.12%,0.0624,"[0.04550671949982643, 0.9544932842254639]"
4606,0,49.82%,88.13%,0.0003,"[0.9995157718658447, 0.0004841969348490238]"
4607,1,49.83%,88.13%,0.0634,"[0.05738827958703041, 0.9426116943359375]"
4608,0,49.82%,88.13%,0.0010,"[0.999333918094635, 0.0006660059443674982]"
4609,0,49.80%,88.13%,0.0003,"[0.9997307658195496, 0.0002692192792892456]"
4610,0,49.79%,88.14%,0.0001,"[0.9999054670333862, 9.455147664994001e-05]"
4611,0,49.78%,88.14%,0.0001,"[0.9999220371246338, 7.794689008733258e-05]"
4612,0,49.77%,88.14%,0.0001,"[0.9999115467071533, 8.844998228596523e-05]"
4613,1,49.78%,88.14%,0.0281,"[0.02748809941112995, 0.9725119471549988]"
4614,0,49.77%,88.15%,0.0001,"[0.9999252557754517, 7.471343997167423e-05]"
4615,0,49.76%,88.15%,0.0001,"[0.9998557567596436, 0.00014423084212467074]"
4616,0,49.75%,88.15%,0.0001,"[0.999840497970581, 0.00015953317051753402]"
4617,1,49.76%,88.16%,0.0365,"[0.033138707280159, 0.9668612480163574]"
4618,0,49.75%,88.14%,3.1768,"[0.043563880026340485, 0.9564361572265625]"
4619,1,49.76%,88.14%,0.0268,"[0.025311892852187157, 0.9746880531311035]"
4620,1,49.77%,88.14%,0.0484,"[0.04747632518410683, 0.9525236487388611]"
4621,0,49.76%,88.12%,2.5127,"[0.06729275733232498, 0.9327073097229004]"
4622,1,49.77%,88.12%,0.0605,"[0.04759631305932999, 0.952403724193573]"
4623,1,49.78%,88.13%,0.0305,"[0.030832214280962944, 0.9691677093505859]"
4624,1,49.79%,88.13%,0.0676,"[0.05886245146393776, 0.9411374926567078]"
4625,0,49.78%,88.13%,0.0001,"[0.9999158382415771, 8.411915769102052e-05]"
4626,1,49.79%,88.13%,0.0574,"[0.06667088717222214, 0.9333291053771973]"
4627,0,49.78%,88.12%,1.0187,"[0.3605074882507324, 0.6394925117492676]"
4628,0,49.77%,88.12%,0.0001,"[0.9998750686645508, 0.00012485796469263732]"
4629,0,49.76%,88.12%,0.0476,"[0.979935348033905, 0.02006465196609497]"
4630,0,49.75%,88.12%,0.0002,"[0.9998723268508911, 0.0001276277907891199]"
4631,1,49.76%,88.13%,0.0427,"[0.03374091908335686, 0.9662590622901917]"
4632,1,49.77%,88.13%,0.0392,"[0.03885815665125847, 0.9611418843269348]"
4633,1,49.78%,88.13%,0.2207,"[0.1574675291776657, 0.8425324559211731]"
4634,0,49.77%,88.11%,2.4306,"[0.08796297013759613, 0.9120370149612427]"
4635,1,49.78%,88.11%,0.1116,"[0.09218036383390427, 0.9078196883201599]"
4636,1,49.80%,88.12%,0.0429,"[0.04252617061138153, 0.9574738144874573]"
4637,0,49.78%,88.10%,2.2494,"[0.10269155353307724, 0.8973084092140198]"
4638,0,49.77%,88.08%,0.5768,"[0.490707665681839, 0.5092924237251282]"
4639,1,49.78%,88.08%,0.1289,"[0.13372474908828735, 0.8662753105163574]"
4640,0,49.77%,88.08%,0.0001,"[0.9999405145645142, 5.945086377323605e-05]"
4641,1,49.78%,88.09%,0.0602,"[0.056440867483615875, 0.9435591697692871]"
4642,0,49.77%,88.09%,0.0001,"[0.9999314546585083, 6.858056440250948e-05]"
4643,1,49.78%,88.09%,0.2587,"[0.19276154041290283, 0.8072384595870972]"
4644,1,49.80%,88.09%,0.0503,"[0.05206219106912613, 0.9479378461837769]"
4645,0,49.78%,88.10%,0.0001,"[0.9999032020568848, 9.683688404038548e-05]"
4646,0,49.77%,88.10%,0.0004,"[0.9995638728141785, 0.00043606263352558017]"
4647,1,49.78%,88.10%,0.0536,"[0.05549701675772667, 0.9445030093193054]"
4648,1,49.80%,88.10%,0.1362,"[0.07913269847631454, 0.9208673238754272]"
4649,1,49.81%,88.11%,0.0610,"[0.05287384241819382, 0.9471261501312256]"
4650,1,49.82%,88.11%,0.0651,"[0.06655432283878326, 0.9334456324577332]"
4651,1,49.83%,88.11%,0.1278,"[0.11730552464723587, 0.8826945424079895]"
4652,1,49.84%,88.12%,0.0548,"[0.05578070878982544, 0.9442193508148193]"
4653,1,49.85%,88.12%,0.1440,"[0.12755882740020752, 0.8724411725997925]"
4654,1,49.86%,88.12%,0.0417,"[0.04112473130226135, 0.9588752388954163]"
4655,0,49.85%,88.12%,0.0001,"[0.9998683929443359, 0.00013156702334526926]"
4656,0,49.84%,88.13%,0.0001,"[0.9999048709869385, 9.508384391665459e-05]"
4657,1,49.85%,88.13%,0.0585,"[0.05661601945757866, 0.9433839917182922]"
4658,1,49.86%,88.13%,0.0284,"[0.029353247955441475, 0.9706467986106873]"
4659,0,49.85%,88.13%,0.0003,"[0.9990149736404419, 0.0009850346250459552]"
4660,0,49.84%,88.11%,2.0022,"[0.12938569486141205, 0.8706142902374268]"
4661,1,49.85%,88.12%,0.1601,"[0.14569053053855896, 0.8543094396591187]"
4662,1,49.86%,88.12%,0.0305,"[0.028882138431072235, 0.9711177945137024]"
4663,1,49.87%,88.12%,0.0584,"[0.0557183101773262, 0.9442817568778992]"
4664,1,49.88%,88.12%,0.0743,"[0.061000991612672806, 0.9389990568161011]"
4665,0,49.87%,88.13%,0.0004,"[0.9994644522666931, 0.0005355916800908744]"
4666,1,49.88%,88.13%,0.0249,"[0.024816492572426796, 0.9751834273338318]"
4667,1,49.89%,88.13%,0.0443,"[0.04204585775732994, 0.9579541087150574]"
4668,1,49.90%,88.13%,0.0263,"[0.025310223922133446, 0.974689781665802]"
4669,1,49.91%,88.14%,0.0447,"[0.041573356837034225, 0.9584266543388367]"
4670,1,49.93%,88.14%,0.0223,"[0.02147897146642208, 0.9785209894180298]"
4671,1,49.94%,88.14%,0.0218,"[0.021514341235160828, 0.9784855842590332]"
4672,1,49.95%,88.14%,0.0213,"[0.01972082443535328, 0.9802792072296143]"
4673,0,49.94%,88.15%,0.0001,"[0.9998133778572083, 0.00018662108050193638]"
4674,1,49.95%,88.15%,0.0228,"[0.02239459753036499, 0.977605402469635]"
4675,0,49.94%,88.15%,0.0002,"[0.9998176693916321, 0.00018230800924357027]"
4676,0,49.93%,88.15%,0.0247,"[0.9987733960151672, 0.0012265320401638746]"
4677,1,49.94%,88.16%,0.0240,"[0.021990053355693817, 0.9780098795890808]"
4678,1,49.95%,88.16%,0.0596,"[0.05792560428380966, 0.9420743584632874]"
4679,1,49.96%,88.16%,0.0353,"[0.04048570618033409, 0.9595142602920532]"
4680,1,49.97%,88.16%,0.0195,"[0.01931624859571457, 0.9806837439537048]"
4681,1,49.98%,88.17%,0.0431,"[0.04008840397000313, 0.959911584854126]"
4682,1,49.99%,88.17%,0.0165,"[0.01632428541779518, 0.9836756587028503]"
4683,1,50.00%,88.17%,0.1359,"[0.2454768866300583, 0.7545231580734253]"
4684,1,50.01%,88.18%,0.0271,"[0.025964559987187386, 0.974035382270813]"
4685,0,50.00%,88.18%,0.0005,"[0.9992656111717224, 0.0007344153709709644]"
4686,1,50.01%,88.18%,0.0239,"[0.023614592850208282, 0.9763853549957275]"
4687,0,50.00%,88.18%,0.0003,"[0.9997748732566833, 0.00022517598699778318]"
4688,1,50.01%,88.19%,0.0160,"[0.015784243121743202, 0.9842157959938049]"
4689,1,50.02%,88.19%,0.0214,"[0.02089555375277996, 0.9791045188903809]"
4690,0,50.01%,88.19%,0.0223,"[0.9890574812889099, 0.010942471213638783]"
4691,1,50.02%,88.19%,0.0173,"[0.01705566607415676, 0.9829443097114563]"
4692,1,50.03%,88.20%,0.0184,"[0.01802089996635914, 0.9819791316986084]"
4693,0,50.02%,88.20%,0.0001,"[0.9999102354049683, 8.976343815447763e-05]"
4694,0,50.01%,88.20%,0.0706,"[0.9552720785140991, 0.04472788795828819]"
4695,0,50.00%,88.18%,3.4566,"[0.045234523713588715, 0.9547654986381531]"
4696,0,49.99%,88.18%,0.0001,"[0.999873161315918, 0.0001268329069716856]"
4697,0,49.98%,88.19%,0.0250,"[0.9827561378479004, 0.017243819311261177]"
4698,1,49.99%,88.19%,0.0129,"[0.012786315754055977, 0.9872136116027832]"
4699,1,50.00%,88.19%,0.0288,"[0.03191452845931053, 0.968085527420044]"
4700,0,49.99%,88.17%,3.7622,"[0.023166822269558907, 0.9768332242965698]"
4701,1,50.00%,88.18%,0.0201,"[0.01967588998377323, 0.9803240895271301]"
4702,1,50.01%,88.18%,0.0614,"[0.06786009669303894, 0.9321398735046387]"
4703,0,50.00%,88.18%,0.0001,"[0.9999003410339355, 9.965530625777319e-05]"
4704,1,50.01%,88.18%,0.0228,"[0.022084595635533333, 0.9779154062271118]"
4705,1,50.02%,88.19%,0.0159,"[0.01582861691713333, 0.9841713309288025]"
4706,0,50.01%,88.19%,0.0001,"[0.9999041557312012, 9.578073513694108e-05]"
4707,1,50.02%,88.19%,0.0166,"[0.01589757204055786, 0.9841024279594421]"
4708,1,50.03%,88.19%,0.0229,"[0.0345793254673481, 0.9654207229614258]"
4709,0,50.02%,88.20%,0.0001,"[0.9999452829360962, 5.465511276270263e-05]"
4710,1,50.03%,88.20%,0.0443,"[0.10162226110696793, 0.8983777165412903]"
4711,0,50.02%,88.20%,0.0001,"[0.9999381303787231, 6.180917989695445e-05]"
4712,0,50.01%,88.20%,0.0001,"[0.9999492168426514, 5.079388211015612e-05]"
4713,1,50.02%,88.21%,0.0167,"[0.016599060967564583, 0.9834010004997253]"
4714,0,50.01%,88.21%,0.0148,"[0.9949249029159546, 0.0050750672817230225]"
4715,0,50.00%,88.21%,0.0001,"[0.9999289512634277, 7.103301322786137e-05]"
4716,0,49.99%,88.21%,0.0000,"[0.9999552965164185, 4.4751948735211045e-05]"
4717,1,50.00%,88.22%,0.0334,"[0.03207462280988693, 0.9679254293441772]"
4718,0,49.99%,88.22%,0.0001,"[0.9999440908432007, 5.593792229774408e-05]"
4719,1,50.00%,88.22%,0.0263,"[0.02647455409169197, 0.9735254645347595]"
4720,0,49.99%,88.22%,0.0001,"[0.9999462366104126, 5.372269879444502e-05]"
4721,1,50.00%,88.23%,0.0386,"[0.03858423978090286, 0.961415708065033]"
4722,0,49.99%,88.23%,0.0000,"[0.9999500513076782, 4.99929919897113e-05]"
4723,0,49.98%,88.21%,3.2375,"[0.04431714862585068, 0.9556829333305359]"
4724,1,49.99%,88.21%,0.0739,"[0.06790541112422943, 0.9320945739746094]"
4725,1,50.00%,88.21%,0.0390,"[0.033969342708587646, 0.9660305976867676]"
4726,0,49.99%,88.22%,0.0001,"[0.9999481439590454, 5.182054519536905e-05]"
4727,1,50.00%,88.22%,0.0187,"[0.0176995936781168, 0.9823004603385925]"
4728,1,50.01%,88.22%,0.1200,"[0.12345805019140244, 0.8765419125556946]"
4729,0,50.00%,88.22%,0.0000,"[0.9999570846557617, 4.288556010578759e-05]"
4730,0,49.99%,88.21%,3.0496,"[0.049323420971632004, 0.9506765007972717]"
4731,1,50.00%,88.21%,0.5279,"[0.4621691107749939, 0.5378308892250061]"
4732,0,49.99%,88.21%,0.0000,"[0.9999474287033081, 5.254257848719135e-05]"
4733,1,50.00%,88.21%,0.0423,"[0.04026862606406212, 0.95973140001297]"
4734,1,50.01%,88.22%,0.0704,"[0.07646601647138596, 0.9235339760780334]"
4735,0,50.00%,88.22%,0.0001,"[0.9998608827590942, 0.00013913966540712863]"
4736,0,49.99%,88.22%,0.0118,"[0.9725024700164795, 0.0274975523352623]"
4737,1,50.00%,88.22%,0.0359,"[0.03532586619257927, 0.964674174785614]"
4738,0,49.99%,88.23%,0.0001,"[0.9999269247055054, 7.305970939341933e-05]"
4739,1,50.00%,88.23%,0.0396,"[0.03787650167942047, 0.9621235728263855]"
4740,0,49.99%,88.23%,0.0001,"[0.9998348951339722, 0.00016511250578332692]"
4741,0,49.98%,88.21%,3.1899,"[0.03947707638144493, 0.9605229496955872]"
4742,1,49.99%,88.21%,0.0203,"[0.01982663944363594, 0.9801733493804932]"
4743,0,49.98%,88.22%,0.0000,"[0.9999469518661499, 5.2993447752669454e-05]"
4744,0,49.97%,88.20%,2.8516,"[0.047396693378686905, 0.9526033401489258]"
4745,0,49.96%,88.20%,0.0001,"[0.9999059438705444, 9.409617632627487e-05]"
4746,1,49.97%,88.20%,0.0462,"[0.049768123775720596, 0.9502318501472473]"
4747,0,49.96%,88.21%,0.0000,"[0.9999500513076782, 4.9944286729441956e-05]"
4748,0,49.95%,88.21%,0.0001,"[0.9999364614486694, 6.350262265186757e-05]"
4749,1,49.96%,88.21%,0.0948,"[0.07126219570636749, 0.9287378191947937]"
4750,1,49.97%,88.21%,0.0343,"[0.04141046106815338, 0.958589494228363]"
4751,1,49.98%,88.22%,0.0701,"[0.05379819869995117, 0.9462018013000488]"
4752,0,49.97%,88.22%,0.0001,"[0.9999326467514038, 6.731962639605626e-05]"
4753,0,49.96%,88.22%,0.0000,"[0.9999548196792603, 4.5132823288440704e-05]"
4754,0,49.95%,88.22%,0.0277,"[0.9485592246055603, 0.051440849900245667]"
4755,0,49.94%,88.23%,0.0001,"[0.9999443292617798, 5.569180575548671e-05]"
4756,1,49.95%,88.23%,0.0298,"[0.07395954430103302, 0.9260404706001282]"
4757,0,49.94%,88.23%,0.0001,"[0.999887228012085, 0.00011271006951574236]"
4758,1,49.95%,88.23%,0.0758,"[0.057850293815135956, 0.9421496987342834]"
4759,1,49.96%,88.24%,0.0274,"[0.026498856022953987, 0.9735011458396912]"
4760,1,49.97%,88.24%,0.1360,"[0.10117591917514801, 0.8988240361213684]"
4761,1,49.98%,88.24%,0.0539,"[0.05506415665149689, 0.9449357986450195]"
4762,0,49.97%,88.24%,0.0001,"[0.9999457597732544, 5.421073001343757e-05]"
4763,1,49.98%,88.25%,0.0265,"[0.024880094453692436, 0.9751198291778564]"
4764,0,49.97%,88.25%,0.0000,"[0.9999514818191528, 4.848405660595745e-05]"
4765,0,49.96%,88.25%,0.0001,"[0.9998854398727417, 0.00011455293861217797]"
4766,0,49.95%,88.25%,0.0001,"[0.9998959302902222, 0.00010400979954283684]"
4767,0,49.94%,88.26%,0.0000,"[0.9999539852142334, 4.6008866775082424e-05]"
4768,0,49.93%,88.24%,3.2392,"[0.04180491715669632, 0.9581950902938843]"
4769,0,49.92%,88.24%,0.0001,"[0.9999421834945679, 5.781351137557067e-05]"
4770,0,49.91%,88.22%,3.0350,"[0.05315640941262245, 0.9468435645103455]"
4771,0,49.90%,88.22%,0.0001,"[0.9999245405197144, 7.550705049652606e-05]"
4772,1,49.91%,88.23%,0.0411,"[0.03935215622186661, 0.9606478810310364]"
4773,0,49.90%,88.23%,0.0001,"[0.9999281167984009, 7.187959272414446e-05]"
4774,1,49.91%,88.23%,0.0297,"[0.02933155745267868, 0.9706684350967407]"
4775,1,49.92%,88.23%,0.0658,"[0.04367249086499214, 0.9563274383544922]"
4776,1,49.93%,88.24%,0.0867,"[0.08525601774454117, 0.9147440195083618]"
4777,1,49.94%,88.24%,0.2390,"[0.1391439288854599, 0.8608561158180237]"
4778,1,49.95%,88.24%,0.0600,"[0.1171552985906601, 0.8828447461128235]"
4779,1,49.96%,88.24%,0.0308,"[0.03098948858678341, 0.9690105319023132]"
4780,1,49.97%,88.25%,0.0311,"[0.029641535133123398, 0.9703584313392639]"
4781,0,49.96%,88.25%,0.0001,"[0.999951958656311, 4.8023441195255145e-05]"
4782,0,49.95%,88.25%,0.0000,"[0.9999526739120483, 4.729337160824798e-05]"
4783,1,49.96%,88.25%,0.0356,"[0.034823592752218246, 0.9651764035224915]"
4784,0,49.95%,88.25%,0.0001,"[0.9999454021453857, 5.462635454023257e-05]"
4785,1,49.96%,88.26%,0.0252,"[0.026332421228289604, 0.9736676216125488]"
4786,1,49.97%,88.26%,0.0410,"[0.03881065919995308, 0.961189329624176]"
4787,1,49.98%,88.26%,0.0272,"[0.027407538145780563, 0.9725924730300903]"
4788,1,49.99%,88.26%,0.0455,"[0.043541330844163895, 0.9564586281776428]"
4789,1,50.00%,88.27%,0.0248,"[0.02503577247262001, 0.9749642610549927]"
4790,0,49.99%,88.25%,1.9210,"[0.1624731421470642, 0.8375268578529358]"
4791,0,49.98%,88.25%,0.0001,"[0.9998846054077148, 0.00011535245721461251]"
4792,0,49.97%,88.25%,0.3226,"[0.9651739001274109, 0.03482607752084732]"
4793,1,49.98%,88.26%,0.0550,"[0.046763136982917786, 0.9532368183135986]"
4794,1,49.99%,88.26%,0.0440,"[0.05108730122447014, 0.9489126801490784]"
4795,1,50.00%,88.26%,0.0213,"[0.0321992002427578, 0.9678007960319519]"
4796,1,50.01%,88.26%,0.0260,"[0.024290746077895164, 0.9757093191146851]"
4797,1,50.02%,88.27%,0.0617,"[0.04192831739783287, 0.9580716490745544]"
4798,0,50.01%,88.27%,0.0001,"[0.9999302625656128, 6.979119643801823e-05]"
4799,1,50.02%,88.27%,0.0258,"[0.02610930986702442, 0.9738906621932983]"
4800,0,50.01%,88.27%,0.0001,"[0.9999430179595947, 5.6927015975816175e-05]"
4801,0,50.00%,88.28%,0.0001,"[0.9999209642410278, 7.908418047009036e-05]"
4802,1,50.01%,88.28%,0.0526,"[0.08746004104614258, 0.9125400185585022]"
4803,1,50.02%,88.28%,0.0265,"[0.029886549338698387, 0.9701134562492371]"
4804,0,50.01%,88.28%,0.0003,"[0.9996929168701172, 0.0003070490784011781]"
4805,1,50.02%,88.29%,0.0213,"[0.021078748628497124, 0.9789212346076965]"
4806,0,50.01%,88.29%,0.0001,"[0.9999312162399292, 6.874464452266693e-05]"
4807,0,50.00%,88.29%,0.0001,"[0.9998468160629272, 0.00015319544763769954]"
4808,0,49.99%,88.29%,0.0007,"[0.9991451501846313, 0.0008548508631065488]"
4809,1,50.00%,88.30%,0.0285,"[0.029494458809494972, 0.9705054759979248]"
4810,1,50.01%,88.30%,0.0216,"[0.021708743646740913, 0.9782912731170654]"
4811,0,50.00%,88.30%,0.0001,"[0.9999328851699829, 6.709364970447496e-05]"
4812,0,49.99%,88.30%,0.0001,"[0.9999390840530396, 6.087774090701714e-05]"
4813,0,49.98%,88.30%,0.0001,"[0.999945878982544, 5.4065192671259865e-05]"
4814,1,49.99%,88.31%,0.0490,"[0.045914389193058014, 0.954085648059845]"
4815,1,50.00%,88.31%,0.0192,"[0.04487036168575287, 0.9551296830177307]"
4816,1,50.01%,88.31%,0.0175,"[0.017382536083459854, 0.9826174378395081]"
4817,1,50.02%,88.31%,0.0428,"[0.034987907856702805, 0.9650121331214905]"
4818,0,50.01%,88.32%,0.0001,"[0.9998745918273926, 0.0001254147500731051]"
4819,0,50.00%,88.32%,0.0002,"[0.9997672438621521, 0.00023273409169632941]"
4820,0,49.99%,88.30%,3.4731,"[0.030704349279403687, 0.9692956209182739]"
4821,1,50.00%,88.30%,0.0273,"[0.025559648871421814, 0.974440336227417]"
4822,1,50.01%,88.31%,0.0149,"[0.013266718946397305, 0.9867332577705383]"
4823,1,50.02%,88.31%,0.0181,"[0.017783455550670624, 0.9822165966033936]"
4824,0,50.01%,88.31%,0.0003,"[0.9996845722198486, 0.00031543360091745853]"
4825,1,50.02%,88.31%,0.0338,"[0.04376617446541786, 0.95623379945755]"
4826,1,50.03%,88.32%,0.0813,"[0.05836937204003334, 0.9416306614875793]"
4827,1,50.04%,88.32%,0.0319,"[0.026686087250709534, 0.9733138680458069]"
4828,0,50.03%,88.32%,0.0000,"[0.9999549388885498, 4.504554090090096e-05]"
4829,1,50.04%,88.32%,0.0327,"[0.04785255342721939, 0.952147364616394]"
4830,0,50.03%,88.30%,2.4009,"[0.05730734020471573, 0.9426926374435425]"
4831,0,50.02%,88.31%,0.0007,"[0.999097466468811, 0.0009026118204928935]"
4832,0,50.01%,88.31%,0.0001,"[0.999940037727356, 5.993528975523077e-05]"
4833,1,50.02%,88.31%,0.3931,"[0.36955776810646057, 0.6304422616958618]"
4834,1,50.03%,88.31%,0.0176,"[0.017680976539850235, 0.9823190569877625]"
4835,0,50.02%,88.30%,1.8272,"[0.04245803877711296, 0.9575420022010803]"
4836,1,50.03%,88.30%,0.0579,"[0.04022083804011345, 0.9597791433334351]"
4837,1,50.04%,88.30%,0.0184,"[0.018205026164650917, 0.9817948937416077]"
4838,0,50.03%,88.30%,0.0365,"[0.9842108488082886, 0.015789231285452843]"
4839,0,50.02%,88.31%,0.0000,"[0.9999592304229736, 4.072338197147474e-05]"
4840,0,50.01%,88.31%,0.0000,"[0.9999585151672363, 4.1520572267472744e-05]"
4841,0,50.00%,88.29%,0.2987,"[0.1797792762517929, 0.8202207088470459]"
4842,1,50.01%,88.29%,0.0264,"[0.018623553216457367, 0.9813764691352844]"
4843,0,50.00%,88.29%,0.0001,"[0.9998782873153687, 0.00012165690714027733]"
4844,1,50.01%,88.30%,0.0254,"[0.02258056215941906, 0.977419376373291]"
4845,1,50.02%,88.30%,0.1440,"[0.15112246572971344, 0.8488775491714478]"
4846,1,50.03%,88.30%,0.0549,"[0.07968194782733917, 0.920318067073822]"
4847,0,50.02%,88.30%,0.0001,"[0.9999430179595947, 5.7030152674997225e-05]"
4848,1,50.03%,88.31%,0.0406,"[0.04949399083852768, 0.9505059719085693]"
4849,0,50.02%,88.31%,0.0001,"[0.9999443292617798, 5.5644341045990586e-05]"
4850,1,50.03%,88.29%,2.4306,"[0.9105197787284851, 0.08948015421628952]"
4851,1,50.04%,88.29%,0.0459,"[0.032803867012262344, 0.9671961069107056]"
4852,0,50.03%,88.30%,0.7664,"[0.7811614274978638, 0.2188386172056198]"
4853,0,50.02%,88.30%,0.0001,"[0.999948263168335, 5.1740455091930926e-05]"
4854,1,50.03%,88.30%,0.0438,"[0.04958699643611908, 0.950412929058075]"
4855,0,50.02%,88.28%,1.9637,"[0.1152723878622055, 0.8847275376319885]"
4856,0,50.01%,88.28%,0.0001,"[0.999909520149231, 9.043401223607361e-05]"
4857,1,50.02%,88.29%,0.0174,"[0.018993472680449486, 0.9810065031051636]"
4858,0,50.01%,88.29%,0.0001,"[0.9999487400054932, 5.120014975545928e-05]"
4859,0,50.00%,88.29%,0.0000,"[0.9999532699584961, 4.67579739051871e-05]"
4860,0,49.99%,88.29%,0.0001,"[0.9999467134475708, 5.328228871803731e-05]"
4861,0,49.98%,88.30%,0.0001,"[0.9999390840530396, 6.094785203458741e-05]"
4862,1,49.99%,88.30%,0.0206,"[0.021624309942126274, 0.9783757328987122]"
4863,0,49.98%,88.30%,0.0000,"[0.9999525547027588, 4.745637488667853e-05]"
4864,0,49.97%,88.30%,0.0000,"[0.9999600648880005, 3.990940604126081e-05]"
4865,0,49.96%,88.31%,0.0001,"[0.9999240636825562, 7.588572043459862e-05]"
4866,0,49.95%,88.31%,0.0000,"[0.99996018409729, 3.9798429497750476e-05]"
4867,1,49.96%,88.31%,0.0393,"[0.03205840662121773, 0.9679416418075562]"
4868,1,49.97%,88.31%,0.0438,"[0.06458844244480133, 0.9354115724563599]"
4869,0,49.96%,88.32%,0.0001,"[0.9999312162399292, 6.88081345288083e-05]"
4870,0,49.95%,88.32%,0.0000,"[0.9999580383300781, 4.196957524982281e-05]"
4871,1,49.96%,88.30%,0.2664,"[0.725567102432251, 0.274432897567749]"
4872,1,49.97%,88.30%,0.0183,"[0.021050577983260155, 0.9789494276046753]"
4873,0,49.96%,88.31%,0.0000,"[0.9999573230743408, 4.264136805431917e-05]"
4874,0,49.95%,88.31%,0.0001,"[0.9998871088027954, 0.0001128718358813785]"
4875,0,49.94%,88.31%,0.0000,"[0.9999599456787109, 4.009297117590904e-05]"
4876,0,49.93%,88.31%,0.0001,"[0.9999439716339111, 5.605786282103509e-05]"
4877,1,49.94%,88.31%,0.0183,"[0.019901296123862267, 0.9800987243652344]"
4878,0,49.93%,88.32%,0.0001,"[0.9999068975448608, 9.306096035288647e-05]"
4879,0,49.92%,88.32%,0.0001,"[0.9998973608016968, 0.00010265614400850609]"
4880,1,49.93%,88.32%,0.0190,"[0.018108395859599113, 0.9818915724754333]"
4881,0,49.92%,88.32%,0.0000,"[0.999957799911499, 4.214375439914875e-05]"
4882,1,49.93%,88.33%,0.0239,"[0.023047108203172684, 0.9769529104232788]"
4883,0,49.92%,88.33%,0.0000,"[0.9999579191207886, 4.210985207464546e-05]"
4884,0,49.91%,88.31%,3.5758,"[0.038870397955179214, 0.9611295461654663]"
4885,0,49.90%,88.31%,0.0001,"[0.9999411106109619, 5.889359090360813e-05]"
4886,0,49.89%,88.32%,0.0000,"[0.9999607801437378, 3.922218456864357e-05]"
4887,1,49.90%,88.32%,0.0343,"[0.023213742300868034, 0.9767862558364868]"
4888,0,49.89%,88.32%,0.0001,"[0.9999483823776245, 5.156834231456742e-05]"
4889,0,49.88%,88.32%,0.0000,"[0.9999574422836304, 4.257773616700433e-05]"
4890,0,49.87%,88.33%,0.0000,"[0.9999576807022095, 4.2358635255368426e-05]"
4891,0,49.86%,88.33%,0.0002,"[0.999853253364563, 0.00014669988013338298]"
4892,0,49.85%,88.31%,3.1553,"[0.0490751713514328, 0.950924813747406]"
4893,1,49.86%,88.31%,0.3304,"[0.3356718420982361, 0.6643280982971191]"
4894,0,49.85%,88.31%,0.0000,"[0.9999567270278931, 4.329326839069836e-05]"
4895,1,49.86%,88.32%,0.0273,"[0.03548198938369751, 0.9645180106163025]"
4896,0,49.85%,88.32%,0.0001,"[0.9999411106109619, 5.89323572057765e-05]"
4897,0,49.84%,88.32%,0.0001,"[0.9998880624771118, 0.0001118676082114689]"
4898,0,49.83%,88.32%,0.0001,"[0.9999129772186279, 8.704527135705575e-05]"
4899,1,49.84%,88.33%,0.0228,"[0.02374284155666828, 0.9762572050094604]"
4900,0,49.83%,88.33%,0.0000,"[0.9999598264694214, 4.022548091597855e-05]"
4901,0,49.82%,88.33%,0.4177,"[0.904942512512207, 0.09505753219127655]"
4902,0,49.81%,88.31%,2.9582,"[0.053155917674303055, 0.9468441009521484]"
4903,1,49.82%,88.30%,1.0422,"[0.5597197413444519, 0.44028031826019287]"
4904,0,49.81%,88.30%,0.0001,"[0.9999339580535889, 6.60175719531253e-05]"
4905,0,49.80%,88.30%,0.1359,"[0.9429939389228821, 0.0570061057806015]"
4906,0,49.79%,88.30%,0.0001,"[0.9999499320983887, 5.002522448194213e-05]"
4907,0,49.78%,88.30%,0.0000,"[0.9999583959579468, 4.1605031583458185e-05]"
4908,1,49.79%,88.31%,0.1737,"[0.14823001623153687, 0.8517699837684631]"
4909,0,49.78%,88.31%,0.0000,"[0.9999599456787109, 4.0047496440820396e-05]"
4910,1,49.79%,88.31%,0.1063,"[0.07072484493255615, 0.9292752146720886]"
4911,0,49.78%,88.31%,0.0000,"[0.9999570846557617, 4.290855213184841e-05]"
4912,1,49.79%,88.30%,0.6437,"[0.5473343133926392, 0.45266568660736084]"
4913,1,49.80%,88.30%,0.0385,"[0.04164397716522217, 0.9583560228347778]"
4914,1,49.81%,88.30%,0.0352,"[0.04132171720266342, 0.9586783647537231]"
4915,1,49.82%,88.30%,0.1044,"[0.06542094051837921, 0.934579074382782]"
4916,0,49.81%,88.31%,0.0786,"[0.8184481859207153, 0.18155182898044586]"
4917,0,49.80%,88.31%,0.0001,"[0.9999470710754395, 5.292951027513482e-05]"
4918,0,49.79%,88.29%,2.8768,"[0.04606952518224716, 0.9539304971694946]"
4919,1,49.80%,88.29%,0.0476,"[0.033353421837091446, 0.9666465520858765]"
4920,0,49.79%,88.30%,0.0001,"[0.9999456405639648, 5.4400221415562555e-05]"
4921,0,49.78%,88.30%,0.0001,"[0.9999301433563232, 6.98291405569762e-05]"
4922,0,49.77%,88.28%,2.6560,"[0.07227062433958054, 0.9277293682098389]"
4923,0,49.76%,88.28%,0.0000,"[0.9999555349349976, 4.440564225660637e-05]"
4924,0,49.75%,88.28%,0.0001,"[0.9999312162399292, 6.872419180581346e-05]"
4925,1,49.76%,88.29%,0.1047,"[0.06329016387462616, 0.9367097616195679]"
4926,1,49.77%,88.29%,0.0419,"[0.042305879294872284, 0.9576941728591919]"
4927,0,49.76%,88.29%,0.0000,"[0.9999529123306274, 4.710540815722197e-05]"
4928,1,49.77%,88.27%,3.1925,"[0.8657402992248535, 0.1342596560716629]"
4929,0,49.76%,88.28%,0.0005,"[0.9996945858001709, 0.0003054001717828214]"
4930,0,49.75%,88.28%,0.0986,"[0.5629444718360901, 0.4370555877685547]"
4931,1,49.76%,88.28%,0.0396,"[0.038090743124485016, 0.961909294128418]"
4932,1,49.77%,88.28%,0.1966,"[0.1382179856300354, 0.8617820739746094]"
4933,1,49.78%,88.29%,0.0907,"[0.08804906159639359, 0.911950945854187]"
4934,1,49.79%,88.29%,0.0697,"[0.09049193561077118, 0.9095081090927124]"
4935,0,49.78%,88.29%,0.0000,"[0.9999589920043945, 4.096663178643212e-05]"
4936,0,49.77%,88.29%,0.0006,"[0.9994624257087708, 0.000537609332241118]"
4937,0,49.76%,88.29%,0.0001,"[0.9998797178268433, 0.00012025774049106985]"
4938,0,49.75%,88.30%,0.0001,"[0.9999055862426758, 9.442966256756335e-05]"
4939,0,49.74%,88.28%,3.0404,"[0.05393333360552788, 0.9460667371749878]"
4940,0,49.73%,88.28%,0.0004,"[0.9997444748878479, 0.00025549143902026117]"
4941,0,49.72%,88.28%,0.0001,"[0.999943733215332, 5.621760283247568e-05]"
4942,0,49.71%,88.29%,0.0000,"[0.9999569654464722, 4.3021227611461654e-05]"
4943,1,49.72%,88.29%,0.0663,"[0.07621969282627106, 0.9237803220748901]"
4944,1,49.73%,88.29%,0.0251,"[0.024762216955423355, 0.9752377271652222]"
4945,0,49.72%,88.27%,1.8234,"[0.3920864164829254, 0.6079135537147522]"
4946,0,49.71%,88.28%,0.0086,"[0.9974728226661682, 0.002527127042412758]"
4947,0,49.70%,88.26%,2.5628,"[0.0583597868680954, 0.9416401386260986]"
4948,0,49.69%,88.26%,0.0001,"[0.9998998641967773, 0.00010010589903686196]"
4949,0,49.68%,88.26%,0.0001,"[0.9999412298202515, 5.881597462575883e-05]"
4950,1,49.69%,88.26%,0.0927,"[0.08105994760990143, 0.9189400672912598]"
4951,1,49.70%,88.25%,3.0376,"[0.9064304828643799, 0.09356949478387833]"
4952,0,49.69%,88.25%,0.0001,"[0.9999213218688965, 7.86617019912228e-05]"
4953,1,49.70%,88.25%,0.0435,"[0.03700993210077286, 0.9629900455474854]"
4954,1,49.71%,88.25%,0.0352,"[0.03531637787818909, 0.9646835923194885]"
4955,1,49.72%,88.26%,0.0327,"[0.03710440546274185, 0.9628956317901611]"
4956,0,49.71%,88.26%,0.0001,"[0.9999198913574219, 8.008876466192305e-05]"
4957,1,49.72%,88.26%,0.1009,"[0.11885228753089905, 0.8811476826667786]"
4958,1,49.73%,88.26%,0.0382,"[0.08806151151657104, 0.9119385480880737]"
4959,1,49.74%,88.27%,0.0381,"[0.044446349143981934, 0.9555537104606628]"
4960,1,49.75%,88.27%,0.0380,"[0.03414295241236687, 0.9658570885658264]"
4961,0,49.74%,88.27%,0.0001,"[0.9998931884765625, 0.00010685036977520213]"
4962,1,49.75%,88.27%,0.0850,"[0.07405858486890793, 0.9259414076805115]"
4963,1,49.76%,88.28%,1.9662,"[0.3240256905555725, 0.6759742498397827]"
4964,1,49.77%,88.28%,0.0401,"[0.03856575861573219, 0.9614342451095581]"
4965,1,49.78%,88.28%,0.0296,"[0.03319212794303894, 0.9668078422546387]"
4966,1,49.79%,88.28%,0.0658,"[0.03516445681452751, 0.964835524559021]"
4967,0,49.78%,88.29%,0.0004,"[0.9995444416999817, 0.00045558009878732264]"
4968,0,49.77%,88.29%,0.0008,"[0.9978965520858765, 0.0021034611854702234]"
4969,1,49.78%,88.29%,0.3351,"[0.36094728112220764, 0.6390527486801147]"
4970,1,49.79%,88.29%,0.0199,"[0.019984440878033638, 0.9800155758857727]"
4971,1,49.80%,88.29%,0.0170,"[0.017387041822075844, 0.9826129674911499]"
4972,0,49.79%,88.30%,0.0294,"[0.8566694855690002, 0.14333051443099976]"
4973,0,49.78%,88.30%,0.0020,"[0.9986234903335571, 0.0013765778858214617]"
4974,0,49.77%,88.30%,0.0001,"[0.9998766183853149, 0.00012335751671344042]"
4975,1,49.78%,88.30%,0.0168,"[0.02610158920288086, 0.9738984704017639]"
4976,0,49.77%,88.29%,3.9592,"[0.018972579389810562, 0.9810274839401245]"
4977,1,49.78%,88.29%,0.0175,"[0.020000191405415535, 0.9799997806549072]"
4978,1,49.79%,88.29%,0.0168,"[0.0164751335978508, 0.9835247993469238]"
4979,1,49.80%,88.29%,0.0156,"[0.0155020821839571, 0.9844978451728821]"
4980,0,49.79%,88.28%,3.8441,"[0.021080199629068375, 0.9789197444915771]"
4981,1,49.80%,88.28%,0.0201,"[0.018933402374386787, 0.9810665845870972]"
4982,0,49.79%,88.26%,2.5450,"[0.08476025611162186, 0.9152397513389587]"
4983,1,49.80%,88.26%,0.0340,"[0.03076993301510811, 0.9692301154136658]"
4984,0,49.79%,88.26%,0.0023,"[0.9956733584403992, 0.004326666239649057]"
4985,1,49.80%,88.27%,0.0323,"[0.028232498094439507, 0.9717674851417542]"
4986,1,49.81%,88.27%,0.0380,"[0.03780577331781387, 0.9621942043304443]"
4987,0,49.80%,88.27%,0.0001,"[0.9998739957809448, 0.00012601460912264884]"
4988,0,49.79%,88.27%,0.0001,"[0.9998699426651001, 0.00013008341193199158]"
4989,0,49.78%,88.28%,0.0009,"[0.9987891316413879, 0.0012108605587854981]"
4990,1,49.79%,88.28%,0.0417,"[0.04229753836989403, 0.9577024579048157]"
4991,0,49.78%,88.28%,0.0003,"[0.9998041987419128, 0.00019584399706218392]"
4992,0,49.77%,88.26%,2.7282,"[0.0714864581823349, 0.9285135269165039]"
4993,0,49.76%,88.27%,0.0002,"[0.9998403787612915, 0.0001595620415173471]"
4994,1,49.77%,88.27%,0.0662,"[0.06255900859832764, 0.9374409914016724]"
4995,1,49.78%,88.27%,0.0562,"[0.05303188040852547, 0.9469680786132812]"
4996,1,49.79%,88.27%,0.0314,"[0.030942311510443687, 0.9690576791763306]"
4997,0,49.78%,88.28%,0.0001,"[0.9999319314956665, 6.803209544159472e-05]"
4998,1,49.79%,88.28%,0.0396,"[0.03801828995347023, 0.9619817733764648]"
4999,1,49.80%,88.28%,0.0375,"[0.036959730088710785, 0.9630403518676758]"
5000,1,49.81%,88.28%,0.0795,"[0.0761188268661499, 0.9238811731338501]"
5001,0,49.80%,88.28%,0.0001,"[0.9998824596405029, 0.00011751554120564833]"
5002,0,49.79%,88.29%,0.0003,"[0.9997016787528992, 0.0002983003796543926]"
5003,0,49.78%,88.29%,0.0001,"[0.9999040365219116, 9.596605377737433e-05]"
5004,0,49.77%,88.29%,0.0001,"[0.9999058246612549, 9.413762745680287e-05]"
5005,0,49.76%,88.29%,0.0001,"[0.9999150037765503, 8.503666322212666e-05]"
5006,0,49.75%,88.30%,0.0001,"[0.9999301433563232, 6.986277003306895e-05]"
5007,1,49.76%,88.30%,0.0867,"[0.08855418115854263, 0.9114457964897156]"
5008,0,49.75%,88.30%,0.0004,"[0.9995664954185486, 0.00043343970901332796]"
5009,0,49.74%,88.30%,0.0001,"[0.9998900890350342, 0.00010992927855113521]"
5010,1,49.75%,88.31%,0.2118,"[0.18177807331085205, 0.8182218670845032]"
5011,1,49.76%,88.31%,0.0316,"[0.031695406883955, 0.9683046340942383]"
5012,1,49.77%,88.31%,0.0321,"[0.03270775452256203, 0.9672922492027283]"
5013,0,49.76%,88.31%,0.0001,"[0.9998412132263184, 0.00015881632862146944]"
5014,0,49.75%,88.32%,0.0001,"[0.9999161958694458, 8.381625957554206e-05]"
5015,1,49.76%,88.32%,0.0292,"[0.027422310784459114, 0.972577691078186]"
5016,0,49.75%,88.32%,0.0005,"[0.9985018968582153, 0.001498133409768343]"
5017,1,49.76%,88.32%,0.0452,"[0.04513568431138992, 0.9548643231391907]"
5018,0,49.75%,88.32%,0.0013,"[0.9989689588546753, 0.0010310772340744734]"
5019,1,49.76%,88.33%,0.0322,"[0.030982771888375282, 0.9690172672271729]"
5020,0,49.75%,88.33%,0.0091,"[0.9587903022766113, 0.04120973125100136]"
5021,1,49.76%,88.33%,0.0428,"[0.042464859783649445, 0.9575350880622864]"
5022,1,49.77%,88.33%,0.0219,"[0.022613627836108208, 0.9773863554000854]"
5023,0,49.76%,88.34%,0.0001,"[0.9999217987060547, 7.814723358023912e-05]"
5024,0,49.75%,88.34%,0.0009,"[0.9990635514259338, 0.0009364389115944505]"
5025,0,49.74%,88.32%,2.6533,"[0.10681368410587311, 0.8931863307952881]"
5026,1,49.75%,88.32%,0.0315,"[0.03170512616634369, 0.9682949185371399]"
5027,1,49.76%,88.33%,0.0391,"[0.032973289489746094, 0.9670267701148987]"
5028,1,49.77%,88.33%,0.0216,"[0.021283501759171486, 0.9787164330482483]"
5029,0,49.76%,88.31%,2.8956,"[0.057384684681892395, 0.9426153302192688]"
5030,0,49.75%,88.31%,0.1059,"[0.9106892347335815, 0.08931076526641846]"
5031,1,49.76%,88.31%,0.0225,"[0.02340208739042282, 0.9765979051589966]"
5032,0,49.75%,88.32%,0.0002,"[0.9997989535331726, 0.00020109063189011067]"
5033,0,49.74%,88.32%,0.0027,"[0.9988992214202881, 0.0011007908033207059]"
5034,1,49.75%,88.32%,0.0878,"[0.08507629483938217, 0.9149237275123596]"
5035,1,49.76%,88.32%,0.0368,"[0.03636862710118294, 0.9636313915252686]"
5036,0,49.75%,88.31%,2.7946,"[0.060334283858537674, 0.939665675163269]"
5037,1,49.76%,88.31%,0.0667,"[0.06722625344991684, 0.932773768901825]"
5038,0,49.75%,88.31%,0.1159,"[0.6992972493171692, 0.3007027506828308]"
5039,0,49.74%,88.31%,0.0001,"[0.9999102354049683, 8.977294055512175e-05]"
5040,1,49.75%,88.32%,0.0317,"[0.03202582523226738, 0.9679741263389587]"
5041,0,49.74%,88.32%,0.0001,"[0.9999450445175171, 5.491529009304941e-05]"
5042,0,49.73%,88.32%,0.0001,"[0.9999504089355469, 4.957553755957633e-05]"
5043,1,49.74%,88.32%,0.0360,"[0.03589220717549324, 0.9641077518463135]"
5044,1,49.75%,88.33%,0.5013,"[0.413876473903656, 0.586123526096344]"
5045,1,49.76%,88.33%,0.0769,"[0.08312778919935226, 0.9168722033500671]"
5046,0,49.75%,88.33%,0.0001,"[0.999947190284729, 5.285688166623004e-05]"
5047,0,49.74%,88.33%,0.0001,"[0.9999376535415649, 6.234212924027815e-05]"
5048,1,49.75%,88.33%,0.0352,"[0.03937065973877907, 0.9606292843818665]"
5049,0,49.74%,88.34%,0.0393,"[0.9189299941062927, 0.0810699611902237]"
5050,0,49.73%,88.34%,0.0001,"[0.9999275207519531, 7.245111191878095e-05]"
5051,0,49.72%,88.34%,0.0001,"[0.9999364614486694, 6.348300667013973e-05]"
5052,1,49.73%,88.34%,0.1283,"[0.11138229817152023, 0.8886176943778992]"
5053,1,49.74%,88.35%,0.0335,"[0.033088311553001404, 0.9669117331504822]"
5054,1,49.75%,88.35%,0.2184,"[0.18421515822410583, 0.8157848715782166]"
5055,1,49.76%,88.35%,0.0976,"[0.06824617087841034, 0.9317538738250732]"
5056,0,49.75%,88.33%,2.2711,"[0.10288747400045395, 0.8971125483512878]"
5057,0,49.74%,88.32%,2.6416,"[0.07273142039775848, 0.9272686243057251]"
5058,0,49.73%,88.30%,2.6872,"[0.08678577840328217, 0.9132142663002014]"
5059,1,49.74%,88.30%,0.0779,"[0.09097491949796677, 0.9090250730514526]"
5060,0,49.73%,88.30%,0.0001,"[0.9999505281448364, 4.9457437853561714e-05]"
5061,0,49.72%,88.31%,0.0000,"[0.9999508857727051, 4.905451714876108e-05]"
5062,1,49.73%,88.31%,0.1222,"[0.11671558767557144, 0.8832844495773315]"
5063,0,49.72%,88.29%,0.6495,"[0.3960478901863098, 0.603952169418335]"
5064,0,49.71%,88.29%,0.1522,"[0.8698047995567322, 0.13019515573978424]"
5065,0,49.70%,88.29%,0.0001,"[0.9999459981918335, 5.398266148404218e-05]"
5066,1,49.71%,88.28%,3.8659,"[0.9431423544883728, 0.05685760825872421]"
5067,1,49.72%,88.28%,0.0457,"[0.04335559159517288, 0.9566444158554077]"
5068,0,49.71%,88.28%,0.0001,"[0.999946117401123, 5.388021236285567e-05]"
5069,1,49.72%,88.28%,0.0957,"[0.09024309366941452, 0.9097568988800049]"
5070,1,49.73%,88.27%,1.2452,"[0.7782948017120361, 0.2217051386833191]"
5071,1,49.74%,88.27%,0.0415,"[0.04056217521429062, 0.9594378471374512]"
5072,1,49.75%,88.27%,0.0772,"[0.07709997892379761, 0.9228999614715576]"
5073,0,49.74%,88.27%,0.0001,"[0.9998906850814819, 0.00010928972187684849]"
5074,1,49.75%,88.26%,3.7733,"[0.995402455329895, 0.004597506020218134]"
5075,1,49.76%,88.26%,0.0990,"[0.04174854978919029, 0.9582514762878418]"
5076,0,49.75%,88.26%,0.1335,"[0.9560927748680115, 0.043907176703214645]"
5077,0,49.74%,88.26%,0.0001,"[0.9999138116836548, 8.613319369032979e-05]"
5078,0,49.73%,88.27%,0.0001,"[0.9998668432235718, 0.00013318688434083015]"
5079,1,49.74%,88.27%,0.0518,"[0.05204525962471962, 0.9479547739028931]"
5080,1,49.75%,88.27%,0.0530,"[0.05273611098527908, 0.9472638964653015]"
5081,0,49.74%,88.27%,0.1706,"[0.7665109038352966, 0.23348906636238098]"
5082,1,49.75%,88.27%,0.0608,"[0.06065564230084419, 0.9393443465232849]"
5083,1,49.76%,88.28%,0.0288,"[0.030253978446125984, 0.9697460532188416]"
5084,0,49.75%,88.28%,0.0001,"[0.9998637437820435, 0.00013623741688206792]"
5085,0,49.74%,88.28%,0.0001,"[0.999931812286377, 6.820346607128158e-05]"
5086,0,49.73%,88.28%,0.0001,"[0.9999243021011353, 7.56677909521386e-05]"
5087,1,49.74%,88.29%,0.0263,"[0.02592490240931511, 0.9740750789642334]"
5088,1,49.75%,88.29%,0.0238,"[0.02369871363043785, 0.9763012528419495]"
5089,0,49.74%,88.29%,0.0001,"[0.9999165534973145, 8.347598486579955e-05]"
5090,1,49.75%,88.29%,0.0474,"[0.04787788540124893, 0.9521220922470093]"
5091,1,49.76%,88.30%,0.0382,"[0.04332318902015686, 0.9566767811775208]"
5092,1,49.77%,88.30%,0.0420,"[0.03980496525764465, 0.9601950645446777]"
5093,1,49.78%,88.30%,0.0418,"[0.04305759444832802, 0.9569424390792847]"
5094,0,49.77%,88.28%,2.4371,"[0.14852510392665863, 0.8514748811721802]"
5095,0,49.76%,88.28%,0.0002,"[0.9996912479400635, 0.000308822636725381]"
5096,1,49.77%,88.29%,0.0222,"[0.0220295712351799, 0.9779704213142395]"
5097,1,49.78%,88.29%,0.0369,"[0.03879104554653168, 0.9612089395523071]"
5098,0,49.77%,88.29%,0.0001,"[0.9999165534973145, 8.338488260051236e-05]"
5099,1,49.78%,88.29%,0.0445,"[0.05150894820690155, 0.9484909772872925]"
5100,0,49.77%,88.30%,0.0172,"[0.9423927068710327, 0.057607267051935196]"
5101,0,49.76%,88.30%,0.0001,"[0.9999375343322754, 6.244667019927874e-05]"
5102,0,49.76%,88.30%,0.0002,"[0.9998155236244202, 0.00018455831741448492]"
5103,0,49.75%,88.30%,0.0001,"[0.9999144077301025, 8.553780935471877e-05]"
5104,1,49.76%,88.31%,0.0693,"[0.08077571541070938, 0.9192242622375488]"
5105,1,49.76%,88.31%,0.0229,"[0.023455072194337845, 0.9765449166297913]"
5106,1,49.77%,88.31%,0.0458,"[0.05049997195601463, 0.9495000839233398]"
5107,0,49.77%,88.29%,3.2300,"[0.0341164655983448, 0.9658835530281067]"
5108,1,49.77%,88.30%,0.0216,"[0.02204461768269539, 0.9779554009437561]"
5109,0,49.77%,88.30%,0.0001,"[0.9999334812164307, 6.656355981249362e-05]"
5110,0,49.76%,88.30%,0.1520,"[0.7894870638847351, 0.21051287651062012]"
5111,1,49.77%,88.30%,0.0753,"[0.05072029307484627, 0.9492796659469604]"
5112,1,49.78%,88.30%,0.1469,"[0.06949015706777573, 0.9305098652839661]"
5113,1,49.78%,88.31%,0.8643,"[0.49468329548835754, 0.5053167343139648]"
5114,1,49.79%,88.31%,0.0213,"[0.0227890033274889, 0.9772109985351562]"
5115,1,49.80%,88.31%,0.0208,"[0.0201739389449358, 0.979826033115387]"
5116,0,49.79%,88.31%,0.0001,"[0.9999330043792725, 6.703776307404041e-05]"
5117,0,49.79%,88.32%,0.0201,"[0.9616844654083252, 0.038315579295158386]"
5118,0,49.78%,88.32%,0.0001,"[0.9998968839645386, 0.00010313634265912697]"
5119,1,49.79%,88.32%,0.0390,"[0.031290728598833084, 0.9687092900276184]"
5120,1,49.79%,88.32%,0.0486,"[0.04052716866135597, 0.9594728946685791]"
5121,1,49.80%,88.32%,0.0195,"[0.017889617010951042, 0.982110321521759]"
5122,1,49.81%,88.33%,0.0366,"[0.037316881120204926, 0.9626831412315369]"
5123,1,49.82%,88.33%,0.0255,"[0.027097314596176147, 0.9729026556015015]"
5124,0,49.81%,88.33%,0.0002,"[0.9997550845146179, 0.00024495410616509616]"
5125,0,49.80%,88.33%,0.0001,"[0.9999439716339111, 5.606096237897873e-05]"
5126,0,49.80%,88.32%,2.0150,"[0.23402288556098938, 0.7659770846366882]"
5127,1,49.80%,88.32%,0.0380,"[0.042426180094480515, 0.9575738310813904]"
5128,1,49.81%,88.32%,0.0179,"[0.017443228513002396, 0.9825567603111267]"
5129,0,49.81%,88.30%,0.5897,"[0.2201349288225174, 0.7798650860786438]"
5130,1,49.81%,88.31%,0.0358,"[0.03853694349527359, 0.9614630341529846]"
5131,0,49.81%,88.29%,3.0565,"[0.04534618929028511, 0.954653799533844]"
5132,1,49.81%,88.29%,0.0389,"[0.03635246306657791, 0.9636475443840027]"
5133,0,49.81%,88.29%,0.0001,"[0.9999438524246216, 5.617923670797609e-05]"
5134,0,49.80%,88.30%,0.0001,"[0.9999409914016724, 5.9062604123027995e-05]"
5135,0,49.79%,88.30%,0.5518,"[0.613183319568634, 0.3868166208267212]"
5136,1,49.80%,88.30%,0.2923,"[0.2679136395454407, 0.7320863604545593]"
5137,1,49.81%,88.30%,0.1191,"[0.12631690502166748, 0.8736830949783325]"
5138,1,49.82%,88.29%,2.2476,"[0.72845458984375, 0.27154541015625]"
5139,0,49.81%,88.29%,0.0167,"[0.992525577545166, 0.0074743772856891155]"
5140,0,49.80%,88.27%,2.7886,"[0.05832192674279213, 0.9416781067848206]"
5141,1,49.81%,88.27%,0.1055,"[0.09111093729734421, 0.9088890552520752]"
5142,0,49.80%,88.28%,0.0001,"[0.9999278783798218, 7.21043543308042e-05]"
5143,0,49.79%,88.28%,0.0001,"[0.9999449253082275, 5.512790085049346e-05]"
5144,0,49.78%,88.28%,0.0001,"[0.9999456405639648, 5.4404838010668755e-05]"
5145,1,49.79%,88.28%,0.0253,"[0.024699321016669273, 0.975300669670105]"
5146,1,49.80%,88.28%,0.0735,"[0.047944020479917526, 0.9520559906959534]"
5147,1,49.81%,88.29%,0.0557,"[0.05758737772703171, 0.9424126148223877]"
5148,0,49.80%,88.27%,2.3277,"[0.10215096920728683, 0.8978490233421326]"
5149,1,49.81%,88.27%,0.0369,"[0.031377967447042465, 0.968622088432312]"
5150,1,49.82%,88.27%,0.0733,"[0.0808638408780098, 0.919136106967926]"
5151,0,49.81%,88.28%,0.0001,"[0.9998855590820312, 0.00011438920046202838]"
5152,0,49.80%,88.28%,0.0001,"[0.9999257326126099, 7.424483192153275e-05]"
5153,1,49.81%,88.28%,0.0569,"[0.052327536046504974, 0.9476724863052368]"
5154,0,49.80%,88.28%,0.0001,"[0.9998862743377686, 0.0001136751234298572]"
5155,1,49.81%,88.29%,0.0427,"[0.041906941682100296, 0.9580931067466736]"
5156,0,49.80%,88.29%,0.0001,"[0.9999184608459473, 8.153254020726308e-05]"
5157,0,49.79%,88.29%,0.0001,"[0.9999328851699829, 6.715075141983107e-05]"
5158,1,49.80%,88.27%,3.2608,"[0.9756913781166077, 0.024308660998940468]"
5159,1,49.81%,88.26%,0.7087,"[0.6044592261314392, 0.3955408036708832]"
5160,0,49.80%,88.26%,0.0001,"[0.9999063014984131, 9.365073492517695e-05]"
5161,1,49.81%,88.26%,0.0630,"[0.06620640307664871, 0.9337936043739319]"
5162,0,49.80%,88.26%,0.0001,"[0.9999237060546875, 7.623590499861166e-05]"
5163,1,49.81%,88.26%,0.0457,"[0.043436117470264435, 0.9565638899803162]"
5164,0,49.80%,88.27%,0.0001,"[0.9998904466629028, 0.000109487482404802]"
5165,0,49.79%,88.27%,0.0002,"[0.9998001456260681, 0.00019991891167592257]"
5166,0,49.78%,88.27%,0.0001,"[0.9999110698699951, 8.892450568964705e-05]"
5167,1,49.79%,88.27%,0.0360,"[0.036339275538921356, 0.963660717010498]"
5168,0,49.78%,88.28%,0.0004,"[0.9996681213378906, 0.0003318504604976624]"
5169,1,49.79%,88.28%,0.0255,"[0.025793826207518578, 0.9742062091827393]"
5170,0,49.78%,88.26%,1.6307,"[0.2749774754047394, 0.725022554397583]"
5171,0,49.77%,88.26%,0.0003,"[0.9998482465744019, 0.0001517265773145482]"
5172,0,49.76%,88.27%,0.0001,"[0.9998776912689209, 0.00012225568934809417]"
5173,1,49.77%,88.27%,0.0320,"[0.03086305782198906, 0.9691369533538818]"
5174,0,49.76%,88.27%,0.8549,"[0.6020137071609497, 0.3979862630367279]"
5175,1,49.77%,88.27%,0.0917,"[0.0833466649055481, 0.9166533350944519]"
5176,0,49.76%,88.26%,3.2073,"[0.037261247634887695, 0.9627386927604675]"
5177,1,49.77%,88.26%,0.0285,"[0.02918510138988495, 0.9708149433135986]"
5178,0,49.76%,88.26%,0.0007,"[0.9996324777603149, 0.0003674541076179594]"
5179,1,49.77%,88.26%,0.0466,"[0.04693012684583664, 0.953069806098938]"
5180,1,49.78%,88.26%,0.0380,"[0.036187462508678436, 0.963812530040741]"
5181,1,49.79%,88.27%,0.0435,"[0.0391368493437767, 0.9608631134033203]"
5182,1,49.80%,88.27%,0.0393,"[0.03826301917433739, 0.9617370367050171]"
5183,1,49.81%,88.27%,0.0400,"[0.04046640172600746, 0.9595335721969604]"
5184,0,49.80%,88.27%,0.0001,"[0.9998810291290283, 0.00011898761295014992]"
5185,0,49.79%,88.28%,0.0019,"[0.9995131492614746, 0.00048690568655729294]"
5186,0,49.78%,88.26%,3.3240,"[0.03498296067118645, 0.9650169610977173]"
5187,1,49.79%,88.26%,0.0245,"[0.02427315153181553, 0.9757269024848938]"
5188,1,49.80%,88.26%,0.0351,"[0.038295481353998184, 0.9617044925689697]"
5189,0,49.79%,88.27%,0.0001,"[0.9999128580093384, 8.712415728950873e-05]"
5190,1,49.80%,88.27%,0.0512,"[0.05481961369514465, 0.945180356502533]"
5191,0,49.79%,88.27%,0.0001,"[0.999901533126831, 9.841928840614855e-05]"
5192,0,49.78%,88.27%,0.0003,"[0.9982041120529175, 0.0017958927201107144]"
5193,0,49.77%,88.27%,0.0001,"[0.9997952580451965, 0.00020473166659940034]"
5194,0,49.76%,88.28%,0.0017,"[0.999332845211029, 0.0006671096780337393]"
5195,0,49.75%,88.28%,0.0001,"[0.9999035596847534, 9.646719990996644e-05]"
5196,1,49.76%,88.28%,0.0897,"[0.07563246786594391, 0.9243675470352173]"
5197,0,49.75%,88.28%,0.0001,"[0.9998987913131714, 0.00010115346958627924]"
5198,0,49.74%,88.27%,2.9330,"[0.052598074078559875, 0.9474018812179565]"
5199,1,49.75%,88.27%,0.0296,"[0.03241850435733795, 0.9675814509391785]"
5200,1,49.76%,88.27%,0.0720,"[0.06774993985891342, 0.9322500824928284]"
5201,0,49.75%,88.25%,2.2806,"[0.10689645260572433, 0.8931035399436951]"
5202,0,49.74%,88.26%,0.0002,"[0.9996647834777832, 0.00033520979923196137]"
5203,1,49.75%,88.26%,0.2282,"[0.12047091871500015, 0.8795290589332581]"
5204,0,49.74%,88.26%,0.0001,"[0.9998975992202759, 0.00010237665264867246]"
5205,0,49.73%,88.26%,0.0036,"[0.997199535369873, 0.0028005170170217752]"
5206,1,49.74%,88.27%,0.0421,"[0.03877578675746918, 0.9612242579460144]"
5207,1,49.75%,88.27%,0.0419,"[0.0399383008480072, 0.9600616693496704]"
5208,1,49.76%,88.27%,0.0406,"[0.04180144518613815, 0.958198606967926]"
5209,1,49.77%,88.27%,0.4630,"[0.31994563341140747, 0.6800543665885925]"
5210,1,49.78%,88.27%,0.4827,"[0.4100303649902344, 0.5899696350097656]"
5211,0,49.77%,88.26%,2.2430,"[0.10379831492900848, 0.8962016701698303]"
5212,1,49.78%,88.24%,2.2502,"[0.8151026964187622, 0.18489736318588257]"
5213,0,49.77%,88.24%,0.0001,"[0.9999312162399292, 6.882591696921736e-05]"
5214,0,49.76%,88.25%,0.0001,"[0.9998651742935181, 0.00013476228923536837]"
5215,1,49.77%,88.25%,0.0587,"[0.05645550414919853, 0.9435445070266724]"
5216,0,49.76%,88.25%,0.0006,"[0.9997944235801697, 0.00020564827718771994]"
5217,0,49.75%,88.25%,0.0003,"[0.9997512698173523, 0.0002487527672201395]"
5218,0,49.74%,88.25%,0.0003,"[0.9997997879981995, 0.00020017620408907533]"
5219,1,49.75%,88.26%,0.0423,"[0.04105186462402344, 0.9589481353759766]"
5220,0,49.74%,88.26%,0.0001,"[0.9998682737350464, 0.00013166228018235415]"
5221,0,49.73%,88.26%,0.0003,"[0.999795138835907, 0.00020483143453020602]"
5222,1,49.74%,88.26%,0.0527,"[0.048788588494062424, 0.9512114524841309]"
5223,0,49.73%,88.27%,0.0006,"[0.9996905326843262, 0.0003095448191743344]"
5224,0,49.72%,88.25%,2.9986,"[0.04456499591469765, 0.9554349184036255]"
5225,0,49.71%,88.23%,1.4866,"[0.2771362066268921, 0.7228638529777527]"
5226,0,49.70%,88.23%,0.0003,"[0.9994215965270996, 0.0005783934611827135]"
5227,1,49.71%,88.24%,0.0305,"[0.03368517383933067, 0.9663148522377014]"
5228,1,49.72%,88.24%,0.0572,"[0.05124658718705177, 0.9487534165382385]"
5229,1,49.73%,88.24%,0.0440,"[0.04088042303919792, 0.9591196179389954]"
5230,0,49.72%,88.24%,0.0002,"[0.9997578263282776, 0.00024215616576839238]"
5231,0,49.71%,88.25%,0.0003,"[0.9995935559272766, 0.0004064680833835155]"
5232,1,49.72%,88.25%,0.0860,"[0.06676314026117325, 0.9332368969917297]"
5233,0,49.71%,88.25%,0.0021,"[0.997905969619751, 0.002094052731990814]"
5234,1,49.72%,88.25%,0.0551,"[0.051877498626708984, 0.9481225609779358]"
5235,0,49.71%,88.25%,0.0002,"[0.9997711777687073, 0.0002288036048412323]"
5236,1,49.72%,88.26%,0.0787,"[0.08311188220977783, 0.9168881773948669]"
5237,1,49.73%,88.26%,0.0603,"[0.08702325820922852, 0.9129766821861267]"
5238,0,49.72%,88.26%,0.0045,"[0.9972534775733948, 0.0027465063612908125]"
5239,0,49.71%,88.24%,1.3859,"[0.3094235956668854, 0.6905763745307922]"
5240,1,49.72%,88.25%,0.0717,"[0.0738559141755104, 0.9261440634727478]"
5241,0,49.71%,88.23%,2.2292,"[0.11788054555654526, 0.8821194171905518]"
5242,1,49.72%,88.23%,0.0710,"[0.07258589565753937, 0.9274141192436218]"
5243,0,49.71%,88.22%,2.6929,"[0.057919830083847046, 0.9420801997184753]"
5244,1,49.72%,88.22%,0.1243,"[0.10567430406808853, 0.8943257331848145]"
5245,1,49.73%,88.22%,0.3152,"[0.2883116900920868, 0.7116883397102356]"
5246,0,49.72%,88.22%,0.6105,"[0.6173925995826721, 0.3826073706150055]"
5247,0,49.71%,88.22%,0.1939,"[0.7201716303825378, 0.27982836961746216]"
5248,0,49.70%,88.23%,0.0003,"[0.9998365640640259, 0.00016346642223652452]"
5249,0,49.70%,88.23%,0.0002,"[0.9998237490653992, 0.00017632870003581047]"
5250,0,49.69%,88.23%,0.0001,"[0.999916672706604, 8.326918032253161e-05]"
5251,1,49.70%,88.21%,2.9771,"[0.9859323501586914, 0.014067640528082848]"
5252,0,49.69%,88.20%,1.9404,"[0.1521274596452713, 0.8478724956512451]"
5253,0,49.68%,88.20%,0.0001,"[0.9999122619628906, 8.767522376729175e-05]"
5254,1,49.69%,88.20%,0.1558,"[0.1537260115146637, 0.8462740182876587]"
5255,1,49.70%,88.18%,3.5582,"[0.9919885396957397, 0.008011508733034134]"
5256,0,49.69%,88.19%,0.0231,"[0.9779967665672302, 0.022003207355737686]"
5257,0,49.68%,88.19%,0.0001,"[0.9998708963394165, 0.00012914558465126902]"
5258,1,49.69%,88.19%,0.3246,"[0.21444803476333618, 0.7855519652366638]"
5259,0,49.68%,88.19%,0.0001,"[0.9998944997787476, 0.00010550630395300686]"
5260,1,49.69%,88.20%,0.0585,"[0.06484701484441757, 0.9351529479026794]"
5261,0,49.68%,88.20%,0.0002,"[0.9998798370361328, 0.00012009889906039461]"
5262,0,49.67%,88.20%,0.0003,"[0.9997087121009827, 0.0002912975905928761]"
5263,0,49.66%,88.20%,0.1158,"[0.8991034030914307, 0.10089661926031113]"
5264,0,49.65%,88.21%,0.0002,"[0.9998335838317871, 0.00016639729437883943]"
5265,0,49.64%,88.21%,0.0002,"[0.999799907207489, 0.00020010808657389134]"
5266,1,49.65%,88.21%,0.1324,"[0.12602393329143524, 0.8739759922027588]"
5267,0,49.64%,88.21%,0.0001,"[0.9998695850372314, 0.0001304440083913505]"
5268,0,49.63%,88.21%,0.0002,"[0.9998370409011841, 0.00016288869665004313]"
5269,0,49.62%,88.22%,0.0004,"[0.9996851682662964, 0.00031480120378546417]"
5270,1,49.63%,88.22%,0.1024,"[0.08975871652364731, 0.9102413058280945]"
5271,1,49.64%,88.22%,0.1248,"[0.10121893137693405, 0.8987811207771301]"
5272,0,49.63%,88.22%,0.0004,"[0.9996267557144165, 0.00037319742841646075]"
5273,1,49.64%,88.23%,0.0894,"[0.07864651083946228, 0.9213534593582153]"
5274,0,49.63%,88.23%,0.0005,"[0.9992726445198059, 0.0007273589726537466]"
5275,1,49.64%,88.23%,0.0481,"[0.05197368189692497, 0.9480262994766235]"
5276,1,49.65%,88.23%,0.0305,"[0.03013494238257408, 0.9698650240898132]"
5277,1,49.66%,88.23%,0.4311,"[0.3670775592327118, 0.6329224705696106]"
5278,0,49.65%,88.24%,0.0011,"[0.9995414018630981, 0.0004586763388942927]"
5279,0,49.64%,88.24%,0.0001,"[0.9998403787612915, 0.00015963055193424225]"
5280,0,49.63%,88.24%,0.0003,"[0.9996768236160278, 0.0003231565933674574]"
5281,0,49.62%,88.24%,0.0008,"[0.9987101554870605, 0.0012898588320240378]"
5282,0,49.61%,88.25%,0.0027,"[0.9932214021682739, 0.006778641138225794]"
5283,0,49.60%,88.25%,0.0058,"[0.9614181518554688, 0.038581784814596176]"
5284,0,49.59%,88.25%,0.0069,"[0.9923330545425415, 0.007666999474167824]"
5285,0,49.58%,88.25%,0.0010,"[0.9992897510528564, 0.000710279680788517]"
5286,0,49.57%,88.25%,0.0017,"[0.998985230922699, 0.0010147957364097238]"
5287,1,49.58%,88.26%,0.0839,"[0.05335092917084694, 0.9466491341590881]"
5288,1,49.59%,88.26%,0.0243,"[0.022902576252818108, 0.9770973920822144]"
5289,0,49.58%,88.26%,0.0010,"[0.9994864463806152, 0.00051356281619519]"
5290,0,49.57%,88.26%,0.0016,"[0.993705689907074, 0.0062943147495388985]"
5291,1,49.58%,88.27%,0.0200,"[0.020269107073545456, 0.9797309041023254]"
5292,1,49.59%,88.27%,0.0339,"[0.036323532462120056, 0.9636764526367188]"
5293,1,49.60%,88.27%,0.0187,"[0.01805233396589756, 0.981947660446167]"
5294,0,49.59%,88.27%,0.0250,"[0.9793548583984375, 0.020645180717110634]"
5295,0,49.58%,88.27%,0.0400,"[0.9921925663948059, 0.007807500194758177]"
5296,1,49.59%,88.28%,0.0160,"[0.016765402629971504, 0.9832346439361572]"
5297,1,49.60%,88.28%,0.0308,"[0.03420839458703995, 0.9657915830612183]"
5298,0,49.59%,88.28%,0.0002,"[0.9997939467430115, 0.00020606123143807054]"
5299,1,49.60%,88.28%,0.0176,"[0.016287244856357574, 0.9837127923965454]"
5300,0,49.59%,88.29%,0.0008,"[0.9980300068855286, 0.001970024546608329]"
5301,1,49.60%,88.29%,0.0325,"[0.028677860274910927, 0.9713221192359924]"
5302,0,49.59%,88.27%,3.7771,"[0.02328328602015972, 0.9767167568206787]"
5303,0,49.59%,88.25%,1.3238,"[0.11053232103586197, 0.889467716217041]"
5304,0,49.58%,88.26%,0.0373,"[0.9813781976699829, 0.018621765077114105]"
5305,0,49.57%,88.26%,0.0002,"[0.9997592568397522, 0.00024069540086202323]"
5306,0,49.56%,88.26%,0.0004,"[0.9993226528167725, 0.0006773607456125319]"
5307,0,49.55%,88.26%,0.0001,"[0.9998623132705688, 0.00013763862079940736]"
5308,0,49.54%,88.25%,2.3750,"[0.07076037675142288, 0.9292396903038025]"
5309,0,49.53%,88.25%,0.0001,"[0.9999150037765503, 8.494491339661181e-05]"
5310,0,49.52%,88.23%,2.9489,"[0.06017220765352249, 0.9398277997970581]"
5311,1,49.53%,88.23%,0.0504,"[0.051157720386981964, 0.9488422274589539]"
5312,0,49.52%,88.24%,0.0001,"[0.9998099207878113, 0.00019006052752956748]"
5313,1,49.53%,88.24%,0.0321,"[0.03273780271410942, 0.9672621488571167]"
5314,0,49.52%,88.24%,0.0001,"[0.9998781681060791, 0.00012187392712803558]"
5315,1,49.53%,88.24%,0.0307,"[0.03207162022590637, 0.9679283499717712]"
5316,1,49.54%,88.25%,0.0913,"[0.08935285359621048, 0.9106470942497253]"
5317,0,49.53%,88.25%,0.0001,"[0.9998812675476074, 0.00011871979950228706]"
5318,0,49.52%,88.25%,0.0001,"[0.999897837638855, 0.00010220694093732163]"
5319,1,49.53%,88.25%,0.1219,"[0.11620469391345978, 0.8837953209877014]"
5320,0,49.52%,88.25%,0.0001,"[0.9998762607574463, 0.00012371232151053846]"
5321,1,49.53%,88.26%,0.0346,"[0.033764444291591644, 0.9662355780601501]"
5322,1,49.54%,88.26%,0.0713,"[0.06598564237356186, 0.9340143799781799]"
5323,1,49.55%,88.26%,0.2034,"[0.17348089814186096, 0.8265191316604614]"
5324,1,49.56%,88.26%,0.0358,"[0.03497100621461868, 0.9650290012359619]"
5325,1,49.57%,88.27%,0.0344,"[0.03330804035067558, 0.9666919708251953]"
5326,0,49.56%,88.27%,0.0001,"[0.9999151229858398, 8.490005711792037e-05]"
5327,1,49.57%,88.27%,0.2444,"[0.2169288992881775, 0.7830711603164673]"
5328,0,49.56%,88.27%,0.0001,"[0.9996880292892456, 0.0003120363980997354]"
5329,1,49.57%,88.27%,0.0313,"[0.02985246852040291, 0.9701475501060486]"
5330,1,49.58%,88.28%,0.0618,"[0.0630253255367279, 0.9369747042655945]"
5331,1,49.59%,88.28%,0.0270,"[0.030145153403282166, 0.9698548316955566]"
5332,0,49.58%,88.28%,0.0001,"[0.999860405921936, 0.00013962249795440584]"
5333,0,49.57%,88.28%,0.0001,"[0.9999078512191772, 9.213611338054761e-05]"
5334,1,49.58%,88.28%,0.1486,"[0.13716192543506622, 0.8628380298614502]"
5335,0,49.57%,88.29%,0.0001,"[0.9999243021011353, 7.57417146814987e-05]"
5336,1,49.58%,88.29%,0.0271,"[0.0268467478454113, 0.9731532335281372]"
5337,0,49.57%,88.29%,0.0004,"[0.9997616410255432, 0.00023839733330532908]"
5338,1,49.58%,88.29%,0.1516,"[0.10518722236156464, 0.894812822341919]"
5339,0,49.57%,88.28%,1.9312,"[0.07706614583730698, 0.9229338765144348]"
5340,0,49.56%,88.28%,0.0003,"[0.9997014403343201, 0.0002985530300065875]"
5341,0,49.55%,88.28%,0.0004,"[0.9997783303260803, 0.00022162144887261093]"
5342,0,49.54%,88.27%,1.7206,"[0.25787073373794556, 0.7421292066574097]"
5343,1,49.55%,88.27%,0.0332,"[0.03294429928064346, 0.9670557379722595]"
5344,1,49.56%,88.27%,0.0242,"[0.024551473557949066, 0.9754485487937927]"
5345,0,49.55%,88.27%,0.0041,"[0.9953687191009521, 0.004631318151950836]"
5346,0,49.54%,88.27%,0.0003,"[0.9998385906219482, 0.000161397983902134]"
5347,1,49.55%,88.28%,0.0272,"[0.027396366000175476, 0.9726036190986633]"
5348,0,49.54%,88.26%,3.6078,"[0.027022970840334892, 0.9729770421981812]"
5349,0,49.53%,88.26%,0.0004,"[0.999751627445221, 0.00024841498816385865]"
5350,1,49.54%,88.26%,0.0221,"[0.022070836275815964, 0.9779291749000549]"
5351,0,49.53%,88.25%,1.6757,"[0.14484503865242004, 0.8551549315452576]"
5352,1,49.54%,88.25%,0.0307,"[0.026353590190410614, 0.973646342754364]"
5353,0,49.53%,88.25%,0.0002,"[0.9998363256454468, 0.0001636699598748237]"
5354,1,49.54%,88.25%,0.0573,"[0.05768119543790817, 0.942318856716156]"
5355,1,49.55%,88.26%,0.0451,"[0.04680778458714485, 0.9531921744346619]"
5356,1,49.56%,88.26%,0.0766,"[0.07157935947179794, 0.9284206032752991]"
5357,0,49.55%,88.26%,0.0001,"[0.9998382329940796, 0.00016170914750546217]"
5358,1,49.56%,88.26%,0.0441,"[0.043615374714136124, 0.9563845992088318]"
5359,1,49.57%,88.26%,0.0305,"[0.029138756915926933, 0.9708612561225891]"
5360,1,49.58%,88.25%,0.5715,"[0.500504732131958, 0.499495267868042]"
5361,1,49.59%,88.25%,0.0307,"[0.030258137732744217, 0.9697418212890625]"
5362,1,49.60%,88.25%,0.0289,"[0.02961638569831848, 0.9703835844993591]"
5363,0,49.59%,88.26%,0.0001,"[0.9998007416725159, 0.0001992435281863436]"
5364,0,49.58%,88.24%,3.1805,"[0.04308857023715973, 0.9569114446640015]"
5365,0,49.57%,88.24%,0.0003,"[0.9998538494110107, 0.00014613641542382538]"
5366,0,49.56%,88.24%,0.3466,"[0.8878990411758423, 0.11210097372531891]"
5367,1,49.57%,88.25%,0.0690,"[0.07385586202144623, 0.9261441230773926]"
5368,1,49.58%,88.25%,0.0345,"[0.032833587378263474, 0.9671664834022522]"
5369,1,49.59%,88.25%,0.0339,"[0.033169329166412354, 0.9668307304382324]"
5370,1,49.60%,88.25%,0.0529,"[0.051591500639915466, 0.9484085440635681]"
5371,0,49.59%,88.25%,0.0002,"[0.9997413754463196, 0.00025861372705549]"
5372,1,49.60%,88.26%,0.0348,"[0.033811502158641815, 0.9661884903907776]"
5373,0,49.59%,88.26%,0.0001,"[0.9999200105667114, 8.003364928299561e-05]"
5374,1,49.60%,88.26%,0.0341,"[0.03692099452018738, 0.963079035282135]"
5375,1,49.61%,88.26%,0.2256,"[0.19183489680290222, 0.8081650733947754]"
5376,1,49.62%,88.26%,0.0327,"[0.03199823945760727, 0.9680017232894897]"
5377,1,49.63%,88.27%,0.0564,"[0.046157144010066986, 0.95384281873703]"
5378,1,49.64%,88.27%,0.0936,"[0.0991511195898056, 0.900848925113678]"
5379,0,49.63%,88.27%,0.7085,"[0.6524387001991272, 0.347561240196228]"
5380,0,49.62%,88.25%,2.6194,"[0.06693726778030396, 0.933062732219696]"
5381,1,49.63%,88.24%,1.9613,"[0.9807034730911255, 0.019296495243906975]"
5382,0,49.62%,88.24%,0.0001,"[0.9998527765274048, 0.00014722357445862144]"
5383,1,49.63%,88.24%,0.0305,"[0.02997690811753273, 0.9700230360031128]"
5384,0,49.62%,88.25%,0.0001,"[0.9999216794967651, 7.826164073776454e-05]"
5385,0,49.61%,88.25%,0.0001,"[0.9998735189437866, 0.00012641222565434873]"
5386,0,49.60%,88.25%,0.0002,"[0.9998296499252319, 0.0001703036396065727]"
5387,0,49.59%,88.25%,0.0670,"[0.9693776965141296, 0.03062227927148342]"
5388,1,49.60%,88.25%,0.1174,"[0.10856211185455322, 0.8914378881454468]"
5389,0,49.59%,88.24%,2.8230,"[0.05986763536930084, 0.9401323199272156]"
5390,1,49.60%,88.24%,0.0323,"[0.032323386520147324, 0.9676766395568848]"
5391,0,49.59%,88.24%,0.0002,"[0.999854326248169, 0.00014560256386175752]"
5392,1,49.60%,88.24%,0.1041,"[0.09234046936035156, 0.9076594710350037]"
5393,0,49.59%,88.25%,0.0001,"[0.9999202489852905, 7.972696766955778e-05]"
5394,1,49.60%,88.25%,0.0330,"[0.03173837065696716, 0.9682615995407104]"
5395,0,49.59%,88.25%,0.0001,"[0.9998270869255066, 0.00017298277816735208]"
5396,1,49.60%,88.25%,0.0733,"[0.0649733766913414, 0.9350265860557556]"
5397,1,49.61%,88.25%,0.0703,"[0.06727005541324615, 0.9327298998832703]"
5398,0,49.60%,88.26%,0.0001,"[0.9998832941055298, 0.0001166881193057634]"
5399,1,49.61%,88.26%,0.0463,"[0.04553155228495598, 0.9544683694839478]"
5400,1,49.62%,88.26%,0.0534,"[0.05100470408797264, 0.9489952921867371]"
5401,0,49.61%,88.26%,0.0001,"[0.9998406171798706, 0.0001593686465639621]"
5402,1,49.62%,88.27%,0.0760,"[0.06508152931928635, 0.9349184632301331]"
5403,0,49.61%,88.27%,0.0001,"[0.9999197721481323, 8.019178494578227e-05]"
5404,1,49.62%,88.27%,0.1162,"[0.0896221250295639, 0.9103779196739197]"
5405,1,49.63%,88.27%,0.0504,"[0.0513177365064621, 0.9486822485923767]"
5406,1,49.64%,88.27%,0.0421,"[0.0438651517033577, 0.9561348557472229]"
5407,1,49.65%,88.28%,0.1026,"[0.09988396614789963, 0.9001160264015198]"
5408,0,49.64%,88.28%,0.0017,"[0.9995909333229065, 0.00040903876652009785]"
5409,1,49.65%,88.28%,0.0337,"[0.032136786729097366, 0.9678632020950317]"
5410,0,49.64%,88.28%,0.0024,"[0.9981479644775391, 0.0018520153826102614]"
5411,0,49.63%,88.29%,0.0007,"[0.9994402527809143, 0.0005597106646746397]"
5412,0,49.62%,88.29%,0.0001,"[0.9998748302459717, 0.00012520636664703488]"
5413,1,49.63%,88.29%,0.0236,"[0.024978166446089745, 0.9750218391418457]"
5414,1,49.64%,88.29%,0.0502,"[0.04125441610813141, 0.9587455987930298]"
5415,1,49.65%,88.29%,0.0799,"[0.05955016613006592, 0.9404497742652893]"
5416,1,49.66%,88.30%,0.0222,"[0.021378951147198677, 0.9786210060119629]"
5417,1,49.67%,88.30%,0.0235,"[0.024041814729571342, 0.9759582281112671]"
5418,0,49.66%,88.30%,0.0006,"[0.9992982149124146, 0.0007017656462267041]"
5419,0,49.65%,88.30%,0.0218,"[0.9929947257041931, 0.00700530456379056]"
5420,1,49.66%,88.30%,0.0268,"[0.02379467524588108, 0.9762054085731506]"
5421,0,49.65%,88.31%,0.0006,"[0.9987137317657471, 0.0012862287694588304]"
5422,1,49.66%,88.31%,0.0169,"[0.016653088852763176, 0.9833469390869141]"
5423,1,49.67%,88.31%,0.0194,"[0.019838940352201462, 0.9801610112190247]"
5424,0,49.66%,88.31%,0.0007,"[0.9984114170074463, 0.0015885214088484645]"
5425,0,49.65%,88.32%,0.0139,"[0.9859583973884583, 0.014041653834283352]"
5426,0,49.64%,88.32%,0.0001,"[0.9998890161514282, 0.00011094772344222292]"
5427,0,49.63%,88.32%,0.0011,"[0.9994860887527466, 0.0005138609558343887]"
5428,1,49.64%,88.32%,0.0166,"[0.018246887251734734, 0.9817531108856201]"
5429,1,49.65%,88.32%,0.0154,"[0.015550187788903713, 0.9844498038291931]"
5430,1,49.66%,88.33%,0.0169,"[0.016089681535959244, 0.983910322189331]"
5431,0,49.65%,88.31%,3.9220,"[0.019202060997486115, 0.9807979464530945]"
5432,0,49.64%,88.31%,0.0019,"[0.9981008172035217, 0.0018991620745509863]"
5433,1,49.65%,88.31%,0.0181,"[0.01680430956184864, 0.9831957221031189]"
5434,1,49.66%,88.32%,0.0257,"[0.020019520074129105, 0.9799804091453552]"
5435,1,49.67%,88.32%,0.0216,"[0.023086516186594963, 0.9769135117530823]"
5436,1,49.68%,88.32%,0.0209,"[0.02216096594929695, 0.9778389930725098]"
5437,0,49.67%,88.32%,0.2033,"[0.6677243709564209, 0.3322755694389343]"
5438,1,49.68%,88.33%,0.0178,"[0.01811503805220127, 0.9818850159645081]"
5439,0,49.67%,88.33%,0.0004,"[0.9998754262924194, 0.0001245421590283513]"
5440,0,49.66%,88.31%,3.1994,"[0.04284072667360306, 0.9571592807769775]"
5441,1,49.67%,88.31%,0.0230,"[0.024987997487187386, 0.975011944770813]"
5442,1,49.68%,88.32%,0.0315,"[0.0264100544154644, 0.9735899567604065]"
5443,1,49.69%,88.32%,0.0208,"[0.021190637722611427, 0.9788094162940979]"
5444,1,49.70%,88.32%,0.0241,"[0.021822981536388397, 0.9781769514083862]"
5445,0,49.69%,88.32%,0.0002,"[0.9997528195381165, 0.00024720837245695293]"
5446,1,49.70%,88.32%,0.0243,"[0.023487357422709465, 0.9765126705169678]"
5447,0,49.69%,88.33%,0.0006,"[0.9994059801101685, 0.0005940211704000831]"
5448,1,49.70%,88.33%,0.0290,"[0.023671995848417282, 0.9763279557228088]"
5449,0,49.69%,88.33%,0.0003,"[0.999450147151947, 0.0005498338723555207]"
5450,0,49.68%,88.33%,0.0001,"[0.9998743534088135, 0.00012563401833176613]"
5451,0,49.67%,88.33%,0.0001,"[0.9999042749404907, 9.566818334860727e-05]"
5452,1,49.68%,88.34%,0.0221,"[0.02095828205347061, 0.9790417551994324]"
5453,0,49.67%,88.34%,0.0002,"[0.9997091889381409, 0.0002907972375396639]"
5454,1,49.68%,88.34%,0.0230,"[0.022699952125549316, 0.9773000478744507]"
5455,0,49.67%,88.32%,0.9236,"[0.4239746332168579, 0.5760253667831421]"
5456,1,49.68%,88.33%,0.0234,"[0.024752646684646606, 0.9752473831176758]"
5457,1,49.69%,88.33%,0.0242,"[0.023123448714613914, 0.9768765568733215]"
5458,0,49.68%,88.31%,3.1928,"[0.051135726273059845, 0.948864221572876]"
5459,0,49.67%,88.32%,0.0001,"[0.9998847246170044, 0.00011526945309014991]"
5460,1,49.68%,88.32%,0.1834,"[0.15036241710186005, 0.8496376276016235]"
5461,1,49.69%,88.32%,0.0355,"[0.03174513205885887, 0.9682549238204956]"
5462,1,49.70%,88.32%,0.0660,"[0.035820651799440384, 0.9641793370246887]"
5463,0,49.69%,88.32%,0.0001,"[0.9999326467514038, 6.732932524755597e-05]"
5464,0,49.68%,88.33%,0.0001,"[0.999935507774353, 6.450313958339393e-05]"
5465,1,49.69%,88.31%,1.2435,"[0.6956166625022888, 0.3043833374977112]"
5466,0,49.68%,88.31%,0.0001,"[0.9999375343322754, 6.241440132725984e-05]"
5467,1,49.69%,88.31%,0.0288,"[0.027814093977212906, 0.9721859097480774]"
5468,1,49.70%,88.32%,0.0259,"[0.028407476842403412, 0.9715924859046936]"
5469,0,49.69%,88.32%,0.0001,"[0.9999300241470337, 6.993015267653391e-05]"
5470,1,49.70%,88.32%,0.1114,"[0.07649276405572891, 0.9235072731971741]"
5471,1,49.71%,88.32%,0.0630,"[0.060249194502830505, 0.9397508502006531]"
5472,1,49.72%,88.32%,0.0492,"[0.048844341188669205, 0.9511556625366211]"
5473,1,49.73%,88.33%,0.0295,"[0.02659398689866066, 0.9734060764312744]"
5474,0,49.72%,88.33%,0.0001,"[0.9999316930770874, 6.82639074511826e-05]"
5475,1,49.73%,88.33%,0.0444,"[0.0380711629986763, 0.9619288444519043]"
5476,1,49.74%,88.33%,0.0298,"[0.03109767660498619, 0.9689022898674011]"
5477,1,49.74%,88.34%,0.0389,"[0.03750179708003998, 0.9624982476234436]"
5478,1,49.75%,88.34%,0.0350,"[0.03372609242796898, 0.966273844242096]"
5479,1,49.76%,88.34%,0.0198,"[0.02040603756904602, 0.9795939922332764]"
5480,1,49.77%,88.34%,0.0220,"[0.0189121775329113, 0.9810878038406372]"
5481,1,49.78%,88.34%,0.0261,"[0.02582063153386116, 0.9741793870925903]"
5482,0,49.77%,88.33%,3.5889,"[0.02974688820540905, 0.9702531695365906]"
5483,1,49.78%,88.33%,0.0326,"[0.029737934470176697, 0.9702620506286621]"
5484,0,49.77%,88.33%,0.0006,"[0.9992745518684387, 0.0007254781667143106]"
5485,0,49.76%,88.33%,0.0662,"[0.9757323265075684, 0.024267662316560745]"
5486,1,49.77%,88.34%,0.0202,"[0.019470324739813805, 0.9805296659469604]"
5487,1,49.78%,88.34%,0.0180,"[0.017219053581357002, 0.982780933380127]"
5488,0,49.77%,88.32%,0.2101,"[0.49800410866737366, 0.5019959211349487]"
5489,0,49.76%,88.32%,0.0001,"[0.999910831451416, 8.920793334254995e-05]"
5490,1,49.77%,88.33%,0.0384,"[0.03671669214963913, 0.9632833003997803]"
5491,0,49.76%,88.31%,3.5041,"[0.02752821147441864, 0.9724718332290649]"
5492,0,49.75%,88.31%,0.0001,"[0.9999070167541504, 9.296481584897265e-05]"
5493,1,49.76%,88.31%,0.0364,"[0.03641685098409653, 0.9635831713676453]"
5494,0,49.75%,88.32%,0.0001,"[0.9999216794967651, 7.826468936400488e-05]"
5495,0,49.75%,88.32%,0.0001,"[0.9999004602432251, 9.947158832801506e-05]"
5496,0,49.74%,88.32%,0.0002,"[0.9998090863227844, 0.00019091891590505838]"
5497,1,49.75%,88.30%,0.4191,"[0.6368446946144104, 0.3631553053855896]"
5498,0,49.74%,88.29%,3.0611,"[0.045275431126356125, 0.9547245502471924]"
5499,0,49.73%,88.29%,0.0001,"[0.999919056892395, 8.098386024357751e-05]"
5500,0,49.72%,88.29%,0.0001,"[0.9999300241470337, 6.993515853537247e-05]"
5501,1,49.73%,88.30%,0.0530,"[0.05226956680417061, 0.9477303624153137]"
5502,1,49.74%,88.30%,0.1675,"[0.1803664267063141, 0.8196336030960083]"
5503,1,49.75%,88.30%,0.0929,"[0.09903247654438019, 0.900967538356781]"
5504,0,49.74%,88.30%,0.0002,"[0.9997488856315613, 0.00025108191766776145]"
5505,1,49.75%,88.30%,0.0530,"[0.05261122062802315, 0.9473888278007507]"
5506,0,49.74%,88.31%,0.0001,"[0.999873161315918, 0.00012680944928433746]"
5507,1,49.75%,88.31%,0.0528,"[0.04888336732983589, 0.9511166214942932]"
5508,0,49.74%,88.31%,0.0020,"[0.9994214773178101, 0.0005785098182968795]"
5509,1,49.75%,88.31%,0.0515,"[0.049229077994823456, 0.950770914554596]"
5510,1,49.76%,88.31%,0.0891,"[0.059895168989896774, 0.9401048421859741]"
5511,0,49.75%,88.32%,0.0002,"[0.9998594522476196, 0.00014047595323063433]"
5512,1,49.76%,88.32%,0.0370,"[0.03551866114139557, 0.9644812941551208]"
5513,1,49.76%,88.32%,0.0307,"[0.03276302292943001, 0.9672369360923767]"
5514,1,49.77%,88.32%,0.0409,"[0.04141628369688988, 0.9585837125778198]"
5515,1,49.78%,88.32%,0.0235,"[0.02497304417192936, 0.9750269055366516]"
5516,0,49.77%,88.33%,0.0003,"[0.9993901252746582, 0.0006099057500250638]"
5517,1,49.78%,88.33%,0.0301,"[0.028838826343417168, 0.9711612462997437]"
5518,0,49.77%,88.33%,0.0008,"[0.9968541264533997, 0.0031459436286240816]"
5519,1,49.78%,88.33%,0.0283,"[0.028508208692073822, 0.9714917540550232]"
5520,0,49.77%,88.32%,1.1432,"[0.2054225355386734, 0.7945774793624878]"
5521,0,49.76%,88.30%,1.7490,"[0.0787588432431221, 0.9212411046028137]"
5522,1,49.77%,88.30%,0.0266,"[0.027359740808606148, 0.9726402759552002]"
5523,0,49.76%,88.31%,0.0002,"[0.9998646974563599, 0.00013532077718991786]"
5524,0,49.76%,88.31%,0.0003,"[0.9993984699249268, 0.0006015842081978917]"
5525,1,49.76%,88.31%,0.0655,"[0.12561960518360138, 0.8743804097175598]"
5526,0,49.76%,88.31%,0.0015,"[0.9984728693962097, 0.001527154934592545]"
5527,1,49.76%,88.31%,0.0214,"[0.021198522299528122, 0.9788015484809875]"
5528,0,49.76%,88.30%,0.8389,"[0.12748906016349792, 0.8725109100341797]"
5529,1,49.76%,88.30%,0.0266,"[0.02474476769566536, 0.9752551913261414]"
5530,0,49.76%,88.30%,0.0005,"[0.9840627908706665, 0.01593724824488163]"
5531,0,49.75%,88.29%,0.7753,"[0.15593180060386658, 0.844068169593811]"
5532,0,49.74%,88.29%,0.0001,"[0.9998879432678223, 0.00011209580407012254]"
5533,1,49.75%,88.29%,0.0305,"[0.026945779100060463, 0.9730542302131653]"
5534,0,49.74%,88.29%,0.0004,"[0.9996370077133179, 0.00036300354986451566]"
5535,0,49.73%,88.29%,0.0001,"[0.9998108744621277, 0.0001891441352199763]"
5536,1,49.74%,88.30%,0.0344,"[0.03015400469303131, 0.9698459506034851]"
5537,1,49.75%,88.30%,0.0280,"[0.028062662109732628, 0.9719372987747192]"
5538,1,49.76%,88.30%,3.3410,"[0.24113088846206665, 0.7588691115379333]"
5539,0,49.75%,88.30%,0.0002,"[0.9996494054794312, 0.00035059245419688523]"
5540,0,49.74%,88.31%,0.0001,"[0.9997765421867371, 0.00022347283083945513]"
5541,1,49.75%,88.31%,0.0933,"[0.09270734339952469, 0.9072926044464111]"
5542,0,49.74%,88.31%,0.0001,"[0.9998683929443359, 0.0001315780682489276]"
5543,1,49.75%,88.31%,0.0435,"[0.03928697854280472, 0.9607130289077759]"
5544,0,49.74%,88.31%,0.0006,"[0.9998500347137451, 0.00014991071657277644]"
5545,1,49.75%,88.32%,0.0377,"[0.04459886625409126, 0.9554011225700378]"
5546,0,49.74%,88.30%,3.2559,"[0.03391195461153984, 0.9660879969596863]"
5547,0,49.73%,88.30%,0.0002,"[0.9998596906661987, 0.00014025926066096872]"
5548,0,49.72%,88.30%,0.0001,"[0.9997939467430115, 0.00020602998847607523]"
5549,0,49.71%,88.31%,0.0002,"[0.9998584985733032, 0.0001414451835444197]"
5550,1,49.72%,88.31%,0.0270,"[0.027275919914245605, 0.9727240800857544]"
5551,1,49.73%,88.31%,0.0270,"[0.02708408609032631, 0.9729158878326416]"
5552,1,49.74%,88.29%,0.5060,"[0.7705392241477966, 0.2294607013463974]"
5553,1,49.75%,88.30%,0.0678,"[0.06468795984983444, 0.935312032699585]"
5554,0,49.74%,88.28%,1.1464,"[0.20168961584568024, 0.798310399055481]"
5555,1,49.75%,88.28%,0.0445,"[0.04578251391649246, 0.9542174935340881]"
5556,0,49.74%,88.27%,3.1469,"[0.041219763457775116, 0.9587802290916443]"
5557,0,49.73%,88.27%,0.0001,"[0.9998941421508789, 0.00010585932614048943]"
5558,1,49.74%,88.27%,0.0401,"[0.038091640919446945, 0.9619082808494568]"
5559,0,49.73%,88.27%,0.0002,"[0.9998741149902344, 0.00012588273966684937]"
5560,0,49.72%,88.28%,0.3749,"[0.9937408566474915, 0.00625911820679903]"
5561,1,49.73%,88.28%,0.0819,"[0.08544214814901352, 0.9145578145980835]"
5562,1,49.74%,88.28%,0.0411,"[0.04665892571210861, 0.9533410668373108]"
5563,0,49.73%,88.28%,0.3159,"[0.6604299545288086, 0.3395700752735138]"
5564,0,49.72%,88.28%,0.0001,"[0.9999172687530518, 8.278180757770315e-05]"
5565,1,49.73%,88.29%,3.1657,"[0.4727131426334381, 0.5272868275642395]"
5566,1,49.74%,88.29%,0.0436,"[0.04265384003520012, 0.9573462009429932]"
5567,0,49.73%,88.29%,0.0001,"[0.9999048709869385, 9.510379459243268e-05]"
5568,1,49.74%,88.29%,0.1019,"[0.08873286843299866, 0.9112671613693237]"
5569,0,49.73%,88.28%,2.5517,"[0.08148051053285599, 0.9185194969177246]"
5570,0,49.72%,88.28%,0.0001,"[0.9998526573181152, 0.000147284081322141]"
5571,1,49.73%,88.28%,0.0652,"[0.05983319878578186, 0.9401667714118958]"
5572,1,49.74%,88.28%,0.0410,"[0.041518136858940125, 0.9584818482398987]"
5573,0,49.73%,88.28%,0.0001,"[0.9999089241027832, 9.109006350627169e-05]"
5574,0,49.72%,88.29%,0.0062,"[0.7205029129981995, 0.27949708700180054]"
5575,1,49.73%,88.29%,0.1382,"[0.12365064024925232, 0.8763493895530701]"
5576,1,49.74%,88.29%,0.1003,"[0.09369169920682907, 0.9063082337379456]"
5577,0,49.73%,88.29%,0.0001,"[0.9999486207962036, 5.138279084349051e-05]"
5578,1,49.74%,88.30%,0.0441,"[0.042872972786426544, 0.957127034664154]"
5579,0,49.73%,88.30%,0.0001,"[0.9998434782028198, 0.00015655410243198276]"
5580,0,49.72%,88.28%,2.5686,"[0.08673395216464996, 0.9132660627365112]"
5581,1,49.73%,88.28%,0.0776,"[0.07930556684732437, 0.9206944108009338]"
5582,1,49.74%,88.29%,0.1467,"[0.30312401056289673, 0.6968759298324585]"
5583,0,49.73%,88.29%,0.0036,"[0.8908212184906006, 0.10917874425649643]"
5584,0,49.72%,88.29%,0.0002,"[0.9998432397842407, 0.00015679134230595082]"
5585,0,49.71%,88.29%,0.0001,"[0.999915599822998, 8.437447104370221e-05]"
5586,1,49.72%,88.29%,0.0411,"[0.04112838953733444, 0.9588716626167297]"
5587,0,49.71%,88.30%,0.0001,"[0.9998958110809326, 0.00010422257037134841]"
5588,1,49.72%,88.30%,0.0754,"[0.07254967838525772, 0.9274502992630005]"
5589,0,49.71%,88.30%,0.0066,"[0.9904346466064453, 0.009565411135554314]"
5590,0,49.70%,88.30%,0.0001,"[0.9999294281005859, 7.06030405126512e-05]"
5591,1,49.71%,88.30%,0.0376,"[0.03730707988142967, 0.9626929759979248]"
5592,0,49.70%,88.29%,2.2651,"[0.09879712760448456, 0.9012028574943542]"
5593,0,49.70%,88.29%,0.0002,"[0.9997382760047913, 0.00026173601509071887]"
5594,0,49.69%,88.29%,0.0325,"[0.9904356002807617, 0.009564398787915707]"
5595,0,49.68%,88.30%,0.0001,"[0.9999281167984009, 7.192669727373868e-05]"
5596,1,49.69%,88.30%,0.0776,"[0.07344116270542145, 0.9265588521957397]"
5597,1,49.70%,88.30%,0.0394,"[0.038898441940546036, 0.9611015915870667]"
5598,1,49.71%,88.30%,0.0533,"[0.05764954537153244, 0.9423505067825317]"
5599,0,49.70%,88.30%,0.0002,"[0.9998732805252075, 0.0001267492480110377]"
5600,1,49.71%,88.31%,1.5890,"[0.28081226348876953, 0.7191877365112305]"
5601,0,49.70%,88.31%,0.0001,"[0.9999432563781738, 5.6764285545796156e-05]"
5602,0,49.69%,88.31%,0.0001,"[0.9999464750289917, 5.34646023879759e-05]"
5603,0,49.68%,88.31%,0.0001,"[0.9996540546417236, 0.0003459690196905285]"
5604,1,49.69%,88.31%,0.0304,"[0.0322689451277256, 0.9677309989929199]"
5605,0,49.68%,88.32%,0.0001,"[0.9999167919158936, 8.315697778016329e-05]"
5606,1,49.69%,88.32%,0.0366,"[0.03586873784661293, 0.964131236076355]"
5607,0,49.68%,88.32%,0.0001,"[0.9999165534973145, 8.347829134436324e-05]"
5608,0,49.67%,88.32%,0.0012,"[0.999122679233551, 0.0008773098234087229]"
5609,1,49.68%,88.32%,0.0347,"[0.04686024785041809, 0.9531397819519043]"
5610,1,49.69%,88.33%,0.4903,"[0.2767580449581146, 0.7232419848442078]"
5611,0,49.68%,88.31%,2.8040,"[0.0636514350771904, 0.936348557472229]"
5612,0,49.67%,88.31%,0.0001,"[0.9999063014984131, 9.371550549985841e-05]"
5613,0,49.66%,88.31%,0.0005,"[0.9998112320899963, 0.00018873391672968864]"
5614,1,49.67%,88.32%,0.0756,"[0.06353683769702911, 0.9364631175994873]"
5615,0,49.66%,88.32%,0.0002,"[0.9996694326400757, 0.00033057128894142807]"
5616,1,49.67%,88.32%,0.1443,"[0.18637080490589142, 0.8136292099952698]"
5617,0,49.66%,88.31%,2.5522,"[0.06007452681660652, 0.9399254322052002]"
5618,1,49.67%,88.31%,0.0341,"[0.03353017196059227, 0.9664698243141174]"
5619,0,49.66%,88.31%,0.0002,"[0.9998199343681335, 0.0001800338359316811]"
5620,0,49.65%,88.31%,0.0008,"[0.9966398477554321, 0.0033601566683501005]"
5621,0,49.64%,88.31%,0.0003,"[0.99978107213974, 0.0002189087390433997]"
5622,1,49.65%,88.32%,0.0562,"[0.05931968614459038, 0.9406803250312805]"
5623,1,49.66%,88.32%,0.0491,"[0.043342225253582, 0.9566578269004822]"
5624,0,49.65%,88.32%,0.0026,"[0.9994800686836243, 0.000519963854458183]"
5625,1,49.66%,88.32%,0.0361,"[0.043289367109537125, 0.9567106366157532]"
5626,0,49.65%,88.31%,2.2032,"[0.1056305468082428, 0.8943694829940796]"
5627,1,49.66%,88.31%,0.0762,"[0.06244327872991562, 0.9375567436218262]"
5628,1,49.67%,88.31%,0.0838,"[0.0904562845826149, 0.9095436930656433]"
5629,0,49.66%,88.31%,0.0003,"[0.9996216297149658, 0.00037835753755643964]"
5630,0,49.65%,88.30%,2.2078,"[0.14334873855113983, 0.856651246547699]"
5631,0,49.64%,88.30%,0.0015,"[0.9985944628715515, 0.001405577757395804]"
5632,0,49.64%,88.28%,2.6430,"[0.08429590612649918, 0.9157041311264038]"
5633,1,49.65%,88.29%,0.1623,"[0.18779152631759644, 0.8122084736824036]"
5634,0,49.64%,88.29%,0.0002,"[0.9998202919960022, 0.00017972459318116307]"
5635,0,49.63%,88.29%,0.0001,"[0.9998748302459717, 0.00012513033288996667]"
5636,1,49.64%,88.29%,0.1119,"[0.10474804043769836, 0.895251989364624]"
5637,0,49.63%,88.29%,0.0003,"[0.9997633099555969, 0.00023671379312872887]"
5638,0,49.62%,88.30%,0.0001,"[0.9999309778213501, 6.897164712427184e-05]"
5639,1,49.63%,88.30%,0.0693,"[0.0666433647274971, 0.9333566427230835]"
5640,0,49.62%,88.30%,0.0031,"[0.9944362640380859, 0.005563739687204361]"
5641,0,49.61%,88.30%,0.0007,"[0.9967648983001709, 0.003235145239159465]"
5642,0,49.60%,88.30%,0.0005,"[0.9979865550994873, 0.0020134912338107824]"
5643,1,49.61%,88.31%,0.1277,"[0.10630214959383011, 0.8936978578567505]"
5644,0,49.60%,88.31%,0.0002,"[0.9998501539230347, 0.00014983669098000973]"
5645,0,49.59%,88.31%,0.0001,"[0.9998823404312134, 0.00011764391820179299]"
5646,1,49.60%,88.31%,0.1751,"[0.1924886256456375, 0.8075113296508789]"
5647,1,49.61%,88.31%,0.1774,"[0.20318546891212463, 0.796814501285553]"
5648,0,49.60%,88.32%,0.0002,"[0.9997676014900208, 0.0002323633525520563]"
5649,0,49.59%,88.30%,1.5172,"[0.18695010244846344, 0.813049852848053]"
5650,1,49.60%,88.30%,0.1272,"[0.12441183626651764, 0.8755881190299988]"
5651,0,49.59%,88.31%,0.0006,"[0.9970002770423889, 0.0029996472876518965]"
5652,0,49.58%,88.29%,2.4711,"[0.07038498669862747, 0.9296150207519531]"
5653,1,49.59%,88.29%,0.0427,"[0.04208507761359215, 0.9579149484634399]"
5654,1,49.60%,88.29%,0.0562,"[0.04417554289102554, 0.9558244943618774]"
5655,1,49.61%,88.30%,0.0468,"[0.04459007829427719, 0.9554099440574646]"
5656,1,49.62%,88.30%,0.0690,"[0.06450048089027405, 0.9354994893074036]"
5657,1,49.63%,88.30%,0.0840,"[0.11404534429311752, 0.8859546184539795]"
5658,0,49.62%,88.30%,1.0619,"[0.817417323589325, 0.18258266150951385]"
5659,0,49.61%,88.30%,0.0001,"[0.9999111890792847, 8.877250365912914e-05]"
5660,1,49.62%,88.31%,0.1700,"[0.15132592618465424, 0.8486741185188293]"
5661,0,49.61%,88.31%,0.0001,"[0.9998800754547119, 0.0001199227845063433]"
5662,0,49.60%,88.31%,0.0003,"[0.999695897102356, 0.00030407882877625525]"
5663,1,49.61%,88.31%,0.1401,"[0.12285745143890381, 0.8771425485610962]"
5664,1,49.62%,88.31%,0.0525,"[0.048996489495038986, 0.9510034918785095]"
5665,0,49.61%,88.32%,0.0001,"[0.9998940229415894, 0.00010600367386359721]"
5666,1,49.62%,88.32%,0.1014,"[0.08099540323019028, 0.9190046191215515]"
5667,1,49.63%,88.32%,0.1477,"[0.06738752871751785, 0.9326125383377075]"
5668,1,49.64%,88.32%,0.0529,"[0.07597151398658752, 0.9240285158157349]"
5669,0,49.63%,88.32%,0.0022,"[0.998805046081543, 0.001194996410049498]"
5670,0,49.62%,88.33%,0.0013,"[0.9925131797790527, 0.0074868397787213326]"
5671,1,49.63%,88.33%,0.0538,"[0.06359687447547913, 0.9364030957221985]"
5672,0,49.62%,88.31%,1.5656,"[0.11990922689437866, 0.8800907731056213]"
5673,1,49.63%,88.32%,0.0729,"[0.06698432564735413, 0.9330157041549683]"
5674,1,49.64%,88.32%,0.0449,"[0.04990701377391815, 0.9500929117202759]"
5675,0,49.63%,88.32%,0.0002,"[0.9995077848434448, 0.000492260733153671]"
5676,0,49.62%,88.30%,2.9938,"[0.05124915391206741, 0.9487507939338684]"
5677,1,49.63%,88.31%,0.0866,"[0.08771822601556778, 0.9122818112373352]"
5678,0,49.62%,88.29%,2.6795,"[0.045833952724933624, 0.954166054725647]"
5679,1,49.63%,88.29%,0.0814,"[0.07018666714429855, 0.9298132658004761]"
5680,1,49.64%,88.29%,0.0572,"[0.056099992245435715, 0.9438999891281128]"
5681,0,49.63%,88.30%,0.1328,"[0.9784888029098511, 0.02151118777692318]"
5682,0,49.62%,88.30%,0.0004,"[0.9985774755477905, 0.001422518864274025]"
5683,1,49.63%,88.30%,0.0786,"[0.07992825657129288, 0.9200717806816101]"
5684,1,49.64%,88.30%,0.1087,"[0.11192260682582855, 0.8880773186683655]"
5685,1,49.65%,88.30%,0.1257,"[0.17847593128681183, 0.8215240240097046]"
5686,1,49.66%,88.31%,0.0873,"[0.055256087332963943, 0.9447439312934875]"
5687,1,49.67%,88.31%,0.0743,"[0.08701712638139725, 0.9129828810691833]"
5688,1,49.67%,88.31%,0.1013,"[0.08502831310033798, 0.9149717092514038]"
5689,1,49.68%,88.31%,0.0706,"[0.06847234815359116, 0.9315276741981506]"
5690,0,49.67%,88.31%,0.0020,"[0.9984190464019775, 0.001580915879458189]"
5691,1,49.68%,88.32%,0.0308,"[0.03237712010741234, 0.9676228761672974]"
5692,1,49.69%,88.32%,0.0773,"[0.09683947265148163, 0.9031605124473572]"
5693,1,49.70%,88.32%,0.0453,"[0.03185373917222023, 0.9681462645530701]"
5694,1,49.71%,88.32%,0.0666,"[0.06749211251735687, 0.9325079321861267]"
5695,1,49.72%,88.33%,0.0751,"[0.06462772190570831, 0.9353723526000977]"
5696,0,49.71%,88.33%,0.0008,"[0.998948872089386, 0.0010511677246540785]"
5697,1,49.72%,88.33%,0.0366,"[0.037689559161663055, 0.9623104333877563]"
5698,0,49.71%,88.31%,2.7375,"[0.07608312368392944, 0.9239168763160706]"
5699,1,49.72%,88.32%,0.0231,"[0.021888677030801773, 0.9781112670898438]"
5700,0,49.71%,88.32%,0.0001,"[0.9998927116394043, 0.00010725030733738095]"
5701,1,49.72%,88.32%,0.0378,"[0.03690054267644882, 0.963099479675293]"
5702,1,49.73%,88.32%,0.0339,"[0.03072437457740307, 0.9692756533622742]"
5703,0,49.72%,88.32%,0.0836,"[0.951093316078186, 0.04890663921833038]"
5704,0,49.71%,88.33%,0.0076,"[0.9785491824150085, 0.02145080827176571]"
5705,0,49.70%,88.33%,0.0005,"[0.999839186668396, 0.0001607572048669681]"
5706,1,49.71%,88.33%,0.0270,"[0.028648974373936653, 0.9713510274887085]"
5707,0,49.70%,88.33%,0.0008,"[0.9974449872970581, 0.002555018989369273]"
5708,1,49.71%,88.33%,0.0490,"[0.07091402262449265, 0.9290860295295715]"
5709,0,49.70%,88.34%,0.0009,"[0.9995501637458801, 0.0004498058988247067]"
5710,0,49.69%,88.34%,0.0003,"[0.999797523021698, 0.00020245173072908074]"
5711,0,49.68%,88.34%,0.0003,"[0.9997809529304504, 0.00021905970061197877]"
5712,0,49.68%,88.32%,1.9984,"[0.26183927059173584, 0.7381607890129089]"
5713,0,49.67%,88.31%,3.4897,"[0.0299336239695549, 0.9700663685798645]"
5714,0,49.66%,88.31%,0.0095,"[0.9930887818336487, 0.006911197677254677]"
5715,0,49.65%,88.31%,0.0001,"[0.9999229907989502, 7.700014248257503e-05]"
5716,0,49.64%,88.32%,0.0003,"[0.9997238516807556, 0.0002760902279987931]"
5717,0,49.63%,88.32%,0.0017,"[0.9992324113845825, 0.0007676079985685647]"
5718,1,49.64%,88.32%,0.0277,"[0.028422662988305092, 0.9715772867202759]"
5719,1,49.65%,88.32%,0.0482,"[0.0438612662255764, 0.9561387896537781]"
5720,1,49.66%,88.32%,0.2450,"[0.11333256214857101, 0.8866674304008484]"
5721,0,49.65%,88.33%,0.0003,"[0.9996232986450195, 0.0003767095331568271]"
5722,1,49.66%,88.33%,0.0659,"[0.054236214607954025, 0.9457637667655945]"
5723,1,49.67%,88.33%,0.1205,"[0.127804696559906, 0.872195303440094]"
5724,0,49.66%,88.33%,0.0001,"[0.9999004602432251, 9.950992534868419e-05]"
5725,0,49.65%,88.32%,2.6823,"[0.07911722362041473, 0.9208828210830688]"
5726,1,49.66%,88.32%,0.0482,"[0.04240984842181206, 0.9575901031494141]"
5727,1,49.67%,88.32%,0.0747,"[0.07075780630111694, 0.9292422533035278]"
5728,1,49.68%,88.32%,0.0298,"[0.030048783868551254, 0.9699512720108032]"
5729,0,49.67%,88.32%,0.0001,"[0.9995241165161133, 0.00047590400208719075]"
5730,1,49.68%,88.33%,0.0560,"[0.05200425907969475, 0.9479957818984985]"
5731,1,49.69%,88.33%,0.0644,"[0.05936983972787857, 0.9406301975250244]"
5732,1,49.69%,88.33%,0.0473,"[0.043943747878074646, 0.9560562968254089]"
5733,1,49.70%,88.33%,0.0600,"[0.05443379282951355, 0.9455662369728088]"
5734,0,49.69%,88.33%,0.0002,"[0.9998612403869629, 0.00013877646415494382]"
5735,1,49.70%,88.34%,0.0567,"[0.05663687363266945, 0.9433631896972656]"
5736,0,49.69%,88.32%,3.2244,"[0.03940889611840248, 0.9605911374092102]"
5737,0,49.69%,88.32%,0.0002,"[0.9998701810836792, 0.00012982876796741039]"
5738,1,49.70%,88.33%,0.1147,"[0.061607036739587784, 0.9383929371833801]"
5739,1,49.70%,88.33%,0.2447,"[0.16260552406311035, 0.8373945355415344]"
5740,0,49.70%,88.33%,0.0003,"[0.9997366070747375, 0.00026342461933381855]"
5741,1,49.70%,88.33%,0.0379,"[0.03456582501530647, 0.9654341340065002]"
5742,0,49.70%,88.32%,3.0178,"[0.04763355478644371, 0.9523664116859436]"
5743,1,49.70%,88.32%,0.0408,"[0.042782679200172424, 0.957217276096344]"
5744,1,49.71%,88.32%,0.0360,"[0.03227950632572174, 0.9677205085754395]"
5745,0,49.70%,88.32%,0.0001,"[0.9998804330825806, 0.00011951261694775894]"
5746,0,49.70%,88.32%,0.0003,"[0.999568521976471, 0.00043141283094882965]"
5747,1,49.70%,88.33%,0.0388,"[0.046142514795064926, 0.9538574814796448]"
5748,0,49.70%,88.33%,0.1171,"[0.930080771446228, 0.06991919875144958]"
5749,1,49.70%,88.33%,0.0475,"[0.05261215940117836, 0.9473878741264343]"
5750,1,49.71%,88.33%,0.0364,"[0.03732848912477493, 0.9626715183258057]"
5751,1,49.72%,88.33%,0.0660,"[0.053430695086717606, 0.9465693235397339]"
5752,0,49.71%,88.34%,0.0055,"[0.9991862177848816, 0.0008137235417962074]"
5753,1,49.72%,88.34%,0.0556,"[0.05548249930143356, 0.9445175528526306]"
5754,1,49.73%,88.34%,0.0386,"[0.03714772313833237, 0.9628522992134094]"
5755,1,49.74%,88.34%,0.0264,"[0.026222217828035355, 0.9737778306007385]"
5756,1,49.75%,88.34%,0.0350,"[0.03419521450996399, 0.9658048152923584]"
5757,1,49.76%,88.35%,0.0249,"[0.020750537514686584, 0.9792494177818298]"
5758,1,49.77%,88.35%,0.0257,"[0.023073159158229828, 0.976926863193512]"
5759,1,49.77%,88.35%,0.0235,"[0.02372763864696026, 0.9762724041938782]"
5760,0,49.77%,88.35%,0.0032,"[0.9968233108520508, 0.0031766605097800493]"
5761,1,49.77%,88.35%,0.0395,"[0.03753889724612236, 0.9624611139297485]"
5762,1,49.78%,88.36%,0.0226,"[0.02189238928258419, 0.9781076312065125]"
5763,0,49.77%,88.36%,0.0020,"[0.9972802400588989, 0.00271968892775476]"
5764,0,49.77%,88.36%,0.0007,"[0.9990593791007996, 0.0009406462777405977]"
5765,0,49.76%,88.36%,0.4416,"[0.5895630717277527, 0.41043686866760254]"
5766,0,49.75%,88.35%,1.7691,"[0.09830547124147415, 0.9016944766044617]"
5767,0,49.74%,88.35%,0.0211,"[0.9856056571006775, 0.014394372701644897]"
5768,0,49.73%,88.35%,0.0017,"[0.9974285960197449, 0.002571446355432272]"
5769,0,49.72%,88.34%,2.5427,"[0.09056176990270615, 0.9094381928443909]"
5770,0,49.71%,88.34%,0.0001,"[0.9999403953552246, 5.959277041256428e-05]"
5771,0,49.71%,88.34%,0.0006,"[0.9997432827949524, 0.0002567424380686134]"
5772,1,49.71%,88.34%,0.0287,"[0.02570776268839836, 0.9742921590805054]"
5773,1,49.72%,88.34%,0.0315,"[0.027145780622959137, 0.9728542566299438]"
5774,0,49.71%,88.35%,0.3684,"[0.9928088188171387, 0.007191231474280357]"
5775,1,49.72%,88.33%,0.5950,"[0.5533778071403503, 0.4466221332550049]"
5776,1,49.73%,88.33%,0.0540,"[0.049497343599796295, 0.9505026340484619]"
5777,1,49.74%,88.34%,0.0340,"[0.03317730501294136, 0.9668226838111877]"
5778,0,49.73%,88.34%,0.0001,"[0.999940037727356, 5.991728539811447e-05]"
5779,0,49.72%,88.34%,0.7426,"[0.6742079854011536, 0.3257920444011688]"
5780,1,49.73%,88.34%,0.1833,"[0.14661484956741333, 0.8533851504325867]"
5781,1,49.74%,88.34%,0.1674,"[0.1771601289510727, 0.8228398561477661]"
5782,0,49.73%,88.35%,0.0000,"[0.9999654293060303, 3.459665458649397e-05]"
5783,1,49.74%,88.35%,0.1151,"[0.14837071299552917, 0.8516292572021484]"
5784,1,49.75%,88.35%,0.0647,"[0.062061406672000885, 0.9379386305809021]"
5785,0,49.74%,88.35%,0.0001,"[0.9999469518661499, 5.3071889851707965e-05]"
5786,1,49.75%,88.35%,0.0320,"[0.028398334980010986, 0.9716017246246338]"
5787,0,49.74%,88.36%,0.0107,"[0.9651833176612854, 0.03481665253639221]"
5788,0,49.73%,88.36%,0.0001,"[0.999933123588562, 6.68192224111408e-05]"
5789,1,49.74%,88.36%,0.0721,"[0.08299990743398666, 0.9170001149177551]"
5790,1,49.75%,88.36%,0.3817,"[0.17475421726703644, 0.82524573802948]"
5791,0,49.74%,88.36%,0.0001,"[0.9999374151229858, 6.252448656596243e-05]"
5792,1,49.75%,88.37%,0.0368,"[0.05323512852191925, 0.9467649459838867]"
5793,1,49.76%,88.37%,0.1007,"[0.11672329902648926, 0.8832767009735107]"
5794,0,49.75%,88.35%,3.6798,"[0.034204740077257156, 0.9657952785491943]"
5795,1,49.76%,88.35%,0.0212,"[0.021403249353170395, 0.9785968065261841]"
5796,0,49.75%,88.36%,0.0001,"[0.9999133348464966, 8.66451082401909e-05]"
5797,0,49.74%,88.34%,2.0659,"[0.034355416893959045, 0.9656446576118469]"
5798,1,49.75%,88.34%,0.0248,"[0.02374422550201416, 0.9762558341026306]"
5799,0,49.74%,88.34%,0.2301,"[0.9358622431755066, 0.06413771957159042]"
5800,0,49.73%,88.35%,0.0001,"[0.9999532699584961, 4.6717101213289425e-05]"
5801,0,49.72%,88.35%,0.0001,"[0.9998917579650879, 0.00010827430378412828]"
5802,1,49.73%,88.35%,0.0248,"[0.024140948429703712, 0.9758589863777161]"
5803,0,49.72%,88.35%,0.0497,"[0.6685858964920044, 0.3314140737056732]"
5804,1,49.73%,88.35%,0.3121,"[0.14665153622627258, 0.853348433971405]"
5805,1,49.74%,88.36%,0.0866,"[0.06606192141771317, 0.9339381456375122]"
5806,1,49.75%,88.36%,0.0524,"[0.04376845806837082, 0.9562315344810486]"
5807,1,49.76%,88.36%,0.0335,"[0.0267160777002573, 0.9732839465141296]"
5808,0,49.75%,88.36%,0.0003,"[0.9995768666267395, 0.000423161662183702]"
5809,0,49.74%,88.35%,3.1938,"[0.04946163296699524, 0.9505383968353271]"
5810,0,49.73%,88.35%,0.0003,"[0.9997960925102234, 0.00020394085731822997]"
5811,1,49.74%,88.35%,0.0244,"[0.027892330661416054, 0.9721077084541321]"
5812,0,49.73%,88.35%,0.0000,"[0.999962568283081, 3.747160008060746e-05]"
5813,1,49.74%,88.36%,0.0244,"[0.02345794066786766, 0.9765421152114868]"
5814,0,49.73%,88.36%,0.0001,"[0.9999487400054932, 5.1233851991128176e-05]"
5815,0,49.72%,88.34%,2.7886,"[0.056798212230205536, 0.9432017207145691]"
5816,1,49.73%,88.34%,0.0743,"[0.05911337584257126, 0.9408866167068481]"
5817,0,49.72%,88.35%,0.0000,"[0.9999605417251587, 3.9489634218625724e-05]"
5818,1,49.73%,88.35%,0.0629,"[0.06807000935077667, 0.9319299459457397]"
5819,1,49.74%,88.35%,0.0286,"[0.027760561555624008, 0.9722394347190857]"
5820,1,49.75%,88.35%,0.0284,"[0.02765997126698494, 0.9723400473594666]"
5821,1,49.76%,88.35%,0.1684,"[0.1616484522819519, 0.8383516073226929]"
5822,0,49.75%,88.36%,0.0000,"[0.9999516010284424, 4.8451198381371796e-05]"
5823,0,49.74%,88.36%,0.1012,"[0.9388506412506104, 0.06114937365055084]"
5824,1,49.75%,88.36%,0.0272,"[0.026912426576018333, 0.97308748960495]"
5825,1,49.76%,88.36%,0.0590,"[0.04827740788459778, 0.9517226219177246]"
5826,0,49.75%,88.35%,0.0449,"[0.14590996503829956, 0.8540899753570557]"
5827,0,49.74%,88.35%,0.0000,"[0.9999253749847412, 7.464508234988898e-05]"
5828,0,49.73%,88.35%,0.0000,"[0.9999375343322754, 6.251280865399167e-05]"
5829,0,49.73%,88.35%,0.0001,"[0.9999368190765381, 6.315971404546872e-05]"
5830,0,49.72%,88.36%,0.0000,"[0.9999651908874512, 3.484834815026261e-05]"
5831,1,49.73%,88.36%,0.0499,"[0.042981334030628204, 0.9570186138153076]"
5832,0,49.72%,88.36%,0.0001,"[0.9999387264251709, 6.131546979304403e-05]"
5833,1,49.73%,88.36%,0.0370,"[0.03459186106920242, 0.9654081463813782]"
5834,0,49.72%,88.36%,0.0001,"[0.9999308586120605, 6.910383672220632e-05]"
5835,0,49.71%,88.37%,0.0000,"[0.9999567270278931, 4.3213327444391325e-05]"
5836,1,49.72%,88.37%,0.0388,"[0.03933039307594299, 0.9606695771217346]"
5837,1,49.73%,88.37%,0.0733,"[0.11288758367300034, 0.8871124386787415]"
5838,0,49.72%,88.37%,0.0000,"[0.9999266862869263, 7.334207475651056e-05]"
5839,0,49.71%,88.36%,3.3874,"[0.03723664954304695, 0.9627633094787598]"
5840,0,49.70%,88.36%,0.0131,"[0.9980418682098389, 0.001958048902451992]"
5841,0,49.69%,88.36%,0.0000,"[0.9999650716781616, 3.48677858710289e-05]"
5842,1,49.70%,88.36%,0.0312,"[0.030537690967321396, 0.9694622755050659]"
5843,1,49.71%,88.36%,0.5519,"[0.07469962537288666, 0.9253003001213074]"
5844,0,49.70%,88.37%,0.0001,"[0.9999191761016846, 8.077761594904587e-05]"
5845,0,49.69%,88.37%,0.0002,"[0.9999191761016846, 8.080881525529549e-05]"
5846,1,49.70%,88.37%,0.0582,"[0.06272290647029877, 0.9372770190238953]"
5847,1,49.71%,88.37%,0.0777,"[0.0821244865655899, 0.9178754687309265]"
5848,0,49.70%,88.37%,0.0000,"[0.999966025352478, 3.402952279429883e-05]"
5849,1,49.71%,88.38%,0.0502,"[0.047726184129714966, 0.9522738456726074]"
5850,1,49.72%,88.38%,0.0333,"[0.03231833130121231, 0.9676817059516907]"
5851,1,49.73%,88.38%,0.0568,"[0.0547579824924469, 0.9452420473098755]"
5852,1,49.74%,88.38%,0.0190,"[0.018987711519002914, 0.9810123443603516]"
5853,0,49.73%,88.38%,0.0000,"[0.9999599456787109, 4.0015424019657075e-05]"
5854,1,49.74%,88.39%,0.0502,"[0.04277646169066429, 0.9572234749794006]"
5855,0,49.73%,88.39%,0.7135,"[0.9612613916397095, 0.03873860090970993]"
5856,0,49.72%,88.37%,2.7458,"[0.05852320417761803, 0.9414767622947693]"
5857,0,49.71%,88.36%,3.1199,"[0.03745846077799797, 0.9625415205955505]"
5858,1,49.72%,88.36%,0.0485,"[0.039202731102705, 0.9607973098754883]"
5859,0,49.71%,88.36%,0.0000,"[0.9999691247940063, 3.0824117857264355e-05]"
5860,1,49.72%,88.36%,0.1594,"[0.0971246138215065, 0.9028753638267517]"
5861,1,49.73%,88.37%,0.0406,"[0.03944795951247215, 0.9605520963668823]"
5862,1,49.74%,88.37%,0.0837,"[0.06441956013441086, 0.9355804324150085]"
5863,0,49.73%,88.37%,0.0000,"[0.9999679327011108, 3.204194945283234e-05]"
5864,1,49.74%,88.37%,0.0294,"[0.02957107499241829, 0.9704289436340332]"
5865,0,49.73%,88.36%,3.1976,"[0.046697359532117844, 0.9533026814460754]"
5866,1,49.74%,88.36%,0.0675,"[0.05185260623693466, 0.9481474161148071]"
5867,0,49.73%,88.36%,0.0015,"[0.9982434511184692, 0.0017565833404660225]"
5868,1,49.74%,88.36%,0.0305,"[0.03286661207675934, 0.9671333432197571]"
5869,0,49.73%,88.36%,0.0001,"[0.9999315738677979, 6.846536416560411e-05]"
5870,1,49.74%,88.35%,0.7790,"[0.5125368237495422, 0.48746317625045776]"
5871,0,49.73%,88.35%,0.0001,"[0.9999562501907349, 4.3766161979874596e-05]"
5872,0,49.72%,88.35%,0.0001,"[0.9998617172241211, 0.0001382271875627339]"
5873,1,49.73%,88.36%,0.0508,"[0.0492713563144207, 0.9507286548614502]"
5874,1,49.74%,88.36%,0.0532,"[0.05218380689620972, 0.9478161334991455]"
5875,1,49.74%,88.36%,0.0279,"[0.028068004176020622, 0.9719319939613342]"
5876,0,49.74%,88.36%,0.0001,"[0.9999349117279053, 6.511808169307187e-05]"
5877,1,49.74%,88.36%,0.0282,"[0.027708135545253754, 0.9722919464111328]"
5878,1,49.75%,88.37%,0.0425,"[0.04059353843331337, 0.9594064950942993]"
5879,0,49.74%,88.37%,0.0001,"[0.9999508857727051, 4.910651841782965e-05]"
5880,0,49.74%,88.37%,0.0001,"[0.9999425411224365, 5.741846689488739e-05]"
5881,1,49.74%,88.37%,0.0635,"[0.05629141628742218, 0.943708598613739]"
5882,1,49.75%,88.37%,0.0454,"[0.04152916744351387, 0.95847088098526]"
5883,0,49.75%,88.38%,0.0001,"[0.9998884201049805, 0.00011159390123793855]"
5884,0,49.74%,88.36%,2.4408,"[0.086160808801651, 0.9138392210006714]"
5885,1,49.75%,88.36%,0.0354,"[0.0427287295460701, 0.9572712182998657]"
5886,0,49.74%,88.36%,0.0017,"[0.9958940744400024, 0.0041059753857553005]"
5887,0,49.73%,88.37%,0.0001,"[0.999903678894043, 9.63602724368684e-05]"
5888,1,49.74%,88.37%,0.0234,"[0.023848025128245354, 0.9761520028114319]"
5889,0,49.73%,88.37%,0.0207,"[0.9980310797691345, 0.001968862023204565]"
5890,0,49.72%,88.37%,0.0001,"[0.9998940229415894, 0.0001059071728377603]"
5891,0,49.71%,88.36%,3.1006,"[0.04030227288603783, 0.9596976637840271]"
5892,1,49.72%,88.36%,0.0465,"[0.040676556527614594, 0.9593234062194824]"
5893,0,49.71%,88.36%,0.0001,"[0.9999146461486816, 8.532509673386812e-05]"
5894,0,49.70%,88.36%,0.0000,"[0.9999628067016602, 3.721416578628123e-05]"
5895,1,49.71%,88.36%,0.0256,"[0.026393642649054527, 0.9736063480377197]"
5896,0,49.70%,88.37%,0.0000,"[0.9999668598175049, 3.31934897985775e-05]"
5897,1,49.71%,88.37%,0.0278,"[0.027270138263702393, 0.9727298021316528]"
5898,0,49.70%,88.37%,0.0000,"[0.9999568462371826, 4.313855606596917e-05]"
5899,1,49.71%,88.37%,0.0309,"[0.02833995595574379, 0.9716600179672241]"
5900,0,49.70%,88.37%,0.0721,"[0.6906971335411072, 0.3093028962612152]"
5901,0,49.70%,88.38%,0.0001,"[0.9998772144317627, 0.0001228095352416858]"
5902,1,49.70%,88.38%,0.0339,"[0.03501728177070618, 0.9649826884269714]"
5903,0,49.70%,88.38%,0.0000,"[0.9999672174453735, 3.2761574402684346e-05]"
5904,1,49.70%,88.37%,2.4092,"[0.9316486120223999, 0.06835135817527771]"
5905,0,49.70%,88.35%,2.5563,"[0.06285770982503891, 0.9371423125267029]"
5906,1,49.70%,88.35%,0.0327,"[0.03300014138221741, 0.966999888420105]"
5907,1,49.71%,88.35%,0.0343,"[0.03137561306357384, 0.9686244130134583]"
5908,0,49.70%,88.36%,0.0001,"[0.9999366998672485, 6.330032192636281e-05]"
5909,0,49.70%,88.36%,0.0000,"[0.999962568283081, 3.743192064575851e-05]"
5910,0,49.69%,88.34%,2.6306,"[0.06883369386196136, 0.9311662912368774]"
5911,1,49.70%,88.35%,0.0583,"[0.07472624629735947, 0.9252737760543823]"
5912,0,49.69%,88.35%,0.0000,"[0.9999659061431885, 3.4108634281437844e-05]"
5913,0,49.68%,88.35%,0.0001,"[0.9999322891235352, 6.773917993996292e-05]"
5914,1,49.69%,88.35%,0.0471,"[0.04684688150882721, 0.9531530737876892]"
5915,1,49.70%,88.35%,0.0958,"[0.08896216005086899, 0.9110378623008728]"
5916,0,49.69%,88.36%,0.0000,"[0.9999510049819946, 4.900140629615635e-05]"
5917,0,49.68%,88.36%,0.0001,"[0.9999339580535889, 6.606234819628298e-05]"
5918,0,49.67%,88.36%,0.0000,"[0.9999654293060303, 3.462590029812418e-05]"
5919,0,49.66%,88.36%,0.0001,"[0.9998923540115356, 0.00010765669139800593]"
5920,1,49.67%,88.36%,0.1622,"[0.15129411220550537, 0.8487058877944946]"
5921,0,49.66%,88.37%,0.0000,"[0.9999572038650513, 4.2838884837692603e-05]"
5922,1,49.67%,88.37%,0.0470,"[0.04614339396357536, 0.9538565874099731]"
5923,1,49.68%,88.37%,0.0566,"[0.05425720289349556, 0.9457427859306335]"
5924,0,49.67%,88.37%,0.0000,"[0.9999668598175049, 3.313864363008179e-05]"
5925,0,49.66%,88.37%,0.0001,"[0.9999208450317383, 7.916401227703318e-05]"
5926,0,49.65%,88.38%,0.0000,"[0.9999539852142334, 4.599903695634566e-05]"
5927,0,49.65%,88.38%,0.0003,"[0.9997881054878235, 0.00021190980623941869]"
5928,1,49.65%,88.38%,0.0587,"[0.0698552280664444, 0.930144727230072]"
5929,1,49.66%,88.38%,0.0650,"[0.07252035290002823, 0.92747962474823]"
5930,1,49.67%,88.38%,0.0294,"[0.029663236811757088, 0.9703367948532104]"
5931,0,49.66%,88.39%,0.0001,"[0.999932050704956, 6.790344923501834e-05]"
5932,1,49.67%,88.39%,0.0547,"[0.04782683029770851, 0.9521732330322266]"
5933,1,49.68%,88.39%,0.0255,"[0.02621345780789852, 0.9737865328788757]"
5934,0,49.67%,88.39%,0.0000,"[0.99994957447052, 5.037334267399274e-05]"
5935,1,49.68%,88.39%,0.0532,"[0.04376986250281334, 0.956230103969574]"
5936,1,49.69%,88.39%,0.0241,"[0.02228885143995285, 0.9777111411094666]"
5937,0,49.68%,88.38%,1.1393,"[0.24179963767528534, 0.7582003474235535]"
5938,1,49.69%,88.38%,0.0358,"[0.029239406809210777, 0.9707605838775635]"
5939,1,49.70%,88.38%,0.0319,"[0.0275700893253088, 0.9724298715591431]"
5940,0,49.69%,88.39%,0.0001,"[0.9998193383216858, 0.00018067665223497897]"
5941,1,49.70%,88.39%,0.0204,"[0.020845433697104454, 0.9791545271873474]"
5942,1,49.71%,88.39%,0.0450,"[0.04268626868724823, 0.9573137164115906]"
5943,0,49.70%,88.39%,0.0001,"[0.9999518394470215, 4.810649261344224e-05]"
5944,0,49.69%,88.39%,0.0000,"[0.9999536275863647, 4.6339504478964955e-05]"
5945,0,49.68%,88.40%,0.0001,"[0.9999222755432129, 7.774408004479483e-05]"
5946,0,49.67%,88.40%,0.0001,"[0.9998965263366699, 0.00010348606883781031]"
5947,1,49.68%,88.40%,0.0305,"[0.030944008380174637, 0.9690560102462769]"
5948,0,49.67%,88.40%,0.0001,"[0.9997106194496155, 0.0002894019416999072]"
5949,0,49.66%,88.40%,0.0001,"[0.9999353885650635, 6.464680336648598e-05]"
5950,0,49.66%,88.41%,0.0001,"[0.9999369382858276, 6.306846626102924e-05]"
5951,1,49.66%,88.41%,0.0173,"[0.016993312165141106, 0.9830066561698914]"
5952,0,49.66%,88.41%,0.0000,"[0.9999526739120483, 4.72735300718341e-05]"
5953,1,49.66%,88.41%,0.0164,"[0.01734982430934906, 0.982650101184845]"
5954,1,49.67%,88.41%,0.0269,"[0.024995991960167885, 0.9750040173530579]"
5955,0,49.66%,88.42%,0.0001,"[0.9999502897262573, 4.9710983148543164e-05]"
5956,0,49.66%,88.40%,3.4194,"[0.02745959535241127, 0.9725403785705566]"
5957,1,49.66%,88.40%,0.0228,"[0.02435622736811638, 0.9756438136100769]"
5958,0,49.66%,88.40%,0.0001,"[0.9999526739120483, 4.7358589654322714e-05]"
5959,1,49.66%,88.41%,0.0314,"[0.0351778119802475, 0.9648221731185913]"
5960,1,49.67%,88.41%,0.0345,"[0.02803916670382023, 0.9719608426094055]"
5961,1,49.68%,88.41%,0.0222,"[0.018704429268836975, 0.9812955260276794]"
5962,0,49.67%,88.41%,0.0001,"[0.9998944997787476, 0.00010554696200415492]"
5963,0,49.66%,88.41%,0.0002,"[0.9998575448989868, 0.00014240034215617925]"
5964,0,49.66%,88.40%,2.9426,"[0.05384243652224541, 0.9461575150489807]"
5965,0,49.65%,88.40%,0.0000,"[0.9999662637710571, 3.371599450474605e-05]"
5966,0,49.64%,88.40%,0.0089,"[0.9967876672744751, 0.003212348558008671]"
5967,1,49.65%,88.40%,0.0218,"[0.019762670621275902, 0.9802373051643372]"
5968,1,49.66%,88.41%,0.0630,"[0.06105814874172211, 0.9389418363571167]"
5969,1,49.66%,88.41%,0.0547,"[0.05400689318776131, 0.9459931254386902]"
5970,1,49.67%,88.41%,0.0919,"[0.06341009587049484, 0.9365899562835693]"
5971,0,49.67%,88.41%,0.0050,"[0.9984669089317322, 0.001533046830445528]"
5972,1,49.67%,88.40%,1.6582,"[0.9547622799873352, 0.045237693935632706]"
5973,1,49.68%,88.40%,0.0452,"[0.04696659371256828, 0.953033447265625]"
5974,1,49.69%,88.40%,0.0625,"[0.060918960720300674, 0.9390810132026672]"
5975,1,49.70%,88.40%,0.0195,"[0.019061123952269554, 0.9809389114379883]"
5976,1,49.71%,88.41%,0.0462,"[0.05670668184757233, 0.9432933926582336]"
5977,0,49.70%,88.41%,0.0000,"[0.9999575614929199, 4.2490933992667124e-05]"
5978,0,49.69%,88.41%,0.0000,"[0.9999552965164185, 4.474110755836591e-05]"
5979,1,49.70%,88.41%,0.0324,"[0.03782791644334793, 0.9621720910072327]"
5980,0,49.69%,88.41%,0.0001,"[0.9999446868896484, 5.527603207156062e-05]"
5981,0,49.68%,88.42%,0.0004,"[0.9991703033447266, 0.0008296951418742537]"
5982,0,49.67%,88.42%,0.0024,"[0.9993155002593994, 0.0006844915333203971]"
5983,1,49.68%,88.42%,0.0174,"[0.017225155606865883, 0.9827747941017151]"
5984,1,49.69%,88.42%,0.0264,"[0.031474191695451736, 0.968525767326355]"
5985,1,49.70%,88.42%,0.0144,"[0.01409981306642294, 0.9859002232551575]"
5986,1,49.71%,88.42%,0.0187,"[0.019237549975514412, 0.9807624220848083]"
5987,1,49.72%,88.43%,0.0136,"[0.01371307484805584, 0.9862869381904602]"
5988,0,49.71%,88.43%,0.0001,"[0.9994673132896423, 0.0005326982354745269]"
5989,0,49.70%,88.43%,0.0001,"[0.999946117401123, 5.391937884269282e-05]"
5990,0,49.69%,88.43%,0.0001,"[0.9999126195907593, 8.740642806515098e-05]"
5991,1,49.70%,88.43%,0.0160,"[0.013381117023527622, 0.9866189360618591]"
5992,0,49.69%,88.42%,1.2218,"[0.08394797146320343, 0.9160520434379578]"
5993,0,49.68%,88.42%,0.0002,"[0.9997484087944031, 0.0002516196691431105]"
5994,0,49.67%,88.42%,0.0001,"[0.9999409914016724, 5.9051057178294286e-05]"
5995,0,49.67%,88.43%,0.0007,"[0.9996699094772339, 0.00033013889333233237]"
5996,0,49.66%,88.43%,0.0003,"[0.9990460276603699, 0.0009539005695842206]"
5997,1,49.67%,88.43%,0.0141,"[0.013153127394616604, 0.9868468642234802]"
5998,1,49.67%,88.43%,0.0152,"[0.01414727233350277, 0.9858527183532715]"
5999,1,49.68%,88.43%,0.0171,"[0.01528878603130579, 0.984711229801178]"
6000,0,49.68%,88.42%,3.8266,"[0.021200845018029213, 0.9787991046905518]"
6001,0,49.67%,88.42%,0.0000,"[0.9999523162841797, 4.768737926497124e-05]"
6002,0,49.66%,88.42%,0.0000,"[0.9999620914459229, 3.795402153627947e-05]"
6003,0,49.65%,88.42%,0.0001,"[0.9998974800109863, 0.0001025538076646626]"
6004,1,49.66%,88.43%,0.0332,"[0.03061755746603012, 0.9693824052810669]"
6005,1,49.67%,88.43%,0.0156,"[0.015410647727549076, 0.9845893979072571]"
6006,1,49.68%,88.43%,0.0280,"[0.030100153759121895, 0.9698997735977173]"
6007,0,49.67%,88.42%,3.6070,"[0.027311449870467186, 0.9726885557174683]"
6008,1,49.68%,88.42%,0.0341,"[0.030849836766719818, 0.9691501259803772]"
6009,0,49.67%,88.42%,0.0003,"[0.999756395816803, 0.00024354588822461665]"
6010,1,49.68%,88.42%,0.0340,"[0.021547650918364525, 0.9784523844718933]"
6011,1,49.68%,88.42%,0.0194,"[0.019177434965968132, 0.9808226227760315]"
6012,0,49.68%,88.43%,0.0001,"[0.9998965263366699, 0.00010348804062232375]"
6013,0,49.67%,88.43%,0.0001,"[0.9999430179595947, 5.7011715398402885e-05]"
6014,1,49.68%,88.43%,0.0420,"[0.03977954760193825, 0.960220456123352]"
6015,0,49.67%,88.43%,0.0672,"[0.9981069564819336, 0.0018930057995021343]"
6016,1,49.68%,88.43%,0.0564,"[0.060192838311195374, 0.9398071765899658]"
6017,0,49.67%,88.42%,2.9496,"[0.05385085940361023, 0.9461491107940674]"
6018,0,49.66%,88.42%,0.0000,"[0.9999581575393677, 4.189411993138492e-05]"
6019,1,49.67%,88.42%,0.1189,"[0.11629544198513031, 0.8837045431137085]"
6020,1,49.68%,88.42%,0.1103,"[0.11432680487632751, 0.8856732249259949]"
6021,0,49.67%,88.43%,0.0001,"[0.9999300241470337, 6.991162081249058e-05]"
6022,1,49.68%,88.43%,2.0389,"[0.4528783857822418, 0.5471215844154358]"
6023,1,49.68%,88.43%,0.0245,"[0.024274108931422234, 0.9757258892059326]"
6024,0,49.68%,88.43%,0.0000,"[0.9999500513076782, 4.9904960178537294e-05]"
6025,1,49.68%,88.42%,3.0627,"[0.9617940187454224, 0.03820590302348137]"
6026,1,49.69%,88.42%,0.0220,"[0.021829111501574516, 0.9781709313392639]"
6027,1,49.70%,88.42%,0.0214,"[0.0211423859000206, 0.9788575768470764]"
6028,1,49.71%,88.42%,0.0452,"[0.043655116111040115, 0.9563449025154114]"
6029,1,49.72%,88.41%,1.0679,"[0.9534106850624084, 0.04658925533294678]"
6030,0,49.71%,88.41%,0.0001,"[0.9999374151229858, 6.262127863010392e-05]"
6031,0,49.70%,88.41%,0.0002,"[0.9997395873069763, 0.0002603832399472594]"
6032,1,49.71%,88.41%,0.0512,"[0.0459795743227005, 0.9540204405784607]"
6033,1,49.72%,88.42%,0.0597,"[0.045172590762376785, 0.9548274874687195]"
6034,0,49.71%,88.42%,0.0001,"[0.9999237060546875, 7.622878183610737e-05]"
6035,0,49.70%,88.42%,0.0002,"[0.9997938275337219, 0.00020614710228983313]"
6036,1,49.71%,88.42%,0.0167,"[0.01642162911593914, 0.9835783243179321]"
6037,1,49.72%,88.42%,0.0142,"[0.014572180807590485, 0.9854277968406677]"
6038,1,49.73%,88.43%,0.0228,"[0.023133456707000732, 0.9768665432929993]"
6039,0,49.72%,88.41%,3.8700,"[0.02108021453022957, 0.9789197444915771]"
6040,0,49.71%,88.41%,0.0454,"[0.9637647271156311, 0.03623529151082039]"
6041,1,49.72%,88.41%,0.0223,"[0.022209402173757553, 0.9777905344963074]"
6042,0,49.71%,88.42%,0.0005,"[0.9987926483154297, 0.0012072643730789423]"
6043,1,49.72%,88.42%,0.0266,"[0.025120971724390984, 0.9748790264129639]"
6044,0,49.71%,88.42%,1.0865,"[0.8350337743759155, 0.16496624052524567]"
6045,1,49.72%,88.42%,0.0146,"[0.014336309395730495, 0.985663652420044]"
6046,0,49.71%,88.42%,0.0001,"[0.9998936653137207, 0.00010638250387273729]"
6047,1,49.72%,88.43%,0.0216,"[0.022116390988230705, 0.9778835773468018]"
6048,0,49.71%,88.41%,1.7927,"[0.14009574055671692, 0.8599042892456055]"
6049,1,49.72%,88.41%,0.0341,"[0.03329150006175041, 0.9667084813117981]"
6050,1,49.73%,88.42%,0.0414,"[0.03713591769337654, 0.962864100933075]"
6051,1,49.74%,88.42%,0.0184,"[0.018486851826310158, 0.9815131425857544]"
6052,1,49.74%,88.42%,0.0302,"[0.028981028124690056, 0.9710190296173096]"
6053,0,49.74%,88.42%,0.0016,"[0.9995759129524231, 0.0004241248534526676]"
6054,0,49.73%,88.42%,0.0003,"[0.9997311234474182, 0.0002688132517505437]"
6055,0,49.72%,88.41%,3.2495,"[0.0399758517742157, 0.9600241184234619]"
6056,1,49.73%,88.41%,0.0207,"[0.023314833641052246, 0.9766851663589478]"
6057,0,49.72%,88.41%,0.0004,"[0.9997625946998596, 0.00023738096933811903]"
6058,1,49.73%,88.41%,0.0920,"[0.08045714348554611, 0.9195428490638733]"
6059,1,49.74%,88.42%,0.0218,"[0.021935677155852318, 0.9780642986297607]"
6060,1,49.74%,88.42%,0.0388,"[0.041879016906023026, 0.9581210017204285]"
6061,0,49.74%,88.42%,0.0011,"[0.998663067817688, 0.0013369553489610553]"
6062,0,49.73%,88.42%,0.0007,"[0.9997977614402771, 0.00020221638260409236]"
6063,1,49.74%,88.42%,0.0322,"[0.029895445331931114, 0.9701045751571655]"
6064,1,49.74%,88.43%,0.0244,"[0.024668853729963303, 0.97533118724823]"
6065,0,49.74%,88.43%,0.0008,"[0.9979807734489441, 0.002019254257902503]"
6066,0,49.73%,88.43%,0.5932,"[0.9260547757148743, 0.07394521683454514]"
6067,1,49.74%,88.43%,0.0447,"[0.052680693566799164, 0.9473192691802979]"
6068,0,49.73%,88.43%,0.0002,"[0.9996978044509888, 0.00030224293004721403]"
6069,1,49.74%,88.43%,0.4638,"[0.17387455701828003, 0.82612544298172]"
6070,0,49.73%,88.44%,0.0001,"[0.9999117851257324, 8.824660471873358e-05]"
6071,0,49.72%,88.44%,0.4646,"[0.6554954051971436, 0.34450459480285645]"
6072,1,49.73%,88.44%,0.0344,"[0.031699445098638535, 0.9683005213737488]"
6073,1,49.74%,88.44%,0.0373,"[0.03304194658994675, 0.9669581055641174]"
6074,0,49.73%,88.44%,0.0000,"[0.9999486207962036, 5.1432358304737136e-05]"
6075,0,49.72%,88.43%,2.7652,"[0.06153775751590729, 0.9384622573852539]"
6076,1,49.73%,88.43%,0.0693,"[0.0655512809753418, 0.9344487190246582]"
6077,0,49.72%,88.43%,0.0002,"[0.9998606443405151, 0.00013939064228907228]"
6078,0,49.71%,88.44%,0.0001,"[0.9998534917831421, 0.0001465229142922908]"
6079,0,49.70%,88.44%,0.0000,"[0.9999436140060425, 5.63859794056043e-05]"
6080,0,49.70%,88.44%,0.0001,"[0.9999043941497803, 9.564831270836294e-05]"
6081,1,49.70%,88.44%,0.1034,"[0.10614971816539764, 0.8938502669334412]"
6082,1,49.71%,88.44%,0.0360,"[0.036898743361234665, 0.9631012678146362]"
6083,0,49.70%,88.43%,2.2710,"[0.11085610836744308, 0.8891438245773315]"
6084,0,49.70%,88.43%,0.0000,"[0.9999505281448364, 4.9426602345192805e-05]"
6085,0,49.69%,88.43%,0.0001,"[0.9999222755432129, 7.776699203532189e-05]"
6086,0,49.68%,88.43%,0.0012,"[0.9988334774971008, 0.0011664873454719782]"
6087,1,49.69%,88.44%,0.1488,"[0.13195909559726715, 0.8680409789085388]"
6088,1,49.70%,88.44%,0.0358,"[0.03887004405260086, 0.9611299633979797]"
6089,0,49.69%,88.42%,1.4896,"[0.21553266048431396, 0.784467339515686]"
6090,0,49.68%,88.43%,0.0000,"[0.9999631643295288, 3.678234133985825e-05]"
6091,0,49.67%,88.43%,0.0000,"[0.9999643564224243, 3.560578988981433e-05]"
6092,1,49.68%,88.43%,0.1552,"[0.1478448510169983, 0.8521550893783569]"
6093,1,49.69%,88.43%,0.1403,"[0.22341646254062653, 0.7765835523605347]"
6094,1,49.70%,88.43%,0.1094,"[0.09270920604467392, 0.9072908759117126]"
6095,1,49.70%,88.44%,0.1321,"[0.11891632527112961, 0.8810836672782898]"
6096,1,49.71%,88.44%,0.0345,"[0.033377714455127716, 0.9666222333908081]"
6097,1,49.72%,88.44%,0.0580,"[0.060645632445812225, 0.9393543601036072]"
6098,1,49.73%,88.44%,0.0766,"[0.06599047034978867, 0.9340095520019531]"
6099,0,49.72%,88.44%,0.0001,"[0.9999344348907471, 6.561438931385055e-05]"
6100,0,49.71%,88.43%,2.6805,"[0.0752784013748169, 0.9247215390205383]"
6101,1,49.72%,88.43%,0.0624,"[0.05639079213142395, 0.9436091780662537]"
6102,0,49.71%,88.43%,0.0001,"[0.9999394416809082, 6.059209044906311e-05]"
6103,1,49.72%,88.43%,0.2464,"[0.4214504063129425, 0.5785495638847351]"
6104,0,49.71%,88.44%,0.0001,"[0.9999200105667114, 7.999336230568588e-05]"
6105,0,49.71%,88.44%,0.0003,"[0.999731719493866, 0.00026824846281670034]"
6106,0,49.70%,88.44%,0.0001,"[0.9998371601104736, 0.0001627593592274934]"
6107,1,49.71%,88.44%,0.0232,"[0.022555142641067505, 0.9774448871612549]"
6108,1,49.71%,88.44%,0.0215,"[0.021409325301647186, 0.9785906076431274]"
6109,1,49.72%,88.45%,0.0430,"[0.03869832307100296, 0.9613016843795776]"
6110,1,49.73%,88.45%,0.0625,"[0.06111960858106613, 0.9388803839683533]"
6111,1,49.74%,88.45%,0.0489,"[0.05406872555613518, 0.9459312558174133]"
6112,1,49.75%,88.45%,0.0198,"[0.019171975553035736, 0.9808279871940613]"
6113,1,49.75%,88.45%,0.0183,"[0.01752605102956295, 0.9824739098548889]"
6114,0,49.75%,88.44%,3.4111,"[0.03110233135521412, 0.9688976407051086]"
6115,0,49.74%,88.44%,0.0228,"[0.9869706630706787, 0.013029391877353191]"
6116,0,49.73%,88.44%,0.9132,"[0.6277270913124084, 0.37227290868759155]"
6117,1,49.74%,88.44%,0.0374,"[0.03740330785512924, 0.9625967144966125]"
6118,1,49.75%,88.45%,0.1232,"[0.07402152568101883, 0.925978422164917]"
6119,0,49.74%,88.45%,0.0001,"[0.999893307685852, 0.00010665053559932858]"
6120,1,49.75%,88.45%,0.0205,"[0.019620493054389954, 0.9803794622421265]"
6121,0,49.74%,88.45%,0.0001,"[0.9998793601989746, 0.00012064215843565762]"
6122,0,49.73%,88.45%,0.0003,"[0.9997267127037048, 0.0002732249558903277]"
6123,1,49.74%,88.46%,0.0217,"[0.02160624973475933, 0.9783937335014343]"
6124,0,49.73%,88.46%,0.0001,"[0.9998884201049805, 0.00011151018406962976]"
6125,0,49.72%,88.44%,3.0417,"[0.053267888724803925, 0.9467321038246155]"
6126,1,49.73%,88.44%,0.0424,"[0.04177746921777725, 0.9582225680351257]"
6127,0,49.72%,88.45%,0.0001,"[0.9999357461929321, 6.429452332668006e-05]"
6128,1,49.73%,88.45%,0.0221,"[0.0224822536110878, 0.9775177836418152]"
6129,0,49.72%,88.45%,0.0000,"[0.9999531507492065, 4.688938497565687e-05]"
6130,1,49.73%,88.45%,0.0488,"[0.050883807241916656, 0.9491162300109863]"
6131,1,49.74%,88.45%,0.0681,"[0.06532116234302521, 0.934678852558136]"
6132,0,49.73%,88.46%,0.0001,"[0.9999322891235352, 6.775112706236541e-05]"
6133,0,49.72%,88.46%,0.0032,"[0.9915701150894165, 0.008429904468357563]"
6134,1,49.73%,88.46%,0.0322,"[0.030543513596057892, 0.9694564938545227]"
6135,1,49.74%,88.46%,0.0767,"[0.06309609115123749, 0.9369039535522461]"
6136,1,49.75%,88.46%,0.0421,"[0.043294597417116165, 0.9567053914070129]"
6137,0,49.74%,88.47%,0.6443,"[0.6632698774337769, 0.33673015236854553]"
6138,1,49.75%,88.47%,0.0571,"[0.05282263457775116, 0.9471773505210876]"
6139,0,49.74%,88.47%,0.0002,"[0.9996877908706665, 0.0003122819180134684]"
6140,0,49.73%,88.47%,0.0001,"[0.999942421913147, 5.75204030610621e-05]"
6141,1,49.74%,88.47%,0.0556,"[0.05481458455324173, 0.9451853632926941]"
6142,1,49.75%,88.47%,0.0261,"[0.026285246014595032, 0.9737147688865662]"
6143,0,49.74%,88.48%,0.0000,"[0.999954104423523, 4.590171738527715e-05]"
6144,0,49.73%,88.48%,0.0345,"[0.7210243940353394, 0.27897560596466064]"
6145,0,49.72%,88.48%,0.0001,"[0.9999490976333618, 5.0841757911257446e-05]"
6146,0,49.72%,88.48%,0.2472,"[0.9808387756347656, 0.019161177799105644]"
6147,0,49.71%,88.48%,0.0001,"[0.9999077320098877, 9.220193896908313e-05]"
6148,0,49.70%,88.49%,0.0179,"[0.9984727501869202, 0.001527281478047371]"
6149,0,49.69%,88.49%,0.0000,"[0.9999654293060303, 3.4557480830699205e-05]"
6150,0,49.68%,88.49%,0.0001,"[0.9999536275863647, 4.6352764911716804e-05]"
6151,1,49.69%,88.49%,0.1013,"[0.10692793875932693, 0.8930720686912537]"
6152,0,49.68%,88.49%,0.0001,"[0.9999500513076782, 4.997440191800706e-05]"
6153,1,49.69%,88.50%,0.1269,"[0.10496967285871506, 0.8950303196907043]"
6154,0,49.68%,88.50%,0.0000,"[0.9999523162841797, 4.770202576764859e-05]"
6155,0,49.68%,88.50%,0.0001,"[0.9999512434005737, 4.876589446212165e-05]"
6156,0,49.67%,88.50%,0.0000,"[0.9999704360961914, 2.9601211281260476e-05]"
6157,0,49.66%,88.50%,0.0001,"[0.9999346733093262, 6.527767982333899e-05]"
6158,0,49.65%,88.50%,0.0000,"[0.9999679327011108, 3.2057381758932024e-05]"
6159,1,49.66%,88.51%,0.0610,"[0.07352881878614426, 0.9264711737632751]"
6160,1,49.67%,88.49%,1.3286,"[0.7199617028236389, 0.2800382673740387]"
6161,1,49.68%,88.49%,0.0536,"[0.05458018183708191, 0.9454198479652405]"
6162,0,49.67%,88.48%,2.7226,"[0.0791843980550766, 0.9208155870437622]"
6163,1,49.68%,88.48%,0.0237,"[0.023154575377702713, 0.976845383644104]"
6164,0,49.67%,88.48%,0.0003,"[0.9998952150344849, 0.0001047504338202998]"
6165,0,49.66%,88.49%,0.1301,"[0.9509344100952148, 0.04906553402543068]"
6166,1,49.67%,88.49%,0.0972,"[0.08603129535913467, 0.9139687418937683]"
6167,1,49.68%,88.49%,0.1082,"[0.11023673415184021, 0.8897632956504822]"
6168,0,49.67%,88.49%,0.0001,"[0.9999464750289917, 5.351622894522734e-05]"
6169,0,49.66%,88.48%,3.0056,"[0.04649915546178818, 0.9535008668899536]"
6170,0,49.65%,88.48%,0.0000,"[0.9999637603759766, 3.620813004090451e-05]"
6171,0,49.64%,88.48%,0.0000,"[0.9999691247940063, 3.082499824813567e-05]"
6172,0,49.64%,88.48%,0.0000,"[0.9999513626098633, 4.8694011638872325e-05]"
6173,1,49.64%,88.48%,0.1375,"[0.16920867562294006, 0.8307912945747375]"
6174,1,49.65%,88.49%,0.1115,"[0.1636323183774948, 0.836367666721344]"
6175,0,49.64%,88.49%,0.0001,"[0.9999481439590454, 5.184081237530336e-05]"
6176,1,49.65%,88.49%,0.0491,"[0.05320822447538376, 0.9467917680740356]"
6177,0,49.64%,88.49%,0.2271,"[0.986365556716919, 0.013634410686790943]"
6178,0,49.64%,88.49%,0.0000,"[0.9999582767486572, 4.1772364056669176e-05]"
6179,1,49.64%,88.50%,0.0247,"[0.02398667111992836, 0.9760133028030396]"
6180,0,49.64%,88.50%,0.0001,"[0.9999264478683472, 7.356685091508552e-05]"
6181,0,49.63%,88.50%,0.1753,"[0.8261792659759521, 0.17382068932056427]"
6182,1,49.64%,88.50%,0.0234,"[0.02279333770275116, 0.9772067070007324]"
6183,1,49.64%,88.50%,0.0627,"[0.06351825594902039, 0.9364817142486572]"
6184,0,49.64%,88.50%,0.0077,"[0.9731721878051758, 0.026827843859791756]"
6185,1,49.64%,88.51%,0.2111,"[0.24770478904247284, 0.7522952556610107]"
6186,1,49.65%,88.51%,0.0597,"[0.052387721836566925, 0.9476122856140137]"
6187,1,49.66%,88.51%,0.0533,"[0.05086689069867134, 0.9491330981254578]"
6188,0,49.65%,88.51%,0.0000,"[0.9999735355377197, 2.6500802050577477e-05]"
6189,1,49.66%,88.51%,0.0713,"[0.06855524331331253, 0.9314447045326233]"
6190,0,49.65%,88.52%,0.0000,"[0.9999523162841797, 4.763974357047118e-05]"
6191,1,49.66%,88.52%,0.1124,"[0.07634752243757248, 0.9236524701118469]"
6192,1,49.67%,88.52%,0.0354,"[0.03457355126738548, 0.9654264450073242]"
6193,1,49.68%,88.52%,0.2782,"[0.14558528363704681, 0.8544147610664368]"
6194,1,49.69%,88.52%,0.0450,"[0.043598126620054245, 0.9564019441604614]"
6195,1,49.69%,88.52%,0.0243,"[0.023896904662251472, 0.9761031270027161]"
6196,0,49.69%,88.53%,0.0001,"[0.9998960494995117, 0.00010395983554190025]"
6197,0,49.68%,88.53%,0.0008,"[0.9988190531730652, 0.0011808954877778888]"
6198,0,49.67%,88.53%,0.0078,"[0.9775698184967041, 0.0224301777780056]"
6199,1,49.68%,88.53%,0.0459,"[0.030688252300024033, 0.9693117141723633]"
6200,1,49.69%,88.53%,0.0124,"[0.012543520890176296, 0.9874565005302429]"
6201,0,49.68%,88.54%,0.0003,"[0.9998493194580078, 0.00015064034960232675]"
6202,0,49.67%,88.54%,0.0106,"[0.9966540336608887, 0.0033459807746112347]"
6203,1,49.68%,88.54%,0.0177,"[0.017078440636396408, 0.9829215407371521]"
6204,0,49.67%,88.54%,0.0013,"[0.9996366500854492, 0.0003632879233919084]"
6205,1,49.68%,88.54%,0.0117,"[0.01160416379570961, 0.9883958101272583]"
6206,1,49.69%,88.55%,0.0150,"[0.01549621857702732, 0.9845037460327148]"
6207,1,49.69%,88.55%,0.0146,"[0.013608532957732677, 0.9863914251327515]"
6208,1,49.70%,88.55%,0.0130,"[0.012883956544101238, 0.9871160387992859]"
6209,1,49.71%,88.55%,0.0090,"[0.0100499102845788, 0.9899500608444214]"
6210,1,49.72%,88.55%,0.0105,"[0.010231333784759045, 0.9897686243057251]"
6211,1,49.73%,88.55%,0.0097,"[0.009948791936039925, 0.9900512099266052]"
6212,1,49.73%,88.56%,0.0131,"[0.013426523655653, 0.9865734577178955]"
6213,1,49.74%,88.56%,0.0120,"[0.0124647943302989, 0.9875352382659912]"
6214,0,49.73%,88.56%,0.0027,"[0.9960148334503174, 0.003985170274972916]"
6215,1,49.74%,88.56%,0.0113,"[0.010274583473801613, 0.9897254109382629]"
6216,0,49.73%,88.56%,0.0001,"[0.9997805953025818, 0.0002194677945226431]"
6217,0,49.73%,88.55%,2.9654,"[0.05333317816257477, 0.9466668367385864]"
6218,0,49.72%,88.55%,0.0158,"[0.98909991979599, 0.010900038294494152]"
6219,1,49.73%,88.55%,0.0131,"[0.012534907087683678, 0.9874651432037354]"
6220,0,49.72%,88.55%,0.0000,"[0.9999525547027588, 4.7468143748119473e-05]"
6221,0,49.71%,88.56%,0.0001,"[0.9999288320541382, 7.112512685125694e-05]"
6222,1,49.72%,88.56%,0.0140,"[0.014562097378075123, 0.9854378700256348]"
6223,0,49.71%,88.56%,0.0001,"[0.9999476671218872, 5.2293842600192875e-05]"
6224,0,49.70%,88.56%,0.0159,"[0.9997952580451965, 0.0002047342131845653]"
6225,1,49.71%,88.56%,0.0145,"[0.014487925916910172, 0.9855120778083801]"
6226,0,49.70%,88.57%,0.0000,"[0.9999673366546631, 3.262918471591547e-05]"
6227,0,49.69%,88.55%,4.2722,"[0.015071268193423748, 0.9849286675453186]"
6228,1,49.70%,88.55%,0.0226,"[0.017715731635689735, 0.9822841882705688]"
6229,1,49.71%,88.56%,0.0172,"[0.015858164057135582, 0.9841418862342834]"
6230,0,49.70%,88.54%,3.8375,"[0.01918121427297592, 0.9808188080787659]"
6231,1,49.71%,88.54%,0.0192,"[0.019852573052048683, 0.9801473617553711]"
6232,1,49.72%,88.54%,0.0113,"[0.0127466581761837, 0.9872533679008484]"
6233,1,49.73%,88.55%,0.0286,"[0.026460645720362663, 0.9735393524169922]"
6234,1,49.74%,88.55%,0.0277,"[0.025439303368330002, 0.9745606780052185]"
6235,1,49.74%,88.55%,0.0269,"[0.027476727962493896, 0.9725232124328613]"
6236,1,49.75%,88.55%,0.0480,"[0.04614073410630226, 0.9538593292236328]"
6237,1,49.76%,88.55%,0.0157,"[0.015384679660201073, 0.9846152663230896]"
6238,0,49.75%,88.54%,3.5711,"[0.031074097380042076, 0.968925952911377]"
6239,1,49.76%,88.54%,0.0170,"[0.019368618726730347, 0.9806313514709473]"
6240,0,49.75%,88.54%,0.0324,"[0.8841701745986938, 0.11582976579666138]"
6241,1,49.76%,88.55%,0.0334,"[0.040182165801525116, 0.9598178267478943]"
6242,0,49.75%,88.55%,0.0000,"[0.999975323677063, 2.4722176021896303e-05]"
6243,0,49.74%,88.55%,0.0000,"[0.9999728202819824, 2.7151359972776845e-05]"
6244,0,49.74%,88.55%,0.0000,"[0.9999735355377197, 2.6454643375473097e-05]"
6245,1,49.74%,88.55%,0.0250,"[0.02365710772573948, 0.9763428568840027]"
6246,1,49.75%,88.55%,0.0292,"[0.02783128060400486, 0.9721687436103821]"
6247,1,49.76%,88.56%,0.1076,"[0.08050360530614853, 0.9194964170455933]"
6248,1,49.77%,88.56%,0.0646,"[0.07073355466127396, 0.9292664527893066]"
6249,1,49.78%,88.56%,0.3407,"[0.2605849504470825, 0.7394150495529175]"
6250,0,49.77%,88.56%,0.0000,"[0.9999774694442749, 2.2543101295013912e-05]"
6251,1,49.78%,88.56%,0.0223,"[0.021850461140275, 0.9781494736671448]"
6252,0,49.77%,88.57%,0.0000,"[0.9999781847000122, 2.1813373678014614e-05]"
6253,0,49.76%,88.57%,0.0000,"[0.9999778270721436, 2.218216468463652e-05]"
6254,1,49.77%,88.57%,0.0712,"[0.07325658947229385, 0.9267433881759644]"
6255,0,49.76%,88.57%,0.0000,"[0.9999721050262451, 2.7916115868720226e-05]"
6256,1,49.77%,88.56%,1.8402,"[0.8254997730255127, 0.17450028657913208]"
6257,1,49.78%,88.54%,4.5563,"[0.9989903569221497, 0.0010096051264554262]"
6258,1,49.78%,88.54%,0.0449,"[0.04481370002031326, 0.9551862478256226]"
6259,0,49.78%,88.55%,0.0000,"[0.9999569654464722, 4.305948459659703e-05]"
6260,1,49.78%,88.55%,0.0653,"[0.0504266619682312, 0.9495733380317688]"
6261,1,49.79%,88.55%,0.0211,"[0.02208048105239868, 0.9779194593429565]"
6262,0,49.78%,88.54%,1.7238,"[0.07072846591472626, 0.9292715787887573]"
6263,1,49.79%,88.54%,0.0195,"[0.017421714961528778, 0.9825782775878906]"
6264,1,49.80%,88.54%,0.0277,"[0.025340944528579712, 0.9746590852737427]"
6265,0,49.79%,88.54%,0.0002,"[0.9998447895050049, 0.0001552340982016176]"
6266,0,49.78%,88.54%,0.0000,"[0.999953031539917, 4.6985980588942766e-05]"
6267,0,49.78%,88.54%,0.0000,"[0.999958872795105, 4.113971590413712e-05]"
6268,0,49.77%,88.55%,0.0001,"[0.9998883008956909, 0.00011166872718604282]"
6269,1,49.78%,88.55%,0.0115,"[0.012677663005888462, 0.9873223900794983]"
6270,0,49.77%,88.55%,0.0280,"[0.9978808760643005, 0.0021191088017076254]"
6271,1,49.78%,88.55%,0.0269,"[0.020257169380784035, 0.9797428250312805]"
6272,1,49.78%,88.55%,0.0166,"[0.01699824444949627, 0.9830017685890198]"
6273,0,49.78%,88.56%,0.0001,"[0.9999275207519531, 7.244558219099417e-05]"
6274,1,49.78%,88.56%,0.0182,"[0.017946070060133934, 0.9820538759231567]"
6275,0,49.78%,88.56%,0.0002,"[0.9998764991760254, 0.00012353173224255443]"
6276,0,49.77%,88.56%,0.0001,"[0.9998894929885864, 0.00011053631897084415]"
6277,1,49.78%,88.56%,0.0177,"[0.02299465425312519, 0.9770053625106812]"
6278,1,49.78%,88.57%,0.0175,"[0.016973864287137985, 0.9830260872840881]"
6279,1,49.79%,88.57%,0.0131,"[0.013267606496810913, 0.9867324233055115]"
6280,1,49.80%,88.57%,0.0103,"[0.010102939791977406, 0.9898970127105713]"
6281,1,49.81%,88.57%,0.0141,"[0.016480466350913048, 0.9835194945335388]"
6282,1,49.82%,88.57%,0.0151,"[0.014539822936058044, 0.9854602217674255]"
6283,1,49.82%,88.57%,0.0177,"[0.014833642169833183, 0.9851663708686829]"
6284,0,49.82%,88.56%,2.3295,"[0.06068706512451172, 0.9393128752708435]"
6285,0,49.81%,88.56%,0.0001,"[0.9999231100082397, 7.68923491705209e-05]"
6286,0,49.80%,88.56%,0.0008,"[0.9962722063064575, 0.003727813484147191]"
6287,0,49.79%,88.57%,0.0003,"[0.99983811378479, 0.00016189106099773198]"
6288,0,49.79%,88.57%,0.0080,"[0.9674728512763977, 0.0325271300971508]"
6289,1,49.79%,88.57%,0.0108,"[0.010920895263552666, 0.9890790581703186]"
6290,0,49.79%,88.56%,3.9530,"[0.016199991106987, 0.9838000535964966]"
6291,0,49.78%,88.54%,2.5460,"[0.29942500591278076, 0.7005749940872192]"
6292,0,49.77%,88.53%,1.1599,"[0.23132900893688202, 0.7686709761619568]"
6293,1,49.78%,88.53%,0.0201,"[0.026207560673356056, 0.9737923741340637]"
6294,1,49.79%,88.53%,0.0317,"[0.03542948141694069, 0.9645704627037048]"
6295,0,49.78%,88.52%,3.3091,"[0.048971958458423615, 0.9510281085968018]"
6296,0,49.77%,88.52%,0.0004,"[0.9998781681060791, 0.00012180932390037924]"
6297,1,49.78%,88.52%,0.5450,"[0.18994764983654022, 0.8100523352622986]"
6298,0,49.77%,88.51%,2.7532,"[0.052733469754457474, 0.9472665786743164]"
6299,1,49.78%,88.51%,0.0280,"[0.02619282342493534, 0.9738072156906128]"
6300,1,49.79%,88.49%,1.1187,"[0.8264771699905396, 0.17352275550365448]"
6301,1,49.79%,88.50%,0.0653,"[0.10921322554349899, 0.8907867074012756]"
6302,0,49.79%,88.50%,0.0000,"[0.9999706745147705, 2.936836790468078e-05]"
6303,1,49.79%,88.48%,1.1686,"[0.5175235867500305, 0.48247647285461426]"
6304,0,49.79%,88.49%,0.0000,"[0.9999673366546631, 3.271099922130816e-05]"
6305,0,49.78%,88.47%,2.4846,"[0.0821579247713089, 0.9178420305252075]"
6306,0,49.77%,88.46%,2.2055,"[0.08835471421480179, 0.9116452932357788]"
6307,0,49.76%,88.44%,2.0730,"[0.09619756788015366, 0.9038024544715881]"
6308,0,49.75%,88.45%,0.0000,"[0.9999551773071289, 4.478631308302283e-05]"
6309,0,49.75%,88.45%,0.0000,"[0.9999712705612183, 2.8756738174706697e-05]"
6310,0,49.74%,88.45%,0.0000,"[0.9999696016311646, 3.0343066100613214e-05]"
6311,1,49.75%,88.45%,0.5140,"[0.39249327778816223, 0.6075066924095154]"
6312,1,49.75%,88.45%,0.0888,"[0.0820319652557373, 0.9179680943489075]"
6313,1,49.76%,88.44%,0.6396,"[0.5321672558784485, 0.4678327441215515]"
6314,0,49.75%,88.44%,0.0000,"[0.9999668598175049, 3.309770909254439e-05]"
6315,1,49.76%,88.44%,0.3895,"[0.2957691252231598, 0.7042308449745178]"
6316,0,49.75%,88.44%,0.0000,"[0.9999642372131348, 3.581355849746615e-05]"
6317,0,49.75%,88.45%,0.0000,"[0.9999653100967407, 3.4744978620437905e-05]"
6318,0,49.74%,88.45%,0.0000,"[0.9999663829803467, 3.3571683161426336e-05]"
6319,0,49.73%,88.45%,0.0000,"[0.9999622106552124, 3.776991434278898e-05]"
6320,1,49.74%,88.45%,0.0870,"[0.17691834270954132, 0.8230816721916199]"
6321,1,49.75%,88.45%,0.1085,"[0.09732066839933395, 0.9026793241500854]"
6322,1,49.75%,88.45%,0.0834,"[0.09364133328199387, 0.9063587188720703]"
6323,1,49.76%,88.46%,0.0388,"[0.0492706298828125, 0.9507294297218323]"
6324,1,49.77%,88.46%,0.0725,"[0.05856803059577942, 0.941431999206543]"
6325,1,49.78%,88.46%,0.1051,"[0.13371840119361877, 0.8662815690040588]"
6326,1,49.79%,88.46%,0.0336,"[0.030334068462252617, 0.9696659445762634]"
6327,0,49.78%,88.46%,0.0001,"[0.9998481273651123, 0.00015181470371317118]"
6328,1,49.79%,88.47%,0.0431,"[0.048195961862802505, 0.9518040418624878]"
6329,1,49.79%,88.47%,0.0820,"[0.055001400411129, 0.9449986219406128]"
6330,1,49.80%,88.47%,0.6756,"[0.30128350853919983, 0.6987164616584778]"
6331,0,49.79%,88.47%,0.0001,"[0.9999387264251709, 6.121076876297593e-05]"
6332,1,49.80%,88.47%,0.0906,"[0.10971005260944366, 0.8902899026870728]"
6333,1,49.81%,88.47%,0.8113,"[0.12458788603544235, 0.8754121661186218]"
6334,0,49.80%,88.48%,0.0001,"[0.9999215602874756, 7.846482185414061e-05]"
6335,1,49.81%,88.48%,0.0156,"[0.014453149400651455, 0.9855468273162842]"
6336,0,49.80%,88.46%,3.8324,"[0.020961059257388115, 0.9790388941764832]"
6337,1,49.81%,88.47%,0.0213,"[0.02137766405940056, 0.9786223769187927]"
6338,0,49.80%,88.47%,0.0001,"[0.9998705387115479, 0.00012948295625392348]"
6339,0,49.79%,88.47%,0.0064,"[0.9854565262794495, 0.014543525874614716]"
6340,1,49.80%,88.47%,0.0140,"[0.01335836574435234, 0.9866416454315186]"
6341,1,49.81%,88.47%,0.0330,"[0.019222190603613853, 0.9807778000831604]"
6342,0,49.80%,88.48%,0.0037,"[0.9971501231193542, 0.002849878277629614]"
6343,0,49.80%,88.48%,0.5078,"[0.7612554430961609, 0.2387445718050003]"
6344,0,49.79%,88.48%,0.0020,"[0.997849702835083, 0.0021502645686268806]"
6345,0,49.78%,88.48%,0.1006,"[0.7750717997550964, 0.22492818534374237]"
6346,0,49.77%,88.48%,0.0018,"[0.9972831010818481, 0.0027168903034180403]"
6347,0,49.76%,88.48%,0.0014,"[0.9978085160255432, 0.0021915368270128965]"
6348,0,49.76%,88.49%,0.0010,"[0.9946499466896057, 0.0053500826470553875]"
6349,1,49.76%,88.49%,0.0169,"[0.01625422202050686, 0.983745813369751]"
6350,1,49.77%,88.49%,0.0227,"[0.02227214351296425, 0.9777278900146484]"
6351,1,49.78%,88.49%,0.0150,"[0.014732870273292065, 0.985267162322998]"
6352,1,49.79%,88.49%,0.0149,"[0.013513326644897461, 0.9864866733551025]"
6353,1,49.80%,88.50%,0.0232,"[0.024434341117739677, 0.9755656719207764]"
6354,1,49.80%,88.50%,0.0454,"[0.040082916617393494, 0.9599170684814453]"
6355,1,49.81%,88.50%,0.0249,"[0.024174891412258148, 0.9758250713348389]"
6356,1,49.82%,88.50%,0.0140,"[0.014827342703938484, 0.9851726293563843]"
6357,1,49.83%,88.50%,0.0223,"[0.023590615019202232, 0.9764093160629272]"
6358,0,49.82%,88.49%,3.8512,"[0.02139633148908615, 0.9786036610603333]"
6359,0,49.81%,88.49%,0.0002,"[0.9998010993003845, 0.00019897890160791576]"
6360,1,49.82%,88.49%,0.0263,"[0.024458803236484528, 0.9755412340164185]"
6361,1,49.83%,88.49%,0.0239,"[0.028018169105052948, 0.9719818830490112]"
6362,0,49.82%,88.48%,3.5790,"[0.029170149937272072, 0.9708299040794373]"
6363,0,49.81%,88.48%,0.0004,"[0.9988802075386047, 0.0011197717394679785]"
6364,1,49.82%,88.48%,0.0253,"[0.02802351675927639, 0.9719764590263367]"
6365,0,49.81%,88.49%,0.0001,"[0.9999233484268188, 7.662920688744634e-05]"
6366,0,49.80%,88.49%,0.0001,"[0.9998682737350464, 0.00013173939078114927]"
6367,1,49.81%,88.49%,0.0405,"[0.03660761937499046, 0.9633923768997192]"
6368,1,49.82%,88.49%,0.0320,"[0.03439445048570633, 0.9656054973602295]"
6369,1,49.83%,88.49%,0.0593,"[0.04732714593410492, 0.9526728391647339]"
6370,1,49.84%,88.49%,0.0663,"[0.06604176014661789, 0.9339581727981567]"
6371,0,49.83%,88.50%,0.0001,"[0.9999231100082397, 7.68537211115472e-05]"
6372,1,49.84%,88.50%,0.2713,"[0.2134469598531723, 0.7865529656410217]"
6373,0,49.83%,88.48%,0.7712,"[0.4146556556224823, 0.5853443145751953]"
6374,1,49.84%,88.49%,0.0237,"[0.10513303428888321, 0.894866943359375]"
6375,0,49.83%,88.49%,0.0004,"[0.9997621178627014, 0.0002378896315349266]"
6376,0,49.82%,88.47%,3.2879,"[0.040566377341747284, 0.9594336152076721]"
6377,1,49.83%,88.48%,0.1399,"[0.1394132673740387, 0.8605867624282837]"
6378,0,49.82%,88.48%,0.0001,"[0.9998313188552856, 0.000168623955687508]"
6379,1,49.83%,88.48%,0.0529,"[0.05239323526620865, 0.9476067423820496]"
6380,0,49.82%,88.47%,3.1861,"[0.037684570997953415, 0.9623154997825623]"
6381,0,49.81%,88.47%,0.0003,"[0.9997269511222839, 0.0002730494597926736]"
6382,1,49.82%,88.47%,0.0475,"[0.044136032462120056, 0.9558640122413635]"
6383,0,49.81%,88.47%,0.3829,"[0.6744571328163147, 0.3255428373813629]"
6384,0,49.80%,88.47%,0.0037,"[0.9552161693572998, 0.0447838269174099]"
6385,1,49.81%,88.47%,0.0563,"[0.05499008297920227, 0.9450098872184753]"
6386,0,49.80%,88.48%,0.0001,"[0.9999408721923828, 5.909701940254308e-05]"
6387,1,49.81%,88.48%,0.0606,"[0.07246793061494827, 0.9275320172309875]"
6388,0,49.80%,88.48%,0.0000,"[0.9999536275863647, 4.634657670976594e-05]"
6389,1,49.81%,88.48%,0.0396,"[0.03968724235892296, 0.9603127837181091]"
6390,1,49.82%,88.48%,0.1579,"[0.23309090733528137, 0.7669090628623962]"
6391,0,49.81%,88.49%,0.0000,"[0.9999525547027588, 4.739929499919526e-05]"
6392,1,49.82%,88.49%,0.0606,"[0.05840723589062691, 0.9415926933288574]"
6393,1,49.83%,88.49%,0.0307,"[0.0346645787358284, 0.9653353691101074]"
6394,1,49.84%,88.49%,0.0282,"[0.03383423760533333, 0.9661657810211182]"
6395,1,49.84%,88.49%,0.0689,"[0.061527349054813385, 0.9384726285934448]"
6396,1,49.85%,88.49%,0.0276,"[0.02896641008555889, 0.9710336327552795]"
6397,0,49.84%,88.48%,2.8637,"[0.057268764823675156, 0.9427312016487122]"
6398,0,49.84%,88.48%,0.0001,"[0.9999319314956665, 6.81141609675251e-05]"
6399,1,49.84%,88.48%,0.0578,"[0.06295763701200485, 0.9370422959327698]"
6400,1,49.85%,88.49%,0.0641,"[0.03974799066781998, 0.960252046585083]"
6401,0,49.84%,88.49%,0.0002,"[0.9998431205749512, 0.00015690199506934732]"
6402,0,49.84%,88.49%,0.0000,"[0.9999537467956543, 4.621126572601497e-05]"
6403,1,49.84%,88.49%,0.0276,"[0.024384696036577225, 0.9756153225898743]"
6404,0,49.84%,88.49%,0.0002,"[0.9998598098754883, 0.0001401666086167097]"
6405,0,49.83%,88.50%,0.0000,"[0.9999607801437378, 3.9220165490405634e-05]"
6406,0,49.82%,88.50%,0.0001,"[0.9999043941497803, 9.562195191392675e-05]"
6407,0,49.81%,88.50%,0.0001,"[0.9999351501464844, 6.479924923041835e-05]"
6408,0,49.80%,88.48%,2.9595,"[0.05800057202577591, 0.9419994950294495]"
6409,1,49.81%,88.49%,0.0674,"[0.055029820650815964, 0.9449701905250549]"
6410,0,49.81%,88.49%,0.0000,"[0.999962568283081, 3.739131716429256e-05]"
6411,0,49.80%,88.49%,0.0000,"[0.9999607801437378, 3.916014247806743e-05]"
6412,0,49.79%,88.49%,0.0001,"[0.9999518394470215, 4.81053939438425e-05]"
6413,1,49.80%,88.49%,0.0456,"[0.04357945919036865, 0.9564206004142761]"
6414,1,49.81%,88.50%,0.0644,"[0.05366313457489014, 0.9463368654251099]"
6415,1,49.81%,88.50%,0.0552,"[0.05640259385108948, 0.9435973763465881]"
6416,0,49.81%,88.50%,0.0085,"[0.9971165657043457, 0.0028834217227995396]"
6417,0,49.80%,88.50%,0.0001,"[0.9999136924743652, 8.628676005173475e-05]"
6418,0,49.79%,88.49%,2.9718,"[0.04879475384950638, 0.9512052536010742]"
6419,1,49.80%,88.49%,0.0889,"[0.07000396400690079, 0.9299960136413574]"
6420,1,49.81%,88.49%,0.0626,"[0.05627065896987915, 0.9437293410301208]"
6421,0,49.80%,88.49%,0.0001,"[0.9998856782913208, 0.00011427788558648899]"
6422,0,49.79%,88.49%,0.0001,"[0.999940037727356, 5.991345824440941e-05]"
6423,0,49.78%,88.48%,2.6245,"[0.07065138220787048, 0.9293485879898071]"
6424,0,49.77%,88.48%,0.0003,"[0.9996427297592163, 0.00035729221417568624]"
6425,1,49.78%,88.47%,5.0925,"[0.9836942553520203, 0.01630573533475399]"
6426,1,49.79%,88.47%,0.1504,"[0.24695751070976257, 0.7530425190925598]"
6427,0,49.78%,88.47%,0.0001,"[0.9999459981918335, 5.4053445637691766e-05]"
6428,1,49.79%,88.47%,0.0777,"[0.07898233830928802, 0.9210177063941956]"
6429,0,49.78%,88.48%,0.0001,"[0.9999030828475952, 9.693305037217215e-05]"
6430,1,49.79%,88.48%,0.0789,"[0.07906128466129303, 0.9209387302398682]"
6431,1,49.80%,88.48%,0.0804,"[0.0789819061756134, 0.921018123626709]"
6432,0,49.79%,88.48%,0.0001,"[0.9999508857727051, 4.9108999519376084e-05]"
6433,1,49.80%,88.48%,0.0628,"[0.06623388081789017, 0.9337660670280457]"
6434,0,49.79%,88.48%,0.0001,"[0.9998798370361328, 0.00012019469431834295]"
6435,0,49.78%,88.47%,2.8652,"[0.05813084915280342, 0.9418691396713257]"
6436,1,49.79%,88.47%,0.0510,"[0.05515464022755623, 0.9448453187942505]"
6437,0,49.78%,88.47%,0.0006,"[0.9995657801628113, 0.00043421596637926996]"
6438,1,49.79%,88.48%,0.0666,"[0.060054194182157516, 0.9399457573890686]"
6439,1,49.80%,88.48%,0.0803,"[0.07259968668222427, 0.9274003505706787]"
6440,1,49.81%,88.48%,0.0608,"[0.05665646865963936, 0.9433435797691345]"
6441,1,49.81%,88.48%,0.0380,"[0.040202148258686066, 0.9597977995872498]"
6442,0,49.81%,88.47%,2.8056,"[0.058394838124513626, 0.9416051506996155]"
6443,1,49.81%,88.47%,0.0538,"[0.0521702766418457, 0.9478297829627991]"
6444,0,49.81%,88.47%,0.0002,"[0.9997871518135071, 0.00021289140568114817]"
6445,1,49.81%,88.47%,0.0318,"[0.047092169523239136, 0.9529078602790833]"
6446,1,49.82%,88.48%,0.0694,"[0.06929574906826019, 0.9307042956352234]"
6447,0,49.81%,88.46%,1.4328,"[0.3041456341743469, 0.6958543658256531]"
6448,0,49.81%,88.46%,0.0002,"[0.9998199343681335, 0.00018014323723036796]"
6449,0,49.80%,88.47%,0.0002,"[0.9998028874397278, 0.000197163040866144]"
6450,1,49.81%,88.47%,0.0897,"[0.08362260460853577, 0.9163774251937866]"
6451,0,49.80%,88.47%,0.0001,"[0.9998928308486938, 0.00010721084981923923]"
6452,1,49.81%,88.47%,0.0768,"[0.07128700613975525, 0.9287130236625671]"
6453,1,49.81%,88.47%,0.0472,"[0.043651778250932693, 0.956348180770874]"
6454,1,49.82%,88.47%,0.0417,"[0.03999795764684677, 0.9600020051002502]"
6455,1,49.83%,88.48%,0.0802,"[0.07280153036117554, 0.9271985292434692]"
6456,1,49.84%,88.48%,0.0716,"[0.07433737814426422, 0.9256625771522522]"
6457,1,49.85%,88.48%,0.0375,"[0.03465541452169418, 0.9653446078300476]"
6458,0,49.84%,88.48%,0.0001,"[0.9999387264251709, 6.123208004282787e-05]"
6459,0,49.83%,88.48%,0.0005,"[0.9994749426841736, 0.0005250796093605459]"
6460,0,49.82%,88.48%,0.0001,"[0.9999266862869263, 7.328369974857196e-05]"
6461,1,49.83%,88.49%,0.0306,"[0.02890269085764885, 0.9710973501205444]"
6462,0,49.82%,88.49%,0.0001,"[0.999868631362915, 0.00013140341616235673]"
6463,0,49.81%,88.49%,0.0002,"[0.9998779296875, 0.00012211392458993942]"
6464,0,49.81%,88.49%,0.0001,"[0.9999266862869263, 7.327237835852429e-05]"
6465,1,49.81%,88.49%,0.0445,"[0.044135332107543945, 0.955864667892456]"
6466,0,49.81%,88.50%,0.0005,"[0.999679446220398, 0.0003205539542250335]"
6467,1,49.81%,88.50%,0.0466,"[0.04537659510970116, 0.9546234011650085]"
6468,0,49.81%,88.50%,0.0002,"[0.9997312426567078, 0.00026878557400777936]"
6469,0,49.80%,88.49%,3.0241,"[0.048273757100105286, 0.9517261981964111]"
6470,0,49.79%,88.47%,3.0226,"[0.04341213032603264, 0.9565878510475159]"
6471,0,49.78%,88.47%,0.0001,"[0.99992835521698, 7.158087100833654e-05]"
6472,1,49.79%,88.48%,0.0450,"[0.04587380960583687, 0.954126238822937]"
6473,1,49.80%,88.48%,0.0278,"[0.028115127235651016, 0.9718849062919617]"
6474,1,49.81%,88.48%,0.0852,"[0.0952787920832634, 0.9047212600708008]"
6475,0,49.80%,88.48%,0.0003,"[0.9996694326400757, 0.00033051992068067193]"
6476,1,49.81%,88.48%,0.0293,"[0.03311043232679367, 0.9668895602226257]"
6477,0,49.80%,88.47%,0.4371,"[0.3779519200325012, 0.6220480799674988]"
6478,0,49.79%,88.47%,0.0008,"[0.9989883303642273, 0.0010117124766111374]"
6479,0,49.78%,88.47%,0.0113,"[0.8785103559494019, 0.12148965895175934]"
6480,1,49.79%,88.47%,0.1206,"[0.10982360690832138, 0.8901763558387756]"
6481,1,49.80%,88.48%,0.0947,"[0.0910794660449028, 0.9089204668998718]"
6482,0,49.79%,88.48%,0.0001,"[0.9997943043708801, 0.00020567237515933812]"
6483,0,49.78%,88.48%,0.0001,"[0.9999245405197144, 7.542716775787994e-05]"
6484,1,49.79%,88.48%,0.0345,"[0.03426515683531761, 0.9657347798347473]"
6485,1,49.80%,88.48%,0.0366,"[0.03779743239283562, 0.9622025489807129]"
6486,0,49.79%,88.48%,0.0000,"[0.9999511241912842, 4.8819776566233486e-05]"
6487,0,49.78%,88.49%,0.0001,"[0.9999421834945679, 5.777184560429305e-05]"
6488,1,49.79%,88.49%,0.0645,"[0.06621085852384567, 0.9337891340255737]"
6489,0,49.78%,88.49%,0.0001,"[0.999931812286377, 6.821348506491631e-05]"
6490,1,49.79%,88.49%,0.0809,"[0.07910898327827454, 0.9208909869194031]"
6491,1,49.80%,88.49%,0.0318,"[0.03330285847187042, 0.966697096824646]"
6492,1,49.81%,88.50%,0.0747,"[0.07641492038965225, 0.923585057258606]"
6493,0,49.80%,88.50%,0.0000,"[0.9999552965164185, 4.4735861592926085e-05]"
6494,1,49.81%,88.50%,1.7438,"[0.4546521306037903, 0.5453479290008545]"
6495,0,49.80%,88.50%,0.0993,"[0.6806079149246216, 0.3193921446800232]"
6496,0,49.79%,88.50%,0.0000,"[0.9999555349349976, 4.441877536009997e-05]"
6497,1,49.80%,88.50%,0.0232,"[0.025088785216212273, 0.9749112129211426]"
6498,1,49.81%,88.51%,0.0713,"[0.060561638325452805, 0.9394384026527405]"
6499,0,49.80%,88.49%,3.1282,"[0.04714110866189003, 0.9528589248657227]"
6500,0,49.79%,88.49%,0.0001,"[0.9998775720596313, 0.00012237699411343783]"
6501,1,49.80%,88.50%,0.0606,"[0.05272505432367325, 0.947274923324585]"
6502,1,49.81%,88.50%,0.0476,"[0.04899029806256294, 0.9510096311569214]"
6503,0,49.80%,88.50%,0.0001,"[0.9999580383300781, 4.201378396828659e-05]"
6504,0,49.79%,88.50%,0.0001,"[0.9998762607574463, 0.0001236691459780559]"
6505,0,49.78%,88.50%,0.0001,"[0.9999512434005737, 4.880851702182554e-05]"
6506,0,49.78%,88.50%,0.0001,"[0.9999428987503052, 5.706039155484177e-05]"
6507,0,49.77%,88.51%,0.0000,"[0.999947190284729, 5.279954712023027e-05]"
6508,1,49.78%,88.51%,0.0490,"[0.05212484300136566, 0.9478751420974731]"
6509,1,49.78%,88.51%,0.0269,"[0.02600550465285778, 0.9739944338798523]"
6510,0,49.78%,88.51%,0.0005,"[0.9990953207015991, 0.0009047226049005985]"
6511,1,49.79%,88.51%,0.0220,"[0.021345773711800575, 0.9786542057991028]"
6512,0,49.78%,88.52%,0.0001,"[0.9998990297317505, 0.00010097268386743963]"
6513,0,49.77%,88.52%,0.0001,"[0.9999474287033081, 5.257846714812331e-05]"
6514,1,49.78%,88.52%,0.0397,"[0.04392392560839653, 0.9560760855674744]"
6515,0,49.77%,88.51%,3.2518,"[0.038272924721241, 0.9617271423339844]"
6516,0,49.76%,88.51%,0.0001,"[0.9999537467956543, 4.620844265446067e-05]"
6517,1,49.77%,88.51%,0.0183,"[0.018315384164452553, 0.9816846251487732]"
6518,0,49.76%,88.51%,0.0001,"[0.9999511241912842, 4.888602779828943e-05]"
6519,1,49.77%,88.51%,0.0453,"[0.04716871306300163, 0.9528313279151917]"
6520,0,49.76%,88.51%,0.0001,"[0.9999467134475708, 5.3246527386363596e-05]"
6521,0,49.75%,88.52%,0.0003,"[0.9998044371604919, 0.00019556036568246782]"
6522,0,49.75%,88.52%,0.0001,"[0.9999399185180664, 6.011072764522396e-05]"
6523,1,49.75%,88.52%,0.0247,"[0.023992611095309258, 0.9760074019432068]"
6524,0,49.75%,88.51%,2.9116,"[0.07146122306585312, 0.9285387992858887]"
6525,1,49.75%,88.51%,0.4183,"[0.44792866706848145, 0.5520712733268738]"
6526,0,49.75%,88.51%,0.0001,"[0.9999386072158813, 6.134663271950558e-05]"
6527,0,49.74%,88.51%,0.0001,"[0.9999428987503052, 5.706882802769542e-05]"
6528,0,49.73%,88.51%,0.0001,"[0.9999161958694458, 8.381809311686084e-05]"
6529,1,49.74%,88.51%,0.0281,"[0.02561800368130207, 0.9743820428848267]"
6530,0,49.73%,88.52%,0.0001,"[0.9999417066574097, 5.826569758937694e-05]"
6531,1,49.74%,88.52%,0.0634,"[0.09646624326705933, 0.9035337567329407]"
6532,0,49.73%,88.52%,0.0001,"[0.9999217987060547, 7.814030686859041e-05]"
6533,1,49.74%,88.51%,0.5677,"[0.5450670719146729, 0.4549330174922943]"
6534,0,49.73%,88.51%,0.0026,"[0.9995473027229309, 0.00045264040818437934]"
6535,1,49.74%,88.51%,0.0442,"[0.04590320587158203, 0.954096794128418]"
6536,0,49.73%,88.51%,0.0001,"[0.9999269247055054, 7.302112499019131e-05]"
6537,1,49.74%,88.51%,0.1111,"[0.09315747767686844, 0.9068425297737122]"
6538,0,49.73%,88.52%,0.0005,"[0.9997332692146301, 0.0002666895743459463]"
6539,1,49.74%,88.52%,0.1683,"[0.061205267906188965, 0.938794732093811]"
6540,0,49.73%,88.52%,0.0001,"[0.9998968839645386, 0.00010312414087820798]"
6541,0,49.72%,88.52%,0.0003,"[0.9997947812080383, 0.00020519229292403907]"
6542,0,49.72%,88.52%,0.0023,"[0.9985911250114441, 0.0014088657917454839]"
6543,1,49.72%,88.52%,0.0219,"[0.023308666422963142, 0.9766913056373596]"
6544,1,49.73%,88.53%,0.0347,"[0.0309335608035326, 0.9690663814544678]"
6545,1,49.74%,88.53%,0.0654,"[0.05288521945476532, 0.9471147656440735]"
6546,0,49.73%,88.53%,0.0009,"[0.9994621872901917, 0.0005378531059250236]"
6547,1,49.74%,88.53%,0.0236,"[0.018837643787264824, 0.9811623096466064]"
6548,1,49.75%,88.53%,0.0310,"[0.029175758361816406, 0.9708242416381836]"
6549,0,49.74%,88.53%,0.0006,"[0.999714195728302, 0.0002858246152754873]"
6550,1,49.75%,88.54%,0.0150,"[0.015447652898728848, 0.984552264213562]"
6551,1,49.76%,88.54%,0.0233,"[0.024980174377560616, 0.9750197529792786]"
6552,0,49.75%,88.54%,0.0002,"[0.9997912049293518, 0.00020876381313428283]"
6553,0,49.74%,88.54%,0.0184,"[0.997818112373352, 0.0021818981040269136]"
6554,1,49.75%,88.54%,0.0227,"[0.019275499507784843, 0.9807244539260864]"
6555,0,49.74%,88.54%,0.0029,"[0.9980092644691467, 0.001990795135498047]"
6556,1,49.75%,88.55%,0.0250,"[0.028016509488224983, 0.9719834327697754]"
6557,0,49.74%,88.55%,0.0834,"[0.947587788105011, 0.0524122379720211]"
6558,1,49.75%,88.55%,0.0113,"[0.011393971741199493, 0.9886060357093811]"
6559,1,49.76%,88.55%,0.0162,"[0.016020838171243668, 0.9839791059494019]"
6560,0,49.75%,88.55%,0.0001,"[0.9998939037322998, 0.00010606837895466015]"
6561,0,49.74%,88.56%,0.0002,"[0.9997851252555847, 0.0002149012580048293]"
6562,0,49.73%,88.56%,0.9779,"[0.887292206287384, 0.11270782351493835]"
6563,1,49.74%,88.56%,0.0229,"[0.020355693995952606, 0.9796442985534668]"
6564,0,49.73%,88.56%,0.0004,"[0.9997493624687195, 0.0002506470773369074]"
6565,1,49.74%,88.56%,0.0241,"[0.020010612905025482, 0.9799893498420715]"
6566,0,49.73%,88.56%,0.0046,"[0.9980181455612183, 0.0019818339496850967]"
6567,1,49.74%,88.57%,0.0125,"[0.009252509102225304, 0.9907474517822266]"
6568,1,49.75%,88.57%,0.0148,"[0.01683596894145012, 0.9831640124320984]"
6569,0,49.74%,88.57%,0.0001,"[0.9998794794082642, 0.0001205100561492145]"
6570,1,49.75%,88.57%,0.0371,"[0.020973168313503265, 0.9790267944335938]"
6571,0,49.74%,88.56%,2.8124,"[0.056117743253707886, 0.9438822269439697]"
6572,1,49.75%,88.56%,0.0101,"[0.013388331979513168, 0.9866116046905518]"
6573,1,49.76%,88.56%,0.0229,"[0.015473660081624985, 0.9845262765884399]"
6574,1,49.76%,88.56%,0.0175,"[0.023714758455753326, 0.9762852787971497]"
6575,1,49.77%,88.56%,0.0301,"[0.03918077051639557, 0.9608192443847656]"
6576,1,49.78%,88.57%,0.0311,"[0.01750224083662033, 0.9824977517127991]"
6577,0,49.77%,88.55%,1.6796,"[0.10579103976488113, 0.8942089080810547]"
6578,1,49.78%,88.55%,0.0249,"[0.013446839526295662, 0.9865531325340271]"
6579,1,49.79%,88.56%,0.0279,"[0.026084521785378456, 0.9739155173301697]"
6580,0,49.78%,88.56%,1.2641,"[0.9300100803375244, 0.06998993456363678]"
6581,0,49.77%,88.56%,0.0001,"[0.99991774559021, 8.226368663599715e-05]"
6582,1,49.78%,88.56%,0.0141,"[0.013216178864240646, 0.9867838621139526]"
6583,0,49.77%,88.56%,0.0001,"[0.999932050704956, 6.789237522752956e-05]"
6584,1,49.78%,88.56%,0.0983,"[0.20727373659610748, 0.7927262783050537]"
6585,0,49.77%,88.55%,3.2316,"[0.035593897104263306, 0.9644061326980591]"
6586,0,49.76%,88.55%,0.0000,"[0.9999576807022095, 4.22735683969222e-05]"
6587,1,49.77%,88.55%,0.0490,"[0.030326250940561295, 0.969673752784729]"
6588,1,49.78%,88.56%,0.0162,"[0.017413154244422913, 0.9825868010520935]"
6589,1,49.79%,88.56%,0.2766,"[0.1782391369342804, 0.8217608332633972]"
6590,0,49.78%,88.54%,2.4737,"[0.0587194561958313, 0.9412804841995239]"
6591,1,49.79%,88.55%,0.0326,"[0.023181481286883354, 0.9768185615539551]"
6592,1,49.80%,88.55%,0.0851,"[0.0894533023238182, 0.9105466604232788]"
6593,0,49.79%,88.55%,0.0324,"[0.979464590549469, 0.020535342395305634]"
6594,0,49.78%,88.55%,0.0000,"[0.9999600648880005, 3.9945047319633886e-05]"
6595,1,49.79%,88.55%,0.0718,"[0.07098248600959778, 0.9290174841880798]"
6596,0,49.78%,88.56%,0.0001,"[0.9999207258224487, 7.926295802462846e-05]"
6597,0,49.77%,88.54%,2.4976,"[0.08291920274496078, 0.917080819606781]"
6598,0,49.77%,88.54%,0.0000,"[0.9999622106552124, 3.783722058869898e-05]"
6599,1,49.77%,88.55%,0.0936,"[0.10017289221286774, 0.8998271226882935]"
6600,0,49.77%,88.55%,0.0000,"[0.9999603033065796, 3.968995588365942e-05]"
6601,0,49.76%,88.55%,0.0001,"[0.9999456405639648, 5.4352512961486354e-05]"
6602,0,49.75%,88.55%,0.0000,"[0.9999517202377319, 4.8330526624340564e-05]"
6603,0,49.74%,88.55%,0.0058,"[0.961799144744873, 0.03820085898041725]"
6604,1,49.75%,88.55%,0.1732,"[0.10694492608308792, 0.8930550217628479]"
6605,1,49.76%,88.56%,0.0527,"[0.09555192291736603, 0.9044480919837952]"
6606,0,49.75%,88.56%,0.0000,"[0.999955415725708, 4.452916982700117e-05]"
6607,0,49.74%,88.56%,0.0001,"[0.9999439716339111, 5.603808313026093e-05]"
6608,1,49.75%,88.56%,0.1220,"[0.09797921031713486, 0.9020208120346069]"
6609,1,49.76%,88.56%,0.0380,"[0.024664901196956635, 0.9753350615501404]"
6610,0,49.75%,88.56%,0.0025,"[0.999255359172821, 0.0007445875089615583]"
6611,1,49.76%,88.57%,0.0201,"[0.018955940380692482, 0.9810441136360168]"
6612,1,49.77%,88.57%,0.0212,"[0.0258661936968565, 0.9741337895393372]"
6613,1,49.77%,88.57%,0.0200,"[0.01708775945007801, 0.9829121828079224]"
6614,1,49.78%,88.57%,0.0646,"[0.06911108642816544, 0.9308889508247375]"
6615,0,49.77%,88.57%,0.0001,"[0.9999078512191772, 9.214525198331103e-05]"
6616,0,49.77%,88.56%,2.5697,"[0.04857892170548439, 0.9514210224151611]"
6617,0,49.76%,88.56%,0.0000,"[0.9999591112136841, 4.084815736860037e-05]"
6618,0,49.75%,88.56%,0.0000,"[0.9999597072601318, 4.023713700007647e-05]"
6619,0,49.74%,88.56%,0.0399,"[0.6853035688400269, 0.31469643115997314]"
6620,0,49.74%,88.57%,0.0000,"[0.9999659061431885, 3.411692887311801e-05]"
6621,1,49.74%,88.57%,0.0265,"[0.01834007352590561, 0.9816599488258362]"
6622,1,49.75%,88.57%,0.0246,"[0.024782545864582062, 0.9752174615859985]"
6623,1,49.76%,88.57%,0.0651,"[0.04895617067813873, 0.9510438442230225]"
6624,0,49.75%,88.57%,0.0000,"[0.999962329864502, 3.766387817449868e-05]"
6625,1,49.76%,88.58%,0.0268,"[0.021715261042118073, 0.9782847762107849]"
6626,0,49.75%,88.58%,0.0486,"[0.9643386006355286, 0.03566144406795502]"
6627,0,49.74%,88.58%,0.0001,"[0.9999333620071411, 6.661830411758274e-05]"
6628,0,49.74%,88.58%,0.0000,"[0.9999631643295288, 3.682424721773714e-05]"
6629,1,49.74%,88.58%,0.0462,"[0.06029340252280235, 0.9397066235542297]"
6630,0,49.74%,88.58%,0.0000,"[0.9999691247940063, 3.0879433325026184e-05]"
6631,1,49.74%,88.59%,0.1169,"[0.05952673405408859, 0.9404733180999756]"
6632,0,49.74%,88.57%,3.2766,"[0.025044560432434082, 0.9749554395675659]"
6633,0,49.73%,88.56%,1.2404,"[0.18573741614818573, 0.8142625689506531]"
6634,0,49.72%,88.56%,0.0000,"[0.9999583959579468, 4.1566880099708214e-05]"
6635,1,49.73%,88.56%,0.0473,"[0.08344682306051254, 0.9165531396865845]"
6636,1,49.74%,88.56%,0.2164,"[0.13781319558620453, 0.862186849117279]"
6637,1,49.74%,88.57%,0.0651,"[0.0387398898601532, 0.9612600803375244]"
6638,1,49.75%,88.57%,0.3391,"[0.15368714928627014, 0.8463128209114075]"
6639,1,49.76%,88.57%,0.0276,"[0.02099871076643467, 0.9790013432502747]"
6640,1,49.77%,88.57%,0.0194,"[0.02259056083858013, 0.9774094820022583]"
6641,0,49.76%,88.57%,0.0000,"[0.999962568283081, 3.7403944588731974e-05]"
6642,0,49.75%,88.57%,0.0015,"[0.9978421926498413, 0.0021578390151262283]"
6643,0,49.74%,88.58%,0.0000,"[0.9999607801437378, 3.925369310309179e-05]"
6644,0,49.74%,88.58%,0.0000,"[0.9999638795852661, 3.6163273762213066e-05]"
6645,0,49.73%,88.58%,0.0007,"[0.9876216053962708, 0.012378420680761337]"
6646,0,49.72%,88.58%,0.0000,"[0.9999618530273438, 3.812273280345835e-05]"
6647,1,49.73%,88.58%,0.0245,"[0.02327568642795086, 0.97672438621521]"
6648,0,49.72%,88.58%,0.0001,"[0.9999390840530396, 6.0880061937496066e-05]"
6649,1,49.73%,88.59%,0.0522,"[0.04359601438045502, 0.9564039707183838]"
6650,0,49.72%,88.57%,2.8084,"[0.058436501771211624, 0.9415635466575623]"
6651,1,49.73%,88.57%,0.0575,"[0.05741369351744652, 0.9425863027572632]"
6652,0,49.72%,88.58%,0.0001,"[0.9999409914016724, 5.8966197684640065e-05]"
6653,1,49.73%,88.58%,0.0333,"[0.033026278018951416, 0.9669737219810486]"
6654,0,49.72%,88.58%,0.0019,"[0.9945217370986938, 0.005478271748870611]"
6655,1,49.73%,88.58%,0.0623,"[0.05603763088583946, 0.9439623355865479]"
6656,1,49.74%,88.58%,0.0764,"[0.05925876647233963, 0.9407411813735962]"
6657,0,49.73%,88.59%,0.0000,"[0.9999628067016602, 3.716493665706366e-05]"
6658,1,49.74%,88.59%,0.0198,"[0.021479174494743347, 0.9785208702087402]"
6659,0,49.73%,88.59%,0.0000,"[0.9999614953994751, 3.845669198199175e-05]"
6660,0,49.72%,88.58%,3.1691,"[0.037030287086963654, 0.9629696607589722]"
6661,0,49.71%,88.58%,0.0000,"[0.99994957447052, 5.048203092883341e-05]"
6662,0,49.71%,88.58%,0.0001,"[0.9998884201049805, 0.00011153187369927764]"
6663,1,49.71%,88.58%,0.0218,"[0.020505793392658234, 0.9794942140579224]"
6664,1,49.72%,88.58%,0.0662,"[0.06112044304609299, 0.9388795495033264]"
6665,1,49.73%,88.58%,0.0584,"[0.055818505585193634, 0.944181501865387]"
6666,1,49.74%,88.59%,0.0643,"[0.0491110123693943, 0.9508890509605408]"
6667,0,49.73%,88.57%,3.2398,"[0.03141598775982857, 0.9685840606689453]"
6668,1,49.74%,88.57%,0.0336,"[0.03661883994936943, 0.9633811712265015]"
6669,0,49.73%,88.58%,0.5371,"[0.5478584170341492, 0.45214158296585083]"
6670,0,49.72%,88.58%,0.0002,"[0.9998840093612671, 0.00011593116505537182]"
6671,0,49.72%,88.58%,0.0000,"[0.9999680519104004, 3.196107718395069e-05]"
6672,0,49.71%,88.58%,0.0000,"[0.999956488609314, 4.3481359170982614e-05]"
6673,0,49.70%,88.58%,0.0000,"[0.999968409538269, 3.161096901749261e-05]"
6674,1,49.71%,88.58%,0.1631,"[0.19147983193397522, 0.8085201978683472]"
6675,0,49.70%,88.59%,0.0000,"[0.9999582767486572, 4.168397936155088e-05]"
6676,0,49.69%,88.59%,0.0000,"[0.9999710321426392, 2.9019223802606575e-05]"
6677,0,49.69%,88.59%,0.0000,"[0.9999634027481079, 3.655361433629878e-05]"
6678,1,49.69%,88.59%,0.0948,"[0.08351454883813858, 0.9164854884147644]"
6679,1,49.70%,88.59%,0.0741,"[0.08584161847829819, 0.9141584038734436]"
6680,0,49.69%,88.59%,0.0000,"[0.9999701976776123, 2.985411811096128e-05]"
6681,1,49.70%,88.60%,0.0429,"[0.043467551469802856, 0.9565324783325195]"
6682,0,49.69%,88.60%,0.0000,"[0.9999641180038452, 3.591722634155303e-05]"
6683,0,49.69%,88.60%,0.0001,"[0.9999402761459351, 5.970704660285264e-05]"
6684,0,49.68%,88.60%,0.0000,"[0.9999536275863647, 4.639407416107133e-05]"
6685,0,49.67%,88.60%,0.0001,"[0.9999383687973022, 6.160851626191288e-05]"
6686,1,49.68%,88.60%,0.0197,"[0.01994023285806179, 0.980059802532196]"
6687,1,49.69%,88.61%,0.0182,"[0.02001916617155075, 0.9799808859825134]"
6688,1,49.69%,88.61%,0.0248,"[0.023143384605646133, 0.9768566489219666]"
6689,0,49.69%,88.61%,0.0001,"[0.9999139308929443, 8.606800838606432e-05]"
6690,1,49.69%,88.61%,0.0182,"[0.017484162002801895, 0.982515811920166]"
6691,1,49.70%,88.61%,0.0352,"[0.03602256253361702, 0.9639774560928345]"
6692,0,49.69%,88.60%,3.4139,"[0.03409802168607712, 0.9659020304679871]"
6693,0,49.69%,88.60%,0.0001,"[0.9999284744262695, 7.15243149898015e-05]"
6694,0,49.68%,88.60%,0.0000,"[0.9999663829803467, 3.356976230861619e-05]"
6695,1,49.69%,88.61%,0.0187,"[0.017520364373922348, 0.9824796915054321]"
6696,0,49.68%,88.59%,1.6598,"[0.29431989789009094, 0.7056801319122314]"
6697,0,49.67%,88.59%,0.0001,"[0.99993896484375, 6.101623876020312e-05]"
6698,0,49.66%,88.60%,0.0000,"[0.999958872795105, 4.11574546888005e-05]"
6699,0,49.66%,88.60%,0.0000,"[0.9999698400497437, 3.0141358365654014e-05]"
6700,1,49.66%,88.60%,0.0692,"[0.09947055578231812, 0.9005294442176819]"
6701,1,49.67%,88.60%,0.0754,"[0.06114719435572624, 0.938852846622467]"
6702,0,49.66%,88.60%,0.0000,"[0.9999552965164185, 4.46870835730806e-05]"
6703,1,49.67%,88.60%,0.0259,"[0.02518649585545063, 0.9748134613037109]"
6704,1,49.68%,88.61%,0.0266,"[0.022668031975626945, 0.9773319363594055]"
6705,1,49.69%,88.61%,0.0585,"[0.04856552556157112, 0.9514344334602356]"
6706,0,49.68%,88.61%,0.0000,"[0.9999589920043945, 4.102547245565802e-05]"
6707,1,49.69%,88.61%,0.0865,"[0.07679551094770432, 0.9232044816017151]"
6708,1,49.69%,88.61%,0.0707,"[0.06017700955271721, 0.9398229718208313]"
6709,1,49.70%,88.61%,0.0480,"[0.06523990631103516, 0.9347600936889648]"
6710,0,49.69%,88.62%,0.0000,"[0.9999639987945557, 3.601446223910898e-05]"
6711,0,49.69%,88.62%,0.0000,"[0.9999626874923706, 3.7353544030338526e-05]"
6712,1,49.69%,88.62%,0.0315,"[0.0321781188249588, 0.9678218960762024]"
6713,1,49.70%,88.62%,0.0666,"[0.04953548684716225, 0.9504645466804504]"
6714,0,49.69%,88.61%,0.8860,"[0.4350479543209076, 0.5649520754814148]"
6715,1,49.70%,88.61%,0.0181,"[0.016677916049957275, 0.9833221435546875]"
6716,1,49.71%,88.61%,0.0468,"[0.042308688163757324, 0.9576913118362427]"
6717,1,49.72%,88.61%,0.0314,"[0.03067941777408123, 0.9693205952644348]"
6718,1,49.72%,88.61%,0.0158,"[0.01723998226225376, 0.9827600717544556]"
6719,0,49.72%,88.62%,0.0001,"[0.9999593496322632, 4.0702030673855916e-05]"
6720,1,49.72%,88.62%,0.0338,"[0.02959964983165264, 0.970400333404541]"
6721,1,49.73%,88.62%,0.0202,"[0.018501216545701027, 0.9814987778663635]"
6722,0,49.72%,88.62%,0.0000,"[0.9999549388885498, 4.5042444980936125e-05]"
6723,1,49.73%,88.62%,0.0165,"[0.01418838370591402, 0.9858115911483765]"
6724,1,49.74%,88.62%,0.0133,"[0.015727458521723747, 0.9842724800109863]"
6725,1,49.75%,88.63%,0.0366,"[0.05188024044036865, 0.9481197595596313]"
6726,0,49.74%,88.63%,0.0000,"[0.999964714050293, 3.530692629283294e-05]"
6727,1,49.75%,88.63%,0.0303,"[0.028285488486289978, 0.9717144966125488]"
6728,1,49.75%,88.63%,0.0317,"[0.02467963472008705, 0.9753203988075256]"
6729,0,49.75%,88.63%,0.0000,"[0.999962329864502, 3.7610181607306004e-05]"
6730,1,49.75%,88.63%,0.0213,"[0.027440769597887993, 0.9725592136383057]"
6731,0,49.75%,88.64%,0.0001,"[0.9999402761459351, 5.9674257499864325e-05]"
6732,0,49.74%,88.64%,0.0001,"[0.9997515082359314, 0.00024845762527547777]"
6733,1,49.75%,88.64%,0.0232,"[0.02251839078962803, 0.9774815440177917]"
6734,1,49.76%,88.64%,0.0314,"[0.027347251772880554, 0.972652792930603]"
6735,1,49.76%,88.64%,0.5023,"[0.27959638833999634, 0.7204036116600037]"
6736,0,49.76%,88.63%,3.8300,"[0.020128542557358742, 0.9798714518547058]"
6737,1,49.76%,88.63%,0.0183,"[0.019571224227547646, 0.9804287552833557]"
6738,0,49.76%,88.63%,0.0038,"[0.9974760413169861, 0.002523972885683179]"
6739,0,49.75%,88.64%,0.0001,"[0.9999349117279053, 6.503213080577552e-05]"
6740,1,49.76%,88.64%,0.0110,"[0.012870604172348976, 0.9871293902397156]"
6741,0,49.75%,88.62%,1.9666,"[0.2448672652244568, 0.7551327347755432]"
6742,0,49.74%,88.63%,0.0000,"[0.9999411106109619, 5.8893030654871836e-05]"
6743,1,49.75%,88.63%,0.0248,"[0.03228890523314476, 0.9677110314369202]"
6744,1,49.76%,88.63%,0.0228,"[0.02717035822570324, 0.9728296399116516]"
6745,1,49.76%,88.63%,0.0139,"[0.013536783866584301, 0.9864632487297058]"
6746,1,49.77%,88.62%,0.3867,"[0.7453181743621826, 0.25468185544013977]"
6747,1,49.78%,88.62%,0.0146,"[0.013684559613466263, 0.9863154292106628]"
6748,1,49.79%,88.62%,0.0202,"[0.018796931952238083, 0.981203019618988]"
6749,0,49.78%,88.62%,0.1728,"[0.950306236743927, 0.049693763256073]"
6750,0,49.77%,88.62%,0.0001,"[0.9999309778213501, 6.90020970068872e-05]"
6751,0,49.76%,88.63%,0.0001,"[0.9997926354408264, 0.0002073713403660804]"
6752,0,49.76%,88.61%,1.6134,"[0.16045020520687103, 0.8395498394966125]"
6753,1,49.76%,88.61%,0.0936,"[0.06734257191419601, 0.9326574206352234]"
6754,1,49.77%,88.62%,0.0180,"[0.016728483140468597, 0.9832715392112732]"
6755,0,49.76%,88.62%,0.0000,"[0.9999645948410034, 3.543662387528457e-05]"
6756,1,49.77%,88.62%,0.0276,"[0.028765911236405373, 0.9712340831756592]"
6757,0,49.76%,88.61%,2.8839,"[0.05986563861370087, 0.9401343464851379]"
6758,0,49.76%,88.61%,0.0000,"[0.999962329864502, 3.763425411307253e-05]"
6759,0,49.75%,88.61%,0.0000,"[0.9999693632125854, 3.0639836040791124e-05]"
6760,0,49.74%,88.61%,0.0003,"[0.9996896982192993, 0.00031030859099701047]"
6761,0,49.73%,88.61%,0.0001,"[0.9998559951782227, 0.00014400148938875645]"
6762,1,49.74%,88.61%,0.0448,"[0.041195545345544815, 0.9588044285774231]"
6763,0,49.73%,88.62%,0.0001,"[0.9999028444290161, 9.709234291221946e-05]"
6764,1,49.74%,88.62%,0.0369,"[0.03879893571138382, 0.961201012134552]"
6765,1,49.75%,88.62%,0.0479,"[0.045771773904561996, 0.9542282223701477]"
6766,1,49.76%,88.62%,0.0374,"[0.0358947217464447, 0.9641053080558777]"
6767,0,49.75%,88.62%,0.0000,"[0.9999555349349976, 4.4472220906754956e-05]"
6768,0,49.74%,88.62%,0.0000,"[0.9999604225158691, 3.9581474993610755e-05]"
6769,0,49.73%,88.63%,0.0000,"[0.9999595880508423, 4.042737418785691e-05]"
6770,0,49.73%,88.63%,0.0000,"[0.9999675750732422, 3.248075518058613e-05]"
6771,0,49.72%,88.63%,0.2022,"[0.7483361959457397, 0.25166383385658264]"
6772,0,49.71%,88.63%,0.0000,"[0.9999721050262451, 2.7934571335208602e-05]"
6773,1,49.72%,88.63%,0.0490,"[0.056747425347566605, 0.9432525634765625]"
6774,0,49.71%,88.62%,1.2898,"[0.2678053677082062, 0.7321946620941162]"
6775,0,49.70%,88.62%,0.0000,"[0.9999675750732422, 3.240921796532348e-05]"
6776,0,49.70%,88.61%,3.0841,"[0.04970696195960045, 0.9502930045127869]"
6777,1,49.70%,88.61%,0.1531,"[0.09138751775026321, 0.9086124300956726]"
6778,0,49.70%,88.61%,0.0000,"[0.9999771118164062, 2.285435220983345e-05]"
6779,0,49.69%,88.61%,0.0000,"[0.9999591112136841, 4.083608291693963e-05]"
6780,1,49.70%,88.62%,0.0805,"[0.08333000540733337, 0.9166699647903442]"
6781,0,49.69%,88.62%,0.0000,"[0.9999699592590332, 2.999898060807027e-05]"
6782,0,49.68%,88.62%,0.0000,"[0.9999750852584839, 2.4973520339699462e-05]"
6783,0,49.68%,88.62%,0.0024,"[0.9986300468444824, 0.0013699789997190237]"
6784,1,49.68%,88.62%,0.1767,"[0.09316282719373703, 0.9068371057510376]"
6785,1,49.69%,88.62%,0.2892,"[0.15851525962352753, 0.8414847254753113]"
6786,1,49.70%,88.63%,0.0302,"[0.026253800839185715, 0.9737461805343628]"
6787,0,49.69%,88.63%,0.0000,"[0.9999730587005615, 2.6890738809015602e-05]"
6788,0,49.68%,88.63%,0.0000,"[0.9999767541885376, 2.323520129721146e-05]"
6789,1,49.69%,88.63%,0.0583,"[0.06522789597511292, 0.9347720742225647]"
6790,0,49.68%,88.62%,2.1153,"[0.07945194840431213, 0.9205480217933655]"
6791,0,49.68%,88.60%,2.9533,"[0.034697987139225006, 0.965302050113678]"
6792,0,49.67%,88.61%,0.0247,"[0.9775831699371338, 0.02241682820022106]"
6793,0,49.66%,88.61%,0.0000,"[0.9999725818634033, 2.736827082117088e-05]"
6794,1,49.67%,88.61%,0.0892,"[0.0845370665192604, 0.9154629111289978]"
6795,0,49.66%,88.61%,0.0000,"[0.9999727010726929, 2.725276499404572e-05]"
6796,1,49.67%,88.61%,0.0243,"[0.03086046129465103, 0.9691395163536072]"
6797,1,49.68%,88.61%,0.1125,"[0.1124429702758789, 0.8875570893287659]"
6798,0,49.67%,88.62%,0.0009,"[0.9979144930839539, 0.002085526706650853]"
6799,1,49.68%,88.62%,0.1980,"[0.1345362365245819, 0.8654637932777405]"
6800,1,49.68%,88.62%,0.0605,"[0.09601123631000519, 0.903988778591156]"
6801,0,49.68%,88.62%,0.0000,"[0.9999746084213257, 2.5332888981211e-05]"
6802,0,49.67%,88.62%,0.0000,"[0.9999762773513794, 2.3673948817304336e-05]"
6803,0,49.66%,88.62%,0.0000,"[0.99997878074646, 2.1263542294036597e-05]"
6804,0,49.65%,88.63%,0.0000,"[0.9999738931655884, 2.6052683097077534e-05]"
6805,1,49.66%,88.63%,0.0261,"[0.023101190105080605, 0.9768988490104675]"
6806,0,49.65%,88.63%,0.0000,"[0.999970555305481, 2.9452028684318066e-05]"
6807,1,49.66%,88.63%,0.0229,"[0.022231129929423332, 0.9777688980102539]"
6808,0,49.65%,88.63%,0.0000,"[0.999976634979248, 2.3415959731210023e-05]"
6809,0,49.65%,88.63%,0.0001,"[0.9999452829360962, 5.473335477290675e-05]"
6810,0,49.64%,88.64%,0.1055,"[0.9949644804000854, 0.005035526119172573]"
6811,1,49.65%,88.64%,0.0637,"[0.05647779628634453, 0.9435222148895264]"
6812,0,49.64%,88.64%,0.0000,"[0.9999674558639526, 3.250141890021041e-05]"
6813,1,49.65%,88.64%,0.0449,"[0.049440011382102966, 0.9505599737167358]"
6814,1,49.66%,88.64%,0.0422,"[0.047873735427856445, 0.9521263241767883]"
6815,1,49.66%,88.64%,0.0411,"[0.022410273551940918, 0.9775897860527039]"
6816,1,49.67%,88.65%,0.0366,"[0.06097579002380371, 0.9390241503715515]"
6817,0,49.66%,88.65%,0.0000,"[0.9999760389328003, 2.3913335098768584e-05]"
6818,1,49.67%,88.63%,3.2015,"[0.9018113613128662, 0.09818857908248901]"
6819,1,49.68%,88.64%,0.0381,"[0.03034781478345394, 0.9696521162986755]"
6820,1,49.68%,88.64%,0.0149,"[0.0180358923971653, 0.981964111328125]"
6821,1,49.69%,88.64%,0.0156,"[0.013161269016563892, 0.9868387579917908]"
6822,0,49.68%,88.64%,0.0001,"[0.9999436140060425, 5.6329761719098315e-05]"
6823,0,49.68%,88.64%,0.0001,"[0.9999268054962158, 7.313317473744974e-05]"
6824,0,49.67%,88.64%,0.0000,"[0.9999585151672363, 4.153819099883549e-05]"
6825,0,49.66%,88.65%,0.0000,"[0.9999557733535767, 4.423253267304972e-05]"
6826,1,49.67%,88.65%,0.0253,"[0.021474292501807213, 0.978525698184967]"
6827,0,49.66%,88.65%,0.0000,"[0.9999608993530273, 3.909700899384916e-05]"
6828,1,49.67%,88.65%,0.0249,"[0.022727202624082565, 0.9772728085517883]"
6829,1,49.68%,88.65%,0.0170,"[0.013017678633332253, 0.9869824051856995]"
6830,0,49.67%,88.64%,4.0440,"[0.029206067323684692, 0.9707939028739929]"
6831,0,49.66%,88.64%,0.0001,"[0.9999558925628662, 4.41337724623736e-05]"
6832,0,49.66%,88.64%,0.0000,"[0.9999593496322632, 4.067533154739067e-05]"
6833,1,49.66%,88.65%,0.0115,"[0.011055173352360725, 0.9889448285102844]"
6834,0,49.66%,88.63%,3.6812,"[0.01671379804611206, 0.9832861423492432]"
6835,0,49.65%,88.62%,3.3549,"[0.028038667514920235, 0.9719613790512085]"
6836,0,49.64%,88.62%,0.0001,"[0.9999282360076904, 7.179636304499581e-05]"
6837,0,49.63%,88.61%,3.4658,"[0.03861847519874573, 0.9613815546035767]"
6838,1,49.64%,88.61%,0.0257,"[0.02852741628885269, 0.9714725613594055]"
6839,1,49.65%,88.61%,0.0176,"[0.017820924520492554, 0.9821791052818298]"
6840,1,49.66%,88.61%,0.0209,"[0.024115554988384247, 0.9758844375610352]"
6841,1,49.66%,88.61%,0.0461,"[0.051897112280130386, 0.9481029510498047]"
6842,0,49.66%,88.60%,2.5981,"[0.06691580265760422, 0.9330841898918152]"
6843,1,49.66%,88.60%,0.0539,"[0.03625520318746567, 0.9637447595596313]"
6844,0,49.66%,88.60%,0.0000,"[0.9999710321426392, 2.900007712014485e-05]"
6845,1,49.66%,88.61%,0.0581,"[0.05745668336749077, 0.9425432682037354]"
6846,1,49.67%,88.61%,0.0364,"[0.035802703350782394, 0.9641972780227661]"
6847,1,49.68%,88.61%,0.0437,"[0.0486903041601181, 0.9513096809387207]"
6848,1,49.69%,88.61%,0.0567,"[0.04605886712670326, 0.9539411067962646]"
6849,1,49.69%,88.61%,0.0556,"[0.05503407120704651, 0.9449658989906311]"
6850,1,49.70%,88.61%,0.0982,"[0.17263826727867126, 0.8273617029190063]"
6851,1,49.71%,88.60%,0.2965,"[0.6144154667854309, 0.3855845332145691]"
6852,0,49.70%,88.60%,0.0000,"[0.9999628067016602, 3.724206908373162e-05]"
6853,1,49.71%,88.61%,0.0839,"[0.05009566992521286, 0.9499043226242065]"
6854,0,49.70%,88.61%,0.0000,"[0.9999639987945557, 3.5973338526673615e-05]"
6855,1,49.71%,88.61%,0.0435,"[0.048163868486881256, 0.951836109161377]"
6856,1,49.72%,88.61%,0.2937,"[0.2415623515844345, 0.7584375739097595]"
6857,0,49.71%,88.61%,0.0000,"[0.9999674558639526, 3.2567761081736535e-05]"
6858,0,49.70%,88.61%,0.0001,"[0.9999396800994873, 6.026253322488628e-05]"
6859,0,49.69%,88.62%,0.0001,"[0.9999058246612549, 9.418810077477247e-05]"
6860,0,49.69%,88.62%,0.0001,"[0.9998798370361328, 0.0001201895356643945]"
6861,0,49.68%,88.62%,0.0000,"[0.9999642372131348, 3.572956848074682e-05]"
6862,0,49.67%,88.62%,0.0000,"[0.9999470710754395, 5.293152935337275e-05]"
6863,0,49.66%,88.62%,0.0000,"[0.9999567270278931, 4.328402064857073e-05]"
6864,0,49.66%,88.62%,0.0000,"[0.9999589920043945, 4.096757038496435e-05]"
6865,0,49.65%,88.63%,0.0001,"[0.9998828172683716, 0.00011722210183506832]"
6866,0,49.64%,88.63%,0.0000,"[0.999941349029541, 5.8625300880521536e-05]"
6867,0,49.64%,88.63%,0.0001,"[0.9999470710754395, 5.292860441841185e-05]"
6868,1,49.64%,88.63%,0.0177,"[0.017380809411406517, 0.9826191663742065]"
6869,1,49.65%,88.63%,0.0324,"[0.03499099612236023, 0.9650089740753174]"
6870,0,49.64%,88.62%,2.7255,"[0.03104695864021778, 0.968953013420105]"
6871,0,49.64%,88.62%,0.0001,"[0.9998738765716553, 0.00012611437705345452]"
6872,0,49.63%,88.62%,0.0001,"[0.999879002571106, 0.00012097069702576846]"
6873,1,49.64%,88.62%,0.0394,"[0.048377037048339844, 0.9516229629516602]"
6874,1,49.64%,88.63%,0.0234,"[0.04525882005691528, 0.9547411799430847]"
6875,1,49.65%,88.63%,0.0635,"[0.05064624547958374, 0.9493536949157715]"
6876,0,49.64%,88.63%,0.0001,"[0.9999430179595947, 5.6931683502625674e-05]"
6877,1,49.65%,88.63%,0.0390,"[0.05268724262714386, 0.9473127722740173]"
6878,1,49.66%,88.63%,0.0540,"[0.08532918244600296, 0.9146708250045776]"
6879,1,49.67%,88.63%,0.0185,"[0.018313873559236526, 0.9816861152648926]"
6880,0,49.66%,88.64%,0.0010,"[0.9991719722747803, 0.0008280625916086137]"
6881,1,49.67%,88.64%,0.0427,"[0.02708267979323864, 0.9729173183441162]"
6882,0,49.66%,88.62%,3.5822,"[0.039426252245903015, 0.9605737328529358]"
6883,0,49.65%,88.61%,3.3018,"[0.04739111661911011, 0.9526088833808899]"
6884,0,49.64%,88.61%,0.0000,"[0.9999524354934692, 4.754615292767994e-05]"
6885,1,49.65%,88.61%,0.0253,"[0.02905436046421528, 0.9709455966949463]"
6886,1,49.66%,88.62%,0.0246,"[0.022916598245501518, 0.9770834445953369]"
6887,0,49.65%,88.62%,0.0001,"[0.9998352527618408, 0.0001647647877689451]"
6888,0,49.64%,88.62%,0.0001,"[0.9999241828918457, 7.586250285385177e-05]"
6889,0,49.64%,88.61%,2.4709,"[0.06676814705133438, 0.9332318305969238]"
6890,1,49.64%,88.61%,0.2450,"[0.22764737904071808, 0.7723525762557983]"
6891,0,49.64%,88.61%,0.0001,"[0.9999403953552246, 5.961209535598755e-05]"
6892,0,49.63%,88.60%,1.8414,"[0.07563803344964981, 0.9243619441986084]"
6893,0,49.62%,88.60%,0.0622,"[0.6518570780754089, 0.34814295172691345]"
6894,1,49.63%,88.60%,0.0646,"[0.07709954679012299, 0.9229004979133606]"
6895,1,49.64%,88.60%,0.2700,"[0.19043375551700592, 0.8095662593841553]"
6896,1,49.64%,88.59%,0.5978,"[0.7129473090171814, 0.28705263137817383]"
6897,1,49.65%,88.59%,0.0290,"[0.04301776364445686, 0.9569822549819946]"
6898,0,49.64%,88.59%,0.0006,"[0.9991975426673889, 0.0008024356793612242]"
6899,0,49.64%,88.59%,0.0002,"[0.9997492432594299, 0.00025074410950765014]"
6900,0,49.63%,88.60%,0.0000,"[0.9999573230743408, 4.270338831702247e-05]"
6901,0,49.62%,88.60%,0.0001,"[0.9999469518661499, 5.3082167141838e-05]"
6902,1,49.63%,88.60%,0.0273,"[0.027841588482260704, 0.9721583724021912]"
6903,0,49.62%,88.60%,0.0001,"[0.9999451637268066, 5.4866821301402524e-05]"
6904,1,49.63%,88.60%,0.0464,"[0.047382205724716187, 0.9526177644729614]"
6905,1,49.64%,88.60%,0.1623,"[0.07294085621833801, 0.9270591735839844]"
6906,0,49.63%,88.59%,2.4279,"[0.0815403014421463, 0.9184596538543701]"
6907,0,49.62%,88.59%,0.0001,"[0.999951958656311, 4.8098059778567404e-05]"
6908,1,49.63%,88.59%,0.0558,"[0.23912553489208221, 0.7608745098114014]"
6909,0,49.62%,88.60%,0.0001,"[0.9998204112052917, 0.0001796207798179239]"
6910,1,49.63%,88.60%,0.0463,"[0.03093734383583069, 0.9690626859664917]"
6911,0,49.62%,88.60%,0.0001,"[0.9999423027038574, 5.7647361245471984e-05]"
6912,0,49.62%,88.60%,1.8652,"[0.5061204433441162, 0.4938795268535614]"
6913,1,49.62%,88.60%,0.0942,"[0.02678687870502472, 0.9732131958007812]"
6914,1,49.63%,88.60%,0.4137,"[0.27402597665786743, 0.7259740233421326]"
6915,1,49.64%,88.61%,0.2032,"[0.1358547806739807, 0.8641452789306641]"
6916,0,49.63%,88.59%,2.5465,"[0.09698746353387833, 0.9030125141143799]"
6917,1,49.64%,88.59%,0.0283,"[0.06780458986759186, 0.9321953654289246]"
6918,1,49.65%,88.60%,0.0203,"[0.021947301924228668, 0.9780526757240295]"
6919,1,49.65%,88.60%,0.0287,"[0.038247182965278625, 0.9617528319358826]"
6920,0,49.65%,88.60%,0.0001,"[0.9999470710754395, 5.2933752158423886e-05]"
6921,0,49.64%,88.60%,0.4660,"[0.985176682472229, 0.01482334639877081]"
6922,0,49.63%,88.60%,0.0001,"[0.9997465014457703, 0.0002535341482143849]"
6923,0,49.62%,88.59%,3.2040,"[0.07729905843734741, 0.9227008819580078]"
6924,1,49.63%,88.59%,0.0194,"[0.053725965321063995, 0.9462741017341614]"
6925,1,49.64%,88.59%,0.0225,"[0.02973293326795101, 0.9702670574188232]"
6926,0,49.63%,88.60%,0.0026,"[0.8942304849624634, 0.1057695597410202]"
6927,1,49.64%,88.60%,0.0502,"[0.04504481330513954, 0.9549551606178284]"
6928,1,49.65%,88.60%,0.2185,"[0.08949891477823257, 0.9105011224746704]"
6929,1,49.65%,88.60%,0.0262,"[0.053587112575769424, 0.9464128613471985]"
6930,1,49.66%,88.60%,0.0491,"[0.045419611036777496, 0.9545803666114807]"
6931,1,49.67%,88.60%,0.0386,"[0.043189700692892075, 0.9568103551864624]"
6932,0,49.66%,88.61%,0.0001,"[0.9999344348907471, 6.556991138495505e-05]"
6933,0,49.65%,88.59%,2.4705,"[0.08143086731433868, 0.9185692071914673]"
6934,0,49.65%,88.59%,0.0002,"[0.9997660517692566, 0.00023394347226712853]"
6935,0,49.64%,88.60%,0.0001,"[0.9999146461486816, 8.535871165804565e-05]"
6936,0,49.63%,88.60%,0.0004,"[0.9998348951339722, 0.00016501978097949177]"
6937,1,49.64%,88.60%,0.0300,"[0.05150388926267624, 0.9484961628913879]"
6938,1,49.65%,88.60%,0.0348,"[0.06087283790111542, 0.9391272068023682]"
6939,0,49.64%,88.60%,0.0000,"[0.9999487400054932, 5.1309834816493094e-05]"
6940,1,49.65%,88.60%,0.1105,"[0.08075083792209625, 0.9192491173744202]"
6941,0,49.64%,88.61%,0.0015,"[0.9984205961227417, 0.0015794332139194012]"
6942,1,49.65%,88.61%,0.1197,"[0.09641602635383606, 0.9035840034484863]"
6943,0,49.64%,88.61%,0.0013,"[0.9970679879188538, 0.002932041184976697]"
6944,1,49.65%,88.61%,0.1315,"[0.20308935642242432, 0.7969106435775757]"
6945,1,49.65%,88.61%,0.1374,"[0.16660885512828827, 0.8333910703659058]"
6946,1,49.66%,88.61%,0.0728,"[0.020532405003905296, 0.9794675707817078]"
6947,1,49.67%,88.62%,0.0542,"[0.037435080856084824, 0.9625649452209473]"
6948,0,49.66%,88.60%,2.9970,"[0.06047455593943596, 0.9395254254341125]"
6949,1,49.67%,88.60%,0.0273,"[0.03674299269914627, 0.9632569551467896]"
6950,1,49.68%,88.61%,0.0272,"[0.020497988909482956, 0.9795020222663879]"
6951,1,49.68%,88.61%,0.0707,"[0.048259004950523376, 0.9517409801483154]"
6952,1,49.69%,88.61%,0.0794,"[0.04818970337510109, 0.9518103003501892]"
6953,0,49.68%,88.61%,0.0000,"[0.999948263168335, 5.1706570957321674e-05]"
6954,0,49.68%,88.60%,0.6505,"[0.40017157793045044, 0.5998284220695496]"
6955,0,49.67%,88.60%,0.0001,"[0.9998432397842407, 0.0001567771250847727]"
6956,1,49.68%,88.60%,0.0333,"[0.032125458121299744, 0.9678745269775391]"
6957,0,49.67%,88.60%,0.0176,"[0.59044349193573, 0.40955644845962524]"
6958,0,49.66%,88.59%,2.8306,"[0.05522916093468666, 0.9447708129882812]"
6959,1,49.67%,88.59%,0.0359,"[0.042846255004405975, 0.9571536779403687]"
6960,1,49.68%,88.59%,0.0650,"[0.09186964482069016, 0.9081303477287292]"
6961,1,49.68%,88.60%,0.0213,"[0.03005285933613777, 0.969947099685669]"
6962,0,49.68%,88.60%,0.0001,"[0.9999381303787231, 6.180912168929353e-05]"
6963,1,49.68%,88.60%,0.0468,"[0.035034842789173126, 0.9649651646614075]"
6964,1,49.69%,88.60%,0.0961,"[0.10204634070396423, 0.8979536890983582]"
6965,0,49.68%,88.60%,0.0002,"[0.9997668862342834, 0.00023316098668146878]"
6966,1,49.69%,88.60%,0.0427,"[0.05255409702658653, 0.9474458694458008]"
6967,0,49.68%,88.59%,2.3437,"[0.07785333693027496, 0.9221466779708862]"
6968,0,49.68%,88.59%,0.0001,"[0.9998440742492676, 0.00015591172268614173]"
6969,1,49.68%,88.59%,0.0372,"[0.042964041233062744, 0.9570359587669373]"
6970,1,49.69%,88.60%,0.0749,"[0.07103264331817627, 0.9289673566818237]"
6971,0,49.68%,88.60%,0.0002,"[0.999875545501709, 0.00012438595877029002]"
6972,0,49.68%,88.60%,0.0001,"[0.9998751878738403, 0.00012476062693167478]"
6973,1,49.68%,88.60%,0.0783,"[0.056705277413129807, 0.9432947635650635]"
6974,0,49.68%,88.60%,0.0001,"[0.9998979568481445, 0.00010201656550634652]"
6975,1,49.68%,88.60%,0.0625,"[0.07682637870311737, 0.9231736063957214]"
6976,0,49.68%,88.61%,0.0001,"[0.9999016523361206, 9.830054477788508e-05]"
6977,1,49.68%,88.61%,0.0767,"[0.08804692327976227, 0.9119530916213989]"
6978,1,49.69%,88.61%,0.0259,"[0.026086101308465004, 0.9739139080047607]"
6979,0,49.68%,88.61%,0.0001,"[0.9999405145645142, 5.9453472204040736e-05]"
6980,0,49.68%,88.60%,0.5252,"[0.25962862372398376, 0.7403714060783386]"
6981,1,49.68%,88.60%,0.0637,"[0.09473735094070435, 0.9052626490592957]"
6982,1,49.69%,88.60%,0.0857,"[0.09925813227891922, 0.9007418751716614]"
6983,1,49.70%,88.60%,0.0442,"[0.0386858731508255, 0.9613141417503357]"
6984,0,49.69%,88.60%,0.0000,"[0.9999487400054932, 5.1236344006611034e-05]"
6985,0,49.69%,88.61%,0.0001,"[0.9999359846115112, 6.402586586773396e-05]"
6986,1,49.69%,88.61%,0.0602,"[0.027557887136936188, 0.9724421501159668]"
6987,0,49.69%,88.61%,1.2541,"[0.9694268703460693, 0.030573129653930664]"
6988,0,49.68%,88.61%,0.0001,"[0.9999334812164307, 6.65238403598778e-05]"
6989,1,49.69%,88.61%,0.0369,"[0.04283994436264038, 0.9571600556373596]"
6990,1,49.69%,88.61%,0.0370,"[0.11627907305955887, 0.8837209343910217]"
6991,0,49.69%,88.62%,0.0000,"[0.9999624490737915, 3.757562444661744e-05]"
6992,1,49.69%,88.62%,0.0445,"[0.07336392253637314, 0.9266360402107239]"
6993,0,49.69%,88.62%,0.0001,"[0.9999364614486694, 6.354066863423213e-05]"
6994,1,49.69%,88.62%,0.4535,"[0.23345500230789185, 0.7665449976921082]"
6995,1,49.70%,88.62%,0.0477,"[0.04657233506441116, 0.9534276127815247]"
6996,1,49.71%,88.62%,0.0629,"[0.10685446858406067, 0.8931455612182617]"
6997,1,49.71%,88.63%,0.1951,"[0.10931607335805893, 0.8906838893890381]"
6998,1,49.72%,88.63%,0.0416,"[0.023819182068109512, 0.9761808514595032]"
6999,0,49.71%,88.63%,0.0000,"[0.999957799911499, 4.222803909215145e-05]"
7000,1,49.72%,88.63%,0.0333,"[0.021889738738536835, 0.9781102538108826]"
7001,1,49.73%,88.63%,0.0338,"[0.014471826143562794, 0.9855281710624695]"
7002,1,49.74%,88.63%,0.0484,"[0.02678423561155796, 0.9732157588005066]"
7003,1,49.74%,88.64%,0.0130,"[0.011393601074814796, 0.9886063933372498]"
7004,0,49.74%,88.64%,0.1140,"[0.9751954674720764, 0.02480451576411724]"
7005,0,49.73%,88.62%,3.5261,"[0.03433198481798172, 0.9656679630279541]"
7006,0,49.72%,88.63%,0.0004,"[0.9991011619567871, 0.0008988205809146166]"
7007,1,49.73%,88.63%,0.0294,"[0.021489346399903297, 0.9785106182098389]"
7008,0,49.72%,88.63%,0.0022,"[0.9993758797645569, 0.0006241999217309058]"
7009,1,49.73%,88.63%,0.0292,"[0.023143915459513664, 0.9768560528755188]"
7010,1,49.74%,88.63%,0.0304,"[0.027299311012029648, 0.9727007150650024]"
7011,1,49.74%,88.63%,0.0648,"[0.04886876419186592, 0.9511311650276184]"
7012,0,49.74%,88.62%,2.9997,"[0.04058341681957245, 0.9594165682792664]"
7013,1,49.74%,88.62%,0.0314,"[0.0295917559415102, 0.9704082608222961]"
7014,0,49.74%,88.61%,3.7789,"[0.022377582266926765, 0.977622389793396]"
7015,0,49.73%,88.61%,0.0131,"[0.9962701797485352, 0.0037297795061022043]"
7016,1,49.74%,88.61%,0.0376,"[0.03700937330722809, 0.9629907011985779]"
7017,0,49.73%,88.61%,0.0004,"[0.9985536932945251, 0.00144627271220088]"
7018,0,49.72%,88.62%,0.0015,"[0.9989804625511169, 0.0010194722563028336]"
7019,1,49.73%,88.62%,0.1436,"[0.10905014723539352, 0.8909498453140259]"
7020,0,49.72%,88.62%,0.0001,"[0.9998999834060669, 0.00010003118950407952]"
7021,0,49.72%,88.62%,0.0005,"[0.9998062252998352, 0.0001937666384037584]"
7022,1,49.72%,88.62%,0.0401,"[0.031585901975631714, 0.9684140682220459]"
7023,0,49.72%,88.61%,3.2589,"[0.05257786810398102, 0.9474220871925354]"
7024,1,49.72%,88.61%,0.0269,"[0.02240642160177231, 0.9775935411453247]"
7025,1,49.73%,88.61%,0.0629,"[0.04403779283165932, 0.9559621214866638]"
7026,0,49.72%,88.62%,0.0002,"[0.9995700716972351, 0.0004298697167541832]"
7027,0,49.72%,88.62%,0.0007,"[0.9970206618309021, 0.0029793467838317156]"
7028,1,49.72%,88.62%,0.1572,"[0.0970502719283104, 0.9029497504234314]"
7029,0,49.72%,88.61%,2.2133,"[0.11634430289268494, 0.8836556673049927]"
7030,0,49.71%,88.61%,0.0006,"[0.998897910118103, 0.0011020812671631575]"
7031,1,49.72%,88.61%,0.0756,"[0.15310314297676086, 0.8468968272209167]"
7032,0,49.71%,88.61%,1.1013,"[0.665433943271637, 0.33456602692604065]"
7033,0,49.70%,88.61%,0.0000,"[0.9999710321426392, 2.8946060410817154e-05]"
7034,0,49.69%,88.60%,3.1948,"[0.07523393630981445, 0.9247660040855408]"
7035,1,49.70%,88.60%,0.0765,"[0.14780351519584656, 0.852196455001831]"
7036,1,49.71%,88.60%,0.2042,"[0.14876094460487366, 0.851239025592804]"
7037,0,49.70%,88.60%,0.0001,"[0.9998573064804077, 0.00014264427591115236]"
7038,1,49.71%,88.61%,0.1658,"[0.14448383450508118, 0.8555161356925964]"
7039,1,49.72%,88.61%,0.0772,"[0.0778326615691185, 0.9221673607826233]"
7040,0,49.71%,88.61%,0.0012,"[0.9996720552444458, 0.0003279029915574938]"
7041,1,49.72%,88.61%,0.0956,"[0.08084512501955032, 0.9191548824310303]"
7042,1,49.72%,88.61%,0.0398,"[0.03729602321982384, 0.9627040028572083]"
7043,0,49.72%,88.61%,0.0001,"[0.9998705387115479, 0.00012948171934112906]"
7044,1,49.72%,88.62%,0.0640,"[0.06376234441995621, 0.936237633228302]"
7045,1,49.73%,88.62%,0.0534,"[0.05844634398818016, 0.9415537118911743]"
7046,1,49.74%,88.62%,0.0649,"[0.06719625741243362, 0.932803750038147]"
7047,1,49.74%,88.62%,0.0988,"[0.08846862614154816, 0.911531388759613]"
7048,1,49.75%,88.62%,0.0425,"[0.04800419136881828, 0.9519957900047302]"
7049,1,49.76%,88.62%,0.0466,"[0.04274221137166023, 0.9572578072547913]"
7050,1,49.77%,88.63%,0.0669,"[0.054732587188482285, 0.945267379283905]"
7051,0,49.76%,88.63%,0.0002,"[0.9998759031295776, 0.00012412127398420125]"
7052,0,49.75%,88.63%,0.0001,"[0.9997475743293762, 0.00025247930898331106]"
7053,0,49.74%,88.63%,0.0076,"[0.9850990772247314, 0.014900952577590942]"
7054,0,49.74%,88.63%,0.0008,"[0.9980931878089905, 0.0019067534012719989]"
7055,1,49.74%,88.63%,0.0458,"[0.04680769890546799, 0.9531922936439514]"
7056,1,49.75%,88.64%,0.0365,"[0.03490961715579033, 0.9650903940200806]"
7057,1,49.76%,88.64%,0.0327,"[0.027100300416350365, 0.9728997349739075]"
7058,1,49.77%,88.64%,0.0277,"[0.027260880917310715, 0.9727391004562378]"
7059,1,49.77%,88.64%,0.0235,"[0.023571176454424858, 0.976428747177124]"
7060,1,49.78%,88.64%,0.0306,"[0.02809005416929722, 0.9719099402427673]"
7061,0,49.77%,88.64%,0.0001,"[0.9999215602874756, 7.839108002372086e-05]"
7062,1,49.78%,88.65%,0.0170,"[0.01700471341609955, 0.9829952120780945]"
7063,0,49.77%,88.63%,2.3778,"[0.09420054405927658, 0.9057994484901428]"
7064,1,49.78%,88.63%,0.0266,"[0.023578735068440437, 0.9764212965965271]"
7065,0,49.77%,88.64%,0.0001,"[0.9998542070388794, 0.00014575815293937922]"
7066,1,49.78%,88.64%,0.0185,"[0.02230929397046566, 0.9776907563209534]"
7067,1,49.79%,88.64%,0.0241,"[0.0192255862057209, 0.980774462223053]"
7068,0,49.78%,88.64%,0.0003,"[0.999721348285675, 0.0002786147524602711]"
7069,0,49.77%,88.63%,3.7703,"[0.022596584632992744, 0.977403461933136]"
7070,1,49.78%,88.63%,0.0330,"[0.026275593787431717, 0.973724365234375]"
7071,0,49.77%,88.63%,0.0007,"[0.9996715784072876, 0.0003284539852757007]"
7072,1,49.78%,88.63%,0.0256,"[0.026089398190379143, 0.9739106297492981]"
7073,0,49.77%,88.63%,0.0045,"[0.9967407584190369, 0.003259205725044012]"
7074,1,49.78%,88.64%,0.0569,"[0.04384930431842804, 0.9561506509780884]"
7075,1,49.79%,88.64%,0.0416,"[0.04123036563396454, 0.9587696194648743]"
7076,0,49.78%,88.64%,0.0001,"[0.9999252557754517, 7.472484139725566e-05]"
7077,0,49.77%,88.64%,0.0021,"[0.9965309500694275, 0.003469023620709777]"
7078,0,49.77%,88.64%,0.0005,"[0.999710738658905, 0.000289226503809914]"
7079,1,49.77%,88.64%,0.0346,"[0.03802858293056488, 0.9619714021682739]"
7080,1,49.78%,88.65%,0.0221,"[0.02159474976360798, 0.978405237197876]"
7081,1,49.79%,88.65%,0.0210,"[0.02492005191743374, 0.9750799536705017]"
7082,1,49.80%,88.65%,0.0732,"[0.0747688040137291, 0.9252312183380127]"
7083,0,49.79%,88.64%,3.7225,"[0.027396760880947113, 0.9726032614707947]"
7084,1,49.80%,88.64%,0.0585,"[0.07342042028903961, 0.9265796542167664]"
7085,1,49.80%,88.64%,0.0336,"[0.033598728477954865, 0.966401219367981]"
7086,1,49.81%,88.64%,0.0179,"[0.01805637590587139, 0.9819436073303223]"
7087,0,49.80%,88.64%,0.0001,"[0.999921441078186, 7.849340181564912e-05]"
7088,0,49.80%,88.64%,0.0001,"[0.9999518394470215, 4.811851613339968e-05]"
7089,0,49.79%,88.65%,0.0001,"[0.9998897314071655, 0.00011031361646018922]"
7090,0,49.78%,88.65%,0.0003,"[0.9994515776634216, 0.0005484212306328118]"
7091,0,49.77%,88.65%,0.0005,"[0.9992703795433044, 0.0007296528201550245]"
7092,0,49.77%,88.65%,0.0003,"[0.9996627569198608, 0.0003372111532371491]"
7093,1,49.77%,88.65%,0.0501,"[0.04648931697010994, 0.9535107612609863]"
7094,0,49.77%,88.65%,0.0003,"[0.99977046251297, 0.00022955353779252619]"
7095,0,49.76%,88.66%,0.0003,"[0.9998294115066528, 0.0001705727627268061]"
7096,0,49.75%,88.66%,0.0001,"[0.999825656414032, 0.00017440991359762847]"
7097,0,49.75%,88.66%,0.0001,"[0.9999387264251709, 6.123798084445298e-05]"
7098,0,49.74%,88.65%,2.2163,"[0.14522582292556763, 0.8547741174697876]"
7099,0,49.73%,88.65%,0.0001,"[0.9999029636383057, 9.699379006633535e-05]"
7100,0,49.73%,88.65%,0.0003,"[0.9996652603149414, 0.00033468863693997264]"
7101,0,49.72%,88.64%,3.0803,"[0.039824243634939194, 0.9601757526397705]"
7102,0,49.71%,88.64%,0.0000,"[0.9999598264694214, 4.01869801862631e-05]"
7103,0,49.70%,88.64%,0.0002,"[0.9996497631072998, 0.00035023820237256587]"
7104,1,49.71%,88.64%,0.0250,"[0.02542014606297016, 0.9745798110961914]"
7105,0,49.70%,88.64%,0.0000,"[0.999962329864502, 3.765335350180976e-05]"
7106,0,49.70%,88.64%,0.0001,"[0.9999428987503052, 5.713662540074438e-05]"
7107,1,49.70%,88.65%,0.0602,"[0.05413138121366501, 0.9458686113357544]"
7108,0,49.70%,88.65%,0.0000,"[0.9999656677246094, 3.433921665418893e-05]"
7109,1,49.70%,88.65%,0.1181,"[0.11330681294202805, 0.8866931796073914]"
7110,0,49.70%,88.65%,0.0003,"[0.9996869564056396, 0.0003130118711851537]"
7111,0,49.69%,88.65%,0.0000,"[0.9999644756317139, 3.550010660546832e-05]"
7112,0,49.68%,88.65%,0.0000,"[0.9999710321426392, 2.899255559896119e-05]"
7113,1,49.69%,88.66%,0.0719,"[0.062000736594200134, 0.9379992485046387]"
7114,0,49.68%,88.66%,0.0001,"[0.9998937845230103, 0.00010624614515108988]"
7115,0,49.68%,88.66%,0.0001,"[0.9999387264251709, 6.122198101365939e-05]"
7116,1,49.68%,88.66%,0.0307,"[0.030378250405192375, 0.9696217775344849]"
7117,0,49.68%,88.65%,2.6399,"[0.07175231724977493, 0.9282476902008057]"
7118,0,49.67%,88.65%,0.0002,"[0.9998244643211365, 0.00017562363063916564]"
7119,1,49.68%,88.65%,0.0778,"[0.07408712804317474, 0.9259129166603088]"
7120,1,49.68%,88.65%,0.0673,"[0.0674617737531662, 0.9325381517410278]"
7121,1,49.69%,88.65%,0.0725,"[0.06822724640369415, 0.9317727088928223]"
7122,0,49.68%,88.64%,1.1610,"[0.3113924264907837, 0.6886075139045715]"
7123,1,49.69%,88.64%,0.0444,"[0.038962818682193756, 0.9610371589660645]"
7124,1,49.70%,88.65%,0.0377,"[0.038091957569122314, 0.9619081020355225]"
7125,1,49.71%,88.65%,0.0443,"[0.046588536351919174, 0.9534114599227905]"
7126,1,49.71%,88.65%,0.2724,"[0.2269754707813263, 0.7730245590209961]"
7127,0,49.71%,88.65%,0.0000,"[0.9999668598175049, 3.3186555810971186e-05]"
7128,1,49.71%,88.65%,0.0341,"[0.03344437852501869, 0.966555655002594]"
7129,0,49.71%,88.65%,0.0004,"[0.9996311664581299, 0.00036877483944408596]"
7130,1,49.71%,88.66%,0.0314,"[0.030829746276140213, 0.969170331954956]"
7131,1,49.72%,88.66%,0.0351,"[0.03489115089178085, 0.9651088118553162]"
7132,0,49.71%,88.66%,0.0000,"[0.9999533891677856, 4.6613015001639724e-05]"
7133,0,49.71%,88.65%,0.4648,"[0.4987978935241699, 0.5012021064758301]"
7134,1,49.71%,88.65%,0.2764,"[0.36251184344291687, 0.6374882459640503]"
7135,0,49.71%,88.65%,0.0001,"[0.9999479055404663, 5.205104753258638e-05]"
7136,1,49.71%,88.65%,0.0525,"[0.05471719801425934, 0.9452828168869019]"
7137,1,49.72%,88.65%,0.4925,"[0.4466947615146637, 0.5533052682876587]"
7138,0,49.71%,88.64%,3.0538,"[0.04961425065994263, 0.9503856897354126]"
7139,0,49.71%,88.63%,2.9669,"[0.05987253785133362, 0.9401274919509888]"
7140,0,49.70%,88.63%,0.0001,"[0.9999489784240723, 5.0969236326636747e-05]"
7141,1,49.71%,88.63%,0.0807,"[0.07576055079698563, 0.924239456653595]"
7142,1,49.71%,88.63%,0.0277,"[0.028602903708815575, 0.9713970422744751]"
7143,0,49.71%,88.63%,0.0142,"[0.9981537461280823, 0.001846226048655808]"
7144,1,49.71%,88.64%,0.0824,"[0.07719913870096207, 0.9228008985519409]"
7145,1,49.72%,88.64%,0.1924,"[0.11583959311246872, 0.8841603994369507]"
7146,0,49.71%,88.64%,0.0007,"[0.9997939467430115, 0.00020603608572855592]"
7147,0,49.71%,88.64%,0.0001,"[0.9999364614486694, 6.353012577164918e-05]"
7148,1,49.71%,88.64%,0.0572,"[0.0521332211792469, 0.9478667974472046]"
7149,1,49.72%,88.64%,0.0287,"[0.02802637591958046, 0.9719736576080322]"
7150,0,49.71%,88.64%,0.0001,"[0.9999314546585083, 6.848161137895659e-05]"
7151,0,49.71%,88.65%,0.0009,"[0.9994744658470154, 0.0005255698342807591]"
7152,1,49.71%,88.65%,0.0609,"[0.05803637206554413, 0.9419636130332947]"
7153,0,49.71%,88.64%,3.2524,"[0.04064497351646423, 0.9593549966812134]"
7154,1,49.71%,88.64%,0.0350,"[0.039408810436725616, 0.9605912566184998]"
7155,0,49.71%,88.64%,0.0002,"[0.9997785687446594, 0.00022145311231724918]"
7156,1,49.71%,88.64%,0.0278,"[0.02742762118577957, 0.972572386264801]"
7157,1,49.72%,88.64%,0.0445,"[0.04351876676082611, 0.9564812183380127]"
7158,1,49.73%,88.64%,0.0639,"[0.06691740453243256, 0.9330825209617615]"
7159,1,49.73%,88.65%,0.0331,"[0.03033352643251419, 0.9696664810180664]"
7160,1,49.74%,88.65%,0.0381,"[0.03963597118854523, 0.960364043712616]"
7161,1,49.75%,88.65%,0.1101,"[0.07844870537519455, 0.9215513467788696]"
7162,1,49.76%,88.65%,0.0353,"[0.03750929981470108, 0.9624907374382019]"
7163,1,49.76%,88.65%,0.0411,"[0.03614150360226631, 0.9638584852218628]"
7164,1,49.77%,88.65%,0.0376,"[0.035802390426397324, 0.9641976356506348]"
7165,1,49.78%,88.65%,0.0730,"[0.06299059838056564, 0.9370094537734985]"
7166,0,49.77%,88.66%,0.0003,"[0.9998878240585327, 0.00011219333100598305]"
7167,1,49.78%,88.66%,0.0292,"[0.03121577948331833, 0.9687842726707458]"
7168,1,49.78%,88.66%,0.0227,"[0.022691406309604645, 0.9773085713386536]"
7169,1,49.79%,88.66%,0.0206,"[0.02140551432967186, 0.9785944819450378]"
7170,0,49.78%,88.65%,2.5817,"[0.08876188099384308, 0.9112380743026733]"
7171,1,49.79%,88.65%,0.0356,"[0.034748729318380356, 0.9652512669563293]"
7172,1,49.80%,88.65%,0.0393,"[0.038956087082624435, 0.9610438942909241]"
7173,0,49.79%,88.64%,2.4708,"[0.0758729949593544, 0.9241270422935486]"
7174,0,49.78%,88.64%,0.0038,"[0.9981865286827087, 0.0018134017009288073]"
7175,1,49.79%,88.64%,0.0202,"[0.020108575001358986, 0.9798913598060608]"
7176,0,49.78%,88.64%,0.0357,"[0.6047400832176208, 0.39525991678237915]"
7177,1,49.79%,88.65%,0.0397,"[0.03668227419257164, 0.9633176922798157]"
7178,1,49.80%,88.65%,0.0216,"[0.024687858298420906, 0.9753121137619019]"
7179,0,49.79%,88.65%,0.0004,"[0.9994586110115051, 0.000541377579793334]"
7180,0,49.78%,88.64%,3.3003,"[0.03421950340270996, 0.96578049659729]"
7181,1,49.79%,88.64%,0.0582,"[0.06366875767707825, 0.9363312125205994]"
7182,0,49.78%,88.64%,0.0002,"[0.9995643496513367, 0.00043562325299717486]"
7183,0,49.78%,88.63%,1.1618,"[0.21310515701770782, 0.7868949174880981]"
7184,0,49.77%,88.63%,0.0002,"[0.9997013211250305, 0.0002986412728205323]"
7185,1,49.78%,88.63%,0.0353,"[0.034851234406232834, 0.9651488065719604]"
7186,1,49.78%,88.63%,0.0911,"[0.0760352611541748, 0.92396479845047]"
7187,0,49.78%,88.63%,0.0005,"[0.9998255372047424, 0.00017443235265091062]"
7188,1,49.78%,88.64%,0.0475,"[0.045835744589567184, 0.9541643261909485]"
7189,0,49.78%,88.64%,0.0000,"[0.9999785423278809, 2.14591473195469e-05]"
7190,1,49.78%,88.64%,0.0858,"[0.0683349072933197, 0.9316650629043579]"
7191,0,49.78%,88.63%,2.7867,"[0.07705437391996384, 0.9229455590248108]"
7192,0,49.77%,88.63%,0.0000,"[0.9999747276306152, 2.5277700842707418e-05]"
7193,1,49.78%,88.63%,0.2082,"[0.13636964559555054, 0.8636302947998047]"
7194,1,49.78%,88.63%,0.0754,"[0.09356272220611572, 0.9064372181892395]"
7195,1,49.79%,88.63%,0.0482,"[0.044164448976516724, 0.9558355808258057]"
7196,1,49.80%,88.63%,0.3345,"[0.1906084567308426, 0.8093915581703186]"
7197,0,49.79%,88.64%,0.0000,"[0.9999580383300781, 4.198558963253163e-05]"
7198,0,49.78%,88.64%,0.0002,"[0.9997838139533997, 0.0002162220043828711]"
7199,1,49.79%,88.64%,0.1409,"[0.12053434550762177, 0.879465639591217]"
7200,0,49.78%,88.63%,1.4020,"[0.20626504719257355, 0.7937349081039429]"
7201,0,49.78%,88.61%,0.8968,"[0.38878434896469116, 0.6112155914306641]"
7202,0,49.77%,88.60%,2.6292,"[0.05916793644428253, 0.9408320188522339]"
7203,0,49.76%,88.60%,0.0001,"[0.9999642372131348, 3.5744975320994854e-05]"
7204,1,49.77%,88.61%,0.1869,"[0.1365044116973877, 0.8634955286979675]"
7205,1,49.78%,88.61%,0.1296,"[0.1465592086315155, 0.8534408211708069]"
7206,1,49.78%,88.61%,0.0967,"[0.08315269649028778, 0.916847288608551]"
7207,0,49.78%,88.61%,0.0000,"[0.9999687671661377, 3.125107832602225e-05]"
7208,0,49.77%,88.61%,0.0000,"[0.999955415725708, 4.453035944607109e-05]"
7209,1,49.78%,88.61%,0.0696,"[0.07872229814529419, 0.921277642250061]"
7210,0,49.77%,88.61%,0.0000,"[0.9999619722366333, 3.8032459997339174e-05]"
7211,0,49.76%,88.60%,2.5897,"[0.0728151723742485, 0.9271848201751709]"
7212,1,49.77%,88.60%,0.0371,"[0.03264303877949715, 0.9673569798469543]"
7213,0,49.76%,88.59%,2.2615,"[0.09195349365472794, 0.9080464839935303]"
7214,0,49.76%,88.59%,0.0001,"[0.9999299049377441, 7.005564111750573e-05]"
7215,1,49.76%,88.59%,0.1008,"[0.10653752088546753, 0.8934625387191772]"
7216,1,49.77%,88.60%,0.1252,"[0.14022418856620789, 0.8597757816314697]"
7217,1,49.78%,88.60%,1.9031,"[0.27716636657714844, 0.7228335738182068]"
7218,1,49.79%,88.60%,0.0390,"[0.03991830348968506, 0.9600816965103149]"
7219,1,49.79%,88.60%,0.1680,"[0.1219480037689209, 0.8780520558357239]"
7220,0,49.79%,88.60%,0.0001,"[0.9998757839202881, 0.00012421506107784808]"
7221,1,49.79%,88.60%,0.0818,"[0.07295848429203033, 0.9270415306091309]"
7222,0,49.79%,88.61%,0.0001,"[0.9996800422668457, 0.00031994879827834666]"
7223,1,49.79%,88.61%,0.1217,"[0.08794163912534714, 0.9120582938194275]"
7224,0,49.79%,88.61%,0.0247,"[0.9808107018470764, 0.019189344719052315]"
7225,1,49.79%,88.61%,0.0708,"[0.07336645573377609, 0.9266335964202881]"
7226,0,49.79%,88.61%,0.0002,"[0.9997361302375793, 0.0002638448786456138]"
7227,0,49.78%,88.61%,0.0001,"[0.9998960494995117, 0.00010390036186436191]"
7228,1,49.79%,88.62%,0.0539,"[0.05964585021138191, 0.9403541684150696]"
7229,0,49.78%,88.60%,2.2441,"[0.1188652515411377, 0.8811347484588623]"
7230,0,49.77%,88.60%,0.0001,"[0.9999054670333862, 9.455968393012881e-05]"
7231,1,49.78%,88.61%,0.0364,"[0.03775215893983841, 0.9622477889060974]"
7232,1,49.79%,88.61%,0.0258,"[0.02609248459339142, 0.973907470703125]"
7233,1,49.79%,88.61%,0.0328,"[0.04291953518986702, 0.9570804238319397]"
7234,1,49.80%,88.61%,0.0417,"[0.04815448448061943, 0.9518455266952515]"
7235,0,49.79%,88.61%,0.0004,"[0.9998061060905457, 0.00019397259165998548]"
7236,1,49.80%,88.61%,0.0528,"[0.05055927857756615, 0.9494407176971436]"
7237,1,49.81%,88.62%,0.0528,"[0.043692976236343384, 0.956307053565979]"
7238,1,49.81%,88.62%,0.0276,"[0.027253003790974617, 0.9727469682693481]"
7239,0,49.81%,88.62%,0.0027,"[0.9919730424880981, 0.00802703108638525]"
7240,1,49.81%,88.62%,0.0487,"[0.048428554087877274, 0.9515714645385742]"
7241,0,49.81%,88.62%,0.0007,"[0.9995285272598267, 0.00047148505109362304]"
7242,1,49.81%,88.62%,0.0201,"[0.020304784178733826, 0.979695200920105]"
7243,1,49.82%,88.63%,0.0279,"[0.024333473294973373, 0.9756665229797363]"
7244,1,49.83%,88.63%,0.0341,"[0.03312205895781517, 0.9668779373168945]"
7245,1,49.83%,88.63%,0.0297,"[0.02661466971039772, 0.9733853936195374]"
7246,0,49.83%,88.63%,0.0030,"[0.9986032843589783, 0.001396680949255824]"
7247,1,49.83%,88.63%,0.0316,"[0.03007766790688038, 0.9699223041534424]"
7248,0,49.83%,88.62%,3.4255,"[0.03246336430311203, 0.9675365686416626]"
7249,1,49.83%,88.62%,0.0180,"[0.01784118451178074, 0.9821588397026062]"
7250,0,49.83%,88.62%,0.0006,"[0.9989354014396667, 0.001064650365151465]"
7251,0,49.82%,88.62%,0.0002,"[0.9997968077659607, 0.00020319009490776807]"
7252,1,49.83%,88.63%,0.0226,"[0.022067975252866745, 0.9779320359230042]"
7253,0,49.82%,88.63%,0.0005,"[0.9996541738510132, 0.00034577675978653133]"
7254,0,49.81%,88.63%,0.0001,"[0.9999417066574097, 5.8335641369922087e-05]"
7255,0,49.81%,88.63%,0.0020,"[0.9990719556808472, 0.0009280700469389558]"
7256,0,49.80%,88.63%,0.0001,"[0.9999467134475708, 5.328513361746445e-05]"
7257,1,49.81%,88.63%,0.0250,"[0.024256905540823936, 0.9757431149482727]"
7258,0,49.80%,88.63%,0.0012,"[0.9980790615081787, 0.0019209517631679773]"
7259,0,49.79%,88.64%,0.0002,"[0.9996910095214844, 0.0003090114041697234]"
7260,0,49.79%,88.64%,0.0001,"[0.9999396800994873, 6.035156184225343e-05]"
7261,1,49.79%,88.64%,0.0206,"[0.01949063129723072, 0.9805094003677368]"
7262,0,49.79%,88.63%,3.2999,"[0.04198937118053436, 0.9580106139183044]"
7263,0,49.78%,88.63%,0.0001,"[0.9998974800109863, 0.00010255106462864205]"
7264,1,49.79%,88.63%,0.0356,"[0.05812055245041847, 0.9418794512748718]"
7265,1,49.79%,88.63%,0.0470,"[0.04378441721200943, 0.9562156200408936]"
7266,1,49.80%,88.63%,0.0261,"[0.024923456832766533, 0.9750765562057495]"
7267,1,49.81%,88.64%,0.0278,"[0.026120219379663467, 0.9738798141479492]"
7268,0,49.80%,88.64%,0.0001,"[0.9999485015869141, 5.144981696503237e-05]"
7269,0,49.79%,88.64%,0.0008,"[0.9997748732566833, 0.00022516782337334007]"
7270,1,49.80%,88.64%,0.0612,"[0.06907667964696884, 0.930923342704773]"
7271,1,49.81%,88.64%,0.0257,"[0.02523699402809143, 0.974763035774231]"
7272,1,49.81%,88.64%,0.0256,"[0.025675645098090172, 0.9743243455886841]"
7273,1,49.82%,88.64%,0.0240,"[0.024518679827451706, 0.9754813313484192]"
7274,1,49.83%,88.65%,0.0360,"[0.040927790105342865, 0.9590722322463989]"
7275,0,49.82%,88.63%,3.0867,"[0.047208450734615326, 0.9527915120124817]"
7276,1,49.83%,88.64%,0.0263,"[0.02461446076631546, 0.9753854870796204]"
7277,1,49.84%,88.64%,0.0258,"[0.025480562821030617, 0.9745194911956787]"
7278,1,49.84%,88.64%,0.0364,"[0.03600230813026428, 0.9639977216720581]"
7279,1,49.85%,88.64%,0.0432,"[0.029653113335371017, 0.9703468680381775]"
7280,1,49.86%,88.64%,0.0295,"[0.02657238021492958, 0.9734276533126831]"
7281,0,49.85%,88.64%,0.0011,"[0.9997758269309998, 0.00022420806635636836]"
7282,1,49.86%,88.64%,0.0311,"[0.028518598526716232, 0.971481442451477]"
7283,0,49.85%,88.65%,0.0002,"[0.9998799562454224, 0.0001199850084958598]"
7284,0,49.84%,88.65%,0.0000,"[0.9999582767486572, 4.16830662288703e-05]"
7285,1,49.85%,88.65%,0.1588,"[0.07698428630828857, 0.9230157732963562]"
7286,1,49.86%,88.65%,0.0268,"[0.027161739766597748, 0.9728382229804993]"
7287,1,49.86%,88.65%,0.0461,"[0.042438529431819916, 0.9575614333152771]"
7288,0,49.86%,88.64%,3.1731,"[0.04473430663347244, 0.9552656412124634]"
7289,0,49.85%,88.64%,0.0041,"[0.9987167119979858, 0.0012833642540499568]"
7290,0,49.84%,88.64%,0.0002,"[0.9999474287033081, 5.260826219455339e-05]"
7291,1,49.85%,88.65%,0.0498,"[0.05850229412317276, 0.9414976835250854]"
7292,0,49.84%,88.65%,0.0002,"[0.9998379945755005, 0.0001620017719687894]"
7293,0,49.84%,88.65%,0.0002,"[0.9995892643928528, 0.00041071127634495497]"
7294,1,49.84%,88.65%,0.1128,"[0.15672516822814941, 0.8432748317718506]"
7295,1,49.85%,88.65%,0.0281,"[0.02946661412715912, 0.9705333709716797]"
7296,0,49.84%,88.65%,0.0001,"[0.9999130964279175, 8.686391811352223e-05]"
7297,0,49.84%,88.65%,0.0005,"[0.9994335770606995, 0.0005663688643835485]"
7298,1,49.84%,88.66%,0.0514,"[0.04791899397969246, 0.952081024646759]"
7299,0,49.84%,88.66%,0.8723,"[0.5858290195465088, 0.4141709804534912]"
7300,0,49.83%,88.66%,0.0032,"[0.997007429599762, 0.0029926197603344917]"
7301,0,49.82%,88.66%,0.0001,"[0.999687671661377, 0.0003123390779364854]"
7302,0,49.82%,88.66%,0.0001,"[0.9999163150787354, 8.364282984985039e-05]"
7303,1,49.82%,88.66%,0.0508,"[0.05063824728131294, 0.9493617415428162]"
7304,0,49.82%,88.67%,0.0001,"[0.9999690055847168, 3.095815554843284e-05]"
7305,1,49.82%,88.67%,0.0977,"[0.11597619205713272, 0.8840237855911255]"
7306,0,49.82%,88.67%,0.2238,"[0.7970622777938843, 0.20293772220611572]"
7307,1,49.82%,88.66%,0.2543,"[0.6100148558616638, 0.3899851143360138]"
7308,0,49.82%,88.66%,0.0006,"[0.9969909191131592, 0.0030090399086475372]"
7309,1,49.82%,88.66%,0.0893,"[0.09246674925088882, 0.9075332880020142]"
7310,0,49.82%,88.66%,0.0005,"[0.9940104484558105, 0.005989637691527605]"
7311,0,49.81%,88.66%,0.0000,"[0.9999785423278809, 2.1504481992451474e-05]"
7312,1,49.82%,88.66%,0.0495,"[0.04210811108350754, 0.9578918814659119]"
7313,1,49.82%,88.67%,0.0410,"[0.03801754489541054, 0.9619824290275574]"
7314,1,49.83%,88.67%,0.0310,"[0.028167081996798515, 0.9718329310417175]"
7315,1,49.84%,88.67%,0.0182,"[0.019308926537632942, 0.9806910753250122]"
7316,0,49.83%,88.67%,0.0001,"[0.9997116923332214, 0.0002882572007365525]"
7317,1,49.84%,88.67%,0.0272,"[0.026194684207439423, 0.97380530834198]"
7318,0,49.83%,88.67%,0.0000,"[0.9999123811721802, 8.758070907788351e-05]"
7319,0,49.82%,88.67%,0.0001,"[0.999929666519165, 7.02984252711758e-05]"
7320,1,49.83%,88.68%,0.0175,"[0.017511116340756416, 0.9824888706207275]"
7321,0,49.82%,88.68%,0.0001,"[0.9999021291732788, 9.791259071789682e-05]"
7322,1,49.83%,88.68%,0.0338,"[0.027791988104581833, 0.9722079634666443]"
7323,1,49.84%,88.68%,0.0155,"[0.014790993183851242, 0.9852089881896973]"
7324,1,49.84%,88.68%,0.0149,"[0.014427809044718742, 0.9855721592903137]"
7325,1,49.85%,88.68%,0.0267,"[0.024121424183249474, 0.9758785367012024]"
7326,1,49.86%,88.69%,0.0366,"[0.04540785774588585, 0.9545921087265015]"
7327,0,49.85%,88.69%,0.0000,"[0.9999542236328125, 4.577695654006675e-05]"
7328,0,49.84%,88.69%,0.0334,"[0.9925838708877563, 0.00741619011387229]"
7329,1,49.85%,88.69%,0.0124,"[0.012275101616978645, 0.9877248406410217]"
7330,0,49.84%,88.68%,1.6567,"[0.04621577635407448, 0.9537842869758606]"
7331,0,49.84%,88.68%,0.0000,"[0.9999306201934814, 6.938182923477143e-05]"
7332,0,49.83%,88.68%,0.0001,"[0.9998878240585327, 0.00011220831947866827]"
7333,0,49.82%,88.67%,3.8359,"[0.019802171736955643, 0.9801977872848511]"
7334,0,49.82%,88.67%,0.0001,"[0.9999289512634277, 7.107530109351501e-05]"
7335,0,49.81%,88.67%,0.0000,"[0.9999366998672485, 6.324252171907574e-05]"
7336,0,49.80%,88.67%,0.0000,"[0.9999678134918213, 3.2136387744685635e-05]"
7337,1,49.81%,88.68%,0.0207,"[0.018501268699765205, 0.9814987778663635]"
7338,0,49.80%,88.66%,1.6848,"[0.13973963260650635, 0.8602603673934937]"
7339,0,49.80%,88.66%,0.0000,"[0.9999812841415405, 1.866049933596514e-05]"
7340,0,49.79%,88.67%,0.0000,"[0.9999794960021973, 2.046195550065022e-05]"
7341,1,49.80%,88.67%,0.0301,"[0.03198232129216194, 0.9680176973342896]"
7342,0,49.79%,88.67%,0.0000,"[0.9999816417694092, 1.8395885490463115e-05]"
7343,0,49.78%,88.67%,0.4893,"[0.8555758595466614, 0.14442414045333862]"
7344,0,49.78%,88.66%,1.1456,"[0.07849361002445221, 0.921506404876709]"
7345,1,49.78%,88.66%,0.0277,"[0.02507931925356388, 0.9749207496643066]"
7346,1,49.79%,88.65%,3.2784,"[0.9154240489006042, 0.08457592874765396]"
7347,1,49.80%,88.65%,0.1586,"[0.10510876774787903, 0.8948912024497986]"
7348,1,49.80%,88.65%,0.0532,"[0.055278223007917404, 0.9447218179702759]"
7349,0,49.80%,88.65%,0.0000,"[0.9999849796295166, 1.5011356481409166e-05]"
7350,0,49.79%,88.65%,0.0000,"[0.9999843835830688, 1.562088800710626e-05]"
7351,1,49.80%,88.66%,0.2032,"[0.11762731522321701, 0.8823727369308472]"
7352,0,49.79%,88.66%,0.0000,"[0.9999842643737793, 1.5771129255881533e-05]"
7353,0,49.78%,88.66%,0.0000,"[0.9999840259552002, 1.5966375940479338e-05]"
7354,1,49.79%,88.66%,0.0971,"[0.08767503499984741, 0.9123249650001526]"
7355,1,49.80%,88.66%,0.3139,"[0.263410359621048, 0.7365896701812744]"
7356,0,49.79%,88.66%,0.0000,"[0.9999818801879883, 1.8070042642648332e-05]"
7357,0,49.78%,88.67%,0.0000,"[0.9999732971191406, 2.6742132831714116e-05]"
7358,0,49.78%,88.67%,0.0000,"[0.9999805688858032, 1.9433817215031013e-05]"
7359,0,49.77%,88.65%,2.7560,"[0.06880570948123932, 0.9311943054199219]"
7360,0,49.76%,88.66%,0.0000,"[0.9999629259109497, 3.710788951138966e-05]"
7361,0,49.76%,88.66%,0.0000,"[0.9999488592147827, 5.110156780574471e-05]"
7362,0,49.75%,88.66%,0.0000,"[0.999982476234436, 1.7533666323288344e-05]"
7363,1,49.76%,88.66%,0.0485,"[0.04753456637263298, 0.9524654746055603]"
7364,0,49.75%,88.66%,0.0000,"[0.9999785423278809, 2.151533408323303e-05]"
7365,0,49.74%,88.66%,0.0000,"[0.999948263168335, 5.176079139346257e-05]"
7366,1,49.75%,88.67%,0.0602,"[0.08849859237670898, 0.9115014672279358]"
7367,0,49.74%,88.67%,0.0433,"[0.9244605898857117, 0.07553942501544952]"
7368,1,49.75%,88.67%,0.0322,"[0.029036087915301323, 0.9709639549255371]"
7369,0,49.74%,88.66%,2.9431,"[0.04797472059726715, 0.952025294303894]"
7370,0,49.74%,88.66%,0.0000,"[0.9999804496765137, 1.9526629330357537e-05]"
7371,1,49.74%,88.66%,0.3591,"[0.11918331682682037, 0.880816638469696]"
7372,0,49.74%,88.66%,0.0000,"[0.9999775886535645, 2.2362786694429815e-05]"
7373,0,49.73%,88.65%,2.5400,"[0.07056678831577301, 0.9294332265853882]"
7374,1,49.74%,88.65%,0.0523,"[0.054598625749349594, 0.9454013705253601]"
7375,1,49.74%,88.65%,0.2256,"[0.21499161422252655, 0.7850083708763123]"
7376,0,49.74%,88.64%,2.5967,"[0.0750783309340477, 0.9249216914176941]"
7377,1,49.74%,88.64%,0.0475,"[0.03715559467673302, 0.9628444314002991]"
7378,0,49.74%,88.63%,2.8177,"[0.06453783065080643, 0.9354621171951294]"
7379,0,49.73%,88.63%,0.0000,"[0.999974250793457, 2.5742934667505324e-05]"
7380,0,49.72%,88.63%,0.0000,"[0.9999755620956421, 2.4470095013384707e-05]"
7381,1,49.73%,88.63%,0.0326,"[0.03602616861462593, 0.9639738202095032]"
7382,1,49.74%,88.64%,0.0396,"[0.03570578619837761, 0.9642942547798157]"
7383,1,49.74%,88.64%,0.0601,"[0.04051987826824188, 0.9594801068305969]"
7384,1,49.75%,88.64%,0.0444,"[0.043905455619096756, 0.95609450340271]"
7385,0,49.74%,88.64%,0.0000,"[0.9999626874923706, 3.7274901842465624e-05]"
7386,1,49.75%,88.64%,0.1470,"[0.14616982638835907, 0.8538301587104797]"
7387,0,49.74%,88.64%,0.0000,"[0.9999758005142212, 2.4238401238108054e-05]"
7388,1,49.75%,88.63%,1.5529,"[0.8272276520729065, 0.17277228832244873]"
7389,1,49.76%,88.63%,0.1067,"[0.11512421071529388, 0.8848757743835449]"
7390,1,49.76%,88.63%,0.0768,"[0.0941724106669426, 0.905827522277832]"
7391,1,49.77%,88.62%,1.6880,"[0.5600918531417847, 0.43990808725357056]"
7392,1,49.78%,88.62%,0.0797,"[0.08866019546985626, 0.9113398194313049]"
7393,0,49.77%,88.63%,0.0003,"[0.9996684789657593, 0.00033147860085591674]"
7394,1,49.78%,88.63%,0.0707,"[0.048427388072013855, 0.951572597026825]"
7395,0,49.77%,88.63%,0.6920,"[0.7158743143081665, 0.2841257154941559]"
7396,1,49.78%,88.63%,0.0283,"[0.02665678784251213, 0.9733432531356812]"
7397,0,49.77%,88.63%,0.0004,"[0.9978163242340088, 0.002183640841394663]"
7398,1,49.78%,88.63%,0.0409,"[0.031697485595941544, 0.9683024883270264]"
7399,0,49.77%,88.64%,0.0004,"[0.9995492100715637, 0.00045075471280142665]"
7400,1,49.78%,88.64%,0.0402,"[0.03448914363980293, 0.9655107855796814]"
7401,1,49.78%,88.64%,0.0392,"[0.03343231976032257, 0.9665676951408386]"
7402,0,49.78%,88.64%,0.0002,"[0.9996378421783447, 0.00036216480657458305]"
7403,0,49.77%,88.64%,0.0824,"[0.9557476043701172, 0.044252458959817886]"
7404,1,49.78%,88.64%,0.0460,"[0.05884174630045891, 0.9411582946777344]"
7405,1,49.78%,88.64%,0.0566,"[0.04381050541996956, 0.9561894536018372]"
7406,1,49.79%,88.65%,0.0280,"[0.03222132474184036, 0.9677786827087402]"
7407,0,49.78%,88.65%,0.0001,"[0.9996618032455444, 0.00033816200448200107]"
7408,0,49.78%,88.65%,0.0002,"[0.9998295307159424, 0.00017046659195329994]"
7409,0,49.77%,88.65%,0.0025,"[0.9984976053237915, 0.0015024543972685933]"
7410,0,49.76%,88.64%,2.4903,"[0.08256970345973969, 0.9174302816390991]"
7411,0,49.76%,88.64%,0.0001,"[0.9998942613601685, 0.00010570388258202001]"
7412,1,49.76%,88.64%,0.0251,"[0.02363481931388378, 0.9763651490211487]"
7413,0,49.76%,88.64%,0.0001,"[0.9998722076416016, 0.0001277471164939925]"
7414,1,49.76%,88.64%,0.0241,"[0.03025011718273163, 0.9697498679161072]"
7415,0,49.76%,88.65%,0.0001,"[0.9998364448547363, 0.00016353267710655928]"
7416,0,49.75%,88.65%,0.0001,"[0.9999189376831055, 8.102440187940374e-05]"
7417,0,49.74%,88.65%,0.0002,"[0.9998644590377808, 0.00013550101721193641]"
7418,0,49.74%,88.65%,0.0000,"[0.9999662637710571, 3.3691569115035236e-05]"
7419,0,49.73%,88.64%,3.2386,"[0.04111368581652641, 0.9588863253593445]"
7420,1,49.74%,88.64%,0.0143,"[0.014128243550658226, 0.9858717322349548]"
7421,0,49.73%,88.63%,3.3193,"[0.03459402173757553, 0.9654060006141663]"
7422,1,49.74%,88.63%,0.0292,"[0.023559443652629852, 0.9764406085014343]"
7423,0,49.73%,88.63%,0.0000,"[0.9999648332595825, 3.511914110276848e-05]"
7424,1,49.74%,88.63%,0.0614,"[0.04411451146006584, 0.9558854699134827]"
7425,1,49.74%,88.63%,0.0814,"[0.07740180194377899, 0.9225981831550598]"
7426,1,49.75%,88.64%,0.1104,"[0.08734485507011414, 0.9126551747322083]"
7427,1,49.76%,88.64%,0.0214,"[0.021152867004275322, 0.978847086429596]"
7428,1,49.76%,88.64%,0.0165,"[0.026636380702257156, 0.9733635783195496]"
7429,1,49.77%,88.64%,0.0649,"[0.08686483651399612, 0.9131351113319397]"
7430,0,49.76%,88.63%,0.4745,"[0.3846210241317749, 0.6153789162635803]"
7431,0,49.76%,88.63%,0.0000,"[0.9999639987945557, 3.6010063922731206e-05]"
7432,0,49.75%,88.63%,0.0000,"[0.9999706745147705, 2.92663444270147e-05]"
7433,0,49.74%,88.62%,2.9404,"[0.05398053675889969, 0.9460194706916809]"
7434,0,49.74%,88.61%,2.8238,"[0.05129849165678024, 0.9487014412879944]"
7435,1,49.74%,88.61%,0.0795,"[0.06162559986114502, 0.9383743405342102]"
7436,1,49.75%,88.61%,0.0320,"[0.03460022434592247, 0.9653998017311096]"
7437,1,49.76%,88.61%,0.0316,"[0.030238760635256767, 0.9697611927986145]"
7438,0,49.75%,88.61%,0.0001,"[0.9999425411224365, 5.742142457165755e-05]"
7439,0,49.74%,88.62%,0.0190,"[0.9819691777229309, 0.018030894920229912]"
7440,1,49.75%,88.62%,0.1513,"[0.13737866282463074, 0.8626213669776917]"
7441,1,49.76%,88.62%,0.0361,"[0.03724193200469017, 0.9627580642700195]"
7442,0,49.75%,88.62%,0.0000,"[0.9999759197235107, 2.407460669928696e-05]"
7443,1,49.76%,88.62%,0.0727,"[0.07005026191473007, 0.9299497604370117]"
7444,1,49.76%,88.62%,0.1695,"[0.1347184181213379, 0.8652815818786621]"
7445,1,49.77%,88.62%,0.1231,"[0.13501602411270142, 0.8649840354919434]"
7446,1,49.78%,88.63%,0.1918,"[0.17080198228359222, 0.8291980028152466]"
7447,1,49.79%,88.63%,0.0902,"[0.07582887262105942, 0.9241711497306824]"
7448,1,49.79%,88.63%,0.0401,"[0.041973818093538284, 0.9580262303352356]"
7449,0,49.79%,88.63%,0.0001,"[0.9999626874923706, 3.728016235982068e-05]"
7450,0,49.78%,88.63%,0.0000,"[0.9999480247497559, 5.198086000746116e-05]"
7451,0,49.77%,88.63%,0.0000,"[0.9999737739562988, 2.6273572075297125e-05]"
7452,0,49.77%,88.64%,0.0000,"[0.999955415725708, 4.455737871467136e-05]"
7453,0,49.76%,88.64%,0.0000,"[0.999966025352478, 3.3914831874426454e-05]"
7454,1,49.77%,88.64%,0.0185,"[0.022685211151838303, 0.977314829826355]"
7455,0,49.76%,88.63%,3.2311,"[0.036358870565891266, 0.9636411666870117]"
7456,0,49.75%,88.63%,0.0001,"[0.9998487234115601, 0.00015123808407224715]"
7457,1,49.76%,88.63%,0.0210,"[0.022723138332366943, 0.9772768020629883]"
7458,0,49.75%,88.62%,3.3889,"[0.033649660646915436, 0.9663503170013428]"
7459,1,49.76%,88.62%,0.0268,"[0.02250230312347412, 0.9774977564811707]"
7460,1,49.77%,88.61%,0.9163,"[0.5552135109901428, 0.4447864592075348]"
7461,0,49.76%,88.61%,0.0000,"[0.999963641166687, 3.635657049017027e-05]"
7462,1,49.77%,88.61%,0.0436,"[0.04463214799761772, 0.9553678035736084]"
7463,1,49.77%,88.61%,0.0239,"[0.02342316135764122, 0.9765768647193909]"
7464,0,49.77%,88.61%,0.0001,"[0.9999021291732788, 9.786134614842013e-05]"
7465,1,49.77%,88.62%,0.0333,"[0.03300150856375694, 0.9669984579086304]"
7466,0,49.77%,88.60%,3.0187,"[0.039511337876319885, 0.9604886174201965]"
7467,0,49.76%,88.60%,0.0001,"[0.9999308586120605, 6.916416896274313e-05]"
7468,0,49.75%,88.61%,0.0001,"[0.9998862743377686, 0.00011376785550964996]"
7469,1,49.76%,88.61%,0.0561,"[0.05140925571322441, 0.9485907554626465]"
7470,0,49.75%,88.60%,0.9147,"[0.3406226634979248, 0.6593773365020752]"
7471,1,49.76%,88.60%,0.0655,"[0.06868243962526321, 0.9313175082206726]"
7472,1,49.77%,88.60%,0.0407,"[0.038797929883003235, 0.9612021446228027]"
7473,1,49.77%,88.60%,0.1905,"[0.11434487998485565, 0.8856551051139832]"
7474,1,49.78%,88.60%,0.1021,"[0.23833613097667694, 0.7616638541221619]"
7475,1,49.79%,88.60%,0.0581,"[0.05796059966087341, 0.9420393705368042]"
7476,0,49.78%,88.61%,0.0002,"[0.9979968667030334, 0.0020031416788697243]"
7477,0,49.77%,88.61%,0.0003,"[0.9996988773345947, 0.00030113785760477185]"
7478,0,49.77%,88.59%,3.0685,"[0.045354511588811874, 0.9546454548835754]"
7479,0,49.76%,88.60%,0.0002,"[0.999811589717865, 0.0001884151279227808]"
7480,0,49.75%,88.60%,0.0011,"[0.9848411679267883, 0.015158893540501595]"
7481,1,49.76%,88.60%,0.0326,"[0.030439050868153572, 0.9695609211921692]"
7482,0,49.75%,88.60%,0.0001,"[0.9998693466186523, 0.00013060068886261433]"
7483,1,49.76%,88.60%,0.0691,"[0.07205749303102493, 0.9279425144195557]"
7484,1,49.77%,88.60%,0.0469,"[0.04514544829726219, 0.9548545479774475]"
7485,0,49.76%,88.61%,0.0000,"[0.9999709129333496, 2.9063145120744593e-05]"
7486,0,49.75%,88.59%,2.7563,"[0.059998054057359695, 0.940001904964447]"
7487,1,49.76%,88.60%,0.0319,"[0.032480090856552124, 0.9675199389457703]"
7488,1,49.77%,88.60%,0.0393,"[0.037507180124521255, 0.962492823600769]"
7489,1,49.77%,88.60%,0.0605,"[0.05652294307947159, 0.9434770345687866]"
7490,0,49.77%,88.60%,0.0003,"[0.999211311340332, 0.0007886185776442289]"
7491,0,49.76%,88.60%,0.0004,"[0.9996312856674194, 0.0003687216085381806]"
7492,1,49.77%,88.60%,0.0315,"[0.032268766313791275, 0.967731237411499]"
7493,0,49.76%,88.60%,0.0001,"[0.9998095631599426, 0.00019051830167882144]"
7494,1,49.77%,88.61%,0.0558,"[0.05273878946900368, 0.9472612142562866]"
7495,1,49.77%,88.61%,0.0545,"[0.05745270103216171, 0.9425473213195801]"
7496,1,49.78%,88.61%,0.0465,"[0.06296281516551971, 0.9370371699333191]"
7497,0,49.77%,88.61%,0.0003,"[0.9997708201408386, 0.00022923095093574375]"
7498,0,49.77%,88.61%,0.0001,"[0.9999197721481323, 8.027457079151645e-05]"
7499,1,49.77%,88.61%,0.0663,"[0.06312969326972961, 0.936870276927948]"
7500,1,49.78%,88.61%,0.0664,"[0.055982571095228195, 0.9440174698829651]"
7501,1,49.79%,88.62%,0.0758,"[0.07176612317562103, 0.9282338619232178]"
7502,1,49.79%,88.62%,0.0646,"[0.08256606012582779, 0.9174339771270752]"
7503,1,49.80%,88.62%,0.0668,"[0.08094048500061035, 0.9190595149993896]"
7504,0,49.79%,88.62%,0.0013,"[0.9993880987167358, 0.0006118958699516952]"
7505,0,49.79%,88.61%,2.9395,"[0.06277830898761749, 0.9372216463088989]"
7506,1,49.79%,88.61%,0.0224,"[0.021059639751911163, 0.9789403080940247]"
7507,1,49.80%,88.61%,0.0281,"[0.03206359222531319, 0.9679363965988159]"
7508,0,49.79%,88.60%,3.0970,"[0.040321819484233856, 0.9596781134605408]"
7509,0,49.79%,88.60%,0.0000,"[0.9999586343765259, 4.131048990529962e-05]"
7510,0,49.78%,88.60%,0.0003,"[0.9998425245285034, 0.00015745563723612577]"
7511,0,49.77%,88.60%,0.0016,"[0.9973816275596619, 0.0026183859445154667]"
7512,0,49.77%,88.61%,0.0001,"[0.9999557733535767, 4.422911661094986e-05]"
7513,0,49.76%,88.61%,0.0021,"[0.9982122182846069, 0.0017878005746752024]"
7514,1,49.77%,88.61%,0.0544,"[0.05277293547987938, 0.9472270607948303]"
7515,1,49.77%,88.61%,0.0627,"[0.07688596099615097, 0.9231140613555908]"
7516,0,49.77%,88.61%,0.0002,"[0.9998216032981873, 0.00017847746494226158]"
7517,0,49.76%,88.60%,2.8276,"[0.07175757735967636, 0.9282423853874207]"
7518,0,49.75%,88.60%,0.0001,"[0.9999449253082275, 5.509720722329803e-05]"
7519,0,49.75%,88.60%,0.0001,"[0.9998302459716797, 0.00016972118464764208]"
7520,0,49.74%,88.61%,0.0000,"[0.9999754428863525, 2.4528877474949695e-05]"
7521,0,49.73%,88.61%,0.0013,"[0.9934983253479004, 0.006501740776002407]"
7522,0,49.73%,88.61%,0.0001,"[0.999925971031189, 7.405625365208834e-05]"
7523,1,49.73%,88.61%,0.0792,"[0.043781619518995285, 0.9562183618545532]"
7524,0,49.73%,88.61%,0.0001,"[0.9999430179595947, 5.700328983948566e-05]"
7525,0,49.72%,88.61%,0.0000,"[0.9999527931213379, 4.72010942758061e-05]"
7526,1,49.73%,88.61%,0.1163,"[0.11118526011705399, 0.8888147473335266]"
7527,0,49.72%,88.62%,0.0002,"[0.999880313873291, 0.00011967535101575777]"
7528,1,49.73%,88.62%,0.0371,"[0.03306153416633606, 0.9669384956359863]"
7529,1,49.73%,88.62%,0.0331,"[0.029320672154426575, 0.9706793427467346]"
7530,1,49.74%,88.62%,0.0371,"[0.03561147674918175, 0.9643884897232056]"
7531,1,49.75%,88.62%,0.0325,"[0.0370648168027401, 0.962935209274292]"
7532,1,49.75%,88.62%,0.0616,"[0.06180109828710556, 0.9381988644599915]"
7533,0,49.75%,88.62%,0.0001,"[0.9999097585678101, 9.025362669490278e-05]"
7534,1,49.75%,88.63%,0.0804,"[0.06992718577384949, 0.9300728440284729]"
7535,1,49.76%,88.63%,0.0536,"[0.05119483545422554, 0.9488050937652588]"
7536,0,49.75%,88.63%,0.0001,"[0.9998995065689087, 0.00010047879186458886]"
7537,0,49.75%,88.63%,0.0020,"[0.9990768432617188, 0.0009231286821886897]"
7538,1,49.75%,88.63%,0.0708,"[0.049841057509183884, 0.9501588940620422]"
7539,1,49.76%,88.63%,0.0684,"[0.07029127329587936, 0.9297086596488953]"
7540,1,49.77%,88.64%,0.0303,"[0.03534741699695587, 0.9646525382995605]"
7541,1,49.77%,88.64%,0.0534,"[0.04260076582431793, 0.9573992490768433]"
7542,0,49.77%,88.64%,0.0002,"[0.999824583530426, 0.00017540705448482186]"
7543,0,49.76%,88.64%,0.0001,"[0.9998156428337097, 0.00018437924154568464]"
7544,0,49.75%,88.64%,0.0002,"[0.9997562766075134, 0.0002436694485368207]"
7545,1,49.76%,88.64%,0.0235,"[0.019046703353524208, 0.9809532761573792]"
7546,0,49.75%,88.64%,0.0003,"[0.9999388456344604, 6.118580495240167e-05]"
7547,0,49.75%,88.65%,0.0012,"[0.9987560510635376, 0.0012439638376235962]"
7548,1,49.75%,88.65%,0.0674,"[0.05183609202504158, 0.9481639266014099]"
7549,1,49.76%,88.65%,0.0229,"[0.020815081894397736, 0.9791849851608276]"
7550,1,49.77%,88.65%,0.0194,"[0.01903165690600872, 0.9809684157371521]"
7551,1,49.77%,88.65%,0.0298,"[0.02803146094083786, 0.9719685912132263]"
7552,1,49.78%,88.65%,0.0267,"[0.02440734952688217, 0.9755926728248596]"
7553,0,49.77%,88.66%,0.0055,"[0.9976677298545837, 0.0023322671186178923]"
7554,1,49.78%,88.66%,0.0436,"[0.042951103299856186, 0.9570488929748535]"
7555,1,49.79%,88.66%,0.0160,"[0.013896496966481209, 0.9861035346984863]"
7556,0,49.78%,88.66%,0.0284,"[0.908939778804779, 0.09106016904115677]"
7557,1,49.79%,88.66%,0.0231,"[0.019231174141168594, 0.9807688593864441]"
7558,0,49.78%,88.65%,3.2502,"[0.0407446026802063, 0.9592553973197937]"
7559,0,49.78%,88.65%,0.0002,"[0.999776303768158, 0.00022374359832610935]"
7560,0,49.77%,88.64%,3.1747,"[0.03963836655020714, 0.9603615999221802]"
7561,0,49.76%,88.64%,0.0008,"[0.9985307455062866, 0.0014692365657538176]"
7562,0,49.76%,88.64%,0.0001,"[0.999966025352478, 3.4004544431809336e-05]"
7563,1,49.76%,88.64%,0.0245,"[0.021192243322730064, 0.978807806968689]"
7564,1,49.77%,88.65%,0.0232,"[0.023890143260359764, 0.9761098623275757]"
7565,0,49.76%,88.65%,0.0000,"[0.9999576807022095, 4.2363240936538205e-05]"
7566,1,49.77%,88.65%,0.0592,"[0.06007286161184311, 0.9399271011352539]"
7567,1,49.78%,88.65%,0.0452,"[0.03829476237297058, 0.9617052674293518]"
7568,0,49.77%,88.65%,0.0001,"[0.9999353885650635, 6.462400051532313e-05]"
7569,0,49.76%,88.65%,0.0000,"[0.9999637603759766, 3.62963619409129e-05]"
7570,0,49.76%,88.65%,0.0001,"[0.9999393224716187, 6.0694743297062814e-05]"
7571,1,49.76%,88.66%,0.0778,"[0.10517319291830063, 0.8948268294334412]"
7572,1,49.77%,88.66%,0.0469,"[0.05059955641627312, 0.9494004249572754]"
7573,0,49.76%,88.66%,0.0000,"[0.9999527931213379, 4.7168789023999125e-05]"
7574,1,49.77%,88.66%,0.0348,"[0.036006271839141846, 0.9639937281608582]"
7575,0,49.76%,88.66%,0.0000,"[0.999969482421875, 3.056110654142685e-05]"
7576,1,49.77%,88.66%,0.0155,"[0.014345523901283741, 0.9856545329093933]"
7577,1,49.78%,88.66%,0.0443,"[0.0648965984582901, 0.9351034164428711]"
7578,1,49.78%,88.67%,0.0144,"[0.013993201777338982, 0.9860068559646606]"
7579,1,49.79%,88.67%,0.0380,"[0.031776316463947296, 0.9682236909866333]"
7580,0,49.78%,88.67%,0.0000,"[0.999974250793457, 2.5787261620280333e-05]"
7581,0,49.78%,88.67%,0.0001,"[0.9999570846557617, 4.288875061320141e-05]"
7582,0,49.77%,88.67%,0.0001,"[0.9998416900634766, 0.00015833141515031457]"
7583,1,49.78%,88.67%,0.0383,"[0.027524767443537712, 0.9724751710891724]"
7584,0,49.77%,88.68%,0.0002,"[0.9997490048408508, 0.0002510086924303323]"
7585,1,49.78%,88.68%,0.0222,"[0.02123843878507614, 0.9787615537643433]"
7586,1,49.78%,88.68%,0.0279,"[0.026972098276019096, 0.9730279445648193]"
7587,0,49.78%,88.68%,0.0016,"[0.9994205236434937, 0.000579516461584717]"
7588,0,49.77%,88.68%,0.0882,"[0.9615098237991333, 0.03849012032151222]"
7589,0,49.76%,88.68%,0.0065,"[0.9930365681648254, 0.006963429506868124]"
7590,0,49.76%,88.67%,3.7957,"[0.023845450952649117, 0.976154625415802]"
7591,0,49.75%,88.67%,0.0004,"[0.9997617602348328, 0.0002381867088843137]"
7592,1,49.76%,88.67%,0.0107,"[0.01185669470578432, 0.988143265247345]"
7593,0,49.75%,88.68%,0.0001,"[0.9997103810310364, 0.0002895785728469491]"
7594,0,49.74%,88.66%,3.3139,"[0.03681836277246475, 0.9631816148757935]"
7595,1,49.75%,88.67%,0.0125,"[0.013713725842535496, 0.9862862229347229]"
7596,0,49.74%,88.67%,0.0000,"[0.9999394416809082, 6.0501151892822236e-05]"
7597,0,49.74%,88.65%,3.3139,"[0.04509899392724037, 0.9549010396003723]"
7598,0,49.73%,88.66%,0.0000,"[0.9999549388885498, 4.511647784966044e-05]"
7599,0,49.72%,88.66%,0.0000,"[0.9999624490737915, 3.760531035368331e-05]"
7600,1,49.73%,88.66%,0.4060,"[0.266753226518631, 0.7332467436790466]"
7601,1,49.74%,88.66%,0.0706,"[0.06277119368314743, 0.937228798866272]"
7602,0,49.73%,88.66%,0.0000,"[0.9999780654907227, 2.1878789993934333e-05]"
7603,0,49.72%,88.66%,0.0001,"[0.9996825456619263, 0.00031742616556584835]"
7604,1,49.73%,88.67%,0.1090,"[0.10461141169071198, 0.8953885436058044]"
7605,0,49.72%,88.67%,0.0001,"[0.9999537467956543, 4.625284418580122e-05]"
7606,0,49.72%,88.66%,2.4524,"[0.09364587813615799, 0.9063540697097778]"
7607,0,49.71%,88.66%,0.0000,"[0.9999693632125854, 3.0584658816223964e-05]"
7608,1,49.72%,88.66%,0.0981,"[0.10379321128129959, 0.8962067365646362]"
7609,0,49.71%,88.65%,1.1130,"[0.32165011763572693, 0.6783499121665955]"
7610,0,49.70%,88.65%,0.0000,"[0.9999682903289795, 3.169446426909417e-05]"
7611,1,49.71%,88.65%,1.1280,"[0.2011687159538269, 0.7988312840461731]"
7612,0,49.70%,88.65%,0.0001,"[0.9999527931213379, 4.721888035419397e-05]"
7613,0,49.70%,88.65%,0.0000,"[0.9999262094497681, 7.375130371656269e-05]"
7614,0,49.69%,88.65%,0.0000,"[0.999972939491272, 2.7074904210167006e-05]"
7615,1,49.70%,88.66%,0.0799,"[0.09795847535133362, 0.902041494846344]"
7616,1,49.70%,88.66%,0.0955,"[0.08112539350986481, 0.9188745617866516]"
7617,1,49.71%,88.66%,0.0563,"[0.05617444962263107, 0.9438255429267883]"
7618,0,49.70%,88.66%,0.0000,"[0.9999641180038452, 3.583186480682343e-05]"
7619,1,49.71%,88.66%,0.0872,"[0.08283870667219162, 0.9171613454818726]"
7620,1,49.72%,88.66%,0.0713,"[0.06442858278751373, 0.9355713725090027]"
7621,0,49.71%,88.66%,0.0000,"[0.9999599456787109, 3.99933778680861e-05]"
7622,1,49.72%,88.67%,0.1408,"[0.030984977260231972, 0.9690150022506714]"
7623,0,49.71%,88.67%,0.0001,"[0.9999157190322876, 8.432878530584276e-05]"
7624,1,49.72%,88.67%,0.0260,"[0.02735598385334015, 0.9726439714431763]"
7625,1,49.72%,88.67%,0.0654,"[0.046049173921346664, 0.9539508819580078]"
7626,0,49.72%,88.66%,1.8866,"[0.2326054871082306, 0.767394483089447]"
7627,0,49.71%,88.66%,0.0000,"[0.999954342842102, 4.561906462186016e-05]"
7628,0,49.71%,88.66%,0.0036,"[0.9933472871780396, 0.006652730517089367]"
7629,1,49.71%,88.66%,0.0205,"[0.020517537370324135, 0.9794824719429016]"
7630,1,49.72%,88.66%,0.0647,"[0.044631581753492355, 0.9553684592247009]"
7631,0,49.71%,88.67%,0.0001,"[0.9998230338096619, 0.0001770021626725793]"
7632,0,49.71%,88.67%,0.0001,"[0.9999048709869385, 9.512583346804604e-05]"
7633,1,49.71%,88.67%,0.0387,"[0.03987296298146248, 0.960127055644989]"
7634,0,49.71%,88.67%,0.0006,"[0.9997660517692566, 0.00023393589071929455]"
7635,0,49.70%,88.67%,0.0007,"[0.9966676831245422, 0.00333235552534461]"
7636,1,49.71%,88.67%,0.0198,"[0.02569672092795372, 0.9743033051490784]"
7637,1,49.71%,88.68%,0.0177,"[0.013213984668254852, 0.9867860674858093]"
7638,0,49.71%,88.68%,0.0000,"[0.9999337196350098, 6.628175469813868e-05]"
7639,1,49.71%,88.68%,0.0195,"[0.01791704259812832, 0.9820829629898071]"
7640,1,49.72%,88.68%,0.0460,"[0.04526398703455925, 0.9547359347343445]"
7641,1,49.73%,88.68%,0.0173,"[0.017476996406912804, 0.9825229644775391]"
7642,1,49.73%,88.68%,0.0376,"[0.04004737734794617, 0.9599525928497314]"
7643,0,49.73%,88.67%,2.3550,"[0.09682291001081467, 0.9031771421432495]"
7644,0,49.72%,88.67%,0.0017,"[0.9992579817771912, 0.0007419511675834656]"
7645,0,49.71%,88.67%,0.0079,"[0.9789830446243286, 0.021016940474510193]"
7646,0,49.71%,88.68%,1.1573,"[0.6214003562927246, 0.3785996437072754]"
7647,1,49.71%,88.68%,0.0195,"[0.01672198995947838, 0.9832779765129089]"
7648,1,49.72%,88.68%,0.0572,"[0.05292251333594322, 0.9470774531364441]"
7649,1,49.73%,88.68%,0.0134,"[0.01293966080993414, 0.9870603084564209]"
7650,0,49.72%,88.67%,3.4504,"[0.029934752732515335, 0.9700652360916138]"
7651,0,49.71%,88.67%,0.0001,"[0.999901533126831, 9.841281280387193e-05]"
7652,0,49.71%,88.67%,0.0018,"[0.9978552460670471, 0.0021447099279612303]"
7653,1,49.71%,88.67%,0.0388,"[0.035676416009664536, 0.9643235206604004]"
7654,0,49.71%,88.67%,0.0000,"[0.999976396560669, 2.3569918994326144e-05]"
7655,1,49.71%,88.68%,0.1055,"[0.08862254023551941, 0.911377489566803]"
7656,1,49.72%,88.68%,0.1343,"[0.09785038977861404, 0.9021495580673218]"
7657,0,49.71%,88.68%,0.0000,"[0.9999657869338989, 3.4193308238172904e-05]"
7658,0,49.71%,88.67%,3.1024,"[0.05112694576382637, 0.9488730430603027]"
7659,0,49.70%,88.67%,0.0000,"[0.9999765157699585, 2.344938911846839e-05]"
7660,0,49.69%,88.67%,0.0000,"[0.9999547004699707, 4.535459811449982e-05]"
7661,1,49.70%,88.67%,0.0786,"[0.06274432688951492, 0.9372556805610657]"
7662,0,49.69%,88.66%,2.5148,"[0.07066182792186737, 0.9293382167816162]"
7663,0,49.69%,88.66%,0.0001,"[0.9999053478240967, 9.468103962717578e-05]"
7664,0,49.68%,88.65%,2.4526,"[0.06696449965238571, 0.9330355525016785]"
7665,1,49.69%,88.65%,0.0305,"[0.03092917427420616, 0.9690707921981812]"
7666,1,49.69%,88.65%,0.0373,"[0.03647560998797417, 0.9635244011878967]"
7667,1,49.70%,88.64%,0.2947,"[0.5342007279396057, 0.4657992720603943]"
7668,0,49.69%,88.64%,0.0000,"[0.9999020099639893, 9.79224787442945e-05]"
7669,0,49.69%,88.64%,0.0001,"[0.9999477863311768, 5.218683145358227e-05]"
7670,0,49.68%,88.65%,0.0001,"[0.9998462200164795, 0.0001537440693937242]"
7671,1,49.69%,88.65%,0.8528,"[0.4303118884563446, 0.569688081741333]"
7672,1,49.69%,88.64%,0.5423,"[0.6708452701568604, 0.32915475964546204]"
7673,0,49.69%,88.62%,1.8602,"[0.16433988511562347, 0.8356601595878601]"
7674,0,49.68%,88.61%,2.3457,"[0.0871543362736702, 0.9128456711769104]"
7675,1,49.69%,88.61%,0.0586,"[0.05877063795924187, 0.9412294030189514]"
7676,1,49.69%,88.62%,0.3304,"[0.2265499085187912, 0.7734501361846924]"
7677,0,49.69%,88.60%,2.0397,"[0.16334271430969238, 0.8366572856903076]"
7678,0,49.68%,88.61%,0.0000,"[0.999976634979248, 2.342060543014668e-05]"
7679,0,49.67%,88.61%,0.0004,"[0.9997745156288147, 0.00022543825616594404]"
7680,1,49.68%,88.61%,0.1997,"[0.08700834214687347, 0.9129917025566101]"
7681,0,49.67%,88.61%,0.0001,"[0.9999237060546875, 7.62399795348756e-05]"
7682,1,49.68%,88.61%,0.8358,"[0.48172709345817566, 0.5182729363441467]"
7683,0,49.67%,88.61%,0.0001,"[0.999921441078186, 7.857969467295334e-05]"
7684,1,49.68%,88.60%,0.5251,"[0.5958985686302185, 0.4041014313697815]"
7685,0,49.67%,88.60%,0.0001,"[0.9999078512191772, 9.219746425515041e-05]"
7686,0,49.67%,88.60%,0.0001,"[0.9999228715896606, 7.711315993219614e-05]"
7687,0,49.66%,88.61%,0.0001,"[0.9999455213546753, 5.448910451377742e-05]"
7688,0,49.66%,88.61%,0.0003,"[0.9998281002044678, 0.00017192921950481832]"
7689,1,49.66%,88.61%,0.1077,"[0.11245129257440567, 0.8875486850738525]"
7690,0,49.66%,88.60%,1.5082,"[0.24682079255580902, 0.7531791925430298]"
7691,1,49.66%,88.60%,0.0664,"[0.04337036609649658, 0.9566296339035034]"
7692,1,49.67%,88.60%,0.1333,"[0.10867390781641006, 0.8913261294364929]"
7693,0,49.66%,88.60%,0.0100,"[0.9910237789154053, 0.008976240642368793]"
7694,0,49.66%,88.60%,0.0001,"[0.999782145023346, 0.00021785037824884057]"
7695,1,49.66%,88.60%,0.0713,"[0.0710899755358696, 0.928909957408905]"
7696,1,49.67%,88.61%,0.0481,"[0.044393427670001984, 0.9556065797805786]"
7697,0,49.66%,88.61%,0.0001,"[0.9999200105667114, 7.99921399448067e-05]"
7698,0,49.66%,88.61%,0.0004,"[0.9994589686393738, 0.0005410566809587181]"
7699,0,49.65%,88.61%,0.3398,"[0.7979723215103149, 0.20202772319316864]"
7700,0,49.64%,88.61%,0.0001,"[0.9999302625656128, 6.972573464736342e-05]"
7701,0,49.64%,88.61%,0.0001,"[0.9999595880508423, 4.045526293339208e-05]"
7702,1,49.64%,88.61%,0.0455,"[0.05200845003128052, 0.9479914903640747]"
7703,0,49.64%,88.62%,0.0000,"[0.9999567270278931, 4.326264388510026e-05]"
7704,0,49.63%,88.62%,0.0406,"[0.9859578013420105, 0.014042134396731853]"
7705,0,49.62%,88.61%,2.9958,"[0.06929473578929901, 0.9307053089141846]"
7706,1,49.63%,88.61%,0.0410,"[0.04663395136594772, 0.9533661007881165]"
7707,0,49.62%,88.61%,0.0000,"[0.9999678134918213, 3.221573570044711e-05]"
7708,0,49.62%,88.61%,0.0000,"[0.9999593496322632, 4.067285408382304e-05]"
7709,0,49.61%,88.61%,0.0001,"[0.9999053478240967, 9.463915921514854e-05]"
7710,0,49.60%,88.61%,0.0000,"[0.9999616146087646, 3.8337391742970794e-05]"
7711,1,49.61%,88.62%,0.1971,"[0.2290545403957367, 0.7709454298019409]"
7712,0,49.60%,88.62%,0.0001,"[0.9998856782913208, 0.00011433009785832837]"
7713,1,49.61%,88.62%,0.0305,"[0.027027083560824394, 0.9729729890823364]"
7714,0,49.60%,88.62%,0.0000,"[0.9999721050262451, 2.7875625164597295e-05]"
7715,1,49.61%,88.62%,0.0281,"[0.0272466279566288, 0.9727534055709839]"
7716,0,49.60%,88.62%,0.0000,"[0.9999451637268066, 5.4805062973173335e-05]"
7717,0,49.60%,88.62%,0.0000,"[0.9999736547470093, 2.629487426020205e-05]"
7718,1,49.60%,88.63%,0.0378,"[0.03450611233711243, 0.96549391746521]"
7719,1,49.61%,88.63%,0.0636,"[0.0645955428481102, 0.9354044795036316]"
7720,0,49.60%,88.63%,0.0000,"[0.9999524354934692, 4.760432420880534e-05]"
7721,1,49.61%,88.63%,0.0716,"[0.07527602463960648, 0.9247240424156189]"
7722,0,49.61%,88.63%,0.0000,"[0.9999741315841675, 2.592264900158625e-05]"
7723,1,49.61%,88.63%,0.1682,"[0.21704626083374023, 0.7829537391662598]"
7724,1,49.62%,88.63%,0.0240,"[0.022427238523960114, 0.9775727987289429]"
7725,1,49.62%,88.64%,0.0615,"[0.06280312687158585, 0.9371968507766724]"
7726,0,49.62%,88.64%,0.0001,"[0.9999310970306396, 6.888718053232878e-05]"
7727,0,49.61%,88.64%,0.0000,"[0.9999401569366455, 5.980346031719819e-05]"
7728,0,49.61%,88.64%,0.0001,"[0.9999336004257202, 6.644383392995223e-05]"
7729,1,49.61%,88.64%,0.0481,"[0.05223260819911957, 0.947767436504364]"
7730,1,49.62%,88.64%,0.0338,"[0.04268239066004753, 0.9573175311088562]"
7731,1,49.62%,88.64%,0.0370,"[0.03347765654325485, 0.9665223360061646]"
7732,1,49.63%,88.65%,0.0282,"[0.027420226484537125, 0.972579836845398]"
7733,0,49.63%,88.65%,0.0062,"[0.6514440178871155, 0.34855595231056213]"
7734,1,49.63%,88.65%,0.0141,"[0.01340075209736824, 0.9865992069244385]"
7735,1,49.64%,88.65%,0.0458,"[0.04138687625527382, 0.9586131572723389]"
7736,0,49.63%,88.65%,0.0001,"[0.9999526739120483, 4.738086136057973e-05]"
7737,0,49.63%,88.65%,0.0033,"[0.9988400340080261, 0.0011600262951105833]"
7738,0,49.62%,88.64%,3.3264,"[0.02954704686999321, 0.9704529643058777]"
7739,1,49.63%,88.64%,0.0124,"[0.011932076886296272, 0.9880679249763489]"
7740,1,49.63%,88.64%,0.0237,"[0.023089509457349777, 0.9769104719161987]"
7741,1,49.64%,88.65%,0.0202,"[0.02206789329648018, 0.9779321551322937]"
7742,1,49.64%,88.65%,0.0359,"[0.025983616709709167, 0.9740163683891296]"
7743,0,49.64%,88.65%,0.0003,"[0.9998544454574585, 0.00014547462342306972]"
7744,0,49.63%,88.65%,0.0002,"[0.9998716115951538, 0.00012838628026656806]"
7745,1,49.64%,88.65%,0.0132,"[0.013969628140330315, 0.9860303401947021]"
7746,0,49.63%,88.65%,0.0002,"[0.9995734095573425, 0.0004266349133104086]"
7747,0,49.63%,88.64%,2.8286,"[0.04291678965091705, 0.9570831656455994]"
7748,0,49.62%,88.63%,3.7253,"[0.029858075082302094, 0.9701419472694397]"
7749,1,49.63%,88.63%,0.0211,"[0.020549356937408447, 0.9794506430625916]"
7750,1,49.63%,88.63%,0.0202,"[0.018785052001476288, 0.9812150001525879]"
7751,0,49.63%,88.64%,1.0370,"[0.614598274230957, 0.38540175557136536]"
7752,0,49.62%,88.64%,0.0000,"[0.9999314546585083, 6.851003126939759e-05]"
7753,0,49.61%,88.64%,0.0002,"[0.9998970031738281, 0.00010304413444828242]"
7754,0,49.61%,88.64%,0.0160,"[0.9392725229263306, 0.060727544128894806]"
7755,0,49.60%,88.64%,0.0000,"[0.9999655485153198, 3.4406020859023556e-05]"
7756,0,49.59%,88.64%,0.0000,"[0.9999716281890869, 2.8407523132045753e-05]"
7757,0,49.59%,88.64%,0.0000,"[0.9999557733535767, 4.427030580700375e-05]"
7758,0,49.58%,88.63%,2.2666,"[0.1061086505651474, 0.8938913345336914]"
7759,0,49.57%,88.63%,0.3276,"[0.7979639768600464, 0.2020360380411148]"
7760,0,49.57%,88.62%,1.9688,"[0.15071548521518707, 0.8492844700813293]"
7761,1,49.57%,88.62%,0.1668,"[0.19023427367210388, 0.8097657561302185]"
7762,1,49.58%,88.63%,0.2319,"[0.24690629541873932, 0.7530936598777771]"
7763,1,49.59%,88.61%,0.9888,"[0.6803258061408997, 0.3196741044521332]"
7764,0,49.58%,88.62%,0.0000,"[0.9999839067459106, 1.6060139387263916e-05]"
7765,1,49.59%,88.62%,0.2395,"[0.19195479154586792, 0.8080452084541321]"
7766,1,49.59%,88.62%,0.2483,"[0.30387991666793823, 0.6961200833320618]"
7767,1,49.60%,88.62%,0.0474,"[0.05611519142985344, 0.9438847899436951]"
7768,1,49.61%,88.62%,0.0773,"[0.14023838937282562, 0.8597615957260132]"
7769,0,49.60%,88.62%,0.0000,"[0.9999691247940063, 3.0926941690267995e-05]"
7770,1,49.61%,88.62%,0.2509,"[0.14441724121570587, 0.8555827140808105]"
7771,1,49.61%,88.63%,0.0771,"[0.06609971076250076, 0.9339002966880798]"
7772,1,49.62%,88.63%,0.1964,"[0.13032853603363037, 0.8696714043617249]"
7773,0,49.61%,88.63%,0.0105,"[0.9844847917556763, 0.015515195205807686]"
7774,0,49.61%,88.63%,0.0002,"[0.9998225569725037, 0.0001774560660123825]"
7775,1,49.61%,88.63%,0.0405,"[0.03828919678926468, 0.9617108106613159]"
7776,0,49.61%,88.62%,3.6144,"[0.036289531737565994, 0.9637104272842407]"
7777,0,49.60%,88.61%,2.9223,"[0.03457316756248474, 0.9654268026351929]"
7778,1,49.61%,88.61%,0.0267,"[0.03579665720462799, 0.9642033576965332]"
7779,0,49.60%,88.60%,0.2094,"[0.34049466252326965, 0.659505307674408]"
7780,0,49.60%,88.60%,0.0000,"[0.9999665021896362, 3.347360325278714e-05]"
7781,0,49.59%,88.60%,0.0092,"[0.9986203908920288, 0.0013795654522255063]"
7782,0,49.58%,88.60%,0.0118,"[0.9460275769233704, 0.05397246778011322]"
7783,1,49.59%,88.60%,0.6799,"[0.49600231647491455, 0.5039976835250854]"
7784,1,49.60%,88.61%,0.0203,"[0.019475260749459267, 0.9805247783660889]"
7785,0,49.59%,88.61%,0.0000,"[0.9999749660491943, 2.500189839338418e-05]"
7786,1,49.60%,88.61%,0.0236,"[0.023809608072042465, 0.9761903882026672]"
7787,1,49.60%,88.61%,0.0212,"[0.02051646262407303, 0.9794834852218628]"
7788,0,49.60%,88.61%,0.0001,"[0.9999126195907593, 8.732460992177948e-05]"
7789,1,49.60%,88.61%,0.0475,"[0.05913954973220825, 0.940860390663147]"
7790,1,49.61%,88.62%,0.0363,"[0.032268766313791275, 0.967731237411499]"
7791,0,49.60%,88.62%,0.0000,"[0.9999662637710571, 3.367984390933998e-05]"
7792,0,49.60%,88.62%,0.0001,"[0.9999489784240723, 5.101747592561878e-05]"
7793,0,49.59%,88.62%,0.0000,"[0.9999743700027466, 2.565541581134312e-05]"
7794,1,49.60%,88.62%,0.0459,"[0.06742668896913528, 0.9325733184814453]"
7795,1,49.60%,88.62%,0.0203,"[0.02013343758881092, 0.9798665046691895]"
7796,1,49.61%,88.62%,0.0444,"[0.04955434054136276, 0.9504457116127014]"
7797,0,49.60%,88.63%,0.0001,"[0.9999475479125977, 5.249570313026197e-05]"
7798,0,49.60%,88.63%,0.0000,"[0.9999282360076904, 7.17881484888494e-05]"
7799,0,49.59%,88.63%,0.0000,"[0.9999634027481079, 3.663950337795541e-05]"
7800,1,49.60%,88.63%,0.0182,"[0.017682332545518875, 0.9823176860809326]"
7801,1,49.60%,88.63%,0.0419,"[0.049694620072841644, 0.9503054022789001]"
7802,1,49.61%,88.63%,0.1504,"[0.07331475615501404, 0.9266852736473083]"
7803,0,49.60%,88.63%,0.0002,"[0.9997832179069519, 0.00021677376935258508]"
7804,1,49.61%,88.64%,0.0330,"[0.03139080852270126, 0.9686092138290405]"
7805,1,49.62%,88.64%,0.0288,"[0.02922218292951584, 0.9707778692245483]"
7806,0,49.61%,88.64%,0.0000,"[0.9999402761459351, 5.969634366920218e-05]"
7807,0,49.60%,88.64%,0.0000,"[0.9999456405639648, 5.430515739135444e-05]"
7808,0,49.60%,88.64%,0.0001,"[0.9999704360961914, 2.9545819415943697e-05]"
7809,1,49.60%,88.64%,0.0191,"[0.024356193840503693, 0.9756438136100769]"
7810,0,49.60%,88.64%,0.0000,"[0.9999622106552124, 3.784245564020239e-05]"
7811,0,49.59%,88.65%,0.0000,"[0.999974250793457, 2.574889913375955e-05]"
7812,1,49.60%,88.65%,0.0144,"[0.013637630268931389, 0.9863623976707458]"
7813,0,49.59%,88.65%,0.0000,"[0.9999679327011108, 3.211191142327152e-05]"
7814,0,49.58%,88.65%,0.0000,"[0.9999427795410156, 5.725061419070698e-05]"
7815,0,49.58%,88.65%,0.0001,"[0.999962329864502, 3.764893699553795e-05]"
7816,1,49.58%,88.65%,0.0407,"[0.06243640556931496, 0.9375635385513306]"
7817,1,49.59%,88.65%,0.0241,"[0.03029215894639492, 0.9697078466415405]"
7818,0,49.58%,88.66%,0.0001,"[0.9998927116394043, 0.00010728345660027117]"
7819,0,49.58%,88.64%,3.9859,"[0.020957771688699722, 0.9790422320365906]"
7820,0,49.57%,88.65%,0.0003,"[0.9984824061393738, 0.0015175662701949477]"
7821,0,49.57%,88.65%,0.0002,"[0.9999023675918579, 9.766044240677729e-05]"
7822,1,49.57%,88.65%,0.0228,"[0.02081768400967121, 0.9791823029518127]"
7823,0,49.57%,88.65%,0.0006,"[0.9989585876464844, 0.0010414236458018422]"
7824,0,49.56%,88.65%,0.0005,"[0.999790608882904, 0.0002093799994327128]"
7825,1,49.57%,88.65%,0.0418,"[0.039428066462278366, 0.9605718851089478]"
7826,1,49.57%,88.65%,0.0245,"[0.023641308769583702, 0.9763586521148682]"
7827,0,49.57%,88.66%,0.0002,"[0.9991264939308167, 0.0008734991424717009]"
7828,0,49.56%,88.66%,0.0004,"[0.999742329120636, 0.0002576045226305723]"
7829,0,49.55%,88.65%,3.2908,"[0.026807621121406555, 0.9731923937797546]"
7830,1,49.56%,88.65%,0.0296,"[0.026562217622995377, 0.9734377861022949]"
7831,0,49.55%,88.65%,0.0018,"[0.9965013265609741, 0.0034986757673323154]"
7832,0,49.55%,88.65%,0.0009,"[0.993564784526825, 0.00643519964069128]"
7833,1,49.55%,88.65%,0.0367,"[0.033555276691913605, 0.966444730758667]"
7834,0,49.55%,88.65%,0.0000,"[0.9999603033065796, 3.970991019741632e-05]"
7835,1,49.55%,88.65%,0.0281,"[0.036285798996686935, 0.9637142419815063]"
7836,1,49.56%,88.66%,0.0517,"[0.030740080401301384, 0.9692599177360535]"
7837,0,49.55%,88.66%,0.0002,"[0.9999562501907349, 4.3739706597989425e-05]"
7838,1,49.56%,88.66%,0.0162,"[0.014969540759921074, 0.985030472278595]"
7839,1,49.57%,88.66%,0.0289,"[0.023512599989771843, 0.976487398147583]"
7840,1,49.57%,88.66%,0.0414,"[0.03719098120927811, 0.9628089666366577]"
7841,1,49.58%,88.66%,0.0381,"[0.044967278838157654, 0.9550327062606812]"
7842,0,49.57%,88.67%,0.0002,"[0.999909520149231, 9.047438652487472e-05]"
7843,1,49.58%,88.67%,0.0533,"[0.027800945565104485, 0.9721990823745728]"
7844,0,49.57%,88.67%,0.0001,"[0.9999431371688843, 5.6834913266357034e-05]"
7845,1,49.58%,88.67%,0.0462,"[0.04925144836306572, 0.95074862241745]"
7846,0,49.57%,88.67%,0.0000,"[0.9999575614929199, 4.2484491132199764e-05]"
7847,1,49.58%,88.67%,0.0352,"[0.042977768927812576, 0.9570222496986389]"
7848,1,49.59%,88.67%,0.0143,"[0.014661216177046299, 0.9853388071060181]"
7849,1,49.59%,88.68%,0.0322,"[0.03800894692540169, 0.961991012096405]"
7850,1,49.60%,88.68%,0.0471,"[0.040376875549554825, 0.9596231579780579]"
7851,0,49.59%,88.67%,2.4343,"[0.09987551718950272, 0.9001244306564331]"
7852,0,49.59%,88.67%,0.0000,"[0.9999507665634155, 4.921692379866727e-05]"
7853,1,49.59%,88.67%,0.0212,"[0.022587623447179794, 0.9774124622344971]"
7854,1,49.60%,88.67%,0.0241,"[0.02096276544034481, 0.9790371656417847]"
7855,0,49.59%,88.66%,2.6997,"[0.06140889599919319, 0.9385910630226135]"
7856,1,49.60%,88.66%,0.0370,"[0.048593662679195404, 0.9514063596725464]"
7857,1,49.61%,88.66%,0.0146,"[0.015586215071380138, 0.984413743019104]"
7858,0,49.60%,88.66%,0.0000,"[0.999970555305481, 2.94320398097625e-05]"
7859,0,49.59%,88.66%,0.0001,"[0.9999357461929321, 6.425352330552414e-05]"
7860,0,49.59%,88.67%,0.0000,"[0.9999761581420898, 2.3827244149288163e-05]"
7861,0,49.58%,88.67%,0.0001,"[0.9999475479125977, 5.2400417189346626e-05]"
7862,0,49.57%,88.67%,0.0000,"[0.9999523162841797, 4.767241625813767e-05]"
7863,0,49.57%,88.66%,3.1376,"[0.048497650772333145, 0.9515023231506348]"
7864,1,49.57%,88.66%,0.0403,"[0.03516755625605583, 0.9648324251174927]"
7865,0,49.57%,88.66%,0.0000,"[0.9999679327011108, 3.202899461030029e-05]"
7866,1,49.57%,88.66%,0.0186,"[0.01761033572256565, 0.9823896884918213]"
7867,1,49.58%,88.66%,0.0212,"[0.018398961052298546, 0.9816009998321533]"
7868,0,49.57%,88.66%,0.0000,"[0.9999538660049438, 4.618501043296419e-05]"
7869,0,49.57%,88.67%,0.0000,"[0.9999761581420898, 2.3835289539420046e-05]"
7870,1,49.57%,88.67%,0.0397,"[0.04051196202635765, 0.959488034248352]"
7871,0,49.57%,88.67%,0.0000,"[0.9999568462371826, 4.3152958824066445e-05]"
7872,0,49.56%,88.67%,0.0001,"[0.9999685287475586, 3.149746771669015e-05]"
7873,0,49.56%,88.67%,0.0000,"[0.9999767541885376, 2.3281203539227135e-05]"
7874,1,49.56%,88.67%,0.0957,"[0.07951028645038605, 0.9204897284507751]"
7875,1,49.57%,88.67%,0.0212,"[0.019152434542775154, 0.9808475971221924]"
7876,1,49.57%,88.68%,0.1144,"[0.09074702113866806, 0.9092530012130737]"
7877,1,49.58%,88.68%,0.0482,"[0.042631492018699646, 0.9573684930801392]"
7878,0,49.57%,88.68%,0.0001,"[0.9999600648880005, 3.9925245800986886e-05]"
7879,1,49.58%,88.68%,0.5398,"[0.457741379737854, 0.5422586798667908]"
7880,1,49.59%,88.68%,0.0177,"[0.018736857920885086, 0.9812631607055664]"
7881,1,49.59%,88.68%,0.0210,"[0.02024325542151928, 0.979756772518158]"
7882,1,49.60%,88.68%,0.0730,"[0.0683649554848671, 0.9316350817680359]"
7883,0,49.59%,88.69%,0.0000,"[0.9999754428863525, 2.450783176755067e-05]"
7884,0,49.59%,88.69%,0.0000,"[0.9999420642852783, 5.795062315883115e-05]"
7885,0,49.58%,88.69%,0.0000,"[0.9999698400497437, 3.018090865225531e-05]"
7886,0,49.58%,88.69%,0.0000,"[0.9999788999557495, 2.1082623788970523e-05]"
7887,0,49.57%,88.69%,0.0006,"[0.9997517466545105, 0.00024822604609653354]"
7888,0,49.56%,88.69%,0.0001,"[0.999871015548706, 0.0001290040381718427]"
7889,1,49.57%,88.69%,0.0154,"[0.015670619904994965, 0.9843294620513916]"
7890,1,49.58%,88.70%,0.0278,"[0.02411476895213127, 0.9758852124214172]"
7891,1,49.58%,88.70%,0.0273,"[0.03501325845718384, 0.9649868011474609]"
7892,0,49.58%,88.70%,0.0002,"[0.9999178647994995, 8.216004789574072e-05]"
7893,1,49.58%,88.70%,0.0144,"[0.013800393790006638, 0.9861996173858643]"
7894,0,49.58%,88.70%,0.0001,"[0.9998917579650879, 0.00010822289186762646]"
7895,1,49.58%,88.70%,0.0149,"[0.03116600587964058, 0.9688339233398438]"
7896,1,49.59%,88.70%,0.0222,"[0.021208278834819794, 0.9787917137145996]"
7897,1,49.59%,88.71%,0.0297,"[0.023667646571993828, 0.976332426071167]"
7898,1,49.60%,88.71%,0.0169,"[0.01138317584991455, 0.9886168837547302]"
7899,0,49.59%,88.71%,0.0002,"[0.9990712404251099, 0.0009287777356803417]"
7900,1,49.60%,88.71%,0.0239,"[0.01929863542318344, 0.9807013869285583]"
7901,0,49.60%,88.71%,0.0002,"[0.999953031539917, 4.700444333138876e-05]"
7902,1,49.60%,88.71%,0.0245,"[0.025828061625361443, 0.9741719365119934]"
7903,1,49.61%,88.71%,0.0099,"[0.009650148451328278, 0.9903498888015747]"
7904,1,49.61%,88.72%,0.0163,"[0.016042523086071014, 0.9839574098587036]"
7905,1,49.62%,88.72%,0.0163,"[0.017030766233801842, 0.9829692244529724]"
7906,0,49.61%,88.71%,2.8542,"[0.05593571811914444, 0.9440643191337585]"
7907,1,49.62%,88.71%,0.0160,"[0.018031710758805275, 0.9819682240486145]"
7908,0,49.61%,88.70%,2.6258,"[0.061877112835645676, 0.9381229281425476]"
7909,1,49.62%,88.70%,0.0161,"[0.016298608854413033, 0.9837014079093933]"
7910,1,49.63%,88.70%,0.0219,"[0.018417425453662872, 0.9815826416015625]"
7911,0,49.62%,88.70%,0.0003,"[0.9986937642097473, 0.0013063044752925634]"
7912,1,49.63%,88.70%,0.0097,"[0.011860964819788933, 0.9881390929222107]"
7913,1,49.63%,88.70%,0.0151,"[0.015085135586559772, 0.9849148988723755]"
7914,1,49.64%,88.70%,0.0629,"[0.07180874794721603, 0.9281912446022034]"
7915,1,49.65%,88.71%,0.0127,"[0.013651574961841106, 0.9863483905792236]"
7916,1,49.65%,88.71%,0.0183,"[0.018606681376695633, 0.9813933968544006]"
7917,0,49.65%,88.70%,3.4371,"[0.024589255452156067, 0.9754108190536499]"
7918,1,49.65%,88.70%,0.0229,"[0.02147592231631279, 0.9785240888595581]"
7919,0,49.65%,88.70%,0.0206,"[0.9948679208755493, 0.005132107064127922]"
7920,1,49.65%,88.70%,0.0301,"[0.026194097474217415, 0.973805844783783]"
7921,0,49.65%,88.70%,0.0000,"[0.999941349029541, 5.8644363889470696e-05]"
7922,0,49.64%,88.70%,0.0002,"[0.9994996786117554, 0.0005003100959584117]"
7923,0,49.63%,88.71%,0.0000,"[0.9999513626098633, 4.864040602114983e-05]"
7924,1,49.64%,88.71%,0.0475,"[0.04679156839847565, 0.9532084465026855]"
7925,1,49.65%,88.71%,0.0161,"[0.0182826928794384, 0.9817172288894653]"
7926,0,49.64%,88.70%,3.1908,"[0.03883062303066254, 0.961169421672821]"
7927,0,49.63%,88.70%,0.0001,"[0.9998186230659485, 0.00018142606131732464]"
7928,0,49.63%,88.70%,0.0000,"[0.9999698400497437, 3.012357046827674e-05]"
7929,0,49.62%,88.70%,0.0000,"[0.999974250793457, 2.5770812499104068e-05]"
7930,0,49.62%,88.69%,2.6595,"[0.08243677020072937, 0.9175631999969482]"
7931,0,49.61%,88.69%,0.0000,"[0.9999802112579346, 1.9847349904011935e-05]"
7932,1,49.62%,88.69%,0.1380,"[0.07480813562870026, 0.9251918196678162]"
7933,1,49.62%,88.69%,0.2765,"[0.4501042366027832, 0.5498957633972168]"
7934,1,49.63%,88.70%,0.0350,"[0.03286309540271759, 0.9671369194984436]"
7935,0,49.62%,88.70%,0.0000,"[0.9999312162399292, 6.873848178656772e-05]"
7936,1,49.63%,88.70%,0.0940,"[0.14480045437812805, 0.8551995754241943]"
7937,0,49.62%,88.70%,0.0000,"[0.9999656677246094, 3.4343804145464674e-05]"
7938,1,49.63%,88.70%,0.0286,"[0.02536597102880478, 0.974634051322937]"
7939,1,49.63%,88.70%,0.0321,"[0.032647330313920975, 0.9673526883125305]"
7940,1,49.64%,88.70%,0.0334,"[0.021383993327617645, 0.978615939617157]"
7941,1,49.65%,88.71%,0.0273,"[0.02207261510193348, 0.9779273271560669]"
7942,1,49.65%,88.71%,0.0852,"[0.09128758311271667, 0.9087124466896057]"
7943,1,49.66%,88.71%,0.0262,"[0.020340053364634514, 0.9796599745750427]"
7944,0,49.65%,88.71%,0.0000,"[0.9999574422836304, 4.251760401530191e-05]"
7945,0,49.65%,88.71%,0.0000,"[0.9999305009841919, 6.951176328584552e-05]"
7946,0,49.64%,88.71%,0.0145,"[0.9910809397697449, 0.008919093757867813]"
7947,0,49.64%,88.71%,0.0000,"[0.9999656677246094, 3.437224586377852e-05]"
7948,0,49.63%,88.70%,3.3694,"[0.03661980852484703, 0.9633802175521851]"
7949,0,49.62%,88.70%,0.0000,"[0.9999526739120483, 4.7337500291178e-05]"
7950,1,49.63%,88.71%,0.0625,"[0.09637700021266937, 0.9036229848861694]"
7951,1,49.64%,88.71%,0.0386,"[0.034193433821201324, 0.9658066034317017]"
7952,1,49.64%,88.71%,0.0150,"[0.018659541383385658, 0.9813404679298401]"
7953,1,49.65%,88.71%,0.0355,"[0.0306285060942173, 0.9693714380264282]"
7954,1,49.65%,88.71%,0.0246,"[0.024851851165294647, 0.9751482009887695]"
7955,0,49.65%,88.71%,0.0001,"[0.9998965263366699, 0.00010351864330004901]"
7956,0,49.64%,88.70%,2.5851,"[0.08008179068565369, 0.9199181795120239]"
7957,1,49.65%,88.70%,0.0984,"[0.07858213037252426, 0.9214178919792175]"
7958,0,49.64%,88.70%,0.0000,"[0.999956488609314, 4.3512391130207106e-05]"
7959,1,49.65%,88.71%,0.0266,"[0.06776873022317886, 0.9322311878204346]"
7960,1,49.65%,88.71%,0.0290,"[0.03314485028386116, 0.9668551087379456]"
7961,0,49.65%,88.71%,0.0002,"[0.9998177886009216, 0.00018219018238596618]"
7962,0,49.64%,88.71%,0.0000,"[0.9999759197235107, 2.4033683075685985e-05]"
7963,1,49.65%,88.71%,0.0866,"[0.0586971752345562, 0.9413027763366699]"
7964,0,49.64%,88.71%,0.0000,"[0.9999696016311646, 3.039760485989973e-05]"
7965,1,49.65%,88.71%,0.0690,"[0.08225134760141373, 0.9177486300468445]"
7966,0,49.64%,88.72%,0.0001,"[0.9999418258666992, 5.8192013966618106e-05]"
7967,0,49.64%,88.72%,0.3245,"[0.5504013299942017, 0.4495987296104431]"
7968,1,49.64%,88.72%,0.0201,"[0.021271126344799995, 0.9787288904190063]"
7969,0,49.64%,88.72%,0.0000,"[0.9999430179595947, 5.696682637790218e-05]"
7970,0,49.63%,88.72%,0.0000,"[0.9999788999557495, 2.108793160005007e-05]"
7971,1,49.64%,88.72%,0.0515,"[0.049933113157749176, 0.950066864490509]"
7972,1,49.64%,88.72%,0.0253,"[0.019241897389292717, 0.9807580709457397]"
7973,0,49.64%,88.73%,0.0000,"[0.9999074935913086, 9.248530841432512e-05]"
7974,0,49.63%,88.73%,0.0000,"[0.9999710321426392, 2.8970833227504045e-05]"
7975,0,49.62%,88.72%,2.8249,"[0.06372879445552826, 0.9362711906433105]"
7976,1,49.63%,88.72%,0.1130,"[0.1042538434267044, 0.8957461714744568]"
7977,0,49.62%,88.71%,1.4466,"[0.2991446554660797, 0.7008553743362427]"
7978,0,49.62%,88.71%,0.0001,"[0.9999632835388184, 3.6694858863484114e-05]"
7979,0,49.61%,88.71%,0.0000,"[0.9999679327011108, 3.201030631316826e-05]"
7980,0,49.61%,88.71%,0.0000,"[0.9999786615371704, 2.1388006643974222e-05]"
7981,0,49.60%,88.71%,0.6347,"[0.6104647517204285, 0.38953524827957153]"
7982,0,49.59%,88.71%,0.0000,"[0.9999701976776123, 2.978930206154473e-05]"
7983,1,49.60%,88.71%,0.1228,"[0.08463843911886215, 0.9153615832328796]"
7984,0,49.59%,88.72%,0.0000,"[0.9999680519104004, 3.192519216099754e-05]"
7985,0,49.59%,88.72%,0.0000,"[0.999984860420227, 1.5139583410928026e-05]"
7986,1,49.59%,88.72%,0.0540,"[0.06619184464216232, 0.9338081479072571]"
7987,0,49.59%,88.71%,1.4668,"[0.2180968075990677, 0.7819032073020935]"
7988,0,49.58%,88.71%,0.0000,"[0.9999812841415405, 1.8718495994107798e-05]"
7989,1,49.59%,88.70%,3.9278,"[0.9633200168609619, 0.03668000176548958]"
7990,0,49.58%,88.70%,0.0004,"[0.9998279809951782, 0.00017204711912199855]"
7991,0,49.57%,88.70%,0.0002,"[0.9998759031295776, 0.00012406258611008525]"
7992,0,49.57%,88.70%,0.0000,"[0.9999833106994629, 1.664067167439498e-05]"
7993,0,49.56%,88.70%,0.0000,"[0.9999822378158569, 1.7789372577681206e-05]"
7994,1,49.57%,88.71%,0.1543,"[0.11293867975473404, 0.8870612978935242]"
7995,0,49.56%,88.71%,0.0000,"[0.9999816417694092, 1.829872235248331e-05]"
7996,1,49.57%,88.71%,0.0756,"[0.14673146605491638, 0.853268563747406]"
7997,1,49.57%,88.71%,0.2214,"[0.19385886192321777, 0.8061411380767822]"
7998,0,49.57%,88.71%,0.0000,"[0.9999788999557495, 2.1148071027710102e-05]"
7999,0,49.56%,88.70%,1.4912,"[0.24902471899986267, 0.7509751915931702]"
8000,1,49.57%,88.70%,0.1209,"[0.14393356442451477, 0.8560664653778076]"
8001,0,49.56%,88.70%,0.0000,"[0.9999665021896362, 3.346351513755508e-05]"
8002,1,49.57%,88.70%,0.1672,"[0.18901211023330688, 0.8109878897666931]"
8003,0,49.56%,88.71%,0.0000,"[0.9999752044677734, 2.478078386047855e-05]"
8004,0,49.56%,88.71%,0.0000,"[0.9999797344207764, 2.025275352934841e-05]"
8005,1,49.56%,88.71%,0.1357,"[0.10641128569841385, 0.8935887217521667]"
8006,1,49.57%,88.71%,0.0991,"[0.08213034272193909, 0.9178696274757385]"
8007,1,49.58%,88.71%,0.0253,"[0.035384126007556915, 0.9646158218383789]"
8008,0,49.57%,88.71%,0.0000,"[0.9999595880508423, 4.0414925024379045e-05]"
8009,1,49.58%,88.71%,0.0674,"[0.08320549130439758, 0.91679447889328]"
8010,1,49.58%,88.72%,0.0838,"[0.10313450545072556, 0.8968654870986938]"
8011,1,49.59%,88.72%,0.0217,"[0.01936393789947033, 0.9806360602378845]"
8012,0,49.58%,88.72%,0.0001,"[0.9998134970664978, 0.00018655633903108537]"
8013,1,49.59%,88.72%,0.0423,"[0.04948193579912186, 0.9505180716514587]"
8014,0,49.58%,88.72%,0.0001,"[0.9999173879623413, 8.254791464423761e-05]"
8015,1,49.59%,88.72%,0.0227,"[0.02525326795876026, 0.9747467041015625]"
8016,0,49.58%,88.72%,0.0145,"[0.9958142638206482, 0.004185762722045183]"
8017,1,49.59%,88.73%,0.0825,"[0.0881328135728836, 0.9118671417236328]"
8018,0,49.58%,88.73%,0.0004,"[0.9998182654380798, 0.00018170841212850064]"
8019,0,49.58%,88.73%,0.0025,"[0.9982225298881531, 0.00177740806248039]"
8020,0,49.57%,88.72%,3.4557,"[0.023503532633185387, 0.9764965176582336]"
8021,0,49.56%,88.72%,0.0003,"[0.9956751465797424, 0.004324790555983782]"
8022,1,49.57%,88.72%,0.0257,"[0.02369861491024494, 0.976301372051239]"
8023,1,49.58%,88.72%,0.0288,"[0.020901814103126526, 0.9790982007980347]"
8024,0,49.57%,88.71%,4.2617,"[0.02491232194006443, 0.9750876426696777]"
8025,1,49.58%,88.71%,0.0152,"[0.01591801643371582, 0.9840819835662842]"
8026,0,49.57%,88.71%,0.0010,"[0.9980765581130981, 0.0019234070787206292]"
8027,1,49.58%,88.71%,0.0714,"[0.07448524236679077, 0.9255146980285645]"
8028,0,49.57%,88.70%,2.6774,"[0.08333848416805267, 0.9166615605354309]"
8029,1,49.58%,88.70%,0.0368,"[0.03297215327620506, 0.9670278429985046]"
8030,1,49.58%,88.71%,0.0193,"[0.014856270514428616, 0.9851437211036682]"
8031,0,49.58%,88.71%,0.0000,"[0.9999573230743408, 4.266788891982287e-05]"
8032,1,49.58%,88.71%,0.0430,"[0.031099244952201843, 0.968900740146637]"
8033,1,49.59%,88.71%,0.0153,"[0.021102042868733406, 0.9788979291915894]"
8034,1,49.60%,88.71%,0.0393,"[0.03751903027296066, 0.9624810218811035]"
8035,0,49.59%,88.71%,0.0017,"[0.9992590546607971, 0.0007409906247630715]"
8036,0,49.58%,88.70%,3.1076,"[0.04274921491742134, 0.9572507739067078]"
8037,0,49.58%,88.70%,0.0001,"[0.9999465942382812, 5.345956014934927e-05]"
8038,0,49.57%,88.71%,0.0001,"[0.9999364614486694, 6.349076284095645e-05]"
8039,1,49.58%,88.71%,0.0204,"[0.021238181740045547, 0.9787617921829224]"
8040,1,49.58%,88.71%,0.0555,"[0.0483647882938385, 0.9516351819038391]"
8041,0,49.58%,88.71%,0.0002,"[0.9997574687004089, 0.00024254067102447152]"
8042,1,49.58%,88.71%,0.0401,"[0.048588745296001434, 0.951411247253418]"
8043,0,49.58%,88.70%,0.9801,"[0.1995520293712616, 0.800447940826416]"
8044,0,49.57%,88.70%,0.0001,"[0.9999220371246338, 7.79465917730704e-05]"
8045,0,49.57%,88.70%,0.0000,"[0.9999486207962036, 5.132827936904505e-05]"
8046,0,49.56%,88.70%,0.0000,"[0.9999725818634033, 2.739023148023989e-05]"
8047,0,49.55%,88.71%,0.0000,"[0.99994957447052, 5.0410922995069996e-05]"
8048,0,49.55%,88.69%,2.8770,"[0.05071723461151123, 0.9492828249931335]"
8049,1,49.55%,88.70%,0.0595,"[0.0578530989587307, 0.9421468377113342]"
8050,1,49.56%,88.70%,0.1136,"[0.14210893213748932, 0.8578910827636719]"
8051,1,49.57%,88.70%,0.0752,"[0.07371006160974503, 0.926289975643158]"
8052,1,49.57%,88.70%,0.1230,"[0.08576418459415436, 0.9142357707023621]"
8053,0,49.57%,88.70%,0.8013,"[0.6130689978599548, 0.3869309723377228]"
8054,1,49.57%,88.70%,0.0802,"[0.07792825996875763, 0.9220718145370483]"
8055,0,49.57%,88.70%,0.0000,"[0.9999618530273438, 3.8189107726793736e-05]"
8056,0,49.56%,88.71%,0.0000,"[0.9999096393585205, 9.040194709086791e-05]"
8057,1,49.57%,88.71%,0.0925,"[0.09615962207317352, 0.9038404226303101]"
8058,0,49.56%,88.71%,0.7390,"[0.9243955612182617, 0.0756044089794159]"
8059,0,49.55%,88.71%,0.0001,"[0.9999533891677856, 4.6637069317512214e-05]"
8060,1,49.56%,88.71%,0.2134,"[0.22331051528453827, 0.7766894698143005]"
8061,0,49.55%,88.71%,0.0000,"[0.9999691247940063, 3.087213190156035e-05]"
8062,1,49.56%,88.71%,0.0623,"[0.0658050924539566, 0.9341949224472046]"
8063,0,49.55%,88.70%,1.9169,"[0.13973239064216614, 0.8602676391601562]"
8064,1,49.56%,88.70%,0.1590,"[0.13160023093223572, 0.8683997392654419]"
8065,0,49.55%,88.71%,0.0000,"[0.999984622001648, 1.534151851956267e-05]"
8066,1,49.56%,88.71%,0.0929,"[0.08359479904174805, 0.916405200958252]"
8067,0,49.55%,88.71%,0.0000,"[0.9999806880950928, 1.9321167201269418e-05]"
8068,0,49.55%,88.71%,0.0825,"[0.8912678956985474, 0.10873211175203323]"
8069,1,49.55%,88.71%,0.1313,"[0.1006305068731308, 0.899369478225708]"
8070,0,49.55%,88.71%,0.0000,"[0.9999450445175171, 5.498776590684429e-05]"
8071,0,49.54%,88.71%,0.0000,"[0.9999833106994629, 1.6667672753101215e-05]"
8072,1,49.55%,88.70%,2.7581,"[0.5228696465492249, 0.47713032364845276]"
8073,1,49.55%,88.70%,0.0385,"[0.05007252097129822, 0.9499274492263794]"
8074,1,49.56%,88.71%,0.0959,"[0.09671936929225922, 0.9032806158065796]"
8075,1,49.57%,88.71%,0.0340,"[0.03494362533092499, 0.9650564193725586]"
8076,0,49.56%,88.71%,0.0000,"[0.9999792575836182, 2.0712590412585996e-05]"
8077,1,49.57%,88.71%,0.0730,"[0.09850364923477173, 0.9014962911605835]"
8078,0,49.56%,88.70%,2.2446,"[0.09725138545036316, 0.9027485847473145]"
8079,1,49.57%,88.70%,0.5763,"[0.14168491959571838, 0.858315110206604]"
8080,1,49.57%,88.70%,0.1523,"[0.1040276288986206, 0.8959724307060242]"
8081,0,49.57%,88.70%,0.0001,"[0.9999593496322632, 4.06147119065281e-05]"
8082,0,49.56%,88.70%,0.0002,"[0.999884843826294, 0.00011518902465468273]"
8083,0,49.55%,88.69%,2.3545,"[0.08187972009181976, 0.918120265007019]"
8084,1,49.56%,88.70%,0.0303,"[0.029666844755411148, 0.9703331589698792]"
8085,0,49.55%,88.70%,0.0000,"[0.9999675750732422, 3.2413638109574094e-05]"
8086,0,49.55%,88.70%,0.0000,"[0.9999649524688721, 3.506606299197301e-05]"
8087,1,49.55%,88.70%,0.0228,"[0.02383163757622242, 0.9761683344841003]"
8088,1,49.56%,88.70%,0.0594,"[0.07423673570156097, 0.9257631897926331]"
8089,1,49.57%,88.70%,0.0185,"[0.023005196824669838, 0.9769947528839111]"
8090,0,49.56%,88.70%,0.0005,"[0.9995750784873962, 0.0004249648191034794]"
8091,1,49.57%,88.70%,0.0228,"[0.02645287849009037, 0.9735471606254578]"
8092,0,49.56%,88.69%,2.7832,"[0.06118892505764961, 0.9388110637664795]"
8093,1,49.57%,88.70%,0.0261,"[0.025397783145308495, 0.974602222442627]"
8094,0,49.56%,88.70%,0.0001,"[0.9998663663864136, 0.00013362194295041263]"
8095,1,49.57%,88.70%,0.0868,"[0.07577931135892868, 0.9242207407951355]"
8096,0,49.56%,88.70%,0.0001,"[0.9999357461929321, 6.429477070923895e-05]"
8097,1,49.57%,88.70%,0.0233,"[0.027695735916495323, 0.9723043441772461]"
8098,0,49.56%,88.70%,0.0000,"[0.9999605417251587, 3.9467118767788634e-05]"
8099,1,49.57%,88.70%,0.0347,"[0.03606583550572395, 0.9639341235160828]"
8100,1,49.57%,88.71%,0.0615,"[0.061085641384124756, 0.9389142990112305]"
8101,0,49.57%,88.71%,0.0002,"[0.9997920393943787, 0.0002080078120343387]"
8102,0,49.56%,88.71%,0.0001,"[0.9999014139175415, 9.855555254034698e-05]"
8103,1,49.57%,88.71%,0.0440,"[0.05209207162261009, 0.9479079246520996]"
8104,0,49.56%,88.71%,0.0001,"[0.9999595880508423, 4.0412109228782356e-05]"
8105,0,49.56%,88.71%,0.0054,"[0.9917142987251282, 0.008285715244710445]"
8106,0,49.55%,88.71%,0.0714,"[0.8134863972663879, 0.18651367723941803]"
8107,1,49.56%,88.71%,0.1118,"[0.07318592071533203, 0.926814079284668]"
8108,1,49.56%,88.72%,0.0258,"[0.022838715463876724, 0.9771612882614136]"
8109,0,49.56%,88.72%,0.0000,"[0.9999532699584961, 4.674803130910732e-05]"
8110,1,49.56%,88.72%,0.0277,"[0.023945404216647148, 0.9760546684265137]"
8111,1,49.57%,88.72%,0.1015,"[0.10420338809490204, 0.8957966566085815]"
8112,0,49.56%,88.71%,3.0312,"[0.039879925549030304, 0.9601200222969055]"
8113,1,49.57%,88.71%,0.0266,"[0.027255218476057053, 0.9727448225021362]"
8114,1,49.57%,88.71%,0.0405,"[0.09834744036197662, 0.9016526341438293]"
8115,0,49.57%,88.71%,0.0008,"[0.9989043474197388, 0.00109566911123693]"
8116,0,49.56%,88.72%,0.0004,"[0.9995787739753723, 0.0004211796331219375]"
8117,1,49.57%,88.72%,0.1100,"[0.08399290591478348, 0.9160071015357971]"
8118,1,49.58%,88.72%,0.0813,"[0.07040989398956299, 0.929590106010437]"
8119,1,49.58%,88.72%,0.0246,"[0.022421475499868393, 0.9775785207748413]"
8120,1,49.59%,88.72%,0.0540,"[0.05089227855205536, 0.9491077065467834]"
8121,1,49.59%,88.72%,0.0742,"[0.08644020557403564, 0.9135597348213196]"
8122,0,49.59%,88.72%,0.0019,"[0.9987040758132935, 0.0012958815786987543]"
8123,0,49.58%,88.72%,0.0035,"[0.9978182315826416, 0.0021817267406731844]"
8124,0,49.58%,88.73%,0.0005,"[0.9990262985229492, 0.0009737306972965598]"
8125,0,49.57%,88.73%,0.0001,"[0.999910831451416, 8.916387014323846e-05]"
8126,1,49.58%,88.73%,0.0221,"[0.026830824092030525, 0.9731691479682922]"
8127,1,49.58%,88.73%,0.0196,"[0.010974152944982052, 0.989025890827179]"
8128,1,49.59%,88.73%,0.0211,"[0.021122436970472336, 0.978877604007721]"
8129,0,49.58%,88.73%,0.0007,"[0.9988303780555725, 0.0011696311412379146]"
8130,1,49.59%,88.73%,0.0170,"[0.014164627529680729, 0.9858353734016418]"
8131,1,49.59%,88.74%,0.0452,"[0.044344473630189896, 0.955655574798584]"
8132,1,49.60%,88.74%,0.1160,"[0.12303854525089264, 0.8769614696502686]"
8133,1,49.61%,88.74%,0.0279,"[0.026225892826914787, 0.9737740755081177]"
8134,1,49.61%,88.74%,0.0172,"[0.018188875168561935, 0.9818111062049866]"
8135,1,49.62%,88.74%,0.0229,"[0.022336551919579506, 0.977663516998291]"
8136,0,49.61%,88.74%,0.0011,"[0.9992431402206421, 0.0007568640285171568]"
8137,0,49.61%,88.73%,3.2745,"[0.029638368636369705, 0.970361590385437]"
8138,1,49.61%,88.73%,0.0164,"[0.015077045187354088, 0.9849228858947754]"
8139,0,49.61%,88.73%,0.0002,"[0.9998217225074768, 0.000178321119165048]"
8140,0,49.60%,88.74%,0.0058,"[0.988838791847229, 0.01116120908409357]"
8141,1,49.61%,88.74%,0.0239,"[0.022819453850388527, 0.9771804809570312]"
8142,1,49.61%,88.74%,0.0200,"[0.016444427892565727, 0.9835556149482727]"
8143,0,49.61%,88.74%,0.0486,"[0.9672961831092834, 0.03270384296774864]"
8144,1,49.61%,88.74%,0.0191,"[0.02583513781428337, 0.9741649031639099]"
8145,1,49.62%,88.74%,0.0167,"[0.015760937705636024, 0.9842389822006226]"
8146,0,49.61%,88.73%,3.5182,"[0.030029309913516045, 0.9699706435203552]"
8147,0,49.61%,88.73%,0.0001,"[0.9999470710754395, 5.2945160859962925e-05]"
8148,0,49.60%,88.73%,0.0007,"[0.9985415935516357, 0.001458429847843945]"
8149,0,49.60%,88.74%,0.0001,"[0.9997254014015198, 0.000274583202553913]"
8150,1,49.60%,88.74%,0.0210,"[0.017867201939225197, 0.9821327328681946]"
8151,0,49.60%,88.73%,3.6027,"[0.03877120465040207, 0.9612287878990173]"
8152,0,49.59%,88.73%,0.0001,"[0.9999222755432129, 7.776210259180516e-05]"
8153,1,49.60%,88.73%,0.0929,"[0.07055655866861343, 0.9294434189796448]"
8154,0,49.59%,88.73%,0.0001,"[0.9999312162399292, 6.878904241602868e-05]"
8155,1,49.60%,88.73%,0.0325,"[0.05422202870249748, 0.945777952671051]"
8156,1,49.60%,88.73%,0.0399,"[0.0417594313621521, 0.9582405090332031]"
8157,1,49.61%,88.73%,0.0226,"[0.011201392859220505, 0.9887985587120056]"
8158,0,49.60%,88.74%,0.0000,"[0.9999521970748901, 4.778014772455208e-05]"
8159,1,49.61%,88.74%,0.0259,"[0.02797188237309456, 0.9720280766487122]"
8160,1,49.61%,88.74%,0.0224,"[0.0288565531373024, 0.9711434841156006]"
8161,0,49.61%,88.74%,0.0001,"[0.9999395608901978, 6.048881186870858e-05]"
8162,1,49.61%,88.74%,0.3442,"[0.19334909319877625, 0.8066508769989014]"
8163,1,49.62%,88.74%,0.0157,"[0.016827590763568878, 0.9831724166870117]"
8164,1,49.63%,88.74%,0.0355,"[0.05273393169045448, 0.9472660422325134]"
8165,0,49.62%,88.73%,2.4362,"[0.055804356932640076, 0.9441956281661987]"
8166,0,49.61%,88.74%,0.0008,"[0.9994144439697266, 0.0005855954950675368]"
8167,1,49.62%,88.74%,0.0269,"[0.025320598855614662, 0.9746793508529663]"
8168,0,49.61%,88.74%,0.0001,"[0.9999356269836426, 6.440062134061009e-05]"
8169,1,49.62%,88.74%,0.1575,"[0.13609054684638977, 0.8639094233512878]"
8170,0,49.61%,88.74%,0.0001,"[0.999966025352478, 3.3917745895450935e-05]"
8171,0,49.61%,88.74%,0.0000,"[0.999964714050293, 3.533669951139018e-05]"
8172,1,49.61%,88.74%,0.0529,"[0.06727931648492813, 0.9327206611633301]"
8173,0,49.61%,88.74%,0.0007,"[0.9984346032142639, 0.0015653737355023623]"
8174,0,49.60%,88.75%,0.0001,"[0.9999217987060547, 7.817571167834103e-05]"
8175,1,49.61%,88.75%,0.0951,"[0.08795919269323349, 0.9120408892631531]"
8176,0,49.60%,88.75%,0.0001,"[0.9995104074478149, 0.0004896256141364574]"
8177,1,49.61%,88.75%,0.0641,"[0.052936870604753494, 0.947063148021698]"
8178,1,49.61%,88.75%,0.0180,"[0.020323356613516808, 0.9796766638755798]"
8179,0,49.61%,88.74%,2.4733,"[0.09713249653577805, 0.9028674960136414]"
8180,1,49.61%,88.74%,0.0326,"[0.04904834181070328, 0.9509516358375549]"
8181,1,49.62%,88.74%,0.0626,"[0.049200527369976044, 0.9507994651794434]"
8182,1,49.63%,88.74%,0.0163,"[0.012802602723240852, 0.9871973991394043]"
8183,0,49.62%,88.73%,2.7188,"[0.053603097796440125, 0.9463968276977539]"
8184,1,49.63%,88.74%,0.0408,"[0.03985704854130745, 0.960142970085144]"
8185,1,49.63%,88.74%,0.0523,"[0.05376700311899185, 0.9462329745292664]"
8186,0,49.63%,88.73%,1.9859,"[0.16763395071029663, 0.8323659896850586]"
8187,0,49.62%,88.73%,0.0000,"[0.9999643564224243, 3.564938378985971e-05]"
8188,1,49.63%,88.73%,0.0167,"[0.027392912656068802, 0.9726071357727051]"
8189,1,49.63%,88.73%,0.0291,"[0.027380017563700676, 0.9726199507713318]"
8190,1,49.64%,88.73%,0.0533,"[0.042793937027454376, 0.9572060108184814]"
8191,1,49.65%,88.73%,0.0219,"[0.036777347326278687, 0.9632226824760437]"
8192,0,49.64%,88.73%,0.0001,"[0.9998742341995239, 0.0001257095136679709]"
8193,1,49.65%,88.74%,0.1797,"[0.1578235924243927, 0.8421764373779297]"
8194,0,49.64%,88.74%,0.0001,"[0.9999477863311768, 5.2200422942405567e-05]"
8195,0,49.63%,88.74%,0.0001,"[0.9999350309371948, 6.497542199213058e-05]"
8196,1,49.64%,88.74%,0.1289,"[0.09337517619132996, 0.9066248536109924]"
8197,0,49.63%,88.74%,0.3376,"[0.6674782037734985, 0.33252179622650146]"
8198,1,49.64%,88.74%,0.1744,"[0.12465985119342804, 0.8753401637077332]"
8199,0,49.63%,88.74%,0.0006,"[0.9997023940086365, 0.0002975201641675085]"
8200,0,49.63%,88.75%,0.0000,"[0.9999679327011108, 3.2008108973968774e-05]"
8201,0,49.62%,88.75%,0.0000,"[0.9999654293060303, 3.453264071140438e-05]"
8202,0,49.62%,88.75%,0.0000,"[0.9999582767486572, 4.1727093048393726e-05]"
8203,0,49.61%,88.75%,0.0001,"[0.9999098777770996, 9.007503103930503e-05]"
8204,1,49.62%,88.75%,0.0176,"[0.01856396719813347, 0.9814360737800598]"
8205,1,49.62%,88.75%,0.0614,"[0.05459797382354736, 0.9454020261764526]"
8206,0,49.62%,88.75%,0.0000,"[0.9999560117721558, 4.394239294924773e-05]"
8207,1,49.62%,88.75%,0.0988,"[0.05751475691795349, 0.9424852728843689]"
8208,0,49.62%,88.76%,0.0001,"[0.9999639987945557, 3.5962704714620486e-05]"
8209,0,49.61%,88.76%,0.0000,"[0.999968409538269, 3.163147630402818e-05]"
8210,1,49.62%,88.76%,0.0176,"[0.019487205892801285, 0.9805128574371338]"
8211,1,49.62%,88.76%,0.0175,"[0.012580285780131817, 0.9874196648597717]"
8212,1,49.63%,88.76%,0.0372,"[0.02359955385327339, 0.9764004945755005]"
8213,0,49.62%,88.75%,0.8809,"[0.2693578898906708, 0.7306420803070068]"
8214,0,49.62%,88.74%,1.0799,"[0.11755195260047913, 0.8824480772018433]"
8215,1,49.62%,88.74%,0.0325,"[0.023052819073200226, 0.9769471883773804]"
8216,1,49.63%,88.74%,0.0109,"[0.02231498435139656, 0.9776850342750549]"
8217,0,49.62%,88.74%,0.0000,"[0.9999443292617798, 5.5724638514220715e-05]"
8218,0,49.62%,88.75%,0.0000,"[0.9999792575836182, 2.0754388970090076e-05]"
8219,0,49.61%,88.75%,0.0000,"[0.9999682903289795, 3.168013790855184e-05]"
8220,0,49.60%,88.75%,0.0000,"[0.999942421913147, 5.7565401220927015e-05]"
8221,0,49.60%,88.75%,0.0001,"[0.9998910427093506, 0.00010892588761635125]"
8222,1,49.60%,88.75%,0.0353,"[0.03902062028646469, 0.9609793424606323]"
8223,1,49.61%,88.75%,0.0432,"[0.047220077365636826, 0.9527799487113953]"
8224,1,49.62%,88.75%,0.0906,"[0.08237738907337189, 0.9176226258277893]"
8225,0,49.61%,88.76%,0.0000,"[0.9999822378158569, 1.7710017345962115e-05]"
8226,1,49.62%,88.76%,0.0164,"[0.01333744078874588, 0.9866625666618347]"
8227,1,49.62%,88.76%,0.0161,"[0.013116874732077122, 0.9868831038475037]"
8228,0,49.62%,88.76%,0.0000,"[0.9999731779098511, 2.686641710170079e-05]"
8229,0,49.61%,88.76%,0.0482,"[0.9928501844406128, 0.007149846758693457]"
8230,0,49.61%,88.76%,0.0000,"[0.9999806880950928, 1.929674908751622e-05]"
8231,1,49.61%,88.76%,0.0183,"[0.010540737770497799, 0.9894592761993408]"
8232,0,49.61%,88.76%,0.0000,"[0.9999682903289795, 3.1681709515396506e-05]"
8233,1,49.61%,88.77%,0.0362,"[0.040783923119306564, 0.9592160582542419]"
8234,0,49.61%,88.77%,0.0000,"[0.9999821186065674, 1.7872165699373e-05]"
8235,1,49.61%,88.77%,0.0210,"[0.016486605629324913, 0.9835134148597717]"
8236,0,49.61%,88.77%,0.0000,"[0.9999651908874512, 3.4840071748476475e-05]"
8237,1,49.61%,88.77%,0.0085,"[0.016515400260686874, 0.9834845662117004]"
8238,0,49.61%,88.77%,0.0000,"[0.9999810457229614, 1.899675407912582e-05]"
8239,1,49.61%,88.77%,0.1205,"[0.1182933896780014, 0.8817066550254822]"
8240,1,49.62%,88.78%,0.0163,"[0.01305028609931469, 0.9869497418403625]"
8241,0,49.61%,88.78%,0.0000,"[0.99997878074646, 2.1204412405495532e-05]"
8242,0,49.61%,88.78%,0.0001,"[0.9999488592147827, 5.111009522806853e-05]"
8243,1,49.61%,88.78%,0.0156,"[0.01823149248957634, 0.9817684888839722]"
8244,0,49.61%,88.78%,0.0000,"[0.9999796152114868, 2.0356368622742593e-05]"
8245,1,49.61%,88.78%,0.0247,"[0.026590440422296524, 0.9734095335006714]"
8246,1,49.62%,88.78%,0.0232,"[0.013830460608005524, 0.9861695766448975]"
8247,0,49.61%,88.77%,0.7578,"[0.4155137836933136, 0.584486186504364]"
8248,0,49.61%,88.77%,0.0000,"[0.9999611377716064, 3.881400334648788e-05]"
8249,0,49.60%,88.78%,0.0155,"[0.9937412142753601, 0.0062587265856564045]"
8250,0,49.59%,88.78%,0.0001,"[0.9999674558639526, 3.2562355045229197e-05]"
8251,1,49.60%,88.78%,0.0308,"[0.013174664229154587, 0.9868252873420715]"
8252,1,49.61%,88.78%,0.0126,"[0.01202161330729723, 0.9879783391952515]"
8253,1,49.61%,88.78%,0.0113,"[0.014192027039825916, 0.9858080148696899]"
8254,0,49.61%,88.78%,0.0000,"[0.9999767541885376, 2.3253844119608402e-05]"
8255,0,49.60%,88.78%,0.0000,"[0.9999599456787109, 4.0073704440146685e-05]"
8256,0,49.59%,88.79%,0.0000,"[0.9999809265136719, 1.9081382561125793e-05]"
8257,0,49.59%,88.79%,0.1794,"[0.9998762607574463, 0.00012371597404126078]"
8258,0,49.58%,88.79%,0.0394,"[0.6680357456207275, 0.33196425437927246]"
8259,1,49.59%,88.79%,0.0144,"[0.0113782724365592, 0.9886217713356018]"
8260,1,49.59%,88.79%,0.0110,"[0.01465312484651804, 0.9853469133377075]"
8261,0,49.59%,88.79%,0.0000,"[0.9997543692588806, 0.0002456166548654437]"
8262,0,49.58%,88.79%,0.0000,"[0.9999884366989136, 1.1563965017558075e-05]"
8263,0,49.58%,88.79%,0.0000,"[0.9999878406524658, 1.2125456123612821e-05]"
8264,0,49.57%,88.80%,0.0000,"[0.9999895095825195, 1.0456851669005118e-05]"
8265,1,49.58%,88.80%,0.0168,"[0.013429095037281513, 0.9865708947181702]"
8266,1,49.58%,88.80%,0.0156,"[0.020303795114159584, 0.9796962738037109]"
8267,0,49.58%,88.80%,0.0000,"[0.9999878406524658, 1.2202133802929893e-05]"
8268,0,49.57%,88.80%,0.0000,"[0.9999879598617554, 1.209293714055093e-05]"
8269,0,49.56%,88.80%,0.0000,"[0.9999904632568359, 9.554645657772198e-06]"
8270,0,49.56%,88.80%,0.0000,"[0.9999899864196777, 1.0036141247837804e-05]"
8271,0,49.55%,88.81%,0.0000,"[0.9999891519546509, 1.0810669664351735e-05]"
8272,0,49.55%,88.81%,0.0000,"[0.9999895095825195, 1.0535127330513205e-05]"
8273,1,49.55%,88.81%,0.0416,"[0.04775282368063927, 0.952247142791748]"
8274,0,49.55%,88.81%,0.0000,"[0.999988317489624, 1.1683016055030748e-05]"
8275,1,49.55%,88.81%,0.0185,"[0.011349717155098915, 0.9886503219604492]"
8276,1,49.56%,88.81%,0.0275,"[0.015603718347847462, 0.9843963384628296]"
8277,1,49.57%,88.81%,0.0247,"[0.034233830869197845, 0.9657661318778992]"
8278,0,49.56%,88.82%,0.0003,"[0.9998714923858643, 0.00012853549560531974]"
8279,0,49.55%,88.82%,0.0000,"[0.9999871253967285, 1.2840349882026203e-05]"
8280,0,49.55%,88.81%,3.5219,"[0.052143823355436325, 0.9478561878204346]"
8281,0,49.54%,88.81%,0.0002,"[0.9998188614845276, 0.00018117038416676223]"
8282,0,49.54%,88.81%,0.0000,"[0.999990701675415, 9.332104127679486e-06]"
8283,0,49.53%,88.80%,2.6020,"[0.15133452415466309, 0.8486654162406921]"
8284,1,49.54%,88.80%,0.1994,"[0.16798633337020874, 0.8320136666297913]"
8285,1,49.54%,88.80%,0.0106,"[0.008468618616461754, 0.9915313720703125]"
8286,0,49.54%,88.80%,0.0000,"[0.999990701675415, 9.242233318218496e-06]"
8287,1,49.54%,88.80%,0.6964,"[0.3545917570590973, 0.6454083323478699]"
8288,1,49.55%,88.80%,0.1306,"[0.06537611037492752, 0.9346238374710083]"
8289,1,49.55%,88.81%,0.2016,"[0.16207511723041534, 0.8379248380661011]"
8290,0,49.55%,88.81%,0.0000,"[0.9999889135360718, 1.1102650205430109e-05]"
8291,1,49.55%,88.81%,0.0106,"[0.010861678048968315, 0.9891383051872253]"
8292,1,49.56%,88.81%,0.0540,"[0.046962641179561615, 0.9530373215675354]"
8293,0,49.55%,88.81%,0.0000,"[0.9999891519546509, 1.0824339369719382e-05]"
8294,0,49.55%,88.81%,0.2268,"[0.9083448052406311, 0.09165515750646591]"
8295,0,49.54%,88.81%,0.0000,"[0.9999879598617554, 1.2002136827504728e-05]"
8296,1,49.55%,88.82%,0.0724,"[0.04467097669839859, 0.9553289413452148]"
8297,1,49.55%,88.82%,0.0214,"[0.033161718398332596, 0.9668383002281189]"
8298,1,49.56%,88.82%,0.0090,"[0.009456809610128403, 0.9905431866645813]"
8299,0,49.55%,88.82%,0.0000,"[0.9999877214431763, 1.2293823601794429e-05]"
8300,1,49.56%,88.82%,0.0091,"[0.009981722570955753, 0.9900182485580444]"
8301,0,49.55%,88.82%,0.0000,"[0.9999841451644897, 1.580657044542022e-05]"
8302,1,49.56%,88.82%,0.0162,"[0.015388588421046734, 0.984611451625824]"
8303,0,49.55%,88.82%,0.0000,"[0.9999829530715942, 1.7062147890101187e-05]"
8304,1,49.56%,88.83%,0.0123,"[0.012072385288774967, 0.9879276156425476]"
8305,1,49.57%,88.82%,4.0282,"[0.7290546298027039, 0.27094537019729614]"
8306,0,49.56%,88.82%,0.0000,"[0.9999761581420898, 2.379515535722021e-05]"
8307,0,49.55%,88.82%,0.0000,"[0.9999768733978271, 2.3149055778048933e-05]"
8308,1,49.56%,88.82%,0.0149,"[0.014611412771046162, 0.9853885769844055]"
8309,0,49.55%,88.81%,4.3492,"[0.014831759966909885, 0.9851682186126709]"
8310,0,49.55%,88.80%,1.7178,"[0.18393734097480774, 0.8160626292228699]"
8311,0,49.54%,88.79%,4.1164,"[0.014118815772235394, 0.9858812093734741]"
8312,1,49.55%,88.79%,0.0184,"[0.014969682320952415, 0.9850303530693054]"
8313,0,49.54%,88.79%,1.3042,"[0.8400835394859314, 0.1599164605140686]"
8314,0,49.54%,88.79%,0.0000,"[0.9999798536300659, 2.0145575035712682e-05]"
8315,1,49.54%,88.79%,0.0178,"[0.0165475495159626, 0.9834523797035217]"
8316,1,49.55%,88.79%,0.0193,"[0.02125549502670765, 0.9787445068359375]"
8317,0,49.54%,88.80%,0.0000,"[0.9999822378158569, 1.775486634869594e-05]"
8318,0,49.54%,88.80%,0.0001,"[0.9999480247497559, 5.202624015510082e-05]"
8319,0,49.53%,88.80%,0.0000,"[0.9999735355377197, 2.650555325089954e-05]"
8320,1,49.54%,88.79%,1.4104,"[0.9500624537467957, 0.04993747919797897]"
8321,1,49.54%,88.78%,0.2898,"[0.5005999207496643, 0.4994001090526581]"
8322,1,49.55%,88.78%,0.0261,"[0.027576981112360954, 0.9724230170249939]"
8323,0,49.54%,88.78%,0.0000,"[0.999984622001648, 1.5358486052718945e-05]"
8324,1,49.55%,88.78%,0.0705,"[0.06516105681657791, 0.9348389506340027]"
8325,0,49.54%,88.78%,0.0000,"[0.9999727010726929, 2.7306617994327098e-05]"
8326,0,49.54%,88.78%,0.0004,"[0.9996315240859985, 0.00036841764813289046]"
8327,1,49.54%,88.78%,0.0401,"[0.03876795619726181, 0.96123206615448]"
8328,0,49.54%,88.77%,2.8162,"[0.053824376314878464, 0.9461756944656372]"
8329,1,49.54%,88.78%,0.0424,"[0.04662592336535454, 0.9533740878105164]"
8330,0,49.54%,88.78%,0.0127,"[0.730496346950531, 0.26950371265411377]"
8331,1,49.54%,88.78%,0.0346,"[0.02181115187704563, 0.9781888127326965]"
8332,1,49.55%,88.78%,0.0591,"[0.059505194425582886, 0.9404948353767395]"
8333,1,49.56%,88.78%,0.0724,"[0.07810810208320618, 0.9218919277191162]"
8334,0,49.55%,88.77%,1.5599,"[0.19824577867984772, 0.8017542362213135]"
8335,1,49.56%,88.77%,0.0262,"[0.03142480179667473, 0.9685751795768738]"
8336,1,49.56%,88.77%,0.0339,"[0.02926856093108654, 0.9707314372062683]"
8337,0,49.56%,88.77%,0.0000,"[0.9999775886535645, 2.245663017674815e-05]"
8338,0,49.55%,88.78%,0.0001,"[0.9999330043792725, 6.702075916109607e-05]"
8339,0,49.54%,88.78%,0.0000,"[0.9999728202819824, 2.7143982151756063e-05]"
8340,1,49.55%,88.78%,0.0610,"[0.05908603221178055, 0.9409139156341553]"
8341,0,49.54%,88.78%,0.0000,"[0.9999730587005615, 2.696313094929792e-05]"
8342,1,49.55%,88.78%,0.0687,"[0.056174371391534805, 0.9438256025314331]"
8343,0,49.54%,88.78%,0.0000,"[0.9999794960021973, 2.0449899238883518e-05]"
8344,0,49.54%,88.78%,0.0000,"[0.9999740123748779, 2.595133992144838e-05]"
8345,0,49.53%,88.79%,0.3146,"[0.820989727973938, 0.17901021242141724]"
8346,1,49.54%,88.79%,0.2062,"[0.18774206936359406, 0.8122578859329224]"
8347,0,49.53%,88.79%,0.0000,"[0.99997878074646, 2.1164067220524885e-05]"
8348,0,49.53%,88.79%,0.0000,"[0.9999794960021973, 2.0474839402595535e-05]"
8349,1,49.53%,88.79%,0.0536,"[0.04387056827545166, 0.9561293721199036]"
8350,0,49.53%,88.79%,0.0000,"[0.9999480247497559, 5.1988095947308466e-05]"
8351,0,49.52%,88.78%,3.5345,"[0.037039801478385925, 0.9629601836204529]"
8352,1,49.53%,88.78%,0.0249,"[0.027839582413434982, 0.9721603989601135]"
8353,1,49.53%,88.78%,0.0371,"[0.045106079429388046, 0.9548938870429993]"
8354,1,49.54%,88.79%,0.0254,"[0.030700543895363808, 0.9692994356155396]"
8355,1,49.55%,88.79%,0.1883,"[0.048806991428136826, 0.9511929750442505]"
8356,0,49.54%,88.79%,0.0000,"[0.9999831914901733, 1.679588240222074e-05]"
8357,0,49.53%,88.79%,0.0000,"[0.9999712705612183, 2.873532685043756e-05]"
8358,0,49.53%,88.79%,0.0000,"[0.999976634979248, 2.332493750145659e-05]"
8359,0,49.52%,88.79%,0.1634,"[0.9666706323623657, 0.03332938998937607]"
8360,0,49.52%,88.79%,0.2555,"[0.9151215553283691, 0.08487840741872787]"
8361,1,49.52%,88.79%,0.0335,"[0.027179818600416183, 0.9728201627731323]"
8362,0,49.52%,88.80%,0.0000,"[0.999963641166687, 3.632648440543562e-05]"
8363,0,49.51%,88.79%,2.9219,"[0.047872964292764664, 0.9521270990371704]"
8364,0,49.50%,88.79%,0.0000,"[0.9999774694442749, 2.2533493392984383e-05]"
8365,0,49.50%,88.79%,0.0000,"[0.9999805688858032, 1.948626413650345e-05]"
8366,0,49.49%,88.79%,0.0006,"[0.9987642765045166, 0.0012357503874227405]"
8367,0,49.49%,88.79%,0.0000,"[0.9999860525131226, 1.3905127161706332e-05]"
8368,0,49.48%,88.79%,0.0000,"[0.9999867677688599, 1.3200509783928283e-05]"
8369,0,49.47%,88.79%,0.0000,"[0.9999688863754272, 3.1071231205714867e-05]"
8370,0,49.47%,88.79%,0.0000,"[0.9999867677688599, 1.3206037692725658e-05]"
8371,0,49.46%,88.80%,0.0000,"[0.999984622001648, 1.535287628939841e-05]"
8372,0,49.46%,88.80%,0.0000,"[0.9999878406524658, 1.2147261259087827e-05]"
8373,1,49.46%,88.80%,0.0588,"[0.06018561124801636, 0.9398143291473389]"
8374,1,49.47%,88.79%,4.9179,"[0.9986435770988464, 0.0013563893735408783]"
8375,1,49.47%,88.79%,0.1534,"[0.14335326850414276, 0.8566467761993408]"
8376,1,49.48%,88.79%,0.0687,"[0.07260029762983322, 0.9273996353149414]"
8377,1,49.49%,88.79%,0.0433,"[0.042512983083724976, 0.9574870467185974]"
8378,1,49.49%,88.79%,0.2723,"[0.10482505708932877, 0.8951749205589294]"
8379,1,49.50%,88.79%,2.9264,"[0.21757584810256958, 0.7824241518974304]"
8380,1,49.50%,88.80%,0.0398,"[0.04628373309969902, 0.9537162780761719]"
8381,1,49.51%,88.80%,0.0816,"[0.06531267613172531, 0.9346873760223389]"
8382,1,49.52%,88.80%,0.8068,"[0.1347426027059555, 0.8652573823928833]"
8383,1,49.52%,88.80%,0.0410,"[0.04104059562087059, 0.9589594602584839]"
8384,0,49.52%,88.80%,0.0000,"[0.9999724626541138, 2.7484689780976623e-05]"
8385,1,49.52%,88.80%,0.0307,"[0.024770919233560562, 0.975229024887085]"
8386,0,49.52%,88.80%,0.0283,"[0.9280784726142883, 0.07192154973745346]"
8387,1,49.52%,88.81%,0.0350,"[0.029065286740660667, 0.9709347486495972]"
8388,0,49.52%,88.81%,0.0002,"[0.9996700286865234, 0.0003299592062830925]"
8389,0,49.51%,88.81%,0.0058,"[0.9978744983673096, 0.0021254485473036766]"
8390,1,49.52%,88.81%,0.0180,"[0.023548537865281105, 0.9764515161514282]"
8391,0,49.51%,88.81%,0.0960,"[0.9601953029632568, 0.03980468213558197]"
8392,1,49.52%,88.81%,0.0222,"[0.022971300408244133, 0.9770286679267883]"
8393,1,49.52%,88.81%,0.0201,"[0.018070342019200325, 0.9819296002388]"
8394,1,49.53%,88.81%,0.0120,"[0.011901074089109898, 0.9880989193916321]"
8395,1,49.54%,88.82%,0.0121,"[0.006379515863955021, 0.9936204552650452]"
8396,1,49.54%,88.82%,0.0169,"[0.014107729308307171, 0.9858922362327576]"
8397,0,49.54%,88.81%,4.0914,"[0.0207156203687191, 0.979284405708313]"
8398,0,49.53%,88.81%,0.0007,"[0.9978936314582825, 0.002106413943693042]"
8399,1,49.54%,88.81%,0.0052,"[0.009160113520920277, 0.9908398985862732]"
8400,0,49.53%,88.81%,0.0245,"[0.960356593132019, 0.039643459022045135]"
8401,1,49.54%,88.81%,0.0066,"[0.008902943693101406, 0.991097092628479]"
8402,0,49.53%,88.81%,0.0014,"[0.9946168065071106, 0.00538317346945405]"
8403,1,49.54%,88.81%,0.0179,"[0.022269537672400475, 0.9777305126190186]"
8404,1,49.54%,88.82%,0.0109,"[0.014061213470995426, 0.9859387874603271]"
8405,1,49.55%,88.82%,0.0187,"[0.02752727083861828, 0.9724727272987366]"
8406,1,49.55%,88.82%,0.0110,"[0.015623967163264751, 0.9843759536743164]"
8407,1,49.56%,88.82%,0.0375,"[0.03263979032635689, 0.9673601984977722]"
8408,0,49.55%,88.82%,0.0011,"[0.9995260238647461, 0.00047401245683431625]"
8409,0,49.55%,88.82%,0.0001,"[0.9999463558197021, 5.3604435379384086e-05]"
8410,1,49.55%,88.82%,0.0151,"[0.015018661506474018, 0.9849812984466553]"
8411,1,49.56%,88.83%,0.0181,"[0.04016149416565895, 0.9598384499549866]"
8412,1,49.57%,88.83%,0.0113,"[0.01408435683697462, 0.9859156608581543]"
8413,0,49.56%,88.83%,0.0000,"[0.9999688863754272, 3.1104169465834275e-05]"
8414,0,49.55%,88.83%,0.0000,"[0.9999362230300903, 6.374993245117366e-05]"
8415,1,49.56%,88.83%,0.0114,"[0.009669705294072628, 0.9903303384780884]"
8416,0,49.55%,88.83%,0.0225,"[0.6822716593742371, 0.31772828102111816]"
8417,0,49.55%,88.83%,0.0001,"[0.9999339580535889, 6.603753718081862e-05]"
8418,0,49.54%,88.83%,0.0000,"[0.9999631643295288, 3.688114884425886e-05]"
8419,0,49.54%,88.84%,0.0000,"[0.9999673366546631, 3.263945473008789e-05]"
8420,0,49.53%,88.84%,0.0001,"[0.9999505281448364, 4.944913962390274e-05]"
8421,1,49.54%,88.84%,0.0194,"[0.03221620246767998, 0.9677838087081909]"
8422,1,49.54%,88.84%,0.0246,"[0.020015746355056763, 0.9799842238426208]"
8423,1,49.55%,88.84%,0.0250,"[0.021803488954901695, 0.9781965017318726]"
8424,1,49.55%,88.84%,0.0126,"[0.011561403051018715, 0.9884386658668518]"
8425,0,49.55%,88.83%,0.8497,"[0.422553688287735, 0.5774463415145874]"
8426,1,49.56%,88.83%,0.0251,"[0.017121173441410065, 0.9828788042068481]"
8427,1,49.56%,88.83%,0.0119,"[0.008938588201999664, 0.9910613894462585]"
8428,0,49.56%,88.84%,0.0000,"[0.9999792575836182, 2.075969496218022e-05]"
8429,0,49.55%,88.84%,0.0002,"[0.9998832941055298, 0.00011664238991215825]"
8430,1,49.56%,88.84%,0.0262,"[0.030417313799262047, 0.9695826768875122]"
8431,1,49.56%,88.84%,0.0120,"[0.01382596604526043, 0.9861739873886108]"
8432,0,49.56%,88.83%,3.7057,"[0.034197140485048294, 0.9658028483390808]"
8433,0,49.55%,88.83%,0.0000,"[0.9999802112579346, 1.972936479432974e-05]"
8434,0,49.54%,88.83%,0.0000,"[0.9999747276306152, 2.525507443351671e-05]"
8435,0,49.54%,88.83%,0.0000,"[0.9999810457229614, 1.8928234567283653e-05]"
8436,1,49.54%,88.82%,0.8286,"[0.9819126129150391, 0.018087344244122505]"
8437,1,49.55%,88.82%,0.0173,"[0.01648475043475628, 0.9835152626037598]"
8438,1,49.56%,88.83%,0.0164,"[0.027790894731879234, 0.972209095954895]"
8439,0,49.55%,88.83%,0.0000,"[0.9999799728393555, 2.0013907487737015e-05]"
8440,1,49.56%,88.83%,0.0477,"[0.04747697338461876, 0.9525229930877686]"
8441,1,49.56%,88.83%,4.2947,"[0.19849176704883575, 0.8015081882476807]"
8442,0,49.56%,88.82%,3.8800,"[0.04032998904585838, 0.9596700072288513]"
8443,1,49.56%,88.82%,0.0546,"[0.05927485227584839, 0.9407251477241516]"
8444,1,49.57%,88.82%,0.0486,"[0.021652646362781525, 0.9783474206924438]"
8445,1,49.57%,88.82%,0.0204,"[0.03753168508410454, 0.9624682664871216]"
8446,1,49.58%,88.82%,0.0217,"[0.01471733208745718, 0.9852826595306396]"
8447,0,49.57%,88.83%,0.0000,"[0.9999630451202393, 3.6961213481845334e-05]"
8448,1,49.58%,88.83%,0.0178,"[0.013383716344833374, 0.9866162538528442]"
8449,1,49.59%,88.83%,0.0158,"[0.014829426072537899, 0.9851705431938171]"
8450,0,49.58%,88.83%,0.0000,"[0.9999725818634033, 2.7453386792331003e-05]"
8451,0,49.57%,88.83%,0.0001,"[0.999903678894043, 9.628678526496515e-05]"
8452,0,49.57%,88.83%,0.0000,"[0.9999613761901855, 3.8587470044149086e-05]"
8453,1,49.57%,88.83%,0.0256,"[0.01999933458864689, 0.9800006747245789]"
8454,0,49.57%,88.82%,0.8414,"[0.3807421028614044, 0.6192578673362732]"
8455,0,49.56%,88.82%,0.0000,"[0.9999572038650513, 4.277887273929082e-05]"
8456,0,49.56%,88.81%,3.4694,"[0.031977035105228424, 0.9680229425430298]"
8457,1,49.56%,88.82%,0.0659,"[0.05613071471452713, 0.9438692927360535]"
8458,1,49.57%,88.82%,0.0453,"[0.03792748227715492, 0.9620724320411682]"
8459,1,49.57%,88.82%,0.0370,"[0.04226693511009216, 0.9577330946922302]"
8460,0,49.57%,88.82%,0.0000,"[0.9999607801437378, 3.92628280678764e-05]"
8461,0,49.56%,88.82%,0.0001,"[0.9997679591178894, 0.00023202973534353077]"
8462,1,49.57%,88.82%,0.0251,"[0.02203785441815853, 0.9779621362686157]"
8463,1,49.57%,88.82%,0.0303,"[0.01680469512939453, 0.9831953644752502]"
8464,1,49.58%,88.82%,0.0854,"[0.08595030009746552, 0.9140496850013733]"
8465,0,49.57%,88.81%,2.9899,"[0.05109464377164841, 0.948905348777771]"
8466,1,49.58%,88.82%,0.0311,"[0.02795570157468319, 0.9720442891120911]"
8467,0,49.57%,88.82%,0.0001,"[0.9999008178710938, 9.91805354715325e-05]"
8468,1,49.58%,88.82%,0.0351,"[0.053437042981386185, 0.9465630054473877]"
8469,1,49.59%,88.82%,0.0264,"[0.03557742014527321, 0.9644225239753723]"
8470,1,49.59%,88.82%,0.0481,"[0.037946511059999466, 0.9620534777641296]"
8471,0,49.59%,88.82%,0.0002,"[0.9998051524162292, 0.0001948352437466383]"
8472,1,49.59%,88.82%,0.0134,"[0.01655740849673748, 0.9834426045417786]"
8473,0,49.59%,88.82%,0.0000,"[0.9999526739120483, 4.734824688057415e-05]"
8474,0,49.58%,88.81%,2.9996,"[0.04737105965614319, 0.9526289701461792]"
8475,1,49.59%,88.82%,0.0173,"[0.017273105680942535, 0.9827269315719604]"
8476,1,49.59%,88.82%,0.0515,"[0.028251955285668373, 0.9717479944229126]"
8477,0,49.59%,88.82%,0.0001,"[0.9999023675918579, 9.76000155787915e-05]"
8478,0,49.58%,88.82%,0.0000,"[0.9999473094940186, 5.26903968420811e-05]"
8479,0,49.58%,88.82%,0.0001,"[0.9999139308929443, 8.605405309936032e-05]"
8480,1,49.58%,88.82%,0.0491,"[0.03732294961810112, 0.9626770615577698]"
8481,1,49.59%,88.82%,0.0165,"[0.026120999827980995, 0.9738789796829224]"
8482,1,49.59%,88.82%,0.0315,"[0.04335208982229233, 0.9566478729248047]"
8483,1,49.60%,88.83%,0.1993,"[0.11519867181777954, 0.8848012685775757]"
8484,1,49.61%,88.83%,0.0504,"[0.0417950339615345, 0.9582049250602722]"
8485,0,49.60%,88.83%,0.0000,"[0.9999736547470093, 2.6297984732082114e-05]"
8486,0,49.59%,88.83%,0.0000,"[0.999964714050293, 3.524862040649168e-05]"
8487,0,49.59%,88.83%,0.0001,"[0.9999370574951172, 6.294403283391148e-05]"
8488,0,49.58%,88.83%,0.0001,"[0.9999492168426514, 5.075436638435349e-05]"
8489,0,49.58%,88.83%,0.0000,"[0.9999603033065796, 3.972763443016447e-05]"
8490,0,49.57%,88.84%,0.0000,"[0.9999667406082153, 3.3202093618456274e-05]"
8491,1,49.58%,88.84%,0.0364,"[0.04524828493595123, 0.95475172996521]"
8492,1,49.58%,88.84%,0.0318,"[0.0277971513569355, 0.9722028970718384]"
8493,0,49.58%,88.84%,0.0002,"[0.9997983574867249, 0.00020160416897851974]"
8494,0,49.57%,88.84%,0.0001,"[0.9999101161956787, 8.984281885204837e-05]"
8495,1,49.58%,88.84%,0.0173,"[0.022411834448575974, 0.9775881767272949]"
8496,1,49.58%,88.84%,0.0140,"[0.015859702602028847, 0.9841402769088745]"
8497,0,49.58%,88.84%,0.0000,"[0.9999619722366333, 3.8028905692044646e-05]"
8498,0,49.57%,88.85%,0.0001,"[0.9999204874038696, 7.949306746013463e-05]"
8499,1,49.58%,88.85%,0.0478,"[0.03637716546654701, 0.9636228680610657]"
8500,0,49.57%,88.84%,1.3241,"[0.16440092027187347, 0.8355991244316101]"
8501,0,49.56%,88.84%,0.0002,"[0.9998754262924194, 0.0001245119929080829]"
8502,1,49.57%,88.84%,0.0222,"[0.02338608354330063, 0.9766139388084412]"
8503,1,49.58%,88.84%,0.0287,"[0.026823319494724274, 0.9731767177581787]"
8504,0,49.57%,88.83%,2.4683,"[0.08207163214683533, 0.9179283976554871]"
8505,0,49.57%,88.83%,0.0003,"[0.9998447895050049, 0.00015513302059844136]"
8506,0,49.56%,88.83%,0.0000,"[0.9999408721923828, 5.915758083574474e-05]"
8507,1,49.57%,88.83%,0.0525,"[0.06947799026966095, 0.9305219650268555]"
8508,1,49.57%,88.84%,0.0561,"[0.031697820872068405, 0.9683021903038025]"
8509,1,49.58%,88.84%,0.0172,"[0.01701640523970127, 0.9829835891723633]"
8510,1,49.58%,88.84%,0.0362,"[0.04377635195851326, 0.9562236666679382]"
8511,0,49.58%,88.84%,0.0001,"[0.999940037727356, 5.9967707784380764e-05]"
8512,1,49.58%,88.84%,0.0138,"[0.01575295999646187, 0.984247088432312]"
8513,1,49.59%,88.84%,0.0233,"[0.04512530937790871, 0.9548747539520264]"
8514,1,49.59%,88.84%,0.0194,"[0.024197863414883614, 0.9758021235466003]"
8515,0,49.59%,88.84%,0.0000,"[0.9999626874923706, 3.7334881199058145e-05]"
8516,0,49.58%,88.85%,0.0001,"[0.9998470544815063, 0.00015294761396944523]"
8517,1,49.59%,88.85%,0.0192,"[0.015609812922775745, 0.9843901991844177]"
8518,1,49.60%,88.85%,0.0183,"[0.01904834248125553, 0.9809516668319702]"
8519,0,49.59%,88.85%,0.0001,"[0.9998924732208252, 0.0001074767715181224]"
8520,1,49.60%,88.85%,0.0933,"[0.21031051874160767, 0.7896894216537476]"
8521,1,49.60%,88.85%,0.0305,"[0.024925369769334793, 0.9750746488571167]"
8522,1,49.61%,88.85%,0.0213,"[0.015530438162386417, 0.9844695329666138]"
8523,1,49.61%,88.85%,0.0114,"[0.013841787353157997, 0.9861582517623901]"
8524,0,49.61%,88.86%,0.0002,"[0.9997945427894592, 0.0002055206714430824]"
8525,0,49.60%,88.86%,0.0000,"[0.9999502897262573, 4.970842201146297e-05]"
8526,0,49.60%,88.86%,0.0050,"[0.9966626763343811, 0.003337341360747814]"
8527,0,49.59%,88.86%,0.0002,"[0.9997504353523254, 0.0002495756489224732]"
8528,0,49.58%,88.86%,0.0000,"[0.9999706745147705, 2.934700569312554e-05]"
8529,1,49.59%,88.86%,0.0326,"[0.025487782433629036, 0.9745122194290161]"
8530,0,49.58%,88.85%,0.0374,"[0.4368289113044739, 0.5631710886955261]"
8531,0,49.58%,88.85%,0.0002,"[0.9998224377632141, 0.0001776201097527519]"
8532,1,49.58%,88.86%,0.0357,"[0.03138328343629837, 0.9686166644096375]"
8533,0,49.58%,88.86%,0.0002,"[0.9998987913131714, 0.00010125016706297174]"
8534,1,49.58%,88.86%,0.0122,"[0.015007768757641315, 0.984992265701294]"
8535,1,49.59%,88.86%,0.0114,"[0.011486363597214222, 0.9885136485099792]"
8536,1,49.60%,88.86%,0.0126,"[0.009625802747905254, 0.9903742074966431]"
8537,1,49.60%,88.86%,0.0249,"[0.011708282865583897, 0.9882916808128357]"
8538,0,49.60%,88.86%,0.0019,"[0.9987437129020691, 0.0012563021155074239]"
8539,1,49.60%,88.86%,0.1040,"[0.0329730361700058, 0.967026948928833]"
8540,0,49.60%,88.87%,0.0001,"[0.6804577112197876, 0.31954225897789]"
8541,0,49.59%,88.87%,0.0001,"[0.9999270439147949, 7.297622505575418e-05]"
8542,1,49.60%,88.87%,0.0096,"[0.010750258341431618, 0.9892497062683105]"
8543,1,49.60%,88.87%,0.0140,"[0.01351297739893198, 0.9864870309829712]"
8544,1,49.61%,88.87%,0.0168,"[0.021321021020412445, 0.9786790013313293]"
8545,1,49.61%,88.87%,0.0093,"[0.009041402488946915, 0.990958571434021]"
8546,1,49.62%,88.87%,0.0242,"[0.022643329575657845, 0.9773566126823425]"
8547,0,49.61%,88.86%,1.6437,"[0.12778782844543457, 0.8722121715545654]"
8548,1,49.62%,88.86%,0.0116,"[0.019467074424028397, 0.9805328845977783]"
8549,1,49.63%,88.87%,0.0292,"[0.014825894497334957, 0.9851741194725037]"
8550,1,49.63%,88.87%,0.0212,"[0.019807633012533188, 0.9801923632621765]"
8551,0,49.63%,88.87%,0.0001,"[0.9999328851699829, 6.708597356919199e-05]"
8552,0,49.62%,88.87%,0.0000,"[0.9999747276306152, 2.5297404135926627e-05]"
8553,0,49.61%,88.87%,0.0001,"[0.999963641166687, 3.631404979387298e-05]"
8554,0,49.61%,88.87%,0.0000,"[0.9999547004699707, 4.52576823590789e-05]"
8555,0,49.60%,88.87%,0.0000,"[0.9999731779098511, 2.680435500224121e-05]"
8556,1,49.61%,88.87%,0.0290,"[0.045398641377687454, 0.9546013474464417]"
8557,0,49.60%,88.88%,0.0000,"[0.9999569654464722, 4.3059153540525585e-05]"
8558,1,49.61%,88.88%,0.0391,"[0.025385722517967224, 0.9746142029762268]"
8559,1,49.61%,88.88%,0.0177,"[0.015647077932953835, 0.9843528866767883]"
8560,0,49.61%,88.88%,0.0000,"[0.9999735355377197, 2.6410680220578797e-05]"
8561,0,49.60%,88.88%,0.0000,"[0.9999673366546631, 3.267302963649854e-05]"
8562,0,49.60%,88.88%,0.0000,"[0.9999710321426392, 2.899963510571979e-05]"
8563,0,49.59%,88.87%,3.3853,"[0.042543068528175354, 0.9574569463729858]"
8564,1,49.60%,88.87%,0.0102,"[0.012044448405504227, 0.9879555702209473]"
8565,0,49.59%,88.87%,0.0000,"[0.9999675750732422, 3.242761522415094e-05]"
8566,1,49.60%,88.88%,0.0069,"[0.009505786933004856, 0.9904941916465759]"
8567,0,49.59%,88.88%,0.0000,"[0.999966025352478, 3.3996890124399215e-05]"
8568,1,49.60%,88.88%,0.0094,"[0.008702856488525867, 0.9912971258163452]"
8569,1,49.60%,88.88%,0.0251,"[0.023224666714668274, 0.9767753481864929]"
8570,1,49.61%,88.88%,0.0123,"[0.015612736344337463, 0.9843872785568237]"
8571,1,49.62%,88.88%,0.0090,"[0.013131470419466496, 0.9868685603141785]"
8572,0,49.61%,88.87%,3.8833,"[0.011760523542761803, 0.9882395267486572]"
8573,1,49.62%,88.87%,0.0214,"[0.016820205375552177, 0.9831798076629639]"
8574,1,49.62%,88.87%,0.0294,"[0.020568009465932846, 0.9794320464134216]"
8575,0,49.62%,88.88%,0.0000,"[0.9999724626541138, 2.7552319807000458e-05]"
8576,0,49.61%,88.87%,3.4381,"[0.036503951996564865, 0.9634960293769836]"
8577,1,49.62%,88.87%,0.0090,"[0.014985023997724056, 0.9850149750709534]"
8578,1,49.62%,88.86%,1.2323,"[0.7454103231430054, 0.25458967685699463]"
8579,1,49.63%,88.86%,0.0482,"[0.030319727957248688, 0.9696802496910095]"
8580,1,49.63%,88.86%,0.0228,"[0.032223474234342575, 0.9677765965461731]"
8581,0,49.63%,88.86%,0.0003,"[0.9991102814674377, 0.0008897574152797461]"
8582,0,49.62%,88.86%,0.0000,"[0.9999520778656006, 4.792274921783246e-05]"
8583,1,49.63%,88.86%,0.0182,"[0.01713501289486885, 0.9828649759292603]"
8584,0,49.62%,88.86%,0.0000,"[0.9999765157699585, 2.3431863155565225e-05]"
8585,0,49.62%,88.87%,0.0006,"[0.9994658827781677, 0.000534083170350641]"
8586,1,49.62%,88.86%,0.4873,"[0.8438855409622192, 0.15611447393894196]"
8587,0,49.62%,88.86%,0.0000,"[0.9999690055847168, 3.1014955311547965e-05]"
8588,0,49.61%,88.86%,0.0000,"[0.9999719858169556, 2.797148954414297e-05]"
8589,1,49.62%,88.86%,0.0406,"[0.02307867258787155, 0.9769213795661926]"
8590,1,49.62%,88.86%,0.0384,"[0.03270604833960533, 0.967293918132782]"
8591,0,49.62%,88.85%,0.3250,"[0.16568970680236816, 0.8343102931976318]"
8592,0,49.61%,88.85%,0.0003,"[0.9996820688247681, 0.0003179462219122797]"
8593,0,49.60%,88.85%,0.0006,"[0.999538779258728, 0.0004612295888364315]"
8594,1,49.61%,88.85%,0.0331,"[0.03859676048159599, 0.9614033102989197]"
8595,1,49.62%,88.86%,0.0441,"[0.028445657342672348, 0.9715543389320374]"
8596,1,49.62%,88.86%,0.0549,"[0.04247300699353218, 0.9575270414352417]"
8597,1,49.63%,88.86%,0.0106,"[0.007939593866467476, 0.9920604228973389]"
8598,0,49.62%,88.86%,0.0001,"[0.9998518228530884, 0.00014814030146226287]"
8599,1,49.63%,88.86%,0.0104,"[0.01195802167057991, 0.9880419969558716]"
8600,0,49.62%,88.86%,0.0001,"[0.9999064207077026, 9.353685163659975e-05]"
8601,1,49.63%,88.86%,0.0301,"[0.01741729862987995, 0.982582688331604]"
8602,0,49.62%,88.85%,0.1987,"[0.20216374099254608, 0.7978362441062927]"
8603,0,49.62%,88.85%,0.0000,"[0.999955415725708, 4.462916331249289e-05]"
8604,1,49.62%,88.86%,0.0067,"[0.00845718290656805, 0.9915428161621094]"
8605,1,49.63%,88.86%,0.0189,"[0.011278296820819378, 0.9887217283248901]"
8606,0,49.62%,88.85%,3.1828,"[0.04638582095503807, 0.9536141753196716]"
8607,0,49.62%,88.85%,0.0002,"[0.9997312426567078, 0.00026872381567955017]"
8608,0,49.61%,88.85%,0.0000,"[0.9999544620513916, 4.5559729187516496e-05]"
8609,1,49.62%,88.85%,0.0457,"[0.021633507683873177, 0.978366494178772]"
8610,1,49.62%,88.85%,0.0262,"[0.02977024018764496, 0.9702296853065491]"
8611,1,49.63%,88.85%,0.0278,"[0.030965648591518402, 0.9690343737602234]"
8612,0,49.62%,88.85%,0.0000,"[0.9999744892120361, 2.5527217076160014e-05]"
8613,1,49.63%,88.86%,0.0879,"[0.08484456688165665, 0.9151554703712463]"
8614,1,49.63%,88.86%,0.0273,"[0.033319972455501556, 0.9666800498962402]"
8615,1,49.64%,88.86%,0.0429,"[0.024959690868854523, 0.9750403165817261]"
8616,1,49.65%,88.86%,0.0082,"[0.03014235757291317, 0.9698576331138611]"
8617,1,49.65%,88.86%,0.0299,"[0.024224093183875084, 0.9757758975028992]"
8618,1,49.66%,88.86%,0.0399,"[0.015369187109172344, 0.9846307635307312]"
8619,1,49.66%,88.86%,0.0134,"[0.015566270798444748, 0.9844337701797485]"
8620,1,49.67%,88.86%,0.0170,"[0.035688366740942, 0.9643116593360901]"
8621,1,49.68%,88.87%,0.0293,"[0.014021690934896469, 0.9859783053398132]"
8622,0,49.67%,88.87%,0.0001,"[0.9999552965164185, 4.465359597816132e-05]"
8623,1,49.68%,88.87%,0.0146,"[0.008509178645908833, 0.9914907813072205]"
8624,1,49.68%,88.87%,0.0122,"[0.02647312916815281, 0.9735268354415894]"
8625,0,49.68%,88.87%,0.0000,"[0.9999784231185913, 2.160959593311418e-05]"
8626,0,49.67%,88.87%,0.0001,"[0.9999181032180786, 8.187167986761779e-05]"
8627,1,49.68%,88.87%,0.0146,"[0.03089999035000801, 0.9690999984741211]"
8628,0,49.67%,88.87%,0.0000,"[0.9999798536300659, 2.0121613488299772e-05]"
8629,0,49.66%,88.88%,0.0000,"[0.9999780654907227, 2.1909525457886048e-05]"
8630,0,49.66%,88.87%,0.6157,"[0.39332315325737, 0.6066768169403076]"
8631,1,49.66%,88.87%,0.0144,"[0.0100692855194211, 0.9899307489395142]"
8632,1,49.67%,88.87%,0.0205,"[0.020855505019426346, 0.9791445136070251]"
8633,0,49.66%,88.87%,0.0000,"[0.9999759197235107, 2.4084618416964076e-05]"
8634,0,49.66%,88.87%,0.0000,"[0.9999748468399048, 2.5161343728541397e-05]"
8635,1,49.66%,88.87%,0.0450,"[0.02926589734852314, 0.9707340598106384]"
8636,0,49.66%,88.87%,0.0058,"[0.9857191443443298, 0.014280866831541061]"
8637,1,49.66%,88.87%,0.0130,"[0.013726120814681053, 0.9862738251686096]"
8638,1,49.67%,88.88%,0.0184,"[0.019658584147691727, 0.9803414344787598]"
8639,1,49.68%,88.88%,0.0194,"[0.03347252681851387, 0.9665274620056152]"
8640,1,49.68%,88.88%,0.0198,"[0.010277523659169674, 0.9897225499153137]"
8641,1,49.69%,88.88%,0.0137,"[0.014676261693239212, 0.9853237867355347]"
8642,1,49.69%,88.88%,0.0209,"[0.027114763855934143, 0.9728853106498718]"
8643,0,49.69%,88.88%,0.0001,"[0.9988322854042053, 0.0011677363654598594]"
8644,0,49.68%,88.88%,0.0000,"[0.9999738931655884, 2.6090203391504474e-05]"
8645,0,49.68%,88.89%,0.0000,"[0.9999769926071167, 2.3047310605761595e-05]"
8646,0,49.67%,88.89%,0.0000,"[0.9999651908874512, 3.475988705758937e-05]"
8647,0,49.66%,88.89%,0.0000,"[0.9999604225158691, 3.952700717491098e-05]"
8648,1,49.67%,88.89%,0.0150,"[0.01819469965994358, 0.9818052649497986]"
8649,0,49.66%,88.89%,0.0001,"[0.9999570846557617, 4.289067510399036e-05]"
8650,0,49.66%,88.89%,0.0000,"[0.9999741315841675, 2.589522409834899e-05]"
8651,1,49.66%,88.89%,0.0120,"[0.008204679004848003, 0.9917953610420227]"
8652,1,49.67%,88.89%,0.0095,"[0.0053250910714268684, 0.9946749210357666]"
8653,1,49.68%,88.90%,0.0397,"[0.012851491570472717, 0.9871484637260437]"
8654,0,49.67%,88.90%,0.0000,"[0.9999765157699585, 2.3513030100730248e-05]"
8655,1,49.68%,88.90%,0.0169,"[0.009229187853634357, 0.9907708168029785]"
8656,1,49.68%,88.90%,0.3744,"[0.03893512114882469, 0.9610649347305298]"
8657,1,49.69%,88.90%,0.0207,"[0.017017431557178497, 0.9829825758934021]"
8658,0,49.68%,88.90%,0.0000,"[0.9999819993972778, 1.8007511243922636e-05]"
8659,1,49.69%,88.90%,0.0164,"[0.02105192467570305, 0.9789480566978455]"
8660,1,49.69%,88.90%,0.0177,"[0.010577267967164516, 0.9894227385520935]"
8661,0,49.69%,88.91%,0.0001,"[0.9999351501464844, 6.484573532361537e-05]"
8662,1,49.69%,88.91%,0.0053,"[0.004515002015978098, 0.9954850673675537]"
8663,0,49.69%,88.91%,0.0002,"[0.9998989105224609, 0.00010110525181517005]"
8664,1,49.69%,88.91%,0.0050,"[0.00578496465459466, 0.9942150712013245]"
8665,0,49.69%,88.91%,0.0002,"[0.9955024123191833, 0.00449762586504221]"
8666,0,49.68%,88.91%,0.0000,"[0.9999734163284302, 2.656053584360052e-05]"
8667,0,49.68%,88.91%,0.0014,"[0.9997499585151672, 0.00024999314337037504]"
8668,0,49.67%,88.91%,0.0012,"[0.9991331696510315, 0.0008667961228638887]"
8669,1,49.68%,88.92%,0.0030,"[0.004074334166944027, 0.9959256649017334]"
8670,1,49.68%,88.92%,0.0115,"[0.014609251171350479, 0.9853907823562622]"
8671,0,49.68%,88.92%,0.0004,"[0.9998772144317627, 0.00012277932546567172]"
8672,1,49.68%,88.92%,0.0074,"[0.011695886962115765, 0.9883041381835938]"
8673,1,49.69%,88.92%,0.0068,"[0.004947650246322155, 0.9950523972511292]"
8674,1,49.69%,88.92%,0.0052,"[0.011522499844431877, 0.9884775280952454]"
8675,0,49.69%,88.92%,0.0001,"[0.9999037981033325, 9.6186573500745e-05]"
8676,0,49.68%,88.91%,5.1833,"[0.01219954527914524, 0.9878004789352417]"
8677,0,49.68%,88.91%,0.0002,"[0.9989901185035706, 0.0010099154897034168]"
8678,0,49.67%,88.92%,0.2503,"[0.8589075207710266, 0.1410924643278122]"
8679,0,49.67%,88.92%,0.0000,"[0.9999630451202393, 3.695092163980007e-05]"
8680,1,49.67%,88.92%,0.0082,"[0.015577297657728195, 0.9844226241111755]"
8681,0,49.67%,88.91%,4.2420,"[0.015691325068473816, 0.984308660030365]"
8682,0,49.66%,88.91%,0.3225,"[0.9995771050453186, 0.0004229128535371274]"
8683,0,49.65%,88.91%,0.0000,"[0.9999738931655884, 2.6078811060870066e-05]"
8684,0,49.65%,88.91%,0.0003,"[0.9983152151107788, 0.0016847661463543773]"
8685,0,49.64%,88.91%,0.0000,"[0.9999828338623047, 1.7174546883325092e-05]"
8686,1,49.65%,88.91%,0.0368,"[0.011844991706311703, 0.9881550073623657]"
8687,1,49.65%,88.92%,0.0111,"[0.01399797759950161, 0.9860019683837891]"
8688,0,49.65%,88.92%,0.0000,"[0.9999755620956421, 2.4395136279053986e-05]"
8689,0,49.64%,88.92%,0.0000,"[0.9999634027481079, 3.654594547697343e-05]"
8690,0,49.64%,88.92%,0.0000,"[0.999975323677063, 2.464733915985562e-05]"
8691,1,49.64%,88.92%,0.0615,"[0.16385623812675476, 0.8361437320709229]"
8692,0,49.64%,88.92%,0.0000,"[0.9999798536300659, 2.0167683032923378e-05]"
8693,1,49.64%,88.92%,0.0153,"[0.009764307178556919, 0.9902356266975403]"
8694,0,49.64%,88.92%,0.0000,"[0.9999802112579346, 1.9757100744755007e-05]"
8695,0,49.63%,88.93%,0.0000,"[0.9999833106994629, 1.6679057807778008e-05]"
8696,1,49.64%,88.93%,0.0126,"[0.01887880079448223, 0.9811212420463562]"
8697,1,49.64%,88.93%,0.0099,"[0.011546284891664982, 0.9884536862373352]"
8698,0,49.64%,88.93%,0.0000,"[0.9999802112579346, 1.9788780264207162e-05]"
8699,0,49.63%,88.93%,0.0000,"[0.9999816417694092, 1.8347283912589774e-05]"
8700,0,49.63%,88.93%,0.0000,"[0.9999837875366211, 1.626005359867122e-05]"
8701,1,49.63%,88.93%,0.0131,"[0.014315785840153694, 0.9856841564178467]"
8702,0,49.63%,88.93%,0.0000,"[0.9999852180480957, 1.4778701370232739e-05]"
8703,1,49.63%,88.94%,0.0137,"[0.022455567494034767, 0.9775444269180298]"
8704,1,49.64%,88.94%,0.0443,"[0.054412052035331726, 0.9455879926681519]"
8705,0,49.63%,88.94%,0.0000,"[0.9999773502349854, 2.2648689991910942e-05]"
8706,1,49.64%,88.94%,0.0160,"[0.009772218763828278, 0.9902278184890747]"
8707,1,49.64%,88.94%,0.0117,"[0.011096769012510777, 0.9889032244682312]"
8708,0,49.64%,88.94%,0.0000,"[0.9999828338623047, 1.7211668819072656e-05]"
8709,0,49.63%,88.94%,0.0000,"[0.9999604225158691, 3.95848328480497e-05]"
8710,1,49.64%,88.95%,0.0566,"[0.02988545037806034, 0.9701145887374878]"
8711,1,49.64%,88.95%,0.0268,"[0.02467908151447773, 0.9753208756446838]"
8712,0,49.64%,88.95%,0.0000,"[0.999984622001648, 1.536954914627131e-05]"
8713,1,49.64%,88.95%,0.0126,"[0.025110220536589622, 0.9748898148536682]"
8714,0,49.64%,88.94%,3.4954,"[0.028405221179127693, 0.9715947508811951]"
8715,1,49.64%,88.94%,0.1365,"[0.1917562037706375, 0.8082438111305237]"
8716,1,49.65%,88.94%,0.0096,"[0.035785675048828125, 0.9642143845558167]"
8717,0,49.64%,88.94%,0.0000,"[0.9999819993972778, 1.8016564354184084e-05]"
8718,0,49.64%,88.94%,0.0000,"[0.9999724626541138, 2.758294613158796e-05]"
8719,1,49.64%,88.94%,0.0166,"[0.018186915665864944, 0.9818130731582642]"
8720,0,49.64%,88.95%,0.0468,"[0.7519629597663879, 0.24803699553012848]"
8721,1,49.64%,88.95%,0.0149,"[0.016463017091155052, 0.9835370182991028]"
8722,1,49.65%,88.95%,0.0475,"[0.037352096289396286, 0.9626478552818298]"
8723,0,49.64%,88.95%,0.1307,"[0.9346016645431519, 0.06539827585220337]"
8724,1,49.65%,88.95%,0.0390,"[0.04995202645659447, 0.9500479698181152]"
8725,0,49.64%,88.95%,0.6300,"[0.9802526235580444, 0.01974731869995594]"
8726,0,49.64%,88.95%,0.0000,"[0.9999865293502808, 1.3510017197404522e-05]"
8727,0,49.63%,88.96%,0.0000,"[0.9999839067459106, 1.6049314581323415e-05]"
8728,0,49.63%,88.96%,0.0000,"[0.9999847412109375, 1.5221407011267729e-05]"
8729,0,49.62%,88.96%,0.0000,"[0.9999825954437256, 1.7458349248045124e-05]"
8730,0,49.62%,88.96%,0.0000,"[0.9999816417694092, 1.8388676835456863e-05]"
8731,1,49.62%,88.96%,0.0165,"[0.01561835128813982, 0.9843816161155701]"
8732,1,49.63%,88.96%,0.0150,"[0.01368488185107708, 0.986315131187439]"
8733,1,49.63%,88.96%,0.0134,"[0.026741890236735344, 0.9732581377029419]"
8734,1,49.64%,88.96%,0.0169,"[0.018122700974345207, 0.981877326965332]"
8735,1,49.65%,88.97%,0.0636,"[0.0647299587726593, 0.9352700114250183]"
8736,1,49.65%,88.97%,0.0428,"[0.04897559806704521, 0.9510244131088257]"
8737,0,49.65%,88.97%,0.0000,"[0.9999823570251465, 1.7596010366105475e-05]"
8738,0,49.64%,88.97%,0.0000,"[0.999985933303833, 1.411930497852154e-05]"
8739,1,49.65%,88.96%,5.9583,"[0.9996987581253052, 0.0003012380620930344]"
8740,1,49.65%,88.96%,0.0757,"[0.05479355901479721, 0.9452064633369446]"
8741,1,49.66%,88.95%,5.8575,"[0.9929414987564087, 0.007058563642203808]"
8742,0,49.65%,88.95%,0.2282,"[0.6694052219390869, 0.3305948078632355]"
8743,1,49.66%,88.95%,0.2213,"[0.17930074036121368, 0.8206992149353027]"
8744,1,49.66%,88.95%,0.0308,"[0.03147365525364876, 0.968526303768158]"
8745,0,49.66%,88.95%,0.0000,"[0.9999730587005615, 2.6897434509010054e-05]"
8746,1,49.66%,88.96%,0.0318,"[0.018431467935442924, 0.9815685153007507]"
8747,1,49.67%,88.96%,0.0187,"[0.018191879615187645, 0.9818081259727478]"
8748,1,49.67%,88.96%,0.0188,"[0.017775986343622208, 0.9822240471839905]"
8749,1,49.68%,88.96%,0.0230,"[0.0243527814745903, 0.9756472110748291]"
8750,1,49.69%,88.96%,0.0111,"[0.013144779950380325, 0.9868552088737488]"
8751,0,49.68%,88.96%,0.0001,"[0.9999300241470337, 6.993662827881053e-05]"
8752,1,49.69%,88.96%,0.0150,"[0.012184607796370983, 0.9878153800964355]"
8753,1,49.69%,88.97%,0.0125,"[0.007910285145044327, 0.9920897483825684]"
8754,1,49.70%,88.97%,0.0173,"[0.009692728519439697, 0.9903073310852051]"
8755,0,49.69%,88.97%,0.0000,"[0.9999606609344482, 3.932431718567386e-05]"
8756,0,49.69%,88.97%,0.0009,"[0.9993289709091187, 0.0006710133166052401]"
8757,0,49.68%,88.97%,0.0000,"[0.9999679327011108, 3.203696905984543e-05]"
8758,1,49.69%,88.97%,0.0297,"[0.013994562439620495, 0.986005425453186]"
8759,1,49.69%,88.97%,0.0217,"[0.010149757377803326, 0.9898502826690674]"
8760,0,49.69%,88.97%,0.0001,"[0.9997327923774719, 0.00026716242427937686]"
8761,1,49.69%,88.98%,0.0091,"[0.008028465323150158, 0.991971492767334]"
8762,1,49.70%,88.98%,0.0114,"[0.01449703797698021, 0.9855029582977295]"
8763,1,49.70%,88.98%,0.0057,"[0.011464305222034454, 0.9885357022285461]"
8764,0,49.70%,88.98%,0.0003,"[0.9997394680976868, 0.00026048056315630674]"
8765,1,49.70%,88.98%,0.0118,"[0.007512763608247042, 0.9924871921539307]"
8766,1,49.71%,88.98%,0.0163,"[0.014730317518115044, 0.9852697253227234]"
8767,1,49.71%,88.98%,0.0106,"[0.010354778729379177, 0.98964524269104]"
8768,0,49.71%,88.98%,0.0001,"[0.9999244213104248, 7.555213232990354e-05]"
8769,1,49.71%,88.99%,0.0153,"[0.010130804032087326, 0.989869236946106]"
8770,0,49.71%,88.99%,0.0000,"[0.9999375343322754, 6.24520325800404e-05]"
8771,0,49.70%,88.99%,0.0002,"[0.9998266100883484, 0.0001734741817926988]"
8772,1,49.71%,88.99%,0.0130,"[0.013412016443908215, 0.9865879416465759]"
8773,0,49.70%,88.99%,0.0001,"[0.9999343156814575, 6.569947436219081e-05]"
8774,0,49.70%,88.99%,0.0000,"[0.9999719858169556, 2.799540015985258e-05]"
8775,0,49.69%,88.99%,0.0002,"[0.999879002571106, 0.00012097277794964612]"
8776,0,49.69%,88.99%,0.0019,"[0.9996715784072876, 0.000328470574459061]"
8777,0,49.68%,89.00%,0.0053,"[0.9848831295967102, 0.015116892755031586]"
8778,0,49.68%,88.99%,5.2396,"[0.01377557311207056, 0.9862244129180908]"
8779,0,49.67%,88.97%,4.3608,"[0.008031330071389675, 0.9919686913490295]"
8780,1,49.68%,88.98%,0.0126,"[0.018673686310648918, 0.9813263416290283]"
8781,0,49.67%,88.97%,3.6065,"[0.017336662858724594, 0.9826633930206299]"
8782,1,49.68%,88.97%,0.0116,"[0.007746379356831312, 0.9922536015510559]"
8783,0,49.67%,88.97%,0.6684,"[0.9865998029708862, 0.013400249183177948]"
8784,1,49.68%,88.97%,0.0078,"[0.008090982213616371, 0.9919089674949646]"
8785,0,49.67%,88.97%,0.0001,"[0.9999059438705444, 9.405006130691618e-05]"
8786,1,49.68%,88.97%,0.0265,"[0.016055218875408173, 0.9839447140693665]"
8787,1,49.68%,88.97%,0.1186,"[0.028659220784902573, 0.9713408350944519]"
8788,1,49.69%,88.97%,0.0103,"[0.014542815275490284, 0.9854572415351868]"
8789,0,49.68%,88.98%,0.0000,"[0.9999641180038452, 3.587850369513035e-05]"
8790,1,49.69%,88.98%,0.0321,"[0.030802948400378227, 0.9691970348358154]"
8791,0,49.68%,88.98%,0.0000,"[0.9999711513519287, 2.885557660192717e-05]"
8792,1,49.69%,88.98%,0.0202,"[0.021553989499807358, 0.9784460067749023]"
8793,0,49.68%,88.98%,0.0001,"[0.9999574422836304, 4.253479710314423e-05]"
8794,0,49.68%,88.98%,0.0000,"[0.9999730587005615, 2.6978150344802998e-05]"
8795,0,49.67%,88.98%,0.0000,"[0.9999606609344482, 3.930748425773345e-05]"
8796,0,49.66%,88.98%,0.0002,"[0.9999127388000488, 8.731146226637065e-05]"
8797,1,49.67%,88.99%,0.0584,"[0.031084569171071053, 0.9689154028892517]"
8798,0,49.66%,88.99%,0.0000,"[0.999971866607666, 2.8142545488663018e-05]"
8799,1,49.67%,88.99%,0.0181,"[0.029046891257166862, 0.9709531664848328]"
8800,0,49.66%,88.98%,1.3990,"[0.1701541543006897, 0.8298458456993103]"
8801,1,49.67%,88.98%,0.0406,"[0.04663814976811409, 0.9533618688583374]"
8802,1,49.68%,88.98%,0.0133,"[0.021467790007591248, 0.9785321950912476]"
8803,1,49.68%,88.98%,0.0552,"[0.04000050202012062, 0.9599995017051697]"
8804,0,49.68%,88.98%,0.0000,"[0.9999692440032959, 3.0746261472813785e-05]"
8805,1,49.68%,88.98%,0.0151,"[0.018553119152784348, 0.9814468622207642]"
8806,0,49.68%,88.99%,0.0000,"[0.9999737739562988, 2.627517460496165e-05]"
8807,0,49.67%,88.99%,0.0000,"[0.9999547004699707, 4.527987402980216e-05]"
8808,1,49.68%,88.99%,0.8009,"[0.1965073049068451, 0.8034926652908325]"
8809,1,49.68%,88.99%,0.0478,"[0.0421876534819603, 0.9578123688697815]"
8810,1,49.69%,88.99%,0.0111,"[0.015854017809033394, 0.9841459393501282]"
8811,1,49.69%,88.99%,0.0553,"[0.04950573667883873, 0.9504942893981934]"
8812,1,49.70%,88.99%,0.0402,"[0.0673711746931076, 0.9326288104057312]"
8813,1,49.71%,88.99%,0.0199,"[0.01922045461833477, 0.9807794690132141]"
8814,0,49.70%,89.00%,0.0001,"[0.9999250173568726, 7.500570791307837e-05]"
8815,0,49.69%,89.00%,0.0000,"[0.9999637603759766, 3.628459671745077e-05]"
8816,0,49.69%,89.00%,0.0062,"[0.9988325238227844, 0.0011674283305183053]"
8817,0,49.68%,89.00%,0.0002,"[0.9997442364692688, 0.00025573294260539114]"
8818,0,49.68%,89.00%,0.0000,"[0.9999680519104004, 3.194656892446801e-05]"
8819,1,49.68%,89.00%,0.0368,"[0.015857508406043053, 0.9841424822807312]"
8820,1,49.69%,89.00%,0.0146,"[0.009415052831172943, 0.9905849099159241]"
8821,1,49.69%,89.00%,0.0128,"[0.024912603199481964, 0.9750874638557434]"
8822,1,49.70%,89.01%,0.0104,"[0.011322034522891045, 0.9886779189109802]"
8823,0,49.69%,89.01%,0.0001,"[0.9998390674591064, 0.00016087375115603209]"
8824,1,49.70%,89.01%,0.0239,"[0.02132967859506607, 0.9786702990531921]"
8825,0,49.69%,89.00%,2.8001,"[0.08121736347675323, 0.918782651424408]"
8826,0,49.69%,89.00%,0.0001,"[0.9999188184738159, 8.120742859318852e-05]"
8827,1,49.69%,89.00%,0.0244,"[0.020297296345233917, 0.9797026515007019]"
8828,1,49.70%,89.00%,0.0071,"[0.008025003597140312, 0.9919750094413757]"
8829,0,49.69%,89.00%,0.0000,"[0.9999628067016602, 3.716493665706366e-05]"
8830,0,49.69%,89.00%,0.0001,"[0.9998468160629272, 0.00015319297381211072]"
8831,0,49.68%,89.01%,0.0000,"[0.9999676942825317, 3.230513902963139e-05]"
8832,1,49.69%,89.01%,0.0226,"[0.017452849075198174, 0.9825471043586731]"
8833,0,49.68%,89.01%,0.0000,"[0.999951958656311, 4.807288132724352e-05]"
8834,0,49.68%,89.01%,0.0000,"[0.9999606609344482, 3.92796027881559e-05]"
8835,0,49.67%,89.01%,0.0000,"[0.9999730587005615, 2.6910876840702258e-05]"
8836,0,49.67%,89.01%,0.0018,"[0.9596605896949768, 0.040339451283216476]"
8837,0,49.66%,89.01%,0.0002,"[0.9997995495796204, 0.0002004347916226834]"
8838,0,49.65%,89.01%,0.0000,"[0.999971866607666, 2.8076035960111767e-05]"
8839,1,49.66%,89.02%,0.0123,"[0.008744933642446995, 0.9912550449371338]"
8840,0,49.66%,89.02%,0.0000,"[0.99996018409729, 3.9799870137358084e-05]"
8841,1,49.66%,89.02%,0.0140,"[0.022394880652427673, 0.9776051640510559]"
8842,0,49.66%,89.02%,0.0000,"[0.9999743700027466, 2.5670711693237536e-05]"
8843,1,49.66%,89.02%,0.0186,"[0.037215739488601685, 0.9627842307090759]"
8844,1,49.67%,89.02%,0.0217,"[0.026151416823267937, 0.9738485813140869]"
8845,1,49.67%,89.02%,0.0171,"[0.019447974860668182, 0.9805520176887512]"
8846,1,49.68%,89.02%,0.0110,"[0.009813208132982254, 0.9901868104934692]"
8847,0,49.67%,89.03%,0.0021,"[0.8198874592781067, 0.18011251091957092]"
8848,0,49.67%,89.03%,0.0000,"[0.9999750852584839, 2.496920933481306e-05]"
8849,1,49.67%,89.03%,0.0135,"[0.03747841343283653, 0.9625216126441956]"
8850,1,49.68%,89.03%,0.0529,"[0.017057368531823158, 0.9829425811767578]"
8851,0,49.67%,89.02%,1.2423,"[0.4281338155269623, 0.5718662142753601]"
8852,1,49.68%,89.02%,0.0135,"[0.010229229927062988, 0.989770770072937]"
8853,1,49.68%,89.02%,0.0224,"[0.02560196816921234, 0.9743980169296265]"
8854,0,49.68%,89.02%,0.0000,"[0.9999721050262451, 2.7931268050451763e-05]"
8855,1,49.68%,89.02%,0.0136,"[0.010800592601299286, 0.9891993999481201]"
8856,1,49.69%,89.03%,0.0344,"[0.021889882162213326, 0.978110134601593]"
8857,0,49.68%,89.02%,3.7858,"[0.021715013310313225, 0.978285014629364]"
8858,0,49.68%,89.02%,0.0000,"[0.9999748468399048, 2.509680598450359e-05]"
8859,1,49.68%,89.02%,0.0136,"[0.013419362716376781, 0.9865806102752686]"
8860,1,49.69%,89.02%,0.2055,"[0.1925681084394455, 0.8074318170547485]"
8861,1,49.70%,89.02%,0.0399,"[0.025057781487703323, 0.9749422669410706]"
8862,0,49.69%,89.02%,0.0000,"[0.9999617338180542, 3.8229038182180375e-05]"
8863,1,49.70%,89.02%,0.0371,"[0.02237667329609394, 0.9776232838630676]"
8864,1,49.70%,89.02%,0.0120,"[0.011123602278530598, 0.9888764023780823]"
8865,0,49.70%,89.03%,0.0000,"[0.9999778270721436, 2.2174761397764087e-05]"
8866,0,49.69%,89.03%,0.0000,"[0.9999701976776123, 2.9851042199879885e-05]"
8867,1,49.70%,89.03%,0.0148,"[0.02891637198626995, 0.9710836410522461]"
8868,1,49.70%,89.03%,0.0218,"[0.01563522219657898, 0.9843648076057434]"
8869,0,49.70%,89.03%,0.0181,"[0.9952414035797119, 0.004758608527481556]"
8870,1,49.70%,89.03%,0.0076,"[0.015393560752272606, 0.9846065044403076]"
8871,0,49.70%,89.03%,0.0000,"[0.999966025352478, 3.402770744287409e-05]"
8872,1,49.70%,89.03%,0.0181,"[0.01872928999364376, 0.9812707901000977]"
8873,0,49.70%,89.04%,0.0000,"[0.9999727010726929, 2.7259002308710478e-05]"
8874,1,49.70%,89.04%,0.0089,"[0.010833457112312317, 0.9891665577888489]"
8875,1,49.71%,89.04%,0.0113,"[0.008919941261410713, 0.991080105304718]"
8876,1,49.71%,89.04%,0.0226,"[0.023806100711226463, 0.976193904876709]"
8877,0,49.71%,89.04%,0.0001,"[0.9999419450759888, 5.807415800518356e-05]"
8878,1,49.71%,89.04%,0.0336,"[0.032143693417310715, 0.9678562879562378]"
8879,1,49.72%,89.04%,0.0178,"[0.019336240366101265, 0.9806637763977051]"
8880,0,49.71%,89.04%,0.0000,"[0.9999768733978271, 2.308714647369925e-05]"
8881,0,49.71%,89.05%,0.0000,"[0.9999595880508423, 4.0420705772703514e-05]"
8882,1,49.71%,89.05%,0.0216,"[0.020287608727812767, 0.9797123670578003]"
8883,1,49.72%,89.05%,0.0108,"[0.010264953598380089, 0.9897350072860718]"
8884,1,49.72%,89.05%,0.0116,"[0.009903430007398129, 0.9900965690612793]"
8885,1,49.73%,89.05%,0.0659,"[0.03197287395596504, 0.9680270552635193]"
8886,0,49.72%,89.05%,0.0000,"[0.9999696016311646, 3.036964153579902e-05]"
8887,1,49.73%,89.05%,0.0130,"[0.01676422357559204, 0.983235776424408]"
8888,0,49.72%,89.05%,0.0000,"[0.9999563694000244, 4.357504440122284e-05]"
8889,1,49.73%,89.06%,0.0097,"[0.008812563493847847, 0.9911875128746033]"
8890,1,49.74%,89.06%,0.0176,"[0.012776936404407024, 0.9872230291366577]"
8891,0,49.73%,89.05%,0.0003,"[0.45432958006858826, 0.5456704497337341]"
8892,1,49.74%,89.05%,0.0218,"[0.014254243113100529, 0.9857457876205444]"
8893,1,49.74%,89.05%,0.0157,"[0.01123080588877201, 0.9887691736221313]"
8894,1,49.75%,89.05%,0.0180,"[0.014223742298781872, 0.9857762455940247]"
8895,0,49.74%,89.04%,4.7473,"[0.0056308601051568985, 0.9943690896034241]"
8896,1,49.75%,89.04%,0.0194,"[0.018163500353693962, 0.9818364977836609]"
8897,0,49.74%,89.04%,0.0000,"[0.9999667406082153, 3.322496559121646e-05]"
8898,1,49.75%,89.04%,0.0110,"[0.013640498742461205, 0.9863595366477966]"
8899,0,49.74%,89.03%,3.8821,"[0.016769789159297943, 0.9832301735877991]"
8900,0,49.74%,89.03%,0.0001,"[0.9999599456787109, 4.003920912509784e-05]"
8901,0,49.73%,89.02%,4.1892,"[0.023143604397773743, 0.9768564105033875]"
8902,1,49.74%,89.03%,0.0090,"[0.010185480117797852, 0.9898145198822021]"
8903,0,49.73%,89.02%,3.2193,"[0.047456856817007065, 0.9525430798530579]"
8904,0,49.72%,89.02%,0.0000,"[0.9999642372131348, 3.575035952962935e-05]"
8905,0,49.72%,89.02%,0.0000,"[0.999940037727356, 5.990088902763091e-05]"
8906,1,49.72%,89.02%,0.0367,"[0.030238745734095573, 0.9697611927986145]"
8907,0,49.72%,89.02%,0.0001,"[0.9999395608901978, 6.0378039052011445e-05]"
8908,1,49.72%,89.02%,0.0284,"[0.03093559481203556, 0.9690644145011902]"
8909,1,49.73%,89.02%,0.0298,"[0.02815411612391472, 0.9718458652496338]"
8910,0,49.73%,89.02%,0.0002,"[0.9989223480224609, 0.0010777177521958947]"
8911,0,49.72%,89.03%,0.0000,"[0.9999635219573975, 3.6496701795840636e-05]"
8912,0,49.71%,89.03%,0.0001,"[0.9999430179595947, 5.699513712897897e-05]"
8913,0,49.71%,89.03%,0.0334,"[0.9865690469741821, 0.013431022875010967]"
8914,0,49.70%,89.03%,0.0000,"[0.999968409538269, 3.155383456032723e-05]"
8915,1,49.71%,89.03%,0.0301,"[0.021696528419852257, 0.9783034920692444]"
8916,0,49.70%,89.03%,0.0000,"[0.9999493360519409, 5.0712427764665335e-05]"
8917,0,49.70%,89.02%,1.3598,"[0.1239912211894989, 0.8760088086128235]"
8918,0,49.69%,89.02%,0.0000,"[0.9999574422836304, 4.254290979588404e-05]"
8919,1,49.70%,89.02%,0.0409,"[0.027646731585264206, 0.9723532199859619]"
8920,0,49.69%,89.03%,0.0000,"[0.99997878074646, 2.1168447347008623e-05]"
8921,1,49.70%,89.03%,0.0546,"[0.07849876582622528, 0.9215012192726135]"
8922,0,49.69%,89.03%,0.0000,"[0.9999783039093018, 2.1745789126725867e-05]"
8923,1,49.70%,89.03%,0.3590,"[0.30004703998565674, 0.6999529600143433]"
8924,1,49.70%,89.03%,0.0944,"[0.06191098317503929, 0.9380890727043152]"
8925,1,49.71%,89.03%,0.1366,"[0.15679007768630981, 0.8432099223136902]"
8926,1,49.71%,89.03%,0.0521,"[0.0452415905892849, 0.9547584652900696]"
8927,1,49.72%,89.03%,0.0659,"[0.06962815672159195, 0.9303718209266663]"
8928,0,49.71%,89.02%,2.2490,"[0.11708134412765503, 0.8829185962677002]"
8929,1,49.72%,89.03%,0.5385,"[0.45519402623176575, 0.5448060035705566]"
8930,0,49.71%,89.03%,0.0000,"[0.999976396560669, 2.3598753614351153e-05]"
8931,1,49.72%,89.02%,0.6504,"[0.5604997873306274, 0.43950021266937256]"
8932,0,49.71%,89.01%,2.9606,"[0.09009017795324326, 0.9099098443984985]"
8933,0,49.71%,89.00%,1.7995,"[0.14150552451610565, 0.8584944605827332]"
8934,0,49.70%,89.00%,0.0539,"[0.9164722561836243, 0.08352775126695633]"
8935,0,49.70%,89.00%,0.0000,"[0.9999756813049316, 2.4375487555516884e-05]"
8936,0,49.69%,89.00%,0.0000,"[0.9999691247940063, 3.086441574851051e-05]"
8937,1,49.70%,89.00%,0.0270,"[0.03291800990700722, 0.9670819640159607]"
8938,1,49.70%,89.00%,0.0368,"[0.029350487515330315, 0.9706494808197021]"
8939,1,49.71%,89.00%,0.0330,"[0.027740538120269775, 0.9722594618797302]"
8940,1,49.71%,89.01%,0.1715,"[0.09291853755712509, 0.9070814847946167]"
8941,1,49.72%,89.00%,7.2444,"[0.9994704127311707, 0.0005296049057506025]"
8942,0,49.71%,89.00%,0.0000,"[0.9999613761901855, 3.859295611619018e-05]"
8943,1,49.72%,89.00%,0.0285,"[0.01978905126452446, 0.9802109599113464]"
8944,1,49.73%,89.00%,0.0211,"[0.015654584392905235, 0.9843453764915466]"
8945,1,49.73%,89.00%,0.1840,"[0.14058423042297363, 0.8594157695770264]"
8946,0,49.73%,89.00%,0.0000,"[0.9999521970748901, 4.775827983394265e-05]"
8947,1,49.73%,89.00%,0.0661,"[0.09964804351329803, 0.9003519415855408]"
8948,0,49.73%,89.00%,0.0006,"[0.9997754693031311, 0.000224555071326904]"
8949,0,49.72%,89.01%,0.0000,"[0.999951958656311, 4.8023168346844614e-05]"
8950,1,49.73%,89.01%,0.0356,"[0.04813510552048683, 0.9518648386001587]"
8951,0,49.72%,89.01%,0.0004,"[0.9995477795600891, 0.0004521711962297559]"
8952,1,49.73%,89.01%,0.0258,"[0.05243450403213501, 0.947565495967865]"
8953,0,49.72%,89.01%,0.4570,"[0.5628634691238403, 0.4371364414691925]"
8954,0,49.72%,89.01%,0.0002,"[0.9998812675476074, 0.00011872489267261699]"
8955,1,49.72%,89.01%,0.0194,"[0.012405299581587315, 0.987594723701477]"
8956,0,49.72%,89.01%,0.0001,"[0.9999045133590698, 9.549055539537221e-05]"
8957,1,49.72%,89.02%,0.0117,"[0.010106950998306274, 0.9898930191993713]"
8958,0,49.72%,89.01%,3.4821,"[0.029443776234984398, 0.9705562591552734]"
8959,0,49.71%,89.00%,0.4292,"[0.3645327389240265, 0.6354672312736511]"
8960,0,49.70%,89.00%,0.0001,"[0.9998643398284912, 0.0001356195571133867]"
8961,0,49.70%,89.00%,0.0001,"[0.9999483823776245, 5.157857231097296e-05]"
8962,1,49.70%,89.00%,0.0488,"[0.05291229113936424, 0.9470877647399902]"
8963,1,49.71%,89.00%,0.0547,"[0.08528196811676025, 0.914717972278595]"
8964,1,49.72%,89.00%,0.0235,"[0.029540017247200012, 0.970460057258606]"
8965,0,49.71%,89.00%,0.0001,"[0.9999271631240845, 7.288060442078859e-05]"
8966,1,49.72%,89.00%,0.0269,"[0.026865540072321892, 0.973134458065033]"
8967,1,49.72%,89.01%,0.0663,"[0.34502944350242615, 0.6549705266952515]"
8968,0,49.72%,89.01%,0.0001,"[0.9999150037765503, 8.493713539792225e-05]"
8969,1,49.72%,89.01%,0.0183,"[0.018564818426966667, 0.9814351797103882]"
8970,0,49.72%,89.01%,0.0001,"[0.9999246597290039, 7.537482451880351e-05]"
8971,0,49.71%,89.01%,0.0001,"[0.9999268054962158, 7.324108446482569e-05]"
8972,1,49.72%,89.01%,0.0303,"[0.02400650456547737, 0.9759934544563293]"
8973,1,49.72%,89.01%,0.0182,"[0.0180499367415905, 0.981950044631958]"
8974,1,49.73%,89.01%,0.0527,"[0.057557448744773865, 0.9424425959587097]"
8975,1,49.73%,89.02%,0.0572,"[0.04280044510960579, 0.9571995735168457]"
8976,0,49.73%,89.02%,0.0000,"[0.9999592304229736, 4.077067205798812e-05]"
8977,1,49.73%,89.02%,0.0346,"[0.026707520708441734, 0.9732924103736877]"
8978,0,49.73%,89.01%,3.5048,"[0.04245186224579811, 0.9575481414794922]"
8979,1,49.73%,89.01%,0.0780,"[0.08878713846206665, 0.9112128019332886]"
8980,1,49.74%,89.01%,0.0338,"[0.03941300883889198, 0.9605869650840759]"
8981,0,49.73%,89.01%,0.0003,"[0.9997193217277527, 0.00028069736436009407]"
8982,0,49.73%,89.01%,0.0001,"[0.9999393224716187, 6.070828749216162e-05]"
8983,0,49.72%,89.00%,3.0929,"[0.06486756354570389, 0.9351323843002319]"
8984,1,49.73%,89.00%,0.0394,"[0.0344177670776844, 0.9655822515487671]"
8985,0,49.72%,89.01%,0.0000,"[0.9999450445175171, 5.490466355695389e-05]"
8986,0,49.72%,89.01%,0.0001,"[0.9999374151229858, 6.252925959415734e-05]"
8987,0,49.71%,89.01%,0.0001,"[0.9999381303787231, 6.19163183728233e-05]"
8988,1,49.72%,89.01%,0.0324,"[0.04446231573820114, 0.9555376768112183]"
8989,0,49.71%,89.01%,0.0000,"[0.9999562501907349, 4.378427911433391e-05]"
8990,0,49.71%,89.01%,0.0910,"[0.9998180270195007, 0.00018201986677013338]"
8991,0,49.70%,89.01%,0.0001,"[0.9999443292617798, 5.561251236940734e-05]"
8992,0,49.69%,89.01%,0.0001,"[0.9999407529830933, 5.9251753555145115e-05]"
8993,1,49.70%,89.01%,0.0496,"[0.06159300357103348, 0.9384070038795471]"
8994,0,49.69%,89.02%,0.0012,"[0.9997541308403015, 0.00024584485800005496]"
8995,0,49.69%,89.02%,0.0000,"[0.99996018409729, 3.984369686804712e-05]"
8996,1,49.69%,89.02%,0.0780,"[0.07077542692422867, 0.9292245507240295]"
8997,1,49.70%,89.02%,0.0329,"[0.022333921864628792, 0.9776661396026611]"
8998,1,49.71%,89.02%,0.0600,"[0.059202536940574646, 0.9407974481582642]"
8999,1,49.71%,89.02%,0.0282,"[0.02301577664911747, 0.9769842028617859]"
9000,1,49.72%,89.02%,0.1099,"[0.07148778438568115, 0.9285121560096741]"
9001,0,49.71%,89.01%,2.8611,"[0.05559822916984558, 0.944401741027832]"
9002,1,49.72%,89.01%,0.1239,"[0.05642800033092499, 0.9435719847679138]"
9003,0,49.71%,89.02%,0.0000,"[0.9999289512634277, 7.099576760083437e-05]"
9004,1,49.72%,89.02%,0.1392,"[0.13870665431022644, 0.861293375492096]"
9005,0,49.71%,89.02%,0.0000,"[0.9999470710754395, 5.290760600473732e-05]"
9006,1,49.72%,89.02%,0.1114,"[0.0939222127199173, 0.9060778021812439]"
9007,1,49.72%,89.02%,0.0653,"[0.0517483726143837, 0.9482516646385193]"
9008,0,49.72%,89.02%,0.0001,"[0.9999465942382812, 5.343718294170685e-05]"
9009,1,49.72%,89.02%,0.0308,"[0.026134444400668144, 0.9738655686378479]"
9010,1,49.73%,89.02%,0.0346,"[0.049885451793670654, 0.9501145482063293]"
9011,0,49.72%,89.01%,2.0814,"[0.1733422577381134, 0.826657772064209]"
9012,0,49.72%,89.02%,0.0002,"[0.9998579025268555, 0.00014204191393218935]"
9013,0,49.71%,89.01%,3.3798,"[0.027457840740680695, 0.9725421667098999]"
9014,0,49.71%,89.01%,0.0001,"[0.9998989105224609, 0.00010108683636644855]"
9015,0,49.70%,89.01%,0.0000,"[0.9999551773071289, 4.485838144319132e-05]"
9016,0,49.70%,89.01%,0.0001,"[0.999884843826294, 0.00011509052274050191]"
9017,1,49.70%,89.01%,0.0902,"[0.04728328809142113, 0.9527167677879333]"
9018,0,49.70%,89.01%,0.0002,"[0.9998725652694702, 0.0001274159731110558]"
9019,1,49.70%,89.01%,0.0650,"[0.029042424634099007, 0.9709575176239014]"
9020,0,49.70%,89.00%,0.7591,"[0.4489940106868744, 0.5510059595108032]"
9021,0,49.69%,89.00%,0.0002,"[0.9998273253440857, 0.00017272483091801405]"
9022,0,49.68%,89.01%,0.0000,"[0.9999313354492188, 6.86108396621421e-05]"
9023,1,49.69%,89.01%,0.0348,"[0.0336841382086277, 0.9663158059120178]"
9024,1,49.70%,89.01%,0.0330,"[0.020579000934958458, 0.9794210195541382]"
9025,1,49.70%,89.01%,0.1557,"[0.09493236243724823, 0.9050675630569458]"
9026,0,49.70%,89.01%,0.0000,"[0.9999690055847168, 3.098474189755507e-05]"
9027,0,49.69%,89.01%,0.0005,"[0.9995546936988831, 0.00044524212717078626]"
9028,1,49.70%,89.01%,0.0604,"[0.05317959561944008, 0.9468203783035278]"
9029,0,49.69%,89.01%,0.0277,"[0.9625425934791565, 0.03745737671852112]"
9030,1,49.70%,89.02%,0.0453,"[0.04197961091995239, 0.9580204486846924]"
9031,0,49.69%,89.02%,0.0001,"[0.9998961687088013, 0.00010376788122812286]"
9032,0,49.68%,89.01%,3.4361,"[0.06814748793840408, 0.9318525195121765]"
9033,1,49.69%,89.01%,0.0349,"[0.026046238839626312, 0.9739537239074707]"
9034,1,49.70%,89.01%,0.0511,"[0.03995196148753166, 0.9600480198860168]"
9035,0,49.69%,89.01%,0.0001,"[0.9999529123306274, 4.7112011088756844e-05]"
9036,0,49.68%,89.01%,0.0000,"[0.9999504089355469, 4.96005559398327e-05]"
9037,0,49.68%,89.01%,0.0000,"[0.9999552965164185, 4.4754211558029056e-05]"
9038,1,49.68%,89.01%,0.0268,"[0.02728070318698883, 0.9727193117141724]"
9039,1,49.69%,89.02%,0.0726,"[0.06565489619970322, 0.9343450665473938]"
9040,1,49.70%,89.02%,0.0281,"[0.041914597153663635, 0.9580854177474976]"
9041,0,49.69%,89.02%,0.0002,"[0.999875545501709, 0.00012438904377631843]"
9042,1,49.70%,89.02%,0.0737,"[0.06860511749982834, 0.9313948750495911]"
9043,1,49.70%,89.02%,0.0767,"[0.07925951480865479, 0.9207404851913452]"
9044,1,49.71%,89.02%,0.0417,"[0.038233425468206406, 0.9617666006088257]"
9045,1,49.71%,89.02%,0.0237,"[0.024808840826153755, 0.9751911759376526]"
9046,0,49.71%,89.02%,0.0000,"[0.9999428987503052, 5.709435936296359e-05]"
9047,1,49.71%,89.03%,0.0280,"[0.034110382199287415, 0.965889573097229]"
9048,0,49.71%,89.03%,0.0001,"[0.9999183416366577, 8.161942969309166e-05]"
9049,0,49.70%,89.02%,0.9447,"[0.47044309973716736, 0.5295568704605103]"
9050,0,49.70%,89.02%,0.0025,"[0.9883326888084412, 0.011667369864881039]"
9051,0,49.69%,89.02%,0.0002,"[0.9996492862701416, 0.00035067921271547675]"
9052,1,49.70%,89.02%,0.0397,"[0.038076627999544144, 0.9619234204292297]"
9053,1,49.70%,89.02%,0.0504,"[0.04393418878316879, 0.9560657739639282]"
9054,1,49.71%,89.02%,0.0279,"[0.044627536088228226, 0.9553725123405457]"
9055,1,49.71%,89.01%,0.3405,"[0.576171338558197, 0.42382869124412537]"
9056,1,49.72%,89.01%,0.3173,"[0.1951073706150055, 0.8048926591873169]"
9057,0,49.71%,89.02%,0.0000,"[0.9999597072601318, 4.033064760733396e-05]"
9058,1,49.72%,89.02%,0.0468,"[0.024726195260882378, 0.9752737879753113]"
9059,0,49.71%,89.02%,0.0001,"[0.9999445676803589, 5.5414526286767796e-05]"
9060,1,49.72%,89.02%,0.0274,"[0.026284324005246162, 0.9737156629562378]"
9061,1,49.72%,89.02%,0.0272,"[0.022878408432006836, 0.9771215319633484]"
9062,1,49.73%,89.02%,0.0125,"[0.010330842807888985, 0.989669144153595]"
9063,0,49.72%,89.02%,0.0002,"[0.9998247027397156, 0.00017535807273816317]"
9064,0,49.72%,89.02%,0.2100,"[0.9868972897529602, 0.013102692551910877]"
9065,1,49.72%,89.02%,0.0286,"[0.02775632217526436, 0.9722436666488647]"
9066,1,49.73%,89.03%,0.0123,"[0.008916969411075115, 0.991083025932312]"
9067,1,49.74%,89.03%,0.0364,"[0.038370098918676376, 0.9616298675537109]"
9068,1,49.74%,89.03%,0.0199,"[0.019059909507632256, 0.980940043926239]"
9069,1,49.75%,89.03%,0.0182,"[0.02294239029288292, 0.9770575761795044]"
9070,0,49.74%,89.02%,3.9027,"[0.0183830875903368, 0.9816169738769531]"
9071,0,49.74%,89.02%,0.0000,"[0.9999464750289917, 5.3566982387565076e-05]"
9072,1,49.74%,89.02%,0.0082,"[0.02143115922808647, 0.9785687923431396]"
9073,0,49.74%,89.02%,0.0002,"[0.9998670816421509, 0.00013295492681208998]"
9074,0,49.73%,89.02%,0.0020,"[0.9983494281768799, 0.001650596153922379]"
9075,0,49.72%,89.01%,3.7451,"[0.020845409482717514, 0.9791545271873474]"
9076,1,49.73%,89.02%,0.0152,"[0.01300477609038353, 0.986995279788971]"
9077,1,49.74%,89.02%,0.0095,"[0.00956013984978199, 0.9904398918151855]"
9078,1,49.74%,89.02%,0.0275,"[0.024700935930013657, 0.9752991199493408]"
9079,0,49.74%,89.02%,0.0000,"[0.99996018409729, 3.976117659476586e-05]"
9080,1,49.74%,89.02%,0.0704,"[0.026508908718824387, 0.9734911322593689]"
9081,0,49.74%,89.02%,0.0001,"[0.9999092817306519, 9.06847053556703e-05]"
9082,0,49.73%,89.01%,1.5487,"[0.22104507684707642, 0.7789549827575684]"
9083,1,49.74%,89.01%,0.0287,"[0.03434208035469055, 0.9656579494476318]"
9084,0,49.73%,89.01%,0.0018,"[0.9990144968032837, 0.0009854953968897462]"
9085,1,49.74%,89.02%,0.0420,"[0.045743539929389954, 0.9542564749717712]"
9086,1,49.74%,89.02%,0.0584,"[0.04391282796859741, 0.9560872316360474]"
9087,1,49.75%,89.02%,0.0585,"[0.06259145587682724, 0.9374086260795593]"
9088,1,49.75%,89.02%,0.0672,"[0.04104433208703995, 0.958955705165863]"
9089,1,49.76%,89.02%,0.0499,"[0.06312375515699387, 0.9368762373924255]"
9090,0,49.75%,89.02%,0.0001,"[0.9998997449874878, 0.00010019098408520222]"
9091,1,49.76%,89.02%,0.0259,"[0.019656656309962273, 0.9803433418273926]"
9092,1,49.76%,89.02%,0.0881,"[0.05260331183671951, 0.9473966360092163]"
9093,0,49.76%,89.03%,0.0001,"[0.9999344348907471, 6.56119518680498e-05]"
9094,1,49.76%,89.03%,0.0286,"[0.029341237619519234, 0.9706587791442871]"
9095,1,49.77%,89.03%,0.0116,"[0.022101858630776405, 0.9778981804847717]"
9096,0,49.76%,89.03%,0.0000,"[0.9999673366546631, 3.2615309464745224e-05]"
9097,1,49.77%,89.03%,0.0488,"[0.03846888989210129, 0.9615311026573181]"
9098,1,49.77%,89.03%,0.0138,"[0.016680486500263214, 0.9833194613456726]"
9099,1,49.78%,89.03%,0.0102,"[0.014239335432648659, 0.9857606291770935]"
9100,1,49.79%,89.03%,0.0134,"[0.01408330351114273, 0.9859166741371155]"
9101,0,49.78%,89.04%,0.0000,"[0.9999579191207886, 4.20293326897081e-05]"
9102,1,49.79%,89.04%,0.0335,"[0.025747567415237427, 0.974252462387085]"
9103,1,49.79%,89.04%,0.0121,"[0.017136763781309128, 0.9828632473945618]"
9104,0,49.79%,89.04%,0.0001,"[0.9999006986618042, 9.934845729731023e-05]"
9105,1,49.79%,89.04%,0.0150,"[0.009123632684350014, 0.9908763766288757]"
9106,1,49.80%,89.04%,0.0266,"[0.016653940081596375, 0.9833461046218872]"
9107,0,49.79%,89.04%,0.0019,"[0.9971663355827332, 0.0028336611576378345]"
9108,1,49.80%,89.04%,0.0192,"[0.025853672996163368, 0.9741463661193848]"
9109,1,49.80%,89.05%,0.0235,"[0.024238741025328636, 0.9757612943649292]"
9110,0,49.80%,89.04%,3.9693,"[0.020581230521202087, 0.9794187545776367]"
9111,1,49.80%,89.04%,0.0559,"[0.01958906091749668, 0.9804109930992126]"
9112,1,49.81%,89.04%,0.0188,"[0.02166694402694702, 0.978333055973053]"
9113,1,49.81%,89.04%,0.0370,"[0.05707966163754463, 0.9429203867912292]"
9114,1,49.82%,89.04%,0.0191,"[0.010279604233801365, 0.9897204041481018]"
9115,1,49.82%,89.04%,0.0071,"[0.006415218114852905, 0.9935848116874695]"
9116,1,49.83%,89.04%,0.0302,"[0.010549040511250496, 0.989450991153717]"
9117,0,49.82%,89.04%,0.0000,"[0.9999383687973022, 6.160663906484842e-05]"
9118,0,49.82%,89.04%,0.0001,"[0.9998313188552856, 0.00016868201782926917]"
9119,1,49.82%,89.05%,0.0201,"[0.016289668157696724, 0.9837104082107544]"
9120,0,49.82%,89.05%,0.0026,"[0.9873908162117004, 0.012609165161848068]"
9121,1,49.82%,89.05%,0.0139,"[0.02591528370976448, 0.9740846753120422]"
9122,1,49.83%,89.05%,0.0119,"[0.007299643475562334, 0.9927003979682922]"
9123,1,49.84%,89.05%,0.0175,"[0.008745730854570866, 0.9912542700767517]"
9124,0,49.83%,89.05%,0.0000,"[0.9999642372131348, 3.5728749935515225e-05]"
9125,0,49.82%,89.05%,0.0002,"[0.9992786049842834, 0.0007213853532448411]"
9126,0,49.82%,89.05%,0.0001,"[0.9998946189880371, 0.0001053145169862546]"
9127,0,49.81%,89.06%,0.0002,"[0.9899020195007324, 0.010097908787429333]"
9128,0,49.81%,89.06%,0.0002,"[0.9997872710227966, 0.00021268789714667946]"
9129,0,49.80%,89.06%,0.0064,"[0.8939279317855835, 0.10607211291790009]"
9130,1,49.81%,89.06%,0.0120,"[0.02050785720348358, 0.9794921875]"
9131,1,49.81%,89.06%,0.0165,"[0.012379954569041729, 0.9876201152801514]"
9132,1,49.82%,89.06%,0.0069,"[0.007495908532291651, 0.9925041198730469]"
9133,1,49.82%,89.06%,0.0077,"[0.005438640713691711, 0.9945613741874695]"
9134,0,49.82%,89.06%,0.0287,"[0.9240105152130127, 0.0759894922375679]"
9135,0,49.81%,89.07%,0.0003,"[0.9997120499610901, 0.0002878960222005844]"
9136,1,49.82%,89.07%,0.0088,"[0.008704481646418571, 0.9912954568862915]"
9137,0,49.81%,89.07%,0.0001,"[0.9999407529830933, 5.923966091359034e-05]"
9138,1,49.82%,89.07%,0.0163,"[0.00918738916516304, 0.9908125996589661]"
9139,0,49.81%,89.06%,4.6039,"[0.010849758051335812, 0.9891502261161804]"
9140,1,49.82%,89.06%,0.0082,"[0.006873285863548517, 0.9931267499923706]"
9141,0,49.81%,89.06%,0.0003,"[0.9997783303260803, 0.00022164132678881288]"
9142,1,49.82%,89.06%,0.0067,"[0.0058976453728973866, 0.9941022992134094]"
9143,1,49.83%,89.06%,0.0217,"[0.01556489709764719, 0.9844351410865784]"
9144,0,49.82%,89.05%,4.2875,"[0.016029996797442436, 0.9839699864387512]"
9145,0,49.81%,89.06%,0.0001,"[0.9999368190765381, 6.318200030364096e-05]"
9146,1,49.82%,89.06%,0.0246,"[0.01789279282093048, 0.9821072220802307]"
9147,0,49.81%,89.06%,0.0020,"[0.9997904896736145, 0.00020951080659870058]"
9148,1,49.82%,89.06%,0.0172,"[0.02773231454193592, 0.9722676873207092]"
9149,0,49.81%,89.06%,0.0004,"[0.9996956586837769, 0.00030431896448135376]"
9150,1,49.82%,89.06%,0.0446,"[0.015566334128379822, 0.984433650970459]"
9151,0,49.81%,89.05%,3.4626,"[0.02007187344133854, 0.9799281358718872]"
9152,0,49.81%,89.05%,0.0005,"[0.9995397329330444, 0.00046027058851905167]"
9153,1,49.81%,89.05%,0.0340,"[0.042958710342645645, 0.957041323184967]"
9154,0,49.81%,89.06%,0.0000,"[0.9999455213546753, 5.444069756777026e-05]"
9155,1,49.81%,89.06%,0.0347,"[0.04259978234767914, 0.9574002623558044]"
9156,0,49.81%,89.06%,0.0001,"[0.999919056892395, 8.099351543933153e-05]"
9157,1,49.81%,89.06%,0.0283,"[0.03388124331831932, 0.9661187529563904]"
9158,0,49.81%,89.06%,0.0001,"[0.999866247177124, 0.00013376139395404607]"
9159,1,49.81%,89.06%,0.0214,"[0.023952143266797066, 0.9760478138923645]"
9160,0,49.81%,89.06%,0.0002,"[0.9998084902763367, 0.00019151602464262396]"
9161,0,49.80%,89.06%,0.0001,"[0.999901294708252, 9.872082591755316e-05]"
9162,1,49.81%,89.06%,0.0182,"[0.03536181524395943, 0.9646381139755249]"
9163,1,49.81%,89.07%,0.0603,"[0.0543014332652092, 0.9456985592842102]"
9164,0,49.81%,89.07%,0.0001,"[0.9998968839645386, 0.00010312207450624555]"
9165,1,49.81%,89.07%,0.0199,"[0.017502939328551292, 0.9824970364570618]"
9166,0,49.81%,89.07%,0.0001,"[0.9999489784240723, 5.099315967527218e-05]"
9167,0,49.80%,89.07%,0.0000,"[0.9999692440032959, 3.0812832847004756e-05]"
9168,1,49.81%,89.07%,0.0528,"[0.046842753887176514, 0.9531572461128235]"
9169,1,49.81%,89.07%,0.0396,"[0.033553216606378555, 0.9664467573165894]"
9170,0,49.81%,89.07%,0.0003,"[0.999810516834259, 0.00018951203674077988]"
9171,1,49.81%,89.08%,0.0538,"[0.045946281403303146, 0.9540536999702454]"
9172,1,49.82%,89.08%,0.0173,"[0.022018061950802803, 0.9779819846153259]"
9173,1,49.83%,89.08%,0.0330,"[0.03249853849411011, 0.9675014615058899]"
9174,1,49.83%,89.08%,0.0683,"[0.034062642604112625, 0.9659373760223389]"
9175,0,49.83%,89.07%,3.2052,"[0.049161605536937714, 0.9508383870124817]"
9176,1,49.83%,89.07%,0.0419,"[0.04192019999027252, 0.9580798745155334]"
9177,0,49.83%,89.06%,3.1014,"[0.044845808297395706, 0.9551541805267334]"
9178,0,49.82%,89.06%,0.0000,"[0.9999486207962036, 5.1327548135304824e-05]"
9179,0,49.81%,89.06%,0.0002,"[0.999915361404419, 8.461441757390276e-05]"
9180,1,49.82%,89.06%,0.0513,"[0.027036355808377266, 0.9729635715484619]"
9181,1,49.83%,89.07%,0.0580,"[0.040789540857076645, 0.9592104554176331]"
9182,0,49.82%,89.07%,0.0001,"[0.9999525547027588, 4.748050560010597e-05]"
9183,0,49.81%,89.07%,0.0000,"[0.9999593496322632, 4.0705446735955775e-05]"
9184,0,49.81%,89.06%,1.0697,"[0.30519816279411316, 0.6948018670082092]"
9185,0,49.80%,89.06%,0.0000,"[0.9999648332595825, 3.5134347854182124e-05]"
9186,1,49.81%,89.06%,0.0730,"[0.06722266227006912, 0.9327772855758667]"
9187,0,49.80%,89.06%,0.0001,"[0.9999449253082275, 5.509563197847456e-05]"
9188,0,49.80%,89.06%,0.1403,"[0.8904645442962646, 0.10953545570373535]"
9189,0,49.79%,89.06%,0.0000,"[0.999971866607666, 2.8167756681796163e-05]"
9190,0,49.79%,89.07%,0.0000,"[0.9999681711196899, 3.1838237191550434e-05]"
9191,1,49.79%,89.07%,0.1310,"[0.10551539063453674, 0.8944845795631409]"
9192,1,49.80%,89.07%,0.0332,"[0.034107502549886703, 0.965892493724823]"
9193,0,49.79%,89.07%,0.0001,"[0.9851456880569458, 0.014854366891086102]"
9194,1,49.80%,89.07%,0.0993,"[0.09586748480796814, 0.9041324853897095]"
9195,0,49.79%,89.07%,0.0007,"[0.9988095760345459, 0.0011904558632522821]"
9196,1,49.80%,89.07%,0.0653,"[0.054590582847595215, 0.94540935754776]"
9197,0,49.79%,89.07%,0.0001,"[0.9999489784240723, 5.1064744184259325e-05]"
9198,1,49.80%,89.07%,0.0543,"[0.04949386417865753, 0.9505060911178589]"
9199,1,49.80%,89.08%,0.1031,"[0.0867212787270546, 0.9132786989212036]"
9200,0,49.80%,89.07%,3.0039,"[0.06015797331929207, 0.9398420453071594]"
9201,1,49.80%,89.06%,0.5931,"[0.6833309531211853, 0.3166691064834595]"
9202,1,49.81%,89.06%,0.0272,"[0.03945406526327133, 0.9605459570884705]"
9203,0,49.80%,89.06%,0.0000,"[0.9999691247940063, 3.0897932447260246e-05]"
9204,0,49.80%,89.06%,0.0000,"[0.9999552965164185, 4.46951380581595e-05]"
9205,0,49.79%,89.06%,0.0000,"[0.9999686479568481, 3.1365070753963664e-05]"
9206,1,49.80%,89.06%,0.0632,"[0.05867088586091995, 0.9413290619850159]"
9207,1,49.80%,89.06%,0.0741,"[0.12560658156871796, 0.8743934631347656]"
9208,0,49.80%,89.07%,0.0000,"[0.9999492168426514, 5.072630301583558e-05]"
9209,0,49.79%,89.07%,0.0001,"[0.9999662637710571, 3.370246122358367e-05]"
9210,0,49.79%,89.07%,0.0040,"[0.9997149109840393, 0.00028504710644483566]"
9211,1,49.79%,89.07%,0.0341,"[0.05038852244615555, 0.9496115446090698]"
9212,1,49.80%,89.07%,0.0353,"[0.037548232823610306, 0.9624517560005188]"
9213,1,49.80%,89.07%,0.0276,"[0.032737310975790024, 0.9672626852989197]"
9214,0,49.80%,89.07%,0.0001,"[0.9999500513076782, 4.9934857088373974e-05]"
9215,1,49.80%,89.07%,0.0130,"[0.01296973880380392, 0.9870302081108093]"
9216,1,49.81%,89.07%,0.0274,"[0.03105226531624794, 0.9689477682113647]"
9217,1,49.82%,89.08%,0.0484,"[0.03780548274517059, 0.9621945023536682]"
9218,1,49.82%,89.08%,0.0128,"[0.016618235036730766, 0.9833817481994629]"
9219,0,49.82%,89.08%,0.0001,"[0.9999063014984131, 9.363876597490162e-05]"
9220,0,49.81%,89.08%,0.0001,"[0.9999449253082275, 5.512684947461821e-05]"
9221,1,49.82%,89.08%,0.0204,"[0.02312154322862625, 0.9768784642219543]"
9222,1,49.82%,89.08%,0.0163,"[0.01273756381124258, 0.9872624278068542]"
9223,1,49.83%,89.08%,0.0089,"[0.014601433649659157, 0.985398530960083]"
9224,1,49.83%,89.08%,0.0088,"[0.008059894666075706, 0.9919400811195374]"
9225,0,49.83%,89.07%,2.5605,"[0.07815635949373245, 0.9218437075614929]"
9226,1,49.83%,89.08%,0.0198,"[0.0158073790371418, 0.9841926097869873]"
9227,1,49.84%,89.08%,0.0140,"[0.01783156767487526, 0.9821683764457703]"
9228,1,49.84%,89.08%,0.0198,"[0.030809061601758003, 0.9691908955574036]"
9229,1,49.85%,89.08%,0.0125,"[0.014941554516553879, 0.9850584268569946]"
9230,1,49.85%,89.08%,0.0094,"[0.015587136149406433, 0.9844128489494324]"
9231,1,49.86%,89.08%,0.0137,"[0.01221535075455904, 0.9877846240997314]"
9232,0,49.85%,89.08%,0.0000,"[0.9999592304229736, 4.07779443776235e-05]"
9233,0,49.85%,89.08%,0.0000,"[0.9999567270278931, 4.324317706050351e-05]"
9234,0,49.84%,89.09%,0.0001,"[0.9999488592147827, 5.113905717735179e-05]"
9235,1,49.85%,89.09%,0.0231,"[0.01895020715892315, 0.9810498356819153]"
9236,1,49.85%,89.09%,0.0124,"[0.013266506604850292, 0.9867334961891174]"
9237,1,49.86%,89.09%,0.0188,"[0.019567394629120827, 0.9804326295852661]"
9238,0,49.85%,89.08%,3.7153,"[0.022060584276914597, 0.9779394268989563]"
9239,1,49.86%,89.08%,0.0259,"[0.03246927633881569, 0.9675306677818298]"
9240,0,49.85%,89.08%,0.0001,"[0.999914288520813, 8.574745879741386e-05]"
9241,1,49.86%,89.08%,0.0148,"[0.01721706986427307, 0.9827829599380493]"
9242,0,49.85%,89.08%,0.0001,"[0.9999523162841797, 4.7736335545778275e-05]"
9243,0,49.85%,89.08%,0.0000,"[0.9999369382858276, 6.30228387308307e-05]"
9244,1,49.85%,89.09%,0.0244,"[0.01830614171922207, 0.9816938042640686]"
9245,1,49.86%,89.09%,0.0112,"[0.013364789076149464, 0.986635148525238]"
9246,0,49.85%,89.09%,0.0002,"[0.9993019104003906, 0.0006981223123148084]"
9247,0,49.85%,89.09%,0.0000,"[0.9999644756317139, 3.5481021768646315e-05]"
9248,0,49.84%,89.09%,0.0000,"[0.9999439716339111, 5.599641735898331e-05]"
9249,1,49.85%,89.09%,0.0120,"[0.011827769689261913, 0.9881722331047058]"
9250,1,49.85%,89.09%,0.0426,"[0.03743952512741089, 0.9625605344772339]"
9251,1,49.86%,89.09%,0.0261,"[0.03074512630701065, 0.9692548513412476]"
9252,1,49.86%,89.10%,0.0173,"[0.015522385947406292, 0.9844776391983032]"
9253,1,49.87%,89.10%,0.0230,"[0.021046757698059082, 0.9789532423019409]"
9254,0,49.86%,89.10%,0.0001,"[0.9997431635856628, 0.0002568479685578495]"
9255,1,49.87%,89.10%,0.0232,"[0.020697541534900665, 0.9793024659156799]"
9256,0,49.86%,89.10%,0.0000,"[0.9999644756317139, 3.555174407665618e-05]"
9257,1,49.87%,89.10%,0.0173,"[0.01876128651201725, 0.9812387228012085]"
9258,0,49.86%,89.10%,0.0000,"[0.9999713897705078, 2.863173904188443e-05]"
9259,1,49.87%,89.10%,0.0144,"[0.017817175015807152, 0.9821828007698059]"
9260,1,49.88%,89.10%,0.0150,"[0.027589477598667145, 0.9724105000495911]"
9261,0,49.87%,89.10%,3.8280,"[0.026441335678100586, 0.9735586643218994]"
9262,1,49.88%,89.10%,0.0117,"[0.011466791853308678, 0.9885332584381104]"
9263,1,49.88%,89.10%,0.0141,"[0.015292827971279621, 0.9847071766853333]"
9264,1,49.89%,89.10%,0.0119,"[0.011386791244149208, 0.9886131286621094]"
9265,0,49.88%,89.10%,0.0000,"[0.9999591112136841, 4.090468064532615e-05]"
9266,0,49.88%,89.10%,0.0012,"[0.999824583530426, 0.00017542245041113347]"
9267,1,49.88%,89.10%,0.0589,"[0.05033806711435318, 0.9496619701385498]"
9268,0,49.88%,89.10%,0.0001,"[0.9998477697372437, 0.00015222231741063297]"
9269,0,49.87%,89.10%,0.0000,"[0.999920129776001, 7.991757593117654e-05]"
9270,1,49.88%,89.11%,0.0164,"[0.016951022669672966, 0.9830490350723267]"
9271,0,49.87%,89.10%,3.5151,"[0.03910522907972336, 0.9608947038650513]"
9272,1,49.88%,89.10%,0.0150,"[0.016545237973332405, 0.9834548234939575]"
9273,1,49.88%,89.10%,0.0181,"[0.01971496269106865, 0.9802850484848022]"
9274,1,49.89%,89.10%,0.0198,"[0.014541632495820522, 0.9854583740234375]"
9275,0,49.88%,89.10%,0.0001,"[0.9997416138648987, 0.0002583564491942525]"
9276,1,49.89%,89.10%,0.0371,"[0.035366084426641464, 0.9646339416503906]"
9277,1,49.89%,89.10%,0.0239,"[0.019988056272268295, 0.9800119400024414]"
9278,0,49.89%,89.09%,3.3095,"[0.03001544624567032, 0.9699845910072327]"
9279,1,49.89%,89.09%,0.0130,"[0.02577090449631214, 0.9742290377616882]"
9280,0,49.89%,89.10%,0.0000,"[0.9999635219573975, 3.6528737837215886e-05]"
9281,1,49.89%,89.10%,0.1092,"[0.10667368024587631, 0.8933262825012207]"
9282,1,49.90%,89.10%,0.0446,"[0.013029690831899643, 0.9869703054428101]"
9283,1,49.90%,89.10%,0.0312,"[0.033139269798994064, 0.9668606519699097]"
9284,1,49.91%,89.10%,0.0709,"[0.056315723806619644, 0.9436842799186707]"
9285,0,49.90%,89.10%,0.0000,"[0.9999709129333496, 2.911307819886133e-05]"
9286,1,49.91%,89.10%,0.0929,"[0.10635212808847427, 0.8936478495597839]"
9287,1,49.91%,89.10%,0.0235,"[0.015242265537381172, 0.9847577810287476]"
9288,1,49.92%,89.11%,0.0112,"[0.014281807467341423, 0.9857182502746582]"
9289,0,49.91%,89.11%,0.0000,"[0.9999754428863525, 2.4522234525647946e-05]"
9290,0,49.91%,89.11%,0.0001,"[0.9999067783355713, 9.317950753029436e-05]"
9291,0,49.90%,89.10%,3.7423,"[0.018612556159496307, 0.9813873767852783]"
9292,1,49.91%,89.10%,0.0252,"[0.028917280957102776, 0.9710827469825745]"
9293,1,49.91%,89.10%,0.0603,"[0.0541236437857151, 0.94587641954422]"
9294,1,49.92%,89.10%,0.0179,"[0.020437320694327354, 0.9795626401901245]"
9295,1,49.92%,89.10%,0.0243,"[0.04034488648176193, 0.9596551060676575]"
9296,0,49.92%,89.10%,0.0000,"[0.9999604225158691, 3.954925341531634e-05]"
9297,0,49.91%,89.11%,0.0002,"[0.9998561143875122, 0.00014385051326826215]"
9298,1,49.92%,89.11%,0.0335,"[0.03085913322865963, 0.9691408276557922]"
9299,0,49.91%,89.11%,0.0020,"[0.9990953207015991, 0.0009046639315783978]"
9300,0,49.91%,89.11%,0.0002,"[0.9997808337211609, 0.00021922873565927148]"
9301,0,49.90%,89.11%,0.0001,"[0.9999210834503174, 7.885464583523571e-05]"
9302,1,49.91%,89.11%,0.0301,"[0.03004808910191059, 0.9699519276618958]"
9303,0,49.90%,89.11%,0.0001,"[0.9999432563781738, 5.6793633120832965e-05]"
9304,0,49.90%,89.11%,0.0000,"[0.9999771118164062, 2.28688950301148e-05]"
9305,1,49.90%,89.11%,0.0353,"[0.023459522053599358, 0.9765405058860779]"
9306,1,49.91%,89.12%,0.0477,"[0.03415340557694435, 0.9658466577529907]"
9307,1,49.91%,89.12%,0.0408,"[0.03190634399652481, 0.9680936336517334]"
9308,0,49.91%,89.12%,0.0000,"[0.9999655485153198, 3.449248833931051e-05]"
9309,1,49.91%,89.12%,0.0120,"[0.019873175770044327, 0.9801268577575684]"
9310,1,49.92%,89.12%,0.0284,"[0.02742921933531761, 0.9725708365440369]"
9311,1,49.92%,89.12%,0.0125,"[0.010246590711176395, 0.9897534847259521]"
9312,1,49.93%,89.12%,0.0226,"[0.03957772254943848, 0.9604223370552063]"
9313,0,49.92%,89.12%,0.0000,"[0.999958872795105, 4.1139010136248544e-05]"
9314,0,49.92%,89.11%,3.8762,"[0.018472256138920784, 0.9815277457237244]"
9315,0,49.91%,89.12%,0.0001,"[0.9999701976776123, 2.9776321753161028e-05]"
9316,1,49.92%,89.12%,0.0321,"[0.024281667545437813, 0.9757183790206909]"
9317,0,49.91%,89.11%,3.6231,"[0.03293867036700249, 0.9670613408088684]"
9318,0,49.91%,89.11%,0.0000,"[0.9999687671661377, 3.125552029814571e-05]"
9319,1,49.91%,89.11%,0.0856,"[0.18457156419754028, 0.8154283761978149]"
9320,0,49.91%,89.11%,0.0000,"[0.9999692440032959, 3.074743290198967e-05]"
9321,0,49.90%,89.11%,0.0000,"[0.9999619722366333, 3.7983747461112216e-05]"
9322,1,49.91%,89.11%,0.0408,"[0.029821518808603287, 0.9701784253120422]"
9323,0,49.90%,89.11%,0.0000,"[0.9999630451202393, 3.7012498069088906e-05]"
9324,0,49.90%,89.12%,0.0001,"[0.9999301433563232, 6.980829493841156e-05]"
9325,0,49.89%,89.12%,0.0000,"[0.9999560117721558, 4.398583041620441e-05]"
9326,0,49.89%,89.12%,0.0000,"[0.9999693632125854, 3.0688381229992956e-05]"
9327,1,49.89%,89.12%,0.0387,"[0.06784948706626892, 0.9321505427360535]"
9328,0,49.89%,89.11%,1.9918,"[0.16571232676506042, 0.8342876434326172]"
9329,1,49.89%,89.11%,0.0154,"[0.019176846370100975, 0.9808231592178345]"
9330,0,49.89%,89.11%,0.0001,"[0.9999128580093384, 8.712681301403791e-05]"
9331,1,49.89%,89.11%,0.0494,"[0.05362434685230255, 0.9463757276535034]"
9332,1,49.90%,89.11%,0.0489,"[0.05699644237756729, 0.9430035948753357]"
9333,0,49.89%,89.12%,0.0001,"[0.9998728036880493, 0.00012720425729639828]"
9334,0,49.89%,89.12%,0.0000,"[0.9999476671218872, 5.2359013352543116e-05]"
9335,1,49.89%,89.12%,0.0412,"[0.041855182498693466, 0.9581448435783386]"
9336,1,49.90%,89.12%,0.0536,"[0.0686994343996048, 0.9313005805015564]"
9337,0,49.89%,89.12%,0.0000,"[0.9999097585678101, 9.02137762750499e-05]"
9338,0,49.89%,89.11%,2.0493,"[0.14387419819831848, 0.8561257719993591]"
9339,1,49.89%,89.11%,0.0785,"[0.05951693281531334, 0.9404830932617188]"
9340,1,49.90%,89.11%,0.0400,"[0.04772733151912689, 0.9522726535797119]"
9341,0,49.89%,89.11%,0.0001,"[0.9999412298202515, 5.878344745724462e-05]"
9342,1,49.90%,89.11%,0.0237,"[0.03280610218644142, 0.9671939015388489]"
9343,1,49.90%,89.12%,0.0507,"[0.05593091994524002, 0.9440690875053406]"
9344,0,49.90%,89.12%,0.0000,"[0.9999642372131348, 3.579798431019299e-05]"
9345,0,49.89%,89.11%,3.1172,"[0.03530902415513992, 0.9646909236907959]"
9346,0,49.89%,89.10%,2.7428,"[0.05622022598981857, 0.9437797665596008]"
9347,1,49.89%,89.10%,0.2739,"[0.1836918443441391, 0.8163081407546997]"
9348,0,49.89%,89.09%,2.9672,"[0.05056938901543617, 0.9494306445121765]"
9349,0,49.88%,89.09%,0.0000,"[0.9999808073043823, 1.9227827579015866e-05]"
9350,1,49.89%,89.09%,0.0930,"[0.09326320886611938, 0.9067367315292358]"
9351,1,49.89%,89.09%,0.0282,"[0.033641133457422256, 0.9663589000701904]"
9352,1,49.90%,89.09%,0.1487,"[0.14206670224666595, 0.8579333424568176]"
9353,0,49.89%,89.08%,2.3042,"[0.06711000204086304, 0.9328899383544922]"
9354,0,49.89%,89.09%,0.0000,"[0.9999674558639526, 3.250123336329125e-05]"
9355,0,49.88%,89.09%,0.0000,"[0.9999663829803467, 3.357075183885172e-05]"
9356,1,49.89%,89.09%,0.2608,"[0.18088553845882416, 0.8191145062446594]"
9357,0,49.88%,89.09%,0.0000,"[0.9999350309371948, 6.498837319668382e-05]"
9358,0,49.88%,89.08%,1.9084,"[0.11880535632371902, 0.8811946511268616]"
9359,0,49.87%,89.08%,0.0000,"[0.9999785423278809, 2.1418540200102143e-05]"
9360,1,49.88%,89.08%,0.0816,"[0.09077572822570801, 0.9092243313789368]"
9361,0,49.87%,89.08%,0.0001,"[0.9999200105667114, 7.996666681719944e-05]"
9362,1,49.88%,89.08%,0.0947,"[0.0883779525756836, 0.9116219878196716]"
9363,0,49.87%,89.09%,0.0001,"[0.9997854828834534, 0.0002145746984751895]"
9364,0,49.87%,89.09%,0.0001,"[0.999948263168335, 5.1692171837203205e-05]"
9365,1,49.87%,89.09%,0.0991,"[0.0784931555390358, 0.9215068817138672]"
9366,1,49.88%,89.09%,0.0925,"[0.06138334050774574, 0.9386166930198669]"
9367,0,49.87%,89.09%,0.0013,"[0.9772676825523376, 0.022732289507985115]"
9368,1,49.88%,89.09%,0.1281,"[0.21000130474567413, 0.7899986505508423]"
9369,0,49.87%,89.09%,0.0000,"[0.9999681711196899, 3.186980029568076e-05]"
9370,0,49.87%,89.09%,0.0001,"[0.9999226331710815, 7.741406443528831e-05]"
9371,0,49.86%,89.10%,0.0000,"[0.9999752044677734, 2.4757635401329026e-05]"
9372,1,49.87%,89.10%,0.0514,"[0.053240880370140076, 0.9467591643333435]"
9373,1,49.87%,89.10%,0.0381,"[0.0343780592083931, 0.9656219482421875]"
9374,0,49.87%,89.10%,0.0000,"[0.9999755620956421, 2.440414209559094e-05]"
9375,0,49.86%,89.10%,0.0000,"[0.9999747276306152, 2.5289515178883448e-05]"
9376,1,49.87%,89.10%,0.1019,"[0.08290035277605057, 0.91709965467453]"
9377,1,49.87%,89.10%,0.1585,"[0.15124057233333588, 0.8487594723701477]"
9378,1,49.88%,89.10%,0.0523,"[0.028239678591489792, 0.9717602729797363]"
9379,0,49.87%,89.10%,0.0000,"[0.9999492168426514, 5.083933865535073e-05]"
9380,0,49.87%,89.11%,0.0000,"[0.999963641166687, 3.640385693870485e-05]"
9381,1,49.87%,89.11%,0.0409,"[0.04203115031123161, 0.9579688906669617]"
9382,1,49.88%,89.11%,0.0189,"[0.030475031584501266, 0.9695249199867249]"
9383,0,49.87%,89.11%,0.0001,"[0.9999352693557739, 6.47294000373222e-05]"
9384,0,49.87%,89.11%,0.0000,"[0.9999469518661499, 5.3010935516795143e-05]"
9385,0,49.86%,89.11%,0.0094,"[0.9916176199913025, 0.00838238000869751]"
9386,0,49.86%,89.11%,0.0003,"[0.9998912811279297, 0.00010867574019357562]"
9387,1,49.86%,89.11%,0.0332,"[0.030985480174422264, 0.969014585018158]"
9388,1,49.87%,89.11%,0.0391,"[0.03146187216043472, 0.9685381650924683]"
9389,1,49.87%,89.12%,0.0292,"[0.03796272724866867, 0.9620372653007507]"
9390,0,49.87%,89.12%,0.0001,"[0.9999321699142456, 6.787263555452228e-05]"
9391,1,49.87%,89.12%,0.0626,"[0.03902161493897438, 0.9609783887863159]"
9392,1,49.88%,89.12%,0.0139,"[0.022200603038072586, 0.9777994751930237]"
9393,0,49.87%,89.11%,3.7942,"[0.023589661344885826, 0.9764103889465332]"
9394,0,49.87%,89.11%,0.0001,"[0.9999421834945679, 5.782172956969589e-05]"
9395,1,49.87%,89.11%,0.0142,"[0.018056796863675117, 0.9819431900978088]"
9396,0,49.87%,89.11%,0.0001,"[0.9999305009841919, 6.954943091841415e-05]"
9397,0,49.86%,89.11%,0.0000,"[0.9999415874481201, 5.8431964134797454e-05]"
9398,0,49.86%,89.12%,0.0000,"[0.9999682903289795, 3.1653926271246746e-05]"
9399,1,49.86%,89.12%,0.0151,"[0.021139701828360558, 0.9788603186607361]"
9400,0,49.86%,89.12%,0.0000,"[0.9999160766601562, 8.387621346628293e-05]"
9401,0,49.85%,89.12%,0.0792,"[0.9657964110374451, 0.03420357406139374]"
9402,0,49.85%,89.12%,0.0001,"[0.9998846054077148, 0.00011534519580891356]"
9403,0,49.84%,89.12%,0.0001,"[0.9998843669891357, 0.00011557784455362707]"
9404,0,49.84%,89.12%,0.0001,"[0.9999357461929321, 6.422117439797148e-05]"
9405,0,49.83%,89.12%,0.1458,"[0.9859783053398132, 0.014021610841155052]"
9406,0,49.82%,89.13%,0.0797,"[0.5861641764640808, 0.41383588314056396]"
9407,0,49.82%,89.13%,0.0001,"[0.9999278783798218, 7.210345938801765e-05]"
9408,0,49.81%,89.13%,0.0472,"[0.9860310554504395, 0.01396891102194786]"
9409,1,49.82%,89.13%,0.0168,"[0.015866098925471306, 0.9841338992118835]"
9410,0,49.81%,89.13%,0.0000,"[0.9999793767929077, 2.0610208594007418e-05]"
9411,0,49.81%,89.13%,0.0000,"[0.9999771118164062, 2.2926546080270782e-05]"
9412,1,49.81%,89.13%,0.0182,"[0.026743218302726746, 0.9732567667961121]"
9413,1,49.82%,89.12%,1.0393,"[0.6049326658248901, 0.39506733417510986]"
9414,1,49.82%,89.12%,0.1004,"[0.12513862550258636, 0.8748613595962524]"
9415,1,49.83%,89.12%,0.0710,"[0.06943624466657639, 0.930563747882843]"
9416,1,49.84%,89.13%,0.0292,"[0.01877841167151928, 0.981221616268158]"
9417,1,49.84%,89.13%,0.3703,"[0.49717187881469727, 0.5028281211853027]"
9418,0,49.84%,89.13%,0.0000,"[0.99997878074646, 2.12019858736312e-05]"
9419,0,49.83%,89.13%,0.0000,"[0.9999785423278809, 2.1462155928020366e-05]"
9420,0,49.82%,89.13%,0.0000,"[0.9999783039093018, 2.173948632844258e-05]"
9421,0,49.82%,89.13%,0.0000,"[0.9999779462814331, 2.202953510277439e-05]"
9422,0,49.81%,89.13%,0.0000,"[0.9999685287475586, 3.150101110804826e-05]"
9423,1,49.82%,89.13%,0.0280,"[0.028053678572177887, 0.9719462990760803]"
9424,1,49.82%,89.14%,0.0329,"[0.021548917517066002, 0.978451132774353]"
9425,1,49.83%,89.14%,0.0124,"[0.01228377129882574, 0.9877162575721741]"
9426,1,49.84%,89.14%,0.0317,"[0.02123597264289856, 0.9787640571594238]"
9427,0,49.83%,89.14%,0.0000,"[0.9999772310256958, 2.2826756321592256e-05]"
9428,1,49.84%,89.14%,0.0183,"[0.018921585753560066, 0.9810784459114075]"
9429,0,49.83%,89.14%,0.0001,"[0.9998080134391785, 0.00019203608098905534]"
9430,1,49.84%,89.13%,4.8187,"[0.8581362366676331, 0.14186376333236694]"
9431,1,49.84%,89.13%,0.0224,"[0.021717732772231102, 0.9782822728157043]"
9432,1,49.85%,89.13%,0.0167,"[0.012750578112900257, 0.9872494339942932]"
9433,1,49.85%,89.14%,0.0159,"[0.021912505850195885, 0.9780874252319336]"
9434,1,49.86%,89.14%,0.0131,"[0.013204417191445827, 0.9867955446243286]"
9435,0,49.85%,89.14%,0.0000,"[0.999954342842102, 4.564857226796448e-05]"
9436,0,49.85%,89.14%,0.0000,"[0.9999308586120605, 6.916285201441497e-05]"
9437,1,49.85%,89.14%,0.0121,"[0.01903875730931759, 0.980961263179779]"
9438,1,49.86%,89.14%,0.0113,"[0.010279628448188305, 0.9897204041481018]"
9439,1,49.86%,89.14%,0.0108,"[0.014307942241430283, 0.985692024230957]"
9440,0,49.86%,89.13%,4.3811,"[0.012450392358005047, 0.9875496029853821]"
9441,0,49.85%,89.13%,0.0001,"[0.9999178647994995, 8.217195863835514e-05]"
9442,1,49.86%,89.13%,0.0101,"[0.010516936890780926, 0.9894830584526062]"
9443,1,49.86%,89.14%,0.0143,"[0.014185022562742233, 0.9858149290084839]"
9444,0,49.86%,89.13%,0.7839,"[0.4132094383239746, 0.5867905616760254]"
9445,1,49.86%,89.13%,0.2068,"[0.16597296297550201, 0.8340270519256592]"
9446,1,49.87%,89.13%,0.0111,"[0.00902566034346819, 0.9909743666648865]"
9447,0,49.86%,89.13%,0.0001,"[0.9999110698699951, 8.886626892490312e-05]"
9448,1,49.87%,89.13%,0.0198,"[0.01894397661089897, 0.9810560345649719]"
9449,0,49.86%,89.13%,0.0001,"[0.9999175071716309, 8.250864630099386e-05]"
9450,1,49.87%,89.13%,0.0087,"[0.006439163815230131, 0.993560791015625]"
9451,1,49.87%,89.13%,0.0078,"[0.009395141154527664, 0.990604817867279]"
9452,1,49.88%,89.14%,0.0379,"[0.3047732412815094, 0.695226788520813]"
9453,0,49.87%,89.14%,0.0001,"[0.9999251365661621, 7.48803504393436e-05]"
9454,1,49.88%,89.14%,0.0212,"[0.02305840514600277, 0.9769416451454163]"
9455,0,49.87%,89.14%,0.0001,"[0.999925971031189, 7.408111559925601e-05]"
9456,1,49.88%,89.14%,0.0182,"[0.01915387064218521, 0.980846107006073]"
9457,0,49.87%,89.14%,0.0001,"[0.9999164342880249, 8.354453893844038e-05]"
9458,0,49.87%,89.14%,0.0002,"[0.9998571872711182, 0.00014282067422755063]"
9459,1,49.87%,89.14%,0.0062,"[0.009112327359616756, 0.9908876419067383]"
9460,0,49.87%,89.14%,0.0002,"[0.9998663663864136, 0.00013360078446567059]"
9461,0,49.86%,89.15%,0.0002,"[0.9997709393501282, 0.00022911951236892492]"
9462,1,49.87%,89.15%,0.0125,"[0.0119763920083642, 0.9880236387252808]"
9463,0,49.86%,89.14%,3.9785,"[0.013197913765907288, 0.9868020415306091]"
9464,0,49.86%,89.14%,0.0001,"[0.9999226331710815, 7.738099520793185e-05]"
9465,1,49.86%,89.14%,0.0151,"[0.017836105078458786, 0.9821639060974121]"
9466,0,49.86%,89.14%,0.0001,"[0.9998941421508789, 0.00010590213787509128]"
9467,0,49.85%,89.14%,0.0005,"[0.9995476603507996, 0.0004522828385233879]"
9468,0,49.85%,89.13%,2.1615,"[0.11325068026781082, 0.8867493271827698]"
9469,1,49.85%,89.13%,0.0119,"[0.012380681931972504, 0.9876192808151245]"
9470,0,49.85%,89.14%,0.0001,"[0.9999401569366455, 5.9803689509863034e-05]"
9471,0,49.84%,89.13%,3.2635,"[0.027566151693463326, 0.9724338054656982]"
9472,0,49.84%,89.13%,0.0001,"[0.9998719692230225, 0.00012798828538507223]"
9473,0,49.83%,89.12%,3.4772,"[0.04498937353491783, 0.9550106525421143]"
9474,0,49.83%,89.12%,0.0000,"[0.9999500513076782, 4.998383883503266e-05]"
9475,1,49.83%,89.12%,0.0205,"[0.018240123987197876, 0.9817599058151245]"
9476,0,49.83%,89.12%,0.0001,"[0.999930739402771, 6.92095491103828e-05]"
9477,1,49.83%,89.12%,0.0297,"[0.025550933554768562, 0.9744490385055542]"
9478,1,49.84%,89.12%,0.0551,"[0.06071800738573074, 0.9392820000648499]"
9479,1,49.84%,89.12%,0.0539,"[0.09432967752218246, 0.9056702852249146]"
9480,1,49.85%,89.13%,0.0273,"[0.01788518577814102, 0.9821147918701172]"
9481,1,49.85%,89.13%,0.1579,"[0.09241008758544922, 0.907589852809906]"
9482,0,49.85%,89.13%,0.0000,"[0.9999524354934692, 4.756479393108748e-05]"
9483,0,49.84%,89.13%,0.0001,"[0.9999432563781738, 5.6727159972069785e-05]"
9484,0,49.84%,89.13%,0.0039,"[0.985920250415802, 0.014079769141972065]"
9485,1,49.84%,89.13%,0.1343,"[0.08307839930057526, 0.9169216156005859]"
9486,0,49.84%,89.13%,0.0003,"[0.9998714923858643, 0.00012848425831180066]"
9487,0,49.83%,89.13%,0.0001,"[0.9999357461929321, 6.429096538340673e-05]"
9488,0,49.83%,89.13%,0.0001,"[0.9999116659164429, 8.826780685922131e-05]"
9489,1,49.83%,89.14%,0.0187,"[0.020553108304739, 0.9794468879699707]"
9490,1,49.84%,89.14%,0.0282,"[0.02318292111158371, 0.9768170714378357]"
9491,0,49.83%,89.14%,0.0001,"[0.9999332427978516, 6.679297803202644e-05]"
9492,0,49.83%,89.14%,0.0001,"[0.9999505281448364, 4.94155719934497e-05]"
9493,1,49.83%,89.14%,0.1009,"[0.0867525190114975, 0.9132474660873413]"
9494,1,49.84%,89.13%,0.1604,"[0.6327880620956421, 0.3672119081020355]"
9495,0,49.83%,89.13%,0.0001,"[0.9999423027038574, 5.76788152102381e-05]"
9496,1,49.84%,89.13%,0.0297,"[0.060096368193626404, 0.9399036169052124]"
9497,1,49.84%,89.13%,0.0214,"[0.022231096401810646, 0.9777688980102539]"
9498,1,49.85%,89.14%,0.0264,"[0.015290363691747189, 0.9847095608711243]"
9499,1,49.85%,89.14%,0.0477,"[0.026694422587752342, 0.9733055233955383]"
9500,0,49.85%,89.14%,0.0001,"[0.9999322891235352, 6.767234299331903e-05]"
9501,0,49.84%,89.14%,0.0002,"[0.9998759031295776, 0.00012402697757352144]"
9502,0,49.84%,89.14%,0.0001,"[0.9999438524246216, 5.610620428342372e-05]"
9503,1,49.84%,89.14%,0.0352,"[0.03053794801235199, 0.9694620966911316]"
9504,0,49.84%,89.13%,3.4616,"[0.016855325549840927, 0.9831446409225464]"
9505,1,49.84%,89.13%,0.0349,"[0.022324994206428528, 0.9776750206947327]"
9506,0,49.84%,89.13%,0.0001,"[0.9999054670333862, 9.44732382777147e-05]"
9507,0,49.83%,89.14%,0.0008,"[0.9995352029800415, 0.00046487152576446533]"
9508,1,49.84%,89.14%,0.0135,"[0.014208546839654446, 0.9857914447784424]"
9509,1,49.84%,89.14%,0.0216,"[0.024626657366752625, 0.975373387336731]"
9510,1,49.85%,89.14%,0.0110,"[0.010948634706437588, 0.9890512824058533]"
9511,0,49.84%,89.14%,0.0002,"[0.9997804760932922, 0.00021958333672955632]"
9512,1,49.85%,89.14%,0.0133,"[0.016121961176395416, 0.9838780164718628]"
9513,1,49.85%,89.14%,0.0298,"[0.022392041981220245, 0.9776080250740051]"
9514,1,49.86%,89.14%,0.0143,"[0.014691735617816448, 0.9853082299232483]"
9515,1,49.86%,89.14%,0.0183,"[0.015840603038668633, 0.9841594696044922]"
9516,1,49.87%,89.15%,0.0161,"[0.01816660352051258, 0.9818333983421326]"
9517,0,49.86%,89.15%,0.0286,"[0.9805212020874023, 0.01947874203324318]"
9518,1,49.87%,89.15%,0.0151,"[0.017882708460092545, 0.9821173548698425]"
9519,1,49.87%,89.15%,0.0116,"[0.008446389809250832, 0.9915536046028137]"
9520,1,49.88%,89.15%,0.0086,"[0.017235249280929565, 0.9827647805213928]"
9521,1,49.88%,89.15%,0.0116,"[0.010367041453719139, 0.9896329641342163]"
9522,0,49.88%,89.14%,3.5978,"[0.025051956996321678, 0.9749480485916138]"
9523,1,49.88%,89.14%,0.0190,"[0.014323008246719837, 0.9856770038604736]"
9524,1,49.89%,89.14%,0.0138,"[0.03508716821670532, 0.9649128913879395]"
9525,0,49.88%,89.15%,0.0003,"[0.9994378685951233, 0.0005620725569315255]"
9526,0,49.88%,89.15%,0.0004,"[0.9998646974563599, 0.00013525057875085622]"
9527,0,49.87%,89.14%,3.2345,"[0.03637472912669182, 0.9636253118515015]"
9528,0,49.87%,89.14%,0.0001,"[0.9999452829360962, 5.470454561873339e-05]"
9529,1,49.87%,89.14%,0.0153,"[0.011819886043667793, 0.9881801605224609]"
9530,1,49.88%,89.14%,0.0225,"[0.061276745051145554, 0.9387232065200806]"
9531,1,49.88%,89.14%,0.0354,"[0.034272756427526474, 0.9657272100448608]"
9532,1,49.89%,89.14%,0.0378,"[0.044482212513685226, 0.9555177688598633]"
9533,1,49.90%,89.14%,0.0207,"[0.020025424659252167, 0.9799745678901672]"
9534,0,49.89%,89.15%,0.0001,"[0.9999370574951172, 6.288349686656147e-05]"
9535,0,49.88%,89.15%,0.0000,"[0.9999661445617676, 3.3864744182210416e-05]"
9536,0,49.88%,89.15%,0.0002,"[0.9991660118103027, 0.0008340366184711456]"
9537,1,49.88%,89.15%,0.0355,"[0.039621397852897644, 0.9603785276412964]"
9538,1,49.89%,89.15%,0.0213,"[0.025002408772706985, 0.9749975800514221]"
9539,1,49.90%,89.15%,0.0231,"[0.023180142045021057, 0.9768199324607849]"
9540,0,49.89%,89.15%,0.0001,"[0.9999426603317261, 5.7288787502329797e-05]"
9541,0,49.88%,89.15%,0.0001,"[0.9999377727508545, 6.217938789632171e-05]"
9542,1,49.89%,89.15%,0.0259,"[0.01832239329814911, 0.9816775918006897]"
9543,1,49.90%,89.16%,0.0190,"[0.01786722056567669, 0.9821327328681946]"
9544,0,49.89%,89.16%,0.0000,"[0.9999517202377319, 4.825877113034949e-05]"
9545,0,49.88%,89.16%,0.0000,"[0.9999479055404663, 5.2135004807496443e-05]"
9546,0,49.88%,89.16%,0.0001,"[0.9999523162841797, 4.7627658204874024e-05]"
9547,0,49.87%,89.16%,0.0001,"[0.9997490048408508, 0.00025096270837821066]"
9548,0,49.87%,89.16%,0.0001,"[0.9999357461929321, 6.422656588256359e-05]"
9549,1,49.87%,89.16%,0.0329,"[0.04428573325276375, 0.9557142853736877]"
9550,0,49.87%,89.15%,3.8578,"[0.02801731415092945, 0.9719826579093933]"
9551,0,49.86%,89.15%,0.0001,"[0.9999346733093262, 6.529318488901481e-05]"
9552,1,49.87%,89.16%,0.0225,"[0.02844460867345333, 0.9715553522109985]"
9553,1,49.87%,89.16%,0.0179,"[0.01994655281305313, 0.9800534844398499]"
9554,0,49.87%,89.16%,0.0001,"[0.9999450445175171, 5.492497803061269e-05]"
9555,1,49.87%,89.16%,0.0215,"[0.021970195695757866, 0.9780298471450806]"
9556,1,49.88%,89.16%,0.0370,"[0.030934657901525497, 0.9690653681755066]"
9557,1,49.88%,89.16%,0.0375,"[0.06522586941719055, 0.9347741603851318]"
9558,0,49.88%,89.16%,0.0000,"[0.9999620914459229, 3.791223934968002e-05]"
9559,1,49.88%,89.16%,0.0225,"[0.02175646647810936, 0.9782435894012451]"
9560,1,49.89%,89.16%,0.0177,"[0.017661530524492264, 0.9823384881019592]"
9561,0,49.88%,89.17%,0.0001,"[0.9999407529830933, 5.929754115641117e-05]"
9562,0,49.88%,89.17%,0.0001,"[0.9998897314071655, 0.0001102966780308634]"
9563,0,49.87%,89.17%,0.0001,"[0.999864935874939, 0.00013501774810720235]"
9564,1,49.88%,89.17%,0.0326,"[0.05302578955888748, 0.9469742178916931]"
9565,0,49.87%,89.17%,0.0001,"[0.9999476671218872, 5.238658195594326e-05]"
9566,0,49.87%,89.17%,0.0002,"[0.9996968507766724, 0.0003032207896467298]"
9567,1,49.87%,89.17%,0.0288,"[0.037271320819854736, 0.9627286195755005]"
9568,1,49.88%,89.17%,0.0153,"[0.016960902139544487, 0.983039140701294]"
9569,0,49.87%,89.17%,0.0012,"[0.9984531402587891, 0.0015468819765374064]"
9570,1,49.88%,89.18%,0.0404,"[0.03161758556962013, 0.9683824181556702]"
9571,1,49.89%,89.18%,0.0274,"[0.008376666344702244, 0.9916233420372009]"
9572,0,49.88%,89.18%,0.2043,"[0.9548779726028442, 0.045121967792510986]"
9573,1,49.89%,89.18%,0.0351,"[0.038741275668144226, 0.9612587690353394]"
9574,0,49.88%,89.17%,3.6131,"[0.03664800152182579, 0.9633519649505615]"
9575,0,49.87%,89.17%,0.0006,"[0.9997531771659851, 0.00024681174545548856]"
9576,1,49.88%,89.17%,0.0185,"[0.022487010806798935, 0.9775130152702332]"
9577,1,49.89%,89.17%,0.0238,"[0.021198341622948647, 0.9788016080856323]"
9578,1,49.89%,89.17%,0.0138,"[0.01880546472966671, 0.9811945557594299]"
9579,0,49.89%,89.16%,2.8455,"[0.08613208681344986, 0.9138678908348083]"
9580,0,49.88%,89.17%,0.0000,"[0.9999618530273438, 3.819871926680207e-05]"
9581,1,49.89%,89.17%,0.0471,"[0.042580123990774155, 0.9574199318885803]"
9582,0,49.88%,89.17%,0.0000,"[0.9999654293060303, 3.4535802114987746e-05]"
9583,1,49.89%,89.17%,0.0432,"[0.05871026962995529, 0.9412896633148193]"
9584,1,49.89%,89.17%,0.0488,"[0.04495653137564659, 0.9550434350967407]"
9585,1,49.90%,89.17%,0.0264,"[0.02685370109975338, 0.9731463193893433]"
9586,1,49.90%,89.17%,0.0542,"[0.04324822872877121, 0.9567517638206482]"
9587,1,49.91%,89.17%,0.0243,"[0.037794917821884155, 0.9622051119804382]"
9588,0,49.90%,89.18%,0.0000,"[0.9999734163284302, 2.6571025955490768e-05]"
9589,1,49.91%,89.18%,0.0899,"[0.12315027415752411, 0.8768497109413147]"
9590,0,49.90%,89.18%,0.0000,"[0.9999686479568481, 3.136103259748779e-05]"
9591,1,49.91%,89.18%,0.0168,"[0.015997689217329025, 0.9840023517608643]"
9592,1,49.91%,89.18%,0.0189,"[0.01365101058036089, 0.9863489866256714]"
9593,1,49.92%,89.18%,0.0464,"[0.028284572064876556, 0.9717153906822205]"
9594,1,49.92%,89.18%,0.0378,"[0.025352153927087784, 0.9746478796005249]"
9595,1,49.93%,89.18%,0.0237,"[0.019588053226470947, 0.9804120063781738]"
9596,0,49.92%,89.18%,0.0000,"[0.9999710321426392, 2.896414662245661e-05]"
9597,0,49.92%,89.17%,3.4614,"[0.048406220972537994, 0.9515937566757202]"
9598,0,49.91%,89.18%,0.0000,"[0.9999696016311646, 3.0383547709789127e-05]"
9599,0,49.91%,89.18%,0.0000,"[0.9999657869338989, 3.426826515351422e-05]"
9600,0,49.90%,89.18%,0.0000,"[0.9999711513519287, 2.882950138882734e-05]"
9601,1,49.91%,89.18%,0.0286,"[0.029013562947511673, 0.9709864258766174]"
9602,0,49.90%,89.18%,0.0000,"[0.9999748468399048, 2.520935595384799e-05]"
9603,0,49.90%,89.18%,0.0000,"[0.9999282360076904, 7.179232488851994e-05]"
9604,1,49.90%,89.18%,0.0713,"[0.05176176130771637, 0.9482383131980896]"
9605,0,49.90%,89.18%,0.0000,"[0.9999691247940063, 3.0831673939246684e-05]"
9606,1,49.90%,89.18%,0.0263,"[0.019821159541606903, 0.9801788926124573]"
9607,1,49.91%,89.19%,0.0287,"[0.04679282009601593, 0.9532071352005005]"
9608,0,49.90%,89.19%,0.0001,"[0.9999517202377319, 4.825379801332019e-05]"
9609,0,49.90%,89.19%,0.0000,"[0.9999665021896362, 3.353917054482736e-05]"
9610,0,49.89%,89.19%,0.0000,"[0.9999676942825317, 3.232363087590784e-05]"
9611,0,49.89%,89.18%,2.2555,"[0.10633690655231476, 0.8936631083488464]"
9612,1,49.89%,89.18%,0.0451,"[0.042528655380010605, 0.9574713110923767]"
9613,0,49.89%,89.18%,0.0000,"[0.9999685287475586, 3.1474646675633267e-05]"
9614,1,49.89%,89.18%,0.0320,"[0.04372622072696686, 0.9562737941741943]"
9615,0,49.89%,89.18%,0.0001,"[0.9999475479125977, 5.245946886134334e-05]"
9616,1,49.89%,89.19%,0.0173,"[0.020706016570329666, 0.9792940020561218]"
9617,1,49.90%,89.19%,0.0192,"[0.02075783908367157, 0.9792420864105225]"
9618,0,49.89%,89.19%,0.0001,"[0.9999535083770752, 4.6518118324456736e-05]"
9619,0,49.89%,89.19%,0.0000,"[0.9999692440032959, 3.070980528718792e-05]"
9620,0,49.88%,89.19%,0.0000,"[0.9999768733978271, 2.3116801457945257e-05]"
9621,1,49.89%,89.19%,0.0510,"[0.09887328743934631, 0.9011266827583313]"
9622,0,49.88%,89.19%,0.0000,"[0.9999734163284302, 2.6611167413648218e-05]"
9623,1,49.89%,89.19%,0.2308,"[0.1753271073102951, 0.8246728777885437]"
9624,1,49.89%,89.19%,0.0942,"[0.09926663339138031, 0.9007333517074585]"
9625,1,49.90%,89.20%,0.0386,"[0.03671541064977646, 0.9632846117019653]"
9626,1,49.90%,89.20%,0.0159,"[0.031255174428224564, 0.9687447547912598]"
9627,1,49.91%,89.20%,0.0267,"[0.0508749857544899, 0.9491249918937683]"
9628,0,49.90%,89.20%,0.0000,"[0.9999642372131348, 3.576502058422193e-05]"
9629,0,49.90%,89.19%,3.1505,"[0.057236261665821075, 0.9427637457847595]"
9630,1,49.90%,89.19%,0.0137,"[0.010731526650488377, 0.9892684817314148]"
9631,1,49.91%,89.19%,0.0352,"[0.02552897483110428, 0.9744710326194763]"
9632,0,49.90%,89.19%,0.0002,"[0.9998112320899963, 0.0001887963735498488]"
9633,0,49.90%,89.19%,0.0001,"[0.9999250173568726, 7.493270823033527e-05]"
9634,0,49.89%,89.20%,0.0058,"[0.9904599189758301, 0.009540095925331116]"
9635,1,49.90%,89.20%,0.0294,"[0.032653532922267914, 0.9673464894294739]"
9636,0,49.89%,89.19%,2.4574,"[0.09600932896137238, 0.9039906859397888]"
9637,0,49.89%,89.18%,1.8829,"[0.14872686564922333, 0.8512731194496155]"
9638,1,49.89%,89.18%,0.0466,"[0.030918912962079048, 0.9690810441970825]"
9639,1,49.90%,89.18%,0.0149,"[0.020135389640927315, 0.9798645973205566]"
9640,0,49.89%,89.18%,0.0000,"[0.9999597072601318, 4.0293663914781064e-05]"
9641,0,49.89%,89.18%,0.0000,"[0.9999727010726929, 2.7311903977533802e-05]"
9642,0,49.88%,89.18%,0.0001,"[0.9999405145645142, 5.943714495515451e-05]"
9643,0,49.88%,89.18%,0.0000,"[0.9999715089797974, 2.849516022251919e-05]"
9644,1,49.88%,89.19%,0.0351,"[0.04538796842098236, 0.9546120166778564]"
9645,0,49.88%,89.19%,0.0000,"[0.999964714050293, 3.52816132362932e-05]"
9646,1,49.88%,89.19%,0.0223,"[0.03494860976934433, 0.9650514125823975]"
9647,1,49.89%,89.19%,0.0635,"[0.12495681643486023, 0.8750431537628174]"
9648,0,49.88%,89.19%,0.0000,"[0.9999643564224243, 3.5602697607828304e-05]"
9649,0,49.88%,89.19%,0.0000,"[0.9999773502349854, 2.2607708160649054e-05]"
9650,1,49.88%,89.19%,0.0462,"[0.032204531133174896, 0.9677954316139221]"
9651,1,49.89%,89.19%,0.0797,"[0.049321845173835754, 0.9506781101226807]"
9652,0,49.88%,89.20%,0.0191,"[0.9895575642585754, 0.01044248417019844]"
9653,0,49.88%,89.20%,0.0000,"[0.9999736547470093, 2.631127972563263e-05]"
9654,0,49.87%,89.20%,0.0000,"[0.9999744892120361, 2.5530989660182968e-05]"
9655,0,49.87%,89.20%,0.0000,"[0.9999730587005615, 2.6904412152362056e-05]"
9656,1,49.87%,89.20%,0.0901,"[0.06333276629447937, 0.9366672039031982]"
9657,1,49.88%,89.20%,0.0948,"[0.10107985138893127, 0.8989201784133911]"
9658,1,49.88%,89.20%,0.0186,"[0.019729360938072205, 0.9802706241607666]"
9659,1,49.89%,89.20%,0.0211,"[0.011238941922783852, 0.9887610077857971]"
9660,0,49.88%,89.20%,0.0000,"[0.9999675750732422, 3.239849684177898e-05]"
9661,0,49.88%,89.19%,3.5710,"[0.07396586239337921, 0.926034152507782]"
9662,0,49.87%,89.20%,0.0000,"[0.9999682903289795, 3.17592712235637e-05]"
9663,0,49.87%,89.20%,0.0021,"[0.9978603720664978, 0.002139660529792309]"
9664,1,49.87%,89.20%,0.0266,"[0.02895999886095524, 0.9710400104522705]"
9665,0,49.87%,89.20%,0.0000,"[0.9999715089797974, 2.8512691642390564e-05]"
9666,0,49.86%,89.20%,0.0000,"[0.9999717473983765, 2.821550333464984e-05]"
9667,0,49.86%,89.20%,0.0000,"[0.9999750852584839, 2.4914619643823244e-05]"
9668,1,49.86%,89.20%,0.0316,"[0.024468155577778816, 0.975531816482544]"
9669,0,49.86%,89.20%,0.0000,"[0.9999728202819824, 2.7186910301679745e-05]"
9670,0,49.85%,89.20%,0.0000,"[0.9999696016311646, 3.044378900085576e-05]"
9671,1,49.86%,89.21%,0.0266,"[0.01877918466925621, 0.9812208414077759]"
9672,1,49.86%,89.21%,0.0307,"[0.03440975770354271, 0.9655902981758118]"
9673,1,49.87%,89.21%,0.0174,"[0.017511626705527306, 0.9824884533882141]"
9674,0,49.86%,89.21%,0.0000,"[0.9999696016311646, 3.0420804250752553e-05]"
9675,0,49.86%,89.21%,1.9613,"[0.8965348601341248, 0.10346508771181107]"
9676,0,49.85%,89.21%,0.0000,"[0.9999665021896362, 3.343946082168259e-05]"
9677,0,49.85%,89.20%,0.4792,"[0.13107247650623322, 0.868927538394928]"
9678,0,49.84%,89.20%,0.0000,"[0.9999732971191406, 2.6674508262658492e-05]"
9679,0,49.83%,89.20%,0.0000,"[0.9999743700027466, 2.561561450420413e-05]"
9680,0,49.83%,89.21%,0.0000,"[0.9999744892120361, 2.552991827542428e-05]"
9681,0,49.82%,89.21%,0.0000,"[0.9999762773513794, 2.3774540750309825e-05]"
9682,0,49.82%,89.21%,0.0000,"[0.9999780654907227, 2.1886971808271483e-05]"
9683,1,49.82%,89.21%,0.3561,"[0.23417221009731293, 0.7658277750015259]"
9684,0,49.82%,89.21%,0.0000,"[0.9999790191650391, 2.092103568429593e-05]"
9685,1,49.82%,89.20%,2.0927,"[0.847146213054657, 0.15285371243953705]"
9686,1,49.83%,89.19%,5.2547,"[0.7349408268928528, 0.26505914330482483]"
9687,1,49.83%,89.19%,0.0909,"[0.09121120721101761, 0.908788800239563]"
9688,0,49.83%,89.18%,3.5653,"[0.036606501787900925, 0.9633934497833252]"
9689,1,49.83%,89.18%,0.0184,"[0.021619277074933052, 0.9783807396888733]"
9690,0,49.83%,89.18%,3.7103,"[0.03638560697436333, 0.9636143445968628]"
9691,0,49.82%,89.18%,0.0000,"[0.9999688863754272, 3.1161260267253965e-05]"
9692,1,49.83%,89.18%,0.0217,"[0.016019582748413086, 0.9839804172515869]"
9693,1,49.83%,89.18%,0.0330,"[0.01546591054648161, 0.9845340251922607]"
9694,0,49.83%,89.17%,3.3535,"[0.041891440749168396, 0.9581085443496704]"
9695,0,49.82%,89.17%,0.0875,"[0.9619749188423157, 0.03802501782774925]"
9696,0,49.82%,89.17%,0.0000,"[0.9999600648880005, 3.9923721487866715e-05]"
9697,1,49.82%,89.17%,0.0370,"[0.022439680993556976, 0.97756028175354]"
9698,1,49.83%,89.17%,0.0408,"[0.040657173842191696, 0.9593428373336792]"
9699,1,49.84%,89.18%,0.0444,"[0.04600922018289566, 0.9539908170700073]"
9700,0,49.83%,89.17%,1.0220,"[0.34854990243911743, 0.6514500975608826]"
9701,1,49.84%,89.17%,0.0817,"[0.07474465668201447, 0.925255298614502]"
9702,0,49.83%,89.17%,0.0001,"[0.9999228715896606, 7.70830811234191e-05]"
9703,0,49.82%,89.17%,0.0001,"[0.9999442100524902, 5.5782642448320985e-05]"
9704,1,49.83%,89.17%,0.0722,"[0.06902361661195755, 0.9309763312339783]"
9705,1,49.84%,89.17%,0.1847,"[0.1659170389175415, 0.8340830206871033]"
9706,1,49.84%,89.17%,0.1628,"[0.12014884501695633, 0.8798511028289795]"
9707,1,49.85%,89.17%,0.0464,"[0.05403623729944229, 0.9459637403488159]"
9708,0,49.84%,89.17%,0.0001,"[0.9999322891235352, 6.770261825295165e-05]"
9709,0,49.84%,89.18%,0.0001,"[0.9998522996902466, 0.0001476727775298059]"
9710,1,49.84%,89.18%,0.1122,"[0.11101195216178894, 0.8889879584312439]"
9711,0,49.84%,89.18%,0.0603,"[0.966131865978241, 0.03386818245053291]"
9712,1,49.84%,89.18%,0.0922,"[0.08714806288480759, 0.9128519296646118]"
9713,0,49.84%,89.18%,0.0000,"[0.9999551773071289, 4.479528433876112e-05]"
9714,0,49.83%,89.18%,0.0000,"[0.9999525547027588, 4.7390436520799994e-05]"
9715,1,49.84%,89.18%,0.0673,"[0.04610981047153473, 0.9538902044296265]"
9716,1,49.84%,89.18%,0.0726,"[0.050882916897535324, 0.9491170644760132]"
9717,0,49.84%,89.19%,0.0360,"[0.943817138671875, 0.05618288367986679]"
9718,0,49.83%,89.19%,0.0001,"[0.9998565912246704, 0.0001433871075278148]"
9719,0,49.83%,89.19%,0.0000,"[0.9999620914459229, 3.7854217225685716e-05]"
9720,1,49.83%,89.19%,0.0111,"[0.010076398961246014, 0.9899236559867859]"
9721,0,49.83%,89.19%,0.0001,"[0.9998890161514282, 0.00011100890696980059]"
9722,0,49.82%,89.19%,0.0017,"[0.9956489205360413, 0.004351057577878237]"
9723,0,49.81%,89.19%,0.0000,"[0.9999552965164185, 4.471598731470294e-05]"
9724,0,49.81%,89.19%,0.0001,"[0.9999287128448486, 7.129020377760753e-05]"
9725,0,49.80%,89.19%,0.0000,"[0.9999561309814453, 4.3876443669432774e-05]"
9726,1,49.81%,89.20%,0.0180,"[0.020570706576108932, 0.9794292449951172]"
9727,1,49.81%,89.20%,0.0136,"[0.017278609797358513, 0.9827213883399963]"
9728,1,49.82%,89.20%,0.0538,"[0.05192989483475685, 0.9480701088905334]"
9729,1,49.83%,89.20%,0.0624,"[0.06625890731811523, 0.9337411522865295]"
9730,1,49.83%,89.20%,0.0149,"[0.020407401025295258, 0.9795926213264465]"
9731,0,49.83%,89.20%,0.0000,"[0.9999583959579468, 4.157219154876657e-05]"
9732,0,49.82%,89.20%,0.0000,"[0.9999486207962036, 5.133400918566622e-05]"
9733,1,49.83%,89.20%,0.0693,"[0.03940875083208084, 0.9605912566184998]"
9734,0,49.82%,89.20%,0.0000,"[0.9999409914016724, 5.903224882786162e-05]"
9735,0,49.82%,89.19%,0.6596,"[0.19209863245487213, 0.8079013824462891]"
9736,0,49.81%,89.19%,0.6947,"[0.43698474764823914, 0.5630152225494385]"
9737,1,49.82%,89.19%,0.0289,"[0.04366527870297432, 0.9563347697257996]"
9738,0,49.81%,89.18%,3.5144,"[0.027434786781668663, 0.9725651741027832]"
9739,1,49.82%,89.18%,0.0497,"[0.026391901075839996, 0.9736080765724182]"
9740,1,49.82%,89.18%,0.0184,"[0.018768910318613052, 0.9812310338020325]"
9741,0,49.82%,89.18%,0.0000,"[0.9999634027481079, 3.6570454540196806e-05]"
9742,1,49.82%,89.18%,0.0328,"[0.030694233253598213, 0.9693058133125305]"
9743,1,49.83%,89.18%,0.0231,"[0.021808937191963196, 0.9781911373138428]"
9744,0,49.82%,89.18%,0.0100,"[0.9048641920089722, 0.09513581544160843]"
9745,0,49.82%,89.18%,2.9598,"[0.0633038580417633, 0.9366961717605591]"
9746,1,49.82%,89.18%,0.0782,"[0.07328593730926514, 0.9267140030860901]"
9747,1,49.83%,89.18%,0.0674,"[0.12719731032848358, 0.8728026747703552]"
9748,1,49.83%,89.18%,0.0478,"[0.05494745820760727, 0.9450525641441345]"
9749,0,49.83%,89.18%,0.0000,"[0.9999715089797974, 2.8440590540412813e-05]"
9750,1,49.83%,89.18%,0.1205,"[0.03507917746901512, 0.9649208784103394]"
9751,1,49.84%,89.18%,0.4399,"[0.45225632190704346, 0.5477436780929565]"
9752,1,49.84%,89.18%,0.0253,"[0.021017253398895264, 0.97898268699646]"
9753,0,49.84%,89.18%,0.0000,"[0.999971866607666, 2.817189488268923e-05]"
9754,0,49.83%,89.19%,0.0016,"[0.9985563158988953, 0.0014437284553423524]"
9755,1,49.84%,89.19%,0.0199,"[0.014972317963838577, 0.9850276708602905]"
9756,1,49.84%,89.19%,0.0280,"[0.031821057200431824, 0.968178927898407]"
9757,1,49.85%,89.19%,0.0409,"[0.043133847415447235, 0.9568661451339722]"
9758,1,49.85%,89.19%,0.0720,"[0.05336042866110802, 0.9466395974159241]"
9759,1,49.86%,89.19%,0.0148,"[0.020930737257003784, 0.9790692925453186]"
9760,1,49.86%,89.19%,0.0188,"[0.01355128362774849, 0.9864487051963806]"
9761,1,49.87%,89.19%,0.0170,"[0.01772935688495636, 0.9822706580162048]"
9762,1,49.87%,89.19%,0.0116,"[0.015529208816587925, 0.9844708442687988]"
9763,0,49.87%,89.18%,3.5158,"[0.02110745944082737, 0.9788925647735596]"
9764,0,49.86%,89.19%,0.0000,"[0.9999599456787109, 4.0103524952428415e-05]"
9765,1,49.87%,89.19%,0.0294,"[0.029235461726784706, 0.9707645177841187]"
9766,1,49.87%,89.19%,0.0216,"[0.02639850787818432, 0.9736015200614929]"
9767,0,49.87%,89.19%,0.0000,"[0.999953031539917, 4.699686905951239e-05]"
9768,0,49.86%,89.19%,0.0000,"[0.9999617338180542, 3.8233778468566015e-05]"
9769,1,49.87%,89.19%,0.0318,"[0.035769376903772354, 0.9642306566238403]"
9770,1,49.87%,89.19%,0.0193,"[0.02384859137237072, 0.9761514067649841]"
9771,1,49.88%,89.19%,0.0141,"[0.025110086426138878, 0.9748899340629578]"
9772,0,49.87%,89.19%,0.0001,"[0.9998974800109863, 0.00010248243779642507]"
9773,0,49.87%,89.20%,0.0001,"[0.999923825263977, 7.611953333253041e-05]"
9774,1,49.87%,89.20%,0.0327,"[0.012272552587091923, 0.9877274036407471]"
9775,1,49.88%,89.20%,0.0136,"[0.013205871917307377, 0.9867941737174988]"
9776,1,49.88%,89.20%,0.0112,"[0.012687508948147297, 0.9873124957084656]"
9777,0,49.88%,89.20%,0.0001,"[0.999942421913147, 5.759214036515914e-05]"
9778,1,49.88%,89.20%,0.0109,"[0.01722550205886364, 0.9827744364738464]"
9779,0,49.88%,89.20%,0.0000,"[0.9999680519104004, 3.1985502573661506e-05]"
9780,1,49.88%,89.20%,0.0148,"[0.012249650433659554, 0.9877503514289856]"
9781,1,49.89%,89.20%,0.0158,"[0.015940403565764427, 0.9840595722198486]"
9782,1,49.89%,89.21%,0.0244,"[0.020511141046881676, 0.9794888496398926]"
9783,1,49.90%,89.21%,0.0247,"[0.017642514780163765, 0.9823575019836426]"
9784,0,49.89%,89.21%,0.3125,"[0.8708841800689697, 0.12911580502986908]"
9785,0,49.89%,89.21%,0.0005,"[0.9993312358856201, 0.0006688355933874846]"
9786,1,49.89%,89.21%,0.0249,"[0.03277599811553955, 0.9672240018844604]"
9787,0,49.89%,89.21%,0.0000,"[0.9999638795852661, 3.6117053241468966e-05]"
9788,0,49.88%,89.20%,2.4827,"[0.37137657403945923, 0.628623366355896]"
9789,1,49.89%,89.20%,0.0118,"[0.012610062025487423, 0.9873899221420288]"
9790,1,49.89%,89.20%,0.0206,"[0.012773105874657631, 0.9872269034385681]"
9791,1,49.90%,89.21%,0.1088,"[0.04250454902648926, 0.9574954509735107]"
9792,0,49.89%,89.21%,0.0000,"[0.999968409538269, 3.161585482303053e-05]"
9793,1,49.90%,89.21%,0.0113,"[0.010293230414390564, 0.9897067546844482]"
9794,1,49.90%,89.21%,0.0358,"[0.043804556131362915, 0.9561954736709595]"
9795,0,49.90%,89.21%,0.0000,"[0.9999715089797974, 2.852490433724597e-05]"
9796,1,49.90%,89.21%,0.1497,"[0.08756916970014572, 0.9124308228492737]"
9797,0,49.90%,89.21%,0.0000,"[0.9999709129333496, 2.9077062208671123e-05]"
9798,1,49.90%,89.21%,0.0133,"[0.025168491527438164, 0.9748314619064331]"
9799,0,49.90%,89.21%,0.0001,"[0.9999299049377441, 7.008371176198125e-05]"
9800,0,49.89%,89.22%,0.0002,"[0.9998379945755005, 0.00016192578186746687]"
9801,0,49.89%,89.22%,0.0000,"[0.9999722242355347, 2.782734009088017e-05]"
9802,0,49.88%,89.22%,0.0000,"[0.9999691247940063, 3.0862709536449984e-05]"
9803,0,49.88%,89.22%,0.1614,"[0.5128087997436523, 0.4871912896633148]"
9804,0,49.87%,89.21%,3.0525,"[0.03942577540874481, 0.960574209690094]"
9805,0,49.87%,89.20%,3.8118,"[0.02245273068547249, 0.977547287940979]"
9806,1,49.87%,89.19%,4.3222,"[0.9085423946380615, 0.09145767986774445]"
9807,0,49.87%,89.19%,0.0000,"[0.9999691247940063, 3.089984966209158e-05]"
9808,1,49.87%,89.19%,0.0124,"[0.01963353343307972, 0.9803665280342102]"
9809,1,49.88%,89.19%,0.0314,"[0.03542123734951019, 0.9645788073539734]"
9810,0,49.87%,89.20%,0.0000,"[0.9999711513519287, 2.8878206649096683e-05]"
9811,1,49.88%,89.20%,0.0443,"[0.06848898530006409, 0.9315110445022583]"
9812,1,49.88%,89.20%,0.0419,"[0.048198238015174866, 0.9518017768859863]"
9813,1,49.89%,89.20%,0.0340,"[0.037621840834617615, 0.962378203868866]"
9814,0,49.88%,89.20%,0.0001,"[0.999850869178772, 0.00014908050070516765]"
9815,1,49.89%,89.20%,0.0183,"[0.02787625603377819, 0.9721236824989319]"
9816,1,49.89%,89.20%,0.0405,"[0.07418956607580185, 0.9258103966712952]"
9817,1,49.90%,89.20%,0.0694,"[0.04882678762078285, 0.9511732459068298]"
9818,0,49.89%,89.20%,0.0001,"[0.999940037727356, 5.993974627926946e-05]"
9819,1,49.90%,89.21%,0.0184,"[0.01838601753115654, 0.9816139936447144]"
9820,1,49.90%,89.21%,0.0239,"[0.03750859200954437, 0.9624913930892944]"
9821,0,49.90%,89.21%,0.0000,"[0.9999579191207886, 4.20300530095119e-05]"
9822,1,49.90%,89.21%,0.0212,"[0.019121933728456497, 0.9808779954910278]"
9823,1,49.91%,89.21%,0.0457,"[0.04028470441699028, 0.9597152471542358]"
9824,1,49.91%,89.21%,0.0461,"[0.03273189440369606, 0.967268168926239]"
9825,1,49.92%,89.21%,0.0256,"[0.023698892444372177, 0.9763011336326599]"
9826,0,49.91%,89.21%,0.0005,"[0.9996920824050903, 0.0003079461748711765]"
9827,0,49.91%,89.21%,0.0001,"[0.9999490976333618, 5.08759512740653e-05]"
9828,1,49.91%,89.22%,0.0307,"[0.03082905523478985, 0.9691709876060486]"
9829,1,49.92%,89.22%,0.0204,"[0.019464189186692238, 0.9805357456207275]"
9830,1,49.92%,89.22%,0.0197,"[0.022832324728369713, 0.9771676659584045]"
9831,0,49.92%,89.22%,0.3647,"[0.6951882839202881, 0.3048117458820343]"
9832,1,49.92%,89.22%,0.0236,"[0.018608326092362404, 0.9813916683197021]"
9833,1,49.93%,89.22%,0.0124,"[0.010832637548446655, 0.989167332649231]"
9834,1,49.93%,89.22%,0.0105,"[0.015110027976334095, 0.9848899245262146]"
9835,1,49.94%,89.22%,0.0795,"[0.06070724502205849, 0.9392927885055542]"
9836,0,49.93%,89.22%,0.0001,"[0.9999361038208008, 6.388357724063098e-05]"
9837,1,49.94%,89.23%,0.0103,"[0.014167983084917068, 0.9858319759368896]"
9838,1,49.94%,89.23%,0.0350,"[0.03733121231198311, 0.962668776512146]"
9839,0,49.94%,89.23%,0.0001,"[0.9999178647994995, 8.21085850475356e-05]"
9840,1,49.94%,89.23%,0.0286,"[0.025931790471076965, 0.9740681648254395]"
9841,0,49.94%,89.23%,0.0000,"[0.999968409538269, 3.160916458000429e-05]"
9842,1,49.94%,89.23%,0.0093,"[0.009690294042229652, 0.9903097748756409]"
9843,1,49.95%,89.23%,0.0196,"[0.026750316843390465, 0.973249614238739]"
9844,0,49.94%,89.22%,3.7492,"[0.028422927483916283, 0.9715770483016968]"
9845,1,49.95%,89.22%,0.0231,"[0.016501473262906075, 0.9834985136985779]"
9846,1,49.95%,89.23%,0.0235,"[0.022196779027581215, 0.9778032302856445]"
9847,0,49.95%,89.23%,0.0006,"[0.9996776580810547, 0.0003223759413231164]"
9848,1,49.95%,89.23%,0.0343,"[0.019030436873435974, 0.9809695482254028]"
9849,1,49.96%,89.23%,0.0265,"[0.023161830380558968, 0.976838231086731]"
9850,1,49.96%,89.23%,0.0181,"[0.019537068903446198, 0.9804628491401672]"
9851,1,49.97%,89.23%,0.0249,"[0.031263139098882675, 0.9687368273735046]"
9852,0,49.96%,89.23%,0.0081,"[0.9991852641105652, 0.0008147695334628224]"
9853,0,49.96%,89.23%,0.0000,"[0.9999725818634033, 2.7372003387426957e-05]"
9854,1,49.96%,89.23%,0.0360,"[0.029422517865896225, 0.9705774784088135]"
9855,0,49.96%,89.23%,0.0000,"[0.9999655485153198, 3.439788270043209e-05]"
9856,1,49.96%,89.24%,0.0223,"[0.02640044502913952, 0.9735996127128601]"
9857,0,49.96%,89.24%,0.1549,"[0.9995980858802795, 0.0004019773914478719]"
9858,1,49.96%,89.24%,0.0082,"[0.020875856280326843, 0.979124128818512]"
9859,1,49.97%,89.24%,0.0138,"[0.016497503966093063, 0.9835025668144226]"
9860,1,49.97%,89.24%,0.0152,"[0.014217205345630646, 0.9857827425003052]"
9861,0,49.97%,89.24%,0.0000,"[0.9999676942825317, 3.236422344343737e-05]"
9862,1,49.97%,89.24%,0.0082,"[0.02243165299296379, 0.9775683879852295]"
9863,1,49.98%,89.24%,0.0267,"[0.030476419255137444, 0.9695236086845398]"
9864,0,49.97%,89.24%,0.0000,"[0.9999735355377197, 2.6480061933398247e-05]"
9865,1,49.98%,89.25%,0.0713,"[0.0898108184337616, 0.9101892113685608]"
9866,1,49.98%,89.25%,0.0113,"[0.012661713175475597, 0.9873383045196533]"
9867,1,49.99%,89.25%,0.0117,"[0.008943574503064156, 0.9910564422607422]"
9868,0,49.98%,89.25%,0.0000,"[0.9999738931655884, 2.6048832296510227e-05]"
9869,1,49.99%,89.25%,0.0272,"[0.024380888789892197, 0.9756190776824951]"
9870,0,49.98%,89.25%,0.0000,"[0.9999719858169556, 2.798808600346092e-05]"
9871,1,49.99%,89.25%,0.0156,"[0.00911739282310009, 0.9908825755119324]"
9872,0,49.98%,89.25%,0.0000,"[0.9999583959579468, 4.1543538827681914e-05]"
9873,1,49.99%,89.25%,0.0155,"[0.01806246116757393, 0.9819375276565552]"
9874,1,49.99%,89.26%,0.0264,"[0.012627718970179558, 0.9873722791671753]"
9875,0,49.99%,89.26%,1.6263,"[0.9994914531707764, 0.0005085855955258012]"
9876,1,49.99%,89.26%,0.0199,"[0.03173808008432388, 0.9682619571685791]"
9877,1,50.00%,89.26%,0.0201,"[0.013515526428818703, 0.9864844679832458]"
9878,1,50.01%,89.26%,0.0143,"[0.007122120354324579, 0.9928779006004333]"
9879,1,50.01%,89.26%,0.0135,"[0.011706341058015823, 0.9882936477661133]"
9880,0,50.01%,89.26%,0.0000,"[0.9999572038650513, 4.2813440813915804e-05]"
9881,0,50.00%,89.26%,0.0000,"[0.9999750852584839, 2.487860001565423e-05]"
9882,0,49.99%,89.26%,0.0184,"[0.8583583235740662, 0.14164164662361145]"
9883,1,50.00%,89.27%,0.0180,"[0.012020787224173546, 0.9879791736602783]"
9884,1,50.01%,89.27%,0.0150,"[0.01069446001201868, 0.9893056154251099]"
9885,1,50.01%,89.27%,0.0352,"[0.06267503648996353, 0.9373248815536499]"
9886,0,50.01%,89.27%,0.0000,"[0.9999682903289795, 3.172663855366409e-05]"
9887,1,50.01%,89.27%,0.0114,"[0.010352942161262035, 0.9896470904350281]"
9888,1,50.02%,89.27%,0.0091,"[0.008701326325535774, 0.9912986159324646]"
9889,0,50.01%,89.27%,0.0000,"[0.9999779462814331, 2.2086414901423268e-05]"
9890,0,50.01%,89.27%,0.0000,"[0.9999693632125854, 3.065474083996378e-05]"
9891,0,50.00%,89.27%,0.0000,"[0.9999775886535645, 2.246273470518645e-05]"
9892,1,50.01%,89.28%,0.0112,"[0.016635114327073097, 0.9833648800849915]"
9893,0,50.00%,89.28%,0.0000,"[0.9999767541885376, 2.326566755073145e-05]"
9894,1,50.01%,89.28%,0.0137,"[0.012937743216753006, 0.9870622754096985]"
9895,0,50.00%,89.28%,0.0000,"[0.9999772310256958, 2.2817072022007778e-05]"
9896,0,49.99%,89.28%,0.0000,"[0.9999786615371704, 2.1296295017236844e-05]"
9897,1,50.00%,89.28%,0.0089,"[0.008705728687345982, 0.9912943243980408]"
9898,1,50.01%,89.28%,0.0322,"[0.023690011352300644, 0.9763100147247314]"
9899,1,50.01%,89.28%,0.0390,"[0.01668241247534752, 0.9833176136016846]"
9900,0,50.01%,89.28%,0.0000,"[0.9999715089797974, 2.8508804462035187e-05]"
9901,1,50.01%,89.28%,0.0084,"[0.01275989692658186, 0.9872401356697083]"
9902,1,50.02%,89.29%,0.0104,"[0.009614908136427402, 0.9903850555419922]"
9903,0,50.01%,89.29%,0.0000,"[0.9999762773513794, 2.3748118110233918e-05]"
9904,1,50.02%,89.29%,0.0119,"[0.01991286501288414, 0.980087161064148]"
9905,0,50.01%,89.29%,0.0007,"[0.9997797608375549, 0.0002202211326221004]"
9906,1,50.02%,89.29%,0.0084,"[0.005618290975689888, 0.9943817257881165]"
9907,1,50.02%,89.29%,0.0098,"[0.00912224967032671, 0.9908778071403503]"
9908,0,50.02%,89.29%,0.0000,"[0.9999701976776123, 2.9828703191014938e-05]"
9909,0,50.01%,89.29%,0.0000,"[0.9999804496765137, 1.9501021597534418e-05]"
9910,0,50.01%,89.29%,0.0000,"[0.99997878074646, 2.126690924342256e-05]"
9911,0,50.00%,89.30%,0.0792,"[0.9444757699966431, 0.055524226278066635]"
9912,1,50.01%,89.30%,0.0098,"[0.007515448611229658, 0.9924845099449158]"
9913,0,50.00%,89.30%,0.0018,"[0.9983900785446167, 0.0016099773347377777]"
9914,0,49.99%,89.30%,0.0000,"[0.9999803304672241, 1.9702913050423376e-05]"
9915,1,50.00%,89.30%,0.0303,"[0.023486312478780746, 0.976513683795929]"
9916,0,49.99%,89.30%,0.0002,"[0.9996354579925537, 0.0003645532124210149]"
9917,0,49.99%,89.30%,0.0000,"[0.9999799728393555, 2.0044964912813157e-05]"
9918,0,49.98%,89.30%,0.0000,"[0.9999799728393555, 2.0022460375912488e-05]"
9919,1,49.99%,89.30%,0.0074,"[0.011852712370455265, 0.9881473183631897]"
9920,0,49.98%,89.31%,0.0000,"[0.9999810457229614, 1.897578658827115e-05]"
9921,0,49.98%,89.31%,0.0000,"[0.9999799728393555, 2.006577415158972e-05]"
9922,0,49.97%,89.31%,0.0000,"[0.9999816417694092, 1.8386010196991265e-05]"
9923,1,49.98%,89.31%,0.0069,"[0.007497093640267849, 0.9925029277801514]"
9924,1,49.98%,89.31%,0.0199,"[0.013404409401118755, 0.9865955710411072]"
9925,0,49.98%,89.31%,0.0000,"[0.9999805688858032, 1.941044320119545e-05]"
9926,1,49.98%,89.31%,0.0077,"[0.007293909788131714, 0.9927061200141907]"
9927,0,49.98%,89.31%,0.0000,"[0.9999808073043823, 1.9231201804359443e-05]"
9928,0,49.97%,89.30%,4.1582,"[0.016640139743685722, 0.9833598136901855]"
9929,0,49.97%,89.30%,4.0832,"[0.00986578781157732, 0.9901341795921326]"
9930,1,49.97%,89.30%,0.0979,"[0.08858694136142731, 0.9114131331443787]"
9931,0,49.97%,89.30%,0.0010,"[0.9993550181388855, 0.0006449238280765712]"
9932,1,49.97%,89.30%,0.0188,"[0.03578929975628853, 0.9642106890678406]"
9933,0,49.97%,89.30%,0.0000,"[0.9999839067459106, 1.6064122974057682e-05]"
9934,0,49.96%,89.30%,0.0000,"[0.9999803304672241, 1.9716597307706252e-05]"
9935,0,49.96%,89.30%,0.0023,"[0.9988970756530762, 0.0011028795270249248]"
9936,1,49.96%,89.30%,0.0463,"[0.06938609480857849, 0.9306139349937439]"
9937,1,49.97%,89.30%,0.0164,"[0.012464771047234535, 0.9875352382659912]"
9938,0,49.96%,89.29%,2.9235,"[0.02212962694466114, 0.9778703451156616]"
9939,0,49.96%,89.30%,0.0000,"[0.9999831914901733, 1.685409552010242e-05]"
9940,1,49.96%,89.30%,0.0093,"[0.01770293526351452, 0.9822971224784851]"
9941,0,49.96%,89.29%,3.6740,"[0.02098730206489563, 0.9790127277374268]"
9942,1,49.96%,89.29%,0.0212,"[0.012363966554403305, 0.9876360297203064]"
9943,1,49.97%,89.29%,0.4274,"[0.07497793436050415, 0.9250220656394958]"
9944,1,49.97%,89.29%,0.0616,"[0.03463850915431976, 0.965361475944519]"
9945,1,49.98%,89.29%,0.0269,"[0.04265511408448219, 0.9573448896408081]"
9946,0,49.97%,89.29%,0.0000,"[0.9999828338623047, 1.7166457837447524e-05]"
9947,1,49.98%,89.28%,7.6590,"[0.9971887469291687, 0.002811259590089321]"
9948,1,49.98%,89.29%,0.0752,"[0.07998517900705338, 0.9200148582458496]"
9949,1,49.99%,89.29%,0.0435,"[0.07268864661455154, 0.927311360836029]"
9950,0,49.98%,89.29%,0.0000,"[0.9999781847000122, 2.1803745767101645e-05]"
9951,1,49.99%,89.29%,0.0196,"[0.024216683581471443, 0.9757832884788513]"
9952,0,49.98%,89.29%,0.0000,"[0.9999525547027588, 4.7397621528944e-05]"
9953,1,49.99%,89.29%,0.0874,"[0.02253764308989048, 0.9774622917175293]"
9954,0,49.98%,89.29%,0.0000,"[0.9999544620513916, 4.5525153836933896e-05]"
9955,1,49.99%,89.29%,0.0166,"[0.02113479934632778, 0.9788652658462524]"
9956,0,49.98%,89.29%,0.0000,"[0.9999648332595825, 3.516267315717414e-05]"
9957,1,49.99%,89.30%,0.0308,"[0.01861892081797123, 0.9813810586929321]"
9958,0,49.98%,89.30%,0.0000,"[0.999956488609314, 4.348148650024086e-05]"
9959,1,49.99%,89.30%,0.0350,"[0.027766162529587746, 0.9722338914871216]"
9960,1,49.99%,89.30%,0.0154,"[0.018554016947746277, 0.9814459681510925]"
9961,0,49.99%,89.30%,0.0025,"[0.8741440773010254, 0.1258559674024582]"
9962,0,49.98%,89.29%,3.7894,"[0.022697528824210167, 0.9773024320602417]"
9963,0,49.98%,89.29%,0.0001,"[0.9998672008514404, 0.00013280617713462561]"
9964,0,49.97%,89.29%,0.0011,"[0.9929572343826294, 0.007042719051241875]"
9965,1,49.98%,89.29%,0.0180,"[0.018631599843502045, 0.9813684821128845]"
9966,1,49.98%,89.29%,0.0372,"[0.02593132108449936, 0.9740686416625977]"
9967,1,49.99%,89.30%,0.0211,"[0.018373016268014908, 0.9816269278526306]"
9968,1,49.99%,89.30%,0.0420,"[0.024110006168484688, 0.9758899807929993]"
9969,1,50.00%,89.30%,0.0229,"[0.02622848190367222, 0.9737715125083923]"
9970,0,49.99%,89.30%,0.0001,"[0.9999194145202637, 8.052388875512406e-05]"
9971,1,50.00%,89.30%,0.0090,"[0.009357556700706482, 0.9906424880027771]"
9972,0,49.99%,89.30%,0.0002,"[0.9998118281364441, 0.0001882535289041698]"
9973,1,50.00%,89.30%,0.0192,"[0.020056329667568207, 0.9799436926841736]"
9974,1,50.01%,89.30%,0.0166,"[0.0198210459202528, 0.9801790118217468]"
9975,1,50.01%,89.30%,0.0279,"[0.031032145023345947, 0.9689679145812988]"
9976,0,50.01%,89.31%,0.0002,"[0.9998123049736023, 0.00018775678472593427]"
9977,0,50.00%,89.31%,0.0001,"[0.9999135732650757, 8.638531289761886e-05]"
9978,0,49.99%,89.30%,2.2558,"[0.10151226818561554, 0.8984877467155457]"
9979,1,50.00%,89.30%,0.0210,"[0.02059786207973957, 0.9794021844863892]"
9980,1,50.01%,89.30%,0.0261,"[0.015863344073295593, 0.984136700630188]"
9981,1,50.01%,89.30%,0.0187,"[0.017193129286170006, 0.9828068017959595]"
9982,0,50.01%,89.29%,0.8327,"[0.25734883546829224, 0.7426511645317078]"
9983,1,50.01%,89.29%,0.0197,"[0.014775117859244347, 0.9852249026298523]"
9984,1,50.02%,89.29%,0.0295,"[0.03133276849985123, 0.9686672687530518]"
9985,0,50.01%,89.30%,0.1596,"[0.5516082048416138, 0.448391854763031]"
9986,0,50.01%,89.30%,0.0000,"[0.9999600648880005, 3.9925511373439804e-05]"
9987,0,50.00%,89.30%,0.0000,"[0.9999512434005737, 4.869767144555226e-05]"
9988,1,50.01%,89.30%,0.0421,"[0.03830688074231148, 0.9616931676864624]"
9989,0,50.00%,89.30%,0.5666,"[0.9489187598228455, 0.051081184297800064]"
9990,0,49.99%,89.30%,0.0001,"[0.9999469518661499, 5.307994069880806e-05]"
9991,0,49.99%,89.30%,0.0000,"[0.9999709129333496, 2.908998794737272e-05]"
9992,1,49.99%,89.30%,0.0150,"[0.014961562119424343, 0.9850384593009949]"
9993,1,50.00%,89.30%,0.0299,"[0.08256606012582779, 0.9174339771270752]"
9994,1,50.01%,89.30%,0.0639,"[0.0551934652030468, 0.9448065161705017]"
9995,0,50.00%,89.31%,0.0000,"[0.9999749660491943, 2.4989860321511514e-05]"
9996,1,50.01%,89.31%,0.0273,"[0.013642429374158382, 0.986357569694519]"
9997,1,50.01%,89.31%,0.1333,"[0.12970992922782898, 0.8702901005744934]"
9998,0,50.01%,89.31%,0.0000,"[0.9999613761901855, 3.858088530250825e-05]"
9999,0,50.00%,89.31%,0.0004,"[0.9993488192558289, 0.0006511897081509233]"
