round,ground_truth,emergency_percentage,correct_percentage,loss,softmax_output
0,1,100.00%,100.00%,0.1637,"[0.1483522355556488, 0.8516477942466736]"
1,0,50.00%,50.00%,2.3163,"[0.10004369169473648, 0.8999562859535217]"
2,1,66.67%,66.67%,0.1342,"[0.11922308057546616, 0.8807770013809204]"
3,0,50.00%,50.00%,1.6240,"[0.2005070000886917, 0.7994929552078247]"
4,1,60.00%,60.00%,0.2032,"[0.1874171495437622, 0.8125828504562378]"
5,1,66.67%,66.67%,0.2499,"[0.21094003319740295, 0.7890599966049194]"
6,0,57.14%,57.14%,1.2387,"[0.29589369893074036, 0.704106330871582]"
7,0,50.00%,50.00%,1.3958,"[0.23935726284980774, 0.7606427669525146]"
8,0,44.44%,44.44%,1.5059,"[0.21421301364898682, 0.785787045955658]"
9,1,50.00%,50.00%,0.2891,"[0.2934859097003937, 0.7065140604972839]"
10,1,54.55%,54.55%,0.2804,"[0.26199930906295776, 0.738000750541687]"
11,1,58.33%,58.33%,0.3328,"[0.26894161105155945, 0.7310583591461182]"
12,1,61.54%,61.54%,0.4925,"[0.3802431523799896, 0.619756817817688]"
13,1,64.29%,64.29%,0.3379,"[0.2905789315700531, 0.7094210386276245]"
14,1,66.67%,66.67%,0.4031,"[0.32844871282577515, 0.6715512871742249]"
15,0,62.50%,62.50%,1.0982,"[0.33961817622184753, 0.6603818535804749]"
16,0,58.82%,58.82%,1.3322,"[0.26207199692726135, 0.737928032875061]"
17,0,55.56%,55.56%,1.5440,"[0.2154620736837387, 0.7845379114151001]"
18,0,52.63%,52.63%,1.7236,"[0.1736648976802826, 0.8263351321220398]"
19,1,55.00%,55.00%,0.2164,"[0.20369859039783478, 0.7963013648986816]"
20,1,57.14%,57.14%,0.2483,"[0.23502033948898315, 0.7649796605110168]"
21,1,59.09%,59.09%,0.3099,"[0.2666478455066681, 0.7333521842956543]"
22,1,60.87%,60.87%,0.4298,"[0.34805724024772644, 0.6519426703453064]"
23,0,58.33%,58.33%,1.0596,"[0.3381602168083191, 0.6618398427963257]"
24,0,56.00%,56.00%,1.3428,"[0.2631272077560425, 0.7368727326393127]"
25,1,57.69%,57.69%,0.3176,"[0.2747122645378113, 0.7252877354621887]"
26,1,59.26%,59.26%,0.3284,"[0.2758495509624481, 0.7241504192352295]"
27,0,57.14%,57.14%,1.1444,"[0.32008934020996094, 0.6799106597900391]"
28,0,55.17%,55.17%,1.3143,"[0.2679423391819, 0.7320576906204224]"
29,1,56.67%,56.67%,0.2714,"[0.22538229823112488, 0.7746177315711975]"
30,1,58.06%,58.06%,0.3796,"[0.321161150932312, 0.6788387894630432]"
31,0,56.25%,56.25%,1.0490,"[0.3479040861129761, 0.6520959734916687]"
32,0,54.55%,54.55%,1.2674,"[0.27919304370880127, 0.7208069562911987]"
33,0,52.94%,52.94%,1.3843,"[0.2502468228340149, 0.7497531771659851]"
34,1,54.29%,54.29%,0.3106,"[0.2732897996902466, 0.7267102003097534]"
35,1,55.56%,55.56%,0.2602,"[0.2939208745956421, 0.7060791254043579]"
36,0,54.05%,54.05%,1.1684,"[0.3123799264431, 0.6876200437545776]"
37,0,52.63%,52.63%,1.2591,"[0.28297802805900574, 0.7170220017433167]"
38,1,53.85%,53.85%,0.3777,"[0.2787773609161377, 0.7212226390838623]"
39,1,55.00%,55.00%,0.3715,"[0.3340778946876526, 0.6659221053123474]"
40,1,56.10%,56.10%,0.4609,"[0.3696011006832123, 0.6303989291191101]"
41,1,57.14%,57.14%,0.4584,"[0.3716025948524475, 0.6283974051475525]"
42,1,58.14%,58.14%,0.4238,"[0.357253760099411, 0.6427462100982666]"
43,0,56.82%,56.82%,1.0168,"[0.35327500104904175, 0.6467249989509583]"
44,0,55.56%,55.56%,1.0565,"[0.3185552954673767, 0.6814447641372681]"
45,1,56.52%,56.52%,0.3589,"[0.2756759524345398, 0.7243240475654602]"
46,0,55.32%,55.32%,1.0805,"[0.34026703238487244, 0.65973299741745]"
47,1,56.25%,56.25%,0.3440,"[0.2999343276023865, 0.7000657320022583]"
48,0,55.10%,55.10%,1.0860,"[0.34015926718711853, 0.6598407030105591]"
49,0,54.00%,54.00%,0.9995,"[0.37069523334503174, 0.6293047070503235]"
50,1,54.90%,54.90%,0.3573,"[0.2710336446762085, 0.7289663553237915]"
51,0,53.85%,53.85%,1.0407,"[0.3590465784072876, 0.6409534811973572]"
52,1,54.72%,54.72%,0.3861,"[0.3255949914455414, 0.674405038356781]"
53,0,53.70%,53.70%,0.9722,"[0.3693244755268097, 0.6306754350662231]"
54,1,54.55%,54.55%,0.4281,"[0.34678107500076294, 0.6532189846038818]"
55,1,55.36%,55.36%,0.3893,"[0.34707608819007874, 0.6529239416122437]"
56,1,56.14%,56.14%,0.4986,"[0.3981477916240692, 0.6018521785736084]"
57,1,56.90%,56.90%,0.4923,"[0.3956216871738434, 0.604378342628479]"
58,1,57.63%,57.63%,0.5414,"[0.41307854652404785, 0.5869214534759521]"
59,0,56.67%,56.67%,0.8239,"[0.4437931478023529, 0.5562068223953247]"
60,0,55.74%,55.74%,0.9209,"[0.4047032296657562, 0.5952968001365662]"
61,0,54.84%,54.84%,0.9504,"[0.383899986743927, 0.616100013256073]"
62,0,53.97%,53.97%,1.1644,"[0.31348955631256104, 0.686510443687439]"
63,0,53.12%,53.12%,1.2262,"[0.337519109249115, 0.662480890750885]"
64,1,53.85%,53.85%,0.3905,"[0.318939208984375, 0.681060791015625]"
65,1,54.55%,54.55%,0.5073,"[0.4014703929424286, 0.5985296368598938]"
66,1,55.22%,55.22%,0.5296,"[0.40927761793136597, 0.590722382068634]"
67,0,54.41%,54.41%,0.7398,"[0.4819833040237427, 0.5180166363716125]"
68,0,53.62%,53.62%,0.8980,"[0.4032246172428131, 0.5967754125595093]"
69,0,52.86%,52.86%,0.9101,"[0.40335363149642944, 0.5966463685035706]"
70,0,52.11%,52.11%,0.9893,"[0.3683992624282837, 0.6316007375717163]"
71,0,51.39%,51.39%,0.8263,"[0.3673837184906006, 0.6326162815093994]"
72,0,50.68%,52.05%,0.5941,"[0.5039950609207153, 0.49600493907928467]"
73,1,51.35%,52.70%,0.7272,"[0.4906412661075592, 0.5093587040901184]"
74,0,50.67%,53.33%,0.6991,"[0.500269889831543, 0.49973005056381226]"
75,0,50.00%,53.95%,0.5875,"[0.5695094466209412, 0.43049049377441406]"
76,0,49.35%,54.55%,0.4694,"[0.6488631963729858, 0.3511367738246918]"
77,0,48.72%,55.13%,0.4435,"[0.6603958606719971, 0.33960410952568054]"
78,0,48.10%,55.70%,0.3126,"[0.739804744720459, 0.2601952850818634]"
79,1,48.75%,55.00%,1.1033,"[0.6639677286148071, 0.33603227138519287]"
80,1,49.38%,54.32%,1.0353,"[0.6453056335449219, 0.3546943664550781]"
81,0,48.78%,54.88%,0.3476,"[0.7094175219535828, 0.2905825078487396]"
82,1,49.40%,54.22%,0.9793,"[0.6669358015060425, 0.33306413888931274]"
83,0,48.81%,54.76%,0.2956,"[0.7379319667816162, 0.2620680034160614]"
84,1,49.41%,54.12%,1.2781,"[0.7103297114372253, 0.28967031836509705]"
85,0,48.84%,54.65%,0.3143,"[0.7284066677093506, 0.27159327268600464]"
86,0,48.28%,55.17%,0.2407,"[0.7770382165908813, 0.22296173870563507]"
87,1,48.86%,54.55%,1.0252,"[0.6287840604782104, 0.37121590971946716]"
88,1,49.44%,53.93%,1.1638,"[0.7029911875724792, 0.29700881242752075]"
89,0,48.89%,54.44%,0.2707,"[0.7027454972267151, 0.2972544729709625]"
90,0,48.35%,54.95%,0.2528,"[0.7762190103530884, 0.2237810492515564]"
91,1,48.91%,54.35%,1.3306,"[0.7356578707695007, 0.26434212923049927]"
92,1,49.46%,53.76%,0.8646,"[0.5690624117851257, 0.43093758821487427]"
93,0,48.94%,54.26%,0.3094,"[0.7359058260917664, 0.26409420371055603]"
94,0,48.42%,54.74%,0.2243,"[0.7866557836532593, 0.21334417164325714]"
95,0,47.92%,55.21%,0.2378,"[0.776709794998169, 0.22329021990299225]"
96,0,47.42%,55.67%,0.2050,"[0.8361855745315552, 0.16381444036960602]"
97,1,47.96%,55.10%,0.9106,"[0.5615651607513428, 0.43843480944633484]"
98,1,48.48%,54.55%,1.2361,"[0.7144663333892822, 0.2855336368083954]"
99,0,48.00%,55.00%,0.3000,"[0.6919893622398376, 0.30801066756248474]"
100,0,47.52%,55.45%,0.2740,"[0.7683145999908447, 0.23168538510799408]"
101,1,48.04%,54.90%,1.3911,"[0.7624725103378296, 0.237527534365654]"
102,0,47.57%,55.34%,0.3464,"[0.6415051817893982, 0.35849475860595703]"
103,0,47.12%,55.77%,0.2755,"[0.7588646411895752, 0.24113541841506958]"
104,0,46.67%,56.19%,0.3539,"[0.7287722229957581, 0.27122771739959717]"
105,1,47.17%,55.66%,1.2839,"[0.7195956707000732, 0.28040432929992676]"
106,0,46.73%,56.07%,0.3709,"[0.6883625984191895, 0.31163740158081055]"
107,1,47.22%,55.56%,1.1546,"[0.7563893795013428, 0.24361062049865723]"
108,0,46.79%,55.96%,0.8270,"[0.7180804014205933, 0.28191956877708435]"
109,1,47.27%,55.45%,1.0529,"[0.6517457962036133, 0.34825417399406433]"
110,0,46.85%,55.86%,0.2594,"[0.7404133677482605, 0.2595866918563843]"
111,1,47.32%,55.36%,0.9801,"[0.6499423980712891, 0.35005757212638855]"
112,0,46.90%,55.75%,0.2823,"[0.7527108192443848, 0.24728916585445404]"
113,0,46.49%,56.14%,0.2613,"[0.7684434056282043, 0.23155660927295685]"
114,1,46.96%,56.52%,0.3165,"[0.2631649971008301, 0.7368350028991699]"
115,1,47.41%,56.03%,1.3636,"[0.7671133279800415, 0.2328866720199585]"
116,0,47.01%,56.41%,0.2308,"[0.803406298160553, 0.19659367203712463]"
117,1,47.46%,56.78%,0.6834,"[0.4583582282066345, 0.5416417717933655]"
118,1,47.90%,56.30%,0.6689,"[0.5027773976325989, 0.49722251296043396]"
119,0,47.50%,56.67%,0.4787,"[0.6196808815002441, 0.38031914830207825]"
120,1,47.93%,57.02%,0.3415,"[0.27748903632164, 0.7225109338760376]"
121,0,47.54%,57.38%,0.2345,"[0.7532391548156738, 0.24676087498664856]"
122,1,47.97%,56.91%,0.6980,"[0.5313403010368347, 0.46865972876548767]"
123,1,48.39%,57.26%,0.3743,"[0.35246193408966064, 0.6475380659103394]"
124,1,48.80%,57.60%,0.6386,"[0.48756739497184753, 0.5124325752258301]"
125,1,49.21%,57.94%,0.4463,"[0.38049566745758057, 0.6195042729377747]"
126,1,49.61%,58.27%,0.5478,"[0.37198400497436523, 0.6280159950256348]"
127,0,49.22%,58.59%,0.5972,"[0.6078565716743469, 0.39214345812797546]"
128,1,49.61%,58.91%,0.1732,"[0.18277788162231445, 0.8172220587730408]"
129,1,50.00%,59.23%,0.5161,"[0.44651928544044495, 0.5534807443618774]"
130,1,50.38%,59.54%,0.5515,"[0.40817776322364807, 0.5918222665786743]"
131,0,50.00%,59.85%,0.8362,"[0.533752977848053, 0.466247022151947]"
132,1,50.38%,60.15%,0.2401,"[0.4305925965309143, 0.5694074034690857]"
133,1,50.75%,60.45%,0.3083,"[0.28829076886177063, 0.7117092609405518]"
134,0,50.37%,60.00%,0.6824,"[0.4851207733154297, 0.5148792266845703]"
135,1,50.74%,60.29%,0.3542,"[0.3824445307254791, 0.6175554990768433]"
136,1,51.09%,60.58%,0.2851,"[0.2103445827960968, 0.7896553874015808]"
137,0,50.72%,60.14%,1.5868,"[0.19906073808670044, 0.8009392619132996]"
138,1,51.08%,60.43%,0.1015,"[0.10493180900812149, 0.8950682282447815]"
139,1,51.43%,60.71%,0.2120,"[0.1490880250930786, 0.8509120345115662]"
140,0,51.06%,60.28%,1.1598,"[0.3641788363456726, 0.6358211636543274]"
141,0,50.70%,59.86%,1.9148,"[0.11225977540016174, 0.8877401947975159]"
142,1,51.05%,60.14%,0.1465,"[0.14337283372879028, 0.8566271662712097]"
143,0,50.69%,59.72%,0.8691,"[0.3601157069206238, 0.6398842930793762]"
144,0,50.34%,59.31%,1.0654,"[0.31217440962791443, 0.6878255605697632]"
145,0,50.00%,58.90%,0.9302,"[0.2989161014556885, 0.7010838389396667]"
146,1,50.34%,59.18%,0.0387,"[0.03516266867518425, 0.9648373126983643]"
147,0,50.00%,58.78%,1.3947,"[0.399558424949646, 0.600441575050354]"
148,0,49.66%,59.06%,0.3271,"[0.60653156042099, 0.3934684097766876]"
149,0,49.33%,58.67%,0.6564,"[0.30981189012527466, 0.6901881098747253]"
150,0,49.01%,58.28%,1.1908,"[0.436101496219635, 0.563898503780365]"
151,1,49.34%,58.55%,0.1119,"[0.14206068217754364, 0.8579393029212952]"
152,1,49.67%,58.82%,0.0758,"[0.12161445617675781, 0.8783854842185974]"
153,1,50.00%,59.09%,0.2876,"[0.30462950468063354, 0.6953704953193665]"
154,1,50.32%,59.35%,0.2966,"[0.2590707838535309, 0.7409292459487915]"
155,0,50.00%,59.62%,0.4740,"[0.7362989187240601, 0.26370105147361755]"
156,1,50.32%,59.87%,0.5542,"[0.43005162477493286, 0.5699483156204224]"
157,0,50.00%,60.13%,0.3775,"[0.6952292323112488, 0.30477073788642883]"
158,0,49.69%,60.38%,0.4393,"[0.6140758991241455, 0.3859240710735321]"
159,0,49.38%,60.00%,0.7815,"[0.4749114215373993, 0.5250885486602783]"
160,1,49.69%,60.25%,0.1050,"[0.15573959052562714, 0.8442603349685669]"
161,0,49.38%,60.49%,0.2661,"[0.7615912556648254, 0.23840872943401337]"
162,0,49.08%,60.74%,0.2055,"[0.9008214473724365, 0.09917856752872467]"
163,0,48.78%,60.37%,0.4085,"[0.45789119601249695, 0.5421087145805359]"
164,0,48.48%,60.61%,0.0992,"[0.848717212677002, 0.15128283202648163]"
165,0,48.19%,60.84%,0.1131,"[0.8804444670677185, 0.11955557018518448]"
166,1,48.50%,60.48%,0.9079,"[0.5814722180366516, 0.4185277819633484]"
167,1,48.81%,60.71%,0.7322,"[0.4852128028869629, 0.5147871375083923]"
168,1,49.11%,60.95%,0.5811,"[0.3659766614437103, 0.6340233087539673]"
169,1,49.41%,60.59%,0.9911,"[0.7050520777702332, 0.29494789242744446]"
170,0,49.12%,60.82%,0.2927,"[0.7914195656776428, 0.20858044922351837]"
171,0,48.84%,61.05%,0.1136,"[0.8516315221786499, 0.1483684927225113]"
172,0,48.55%,61.27%,0.0578,"[0.9429075121879578, 0.05709245428442955]"
173,1,48.85%,61.49%,0.2883,"[0.25098180770874023, 0.7490182518959045]"
174,0,48.57%,61.71%,0.1199,"[0.9384875297546387, 0.06151243671774864]"
175,0,48.30%,61.93%,0.1134,"[0.9522597789764404, 0.04774017259478569]"
176,1,48.59%,61.58%,0.5080,"[0.7126269340515137, 0.2873730957508087]"
177,1,48.88%,61.80%,0.2073,"[0.4021770656108856, 0.597822904586792]"
178,1,49.16%,62.01%,0.1242,"[0.41531258821487427, 0.5846874713897705]"
179,0,48.89%,62.22%,0.2929,"[0.7759540677070618, 0.2240460067987442]"
180,1,49.17%,61.88%,0.7692,"[0.7151720523834229, 0.28482785820961]"
181,1,49.45%,61.54%,0.9330,"[0.6678431630134583, 0.332156777381897]"
182,1,49.73%,61.75%,0.2141,"[0.2351231724023819, 0.7648768424987793]"
183,1,50.00%,61.96%,0.5994,"[0.4498090147972107, 0.5501909852027893]"
184,0,49.73%,62.16%,0.4764,"[0.7366127371788025, 0.2633872330188751]"
185,0,49.46%,62.37%,0.0966,"[0.6903545260429382, 0.30964547395706177]"
186,1,49.73%,62.57%,0.3857,"[0.33111169934272766, 0.6688883304595947]"
187,1,50.00%,62.77%,0.3598,"[0.25933077931404114, 0.7406692504882812]"
188,0,49.74%,62.96%,0.9265,"[0.7278284430503845, 0.2721715569496155]"
189,1,50.00%,63.16%,0.2864,"[0.07057623565196991, 0.9294237494468689]"
190,1,50.26%,63.35%,0.2095,"[0.1768115609884262, 0.8231884241104126]"
191,1,50.52%,63.54%,0.1567,"[0.29373642802238464, 0.706263542175293]"
192,1,50.78%,63.73%,0.3312,"[0.34084829688072205, 0.6591517329216003]"
193,0,50.52%,63.92%,0.2947,"[0.9427603483200073, 0.057239655405282974]"
194,0,50.26%,63.59%,2.5056,"[0.12077449262142181, 0.879225492477417]"
195,0,50.00%,63.27%,1.2321,"[0.45475655794143677, 0.5452433824539185]"
196,0,49.75%,63.45%,0.2087,"[0.9066933393478394, 0.09330669790506363]"
197,0,49.49%,63.64%,0.0693,"[0.6892891526222229, 0.3107108771800995]"
198,0,49.25%,63.32%,2.8646,"[0.05211625620722771, 0.9478837251663208]"
199,1,49.50%,63.00%,0.5326,"[0.7823667526245117, 0.21763330698013306]"
200,0,49.25%,63.18%,0.2539,"[0.8222863674163818, 0.17771360278129578]"
201,1,49.50%,63.37%,0.2779,"[0.43321335315704346, 0.5667865872383118]"
202,1,49.75%,63.55%,0.0816,"[0.031592972576618195, 0.9684070348739624]"
203,1,50.00%,63.73%,0.0848,"[0.10041674226522446, 0.8995832204818726]"
204,1,50.24%,63.90%,0.1708,"[0.1419636756181717, 0.8580363392829895]"
205,0,50.00%,63.59%,1.2007,"[0.35404258966445923, 0.6459574103355408]"
206,1,50.24%,63.77%,0.1828,"[0.1541922241449356, 0.8458077311515808]"
207,0,50.00%,63.94%,0.6283,"[0.6547587513923645, 0.3452412188053131]"
208,0,49.76%,64.11%,0.1427,"[0.8005952835083008, 0.19940468668937683]"
209,0,49.52%,64.29%,0.1727,"[0.6807453036308289, 0.31925472617149353]"
210,0,49.29%,63.98%,2.2789,"[0.19476427137851715, 0.805235743522644]"
211,0,49.06%,63.68%,1.8948,"[0.30965250730514526, 0.6903474926948547]"
212,1,49.30%,63.38%,0.3238,"[0.8139421939849854, 0.18605776131153107]"
213,0,49.07%,63.55%,0.0978,"[0.9069455862045288, 0.0930543839931488]"
214,0,48.84%,63.72%,0.5346,"[0.8835617899894714, 0.11643826961517334]"
215,0,48.61%,63.89%,0.0390,"[0.9764343500137329, 0.023565679788589478]"
216,1,48.85%,64.06%,0.5202,"[0.44130662083625793, 0.5586934089660645]"
217,0,48.62%,64.22%,0.1117,"[0.9549833536148071, 0.045016705989837646]"
218,0,48.40%,64.38%,0.0205,"[0.981033205986023, 0.018966833129525185]"
219,1,48.64%,64.09%,2.0426,"[0.8798813819885254, 0.12011857330799103]"
220,0,48.42%,64.25%,0.0489,"[0.9453990459442139, 0.05460100248456001]"
221,1,48.65%,64.41%,0.4474,"[0.22770264744758606, 0.7722974419593811]"
222,0,48.43%,64.57%,0.0707,"[0.9663978815078735, 0.033602092415094376]"
223,1,48.66%,64.73%,0.0844,"[0.07282222807407379, 0.9271778464317322]"
224,0,48.44%,64.89%,0.0326,"[0.9600077271461487, 0.039992254227399826]"
225,1,48.67%,65.04%,0.0270,"[0.032801054418087006, 0.96719890832901]"
226,0,48.46%,65.20%,0.2815,"[0.5804300308227539, 0.4195699393749237]"
227,1,48.68%,65.35%,0.0653,"[0.03667789697647095, 0.963322103023529]"
228,1,48.91%,65.50%,0.5872,"[0.24050213396549225, 0.7594978213310242]"
229,0,48.70%,65.22%,0.8479,"[0.4989582598209381, 0.5010417103767395]"
230,1,48.92%,65.37%,1.1598,"[0.4187610149383545, 0.5812390446662903]"
231,0,48.71%,65.52%,0.0597,"[0.9427772760391235, 0.05722272768616676]"
232,0,48.50%,65.67%,0.0421,"[0.948612630367279, 0.05138736590743065]"
233,1,48.72%,65.81%,0.1025,"[0.03429320454597473, 0.9657067656517029]"
234,0,48.51%,65.53%,0.5450,"[0.46090981364250183, 0.5390902161598206]"
235,0,48.31%,65.68%,0.0143,"[0.9310272932052612, 0.06897272914648056]"
236,1,48.52%,65.40%,0.8751,"[0.8674402832984924, 0.13255970180034637]"
237,1,48.74%,65.55%,0.3324,"[0.16372445225715637, 0.8362755179405212]"
238,0,48.54%,65.69%,0.0826,"[0.9142287373542786, 0.08577127009630203]"
239,0,48.33%,65.83%,0.0977,"[0.6219635009765625, 0.37803658843040466]"
240,0,48.13%,65.98%,0.0334,"[0.9676057696342468, 0.0323941595852375]"
241,1,48.35%,66.12%,0.0681,"[0.24402815103530884, 0.7559719085693359]"
242,1,48.56%,66.26%,0.5205,"[0.49871617555618286, 0.5012837648391724]"
243,0,48.36%,66.39%,0.0461,"[0.9872177243232727, 0.012782339937984943]"
244,1,48.57%,66.53%,0.0779,"[0.1041117012500763, 0.8958883285522461]"
245,0,48.37%,66.67%,0.0540,"[0.9901942610740662, 0.009805788286030293]"
246,0,48.18%,66.80%,0.0149,"[0.9056638479232788, 0.09433613717556]"
247,1,48.39%,66.94%,0.4749,"[0.054049476981163025, 0.9459505081176758]"
248,0,48.19%,67.07%,0.0714,"[0.8010187745094299, 0.19898122549057007]"
249,0,48.00%,67.20%,0.0365,"[0.9757550358772278, 0.02424497716128826]"
250,1,48.21%,67.33%,0.0329,"[0.03391258418560028, 0.9660874605178833]"
251,1,48.41%,67.46%,0.1420,"[0.09741638600826263, 0.9025835394859314]"
252,0,48.22%,67.59%,0.2266,"[0.8936642408370972, 0.10633579641580582]"
253,1,48.43%,67.72%,0.0416,"[0.04284011572599411, 0.9571599364280701]"
254,1,48.63%,67.84%,0.2369,"[0.09097351878881454, 0.9090264439582825]"
255,1,48.83%,67.97%,0.1447,"[0.1284690797328949, 0.8715309500694275]"
256,0,48.64%,68.09%,0.3822,"[0.7782995700836182, 0.22170037031173706]"
257,1,48.84%,68.22%,0.0690,"[0.09022712707519531, 0.9097728729248047]"
258,0,48.65%,68.34%,0.0667,"[0.9331846833229065, 0.06681526452302933]"
259,0,48.46%,68.46%,0.4549,"[0.8967169523239136, 0.10328299552202225]"
260,1,48.66%,68.58%,0.0625,"[0.024920431897044182, 0.9750795960426331]"
261,0,48.47%,68.70%,0.0210,"[0.9518671035766602, 0.048132915049791336]"
262,1,48.67%,68.82%,0.0152,"[0.012713517993688583, 0.9872865080833435]"
263,0,48.48%,68.94%,0.0153,"[0.7579158544540405, 0.24208411574363708]"
264,1,48.68%,69.06%,0.0615,"[0.06493143737316132, 0.9350686073303223]"
265,0,48.50%,68.80%,2.3125,"[0.09053879976272583, 0.9094612002372742]"
266,1,48.69%,68.91%,0.2986,"[0.24714168906211853, 0.7528583407402039]"
267,1,48.88%,69.03%,0.0719,"[0.12816953659057617, 0.8718304634094238]"
268,1,49.07%,69.14%,0.0681,"[0.08984329551458359, 0.9101567268371582]"
269,0,48.89%,69.26%,0.1049,"[0.935634195804596, 0.06436581164598465]"
270,0,48.71%,69.37%,0.1161,"[0.9585139155387878, 0.041486140340566635]"
271,1,48.90%,69.49%,0.0186,"[0.017875222489237785, 0.9821248054504395]"
272,1,49.08%,69.60%,0.0214,"[0.02080553025007248, 0.9791944622993469]"
273,1,49.27%,69.71%,0.0302,"[0.032327476888895035, 0.9676725268363953]"
274,1,49.45%,69.82%,0.1158,"[0.11326298117637634, 0.8867369890213013]"
275,1,49.64%,69.93%,0.4372,"[0.19854722917079926, 0.8014527559280396]"
276,1,49.82%,70.04%,0.1793,"[0.16653713583946228, 0.8334628939628601]"
277,0,49.64%,70.14%,0.4802,"[0.8044169545173645, 0.1955830603837967]"
278,0,49.46%,70.25%,0.3882,"[0.7936269044876099, 0.20637306571006775]"
279,1,49.64%,70.36%,0.0656,"[0.03872941806912422, 0.9612706303596497]"
280,1,49.82%,70.46%,0.4096,"[0.14452527463436127, 0.8554747104644775]"
281,1,50.00%,70.57%,0.0689,"[0.10992679744958878, 0.8900731801986694]"
282,1,50.18%,70.67%,0.0580,"[0.10524551570415497, 0.8947545289993286]"
283,1,50.35%,70.77%,0.1907,"[0.04870971292257309, 0.9512902498245239]"
284,1,50.53%,70.88%,0.1720,"[0.09786003828048706, 0.9021399617195129]"
285,1,50.70%,70.98%,0.2977,"[0.4009551703929901, 0.5990447998046875]"
286,0,50.52%,71.08%,0.5685,"[0.508212685585022, 0.4917873442173004]"
287,0,50.35%,71.18%,0.0537,"[0.8206803798675537, 0.17931964993476868]"
288,0,50.17%,70.93%,3.4783,"[0.02659224346280098, 0.9734077453613281]"
289,0,50.00%,70.69%,3.1112,"[0.0777447521686554, 0.922255277633667]"
290,0,49.83%,70.79%,0.0196,"[0.9719623923301697, 0.028037559241056442]"
291,1,50.00%,70.89%,0.0074,"[0.006527411285787821, 0.9934725761413574]"
292,0,49.83%,70.99%,0.1523,"[0.9505718350410461, 0.04942816123366356]"
293,1,50.00%,71.09%,0.0133,"[0.012499972246587276, 0.987500011920929]"
294,0,49.83%,71.19%,0.1689,"[0.9452627897262573, 0.05473720282316208]"
295,0,49.66%,71.28%,0.0240,"[0.9931540489196777, 0.006845913827419281]"
296,1,49.83%,71.38%,0.0061,"[0.00538546172901988, 0.9946145415306091]"
297,0,49.66%,71.48%,0.0456,"[0.9914587140083313, 0.00854132603853941]"
298,0,49.50%,71.57%,0.0603,"[0.9714748859405518, 0.028525056317448616]"
299,1,49.67%,71.67%,0.0056,"[0.004514414817094803, 0.9954856038093567]"
300,0,49.50%,71.76%,1.8959,"[0.8746852874755859, 0.12531477212905884]"
301,1,49.67%,71.85%,0.0611,"[0.08118155598640442, 0.9188184142112732]"
302,1,49.83%,71.95%,0.2591,"[0.06391941756010056, 0.9360806345939636]"
303,1,50.00%,72.04%,0.2182,"[0.161538228392601, 0.8384617567062378]"
304,0,49.84%,71.80%,1.6155,"[0.19614169001579285, 0.8038583397865295]"
305,0,49.67%,71.90%,0.0268,"[0.9589194059371948, 0.04108058661222458]"
306,1,49.84%,71.99%,0.0323,"[0.031083296984434128, 0.9689167737960815]"
307,1,50.00%,72.08%,0.0313,"[0.03728243336081505, 0.962717592716217]"
308,0,49.84%,72.17%,0.1315,"[0.9574856162071228, 0.04251441732048988]"
309,1,50.00%,72.26%,0.0676,"[0.35776275396347046, 0.6422373056411743]"
310,0,49.84%,72.35%,0.0442,"[0.9894075989723206, 0.01059244479984045]"
311,1,50.00%,72.44%,0.0574,"[0.051204707473516464, 0.9487952589988708]"
312,0,49.84%,72.52%,0.0460,"[0.9319173097610474, 0.06808265298604965]"
313,0,49.68%,72.61%,0.0125,"[0.9807610511779785, 0.019238954409956932]"
314,0,49.52%,72.70%,0.0484,"[0.9820564389228821, 0.017943551763892174]"
315,0,49.37%,72.78%,0.4502,"[0.672683835029602, 0.32731616497039795]"
316,1,49.53%,72.87%,0.0085,"[0.008826801553368568, 0.9911732077598572]"
317,0,49.37%,72.96%,0.0081,"[0.9689403772354126, 0.031059620901942253]"
318,0,49.22%,73.04%,0.0034,"[0.9949806332588196, 0.005019431002438068]"
319,0,49.06%,73.12%,0.0020,"[0.9961126446723938, 0.0038873336743563414]"
320,1,49.22%,72.90%,0.3656,"[0.8114046454429626, 0.18859533965587616]"
321,1,49.38%,72.98%,1.7532,"[0.24749641120433807, 0.7525036334991455]"
322,0,49.23%,73.07%,0.0239,"[0.9554861783981323, 0.0445137694478035]"
323,1,49.38%,72.84%,0.9982,"[0.8024711608886719, 0.1975288987159729]"
324,1,49.54%,72.62%,0.8995,"[0.7411800622940063, 0.25881990790367126]"
325,0,49.39%,72.70%,0.0371,"[0.92196124792099, 0.0780387744307518]"
326,1,49.54%,72.78%,0.1099,"[0.11630991846323013, 0.8836900591850281]"
327,0,49.39%,72.87%,0.0462,"[0.9334530234336853, 0.0665469840168953]"
328,0,49.24%,72.95%,0.0106,"[0.9854387044906616, 0.014561339281499386]"
329,1,49.39%,73.03%,0.4107,"[0.4038374722003937, 0.5961624979972839]"
330,1,49.55%,72.81%,2.2387,"[0.7991172671318054, 0.20088276267051697]"
331,0,49.40%,72.89%,0.0877,"[0.9409948587417603, 0.059005171060562134]"
332,1,49.55%,72.97%,0.3138,"[0.3442249894142151, 0.6557750105857849]"
333,0,49.40%,73.05%,0.0369,"[0.8512363433837891, 0.14876364171504974]"
334,1,49.55%,73.13%,0.0395,"[0.04822993278503418, 0.9517700672149658]"
335,0,49.40%,72.92%,0.8329,"[0.0668797492980957, 0.9331201910972595]"
336,1,49.55%,73.00%,0.1044,"[0.16566458344459534, 0.8343353867530823]"
337,1,49.70%,73.08%,0.1556,"[0.3359616994857788, 0.6640383005142212]"
338,1,49.85%,73.16%,0.0861,"[0.24473406374454498, 0.7552659511566162]"
339,1,50.00%,73.24%,0.1354,"[0.1812516450881958, 0.8187483549118042]"
340,0,49.85%,73.02%,1.6126,"[0.1758752465248108, 0.824124813079834]"
341,1,50.00%,73.10%,0.0379,"[0.045370422303676605, 0.9546296000480652]"
342,1,50.15%,73.18%,0.0512,"[0.0353962704539299, 0.9646037220954895]"
343,1,50.29%,73.26%,0.1277,"[0.04145023971796036, 0.9585497379302979]"
344,1,50.43%,73.33%,0.2514,"[0.028404708951711655, 0.971595287322998]"
345,1,50.58%,73.41%,0.0919,"[0.11025415360927582, 0.889745831489563]"
346,1,50.72%,73.49%,0.1068,"[0.17232893407344818, 0.8276711106300354]"
347,0,50.57%,73.56%,0.0447,"[0.6172699928283691, 0.3827299475669861]"
348,1,50.72%,73.64%,0.0433,"[0.02758854441344738, 0.9724115133285522]"
349,0,50.57%,73.71%,0.8230,"[0.8828492760658264, 0.1171506717801094]"
350,1,50.71%,73.79%,0.0299,"[0.027811603620648384, 0.9721883535385132]"
351,0,50.57%,73.86%,1.1294,"[0.7159193158149719, 0.2840806543827057]"
352,0,50.42%,73.65%,3.5551,"[0.042880408465862274, 0.9571196436882019]"
353,0,50.28%,73.45%,1.5950,"[0.2256200909614563, 0.7743799090385437]"
354,1,50.42%,73.52%,0.0071,"[0.007292373571544886, 0.9927076697349548]"
355,0,50.28%,73.60%,0.1422,"[0.5387128591537476, 0.46128711104393005]"
356,0,50.14%,73.67%,0.0186,"[0.9766311049461365, 0.023368870839476585]"
357,0,50.00%,73.74%,0.0111,"[0.9910611510276794, 0.008938811719417572]"
358,0,49.86%,73.82%,0.0470,"[0.9848604798316956, 0.01513956394046545]"
359,0,49.72%,73.89%,0.0137,"[0.9505957365036011, 0.04940430819988251]"
360,0,49.58%,73.96%,0.0049,"[0.9945507645606995, 0.0054492466151714325]"
361,1,49.72%,74.03%,0.0033,"[0.0036460701376199722, 0.9963539838790894]"
362,0,49.59%,73.83%,2.7834,"[0.14287184178829193, 0.8571281433105469]"
363,1,49.73%,73.90%,0.0075,"[0.006480939220637083, 0.9935190081596375]"
364,1,49.86%,73.97%,0.0545,"[0.039925467222929, 0.9600745439529419]"
365,1,50.00%,74.04%,0.0457,"[0.0465313196182251, 0.9534686803817749]"
366,0,49.86%,74.11%,0.0135,"[0.8766877055168152, 0.12331236153841019]"
367,0,49.73%,74.18%,0.0142,"[0.9946080446243286, 0.005391945131123066]"
368,0,49.59%,74.25%,0.0041,"[0.9877788424491882, 0.012221117503941059]"
369,0,49.46%,74.32%,0.5646,"[0.7072042226791382, 0.2927958071231842]"
370,0,49.33%,74.39%,0.0041,"[0.9937251210212708, 0.006274847779422998]"
371,0,49.19%,74.46%,0.0026,"[0.9955155253410339, 0.004484434146434069]"
372,1,49.33%,74.53%,0.0046,"[0.005274604540318251, 0.9947254061698914]"
373,0,49.20%,74.60%,0.1958,"[0.9510625004768372, 0.048937465995550156]"
374,0,49.07%,74.40%,1.0870,"[0.0969000905752182, 0.9030998945236206]"
375,1,49.20%,74.47%,0.0357,"[0.03221966698765755, 0.967780351638794]"
376,0,49.07%,74.54%,0.0110,"[0.9891539216041565, 0.010846080258488655]"
377,0,48.94%,74.60%,0.0074,"[0.9923720359802246, 0.007627946324646473]"
378,0,48.81%,74.67%,0.0581,"[0.9614656567573547, 0.03853432461619377]"
379,1,48.95%,74.74%,0.9889,"[0.4940982162952423, 0.5059017539024353]"
380,0,48.82%,74.80%,0.0117,"[0.9870166182518005, 0.012983339838683605]"
381,1,48.95%,74.87%,0.0260,"[0.017090972512960434, 0.982909083366394]"
382,1,49.09%,74.93%,0.0148,"[0.0325690321624279, 0.9674308896064758]"
383,1,49.22%,75.00%,0.0154,"[0.00900984276086092, 0.990990161895752]"
384,1,49.35%,74.81%,1.8178,"[0.6487317085266113, 0.35126829147338867]"
385,0,49.22%,74.87%,0.0266,"[0.8809958100318909, 0.11900421231985092]"
386,0,49.10%,74.68%,0.2081,"[0.426591694355011, 0.573408305644989]"
387,1,49.23%,74.48%,0.1924,"[0.5561532378196716, 0.443846732378006]"
388,1,49.36%,74.29%,2.7964,"[0.9276378750801086, 0.07236207276582718]"
389,0,49.23%,74.36%,0.0430,"[0.9610729217529297, 0.03892703354358673]"
390,0,49.10%,74.42%,0.2621,"[0.9522828459739685, 0.04771721735596657]"
391,0,48.98%,74.49%,0.0119,"[0.9841719269752502, 0.01582803763449192]"
392,1,49.11%,74.30%,1.4089,"[0.6981176137924194, 0.3018823266029358]"
393,1,49.24%,74.37%,0.0571,"[0.33137595653533936, 0.6686240434646606]"
394,0,49.11%,74.43%,0.0277,"[0.9713889360427856, 0.028611045330762863]"
395,0,48.99%,74.49%,0.0124,"[0.9917150139808655, 0.008284971117973328]"
396,0,48.87%,74.56%,0.0054,"[0.9939295053482056, 0.006070489529520273]"
397,0,48.74%,74.62%,0.0036,"[0.9972666501998901, 0.0027333979960530996]"
398,1,48.87%,74.69%,0.1925,"[0.13278239965438843, 0.8672176003456116]"
399,0,48.75%,74.75%,0.0096,"[0.9945327043533325, 0.0054672411642968655]"
400,1,48.88%,74.81%,0.1775,"[0.11786988377571106, 0.8821301460266113]"
401,0,48.76%,74.88%,0.0170,"[0.985585629940033, 0.01441433560103178]"
402,1,48.88%,74.94%,0.2365,"[0.24547243118286133, 0.7545275688171387]"
403,1,49.01%,74.75%,0.7452,"[0.5461034178733826, 0.45389655232429504]"
404,1,49.14%,74.81%,0.4105,"[0.35839760303497314, 0.6416023373603821]"
405,0,49.01%,74.88%,0.8740,"[0.5126979351043701, 0.48730209469795227]"
406,0,48.89%,74.94%,0.0236,"[0.9545695185661316, 0.04543045535683632]"
407,1,49.02%,75.00%,0.0385,"[0.12063563615083694, 0.8793643116950989]"
408,1,49.14%,75.06%,0.0352,"[0.03758053854107857, 0.9624195098876953]"
409,0,49.02%,74.88%,3.0456,"[0.02906361036002636, 0.9709364175796509]"
410,1,49.15%,74.94%,0.0159,"[0.015298868529498577, 0.9847011566162109]"
411,1,49.27%,75.00%,0.0187,"[0.04097647964954376, 0.9590235948562622]"
412,0,49.15%,74.82%,0.7263,"[0.08015438914299011, 0.9198455810546875]"
413,0,49.03%,74.88%,0.0164,"[0.9849458932876587, 0.015054121613502502]"
414,1,49.16%,74.94%,0.0355,"[0.023151330649852753, 0.9768486618995667]"
415,0,49.04%,75.00%,0.1361,"[0.914739727973938, 0.08526024967432022]"
416,1,49.16%,75.06%,0.0154,"[0.014210430905222893, 0.9857895970344543]"
417,1,49.28%,75.12%,0.0095,"[0.02776316925883293, 0.9722368121147156]"
418,1,49.40%,75.18%,0.0138,"[0.08654598146677017, 0.913453996181488]"
419,1,49.52%,75.24%,0.0157,"[0.27254995703697205, 0.7274500727653503]"
420,1,49.64%,75.30%,0.1334,"[0.05262598767876625, 0.9473739862442017]"
421,1,49.76%,75.36%,0.7078,"[0.24168317019939423, 0.7583168148994446]"
422,1,49.88%,75.41%,0.7872,"[0.45337918400764465, 0.5466209053993225]"
423,0,49.76%,75.47%,0.0634,"[0.9458063244819641, 0.05419369786977768]"
424,0,49.65%,75.53%,1.6859,"[0.5956603288650513, 0.4043397009372711]"
425,1,49.77%,75.59%,0.0495,"[0.06717853248119354, 0.93282151222229]"
426,0,49.65%,75.64%,0.0141,"[0.9268025755882263, 0.07319745421409607]"
427,0,49.53%,75.70%,0.0321,"[0.9710677862167358, 0.028932256624102592]"
428,1,49.65%,75.76%,0.2216,"[0.22597676515579224, 0.7740232944488525]"
429,1,49.77%,75.81%,0.0359,"[0.29077860713005066, 0.709221363067627]"
430,1,49.88%,75.87%,0.1476,"[0.23041465878486633, 0.769585371017456]"
431,1,50.00%,75.93%,0.1780,"[0.11586298793554306, 0.8841370344161987]"
432,1,50.12%,75.98%,0.2145,"[0.16537821292877197, 0.8346217274665833]"
433,0,50.00%,75.81%,1.7572,"[0.13038396835327148, 0.8696159720420837]"
434,1,50.11%,75.63%,0.2691,"[0.7808818221092224, 0.21911819279193878]"
435,1,50.23%,75.69%,0.1888,"[0.11030204594135284, 0.8896979689598083]"
436,0,50.11%,75.74%,0.1027,"[0.9483205080032349, 0.05167949199676514]"
437,0,50.00%,75.80%,0.0598,"[0.709927499294281, 0.2900724411010742]"
438,1,50.11%,75.85%,0.0097,"[0.009080440737307072, 0.9909195899963379]"
439,0,50.00%,75.91%,0.0041,"[0.9795326590538025, 0.02046729251742363]"
440,1,50.11%,75.96%,0.0167,"[0.0146543700248003, 0.9853456020355225]"
441,0,50.00%,76.02%,0.0186,"[0.9659274816513062, 0.034072477370500565]"
442,1,50.11%,76.07%,0.0096,"[0.015136285685002804, 0.9848636984825134]"
443,0,50.00%,75.90%,0.8435,"[0.15573008358478546, 0.844269871711731]"
444,0,49.89%,75.96%,0.0057,"[0.992474377155304, 0.007525570224970579]"
445,0,49.78%,76.01%,0.0100,"[0.9973405003547668, 0.0026594640221446753]"
446,1,49.89%,76.06%,0.0048,"[0.012499583885073662, 0.9875004291534424]"
447,1,50.00%,76.12%,0.0333,"[0.01786467805504799, 0.9821352958679199]"
448,0,49.89%,76.17%,1.1286,"[0.5003281235694885, 0.4996718764305115]"
449,1,50.00%,76.22%,0.0243,"[0.03498763218522072, 0.9650123119354248]"
450,0,49.89%,76.27%,0.4791,"[0.5781527757644653, 0.42184728384017944]"
451,0,49.78%,76.33%,0.0794,"[0.9464174509048462, 0.0535825677216053]"
452,0,49.67%,76.16%,1.0023,"[0.06383424252271652, 0.9361657500267029]"
453,1,49.78%,76.21%,0.0274,"[0.297894150018692, 0.7021058797836304]"
454,1,49.89%,76.26%,0.0164,"[0.09825199842453003, 0.90174800157547]"
455,0,49.78%,76.10%,0.6990,"[0.29809433221817017, 0.7019056677818298]"
456,0,49.67%,76.15%,0.0052,"[0.9911447167396545, 0.00885526929050684]"
457,0,49.56%,75.98%,2.6182,"[0.170353502035141, 0.8296464681625366]"
458,0,49.46%,76.03%,0.0078,"[0.9922240972518921, 0.007775914389640093]"
459,1,49.57%,76.09%,0.0060,"[0.005430815741419792, 0.9945691823959351]"
460,0,49.46%,76.14%,1.6227,"[0.982597291469574, 0.01740272343158722]"
461,0,49.35%,76.19%,0.0081,"[0.996834933757782, 0.003165112342685461]"
462,0,49.24%,76.24%,0.0024,"[0.9977879524230957, 0.0022119914647191763]"
463,0,49.14%,76.29%,0.0020,"[0.997867226600647, 0.0021327834110707045]"
464,0,49.03%,76.34%,0.0014,"[0.998786985874176, 0.0012129967799410224]"
465,0,48.93%,76.39%,0.0009,"[0.9992191791534424, 0.0007808112422935665]"
466,1,49.04%,76.45%,0.0353,"[0.029338644817471504, 0.9706614017486572]"
467,1,49.15%,76.50%,0.0082,"[0.010615242645144463, 0.9893848299980164]"
468,1,49.25%,76.55%,0.0170,"[0.037493396550416946, 0.9625065922737122]"
469,1,49.36%,76.38%,0.1896,"[0.7324618697166443, 0.2675381302833557]"
470,0,49.26%,76.43%,0.0432,"[0.842841386795044, 0.15715861320495605]"
471,0,49.15%,76.48%,0.1084,"[0.9984211921691895, 0.0015788633609190583]"
472,1,49.26%,76.53%,0.0495,"[0.045655008405447006, 0.9543450474739075]"
473,1,49.37%,76.58%,1.5130,"[0.09397418051958084, 0.9060258269309998]"
474,1,49.47%,76.63%,0.6737,"[0.3584443926811218, 0.6415556073188782]"
475,0,49.37%,76.68%,0.0224,"[0.9527860879898071, 0.04721390828490257]"
476,1,49.48%,76.73%,0.2481,"[0.35634273290634155, 0.6436573266983032]"
477,0,49.37%,76.78%,0.0706,"[0.9702799916267395, 0.029719999060034752]"
478,1,49.48%,76.62%,1.6344,"[0.7611505389213562, 0.2388494908809662]"
479,0,49.38%,76.67%,0.0175,"[0.9695245027542114, 0.030475527048110962]"
480,1,49.48%,76.72%,0.0294,"[0.021031690761446953, 0.9789683222770691]"
481,0,49.38%,76.56%,2.7595,"[0.08146979659795761, 0.918530285358429]"
482,1,49.48%,76.60%,0.0403,"[0.01928209885954857, 0.9807178974151611]"
483,0,49.38%,76.65%,0.0368,"[0.9386679530143738, 0.06133202463388443]"
484,0,49.28%,76.70%,0.0070,"[0.9957388639450073, 0.004261169582605362]"
485,0,49.18%,76.75%,0.0130,"[0.998172402381897, 0.0018276176415383816]"
486,1,49.28%,76.80%,0.4419,"[0.008053019642829895, 0.9919469952583313]"
487,0,49.18%,76.84%,0.0143,"[0.9933238625526428, 0.006676191464066505]"
488,0,49.08%,76.89%,0.5249,"[0.9392567276954651, 0.06074324622750282]"
489,1,49.18%,76.73%,0.6279,"[0.5624549388885498, 0.43754512071609497]"
490,1,49.29%,76.78%,0.0305,"[0.015785211697220802, 0.984214723110199]"
491,1,49.39%,76.83%,0.1443,"[0.12302947044372559, 0.8769705295562744]"
492,1,49.49%,76.88%,0.0782,"[0.17757292091846466, 0.8224270343780518]"
493,0,49.39%,76.92%,0.0407,"[0.9281105995178223, 0.07188940793275833]"
494,1,49.49%,76.97%,0.0300,"[0.03295101225376129, 0.9670489430427551]"
495,0,49.40%,77.02%,0.0195,"[0.9739181399345398, 0.02608192339539528]"
496,1,49.50%,77.06%,0.0314,"[0.015717431902885437, 0.9842825531959534]"
497,0,49.40%,77.11%,0.0110,"[0.9505857229232788, 0.04941432923078537]"
498,0,49.30%,77.15%,0.0096,"[0.9772005677223206, 0.022799406200647354]"
499,1,49.40%,77.20%,0.0085,"[0.009717135690152645, 0.9902828931808472]"
500,1,49.50%,77.25%,0.0216,"[0.020129622891545296, 0.9798704385757446]"
501,1,49.60%,77.29%,0.1175,"[0.06358128786087036, 0.9364186525344849]"
502,1,49.70%,77.34%,0.1021,"[0.12036556750535965, 0.8796343803405762]"
503,0,49.60%,77.18%,1.9607,"[0.13753527402877808, 0.8624647259712219]"
504,1,49.70%,77.23%,0.1022,"[0.09306114912033081, 0.906938910484314]"
505,0,49.60%,77.08%,1.4105,"[0.17114144563674927, 0.8288585543632507]"
506,0,49.51%,76.92%,0.4818,"[0.48689115047454834, 0.5131089091300964]"
507,0,49.41%,76.97%,0.0280,"[0.5005782842636108, 0.4994216561317444]"
508,1,49.51%,77.01%,0.0335,"[0.03921506553888321, 0.9607848525047302]"
509,0,49.41%,76.86%,2.6751,"[0.15383170545101166, 0.8461683392524719]"
510,1,49.51%,76.91%,0.0267,"[0.02706613950431347, 0.9729338884353638]"
511,0,49.41%,76.76%,0.1701,"[0.29506468772888184, 0.7049353718757629]"
512,1,49.51%,76.80%,0.0332,"[0.1731550246477127, 0.8268449306488037]"
513,0,49.42%,76.85%,0.0354,"[0.9830412864685059, 0.01695873774588108]"
514,0,49.32%,76.89%,0.0116,"[0.9872003793716431, 0.012799565680325031]"
515,0,49.22%,76.94%,0.0081,"[0.9965054988861084, 0.0034945437218993902]"
516,0,49.13%,76.98%,0.0081,"[0.9810963273048401, 0.018903682008385658]"
517,0,49.03%,77.03%,0.0017,"[0.9963023662567139, 0.003697603475302458]"
518,0,48.94%,77.07%,0.0017,"[0.998354971408844, 0.0016450539696961641]"
519,0,48.85%,77.12%,0.3904,"[0.6587426662445068, 0.34125739336013794]"
520,0,48.75%,77.16%,0.0014,"[0.9980556964874268, 0.001944294199347496]"
521,1,48.85%,77.20%,0.0052,"[0.004529211670160294, 0.9954707622528076]"
522,1,48.95%,77.25%,0.0052,"[0.011665774509310722, 0.9883341789245605]"
523,1,49.05%,77.29%,0.0153,"[0.02444358356297016, 0.9755564332008362]"
524,0,48.95%,77.14%,0.5591,"[0.41136860847473145, 0.5886313915252686]"
525,0,48.86%,77.00%,1.1893,"[0.2168988287448883, 0.7831012010574341]"
526,0,48.77%,77.04%,0.0043,"[0.9946132302284241, 0.005386736243963242]"
527,0,48.67%,77.08%,0.0057,"[0.9972779154777527, 0.0027221282944083214]"
528,0,48.58%,77.13%,0.0064,"[0.9979921579360962, 0.002007806673645973]"
529,0,48.49%,77.17%,0.0015,"[0.9976031184196472, 0.0023969337344169617]"
530,0,48.40%,77.21%,0.0008,"[0.9987800717353821, 0.0012199130142107606]"
531,1,48.50%,77.07%,1.1220,"[0.7989238500595093, 0.20107616484165192]"
532,0,48.41%,77.11%,0.0113,"[0.9763035178184509, 0.023696476593613625]"
533,1,48.50%,77.15%,0.0657,"[0.03068384900689125, 0.9693161249160767]"
534,1,48.60%,77.20%,1.2579,"[0.2715926170349121, 0.7284074425697327]"
535,0,48.51%,77.24%,0.0293,"[0.9748404026031494, 0.025159625336527824]"
536,1,48.60%,77.09%,1.9958,"[0.626619815826416, 0.37338027358055115]"
537,0,48.51%,77.14%,0.0249,"[0.9640750885009766, 0.03592498227953911]"
538,0,48.42%,77.18%,0.0086,"[0.9911975264549255, 0.008802463300526142]"
539,0,48.33%,77.22%,0.0025,"[0.9960277080535889, 0.003972362726926804]"
540,0,48.24%,77.26%,0.2062,"[0.9432045221328735, 0.056795455515384674]"
541,0,48.15%,77.31%,0.0028,"[0.9966136813163757, 0.0033862909767776728]"
542,0,48.07%,77.35%,0.0021,"[0.9981358051300049, 0.0018642002250999212]"
543,1,48.16%,77.21%,1.0785,"[0.7432001233100891, 0.2567999064922333]"
544,0,48.07%,77.25%,0.0027,"[0.9947853684425354, 0.005214656237512827]"
545,0,47.99%,77.29%,0.0500,"[0.9820520281791687, 0.01794801466166973]"
546,0,47.90%,77.33%,0.0017,"[0.9778916835784912, 0.02210836112499237]"
547,0,47.81%,77.19%,3.4202,"[0.15117458999156952, 0.8488253951072693]"
548,1,47.91%,77.23%,0.0925,"[0.07676399499177933, 0.9232360124588013]"
549,1,48.00%,77.27%,0.0244,"[0.023189080879092216, 0.9768109321594238]"
550,0,47.91%,77.31%,0.0130,"[0.987683117389679, 0.012316878885030746]"
551,0,47.83%,77.36%,0.0082,"[0.9966272711753845, 0.00337273464538157]"
552,0,47.74%,77.40%,0.4406,"[0.5417145490646362, 0.45828545093536377]"
553,1,47.83%,77.44%,0.0080,"[0.009857993572950363, 0.9901420474052429]"
554,1,47.93%,77.48%,0.0881,"[0.2832757234573364, 0.7167242765426636]"
555,1,48.02%,77.34%,0.6201,"[0.510170042514801, 0.4898299276828766]"
556,0,47.94%,77.38%,0.2899,"[0.5316318869590759, 0.4683681130409241]"
557,1,48.03%,77.42%,0.0504,"[0.05023666471242905, 0.9497633576393127]"
558,1,48.12%,77.28%,0.4339,"[0.8338266015052795, 0.16617344319820404]"
559,0,48.04%,77.32%,0.1014,"[0.966375470161438, 0.033624473959207535]"
560,0,47.95%,77.18%,1.6488,"[0.4677305519580841, 0.5322694182395935]"
561,1,48.04%,77.22%,1.2391,"[0.06364491581916809, 0.9363551139831543]"
562,0,47.96%,77.26%,0.0289,"[0.9697253108024597, 0.030274683609604836]"
563,1,48.05%,77.30%,0.1174,"[0.0552544966340065, 0.9447455406188965]"
564,0,47.96%,77.35%,0.0104,"[0.9904242157936096, 0.00957581028342247]"
565,1,48.06%,77.39%,0.2955,"[0.2627967596054077, 0.7372032999992371]"
566,1,48.15%,77.43%,0.1138,"[0.0464857742190361, 0.9535142183303833]"
567,0,48.06%,77.46%,0.0582,"[0.9730584025382996, 0.026941576972603798]"
568,1,48.15%,77.50%,0.0457,"[0.04204220697283745, 0.9579577445983887]"
569,0,48.07%,77.54%,0.0126,"[0.9780182242393494, 0.0219817403703928]"
570,1,48.16%,77.58%,0.0323,"[0.044902004301548004, 0.955098032951355]"
571,1,48.25%,77.62%,0.0638,"[0.05208226293325424, 0.9479176998138428]"
572,0,48.17%,77.66%,0.0264,"[0.8869103193283081, 0.11308971047401428]"
573,1,48.26%,77.70%,0.4006,"[0.08751725405454636, 0.912482738494873]"
574,0,48.17%,77.74%,0.0225,"[0.9884823560714722, 0.01151762343943119]"
575,0,48.09%,77.78%,0.0098,"[0.974704384803772, 0.025295604020357132]"
576,1,48.18%,77.82%,0.0341,"[0.05046689137816429, 0.9495330452919006]"
577,0,48.10%,77.85%,0.0037,"[0.9807369709014893, 0.019263019785284996]"
578,0,48.01%,77.89%,0.0064,"[0.9872835874557495, 0.01271646935492754]"
579,0,47.93%,77.93%,0.0071,"[0.996527373790741, 0.0034726073499768972]"
580,0,47.85%,77.97%,0.0013,"[0.9966075420379639, 0.003392529673874378]"
581,0,47.77%,78.01%,0.0013,"[0.9991915822029114, 0.0008084147702902555]"
582,0,47.68%,77.87%,5.0370,"[0.006079484708607197, 0.9939205646514893]"
583,1,47.77%,77.91%,0.0045,"[0.0050862436182796955, 0.9949136972427368]"
584,0,47.69%,77.95%,0.0086,"[0.9857110381126404, 0.014288977719843388]"
585,1,47.78%,77.99%,0.0067,"[0.005528989713639021, 0.9944710731506348]"
586,0,47.70%,78.02%,0.0056,"[0.9914299845695496, 0.008570060133934021]"
587,0,47.62%,78.06%,0.0016,"[0.9741328954696655, 0.025867082178592682]"
588,0,47.54%,78.10%,0.0013,"[0.997631311416626, 0.0023686871863901615]"
589,1,47.63%,78.14%,0.0055,"[0.007273993920534849, 0.9927259683609009]"
590,1,47.72%,78.17%,0.0263,"[0.024350350722670555, 0.9756495952606201]"
591,1,47.80%,78.21%,0.0146,"[0.016519660130143166, 0.9834802746772766]"
592,0,47.72%,78.25%,1.1331,"[0.7280718684196472, 0.2719281315803528]"
593,1,47.81%,78.28%,0.0286,"[0.03258618339896202, 0.9674138426780701]"
594,1,47.90%,78.32%,0.0402,"[0.04217838495969772, 0.9578215479850769]"
595,1,47.99%,78.36%,0.0632,"[0.06360965967178345, 0.9363903403282166]"
596,0,47.91%,78.39%,0.0920,"[0.9655115604400635, 0.03448844701051712]"
597,0,47.83%,78.26%,3.2298,"[0.048278581351041794, 0.9517214298248291]"
598,0,47.75%,78.30%,0.0072,"[0.9922149777412415, 0.007785009685903788]"
599,0,47.67%,78.33%,0.0040,"[0.9953771829605103, 0.004622770473361015]"
600,0,47.59%,78.37%,0.0060,"[0.9962863922119141, 0.0037135789170861244]"
601,0,47.51%,78.24%,4.3805,"[0.01252068392932415, 0.9874792695045471]"
602,1,47.60%,78.28%,0.0051,"[0.007562293205410242, 0.9924377799034119]"
603,0,47.52%,78.31%,0.0047,"[0.9973115921020508, 0.0026884754188358784]"
604,0,47.44%,78.35%,0.0028,"[0.9965828061103821, 0.0034171929582953453]"
605,0,47.36%,78.38%,0.0016,"[0.9989726543426514, 0.0010274143423885107]"
606,1,47.45%,78.42%,0.0076,"[0.0068462383933365345, 0.9931538105010986]"
607,0,47.37%,78.45%,0.0146,"[0.925654411315918, 0.07434561848640442]"
608,0,47.29%,78.33%,4.1677,"[0.023087816312909126, 0.9769121408462524]"
609,0,47.21%,78.20%,3.4010,"[0.3940204083919525, 0.6059795618057251]"
610,0,47.14%,78.23%,0.0019,"[0.998136043548584, 0.001863931305706501]"
611,0,47.06%,78.27%,0.0016,"[0.9985355138778687, 0.0014645131304860115]"
612,0,46.98%,78.30%,0.0012,"[0.9987159967422485, 0.0012840660056099296]"
613,1,47.07%,78.34%,0.1511,"[0.029569895938038826, 0.9704300761222839]"
614,1,47.15%,78.37%,0.0763,"[0.26393958926200867, 0.736060380935669]"
615,0,47.08%,78.41%,0.0084,"[0.968007504940033, 0.03199250251054764]"
616,1,47.16%,78.44%,0.0367,"[0.035554103553295135, 0.964445948600769]"
617,0,47.09%,78.48%,0.0022,"[0.9921309351921082, 0.007869078777730465]"
618,0,47.01%,78.51%,0.0061,"[0.9938493371009827, 0.006150680128484964]"
619,0,46.94%,78.55%,0.0044,"[0.9973303079605103, 0.002669671317562461]"
620,0,46.86%,78.58%,0.0013,"[0.9987068176269531, 0.0012931874953210354]"
621,1,46.95%,78.62%,0.0775,"[0.05263463407754898, 0.947365403175354]"
622,0,46.87%,78.65%,0.0074,"[0.996536135673523, 0.003463862696662545]"
623,1,46.96%,78.69%,0.1419,"[0.0956636294722557, 0.9043363928794861]"
624,0,46.88%,78.72%,0.0120,"[0.983993649482727, 0.01600634679198265]"
625,0,46.81%,78.75%,0.0033,"[0.9951300621032715, 0.0048699029721319675]"
626,1,46.89%,78.79%,0.0315,"[0.08903965353965759, 0.91096031665802]"
627,1,46.97%,78.82%,0.0526,"[0.07831116020679474, 0.9216888546943665]"
628,0,46.90%,78.86%,0.0435,"[0.9607741832733154, 0.03922579810023308]"
629,1,46.98%,78.89%,0.0615,"[0.026453355327248573, 0.97354656457901]"
630,1,47.07%,78.92%,0.0261,"[0.04719378426671028, 0.9528062343597412]"
631,0,46.99%,78.80%,1.5194,"[0.39405539631843567, 0.6059446334838867]"
632,1,47.08%,78.83%,0.2472,"[0.1911020427942276, 0.8088979125022888]"
633,0,47.00%,78.86%,0.0107,"[0.9384766221046448, 0.06152333691716194]"
634,0,46.93%,78.90%,0.0080,"[0.9758875966072083, 0.024112366139888763]"
635,1,47.01%,78.93%,0.0234,"[0.02214435674250126, 0.9778556227684021]"
636,0,46.94%,78.96%,0.0081,"[0.9908978343009949, 0.00910219457000494]"
637,1,47.02%,79.00%,0.0378,"[0.030319735407829285, 0.9696802496910095]"
638,1,47.10%,79.03%,0.0335,"[0.034341756254434586, 0.9656581878662109]"
639,0,47.03%,79.06%,0.0068,"[0.988544762134552, 0.011455235071480274]"
640,0,46.96%,79.10%,1.3417,"[0.641912043094635, 0.3580879867076874]"
641,0,46.88%,78.97%,1.9858,"[0.266793817281723, 0.7332061529159546]"
642,1,46.97%,79.00%,0.0682,"[0.24980378150939941, 0.7501962184906006]"
643,0,46.89%,78.88%,1.8646,"[0.1731206625699997, 0.8268793225288391]"
644,0,46.82%,78.91%,0.0055,"[0.9942169189453125, 0.005783116444945335]"
645,0,46.75%,78.95%,0.0023,"[0.9972820281982422, 0.0027179098688066006]"
646,1,46.83%,78.98%,0.0123,"[0.011883066035807133, 0.988116979598999]"
647,0,46.76%,79.01%,0.4678,"[0.6505612730979919, 0.34943869709968567]"
648,0,46.69%,79.04%,0.0018,"[0.9982666969299316, 0.001733299344778061]"
649,0,46.62%,79.08%,0.4523,"[0.6740959882736206, 0.32590407133102417]"
650,0,46.54%,79.11%,0.0024,"[0.9991501569747925, 0.0008498738170601428]"
651,1,46.63%,79.14%,0.1107,"[0.07330486178398132, 0.9266951680183411]"
652,0,46.55%,79.02%,2.7495,"[0.06160549074411392, 0.9383945465087891]"
653,1,46.64%,79.05%,0.0677,"[0.11315154284238815, 0.8868484497070312]"
654,1,46.72%,79.08%,1.5728,"[0.3806290030479431, 0.6193709373474121]"
655,0,46.65%,79.12%,0.0265,"[0.9737867712974548, 0.02621331252157688]"
656,0,46.58%,79.00%,0.7415,"[0.4611756503582001, 0.5388243794441223]"
657,1,46.66%,79.03%,0.0543,"[0.03838939592242241, 0.9616105556488037]"
658,0,46.59%,79.06%,0.3907,"[0.5383765697479248, 0.4616234302520752]"
659,0,46.52%,79.09%,0.0037,"[0.9960026144981384, 0.003997370600700378]"
660,1,46.60%,78.97%,3.0044,"[0.9023131728172302, 0.09768678992986679]"
661,1,46.68%,79.00%,1.7994,"[0.4618920385837555, 0.5381079316139221]"
662,0,46.61%,79.03%,0.0120,"[0.9886093139648438, 0.011390657164156437]"
663,0,46.54%,79.07%,0.0636,"[0.8731544613838196, 0.12684547901153564]"
664,1,46.62%,78.95%,0.7328,"[0.7372111082077026, 0.26278892159461975]"
665,0,46.55%,78.83%,0.4010,"[0.499636709690094, 0.500363290309906]"
666,1,46.63%,78.71%,0.9764,"[0.7299023866653442, 0.27009767293930054]"
667,0,46.56%,78.74%,0.0882,"[0.9617048501968384, 0.03829518333077431]"
668,1,46.64%,78.77%,0.8789,"[0.4841674268245697, 0.5158325433731079]"
669,1,46.72%,78.81%,0.2582,"[0.32241693139076233, 0.6775830984115601]"
670,1,46.80%,78.84%,0.1793,"[0.1710144579410553, 0.8289855122566223]"
671,1,46.88%,78.87%,0.3280,"[0.3827955424785614, 0.6172044277191162]"
672,1,46.95%,78.90%,0.1282,"[0.1256333887577057, 0.8743666410446167]"
673,0,46.88%,78.93%,0.0399,"[0.9355594515800476, 0.06444056332111359]"
674,0,46.81%,78.96%,0.1535,"[0.9465925693511963, 0.05340736359357834]"
675,0,46.75%,78.99%,0.0128,"[0.996508777141571, 0.0034912158735096455]"
676,1,46.82%,79.03%,0.0382,"[0.046326544135808945, 0.9536734223365784]"
677,0,46.76%,79.06%,0.0276,"[0.6149151921272278, 0.38508477807044983]"
678,0,46.69%,78.94%,2.4873,"[0.1373673379421234, 0.862632691860199]"
679,0,46.62%,78.82%,1.5271,"[0.2757105231285095, 0.7242894172668457]"
680,1,46.70%,78.85%,0.0287,"[0.017726972699165344, 0.9822730422019958]"
681,1,46.77%,78.89%,0.2226,"[0.22735323011875153, 0.7726468443870544]"
682,0,46.71%,78.92%,0.0162,"[0.9881842136383057, 0.011815786361694336]"
683,0,46.64%,78.95%,0.0090,"[0.9932250380516052, 0.0067748986184597015]"
684,0,46.57%,78.98%,0.0033,"[0.9966956377029419, 0.0033043846487998962]"
685,1,46.65%,79.01%,0.6762,"[0.3999646008014679, 0.6000353693962097]"
686,1,46.72%,79.04%,0.0537,"[0.05334939807653427, 0.9466506242752075]"
687,0,46.66%,79.07%,0.0156,"[0.9816045761108398, 0.01839546486735344]"
688,1,46.73%,79.10%,0.0544,"[0.17347708344459534, 0.826522946357727]"
689,1,46.81%,79.13%,0.0641,"[0.2950966954231262, 0.7049033045768738]"
690,1,46.89%,79.16%,0.0697,"[0.0682263970375061, 0.9317736029624939]"
691,1,46.97%,79.19%,0.4952,"[0.36022138595581055, 0.6397786140441895]"
692,1,47.04%,79.22%,0.1078,"[0.32442671060562134, 0.6755732297897339]"
693,1,47.12%,79.25%,0.6160,"[0.2737564444541931, 0.7262434959411621]"
694,1,47.19%,79.28%,0.3393,"[0.3035758435726166, 0.6964241862297058]"
695,0,47.13%,79.31%,0.1406,"[0.8723708391189575, 0.12762922048568726]"
696,0,47.06%,79.20%,1.5896,"[0.1651027649641037, 0.8348972201347351]"
697,0,46.99%,79.23%,0.0114,"[0.9871436953544617, 0.01285633910447359]"
698,1,47.07%,79.26%,0.0235,"[0.02263692207634449, 0.977363109588623]"
699,1,47.14%,79.29%,0.1709,"[0.2151622623205185, 0.7848377227783203]"
700,0,47.08%,79.32%,0.0412,"[0.9642353057861328, 0.03576471656560898]"
701,1,47.15%,79.34%,0.0301,"[0.031121904030442238, 0.9688781499862671]"
702,1,47.23%,79.23%,0.1812,"[0.595745861530304, 0.4042541980743408]"
703,0,47.16%,79.12%,2.7095,"[0.0889677107334137, 0.9110323190689087]"
704,0,47.09%,79.15%,0.0032,"[0.9938888549804688, 0.006111112888902426]"
705,1,47.17%,79.18%,0.0688,"[0.028049608692526817, 0.971950352191925]"
706,0,47.10%,79.21%,0.0410,"[0.9808678030967712, 0.01913222298026085]"
707,1,47.18%,79.24%,0.0621,"[0.05327963829040527, 0.9467203617095947]"
708,1,47.25%,79.27%,0.0350,"[0.059097770601511, 0.9409022331237793]"
709,0,47.18%,79.15%,3.7795,"[0.03990171477198601, 0.9600982666015625]"
710,0,47.12%,79.04%,1.6517,"[0.11563824117183685, 0.884361743927002]"
711,1,47.19%,79.07%,0.0527,"[0.03470325469970703, 0.9652966856956482]"
712,1,47.27%,79.10%,0.0720,"[0.038674380630254745, 0.9613255858421326]"
713,0,47.20%,79.13%,0.0656,"[0.9900035262107849, 0.009996406733989716]"
714,1,47.27%,79.16%,0.0424,"[0.028726575896143913, 0.9712734222412109]"
715,1,47.35%,79.19%,0.0465,"[0.03041270188987255, 0.9695873260498047]"
716,0,47.28%,79.22%,0.0087,"[0.9326738119125366, 0.06732624024152756]"
717,0,47.21%,79.25%,0.0167,"[0.9860051274299622, 0.013994939625263214]"
718,0,47.15%,79.28%,0.0019,"[0.9777969717979431, 0.022203030064702034]"
719,1,47.22%,79.31%,0.0110,"[0.014385020360350609, 0.9856150150299072]"
720,1,47.30%,79.33%,0.1792,"[0.05929921567440033, 0.9407007694244385]"
721,1,47.37%,79.36%,0.1277,"[0.11781605333089828, 0.8821839690208435]"
722,1,47.44%,79.39%,0.2051,"[0.36945828795433044, 0.6305416822433472]"
723,0,47.38%,79.42%,0.1023,"[0.9368499517440796, 0.0631500780582428]"
724,1,47.45%,79.45%,0.0824,"[0.07124250382184982, 0.9287574887275696]"
725,0,47.38%,79.48%,0.0636,"[0.868050754070282, 0.1319493055343628]"
726,1,47.46%,79.50%,0.0448,"[0.04356792941689491, 0.956432044506073]"
727,0,47.39%,79.53%,0.0526,"[0.9772036075592041, 0.022796377539634705]"
728,0,47.33%,79.56%,0.0070,"[0.9874473214149475, 0.012552624568343163]"
729,1,47.40%,79.59%,0.0320,"[0.02604764699935913, 0.9739523530006409]"
730,1,47.47%,79.62%,0.0415,"[0.05136065185070038, 0.9486393332481384]"
731,1,47.54%,79.64%,0.0678,"[0.07930392771959305, 0.9206960201263428]"
732,1,47.61%,79.67%,0.1286,"[0.07343338429927826, 0.9265666604042053]"
733,1,47.68%,79.70%,0.1031,"[0.12309367954730988, 0.8769063353538513]"
734,1,47.76%,79.73%,0.1781,"[0.029076697304844856, 0.9709232449531555]"
735,0,47.69%,79.76%,0.0624,"[0.95811527967453, 0.041884709149599075]"
736,1,47.76%,79.78%,0.0987,"[0.0728045180439949, 0.9271954298019409]"
737,1,47.83%,79.81%,0.1160,"[0.10169079899787903, 0.8983091711997986]"
738,0,47.77%,79.70%,1.1913,"[0.27310383319854736, 0.7268961668014526]"
739,0,47.70%,79.73%,0.0128,"[0.7779476046562195, 0.2220524549484253]"
740,1,47.77%,79.76%,0.0271,"[0.029377764090895653, 0.970622181892395]"
741,1,47.84%,79.78%,0.0193,"[0.031409427523612976, 0.968590497970581]"
742,1,47.91%,79.81%,0.0289,"[0.03232933580875397, 0.9676706194877625]"
743,1,47.98%,79.84%,0.0399,"[0.018268760293722153, 0.9817312955856323]"
744,1,48.05%,79.87%,0.1215,"[0.07147330790758133, 0.9285266995429993]"
745,1,48.12%,79.89%,0.1113,"[0.058340221643447876, 0.9416598081588745]"
746,1,48.19%,79.92%,0.0548,"[0.1813274621963501, 0.8186724781990051]"
747,1,48.26%,79.95%,0.2986,"[0.22715216875076294, 0.7728478312492371]"
748,1,48.33%,79.97%,0.3353,"[0.15725018084049225, 0.842749834060669]"
749,0,48.27%,80.00%,0.1575,"[0.8839724659919739, 0.11602750420570374]"
750,0,48.20%,80.03%,0.1731,"[0.9342772364616394, 0.06572278589010239]"
751,0,48.14%,80.05%,1.5991,"[0.7397691607475281, 0.2602308392524719]"
752,1,48.21%,80.08%,0.0139,"[0.015401981770992279, 0.9845980405807495]"
753,1,48.28%,80.11%,0.0377,"[0.0374961756169796, 0.9625038504600525]"
754,1,48.34%,80.13%,0.0680,"[0.04105720669031143, 0.9589427709579468]"
755,0,48.28%,80.16%,0.0795,"[0.9513754844665527, 0.048624519258737564]"
756,0,48.22%,80.18%,0.0059,"[0.9675247669219971, 0.032475247979164124]"
757,1,48.28%,80.21%,0.0091,"[0.016525860875844955, 0.9834741950035095]"
758,0,48.22%,80.11%,3.1201,"[0.048293933272361755, 0.9517061114311218]"
759,0,48.16%,80.13%,0.0295,"[0.9476621747016907, 0.05233779177069664]"
760,0,48.09%,80.03%,2.4240,"[0.04426299408078194, 0.9557369947433472]"
761,1,48.16%,80.05%,0.0058,"[0.005411689169704914, 0.9945882558822632]"
762,1,48.23%,80.08%,0.0102,"[0.015754129737615585, 0.9842458367347717]"
763,0,48.17%,80.10%,0.0028,"[0.9222201108932495, 0.0777798667550087]"
764,0,48.10%,80.00%,2.8065,"[0.05553535372018814, 0.9444646239280701]"
765,0,48.04%,79.90%,2.0593,"[0.4664384722709656, 0.5335615277290344]"
766,1,48.11%,79.92%,0.0073,"[0.03664765506982803, 0.9633523225784302]"
767,0,48.05%,79.82%,1.3848,"[0.2268521636724472, 0.7731478810310364]"
768,1,48.11%,79.84%,0.0310,"[0.030344683676958084, 0.9696552753448486]"
769,1,48.18%,79.87%,0.0986,"[0.05475582927465439, 0.9452441334724426]"
770,0,48.12%,79.90%,0.0406,"[0.9656673073768616, 0.034332722425460815]"
771,1,48.19%,79.92%,0.0422,"[0.036419179290533066, 0.963580846786499]"
772,0,48.12%,79.95%,0.0089,"[0.9891140460968018, 0.010885931551456451]"
773,1,48.19%,79.97%,0.0233,"[0.020513590425252914, 0.9794864654541016]"
774,1,48.26%,80.00%,0.0734,"[0.07986404001712799, 0.9201359748840332]"
775,1,48.32%,80.03%,0.0449,"[0.05969054251909256, 0.940309464931488]"
776,1,48.39%,80.05%,0.0526,"[0.04295029863715172, 0.9570497274398804]"
777,1,48.46%,80.08%,0.1641,"[0.26870548725128174, 0.7312944531440735]"
778,1,48.52%,80.10%,0.1390,"[0.26568400859832764, 0.7343159317970276]"
779,0,48.46%,80.13%,0.6213,"[0.5140504837036133, 0.48594948649406433]"
780,1,48.53%,80.15%,0.2523,"[0.15969166159629822, 0.8403083086013794]"
781,0,48.47%,80.18%,0.1178,"[0.8957322835922241, 0.10426770895719528]"
782,1,48.53%,80.20%,0.0553,"[0.06586271524429321, 0.9341372847557068]"
783,0,48.47%,80.10%,1.1161,"[0.46829473972320557, 0.5317052602767944]"
784,1,48.54%,80.13%,0.0984,"[0.12417662143707275, 0.8758233189582825]"
785,0,48.47%,80.15%,0.0446,"[0.944030225276947, 0.05596979707479477]"
786,0,48.41%,80.18%,0.0151,"[0.9852035045623779, 0.014796441420912743]"
787,0,48.35%,80.08%,1.6671,"[0.16157042980194092, 0.8384295701980591]"
788,0,48.29%,80.10%,0.0033,"[0.9874081611633301, 0.012591853737831116]"
789,1,48.35%,80.13%,0.0690,"[0.04046892747282982, 0.9595310688018799]"
790,1,48.42%,80.15%,0.0468,"[0.03801456093788147, 0.9619854092597961]"
791,0,48.36%,80.05%,1.6530,"[0.22472725808620453, 0.775272786617279]"
792,0,48.30%,80.08%,0.0158,"[0.9932039976119995, 0.006796021945774555]"
793,0,48.24%,80.10%,0.0020,"[0.9976624250411987, 0.002337527694180608]"
794,0,48.18%,80.13%,0.0023,"[0.9970741271972656, 0.002925887471064925]"
795,1,48.24%,80.15%,0.0111,"[0.009907713159918785, 0.9900922179222107]"
796,0,48.18%,80.18%,0.0101,"[0.9974555373191833, 0.002544487826526165]"
797,0,48.12%,80.20%,0.0021,"[0.9976910352706909, 0.0023089665919542313]"
798,0,48.06%,80.23%,0.0021,"[0.9980505704879761, 0.0019494225271046162]"
799,1,48.12%,80.25%,0.0079,"[0.00883988942950964, 0.9911600947380066]"
800,1,48.19%,80.27%,0.0163,"[0.017588580027222633, 0.9824114441871643]"
801,0,48.13%,80.17%,2.3288,"[0.08611078560352325, 0.9138891696929932]"
802,1,48.19%,80.20%,0.3619,"[0.3227456510066986, 0.6772543787956238]"
803,0,48.13%,80.10%,1.8662,"[0.06837934255599976, 0.931620717048645]"
804,0,48.07%,80.12%,0.0083,"[0.9906011819839478, 0.009398853406310081]"
805,1,48.14%,80.15%,0.4664,"[0.432088702917099, 0.5679112672805786]"
806,1,48.20%,80.17%,0.3508,"[0.12780636548995972, 0.8721935749053955]"
807,1,48.27%,80.20%,0.0802,"[0.07084058225154877, 0.92915940284729]"
808,1,48.33%,80.22%,0.0456,"[0.09993387758731842, 0.900066077709198]"
809,0,48.27%,80.25%,0.0080,"[0.9938085675239563, 0.00619141710922122]"
810,0,48.21%,80.27%,0.0206,"[0.9838226437568665, 0.016177384182810783]"
811,1,48.28%,80.17%,0.5314,"[0.6839474439620972, 0.31605252623558044]"
812,1,48.34%,80.07%,1.6267,"[0.7658369541168213, 0.2341630756855011]"
813,0,48.28%,80.10%,0.0315,"[0.9780586957931519, 0.021941356360912323]"
814,0,48.22%,80.00%,2.4618,"[0.11924771219491959, 0.8807522654533386]"
815,0,48.16%,79.90%,2.1844,"[0.1609635055065155, 0.8390364646911621]"
816,0,48.10%,79.80%,2.0917,"[0.1478918194770813, 0.8521081805229187]"
817,1,48.17%,79.83%,0.1224,"[0.061308011412620544, 0.938692033290863]"
818,0,48.11%,79.85%,0.0125,"[0.9845185279846191, 0.015481444075703621]"
819,0,48.05%,79.88%,0.0071,"[0.9934552311897278, 0.0065447185188531876]"
820,1,48.11%,79.90%,0.0666,"[0.0644102543592453, 0.9355897307395935]"
821,1,48.18%,79.93%,0.0446,"[0.030415549874305725, 0.9695844650268555]"
822,0,48.12%,79.95%,0.0163,"[0.9896804690361023, 0.010319518856704235]"
823,1,48.18%,79.98%,0.0300,"[0.02765185944736004, 0.972348153591156]"
824,0,48.12%,80.00%,0.0070,"[0.9871101379394531, 0.012889859266579151]"
825,0,48.06%,79.90%,2.2967,"[0.11349364370107651, 0.8865063786506653]"
826,1,48.13%,79.93%,0.1094,"[0.1277306228876114, 0.8722693920135498]"
827,0,48.07%,79.95%,0.0225,"[0.97989422082901, 0.020105725154280663]"
828,0,48.01%,79.86%,2.6265,"[0.0682600811123848, 0.931739866733551]"
829,1,48.07%,79.88%,0.0481,"[0.05407698452472687, 0.9459230303764343]"
830,1,48.13%,79.90%,0.0477,"[0.0644209161400795, 0.9355791211128235]"
831,0,48.08%,79.93%,0.0170,"[0.986536979675293, 0.013463043607771397]"
832,0,48.02%,79.95%,0.0049,"[0.9947304725646973, 0.00526953861117363]"
833,1,48.08%,79.86%,0.1542,"[0.521021842956543, 0.47897812724113464]"
834,1,48.14%,79.88%,2.6182,"[0.4657946527004242, 0.5342053771018982]"
835,1,48.21%,79.90%,0.0729,"[0.08907172083854675, 0.9109282493591309]"
836,1,48.27%,79.81%,1.0193,"[0.5669305920600891, 0.4330693781375885]"
837,1,48.33%,79.83%,0.3556,"[0.27024680376052856, 0.7297531962394714]"
838,1,48.39%,79.86%,0.2429,"[0.18313926458358765, 0.8168606758117676]"
839,1,48.45%,79.88%,0.2521,"[0.1154341921210289, 0.8845657706260681]"
840,0,48.39%,79.90%,0.1088,"[0.8617380261421204, 0.13826198875904083]"
841,1,48.46%,79.93%,0.0642,"[0.06560461223125458, 0.934395432472229]"
842,1,48.52%,79.95%,0.0476,"[0.04594036936759949, 0.9540596008300781]"
843,1,48.58%,79.98%,0.0956,"[0.08024174720048904, 0.9197582006454468]"
844,1,48.64%,80.00%,0.0892,"[0.15175560116767883, 0.8482444286346436]"
845,1,48.70%,80.02%,0.1027,"[0.11053923517465591, 0.8894608020782471]"
846,0,48.64%,80.05%,0.0567,"[0.9225937724113464, 0.07740626484155655]"
847,1,48.70%,80.07%,0.0671,"[0.09820196777582169, 0.9017980098724365]"
848,1,48.76%,80.09%,0.1707,"[0.1347350925207138, 0.865264892578125]"
849,0,48.71%,80.00%,2.0798,"[0.09194391965866089, 0.9080560207366943]"
850,0,48.65%,80.02%,0.0175,"[0.9708134531974792, 0.02918652445077896]"
851,0,48.59%,80.05%,0.0093,"[0.9959509372711182, 0.004049013368785381]"
852,0,48.53%,80.07%,0.0028,"[0.9804092645645142, 0.019590802490711212]"
853,0,48.48%,80.09%,0.0051,"[0.9969742298126221, 0.003025714075192809]"
854,0,48.42%,80.12%,0.0029,"[0.9985969662666321, 0.0014030560851097107]"
855,1,48.48%,80.14%,0.0220,"[0.021995708346366882, 0.9780043363571167]"
856,1,48.54%,80.16%,0.0964,"[0.08163919299840927, 0.9183608293533325]"
857,0,48.48%,80.19%,0.0147,"[0.9278823137283325, 0.07211769372224808]"
858,0,48.43%,80.21%,0.0272,"[0.9920374155044556, 0.007962544448673725]"
859,1,48.49%,80.23%,0.0513,"[0.04128585755825043, 0.9587141871452332]"
860,1,48.55%,80.26%,0.0713,"[0.05100943520665169, 0.9489905834197998]"
861,1,48.61%,80.28%,0.0647,"[0.10061223804950714, 0.899387776851654]"
862,0,48.55%,80.19%,2.1281,"[0.035886552184820175, 0.9641134142875671]"
863,0,48.50%,80.21%,0.0141,"[0.9645651578903198, 0.035434894263744354]"
864,0,48.44%,80.23%,0.0072,"[0.9857959747314453, 0.014204053208231926]"
865,0,48.38%,80.14%,3.4236,"[0.02998577058315277, 0.970014214515686]"
866,0,48.33%,80.05%,3.3020,"[0.03785291686654091, 0.962147057056427]"
867,0,48.27%,80.07%,0.0132,"[0.9954054355621338, 0.004594533238559961]"
868,0,48.22%,80.09%,0.0026,"[0.9985742568969727, 0.0014256746508181095]"
869,0,48.16%,80.00%,3.9508,"[0.016928834840655327, 0.9830711483955383]"
870,1,48.22%,80.02%,0.0850,"[0.08085940033197403, 0.9191405773162842]"
871,0,48.17%,80.05%,0.0126,"[0.9828958511352539, 0.017104187980294228]"
872,1,48.22%,80.07%,0.0441,"[0.05265386030077934, 0.9473461508750916]"
873,0,48.17%,79.98%,2.3008,"[0.1316775381565094, 0.8683224320411682]"
874,1,48.23%,80.00%,0.0730,"[0.08690089732408524, 0.9130991101264954]"
875,0,48.17%,80.02%,0.0284,"[0.9516947865486145, 0.04830526188015938]"
876,1,48.23%,80.05%,0.2143,"[0.20300881564617157, 0.7969911694526672]"
877,0,48.18%,80.07%,0.7538,"[0.6807668209075928, 0.319233238697052]"
878,0,48.12%,80.09%,0.0157,"[0.9869818091392517, 0.013018223457038403]"
879,1,48.18%,80.11%,0.0617,"[0.06327145546674728, 0.9367285370826721]"
880,0,48.13%,80.02%,0.8912,"[0.32144874334335327, 0.6785512566566467]"
881,0,48.07%,80.05%,0.0131,"[0.9889281988143921, 0.011071783490478992]"
882,0,48.02%,80.07%,0.0154,"[0.9975160360336304, 0.002483996329829097]"
883,1,48.08%,80.09%,0.0996,"[0.099090076982975, 0.9009099006652832]"
884,0,48.02%,80.11%,0.0210,"[0.9907139539718628, 0.009286007843911648]"
885,0,47.97%,80.14%,0.0089,"[0.9942046999931335, 0.005795337725430727]"
886,0,47.91%,80.16%,0.0025,"[0.9973026514053345, 0.0026973625645041466]"
887,1,47.97%,80.18%,0.1738,"[0.19736260175704956, 0.8026373982429504]"
888,1,48.03%,80.20%,0.0806,"[0.0417763814330101, 0.9582236409187317]"
889,1,48.09%,80.22%,0.2566,"[0.07794252783060074, 0.9220575094223022]"
890,1,48.15%,80.25%,0.5486,"[0.41206929087638855, 0.5879307389259338]"
891,0,48.09%,80.27%,0.0322,"[0.9618598818778992, 0.03814011439681053]"
892,1,48.15%,80.29%,0.0978,"[0.0664379671216011, 0.9335619807243347]"
893,1,48.21%,80.31%,0.1594,"[0.43799495697021484, 0.5620051026344299]"
894,0,48.16%,80.22%,1.1211,"[0.2825896143913269, 0.7174103856086731]"
895,0,48.10%,80.25%,0.9498,"[0.8787134289741516, 0.1212865561246872]"
896,1,48.16%,80.27%,0.2452,"[0.04628453031182289, 0.9537153840065002]"
897,0,48.11%,80.29%,0.0715,"[0.877119779586792, 0.1228802353143692]"
898,0,48.05%,80.31%,0.0146,"[0.9873213768005371, 0.012678689323365688]"
899,1,48.11%,80.33%,0.0472,"[0.0351404994726181, 0.9648594856262207]"
900,0,48.06%,80.36%,0.3363,"[0.8532204031944275, 0.14677955210208893]"
901,0,48.00%,80.38%,0.0356,"[0.9828575849533081, 0.017142385244369507]"
902,1,48.06%,80.40%,0.0824,"[0.05566877871751785, 0.9443312883377075]"
903,0,48.01%,80.42%,0.0082,"[0.990321695804596, 0.009678330272436142]"
904,1,48.07%,80.44%,0.0466,"[0.07969850301742554, 0.9203014969825745]"
905,1,48.12%,80.46%,0.1382,"[0.13625568151474, 0.86374431848526]"
906,1,48.18%,80.49%,0.1066,"[0.13075286149978638, 0.8692471385002136]"
907,1,48.24%,80.51%,0.1076,"[0.0653257966041565, 0.9346741437911987]"
908,0,48.18%,80.53%,0.0059,"[0.9833171963691711, 0.01668286696076393]"
909,1,48.24%,80.55%,0.1232,"[0.08313996344804764, 0.9168599843978882]"
910,0,48.19%,80.57%,0.0039,"[0.9619683027267456, 0.03803170844912529]"
911,1,48.25%,80.59%,0.0655,"[0.027249250560998917, 0.9727507829666138]"
912,1,48.30%,80.61%,0.1017,"[0.1225104033946991, 0.8774896264076233]"
913,1,48.36%,80.63%,0.0674,"[0.19966380298137665, 0.8003362417221069]"
914,0,48.31%,80.66%,0.0976,"[0.9377097487449646, 0.062290217727422714]"
915,0,48.25%,80.68%,0.0212,"[0.9655994772911072, 0.034400518983602524]"
916,0,48.20%,80.70%,0.0142,"[0.9898035526275635, 0.010196374729275703]"
917,1,48.26%,80.72%,0.0558,"[0.02470625378191471, 0.975293755531311]"
918,0,48.20%,80.74%,0.0115,"[0.9847352504730225, 0.01526477001607418]"
919,0,48.15%,80.76%,0.0121,"[0.9977103471755981, 0.002289609517902136]"
920,0,48.10%,80.78%,0.0059,"[0.9975900650024414, 0.0024099398870021105]"
921,0,48.05%,80.80%,0.0014,"[0.9936972260475159, 0.0063028475269675255]"
922,0,48.00%,80.82%,0.0028,"[0.9987504482269287, 0.0012495254632085562]"
923,0,47.94%,80.84%,0.0210,"[0.9977582097053528, 0.0022417723666876554]"
924,0,47.89%,80.86%,0.0023,"[0.9969835877418518, 0.0030164162162691355]"
925,1,47.95%,80.89%,0.0203,"[0.018214531242847443, 0.9817854762077332]"
926,0,47.90%,80.91%,0.0048,"[0.9835272431373596, 0.016472717747092247]"
927,0,47.84%,80.82%,3.2785,"[0.037339501082897186, 0.9626604914665222]"
928,0,47.79%,80.84%,0.0036,"[0.9962226152420044, 0.003777363570407033]"
929,0,47.74%,80.75%,1.7621,"[0.08797400444746017, 0.9120259881019592]"
930,0,47.69%,80.77%,0.0014,"[0.9979596138000488, 0.002040356397628784]"
931,1,47.75%,80.79%,0.0152,"[0.013024890795350075, 0.9869750738143921]"
932,0,47.70%,80.71%,2.4238,"[0.10541757196187973, 0.8945824503898621]"
933,0,47.64%,80.73%,0.0019,"[0.9985982775688171, 0.0014016784261912107]"
934,1,47.70%,80.75%,0.0724,"[0.06594270467758179, 0.9340572953224182]"
935,0,47.65%,80.77%,0.0033,"[0.9938841462135315, 0.006115794647485018]"
936,1,47.71%,80.79%,0.0306,"[0.027008861303329468, 0.9729911088943481]"
937,0,47.65%,80.81%,0.0070,"[0.9941805601119995, 0.005819426849484444]"
938,1,47.71%,80.83%,0.0223,"[0.01700611785054207, 0.9829938411712646]"
939,0,47.66%,80.85%,0.0030,"[0.9968001842498779, 0.0031997687183320522]"
940,1,47.72%,80.87%,0.0170,"[0.025719378143548965, 0.9742806553840637]"
941,1,47.77%,80.89%,0.0694,"[0.056762322783470154, 0.9432376623153687]"
942,0,47.72%,80.91%,0.0051,"[0.9990425705909729, 0.0009574230061843991]"
943,0,47.67%,80.93%,0.0020,"[0.9990265369415283, 0.0009735076455399394]"
944,1,47.72%,80.95%,0.0177,"[0.02128695510327816, 0.9787130355834961]"
945,0,47.67%,80.87%,3.0523,"[0.08745662868022919, 0.9125433564186096]"
946,1,47.73%,80.89%,0.4100,"[0.4351503252983093, 0.5648496747016907]"
947,0,47.68%,80.91%,0.0107,"[0.9895868301391602, 0.010413202457129955]"
948,1,47.73%,80.93%,0.1111,"[0.1088724210858345, 0.8911275863647461]"
949,0,47.68%,80.84%,2.2395,"[0.17904624342918396, 0.8209537267684937]"
950,1,47.74%,80.86%,0.3279,"[0.20405179262161255, 0.7959482073783875]"
951,1,47.79%,80.88%,0.2018,"[0.10697102546691895, 0.893028974533081]"
952,0,47.74%,80.90%,0.0279,"[0.9855408072471619, 0.014459195546805859]"
953,0,47.69%,80.92%,0.0040,"[0.9928267002105713, 0.00717330165207386]"
954,1,47.75%,80.94%,0.0675,"[0.05697057396173477, 0.9430294632911682]"
955,0,47.70%,80.96%,1.0763,"[0.8927316069602966, 0.10726837813854218]"
956,1,47.75%,80.98%,0.1299,"[0.1433190554380417, 0.8566809892654419]"
957,1,47.81%,81.00%,0.4572,"[0.3679559528827667, 0.6320440173149109]"
958,0,47.76%,81.02%,0.0266,"[0.9415515661239624, 0.058448437601327896]"
959,1,47.81%,81.04%,0.0675,"[0.060403451323509216, 0.9395965337753296]"
960,1,47.87%,81.06%,0.1007,"[0.08890045434236526, 0.9110994935035706]"
961,1,47.92%,81.08%,0.1306,"[0.13313031196594238, 0.8668696880340576]"
962,1,47.98%,81.10%,0.1398,"[0.15962152183055878, 0.84037846326828]"
963,1,48.03%,81.12%,0.1953,"[0.15802112221717834, 0.841978907585144]"
964,0,47.98%,81.14%,0.0360,"[0.9789307117462158, 0.02106931060552597]"
965,0,47.93%,81.16%,0.0187,"[0.993161678314209, 0.006838269531726837]"
966,1,47.98%,81.18%,0.0825,"[0.06445273756980896, 0.9355472922325134]"
967,1,48.04%,81.20%,0.1372,"[0.16155371069908142, 0.8384462594985962]"
968,0,47.99%,81.22%,0.0100,"[0.9909006357192993, 0.009099372662603855]"
969,1,48.04%,81.24%,0.0293,"[0.03416908532381058, 0.9658309817314148]"
970,1,48.09%,81.26%,0.0428,"[0.06024383753538132, 0.9397560954093933]"
971,0,48.05%,81.28%,0.0066,"[0.983906090259552, 0.016093887388706207]"
972,0,48.00%,81.29%,0.0061,"[0.9438239336013794, 0.056176092475652695]"
973,0,47.95%,81.21%,3.0640,"[0.054759204387664795, 0.94524085521698]"
974,1,48.00%,81.23%,0.0270,"[0.04677712917327881, 0.9532228708267212]"
975,1,48.05%,81.25%,0.0611,"[0.055510513484478, 0.9444894790649414]"
976,1,48.11%,81.27%,0.0559,"[0.05614883080124855, 0.943851113319397]"
977,1,48.16%,81.29%,0.0640,"[0.05325022712349892, 0.946749746799469]"
978,0,48.11%,81.31%,0.0410,"[0.9896021485328674, 0.010397798381745815]"
979,1,48.16%,81.33%,0.1263,"[0.060346152633428574, 0.9396538138389587]"
980,0,48.11%,81.35%,0.0214,"[0.9793658256530762, 0.020634161308407784]"
981,0,48.07%,81.36%,0.7719,"[0.5433279871940613, 0.4566720426082611]"
982,1,48.12%,81.38%,0.0689,"[0.050675973296165466, 0.9493240714073181]"
983,1,48.17%,81.40%,0.1174,"[0.1006103977560997, 0.8993896245956421]"
984,1,48.22%,81.42%,0.0894,"[0.08558089286088943, 0.9144190549850464]"
985,1,48.28%,81.44%,0.1179,"[0.09579608589410782, 0.9042038917541504]"
986,1,48.33%,81.46%,0.1801,"[0.19419650733470917, 0.8058035373687744]"
987,1,48.38%,81.48%,0.1957,"[0.14557218551635742, 0.8544278144836426]"
988,1,48.43%,81.50%,0.1492,"[0.12863565981388092, 0.8713643550872803]"
989,0,48.38%,81.41%,1.7100,"[0.20333483815193176, 0.7966651320457458]"
990,1,48.44%,81.43%,0.0476,"[0.051166657358407974, 0.9488333463668823]"
991,1,48.49%,81.45%,0.2877,"[0.28374141454696655, 0.7162585854530334]"
992,0,48.44%,81.47%,0.0782,"[0.9199324250221252, 0.08006756752729416]"
993,0,48.39%,81.49%,0.0383,"[0.937328577041626, 0.0626714751124382]"
994,0,48.34%,81.51%,0.0066,"[0.9885557293891907, 0.011444318108260632]"
995,1,48.39%,81.53%,0.0177,"[0.017338944599032402, 0.9826610684394836]"
996,0,48.35%,81.44%,3.4676,"[0.05447055399417877, 0.9455294609069824]"
997,0,48.30%,81.46%,0.0014,"[0.9969261288642883, 0.003073823405429721]"
998,1,48.35%,81.48%,0.0181,"[0.01477845013141632, 0.9852215647697449]"
999,0,48.30%,81.50%,0.0060,"[0.995884358882904, 0.004115583375096321]"
1000,0,48.25%,81.52%,0.0214,"[0.9940067529678345, 0.005993252620100975]"
1001,1,48.30%,81.54%,0.0230,"[0.024474121630191803, 0.9755259156227112]"
1002,1,48.35%,81.56%,0.0425,"[0.042242154479026794, 0.957757830619812]"
1003,1,48.41%,81.47%,0.1436,"[0.7777055501937866, 0.22229446470737457]"
1004,1,48.46%,81.49%,0.0801,"[0.07562922686338425, 0.9243707060813904]"
1005,0,48.41%,81.51%,0.0132,"[0.9842687845230103, 0.015731247141957283]"
1006,1,48.46%,81.53%,0.0537,"[0.05666406825184822, 0.9433358907699585]"
1007,0,48.41%,81.45%,2.2045,"[0.09845129400491714, 0.9015487432479858]"
1008,0,48.36%,81.47%,0.0248,"[0.98158860206604, 0.01841140352189541]"
1009,1,48.42%,81.49%,0.0395,"[0.03823617845773697, 0.961763858795166]"
1010,1,48.47%,81.50%,0.0695,"[0.06054426357150078, 0.9394557476043701]"
1011,1,48.52%,81.52%,0.0322,"[0.03255993127822876, 0.9674400687217712]"
1012,0,48.47%,81.44%,2.5225,"[0.07555431127548218, 0.9244456887245178]"
1013,0,48.42%,81.46%,0.0077,"[0.9897962212562561, 0.010203735902905464]"
1014,0,48.37%,81.48%,0.0021,"[0.9978771209716797, 0.0021229381673038006]"
1015,1,48.43%,81.50%,0.0233,"[0.02641521580517292, 0.973584771156311]"
1016,1,48.48%,81.51%,0.0379,"[0.03743893653154373, 0.9625610709190369]"
1017,0,48.43%,81.53%,0.0397,"[0.975915789604187, 0.02408427745103836]"
1018,1,48.48%,81.55%,0.0306,"[0.021977197378873825, 0.9780227541923523]"
1019,0,48.43%,81.57%,0.0030,"[0.924875795841217, 0.07512421160936356]"
1020,1,48.48%,81.59%,0.1250,"[0.10644840449094772, 0.8935515880584717]"
1021,1,48.53%,81.60%,0.0700,"[0.07219468802213669, 0.9278053045272827]"
1022,0,48.48%,81.62%,0.0082,"[0.9902192950248718, 0.009780660271644592]"
1023,0,48.44%,81.64%,0.0029,"[0.9952919483184814, 0.004708068445324898]"
1024,0,48.39%,81.66%,0.0017,"[0.9982072114944458, 0.0017928428715094924]"
1025,1,48.44%,81.68%,0.0629,"[0.028110330924391747, 0.9718896746635437]"
1026,1,48.49%,81.69%,0.0497,"[0.04730299860239029, 0.9526970386505127]"
1027,1,48.54%,81.71%,0.0885,"[0.1337883472442627, 0.8662117123603821]"
1028,0,48.49%,81.73%,0.0094,"[0.992328941822052, 0.007671085651963949]"
1029,0,48.45%,81.75%,0.0069,"[0.9959976673126221, 0.004002294037491083]"
1030,1,48.50%,81.77%,0.0305,"[0.025707246735692024, 0.9742927551269531]"
1031,0,48.45%,81.78%,0.0051,"[0.9897748231887817, 0.010225145146250725]"
1032,0,48.40%,81.80%,0.0040,"[0.9981898665428162, 0.001810175832360983]"
1033,0,48.36%,81.82%,0.0029,"[0.9989240765571594, 0.0010759562719613314]"
1034,0,48.31%,81.84%,0.0009,"[0.9992688298225403, 0.0007312088855542243]"
1035,1,48.36%,81.85%,0.0196,"[0.0188694316893816, 0.9811305403709412]"
1036,1,48.41%,81.87%,0.0514,"[0.030291935428977013, 0.9697080850601196]"
1037,1,48.46%,81.89%,0.0643,"[0.05284586548805237, 0.94715416431427]"
1038,1,48.51%,81.91%,0.1420,"[0.11107468605041504, 0.888925313949585]"
1039,0,48.46%,81.92%,0.0223,"[0.9730620980262756, 0.026937909424304962]"
1040,0,48.41%,81.94%,0.0047,"[0.9924725294113159, 0.007527458481490612]"
1041,0,48.37%,81.86%,3.3976,"[0.02815309166908264, 0.971846878528595]"
1042,1,48.42%,81.88%,0.0358,"[0.03413587063550949, 0.9658641219139099]"
1043,0,48.37%,81.90%,0.0082,"[0.987898051738739, 0.012101901695132256]"
1044,0,48.33%,81.91%,0.0027,"[0.9968485236167908, 0.0031514225993305445]"
1045,0,48.28%,81.93%,0.0014,"[0.9978151321411133, 0.002184835961088538]"
1046,1,48.33%,81.95%,0.0267,"[0.02701287344098091, 0.972987174987793]"
1047,0,48.28%,81.97%,0.0324,"[0.9751085042953491, 0.024891512468457222]"
1048,0,48.24%,81.98%,0.0040,"[0.9963735938072205, 0.003626392688602209]"
1049,0,48.19%,82.00%,0.0008,"[0.9993785619735718, 0.0006213714950717986]"
1050,0,48.14%,82.02%,0.0007,"[0.9991750121116638, 0.0008249279926531017]"
1051,0,48.10%,81.94%,2.1728,"[0.2582523226737976, 0.7417476177215576]"
1052,0,48.05%,81.96%,0.0004,"[0.9996176958084106, 0.000382239610189572]"
1053,0,48.01%,81.97%,0.0005,"[0.9994064569473267, 0.0005935466033406556]"
1054,1,48.06%,81.99%,0.0143,"[0.01356874592602253, 0.9864311814308167]"
1055,1,48.11%,82.01%,0.2998,"[0.2454104721546173, 0.7545894980430603]"
1056,1,48.16%,82.02%,0.1117,"[0.05279568210244179, 0.9472042918205261]"
1057,1,48.20%,82.04%,0.1185,"[0.07670260220766068, 0.9232973456382751]"
1058,1,48.25%,82.06%,0.0966,"[0.0884455144405365, 0.9115544557571411]"
1059,0,48.21%,82.08%,0.0581,"[0.9435359239578247, 0.05646413192152977]"
1060,0,48.16%,82.09%,0.0093,"[0.9901872277259827, 0.009812776930630207]"
1061,0,48.12%,82.11%,0.0021,"[0.9979422688484192, 0.0020577290561050177]"
1062,1,48.17%,82.13%,0.0157,"[0.017089778557419777, 0.9829102158546448]"
1063,1,48.21%,82.14%,0.0449,"[0.039725203067064285, 0.9602747559547424]"
1064,0,48.17%,82.16%,0.0087,"[0.9919819235801697, 0.008018097840249538]"
1065,1,48.22%,82.18%,0.3635,"[0.3027717173099518, 0.6972283124923706]"
1066,0,48.17%,82.19%,0.0162,"[0.9862770438194275, 0.013722951523959637]"
1067,1,48.22%,82.21%,0.0775,"[0.06876134127378464, 0.9312386512756348]"
1068,1,48.27%,82.23%,0.0717,"[0.0685829222202301, 0.9314171075820923]"
1069,1,48.32%,82.24%,0.1790,"[0.1612214595079422, 0.8387784957885742]"
1070,1,48.37%,82.26%,0.1414,"[0.1850149780511856, 0.8149849772453308]"
1071,0,48.32%,82.28%,0.0183,"[0.9470406770706177, 0.05295930802822113]"
1072,1,48.37%,82.29%,0.1313,"[0.039086297154426575, 0.9609137773513794]"
1073,0,48.32%,82.22%,1.8173,"[0.11235025525093079, 0.8876497745513916]"
1074,0,48.28%,82.23%,0.0059,"[0.9852445721626282, 0.014755402691662312]"
1075,1,48.33%,82.25%,0.0192,"[0.02947731502354145, 0.9705227017402649]"
1076,1,48.38%,82.27%,0.0245,"[0.03162818402051926, 0.9683718085289001]"
1077,0,48.33%,82.28%,0.0106,"[0.9950097799301147, 0.004990237765014172]"
1078,0,48.29%,82.21%,1.6309,"[0.1871425360441208, 0.8128575086593628]"
1079,1,48.33%,82.22%,0.0783,"[0.06936216354370117, 0.9306378960609436]"
1080,0,48.29%,82.24%,0.0087,"[0.995914876461029, 0.004085061606019735]"
1081,1,48.34%,82.26%,0.0440,"[0.043594278395175934, 0.956405758857727]"
1082,0,48.29%,82.27%,0.0235,"[0.9810404181480408, 0.018959544599056244]"
1083,0,48.25%,82.20%,1.7078,"[0.2167920619249344, 0.7832079529762268]"
1084,1,48.29%,82.21%,0.0230,"[0.023581204935908318, 0.9764187932014465]"
1085,0,48.25%,82.23%,0.0066,"[0.9925097227096558, 0.007490284275263548]"
1086,1,48.30%,82.24%,0.0404,"[0.026747046038508415, 0.9732528924942017]"
1087,1,48.35%,82.17%,0.2167,"[0.659885585308075, 0.34011441469192505]"
1088,0,48.30%,82.19%,0.0348,"[0.9740041494369507, 0.02599581889808178]"
1089,1,48.35%,82.20%,0.0628,"[0.0627187043428421, 0.9372813105583191]"
1090,0,48.30%,82.22%,0.1471,"[0.6019099950790405, 0.3980899751186371]"
1091,1,48.35%,82.23%,0.0845,"[0.07775920629501343, 0.9222407937049866]"
1092,1,48.40%,82.25%,0.1606,"[0.13878002762794495, 0.8612199425697327]"
1093,1,48.45%,82.27%,0.1911,"[0.14608392119407654, 0.8539161086082458]"
1094,1,48.49%,82.28%,0.2203,"[0.18616752326488495, 0.8138324618339539]"
1095,0,48.45%,82.30%,0.0748,"[0.8595166802406311, 0.14048324525356293]"
1096,0,48.40%,82.32%,0.0160,"[0.9827477335929871, 0.017252257093787193]"
1097,0,48.36%,82.33%,0.0042,"[0.9958518743515015, 0.004148181993514299]"
1098,0,48.32%,82.35%,0.0016,"[0.998171329498291, 0.0018286504782736301]"
1099,0,48.27%,82.36%,0.0011,"[0.9989104270935059, 0.001089619006961584]"
1100,1,48.32%,82.38%,0.0124,"[0.011177198961377144, 0.9888228178024292]"
1101,1,48.37%,82.40%,0.0209,"[0.02141650579869747, 0.978583574295044]"
1102,0,48.32%,82.41%,0.0070,"[0.9973703622817993, 0.0026296295691281557]"
1103,1,48.37%,82.43%,0.0429,"[0.035258516669273376, 0.9647415280342102]"
1104,1,48.42%,82.44%,0.0838,"[0.09584058076143265, 0.9041593670845032]"
1105,0,48.37%,82.46%,0.0447,"[0.9802677631378174, 0.0197322778403759]"
1106,1,48.42%,82.48%,0.0985,"[0.05628069117665291, 0.9437193274497986]"
1107,1,48.47%,82.49%,0.0936,"[0.09103189408779144, 0.9089680314064026]"
1108,1,48.51%,82.51%,0.2035,"[0.21734197437763214, 0.782658040523529]"
1109,0,48.47%,82.52%,0.0458,"[0.9376570582389832, 0.06234299764037132]"
1110,1,48.51%,82.54%,0.0556,"[0.03748956695199013, 0.9625104665756226]"
1111,0,48.47%,82.55%,0.0171,"[0.9729560613632202, 0.027044011279940605]"
1112,0,48.43%,82.57%,0.0096,"[0.9946938157081604, 0.005306154023855925]"
1113,1,48.47%,82.59%,0.0214,"[0.019353780895471573, 0.9806462526321411]"
1114,0,48.43%,82.60%,0.0029,"[0.9978487491607666, 0.00215128599666059]"
1115,0,48.39%,82.62%,0.0071,"[0.9995982050895691, 0.0004018120816908777]"
1116,1,48.43%,82.63%,0.0064,"[0.005611573811620474, 0.9943884015083313]"
1117,0,48.39%,82.65%,0.0175,"[0.9987120628356934, 0.0012879051500931382]"
1118,1,48.44%,82.66%,0.0100,"[0.019956687465310097, 0.9800432920455933]"
1119,1,48.48%,82.68%,0.0129,"[0.02005767822265625, 0.9799423217773438]"
1120,0,48.44%,82.60%,1.7151,"[0.43803122639656067, 0.5619688034057617]"
1121,0,48.40%,82.62%,0.0083,"[0.9992534518241882, 0.0007465413655154407]"
1122,0,48.35%,82.64%,0.0008,"[0.9981316924095154, 0.001868382329121232]"
1123,0,48.31%,82.56%,4.7971,"[0.00848520640283823, 0.9915148019790649]"
1124,1,48.36%,82.58%,0.0074,"[0.005066197831183672, 0.9949337840080261]"
1125,0,48.31%,82.59%,0.0164,"[0.9753658771514893, 0.024634113535284996]"
1126,0,48.27%,82.61%,0.0020,"[0.9963306784629822, 0.0036693490110337734]"
1127,0,48.23%,82.54%,3.1369,"[0.09659435600042343, 0.9034056067466736]"
1128,0,48.18%,82.55%,0.0006,"[0.9988730549812317, 0.001126941991969943]"
1129,1,48.23%,82.57%,0.0078,"[0.00774884968996048, 0.9922510981559753]"
1130,0,48.19%,82.58%,0.0019,"[0.9957315325737, 0.004268491640686989]"
1131,1,48.23%,82.60%,0.0596,"[0.0363830029964447, 0.9636170268058777]"
1132,0,48.19%,82.52%,3.4281,"[0.0722251906991005, 0.9277748465538025]"
1133,1,48.24%,82.54%,0.0258,"[0.02554442174732685, 0.9744555950164795]"
1134,0,48.19%,82.56%,0.0054,"[0.9932941198348999, 0.006705950014293194]"
1135,1,48.24%,82.57%,0.1505,"[0.09442930668592453, 0.9055706858634949]"
1136,0,48.20%,82.59%,0.0052,"[0.9951685667037964, 0.004831493832170963]"
1137,0,48.15%,82.60%,0.0026,"[0.9980027079582214, 0.0019973095040768385]"
1138,1,48.20%,82.62%,0.0495,"[0.020757250487804413, 0.9792428016662598]"
1139,1,48.25%,82.63%,0.0589,"[0.058788977563381195, 0.9412109851837158]"
1140,1,48.29%,82.65%,0.2180,"[0.22644507884979248, 0.7735549807548523]"
1141,0,48.25%,82.66%,0.0394,"[0.9786883592605591, 0.021311623975634575]"
1142,1,48.29%,82.68%,0.0658,"[0.0676204040646553, 0.9323796033859253]"
1143,1,48.34%,82.69%,0.0721,"[0.08096244186162949, 0.9190375208854675]"
1144,1,48.38%,82.71%,0.0951,"[0.11198540776968002, 0.8880146145820618]"
1145,1,48.43%,82.72%,0.1253,"[0.14109240472316742, 0.8589076399803162]"
1146,0,48.39%,82.74%,0.0068,"[0.9092206358909607, 0.09077929705381393]"
1147,1,48.43%,82.75%,0.1145,"[0.0966181755065918, 0.903381884098053]"
1148,0,48.39%,82.77%,0.0175,"[0.9897328019142151, 0.01026720181107521]"
1149,0,48.35%,82.78%,0.0035,"[0.9930496215820312, 0.006950381211936474]"
1150,1,48.39%,82.80%,0.0249,"[0.02309499680995941, 0.9769049882888794]"
1151,0,48.35%,82.81%,0.0188,"[0.9859035015106201, 0.014096545986831188]"
1152,0,48.31%,82.83%,0.0028,"[0.9976969361305237, 0.0023030906450003386]"
1153,1,48.35%,82.84%,0.0215,"[0.019903117790818214, 0.9800968766212463]"
1154,0,48.31%,82.86%,0.0088,"[0.9985079169273376, 0.0014920613029971719]"
1155,0,48.27%,82.87%,0.0012,"[0.9981690645217896, 0.001830958528444171]"
1156,1,48.31%,82.89%,0.0153,"[0.015262111090123653, 0.9847379326820374]"
1157,1,48.36%,82.90%,0.0964,"[0.10864435136318207, 0.8913556933403015]"
1158,1,48.40%,82.92%,0.0988,"[0.09130233526229858, 0.9086976647377014]"
1159,0,48.36%,82.93%,0.0164,"[0.9836483001708984, 0.016351651400327682]"
1160,0,48.32%,82.95%,0.0057,"[0.99483722448349, 0.005162707529962063]"
1161,0,48.28%,82.96%,0.0615,"[0.9816291332244873, 0.018370850011706352]"
1162,1,48.32%,82.98%,0.0334,"[0.040982622653245926, 0.9590173363685608]"
1163,1,48.37%,82.99%,0.0452,"[0.03832531347870827, 0.9616747498512268]"
1164,0,48.33%,83.00%,0.0212,"[0.9603961706161499, 0.03960379958152771]"
1165,0,48.28%,82.93%,2.3372,"[0.10764496773481369, 0.8923549652099609]"
1166,1,48.33%,82.95%,0.0212,"[0.016035934910178185, 0.9839641451835632]"
1167,1,48.37%,82.96%,0.0288,"[0.014863754622638226, 0.9851363301277161]"
1168,1,48.42%,82.98%,0.0197,"[0.04561687633395195, 0.954383134841919]"
1169,0,48.38%,82.99%,0.1351,"[0.9658712148666382, 0.03412875533103943]"
1170,1,48.42%,83.01%,0.0342,"[0.03352732211351395, 0.9664726853370667]"
1171,1,48.46%,83.02%,0.0852,"[0.04367142170667648, 0.9563285708427429]"
1172,1,48.51%,83.03%,0.1190,"[0.05826888978481293, 0.9417310953140259]"
1173,0,48.47%,82.96%,1.3872,"[0.1566307097673416, 0.8433693051338196]"
1174,0,48.43%,82.98%,0.0097,"[0.9869762063026428, 0.013023724779486656]"
1175,0,48.38%,82.91%,3.4156,"[0.05030035227537155, 0.9496996998786926]"
1176,1,48.43%,82.92%,0.0210,"[0.024869587272405624, 0.9751303791999817]"
1177,1,48.47%,82.94%,0.0616,"[0.07818599790334702, 0.9218140244483948]"
1178,0,48.43%,82.95%,0.0307,"[0.98659348487854, 0.013406439684331417]"
1179,1,48.47%,82.97%,0.0681,"[0.061513978987932205, 0.9384859800338745]"
1180,0,48.43%,82.90%,1.8875,"[0.14540480077266693, 0.8545951843261719]"
1181,1,48.48%,82.91%,0.0500,"[0.059862758964300156, 0.9401372671127319]"
1182,1,48.52%,82.92%,0.0747,"[0.08681338280439377, 0.9131866097450256]"
1183,1,48.56%,82.94%,0.0775,"[0.16892535984516144, 0.8310746550559998]"
1184,1,48.61%,82.95%,0.1274,"[0.0870809480547905, 0.9129191040992737]"
1185,1,48.65%,82.97%,0.1534,"[0.050920769572257996, 0.9490792751312256]"
1186,1,48.69%,82.98%,0.0681,"[0.17443737387657166, 0.8255626559257507]"
1187,1,48.74%,83.00%,0.2191,"[0.23106861114501953, 0.7689313888549805]"
1188,1,48.78%,83.01%,0.1579,"[0.11450396478176117, 0.8854959607124329]"
1189,1,48.82%,83.03%,0.3306,"[0.18258829414844513, 0.8174116611480713]"
1190,0,48.78%,83.04%,0.0415,"[0.7355387806892395, 0.2644612193107605]"
1191,0,48.74%,83.05%,0.0751,"[0.9756233096122742, 0.024376768618822098]"
1192,0,48.70%,82.98%,3.1223,"[0.04403814673423767, 0.9559618234634399]"
1193,0,48.66%,83.00%,0.0639,"[0.9893003106117249, 0.010699666105210781]"
1194,0,48.62%,83.01%,0.0031,"[0.9975523352622986, 0.002447656122967601]"
1195,0,48.58%,83.03%,0.0023,"[0.9983464479446411, 0.001653613056987524]"
1196,1,48.62%,83.04%,0.1215,"[0.10878179967403412, 0.8912181854248047]"
1197,1,48.66%,83.06%,0.1076,"[0.09472154080867767, 0.9052784442901611]"
1198,0,48.62%,83.07%,0.0325,"[0.9710527062416077, 0.02894730307161808]"
1199,0,48.58%,83.08%,0.0060,"[0.9946398138999939, 0.00536018330603838]"
1200,1,48.63%,83.10%,0.0665,"[0.057929445058107376, 0.9420705437660217]"
1201,0,48.59%,83.11%,0.0042,"[0.9967271089553833, 0.003272834699600935]"
1202,1,48.63%,83.13%,0.0449,"[0.038281213492155075, 0.961718738079071]"
1203,0,48.59%,83.14%,0.0047,"[0.9941079616546631, 0.005892012268304825]"
1204,1,48.63%,83.15%,0.1235,"[0.11056002229452133, 0.8894399404525757]"
1205,0,48.59%,83.17%,0.0094,"[0.9935142993927002, 0.006485725287348032]"
1206,1,48.63%,83.18%,0.0462,"[0.03228255733847618, 0.9677174091339111]"
1207,1,48.68%,83.20%,0.0699,"[0.051034726202487946, 0.9489652514457703]"
1208,0,48.64%,83.21%,0.0060,"[0.9968552589416504, 0.003144766902551055]"
1209,0,48.60%,83.22%,0.0015,"[0.9959569573402405, 0.004042990040034056]"
1210,0,48.55%,83.24%,0.0007,"[0.9989281296730042, 0.0010718267876654863]"
1211,1,48.60%,83.25%,0.0814,"[0.05439186096191406, 0.9456081390380859]"
1212,0,48.56%,83.18%,1.5688,"[0.1881176084280014, 0.8118824362754822]"
1213,1,48.60%,83.20%,0.0187,"[0.015249202959239483, 0.9847508668899536]"
1214,0,48.56%,83.13%,3.9024,"[0.020867183804512024, 0.9791328310966492]"
1215,1,48.60%,83.14%,0.4916,"[0.17892953753471375, 0.8210704922676086]"
1216,1,48.64%,83.16%,0.0934,"[0.09246242791414261, 0.9075376391410828]"
1217,0,48.60%,83.17%,0.0133,"[0.9848378896713257, 0.01516213919967413]"
1218,0,48.56%,83.18%,0.0052,"[0.9932204484939575, 0.006779510993510485]"
1219,1,48.61%,83.20%,0.1407,"[0.24655233323574066, 0.7534477114677429]"
1220,0,48.57%,83.21%,0.0076,"[0.9954522252082825, 0.004547852091491222]"
1221,0,48.53%,83.22%,0.0019,"[0.9983904361724854, 0.0016096032923087478]"
1222,1,48.57%,83.24%,0.0166,"[0.020761221647262573, 0.9792388081550598]"
1223,0,48.53%,83.17%,2.8919,"[0.05556102097034454, 0.9444389939308167]"
1224,1,48.57%,83.18%,0.0819,"[0.09443406760692596, 0.9055659770965576]"
1225,1,48.61%,83.20%,0.0934,"[0.054634854197502136, 0.9453651905059814]"
1226,1,48.66%,83.21%,0.1079,"[0.13516290485858917, 0.864837110042572]"
1227,1,48.70%,83.22%,0.1637,"[0.18173116445541382, 0.8182688355445862]"
1228,0,48.66%,83.24%,0.1180,"[0.8716105222702026, 0.12838949263095856]"
1229,0,48.62%,83.17%,0.3303,"[0.3106629550457001, 0.6893370747566223]"
1230,1,48.66%,83.18%,0.0303,"[0.03527233377099037, 0.9647276401519775]"
1231,1,48.70%,83.20%,0.0424,"[0.041565071791410446, 0.9584349393844604]"
1232,1,48.74%,83.21%,0.0515,"[0.0514795258641243, 0.9485204815864563]"
1233,1,48.78%,83.23%,0.1100,"[0.08029790222644806, 0.9197020530700684]"
1234,0,48.74%,83.16%,1.3575,"[0.17869623005390167, 0.8213037848472595]"
1235,1,48.79%,83.17%,0.1130,"[0.08287345618009567, 0.9171265363693237]"
1236,0,48.75%,83.19%,0.0168,"[0.9853811860084534, 0.014618857763707638]"
1237,0,48.71%,83.20%,0.0083,"[0.9918556213378906, 0.008144384250044823]"
1238,0,48.67%,83.21%,0.0030,"[0.9970099925994873, 0.002989973174408078]"
1239,0,48.63%,83.15%,3.1281,"[0.04199158400297165, 0.9580084085464478]"
1240,1,48.67%,83.16%,0.0124,"[0.011036181822419167, 0.9889638423919678]"
1241,1,48.71%,83.17%,0.3449,"[0.16496019065380096, 0.8350398540496826]"
1242,0,48.67%,83.19%,0.0025,"[0.9973956346511841, 0.00260441517457366]"
1243,0,48.63%,83.20%,0.0017,"[0.9984350800514221, 0.0015649355482310057]"
1244,1,48.67%,83.21%,0.0429,"[0.05749544873833656, 0.9425045251846313]"
1245,1,48.72%,83.23%,0.1299,"[0.13435658812522888, 0.8656433820724487]"
1246,0,48.68%,83.24%,0.0182,"[0.9844932556152344, 0.015506799332797527]"
1247,1,48.72%,83.25%,0.0670,"[0.0653245598077774, 0.934675395488739]"
1248,1,48.76%,83.27%,0.0779,"[0.1139797642827034, 0.886020302772522]"
1249,0,48.72%,83.28%,0.0109,"[0.9825057983398438, 0.017494209110736847]"
1250,0,48.68%,83.29%,0.0142,"[0.9810694456100464, 0.01893053762614727]"
1251,1,48.72%,83.31%,0.0681,"[0.06491642445325851, 0.9350836277008057]"
1252,0,48.68%,83.32%,0.0118,"[0.9933746457099915, 0.00662537757307291]"
1253,0,48.64%,83.33%,0.0032,"[0.99760901927948, 0.0023909483570605516]"
1254,1,48.69%,83.35%,0.0187,"[0.019994964823126793, 0.9800050258636475]"
1255,1,48.73%,83.36%,0.1456,"[0.16651809215545654, 0.8334819078445435]"
1256,1,48.77%,83.37%,0.0460,"[0.042839858680963516, 0.9571601748466492]"
1257,1,48.81%,83.39%,0.0366,"[0.04803252965211868, 0.9519674777984619]"
1258,0,48.77%,83.40%,0.0027,"[0.9971463084220886, 0.002853707643225789]"
1259,1,48.81%,83.41%,0.0426,"[0.023949993774294853, 0.9760500192642212]"
1260,1,48.85%,83.43%,0.0998,"[0.1005227118730545, 0.8994773030281067]"
1261,1,48.89%,83.44%,0.1115,"[0.11790747195482254, 0.8820925354957581]"
1262,0,48.85%,83.45%,0.1406,"[0.9020841717720032, 0.09791577607393265]"
1263,1,48.89%,83.47%,0.0595,"[0.048873335123062134, 0.9511266350746155]"
1264,1,48.93%,83.48%,0.0741,"[0.09461753815412521, 0.905382513999939]"
1265,0,48.89%,83.49%,0.0175,"[0.9858777523040771, 0.014122255146503448]"
1266,1,48.93%,83.50%,0.0235,"[0.024662693962454796, 0.9753373265266418]"
1267,1,48.97%,83.52%,0.0588,"[0.040704887360334396, 0.9592950940132141]"
1268,1,49.01%,83.53%,0.0687,"[0.03409138694405556, 0.9659085869789124]"
1269,0,48.98%,83.54%,0.0214,"[0.9844868779182434, 0.015513075515627861]"
1270,0,48.94%,83.48%,3.5346,"[0.05906340107321739, 0.9409366250038147]"
1271,1,48.98%,83.49%,0.0350,"[0.03718242421746254, 0.9628176093101501]"
1272,1,49.02%,83.50%,0.0825,"[0.07865051925182343, 0.9213495254516602]"
1273,0,48.98%,83.52%,0.0304,"[0.9553660750389099, 0.04463391751050949]"
1274,1,49.02%,83.53%,0.0616,"[0.0598175935447216, 0.9401823878288269]"
1275,0,48.98%,83.54%,0.0064,"[0.9826578497886658, 0.017342129722237587]"
1276,0,48.94%,83.56%,0.0034,"[0.9955239295959473, 0.004476137924939394]"
1277,0,48.90%,83.57%,0.0021,"[0.9985705614089966, 0.0014293927233666182]"
1278,0,48.87%,83.58%,0.0006,"[0.9993707537651062, 0.0006292156758718193]"
1279,0,48.83%,83.59%,2.6040,"[0.9039455056190491, 0.09605450928211212]"
1280,1,48.87%,83.61%,0.0106,"[0.013306628912687302, 0.9866934418678284]"
1281,1,48.91%,83.62%,0.0376,"[0.032900892198085785, 0.967099130153656]"
1282,0,48.87%,83.63%,0.0084,"[0.9897229671478271, 0.010277033783495426]"
1283,1,48.91%,83.64%,0.0639,"[0.06152027100324631, 0.9384797811508179]"
1284,1,48.95%,83.66%,0.0650,"[0.06408396363258362, 0.9359160661697388]"
1285,0,48.91%,83.67%,0.0055,"[0.9870789051055908, 0.012921148911118507]"
1286,1,48.95%,83.68%,0.1564,"[0.057521987706422806, 0.9424779415130615]"
1287,0,48.91%,83.70%,0.0167,"[0.9826012253761292, 0.017398802563548088]"
1288,0,48.88%,83.71%,0.0227,"[0.9958851933479309, 0.004114795476198196]"
1289,1,48.91%,83.72%,0.0605,"[0.05784803256392479, 0.9421519041061401]"
1290,1,48.95%,83.73%,0.0373,"[0.03644334524869919, 0.963556706905365]"
1291,0,48.92%,83.75%,0.0016,"[0.9983160495758057, 0.0016840181779116392]"
1292,1,48.96%,83.76%,0.0201,"[0.020743517205119133, 0.9792565107345581]"
1293,0,48.92%,83.77%,0.0029,"[0.9970704317092896, 0.0029295843560248613]"
1294,1,48.96%,83.78%,0.0265,"[0.02795894630253315, 0.9720410108566284]"
1295,1,49.00%,83.80%,0.0550,"[0.051665518432855606, 0.9483344554901123]"
1296,1,49.04%,83.81%,0.0840,"[0.048524387180805206, 0.9514756798744202]"
1297,1,49.08%,83.82%,0.0466,"[0.03175370395183563, 0.9682462811470032]"
1298,1,49.11%,83.83%,0.0955,"[0.06104079633951187, 0.9389591813087463]"
1299,1,49.15%,83.85%,0.1150,"[0.11521314829587936, 0.8847867846488953]"
1300,1,49.19%,83.86%,0.1400,"[0.08569563925266266, 0.9143043756484985]"
1301,0,49.16%,83.87%,0.0073,"[0.9910090565681458, 0.008990916423499584]"
1302,0,49.12%,83.88%,0.0044,"[0.9981215596199036, 0.0018783779814839363]"
1303,1,49.16%,83.90%,0.0143,"[0.0181241724640131, 0.9818758368492126]"
1304,1,49.20%,83.91%,0.0228,"[0.03176799416542053, 0.9682319760322571]"
1305,0,49.16%,83.92%,0.0141,"[0.9924095869064331, 0.0075903721153736115]"
1306,1,49.20%,83.93%,0.0228,"[0.03188089653849602, 0.9681191444396973]"
1307,0,49.16%,83.87%,3.0572,"[0.1209857165813446, 0.879014253616333]"
1308,0,49.12%,83.88%,0.4516,"[0.9738812446594238, 0.02611875720322132]"
1309,1,49.16%,83.89%,0.0178,"[0.043663956224918365, 0.9563360810279846]"
1310,0,49.12%,83.83%,2.3474,"[0.04545595496892929, 0.9545440077781677]"
1311,1,49.16%,83.84%,0.0832,"[0.09958305209875107, 0.900416910648346]"
1312,0,49.12%,83.85%,0.0085,"[0.9731712937355042, 0.02682867832481861]"
1313,1,49.16%,83.87%,0.0377,"[0.03240352123975754, 0.9675965309143066]"
1314,1,49.20%,83.88%,0.0324,"[0.04483923688530922, 0.9551607966423035]"
1315,0,49.16%,83.81%,2.7255,"[0.049037620425224304, 0.9509623050689697]"
1316,0,49.13%,83.83%,0.0053,"[0.9933558702468872, 0.006644196342676878]"
1317,0,49.09%,83.76%,3.4831,"[0.029137512668967247, 0.9708624482154846]"
1318,1,49.13%,83.78%,0.0216,"[0.020689211785793304, 0.9793108105659485]"
1319,1,49.17%,83.79%,0.0473,"[0.04731559380888939, 0.9526844024658203]"
1320,0,49.13%,83.80%,0.0030,"[0.9965208768844604, 0.0034790965728461742]"
1321,1,49.17%,83.81%,0.2680,"[0.3199605643749237, 0.6800393462181091]"
1322,1,49.21%,83.82%,0.0582,"[0.044608522206544876, 0.955391526222229]"
1323,0,49.17%,83.76%,0.8168,"[0.3191887140274048, 0.6808112859725952]"
1324,1,49.21%,83.77%,0.0308,"[0.03375069424510002, 0.9662492871284485]"
1325,1,49.25%,83.79%,0.0727,"[0.05518105998635292, 0.944818913936615]"
1326,1,49.28%,83.80%,0.1381,"[0.09008392691612244, 0.9099160432815552]"
1327,0,49.25%,83.81%,0.0172,"[0.9782246351242065, 0.021775349974632263]"
1328,0,49.21%,83.82%,0.0038,"[0.9961925745010376, 0.003807459492236376]"
1329,0,49.17%,83.76%,3.0290,"[0.05159879848361015, 0.9484012126922607]"
1330,0,49.14%,83.77%,0.0010,"[0.9990218877792358, 0.000978049822151661]"
1331,0,49.10%,83.78%,0.0011,"[0.9993402361869812, 0.0006597129395231605]"
1332,1,49.14%,83.80%,0.0269,"[0.029308492317795753, 0.9706915020942688]"
1333,0,49.10%,83.81%,0.0018,"[0.9980345368385315, 0.0019654601346701384]"
1334,0,49.06%,83.82%,0.2450,"[0.8565422892570496, 0.14345765113830566]"
1335,0,49.03%,83.83%,0.0006,"[0.9995638728141785, 0.00043612669105641544]"
1336,1,49.07%,83.84%,0.0537,"[0.03253829479217529, 0.9674617052078247]"
1337,0,49.03%,83.86%,0.0024,"[0.9967756867408752, 0.0032243598252534866]"
1338,0,48.99%,83.87%,0.0010,"[0.9991632699966431, 0.0008367550326511264]"
1339,1,49.03%,83.88%,0.0422,"[0.03290946036577225, 0.9670905470848083]"
1340,0,48.99%,83.89%,0.0029,"[0.9953054189682007, 0.004694558214396238]"
1341,0,48.96%,83.90%,0.2592,"[0.9298803806304932, 0.07011966407299042]"
1342,1,48.99%,83.84%,0.6068,"[0.6163302659988403, 0.38366973400115967]"
1343,1,49.03%,83.85%,0.0532,"[0.05229995772242546, 0.9477000832557678]"
1344,0,49.00%,83.87%,0.0050,"[0.9950124621391296, 0.004987468011677265]"
1345,0,48.96%,83.88%,0.0015,"[0.998618483543396, 0.001381552778184414]"
1346,1,49.00%,83.89%,0.0799,"[0.08241766691207886, 0.9175822734832764]"
1347,0,48.96%,83.83%,1.5168,"[0.2143360823392868, 0.785663902759552]"
1348,0,48.93%,83.84%,0.0028,"[0.9963749051094055, 0.003625107929110527]"
1349,0,48.89%,83.85%,0.0015,"[0.9985570311546326, 0.0014430192532017827]"
1350,1,48.93%,83.86%,0.1203,"[0.11024994403123856, 0.889750063419342]"
1351,0,48.89%,83.88%,0.0032,"[0.9983919262886047, 0.0016080981586128473]"
1352,0,48.85%,83.89%,0.0006,"[0.9987900853157043, 0.0012099562445655465]"
1353,0,48.82%,83.90%,0.0620,"[0.9503729939460754, 0.049627017229795456]"
1354,1,48.86%,83.91%,0.0394,"[0.036181408911943436, 0.9638186097145081]"
1355,0,48.82%,83.92%,0.0012,"[0.9985105395317078, 0.0014894172782078385]"
1356,1,48.86%,83.94%,0.0262,"[0.02363217994570732, 0.9763678312301636]"
1357,0,48.82%,83.95%,0.0014,"[0.9988439083099365, 0.0011560742277652025]"
1358,0,48.79%,83.96%,0.0005,"[0.9991697072982788, 0.0008303436916321516]"
1359,1,48.82%,83.97%,0.0881,"[0.0551462396979332, 0.9448537230491638]"
1360,1,48.86%,83.98%,0.1165,"[0.10755752772092819, 0.892442524433136]"
1361,0,48.83%,83.99%,0.0076,"[0.9938839077949524, 0.006116032134741545]"
1362,0,48.79%,84.01%,0.0015,"[0.9982157945632935, 0.001784179825335741]"
1363,0,48.75%,84.02%,0.0007,"[0.9991268515586853, 0.0008731355192139745]"
1364,0,48.72%,84.03%,0.4793,"[0.6041619181632996, 0.39583802223205566]"
1365,0,48.68%,84.04%,0.0894,"[0.8623241186141968, 0.13767586648464203]"
1366,0,48.65%,84.05%,0.0002,"[0.9997429251670837, 0.00025712483329698443]"
1367,0,48.61%,84.06%,0.0002,"[0.9998296499252319, 0.00017035609926097095]"
1368,0,48.58%,84.00%,3.2103,"[0.04361885040998459, 0.95638108253479]"
1369,1,48.61%,84.01%,0.0208,"[0.01721988432109356, 0.9827800989151001]"
1370,1,48.65%,84.03%,0.0797,"[0.07235895097255707, 0.9276410341262817]"
1371,1,48.69%,83.97%,1.0551,"[0.7285083532333374, 0.271491676568985]"
1372,0,48.65%,83.98%,0.0091,"[0.9913181066513062, 0.00868193432688713]"
1373,1,48.69%,83.92%,1.8228,"[0.783794105052948, 0.21620586514472961]"
1374,0,48.65%,83.93%,0.0452,"[0.9151558876037598, 0.08484407514333725]"
1375,1,48.69%,83.94%,0.2646,"[0.23915421962738037, 0.7608457803726196]"
1376,1,48.73%,83.95%,0.3986,"[0.3138395845890045, 0.6861603856086731]"
1377,1,48.77%,83.96%,0.1996,"[0.19173423945903778, 0.808265745639801]"
1378,1,48.80%,83.97%,0.2787,"[0.2564224302768707, 0.7435775995254517]"
1379,1,48.84%,83.99%,0.2126,"[0.20848459005355835, 0.7915153503417969]"
1380,1,48.88%,84.00%,0.1426,"[0.12329500168561935, 0.8767049908638]"
1381,1,48.91%,83.94%,0.6234,"[0.5052083730697632, 0.4947916269302368]"
1382,1,48.95%,83.95%,0.2121,"[0.2182251513004303, 0.7817748188972473]"
1383,1,48.99%,83.96%,0.2771,"[0.17913633584976196, 0.820863664150238]"
1384,0,48.95%,83.97%,0.0718,"[0.9501405954360962, 0.04985937476158142]"
1385,1,48.99%,83.98%,0.1958,"[0.2677824795246124, 0.73221755027771]"
1386,1,49.03%,83.99%,0.1497,"[0.1494700163602829, 0.8505299687385559]"
1387,0,48.99%,83.93%,1.7505,"[0.18371397256851196, 0.816286027431488]"
1388,0,48.96%,83.95%,0.0140,"[0.9844400882720947, 0.015559958294034004]"
1389,0,48.92%,83.96%,0.0042,"[0.9963750243186951, 0.003624966600909829]"
1390,1,48.96%,83.97%,0.0225,"[0.022424397990107536, 0.9775756597518921]"
1391,0,48.92%,83.98%,0.1466,"[0.9870922565460205, 0.012907732278108597]"
1392,1,48.96%,83.99%,0.0370,"[0.04434088617563248, 0.955659031867981]"
1393,0,48.92%,83.93%,2.1331,"[0.08329321444034576, 0.9167068004608154]"
1394,0,48.89%,83.94%,0.0052,"[0.9956183433532715, 0.004381637554615736]"
1395,0,48.85%,83.95%,0.2094,"[0.9492642283439636, 0.05073578655719757]"
1396,0,48.82%,83.89%,3.8587,"[0.02015872672200203, 0.9798412322998047]"
1397,1,48.86%,83.91%,0.0141,"[0.013322195038199425, 0.9866777658462524]"
1398,1,48.89%,83.92%,0.0309,"[0.02895096130669117, 0.9710490107536316]"
1399,1,48.93%,83.93%,0.0313,"[0.036490410566329956, 0.9635095596313477]"
1400,1,48.97%,83.94%,0.1034,"[0.14745807647705078, 0.852541983127594]"
1401,1,49.00%,83.95%,0.1726,"[0.07775244116783142, 0.922247588634491]"
1402,0,48.97%,83.96%,0.0168,"[0.965703010559082, 0.034296970814466476]"
1403,0,48.93%,83.97%,0.0043,"[0.99201500415802, 0.007985002361238003]"
1404,1,48.97%,83.99%,0.0222,"[0.026007071137428284, 0.9739930033683777]"
1405,1,49.00%,84.00%,0.1055,"[0.08401264995336533, 0.9159873723983765]"
1406,1,49.04%,84.01%,0.1833,"[0.16400131583213806, 0.8359986543655396]"
1407,0,49.01%,83.95%,2.0385,"[0.12419555336236954, 0.8758044242858887]"
1408,1,49.04%,83.96%,0.0717,"[0.06325679272413254, 0.9367431402206421]"
1409,0,49.01%,83.90%,2.3360,"[0.13909916579723358, 0.8609008193016052]"
1410,1,49.04%,83.91%,0.0473,"[0.0366768017411232, 0.9633232355117798]"
1411,1,49.08%,83.92%,0.0393,"[0.029355935752391815, 0.9706440567970276]"
1412,1,49.12%,83.93%,0.1003,"[0.06768488138914108, 0.9323151111602783]"
1413,0,49.08%,83.95%,0.0120,"[0.9829354286193848, 0.017064526677131653]"
1414,0,49.05%,83.96%,0.0042,"[0.9968275427818298, 0.0031724232248961926]"
1415,1,49.08%,83.97%,0.0286,"[0.019177205860614777, 0.9808228611946106]"
1416,1,49.12%,83.98%,0.0707,"[0.06557999551296234, 0.9344199895858765]"
1417,0,49.08%,83.99%,0.0040,"[0.9970096349716187, 0.0029903186950832605]"
1418,1,49.12%,84.00%,0.0274,"[0.026803217828273773, 0.973196804523468]"
1419,0,49.08%,83.94%,1.8638,"[0.12486524879932404, 0.8751347661018372]"
1420,0,49.05%,83.95%,0.0043,"[0.9935089945793152, 0.006490974687039852]"
1421,1,49.09%,83.97%,0.0247,"[0.03379896655678749, 0.9662010669708252]"
1422,0,49.05%,83.98%,0.1544,"[0.998353123664856, 0.0016469017136842012]"
1423,1,49.09%,83.99%,0.0267,"[0.04419678449630737, 0.9558032155036926]"
1424,0,49.05%,83.93%,2.9106,"[0.08308310061693192, 0.9169169068336487]"
1425,0,49.02%,83.94%,0.0010,"[0.9992075562477112, 0.0007925127283670008]"
1426,1,49.05%,83.95%,0.0196,"[0.020220529288053513, 0.9797794222831726]"
1427,1,49.09%,83.96%,0.0307,"[0.024358073249459267, 0.9756419062614441]"
1428,1,49.13%,83.97%,0.1578,"[0.08223514258861542, 0.9177649021148682]"
1429,0,49.09%,83.99%,0.0162,"[0.9904272556304932, 0.009572740644216537]"
1430,0,49.06%,83.93%,2.3791,"[0.08559133112430573, 0.9144086837768555]"
1431,0,49.02%,83.94%,0.0013,"[0.9988734126091003, 0.001126596936956048]"
1432,0,48.99%,83.95%,0.0005,"[0.999446451663971, 0.000553589896298945]"
1433,0,48.95%,83.96%,0.0005,"[0.9997478127479553, 0.00025212494074366987]"
1434,1,48.99%,83.97%,0.0376,"[0.03472385182976723, 0.9652761816978455]"
1435,1,49.03%,83.98%,0.0863,"[0.08234275132417679, 0.9176572561264038]"
1436,0,48.99%,83.99%,0.0027,"[0.9975290894508362, 0.002470878418534994]"
1437,1,49.03%,84.01%,0.0436,"[0.04407348111271858, 0.9559265375137329]"
1438,0,48.99%,84.02%,0.0008,"[0.9990781545639038, 0.0009218142949976027]"
1439,0,48.96%,84.03%,0.0008,"[0.9992561936378479, 0.0007438432658091187]"
1440,0,48.92%,84.04%,0.0006,"[0.9993249177932739, 0.0006751617765985429]"
1441,0,48.89%,84.05%,0.0002,"[0.9997552037239075, 0.0002448385348543525]"
1442,1,48.93%,84.06%,0.0287,"[0.0284265149384737, 0.9715734720230103]"
1443,1,48.96%,84.07%,0.0780,"[0.07605225592851639, 0.9239476919174194]"
1444,0,48.93%,84.08%,0.0547,"[0.9684714078903198, 0.03152861073613167]"
1445,0,48.89%,84.09%,0.0031,"[0.9978193044662476, 0.0021807565353810787]"
1446,1,48.93%,84.04%,1.6394,"[0.8419223427772522, 0.1580776423215866]"
1447,1,48.96%,84.05%,0.0629,"[0.062391385436058044, 0.9376085996627808]"
1448,1,49.00%,84.06%,0.4889,"[0.45135802030563354, 0.5486420392990112]"
1449,0,48.97%,84.07%,0.0178,"[0.9834254384040833, 0.016574615612626076]"
1450,1,49.00%,84.08%,0.2750,"[0.24343827366828918, 0.7565616965293884]"
1451,1,49.04%,84.09%,0.2691,"[0.2382577806711197, 0.7617421746253967]"
1452,1,49.07%,84.10%,0.3258,"[0.27549755573272705, 0.724502444267273]"
1453,1,49.11%,84.11%,0.3623,"[0.27845218777656555, 0.7215477824211121]"
1454,0,49.07%,84.12%,0.1406,"[0.8285039067268372, 0.17149604856967926]"
1455,1,49.11%,84.13%,0.1554,"[0.12897071242332458, 0.8710293173789978]"
1456,1,49.14%,84.15%,0.0742,"[0.08100907504558563, 0.9189909100532532]"
1457,1,49.18%,84.16%,0.1003,"[0.11212456971406937, 0.8878754377365112]"
1458,0,49.14%,84.17%,0.0086,"[0.9876524209976196, 0.012347603216767311]"
1459,1,49.18%,84.18%,0.0406,"[0.03283509984612465, 0.9671648740768433]"
1460,0,49.14%,84.19%,0.0034,"[0.9982457160949707, 0.001754260272718966]"
1461,1,49.18%,84.20%,0.0352,"[0.03948642686009407, 0.9605135917663574]"
1462,0,49.15%,84.21%,0.0033,"[0.9984084963798523, 0.001591554842889309]"
1463,0,49.11%,84.22%,0.0018,"[0.9992039799690247, 0.0007960579823702574]"
1464,0,49.08%,84.16%,3.8312,"[0.022196229547262192, 0.9778037667274475]"
1465,1,49.11%,84.17%,0.0206,"[0.02954564057290554, 0.9704543352127075]"
1466,0,49.08%,84.19%,0.0085,"[0.9949668049812317, 0.00503318989649415]"
1467,0,49.05%,84.20%,0.0033,"[0.9905695915222168, 0.00943040382117033]"
1468,1,49.08%,84.21%,0.0178,"[0.017088865861296654, 0.9829111695289612]"
1469,0,49.05%,84.22%,0.0013,"[0.9985601305961609, 0.0014398564817383885]"
1470,1,49.08%,84.23%,0.0204,"[0.022325554862618446, 0.9776744246482849]"
1471,0,49.05%,84.17%,2.1132,"[0.11613970249891281, 0.8838603496551514]"
1472,0,49.02%,84.18%,0.0012,"[0.9981371164321899, 0.0018628130201250315]"
1473,1,49.05%,84.19%,0.0259,"[0.023457704111933708, 0.9765423536300659]"
1474,1,49.08%,84.20%,0.0711,"[0.0658176988363266, 0.934182345867157]"
1475,0,49.05%,84.21%,0.0348,"[0.9611147046089172, 0.038885314017534256]"
1476,0,49.02%,84.22%,0.0054,"[0.9959551095962524, 0.0040449718944728374]"
1477,0,48.99%,84.24%,0.0009,"[0.9988759160041809, 0.0011240150779485703]"
1478,1,49.02%,84.25%,0.0243,"[0.024111755192279816, 0.975888192653656]"
1479,1,49.05%,84.26%,0.1117,"[0.08725889027118683, 0.9127410650253296]"
1480,1,49.09%,84.27%,0.1239,"[0.12678803503513336, 0.8732119798660278]"
1481,0,49.06%,84.21%,1.6919,"[0.2002423107624054, 0.7997576594352722]"
1482,0,49.02%,84.15%,2.2743,"[0.09619993716478348, 0.9038001298904419]"
1483,0,48.99%,84.16%,0.0283,"[0.9879429936408997, 0.012056970968842506]"
1484,0,48.96%,84.11%,2.9499,"[0.0707441121339798, 0.9292558431625366]"
1485,1,48.99%,84.12%,0.0576,"[0.047821104526519775, 0.9521788358688354]"
1486,0,48.96%,84.13%,0.0062,"[0.9936351776123047, 0.006364785600453615]"
1487,1,48.99%,84.14%,0.0865,"[0.08181622624397278, 0.9181838035583496]"
1488,0,48.96%,84.15%,0.0081,"[0.9904689192771912, 0.009531097486615181]"
1489,0,48.93%,84.09%,2.3047,"[0.07055839151144028, 0.9294415712356567]"
1490,0,48.89%,84.04%,2.8410,"[0.05756932497024536, 0.9424306154251099]"
1491,0,48.86%,84.05%,0.0055,"[0.9936745166778564, 0.0063255284912884235]"
1492,1,48.89%,84.06%,0.0438,"[0.03934566304087639, 0.9606542587280273]"
1493,1,48.93%,84.07%,0.0807,"[0.07678062468767166, 0.9232194423675537]"
1494,1,48.96%,84.08%,0.0972,"[0.10193539410829544, 0.8980646133422852]"
1495,0,48.93%,84.09%,0.0219,"[0.9840488433837891, 0.01595120131969452]"
1496,1,48.96%,84.10%,0.1122,"[0.1012372374534607, 0.8987628221511841]"
1497,0,48.93%,84.11%,0.0086,"[0.9945462942123413, 0.005453723948448896]"
1498,1,48.97%,84.12%,0.0976,"[0.09675295650959015, 0.903247058391571]"
1499,1,49.00%,84.13%,0.2501,"[0.2187785655260086, 0.7812214493751526]"
1500,1,49.03%,84.14%,0.2302,"[0.1760634034872055, 0.8239365816116333]"
1501,1,49.07%,84.15%,0.1843,"[0.17453491687774658, 0.8254650831222534]"
1502,1,49.10%,84.17%,0.1838,"[0.15769559144973755, 0.8423044085502625]"
1503,1,49.14%,84.18%,0.2015,"[0.21641266345977783, 0.7835873365402222]"
1504,0,49.10%,84.19%,0.0494,"[0.9901710152626038, 0.009829039685428143]"
1505,0,49.07%,84.20%,0.0058,"[0.9844105243682861, 0.01558949425816536]"
1506,1,49.10%,84.21%,0.1546,"[0.14474979043006897, 0.8552502393722534]"
1507,1,49.14%,84.22%,0.2674,"[0.2309344857931137, 0.7690654993057251]"
1508,1,49.17%,84.23%,0.3018,"[0.20737339556217194, 0.7926265597343445]"
1509,0,49.14%,84.24%,0.0922,"[0.9857396483421326, 0.014260388910770416]"
1510,0,49.11%,84.18%,1.9004,"[0.13439860939979553, 0.8656014204025269]"
1511,0,49.07%,84.19%,0.2577,"[0.9323574900627136, 0.06764248758554459]"
1512,0,49.04%,84.20%,0.0022,"[0.9983304142951965, 0.0016695385565981269]"
1513,0,49.01%,84.21%,0.0013,"[0.9990278482437134, 0.0009721706155687571]"
1514,1,49.04%,84.22%,0.1896,"[0.07553620636463165, 0.9244637489318848]"
1515,1,49.08%,84.23%,0.1066,"[0.09642832726240158, 0.9035717248916626]"
1516,1,49.11%,84.25%,0.1789,"[0.16685274243354797, 0.8331472277641296]"
1517,1,49.14%,84.26%,0.1900,"[0.19427761435508728, 0.8057224154472351]"
1518,0,49.11%,84.27%,0.0109,"[0.9669227600097656, 0.03307729959487915]"
1519,0,49.08%,84.28%,0.0029,"[0.9958252906799316, 0.004174786154180765]"
1520,1,49.11%,84.29%,0.1938,"[0.18913546204566956, 0.8108645677566528]"
1521,0,49.08%,84.30%,0.0032,"[0.9969022274017334, 0.0030977907590568066]"
1522,1,49.11%,84.31%,0.0843,"[0.058138854801654816, 0.9418611526489258]"
1523,1,49.15%,84.32%,0.0982,"[0.08758004009723663, 0.9124200344085693]"
1524,1,49.18%,84.33%,0.0857,"[0.08915567398071289, 0.9108442664146423]"
1525,1,49.21%,84.34%,0.1023,"[0.08684547990560532, 0.9131544828414917]"
1526,1,49.25%,84.35%,0.1492,"[0.08316309005022049, 0.9168368577957153]"
1527,0,49.21%,84.36%,0.0336,"[0.9288608431816101, 0.07113916426897049]"
1528,1,49.25%,84.37%,0.0874,"[0.07068515568971634, 0.9293147921562195]"
1529,1,49.28%,84.38%,0.0700,"[0.08392293006181717, 0.9160770177841187]"
1530,1,49.31%,84.39%,0.0956,"[0.04747198894619942, 0.9525279402732849]"
1531,0,49.28%,84.40%,0.0161,"[0.9989596605300903, 0.0010403874330222607]"
1532,0,49.25%,84.41%,0.0022,"[0.9966883063316345, 0.00331172370351851]"
1533,1,49.28%,84.42%,0.0282,"[0.05312035232782364, 0.9468796849250793]"
1534,0,49.25%,84.36%,0.7716,"[0.30017340183258057, 0.6998265385627747]"
1535,0,49.22%,84.38%,0.0051,"[0.9961404204368591, 0.003859621938318014]"
1536,0,49.19%,84.39%,0.0005,"[0.9993135929107666, 0.0006863613962195814]"
1537,1,49.22%,84.40%,0.0159,"[0.014951459132134914, 0.9850484728813171]"
1538,0,49.19%,84.41%,0.0017,"[0.9987565279006958, 0.00124350655823946]"
1539,0,49.16%,84.42%,0.0009,"[0.999169111251831, 0.0008309175027534366]"
1540,0,49.12%,84.36%,4.1832,"[0.015120526775717735, 0.9848794341087341]"
1541,1,49.16%,84.37%,0.0146,"[0.013120251707732677, 0.9868797063827515]"
1542,1,49.19%,84.38%,0.0298,"[0.024258550256490707, 0.9757413864135742]"
1543,0,49.16%,84.33%,2.2049,"[0.12753452360630035, 0.8724654912948608]"
1544,1,49.19%,84.34%,0.0252,"[0.033795084804296494, 0.9662048816680908]"
1545,1,49.22%,84.35%,0.1142,"[0.14173826575279236, 0.8582617044448853]"
1546,1,49.26%,84.36%,0.0804,"[0.08013295382261276, 0.9198670387268066]"
1547,0,49.22%,84.37%,0.0123,"[0.9854757189750671, 0.014524265192449093]"
1548,1,49.26%,84.38%,0.1332,"[0.10323922336101532, 0.8967607617378235]"
1549,0,49.23%,84.39%,0.0044,"[0.9959133267402649, 0.004086642991751432]"
1550,0,49.19%,84.33%,3.0173,"[0.043560609221458435, 0.9564394354820251]"
1551,1,49.23%,84.34%,0.0417,"[0.04424317926168442, 0.9557568430900574]"
1552,1,49.26%,84.35%,0.1150,"[0.1132107749581337, 0.8867892622947693]"
1553,0,49.23%,84.36%,0.0149,"[0.987098753452301, 0.012901239097118378]"
1554,0,49.20%,84.31%,2.6897,"[0.06787938624620438, 0.9321205615997314]"
1555,1,49.23%,84.32%,0.2561,"[0.20335617661476135, 0.796643853187561]"
1556,0,49.20%,84.33%,0.0042,"[0.9977317452430725, 0.0022683008573949337]"
1557,0,49.17%,84.34%,0.0012,"[0.9990279674530029, 0.0009720047819428146]"
1558,0,49.13%,84.35%,0.0007,"[0.9994326233863831, 0.00056738086277619]"
1559,0,49.10%,84.36%,0.0006,"[0.9994158744812012, 0.0005841024103574455]"
1560,1,49.14%,84.37%,0.0328,"[0.0275934636592865, 0.9724065661430359]"
1561,1,49.17%,84.38%,0.0538,"[0.05305458977818489, 0.9469454288482666]"
1562,0,49.14%,84.39%,0.0022,"[0.9981045722961426, 0.0018954274710267782]"
1563,0,49.10%,84.40%,0.0023,"[0.999339759349823, 0.0006602649809792638]"
1564,0,49.07%,84.41%,0.0004,"[0.9994590878486633, 0.0005408806027844548]"
1565,0,49.04%,84.42%,0.0002,"[0.9998101592063904, 0.00018989243835676461]"
1566,1,49.07%,84.43%,0.0144,"[0.014960304833948612, 0.9850397109985352]"
1567,0,49.04%,84.44%,0.0003,"[0.9997391104698181, 0.00026092672487720847]"
1568,0,49.01%,84.45%,0.0004,"[0.9994542002677917, 0.0005458531086333096]"
1569,0,48.98%,84.46%,0.0001,"[0.9998550415039062, 0.0001449664414394647]"
1570,0,48.95%,84.40%,3.9202,"[0.029364367946982384, 0.9706356525421143]"
1571,0,48.92%,84.35%,1.0937,"[0.4526636600494385, 0.5473363399505615]"
1572,0,48.89%,84.36%,0.0003,"[0.9997401833534241, 0.0002598217979539186]"
1573,0,48.86%,84.37%,0.0807,"[0.5402902364730835, 0.4597097635269165]"
1574,0,48.83%,84.38%,0.0005,"[0.9997267127037048, 0.00027323668473400176]"
1575,0,48.79%,84.39%,0.0002,"[0.9998254179954529, 0.00017462675168644637]"
1576,1,48.83%,84.40%,0.0198,"[0.0179333183914423, 0.9820666313171387]"
1577,0,48.80%,84.41%,0.0006,"[0.9994472861289978, 0.0005526653258129954]"
1578,1,48.83%,84.42%,0.2312,"[0.15087640285491943, 0.8491235375404358]"
1579,0,48.80%,84.43%,0.0031,"[0.9974096417427063, 0.0025903682690113783]"
1580,1,48.83%,84.44%,0.1476,"[0.1398802548646927, 0.8601197004318237]"
1581,0,48.80%,84.45%,0.0081,"[0.990301251411438, 0.009698827750980854]"
1582,0,48.77%,84.46%,0.0024,"[0.9978260397911072, 0.0021739357616752386]"
1583,0,48.74%,84.47%,0.0010,"[0.9990401864051819, 0.0009598255855962634]"
1584,0,48.71%,84.48%,0.0004,"[0.9996297359466553, 0.0003702215326484293]"
1585,0,48.68%,84.43%,1.9184,"[0.14612050354480743, 0.8538795113563538]"
1586,0,48.65%,84.44%,0.0004,"[0.9996434450149536, 0.00035655670217238367]"
1587,0,48.61%,84.45%,0.1288,"[0.8809272050857544, 0.11907276511192322]"
1588,1,48.65%,84.46%,0.0937,"[0.08089146018028259, 0.919108510017395]"
1589,1,48.68%,84.47%,0.1406,"[0.13564269244670868, 0.8643572926521301]"
1590,1,48.71%,84.48%,0.1439,"[0.1309712678194046, 0.8690286874771118]"
1591,0,48.68%,84.48%,0.0057,"[0.995265007019043, 0.004735043738037348]"
1592,0,48.65%,84.49%,0.0018,"[0.9974983334541321, 0.00250170286744833]"
1593,0,48.62%,84.50%,0.0010,"[0.9994046688079834, 0.0005952941137365997]"
1594,1,48.65%,84.51%,0.0318,"[0.030953174456954002, 0.9690468311309814]"
1595,0,48.62%,84.52%,0.3601,"[0.839186429977417, 0.16081364452838898]"
1596,0,48.59%,84.47%,1.9576,"[0.13441291451454163, 0.8655871152877808]"
1597,0,48.56%,84.48%,0.0005,"[0.9995400905609131, 0.00045992544619366527]"
1598,1,48.59%,84.49%,0.4429,"[0.201900914311409, 0.7980991005897522]"
1599,0,48.56%,84.50%,0.0016,"[0.9984807372093201, 0.0015192660503089428]"
1600,0,48.53%,84.51%,0.2101,"[0.8464815020561218, 0.15351854264736176]"
1601,1,48.56%,84.52%,0.0852,"[0.09271825850009918, 0.907281756401062]"
1602,1,48.60%,84.53%,0.1350,"[0.25166571140289307, 0.7483343482017517]"
1603,0,48.57%,84.54%,0.0043,"[0.9859888553619385, 0.01401113998144865]"
1604,1,48.60%,84.55%,0.2468,"[0.16559924185276031, 0.8344007730484009]"
1605,1,48.63%,84.56%,0.2058,"[0.2551051080226898, 0.7448949217796326]"
1606,1,48.66%,84.57%,0.3476,"[0.2947978377342224, 0.7052021622657776]"
1607,0,48.63%,84.58%,0.0106,"[0.9840959310531616, 0.015904009342193604]"
1608,0,48.60%,84.59%,0.0019,"[0.9978721141815186, 0.0021278781350702047]"
1609,1,48.63%,84.60%,0.0515,"[0.06495534628629684, 0.9350446462631226]"
1610,1,48.67%,84.61%,0.0832,"[0.1216302216053009, 0.8783698081970215]"
1611,1,48.70%,84.62%,0.0474,"[0.04834273084998131, 0.9516572952270508]"
1612,0,48.67%,84.62%,0.0023,"[0.9973300695419312, 0.0026699877344071865]"
1613,0,48.64%,84.63%,0.2352,"[0.8753141164779663, 0.12468582391738892]"
1614,1,48.67%,84.64%,0.0238,"[0.028737466782331467, 0.971262514591217]"
1615,0,48.64%,84.65%,0.0013,"[0.9993698000907898, 0.0006301641697064042]"
1616,0,48.61%,84.66%,0.0003,"[0.9996494054794312, 0.00035053997999057174]"
1617,1,48.64%,84.67%,0.0207,"[0.030991951003670692, 0.9690080881118774]"
1618,0,48.61%,84.68%,0.0006,"[0.9997696280479431, 0.00023032414901535958]"
1619,0,48.58%,84.69%,0.0003,"[0.9997074007987976, 0.00029257091227918863]"
1620,0,48.55%,84.70%,0.0004,"[0.9993762373924255, 0.000623753818217665]"
1621,1,48.58%,84.71%,0.0332,"[0.05061287805438042, 0.9493871331214905]"
1622,1,48.61%,84.72%,0.0751,"[0.020072145387530327, 0.9799278974533081]"
1623,1,48.65%,84.73%,0.1945,"[0.0795155018568039, 0.9204844832420349]"
1624,1,48.68%,84.74%,0.0781,"[0.23566889762878418, 0.7643311023712158]"
1625,0,48.65%,84.75%,0.0120,"[0.9880889058113098, 0.011911064386367798]"
1626,1,48.68%,84.76%,0.0779,"[0.07591357827186584, 0.9240864515304565]"
1627,0,48.65%,84.71%,1.6953,"[0.34851571917533875, 0.6514842510223389]"
1628,0,48.62%,84.71%,0.0063,"[0.992377519607544, 0.007622501812875271]"
1629,1,48.65%,84.72%,0.0680,"[0.08611384779214859, 0.9138861894607544]"
1630,0,48.62%,84.73%,0.0092,"[0.9923771619796753, 0.0076227933168411255]"
1631,1,48.65%,84.74%,0.0619,"[0.053399063646793365, 0.9466009140014648]"
1632,1,48.68%,84.75%,0.0604,"[0.06106140464544296, 0.9389386177062988]"
1633,0,48.65%,84.70%,1.5526,"[0.09190794080495834, 0.9080920815467834]"
1634,1,48.69%,84.71%,0.0639,"[0.10137930512428284, 0.8986206650733948]"
1635,1,48.72%,84.72%,0.0769,"[0.09875372052192688, 0.9012462496757507]"
1636,0,48.69%,84.73%,0.0609,"[0.9673229455947876, 0.032677020877599716]"
1637,1,48.72%,84.74%,0.3504,"[0.15933538973331451, 0.8406646251678467]"
1638,1,48.75%,84.69%,0.1861,"[0.5354390144348145, 0.46456101536750793]"
1639,1,48.78%,84.70%,0.0820,"[0.0679999440908432, 0.9320000410079956]"
1640,0,48.75%,84.70%,0.0052,"[0.9925435781478882, 0.007456471212208271]"
1641,0,48.72%,84.71%,0.0026,"[0.9982163310050964, 0.001783620216883719]"
1642,0,48.69%,84.72%,0.0007,"[0.9993820190429688, 0.0006179101765155792]"
1643,0,48.66%,84.73%,0.0006,"[0.999485969543457, 0.0005140069406479597]"
1644,1,48.69%,84.74%,0.0156,"[0.025381647050380707, 0.9746183156967163]"
1645,0,48.66%,84.75%,0.0012,"[0.9977715611457825, 0.002228370402008295]"
1646,0,48.63%,84.76%,0.0007,"[0.9988458156585693, 0.0011541822459548712]"
1647,0,48.60%,84.77%,0.0010,"[0.9994798302650452, 0.0005201665917411447]"
1648,0,48.57%,84.78%,0.0003,"[0.9998205304145813, 0.0001794964773580432]"
1649,1,48.61%,84.79%,0.0552,"[0.02539815567433834, 0.9746018648147583]"
1650,1,48.64%,84.80%,0.0290,"[0.033277805894613266, 0.9667221903800964]"
1651,0,48.61%,84.81%,0.0010,"[0.9992973804473877, 0.000702590390574187]"
1652,1,48.64%,84.82%,0.0448,"[0.03499000519514084, 0.9650099873542786]"
1653,0,48.61%,84.82%,0.0040,"[0.9970816969871521, 0.00291826413013041]"
1654,1,48.64%,84.83%,0.0524,"[0.03055151365697384, 0.9694485068321228]"
1655,0,48.61%,84.84%,0.0031,"[0.9962737560272217, 0.0037262002006173134]"
1656,1,48.64%,84.85%,0.0399,"[0.0395197868347168, 0.9604801535606384]"
1657,1,48.67%,84.86%,0.0572,"[0.05985016003251076, 0.9401498436927795]"
1658,1,48.70%,84.87%,0.0689,"[0.06361839175224304, 0.9363815784454346]"
1659,0,48.67%,84.88%,0.0134,"[0.9869409203529358, 0.013059128075838089]"
1660,1,48.71%,84.89%,0.0288,"[0.04312329366803169, 0.9568766951560974]"
1661,0,48.68%,84.90%,0.0064,"[0.9972934126853943, 0.002706577768549323]"
1662,1,48.71%,84.91%,0.0688,"[0.0438985712826252, 0.9561014175415039]"
1663,0,48.68%,84.92%,0.0087,"[0.9949601888656616, 0.005039738956838846]"
1664,1,48.71%,84.92%,0.0394,"[0.029147688299417496, 0.9708523750305176]"
1665,0,48.68%,84.93%,0.0054,"[0.9929850697517395, 0.00701489020138979]"
1666,1,48.71%,84.94%,0.1134,"[0.07142258435487747, 0.9285774230957031]"
1667,0,48.68%,84.95%,0.8832,"[0.5188799500465393, 0.4811200499534607]"
1668,0,48.65%,84.96%,0.0018,"[0.9986600875854492, 0.0013399170711636543]"
1669,1,48.68%,84.97%,0.0372,"[0.03276022523641586, 0.9672397375106812]"
1670,0,48.65%,84.92%,2.9713,"[0.11022485792636871, 0.8897751569747925]"
1671,1,48.68%,84.93%,0.0873,"[0.06723202764987946, 0.9327679872512817]"
1672,1,48.71%,84.94%,0.0535,"[0.06053714454174042, 0.9394629001617432]"
1673,1,48.75%,84.95%,0.0699,"[0.05506650358438492, 0.9449334740638733]"
1674,0,48.72%,84.96%,0.0128,"[0.9788443446159363, 0.021155597642064095]"
1675,1,48.75%,84.96%,0.0754,"[0.07471577823162079, 0.925284206867218]"
1676,0,48.72%,84.97%,0.0196,"[0.9651620984077454, 0.03483785688877106]"
1677,0,48.69%,84.98%,0.0045,"[0.9963524341583252, 0.0036475984379649162]"
1678,1,48.72%,84.99%,0.0250,"[0.02671990916132927, 0.973280131816864]"
1679,1,48.75%,85.00%,0.0534,"[0.05733542889356613, 0.9426645636558533]"
1680,1,48.78%,85.01%,0.0385,"[0.03276006132364273, 0.9672399759292603]"
1681,0,48.75%,85.02%,0.0141,"[0.9785357117652893, 0.021464336663484573]"
1682,0,48.72%,84.97%,0.5389,"[0.45698311924934387, 0.5430168509483337]"
1683,1,48.75%,84.98%,0.0619,"[0.04298708587884903, 0.957012951374054]"
1684,0,48.72%,84.93%,3.1197,"[0.04183970391750336, 0.9581602811813354]"
1685,0,48.70%,84.93%,0.0016,"[0.9982733726501465, 0.0017266629729419947]"
1686,0,48.67%,84.88%,1.9075,"[0.13589727878570557, 0.8641027212142944]"
1687,1,48.70%,84.89%,0.0425,"[0.024080412462353706, 0.9759196639060974]"
1688,0,48.67%,84.90%,0.0068,"[0.9966276288032532, 0.0033723239321261644]"
1689,0,48.64%,84.85%,2.9735,"[0.06269364058971405, 0.9373063445091248]"
1690,1,48.67%,84.86%,0.0277,"[0.021707652136683464, 0.9782922863960266]"
1691,0,48.64%,84.87%,0.0025,"[0.9970697164535522, 0.0029302111361175776]"
1692,0,48.61%,84.88%,0.0009,"[0.9992734789848328, 0.0007265079184435308]"
1693,0,48.58%,84.89%,0.0006,"[0.9995365142822266, 0.0004635391815099865]"
1694,1,48.61%,84.90%,0.0151,"[0.013291429728269577, 0.9867085218429565]"
1695,1,48.64%,84.91%,0.0537,"[0.07322796434164047, 0.9267720580101013]"
1696,0,48.62%,84.86%,2.4274,"[0.18055331707000732, 0.8194467425346375]"
1697,0,48.59%,84.86%,0.0083,"[0.970119059085846, 0.029880885034799576]"
1698,0,48.56%,84.87%,0.0010,"[0.9992637038230896, 0.0007363036274909973]"
1699,1,48.59%,84.88%,0.0263,"[0.021274128928780556, 0.9787259101867676]"
1700,0,48.56%,84.89%,0.0006,"[0.9990167617797852, 0.000983241363428533]"
1701,1,48.59%,84.90%,0.0232,"[0.04095657542347908, 0.9590434432029724]"
1702,1,48.62%,84.91%,0.1107,"[0.06593453139066696, 0.9340654015541077]"
1703,1,48.65%,84.86%,1.0956,"[0.6167828440666199, 0.3832171559333801]"
1704,1,48.68%,84.87%,0.0866,"[0.0697338730096817, 0.9302661418914795]"
1705,1,48.71%,84.88%,0.1396,"[0.07241359353065491, 0.9275863766670227]"
1706,1,48.74%,84.83%,0.3785,"[0.501420259475708, 0.49857965111732483]"
1707,1,48.77%,84.84%,0.1720,"[0.1631607562303543, 0.8368392586708069]"
1708,1,48.80%,84.84%,0.2707,"[0.1764572113752365, 0.8235428333282471]"
1709,0,48.77%,84.85%,0.2139,"[0.8126543760299683, 0.18734554946422577]"
1710,0,48.74%,84.86%,0.0026,"[0.996231734752655, 0.0037683057598769665]"
1711,1,48.77%,84.87%,0.0268,"[0.06567344069480896, 0.9343265295028687]"
1712,0,48.74%,84.82%,2.5057,"[0.0685025230050087, 0.9314974546432495]"
1713,0,48.72%,84.83%,1.6684,"[0.8455082774162292, 0.15449169278144836]"
1714,1,48.75%,84.84%,0.0434,"[0.021947454661130905, 0.97805255651474]"
1715,1,48.78%,84.85%,0.0783,"[0.08966107666492462, 0.9103389978408813]"
1716,0,48.75%,84.86%,0.0048,"[0.9945880174636841, 0.005412030965089798]"
1717,0,48.72%,84.87%,0.0013,"[0.998607337474823, 0.0013927401741966605]"
1718,1,48.75%,84.87%,0.1204,"[0.08995286375284195, 0.910047173500061]"
1719,0,48.72%,84.88%,0.0020,"[0.9981710910797119, 0.0018289430299773812]"
1720,0,48.69%,84.89%,0.0330,"[0.9351433515548706, 0.06485670804977417]"
1721,1,48.72%,84.90%,0.0614,"[0.05974135920405388, 0.9402586817741394]"
1722,1,48.75%,84.91%,0.0682,"[0.07147012650966644, 0.9285298585891724]"
1723,0,48.72%,84.92%,0.0017,"[0.9976135492324829, 0.002386482898145914]"
1724,0,48.70%,84.93%,0.0006,"[0.9992528557777405, 0.0007470679702237248]"
1725,1,48.73%,84.94%,0.0732,"[0.07175365835428238, 0.9282463788986206]"
1726,0,48.70%,84.89%,2.5632,"[0.06490360200405121, 0.9350964426994324]"
1727,1,48.73%,84.90%,0.0918,"[0.0736941322684288, 0.9263058304786682]"
1728,0,48.70%,84.85%,1.7693,"[0.1751362681388855, 0.8248636722564697]"
1729,1,48.73%,84.86%,0.0928,"[0.084389828145504, 0.9156101942062378]"
1730,1,48.76%,84.86%,0.1242,"[0.119110606610775, 0.880889356136322]"
1731,0,48.73%,84.87%,0.0046,"[0.9941391944885254, 0.005860841833055019]"
1732,1,48.76%,84.88%,0.1817,"[0.1730530858039856, 0.8269469141960144]"
1733,1,48.79%,84.89%,0.0805,"[0.07503902167081833, 0.9249609708786011]"
1734,1,48.82%,84.84%,0.7729,"[0.5500027537345886, 0.4499972462654114]"
1735,0,48.79%,84.85%,0.0224,"[0.9814313650131226, 0.018568651750683784]"
1736,0,48.76%,84.86%,0.0033,"[0.9969781637191772, 0.0030218069441616535]"
1737,0,48.73%,84.87%,0.0008,"[0.9990718364715576, 0.0009280796512030065]"
1738,1,48.76%,84.82%,1.3614,"[0.8397408723831177, 0.1602591723203659]"
1739,0,48.74%,84.83%,0.0155,"[0.9674289226531982, 0.03257114067673683]"
1740,1,48.77%,84.84%,0.0444,"[0.04601311311125755, 0.9539868831634521]"
1741,1,48.79%,84.85%,0.6800,"[0.47217828035354614, 0.5278217792510986]"
1742,1,48.82%,84.85%,0.3605,"[0.18623770773410797, 0.8137622475624084]"
1743,0,48.80%,84.86%,0.0981,"[0.6864525675773621, 0.3135474920272827]"
1744,1,48.83%,84.87%,0.1584,"[0.11802590638399124, 0.8819741010665894]"
1745,1,48.85%,84.88%,0.1453,"[0.14635586738586426, 0.8536441326141357]"
1746,0,48.83%,84.89%,0.0041,"[0.9958308339118958, 0.004169160965830088]"
1747,0,48.80%,84.90%,0.0010,"[0.9988456964492798, 0.0011542612919583917]"
1748,0,48.77%,84.91%,0.0010,"[0.9992932081222534, 0.0007067190017551184]"
1749,0,48.74%,84.86%,2.2337,"[0.0659254640340805, 0.9340745806694031]"
1750,1,48.77%,84.87%,0.0250,"[0.021208951249718666, 0.9787909984588623]"
1751,1,48.80%,84.87%,0.0369,"[0.049721792340278625, 0.9502781629562378]"
1752,1,48.83%,84.88%,0.0518,"[0.07530955225229263, 0.9246904850006104]"
1753,0,48.80%,84.83%,2.3449,"[0.1488657146692276, 0.8511343002319336]"
1754,1,48.83%,84.84%,0.0877,"[0.09937145560979843, 0.9006285071372986]"
1755,0,48.80%,84.85%,0.0161,"[0.9810008406639099, 0.018999133259058]"
1756,0,48.78%,84.86%,0.0039,"[0.9971572160720825, 0.0028428409714251757]"
1757,0,48.75%,84.87%,0.0008,"[0.9990320205688477, 0.0009680174989625812]"
1758,1,48.78%,84.88%,0.0185,"[0.019986974075436592, 0.9800130724906921]"
1759,1,48.81%,84.89%,0.0381,"[0.03857440873980522, 0.9614256620407104]"
1760,0,48.78%,84.89%,0.0018,"[0.9963657855987549, 0.0036341785453259945]"
1761,1,48.81%,84.90%,0.0663,"[0.07632874697446823, 0.923671305179596]"
1762,0,48.78%,84.91%,0.0119,"[0.9965646862983704, 0.00343538005836308]"
1763,0,48.75%,84.92%,0.0010,"[0.9988812804222107, 0.0011187626514583826]"
1764,0,48.73%,84.93%,0.0013,"[0.9991531372070312, 0.0008468492887914181]"
1765,0,48.70%,84.88%,3.8978,"[0.022718520835042, 0.9772815108299255]"
1766,1,48.73%,84.89%,0.0176,"[0.022580042481422424, 0.9774199724197388]"
1767,1,48.76%,84.90%,0.0543,"[0.0439002551138401, 0.9560997486114502]"
1768,1,48.78%,84.91%,0.0776,"[0.08289781212806702, 0.9171021580696106]"
1769,0,48.76%,84.92%,0.0130,"[0.9860222339630127, 0.013977701775729656]"
1770,1,48.79%,84.92%,0.0574,"[0.053988903760910034, 0.9460111260414124]"
1771,1,48.81%,84.93%,0.0989,"[0.08235020190477371, 0.9176498651504517]"
1772,0,48.79%,84.88%,1.7948,"[0.12967710196971893, 0.8703228831291199]"
1773,1,48.82%,84.89%,0.1081,"[0.10113291442394257, 0.8988670706748962]"
1774,1,48.85%,84.90%,0.1433,"[0.12544862926006317, 0.8745514154434204]"
1775,1,48.87%,84.91%,0.1663,"[0.1623760461807251, 0.8376239538192749]"
1776,0,48.85%,84.92%,0.0247,"[0.9780941605567932, 0.02190587669610977]"
1777,0,48.82%,84.93%,0.0035,"[0.9971036314964294, 0.002896364778280258]"
1778,0,48.79%,84.94%,0.0010,"[0.9990457892417908, 0.0009541696636006236]"
1779,0,48.76%,84.89%,2.9650,"[0.026723045855760574, 0.9732769727706909]"
1780,0,48.74%,84.90%,0.0009,"[0.9988018274307251, 0.001198116922751069]"
1781,0,48.71%,84.85%,3.9778,"[0.01933247782289982, 0.9806674718856812]"
1782,1,48.74%,84.86%,0.0694,"[0.02226078510284424, 0.977739155292511]"
1783,1,48.77%,84.87%,0.0441,"[0.07790189236402512, 0.9220981597900391]"
1784,0,48.74%,84.87%,0.0148,"[0.9840803742408752, 0.015919622033834457]"
1785,0,48.71%,84.83%,2.6254,"[0.0811663568019867, 0.9188336730003357]"
1786,1,48.74%,84.83%,0.2038,"[0.09254235029220581, 0.9074575901031494]"
1787,1,48.77%,84.84%,0.1688,"[0.13611440360546112, 0.8638855814933777]"
1788,0,48.74%,84.85%,0.0103,"[0.9912073016166687, 0.008792746812105179]"
1789,1,48.77%,84.86%,0.1354,"[0.14412802457809448, 0.8558719158172607]"
1790,0,48.74%,84.87%,0.0145,"[0.9834917187690735, 0.0165083147585392]"
1791,0,48.72%,84.88%,0.0028,"[0.9973809123039246, 0.002619056962430477]"
1792,0,48.69%,84.89%,0.0018,"[0.9981436729431152, 0.0018563299672678113]"
1793,0,48.66%,84.89%,0.0022,"[0.9980280995368958, 0.0019718927796930075]"
1794,0,48.64%,84.90%,0.0004,"[0.999665379524231, 0.000334669224685058]"
1795,0,48.61%,84.91%,0.0010,"[0.9994550347328186, 0.0005449617747217417]"
1796,1,48.64%,84.92%,0.0399,"[0.039204999804496765, 0.960794985294342]"
1797,1,48.67%,84.93%,0.2642,"[0.2510527968406677, 0.7489472031593323]"
1798,0,48.64%,84.94%,0.0069,"[0.9940339922904968, 0.005966061260551214]"
1799,1,48.67%,84.94%,0.0583,"[0.05895913392305374, 0.9410409331321716]"
1800,0,48.64%,84.90%,2.2638,"[0.10889735817909241, 0.89110267162323]"
1801,1,48.67%,84.91%,0.0861,"[0.0811431035399437, 0.9188569188117981]"
1802,1,48.70%,84.91%,0.0849,"[0.08440762758255005, 0.91559237241745]"
1803,0,48.67%,84.87%,1.1875,"[0.2556118071079254, 0.7443882822990417]"
1804,0,48.64%,84.88%,0.0468,"[0.9988787770271301, 0.0011211961973458529]"
1805,1,48.67%,84.88%,0.1644,"[0.14030778408050537, 0.8596922755241394]"
1806,1,48.70%,84.89%,0.1981,"[0.13532277941703796, 0.8646771907806396]"
1807,0,48.67%,84.90%,0.0048,"[0.9910287857055664, 0.008971198461949825]"
1808,1,48.70%,84.91%,0.0725,"[0.0684371367096901, 0.9315628409385681]"
1809,0,48.67%,84.92%,0.0021,"[0.9985145926475525, 0.0014853515895083547]"
1810,0,48.65%,84.93%,0.0011,"[0.9986213445663452, 0.001378674991428852]"
1811,1,48.68%,84.93%,0.0856,"[0.11440236866474152, 0.8855977058410645]"
1812,0,48.65%,84.94%,0.0041,"[0.9964842796325684, 0.0035157406236976385]"
1813,0,48.62%,84.95%,0.0016,"[0.9988886713981628, 0.0011113218497484922]"
1814,1,48.65%,84.96%,0.0664,"[0.056243278086185455, 0.9437566995620728]"
1815,1,48.68%,84.97%,0.0914,"[0.0664966031908989, 0.9335033893585205]"
1816,0,48.65%,84.98%,0.0588,"[0.9695097208023071, 0.030490268021821976]"
1817,1,48.68%,84.98%,0.0720,"[0.07836129516363144, 0.9216387271881104]"
1818,0,48.65%,84.99%,0.0075,"[0.9970042109489441, 0.002995756920427084]"
1819,1,48.68%,85.00%,0.0886,"[0.07235841453075409, 0.9276415705680847]"
1820,1,48.71%,85.01%,0.3765,"[0.26006320118904114, 0.7399368286132812]"
1821,1,48.74%,85.02%,0.1812,"[0.13298368453979492, 0.8670163154602051]"
1822,1,48.77%,85.02%,0.2373,"[0.1716606318950653, 0.8283393979072571]"
1823,0,48.74%,85.03%,0.0537,"[0.9533199071884155, 0.04668007791042328]"
1824,1,48.77%,85.04%,0.1613,"[0.12162405252456665, 0.8783759474754333]"
1825,1,48.80%,85.05%,0.1824,"[0.15406766533851624, 0.8459323644638062]"
1826,1,48.82%,85.06%,0.2628,"[0.13323841989040375, 0.8667616248130798]"
1827,1,48.85%,85.07%,0.2911,"[0.1359110176563263, 0.8640890121459961]"
1828,1,48.88%,85.07%,0.3195,"[0.35730770230293274, 0.6426923274993896]"
1829,0,48.85%,85.08%,0.1070,"[0.9549611806869507, 0.04503889009356499]"
1830,1,48.88%,85.09%,0.1196,"[0.13074113428592682, 0.8692588806152344]"
1831,0,48.85%,85.10%,0.0395,"[0.9151023626327515, 0.08489765226840973]"
1832,0,48.83%,85.05%,2.3692,"[0.08439836651086807, 0.9156015515327454]"
1833,1,48.85%,85.06%,0.0556,"[0.055836021900177, 0.944163978099823]"
1834,0,48.83%,85.07%,0.0230,"[0.9934660792350769, 0.006533920299261808]"
1835,1,48.86%,85.08%,0.0423,"[0.04946696758270264, 0.9505330324172974]"
1836,1,48.88%,85.08%,0.0837,"[0.11796186119318008, 0.8820381760597229]"
1837,1,48.91%,85.09%,0.1240,"[0.12134844809770584, 0.8786516189575195]"
1838,1,48.94%,85.10%,0.1750,"[0.15214592218399048, 0.8478540778160095]"
1839,0,48.91%,85.11%,0.0022,"[0.9825939536094666, 0.017406025901436806]"
1840,0,48.89%,85.06%,2.2740,"[0.18263015151023865, 0.8173698782920837]"
1841,0,48.86%,85.02%,2.9311,"[0.058018509298563004, 0.9419814944267273]"
1842,0,48.83%,84.97%,3.2535,"[0.041108403354883194, 0.9588915705680847]"
1843,1,48.86%,84.98%,0.0296,"[0.03615181893110275, 0.9638481736183167]"
1844,1,48.89%,84.99%,0.0451,"[0.0526709258556366, 0.947329044342041]"
1845,1,48.92%,84.99%,0.0999,"[0.09578737616539001, 0.9042125940322876]"
1846,0,48.89%,85.00%,0.0112,"[0.9792349338531494, 0.020765136927366257]"
1847,1,48.92%,85.01%,0.0675,"[0.07974722236394882, 0.9202527403831482]"
1848,0,48.89%,85.02%,0.0057,"[0.9933452606201172, 0.006654740776866674]"
1849,0,48.86%,85.03%,0.0013,"[0.9982411861419678, 0.0017588029149919748]"
1850,0,48.84%,85.04%,0.0008,"[0.9996229410171509, 0.0003770749317482114]"
1851,0,48.81%,85.04%,0.0006,"[0.9996994733810425, 0.00030052350484766066]"
1852,1,48.84%,85.05%,0.0271,"[0.029277721419930458, 0.9707222580909729]"
1853,0,48.81%,85.06%,0.0026,"[0.9972248077392578, 0.00277525931596756]"
1854,1,48.84%,85.07%,0.0503,"[0.050218366086483, 0.949781596660614]"
1855,1,48.87%,85.08%,0.0531,"[0.0672297403216362, 0.9327702522277832]"
1856,0,48.84%,85.08%,0.0035,"[0.9945411086082458, 0.005458910018205643]"
1857,1,48.87%,85.09%,0.0449,"[0.0545324943959713, 0.9454675912857056]"
1858,0,48.84%,85.10%,0.0525,"[0.9570764899253845, 0.04292348399758339]"
1859,0,48.82%,85.11%,0.0005,"[0.9980069994926453, 0.0019929988775402308]"
1860,0,48.79%,85.12%,0.0004,"[0.9993894100189209, 0.0006105472566559911]"
1861,0,48.76%,85.12%,0.0002,"[0.9986520409584045, 0.0013479860499501228]"
1862,0,48.74%,85.13%,0.0002,"[0.999735414981842, 0.0002645865024533123]"
1863,0,48.71%,85.14%,0.0002,"[0.999812662601471, 0.00018737940990831703]"
1864,1,48.74%,85.15%,0.0357,"[0.03238271549344063, 0.9676172733306885]"
1865,1,48.77%,85.16%,0.0893,"[0.06802882254123688, 0.9319711327552795]"
1866,1,48.79%,85.16%,0.1376,"[0.09367607533931732, 0.9063239097595215]"
1867,1,48.82%,85.17%,0.2049,"[0.18268440663814545, 0.8173156380653381]"
1868,1,48.85%,85.18%,0.1588,"[0.12533490359783173, 0.8746651411056519]"
1869,1,48.88%,85.19%,0.2744,"[0.24167078733444214, 0.7583292126655579]"
1870,0,48.85%,85.20%,0.0781,"[0.9436794519424438, 0.05632055550813675]"
1871,0,48.82%,85.15%,2.1224,"[0.11695042252540588, 0.8830495476722717]"
1872,0,48.80%,85.16%,0.0051,"[0.9959107637405396, 0.004089244641363621]"
1873,0,48.77%,85.17%,0.0006,"[0.9993378520011902, 0.0006621456705033779]"
1874,0,48.75%,85.17%,0.0006,"[0.9993576407432556, 0.0006424004677683115]"
1875,1,48.77%,85.18%,0.0316,"[0.03132233768701553, 0.9686776399612427]"
1876,1,48.80%,85.19%,0.0522,"[0.041463930159807205, 0.9585360288619995]"
1877,0,48.78%,85.20%,0.0002,"[0.9986162185668945, 0.001383825670927763]"
1878,1,48.80%,85.20%,0.0333,"[0.020530711859464645, 0.9794692993164062]"
1879,0,48.78%,85.21%,0.0011,"[0.9989798665046692, 0.0010200608521699905]"
1880,0,48.75%,85.22%,0.0006,"[0.9997952580451965, 0.0002047555026365444]"
1881,1,48.78%,85.23%,0.0235,"[0.02523239515721798, 0.9747675657272339]"
1882,0,48.75%,85.24%,0.0007,"[0.9986949563026428, 0.0013050161069259048]"
1883,0,48.73%,85.24%,0.0004,"[0.9994935989379883, 0.0005064138676971197]"
1884,1,48.75%,85.25%,0.0223,"[0.019953357055783272, 0.9800466299057007]"
1885,1,48.78%,85.26%,0.0467,"[0.040717363357543945, 0.959282636642456]"
1886,0,48.75%,85.27%,0.4322,"[0.7137237787246704, 0.2862762212753296]"
1887,0,48.73%,85.28%,0.0015,"[0.9987350106239319, 0.0012649759883061051]"
1888,1,48.76%,85.28%,0.0518,"[0.05270782485604286, 0.9472920894622803]"
1889,1,48.78%,85.29%,0.1019,"[0.06404058635234833, 0.9359593987464905]"
1890,0,48.76%,85.25%,1.8731,"[0.10751231014728546, 0.8924877047538757]"
1891,0,48.73%,85.25%,0.0032,"[0.9971946477890015, 0.0028053775895386934]"
1892,1,48.76%,85.26%,0.0700,"[0.0684746503829956, 0.9315254092216492]"
1893,0,48.73%,85.27%,0.0035,"[0.9942864775657654, 0.005713576450943947]"
1894,0,48.71%,85.28%,0.0022,"[0.9970155954360962, 0.002984448801726103]"
1895,0,48.68%,85.23%,1.1170,"[0.3024787902832031, 0.6975211501121521]"
1896,1,48.71%,85.24%,0.0746,"[0.06970169395208359, 0.9302983283996582]"
1897,0,48.68%,85.25%,0.0491,"[0.9470529556274414, 0.052946966141462326]"
1898,0,48.66%,85.26%,0.1074,"[0.7210022807121277, 0.2789977192878723]"
1899,1,48.68%,85.26%,0.1364,"[0.11610576510429382, 0.8838942646980286]"
1900,0,48.66%,85.27%,0.0043,"[0.9880467653274536, 0.011953193694353104]"
1901,1,48.69%,85.28%,0.0578,"[0.05392994359135628, 0.9460700154304504]"
1902,0,48.66%,85.29%,0.4879,"[0.6077878475189209, 0.3922121822834015]"
1903,1,48.69%,85.29%,0.0619,"[0.0409904420375824, 0.9590095281600952]"
1904,1,48.71%,85.30%,0.0623,"[0.06790187209844589, 0.9320980906486511]"
1905,0,48.69%,85.31%,0.0065,"[0.9984297156333923, 0.0015702402452006936]"
1906,0,48.66%,85.32%,0.0011,"[0.9995755553245544, 0.0004243961884640157]"
1907,1,48.69%,85.32%,0.4905,"[0.4178137481212616, 0.582186222076416]"
1908,0,48.66%,85.33%,0.0039,"[0.9964087605476379, 0.0035912764724344015]"
1909,1,48.69%,85.34%,0.2335,"[0.13499154150485992, 0.8650084733963013]"
1910,0,48.67%,85.35%,0.0037,"[0.9954614043235779, 0.004538595676422119]"
1911,0,48.64%,85.36%,0.0011,"[0.999237060546875, 0.0007629563333466649]"
1912,1,48.67%,85.36%,0.1139,"[0.10366693884134293, 0.8963330388069153]"
1913,0,48.64%,85.37%,0.0043,"[0.9987659454345703, 0.0012340446701273322]"
1914,1,48.67%,85.38%,0.0731,"[0.05326301231980324, 0.9467370510101318]"
1915,1,48.70%,85.39%,0.3837,"[0.4838959872722626, 0.5161041021347046]"
1916,1,48.72%,85.39%,0.2277,"[0.20714327692985535, 0.7928566932678223]"
1917,0,48.70%,85.35%,0.8031,"[0.43472155928611755, 0.5652784705162048]"
1918,0,48.67%,85.36%,0.0038,"[0.9943684935569763, 0.0056314473040401936]"
1919,0,48.65%,85.36%,0.0010,"[0.9988609552383423, 0.0011390151921659708]"
1920,0,48.62%,85.37%,0.0007,"[0.9990668892860413, 0.0009331332985311747]"
1921,1,48.65%,85.38%,0.0462,"[0.04658500477671623, 0.953415036201477]"
1922,0,48.62%,85.39%,0.0013,"[0.9994751811027527, 0.0005248947418294847]"
1923,0,48.60%,85.40%,0.0008,"[0.9991878867149353, 0.0008121654391288757]"
1924,1,48.62%,85.40%,0.0443,"[0.049748633056879044, 0.9502513408660889]"
1925,1,48.65%,85.41%,0.0734,"[0.06624914705753326, 0.9337508082389832]"
1926,1,48.68%,85.42%,0.1234,"[0.08958596736192703, 0.9104140400886536]"
1927,0,48.65%,85.43%,0.0051,"[0.9947793483734131, 0.005220725201070309]"
1928,1,48.68%,85.43%,0.3276,"[0.28624796867370605, 0.713752031326294]"
1929,1,48.70%,85.44%,0.0538,"[0.05266987904906273, 0.947330117225647]"
1930,1,48.73%,85.45%,0.1072,"[0.11918550729751587, 0.8808145523071289]"
1931,1,48.76%,85.46%,0.1846,"[0.1466584950685501, 0.8533415198326111]"
1932,1,48.78%,85.46%,0.1518,"[0.1936645209789276, 0.8063355088233948]"
1933,0,48.76%,85.42%,1.8088,"[0.1664712280035019, 0.8335288166999817]"
1934,0,48.73%,85.43%,0.0013,"[0.9945389628410339, 0.0054610720835626125]"
1935,0,48.71%,85.38%,3.0748,"[0.0397314690053463, 0.960268497467041]"
1936,1,48.74%,85.39%,0.0293,"[0.02847820520401001, 0.97152179479599]"
1937,1,48.76%,85.40%,0.0688,"[0.06851640343666077, 0.9314836263656616]"
1938,1,48.79%,85.40%,0.1937,"[0.18027061223983765, 0.8197293877601624]"
1939,0,48.76%,85.41%,0.0047,"[0.9950481057167053, 0.004951908253133297]"
1940,1,48.79%,85.42%,0.0361,"[0.03746141865849495, 0.9625385403633118]"
1941,0,48.76%,85.43%,0.0060,"[0.99574214220047, 0.004257846623659134]"
1942,1,48.79%,85.43%,0.1118,"[0.18467257916927338, 0.8153274059295654]"
1943,0,48.77%,85.44%,0.0031,"[0.9971106052398682, 0.0028893197886645794]"
1944,1,48.79%,85.45%,0.0227,"[0.02312210202217102, 0.9768779277801514]"
1945,1,48.82%,85.46%,0.0469,"[0.045435283333063126, 0.9545647501945496]"
1946,0,48.79%,85.46%,0.0017,"[0.9958239793777466, 0.004176038783043623]"
1947,0,48.77%,85.47%,0.0004,"[0.9897153973579407, 0.010284611955285072]"
1948,0,48.74%,85.48%,0.0003,"[0.9997517466545105, 0.0002481978735886514]"
1949,0,48.72%,85.49%,0.0002,"[0.9998340606689453, 0.00016585379489697516]"
1950,0,48.69%,85.49%,0.0001,"[0.9998371601104736, 0.00016283699369523674]"
1951,0,48.67%,85.50%,0.0000,"[0.9997716546058655, 0.00022837601136416197]"
1952,0,48.64%,85.51%,0.0002,"[0.9983794689178467, 0.0016205080319195986]"
1953,1,48.67%,85.52%,0.0104,"[0.01225721649825573, 0.9877427816390991]"
1954,0,48.64%,85.52%,0.0008,"[0.999561607837677, 0.00043843555613420904]"
1955,1,48.67%,85.53%,0.0218,"[0.02055414766073227, 0.9794458746910095]"
1956,1,48.70%,85.54%,0.0297,"[0.03435982018709183, 0.9656401872634888]"
1957,0,48.67%,85.50%,2.6546,"[0.05564754828810692, 0.9443524479866028]"
1958,1,48.70%,85.50%,0.0300,"[0.027087252587080002, 0.9729127287864685]"
1959,0,48.67%,85.51%,0.0013,"[0.9988425374031067, 0.0011575034586712718]"
1960,1,48.70%,85.52%,0.0169,"[0.02860720269382, 0.9713927507400513]"
1961,0,48.67%,85.52%,0.0026,"[0.9973949193954468, 0.002605062909424305]"
1962,1,48.70%,85.53%,0.0417,"[0.021844496950507164, 0.9781555533409119]"
1963,1,48.73%,85.54%,0.0737,"[0.06298352777957916, 0.937016487121582]"
1964,1,48.75%,85.55%,0.1025,"[0.07096797227859497, 0.9290319681167603]"
1965,0,48.73%,85.55%,0.0114,"[0.9942600727081299, 0.005739986430853605]"
1966,1,48.75%,85.56%,0.0837,"[0.05575864762067795, 0.9442413449287415]"
1967,1,48.78%,85.57%,0.0527,"[0.047703735530376434, 0.952296257019043]"
1968,1,48.81%,85.58%,0.0602,"[0.052306193858385086, 0.9476937651634216]"
1969,1,48.83%,85.58%,0.1215,"[0.11267563700675964, 0.887324333190918]"
1970,1,48.86%,85.59%,0.1500,"[0.09783460944890976, 0.902165412902832]"
1971,1,48.88%,85.60%,0.0929,"[0.11506985127925873, 0.8849301934242249]"
1972,1,48.91%,85.61%,0.1145,"[0.11117678880691528, 0.8888232707977295]"
1973,0,48.89%,85.61%,0.0043,"[0.9966596364974976, 0.0033404312562197447]"
1974,1,48.91%,85.62%,0.0263,"[0.031105637550354004, 0.968894362449646]"
1975,0,48.89%,85.63%,0.0021,"[0.9990504384040833, 0.0009495789417997003]"
1976,0,48.86%,85.63%,0.0010,"[0.9993784427642822, 0.0006215634639374912]"
1977,1,48.89%,85.64%,0.0180,"[0.021223219111561775, 0.978776752948761]"
1978,0,48.86%,85.65%,0.0012,"[0.99852055311203, 0.0014794602757319808]"
1979,1,48.89%,85.66%,0.0161,"[0.01644069515168667, 0.9835593104362488]"
1980,0,48.86%,85.66%,0.0032,"[0.9984380602836609, 0.0015619448386132717]"
1981,1,48.89%,85.67%,0.0153,"[0.0150069585070014, 0.9849931001663208]"
1982,1,48.92%,85.68%,0.0452,"[0.04414989426732063, 0.9558500647544861]"
1983,0,48.89%,85.69%,0.0071,"[0.9936889410018921, 0.0063110049813985825]"
1984,1,48.92%,85.69%,0.0292,"[0.028512628749012947, 0.9714874029159546]"
1985,0,48.89%,85.70%,0.0078,"[0.986814022064209, 0.013186015188694]"
1986,0,48.87%,85.71%,0.0008,"[0.9996160268783569, 0.00038395976298488677]"
1987,1,48.89%,85.71%,0.0152,"[0.009775688871741295, 0.990224301815033]"
1988,0,48.87%,85.72%,0.0005,"[0.9996777772903442, 0.00032229701173491776]"
1989,0,48.84%,85.73%,0.0002,"[0.9998899698257446, 0.00010997362551279366]"
1990,0,48.82%,85.74%,0.0001,"[0.9998917579650879, 0.00010817409201990813]"
1991,0,48.80%,85.69%,4.5630,"[0.010311447083950043, 0.989688515663147]"
1992,0,48.77%,85.70%,0.0002,"[0.9998226761817932, 0.0001773843396222219]"
1993,0,48.75%,85.66%,4.5716,"[0.012762828730046749, 0.9872372150421143]"
1994,1,48.77%,85.66%,0.0132,"[0.009975881315767765, 0.9900240898132324]"
1995,1,48.80%,85.67%,0.0360,"[0.030305244028568268, 0.9696947336196899]"
1996,0,48.77%,85.68%,0.0007,"[0.9988089799880981, 0.0011909980094060302]"
1997,0,48.75%,85.69%,0.0013,"[0.9978840947151184, 0.0021158948075026274]"
1998,1,48.77%,85.69%,0.0228,"[0.02137160114943981, 0.978628396987915]"
1999,1,48.80%,85.70%,0.0449,"[0.051503486931324005, 0.9484964609146118]"
2000,0,48.78%,85.71%,0.0003,"[0.9992152452468872, 0.0007846824009902775]"
2001,1,48.80%,85.71%,0.0309,"[0.030212413519620895, 0.9697875380516052]"
2002,0,48.78%,85.72%,0.0043,"[0.9976511597633362, 0.0023488353472203016]"
2003,1,48.80%,85.73%,0.0413,"[0.04313334822654724, 0.9568666815757751]"
2004,0,48.78%,85.74%,0.0015,"[0.9989107847213745, 0.0010892526479437947]"
2005,0,48.75%,85.74%,0.0006,"[0.9993109703063965, 0.0006890419754199684]"
2006,1,48.78%,85.75%,0.0378,"[0.03757303208112717, 0.962427020072937]"
2007,1,48.80%,85.76%,0.0697,"[0.06270730495452881, 0.9372926354408264]"
2008,1,48.83%,85.76%,0.1038,"[0.09649153053760529, 0.9035084843635559]"
2009,1,48.86%,85.77%,0.1576,"[0.1500323861837387, 0.8499675989151001]"
2010,0,48.83%,85.78%,0.0087,"[0.9893373250961304, 0.01066270750015974]"
2011,0,48.81%,85.79%,0.0121,"[0.9938251972198486, 0.0061748153530061245]"
2012,0,48.78%,85.74%,3.1092,"[0.04138660058379173, 0.958613395690918]"
2013,1,48.81%,85.75%,0.0291,"[0.027426838874816895, 0.9725731611251831]"
2014,1,48.83%,85.76%,0.0931,"[0.08529173582792282, 0.9147081971168518]"
2015,1,48.86%,85.76%,0.1080,"[0.07175341248512268, 0.9282465577125549]"
2016,0,48.83%,85.77%,0.0281,"[0.9858468174934387, 0.014153191819787025]"
2017,1,48.86%,85.78%,0.0527,"[0.04862533509731293, 0.9513746500015259]"
2018,1,48.89%,85.79%,0.1146,"[0.09889830648899078, 0.9011017084121704]"
2019,0,48.86%,85.74%,2.4693,"[0.09194575250148773, 0.9080542325973511]"
2020,0,48.84%,85.75%,0.0006,"[0.9991294741630554, 0.0008705005166120827]"
2021,1,48.86%,85.76%,0.0335,"[0.030971191823482513, 0.9690287709236145]"
2022,1,48.89%,85.76%,0.0384,"[0.03987981379032135, 0.9601201415061951]"
2023,0,48.86%,85.77%,0.0016,"[0.9983154535293579, 0.0016845094505697489]"
2024,1,48.89%,85.78%,0.0594,"[0.06796066462993622, 0.9320392608642578]"
2025,0,48.86%,85.74%,2.6135,"[0.0640459954738617, 0.9359540343284607]"
2026,1,48.89%,85.74%,0.0466,"[0.045054249465465546, 0.9549457430839539]"
2027,0,48.87%,85.70%,3.0539,"[0.0605505146086216, 0.9394494295120239]"
2028,0,48.84%,85.71%,0.0018,"[0.9939113855361938, 0.006088650785386562]"
2029,1,48.87%,85.71%,0.0351,"[0.03250422328710556, 0.9674957394599915]"
2030,0,48.84%,85.67%,2.1348,"[0.13439631462097168, 0.8656036853790283]"
2031,1,48.87%,85.68%,0.0805,"[0.07861562818288803, 0.9213843941688538]"
2032,0,48.84%,85.69%,0.0429,"[0.7976093888282776, 0.2023906260728836]"
2033,1,48.87%,85.69%,0.0841,"[0.09708655625581741, 0.902913510799408]"
2034,1,48.89%,85.70%,0.0687,"[0.16426360607147217, 0.8357363939285278]"
2035,1,48.92%,85.71%,0.2832,"[0.24585029482841492, 0.7541497349739075]"
2036,0,48.90%,85.71%,0.0063,"[0.9938139915466309, 0.006185956299304962]"
2037,1,48.92%,85.72%,0.0657,"[0.07362016290426254, 0.9263797998428345]"
2038,0,48.90%,85.73%,0.0026,"[0.9965773224830627, 0.0034226845018565655]"
2039,1,48.92%,85.74%,0.0714,"[0.07405439764261246, 0.9259456396102905]"
2040,1,48.95%,85.74%,0.0817,"[0.06568857282400131, 0.9343114495277405]"
2041,0,48.92%,85.70%,2.6071,"[0.13225121796131134, 0.8677487373352051]"
2042,1,48.95%,85.71%,0.0730,"[0.15112124383449554, 0.8488787412643433]"
2043,0,48.92%,85.71%,0.0058,"[0.9968942403793335, 0.00310576637275517]"
2044,1,48.95%,85.72%,0.2271,"[0.24974657595157623, 0.7502533793449402]"
2045,1,48.97%,85.73%,0.1633,"[0.07280361652374268, 0.9271963834762573]"
2046,0,48.95%,85.69%,1.9419,"[0.07522376626729965, 0.9247761964797974]"
2047,0,48.93%,85.69%,0.0031,"[0.9966006875038147, 0.003399399807676673]"
2048,1,48.95%,85.70%,0.1031,"[0.09354068338871002, 0.9064592719078064]"
2049,1,48.98%,85.71%,0.1242,"[0.11099793016910553, 0.8890021443367004]"
2050,1,49.00%,85.71%,0.2483,"[0.21475735306739807, 0.7852426171302795]"
2051,0,48.98%,85.72%,0.0142,"[0.9835023283958435, 0.016497619450092316]"
2052,0,48.95%,85.68%,1.1139,"[0.2195294350385666, 0.780470609664917]"
2053,1,48.98%,85.69%,0.1031,"[0.11747898906469345, 0.8825210332870483]"
2054,1,49.00%,85.69%,0.1445,"[0.12516343593597412, 0.8748365044593811]"
2055,1,49.03%,85.70%,0.1404,"[0.13008150458335876, 0.8699184656143188]"
2056,0,49.00%,85.71%,0.0088,"[0.9936414361000061, 0.006358558777719736]"
2057,0,48.98%,85.71%,0.0014,"[0.9989551305770874, 0.0010448158718645573]"
2058,1,49.00%,85.72%,0.0718,"[0.0773095041513443, 0.9226904511451721]"
2059,1,49.03%,85.73%,0.1731,"[0.09842710196971893, 0.9015728831291199]"
2060,1,49.05%,85.74%,0.1531,"[0.11880790442228317, 0.881192147731781]"
2061,0,49.03%,85.74%,0.0021,"[0.9800705313682556, 0.01992950215935707]"
2062,0,49.01%,85.75%,0.0013,"[0.9965909719467163, 0.003409049240872264]"
2063,0,48.98%,85.76%,0.0002,"[0.9995865225791931, 0.00041351691470481455]"
2064,1,49.01%,85.76%,0.0439,"[0.08314560353755951, 0.9168543815612793]"
2065,0,48.98%,85.77%,0.0011,"[0.9991255402565002, 0.0008744930964894593]"
2066,0,48.96%,85.78%,0.0007,"[0.9995891451835632, 0.0004108395369257778]"
2067,1,48.98%,85.78%,0.0342,"[0.040545783936977386, 0.9594542384147644]"
2068,0,48.96%,85.79%,0.2322,"[0.9259024858474731, 0.07409755885601044]"
2069,0,48.94%,85.80%,0.0006,"[0.998968243598938, 0.001031803898513317]"
2070,0,48.91%,85.80%,0.0002,"[0.9998125433921814, 0.00018745304259937257]"
2071,1,48.94%,85.81%,0.0292,"[0.028407352045178413, 0.9715926051139832]"
2072,0,48.91%,85.77%,2.0943,"[0.11312893033027649, 0.8868710398674011]"
2073,1,48.94%,85.78%,0.0512,"[0.04466056078672409, 0.9553394317626953]"
2074,1,48.96%,85.78%,0.0422,"[0.08224648982286453, 0.9177534580230713]"
2075,1,48.99%,85.79%,0.1057,"[0.14864370226860046, 0.8513563275337219]"
2076,0,48.96%,85.80%,0.0129,"[0.9804849028587341, 0.01951516605913639]"
2077,1,48.99%,85.80%,0.0823,"[0.03183528780937195, 0.9681647419929504]"
2078,0,48.97%,85.81%,0.0036,"[0.9910402894020081, 0.00895965751260519]"
2079,0,48.94%,85.77%,1.7788,"[0.19079990684986115, 0.8092000484466553]"
2080,1,48.97%,85.78%,0.0564,"[0.10948427766561508, 0.8905156850814819]"
2081,0,48.94%,85.78%,0.0027,"[0.9976274371147156, 0.0023725710343569517]"
2082,1,48.97%,85.74%,0.8739,"[0.7454043626785278, 0.2545955777168274]"
2083,0,48.94%,85.75%,0.0062,"[0.9934836030006409, 0.006516430992633104]"
2084,0,48.92%,85.76%,0.0018,"[0.9982109069824219, 0.00178913539275527]"
2085,1,48.95%,85.76%,0.0928,"[0.07754693180322647, 0.9224530458450317]"
2086,1,48.97%,85.77%,0.0765,"[0.06727468967437744, 0.9327253103256226]"
2087,1,48.99%,85.78%,0.1190,"[0.1090012788772583, 0.8909987211227417]"
2088,0,48.97%,85.78%,0.0114,"[0.9897683262825012, 0.010231711901724339]"
2089,0,48.95%,85.74%,1.6126,"[0.19654683768749237, 0.8034530878067017]"
2090,0,48.92%,85.75%,0.0006,"[0.9990930557250977, 0.0009069471852853894]"
2091,0,48.90%,85.76%,0.0008,"[0.9994851350784302, 0.0005148513591848314]"
2092,0,48.88%,85.71%,1.9032,"[0.12225175648927689, 0.8777481913566589]"
2093,0,48.85%,85.72%,0.0001,"[0.9998552799224854, 0.00014464263222180307]"
2094,1,48.88%,85.73%,0.0305,"[0.03387526050209999, 0.9661247134208679]"
2095,1,48.90%,85.73%,0.1125,"[0.11901510506868362, 0.880984902381897]"
2096,1,48.93%,85.74%,0.1226,"[0.11452696472406387, 0.8854730129241943]"
2097,1,48.95%,85.75%,0.1006,"[0.09657366573810577, 0.9034263491630554]"
2098,0,48.93%,85.76%,0.0120,"[0.9916661381721497, 0.008333847858011723]"
2099,1,48.95%,85.76%,0.0446,"[0.027441812679171562, 0.9725582003593445]"
2100,1,48.98%,85.77%,0.0797,"[0.04870501160621643, 0.951295018196106]"
2101,0,48.95%,85.78%,0.0526,"[0.9532901048660278, 0.046709924936294556]"
2102,0,48.93%,85.78%,0.0013,"[0.9979554414749146, 0.0020445981062948704]"
2103,0,48.91%,85.79%,0.0006,"[0.9990285634994507, 0.0009714701445773244]"
2104,1,48.93%,85.80%,0.0625,"[0.034737348556518555, 0.9652625918388367]"
2105,0,48.91%,85.80%,0.0028,"[0.996995210647583, 0.0030047656036913395]"
2106,1,48.93%,85.81%,0.0584,"[0.0443083830177784, 0.9556916356086731]"
2107,0,48.91%,85.77%,2.0036,"[0.1449981927871704, 0.8550018072128296]"
2108,0,48.89%,85.78%,0.0008,"[0.9989966750144958, 0.0010033001890406013]"
2109,1,48.91%,85.78%,0.0668,"[0.07252568751573563, 0.927474319934845]"
2110,1,48.93%,85.79%,0.1824,"[0.20892861485481262, 0.7910714149475098]"
2111,0,48.91%,85.80%,0.0133,"[0.9818063974380493, 0.018193574622273445]"
2112,0,48.89%,85.80%,0.0024,"[0.997624933719635, 0.00237503950484097]"
2113,0,48.86%,85.81%,0.0006,"[0.9995378255844116, 0.00046218596980907023]"
2114,1,48.89%,85.82%,0.0649,"[0.06632006913423538, 0.9336799383163452]"
2115,1,48.91%,85.82%,0.0539,"[0.09876854717731476, 0.9012314081192017]"
2116,0,48.89%,85.78%,1.5724,"[0.1464637964963913, 0.8535361886024475]"
2117,1,48.91%,85.79%,0.0948,"[0.1108139380812645, 0.8891860842704773]"
2118,0,48.89%,85.80%,0.0024,"[0.9984109401702881, 0.0015890744980424643]"
2119,0,48.87%,85.80%,0.0004,"[0.9995760321617126, 0.0004239703994244337]"
2120,0,48.84%,85.81%,0.0002,"[0.9997796416282654, 0.00022033370623830706]"
2121,0,48.82%,85.82%,0.0001,"[0.9999126195907593, 8.7342930783052e-05]"
2122,1,48.85%,85.82%,0.0175,"[0.020062334835529327, 0.9799376130104065]"
2123,1,48.87%,85.83%,0.0438,"[0.04015888646245003, 0.9598410725593567]"
2124,0,48.85%,85.84%,0.0004,"[0.9992691874504089, 0.0007308644126169384]"
2125,1,48.87%,85.84%,0.0745,"[0.03798244521021843, 0.9620175361633301]"
2126,1,48.90%,85.85%,0.0830,"[0.062378183007240295, 0.9376218318939209]"
2127,0,48.87%,85.86%,0.0028,"[0.9961663484573364, 0.0038336908910423517]"
2128,0,48.85%,85.81%,2.3726,"[0.05948907136917114, 0.9405109286308289]"
2129,1,48.87%,85.82%,0.0516,"[0.04478176683187485, 0.9552181959152222]"
2130,0,48.85%,85.83%,0.0010,"[0.9991311430931091, 0.0008688887464813888]"
2131,0,48.83%,85.79%,1.2095,"[0.2803804874420166, 0.7196195721626282]"
2132,1,48.85%,85.79%,0.0857,"[0.06953001767396927, 0.9304699301719666]"
2133,1,48.88%,85.80%,0.1758,"[0.15938332676887512, 0.8406167030334473]"
2134,1,48.90%,85.81%,0.0903,"[0.08570247143507004, 0.9142974615097046]"
2135,0,48.88%,85.81%,0.0028,"[0.9987051486968994, 0.0012948421062901616]"
2136,1,48.90%,85.82%,0.0395,"[0.05464726313948631, 0.9453526735305786]"
2137,0,48.88%,85.83%,0.0009,"[0.9989117383956909, 0.001088209100998938]"
2138,0,48.85%,85.83%,0.0006,"[0.9988071918487549, 0.0011928628664463758]"
2139,0,48.83%,85.79%,1.6503,"[0.15073688328266144, 0.849263072013855]"
2140,1,48.86%,85.80%,0.0814,"[0.01933259703218937, 0.9806673526763916]"
2141,0,48.83%,85.81%,0.0035,"[0.9972246885299683, 0.0027753820177167654]"
2142,1,48.86%,85.81%,0.0809,"[0.08049678802490234, 0.9195032715797424]"
2143,0,48.83%,85.82%,0.0007,"[0.9984404444694519, 0.0015596146695315838]"
2144,1,48.86%,85.83%,0.0992,"[0.10967209935188293, 0.8903278708457947]"
2145,0,48.84%,85.79%,2.4351,"[0.21015970408916473, 0.7898402810096741]"
2146,1,48.86%,85.79%,0.1408,"[0.10766150802373886, 0.8923384547233582]"
2147,0,48.84%,85.80%,0.0053,"[0.9961071610450745, 0.0038928475696593523]"
2148,1,48.86%,85.81%,0.1505,"[0.17460785806179047, 0.8253921270370483]"
2149,1,48.88%,85.81%,0.0780,"[0.14057572185993195, 0.8594242334365845]"
2150,0,48.86%,85.82%,0.0468,"[0.9668034315109253, 0.03319665044546127]"
2151,0,48.84%,85.83%,0.0006,"[0.9989222288131714, 0.0010778178693726659]"
2152,0,48.82%,85.83%,0.0004,"[0.9996827840805054, 0.0003171784046571702]"
2153,0,48.79%,85.84%,0.0004,"[0.9996572732925415, 0.00034271826734766364]"
2154,0,48.77%,85.85%,0.0001,"[0.9998953342437744, 0.00010464471415616572]"
2155,0,48.75%,85.85%,0.0002,"[0.9998908042907715, 0.00010921471402980387]"
2156,0,48.73%,85.81%,2.7394,"[0.08349773287773132, 0.9165022969245911]"
2157,1,48.75%,85.82%,0.0565,"[0.07432703673839569, 0.9256730079650879]"
2158,0,48.73%,85.83%,0.0011,"[0.9989275336265564, 0.0010724252788349986]"
2159,0,48.70%,85.83%,0.0004,"[0.999639630317688, 0.00036039622500538826]"
2160,1,48.73%,85.84%,0.0866,"[0.04066526144742966, 0.9593347311019897]"
2161,1,48.75%,85.85%,0.0537,"[0.10840355604887009, 0.8915964365005493]"
2162,0,48.73%,85.85%,0.0012,"[0.9986284971237183, 0.001371571677736938]"
2163,1,48.75%,85.86%,0.0209,"[0.08232925832271576, 0.917670726776123]"
2164,0,48.73%,85.87%,0.2414,"[0.7749146223068237, 0.22508540749549866]"
2165,1,48.75%,85.87%,0.1494,"[0.13639909029006958, 0.8636009097099304]"
2166,1,48.78%,85.88%,0.2376,"[0.04939863830804825, 0.95060133934021]"
2167,1,48.80%,85.89%,0.3687,"[0.27855291962623596, 0.7214471101760864]"
2168,1,48.82%,85.89%,0.4207,"[0.15529286861419678, 0.8447071313858032]"
2169,0,48.80%,85.85%,1.5026,"[0.15036430954933167, 0.8496357202529907]"
2170,0,48.78%,85.86%,0.0127,"[0.9883919358253479, 0.011608068831264973]"
2171,1,48.80%,85.82%,2.4138,"[0.9498143196105957, 0.05018564686179161]"
2172,1,48.83%,85.83%,0.0837,"[0.0895489826798439, 0.9104509949684143]"
2173,1,48.85%,85.83%,0.0909,"[0.06517807394266129, 0.9348219633102417]"
2174,1,48.87%,85.84%,0.0956,"[0.11032843589782715, 0.8896715641021729]"
2175,0,48.85%,85.85%,0.0163,"[0.9813565015792847, 0.018643446266651154]"
2176,0,48.83%,85.81%,2.5072,"[0.11278235912322998, 0.88721764087677]"
2177,0,48.81%,85.77%,2.3521,"[0.1008678525686264, 0.8991321325302124]"
2178,0,48.78%,85.77%,0.0006,"[0.9984777569770813, 0.0015222564106807113]"
2179,1,48.81%,85.78%,0.0405,"[0.04131043702363968, 0.9586895108222961]"
2180,0,48.78%,85.79%,0.0009,"[0.9994043111801147, 0.0005957195535302162]"
2181,0,48.76%,85.79%,0.0005,"[0.9995668530464172, 0.0004330931988079101]"
2182,1,48.79%,85.80%,0.0421,"[0.04130365699529648, 0.9586963057518005]"
2183,1,48.81%,85.81%,0.0989,"[0.11273588985204697, 0.88726407289505]"
2184,1,48.83%,85.81%,0.1857,"[0.11936657875776291, 0.8806333541870117]"
2185,0,48.81%,85.82%,0.0158,"[0.9890462756156921, 0.010953664779663086]"
2186,1,48.83%,85.83%,0.1221,"[0.04376353695988655, 0.9562364220619202]"
2187,1,48.86%,85.83%,0.0847,"[0.15203608572483063, 0.8479639291763306]"
2188,0,48.84%,85.84%,0.0063,"[0.9771521687507629, 0.022847814485430717]"
2189,1,48.86%,85.84%,0.0756,"[0.14753617346286774, 0.8524638414382935]"
2190,1,48.88%,85.85%,0.1260,"[0.19241933524608612, 0.8075807094573975]"
2191,1,48.91%,85.86%,0.2368,"[0.18384023010730743, 0.8161597847938538]"
2192,1,48.93%,85.86%,0.1495,"[0.18267112970352173, 0.817328929901123]"
2193,1,48.95%,85.87%,0.3490,"[0.24805979430675507, 0.7519401907920837]"
2194,0,48.93%,85.83%,1.4199,"[0.24392977356910706, 0.7560701966285706]"
2195,0,48.91%,85.79%,2.2571,"[0.13253571093082428, 0.8674643039703369]"
2196,1,48.93%,85.80%,0.1282,"[0.11041716486215591, 0.8895828723907471]"
2197,0,48.91%,85.81%,0.0739,"[0.974590539932251, 0.0254093986004591]"
2198,0,48.89%,85.77%,2.0855,"[0.13106660544872284, 0.868933379650116]"
2199,1,48.91%,85.77%,0.0554,"[0.07493582367897034, 0.925064206123352]"
2200,0,48.89%,85.78%,0.0064,"[0.9948683977127075, 0.005131580866873264]"
2201,0,48.86%,85.79%,0.0014,"[0.9936791062355042, 0.006320908199995756]"
2202,1,48.89%,85.79%,0.0518,"[0.06543884426355362, 0.9345611929893494]"
2203,0,48.87%,85.75%,2.2227,"[0.12809717655181885, 0.8719027638435364]"
2204,0,48.84%,85.76%,0.0031,"[0.9973894953727722, 0.0026105847209692]"
2205,1,48.87%,85.77%,0.0769,"[0.0877285823225975, 0.9122714400291443]"
2206,1,48.89%,85.77%,0.2009,"[0.12974010407924652, 0.8702599406242371]"
2207,0,48.87%,85.78%,0.0033,"[0.9896975159645081, 0.010302409529685974]"
2208,0,48.85%,85.79%,0.0021,"[0.9990702271461487, 0.0009298065560869873]"
2209,0,48.82%,85.79%,0.0007,"[0.999703586101532, 0.00029643380548805]"
2210,0,48.80%,85.80%,0.0009,"[0.9996627569198608, 0.000337206176482141]"
2211,1,48.82%,85.80%,0.0740,"[0.10084499418735504, 0.8991549611091614]"
2212,1,48.85%,85.81%,0.1364,"[0.19005818665027618, 0.809941828250885]"
2213,0,48.83%,85.82%,0.0016,"[0.9966289401054382, 0.003371098544448614]"
2214,1,48.85%,85.82%,0.1820,"[0.18391168117523193, 0.8160883188247681]"
2215,0,48.83%,85.83%,0.0044,"[0.9955469369888306, 0.004453006666153669]"
2216,1,48.85%,85.84%,0.1163,"[0.12607166171073914, 0.8739283084869385]"
2217,1,48.87%,85.84%,0.1440,"[0.1758623868227005, 0.8241375684738159]"
2218,0,48.85%,85.85%,0.0055,"[0.9799373745918274, 0.020062636584043503]"
2219,1,48.87%,85.86%,0.0873,"[0.08148141950368881, 0.918518602848053]"
2220,1,48.90%,85.86%,0.0833,"[0.09688934683799744, 0.9031106233596802]"
2221,1,48.92%,85.87%,0.0452,"[0.08409678936004639, 0.9159032106399536]"
2222,1,48.94%,85.87%,0.1878,"[0.17091335356235504, 0.8290866017341614]"
2223,0,48.92%,85.88%,0.0617,"[0.9857954978942871, 0.014204554259777069]"
2224,1,48.94%,85.89%,0.1216,"[0.06995420902967453, 0.9300458431243896]"
2225,0,48.92%,85.89%,0.0046,"[0.9955915212631226, 0.004408552311360836]"
2226,1,48.94%,85.90%,0.0842,"[0.0509355403482914, 0.9490644335746765]"
2227,0,48.92%,85.91%,0.0122,"[0.9961990714073181, 0.0038008904084563255]"
2228,0,48.90%,85.91%,0.0069,"[0.9989112615585327, 0.0010887130629271269]"
2229,1,48.92%,85.92%,0.0500,"[0.05501500517129898, 0.9449849724769592]"
2230,0,48.90%,85.93%,0.0025,"[0.9978891015052795, 0.0021108847577124834]"
2231,1,48.92%,85.93%,0.0490,"[0.048223890364170074, 0.9517760872840881]"
2232,1,48.95%,85.94%,0.1392,"[0.12803655862808228, 0.8719635009765625]"
2233,0,48.93%,85.94%,0.0146,"[0.9841580390930176, 0.015841903164982796]"
2234,1,48.95%,85.95%,0.0465,"[0.05477209761738777, 0.945227861404419]"
2235,0,48.93%,85.96%,0.0075,"[0.9960047602653503, 0.003995212726294994]"
2236,1,48.95%,85.96%,0.0467,"[0.05364151671528816, 0.9463585019111633]"
2237,0,48.93%,85.97%,0.0005,"[0.9996718168258667, 0.00032817444298416376]"
2238,0,48.91%,85.98%,0.0003,"[0.9997732043266296, 0.00022684907889924943]"
2239,0,48.88%,85.98%,0.0002,"[0.9997966885566711, 0.00020334843429736793]"
2240,1,48.91%,85.99%,0.0212,"[0.027765776962041855, 0.9722342491149902]"
2241,0,48.88%,85.99%,0.0003,"[0.999480664730072, 0.0005194088444113731]"
2242,1,48.91%,86.00%,0.0226,"[0.022582711651921272, 0.9774173498153687]"
2243,0,48.89%,85.96%,1.5469,"[0.21630771458148956, 0.7836923003196716]"
2244,1,48.91%,85.97%,0.0192,"[0.02165558561682701, 0.9783444404602051]"
2245,1,48.93%,85.98%,0.0431,"[0.03510376438498497, 0.9648962020874023]"
2246,1,48.95%,85.98%,0.0551,"[0.05483471229672432, 0.94516521692276]"
2247,0,48.93%,85.99%,0.0095,"[0.9929131865501404, 0.0070868865586817265]"
2248,1,48.96%,85.99%,0.0572,"[0.05747402459383011, 0.9425260424613953]"
2249,1,48.98%,86.00%,0.1045,"[0.09388513118028641, 0.906114935874939]"
2250,0,48.96%,85.96%,1.3653,"[0.44088971614837646, 0.5591102838516235]"
2251,0,48.93%,85.97%,0.0054,"[0.9946852922439575, 0.005314656998962164]"
2252,0,48.91%,85.97%,0.0023,"[0.998388409614563, 0.0016116350889205933]"
2253,0,48.89%,85.98%,0.0004,"[0.9993658661842346, 0.0006341127445921302]"
2254,1,48.91%,85.99%,0.0393,"[0.025990694761276245, 0.9740092754364014]"
2255,1,48.94%,85.99%,0.0464,"[0.05410286784172058, 0.945897102355957]"
2256,0,48.91%,86.00%,0.0061,"[0.9961399435997009, 0.0038600675761699677]"
2257,0,48.89%,86.01%,0.0011,"[0.9988068342208862, 0.001193218631669879]"
2258,0,48.87%,86.01%,0.0006,"[0.9996663331985474, 0.0003336688387207687]"
2259,0,48.85%,85.97%,3.6159,"[0.031235037371516228, 0.9687650203704834]"
2260,1,48.87%,85.98%,0.0204,"[0.0271708145737648, 0.9728292226791382]"
2261,1,48.89%,85.99%,0.1290,"[0.10112673789262772, 0.8988732695579529]"
2262,1,48.92%,85.99%,0.0753,"[0.07653597742319107, 0.9234640598297119]"
2263,0,48.90%,86.00%,0.0041,"[0.9952072501182556, 0.004792689345777035]"
2264,1,48.92%,85.96%,0.7518,"[0.6030775308609009, 0.3969224989414215]"
2265,0,48.90%,85.97%,0.0014,"[0.9982950091362, 0.001704973983578384]"
2266,0,48.88%,85.97%,0.0004,"[0.9996356964111328, 0.0003642891824711114]"
2267,0,48.85%,85.93%,3.2033,"[0.03420582786202431, 0.9657941460609436]"
2268,0,48.83%,85.94%,0.0001,"[0.9998657703399658, 0.00013424799544736743]"
2269,1,48.85%,85.90%,1.0501,"[0.6871005296707153, 0.3128994405269623]"
2270,0,48.83%,85.87%,2.5618,"[0.06889742612838745, 0.9311026334762573]"
2271,1,48.86%,85.87%,0.0344,"[0.042184896767139435, 0.9578151106834412]"
2272,0,48.83%,85.88%,0.0583,"[0.9651926159858704, 0.034807320684194565]"
2273,0,48.81%,85.84%,2.6680,"[0.09759917855262756, 0.9024008512496948]"
2274,1,48.84%,85.85%,0.0711,"[0.060921281576156616, 0.939078688621521]"
2275,0,48.81%,85.85%,0.0015,"[0.9985894560813904, 0.0014105055015534163]"
2276,0,48.79%,85.86%,0.0005,"[0.999546468257904, 0.0004534773761406541]"
2277,1,48.81%,85.86%,0.1175,"[0.11871901899576187, 0.8812810182571411]"
2278,1,48.84%,85.87%,0.1291,"[0.12274330109357834, 0.8772566318511963]"
2279,1,48.86%,85.88%,0.1823,"[0.051016487181186676, 0.9489834904670715]"
2280,1,48.88%,85.88%,0.0940,"[0.09948999434709549, 0.9005100131034851]"
2281,1,48.90%,85.89%,0.2673,"[0.25440865755081177, 0.7455913424491882]"
2282,1,48.93%,85.90%,0.1721,"[0.14862552285194397, 0.8513744473457336]"
2283,0,48.91%,85.90%,0.0265,"[0.9760977029800415, 0.023902321234345436]"
2284,0,48.88%,85.91%,0.0046,"[0.9974831938743591, 0.0025168629363179207]"
2285,1,48.91%,85.91%,0.0329,"[0.13612498342990875, 0.8638749718666077]"
2286,1,48.93%,85.92%,0.1287,"[0.17598366737365723, 0.8240163326263428]"
2287,0,48.91%,85.88%,2.3014,"[0.1692105531692505, 0.8307894468307495]"
2288,1,48.93%,85.89%,0.0680,"[0.06809402257204056, 0.9319060444831848]"
2289,0,48.91%,85.85%,2.1285,"[0.31516435742378235, 0.68483567237854]"
2290,0,48.89%,85.86%,0.0022,"[0.9939427971839905, 0.0060571483336389065]"
2291,1,48.91%,85.86%,0.0963,"[0.11132321506738663, 0.8886768221855164]"
2292,1,48.93%,85.87%,0.1035,"[0.12209375202655792, 0.8779062032699585]"
2293,0,48.91%,85.88%,0.0059,"[0.9921585321426392, 0.007841493003070354]"
2294,0,48.89%,85.88%,0.0010,"[0.9987227320671082, 0.0012772998306900263]"
2295,1,48.91%,85.89%,0.0753,"[0.07679493725299835, 0.9232050776481628]"
2296,1,48.93%,85.89%,0.1168,"[0.04248162731528282, 0.9575183987617493]"
2297,1,48.96%,85.90%,0.1535,"[0.22230428457260132, 0.7776957154273987]"
2298,0,48.93%,85.91%,0.1154,"[0.9238501191139221, 0.07614986598491669]"
2299,1,48.96%,85.91%,0.1235,"[0.1590125858783722, 0.8409873843193054]"
2300,1,48.98%,85.92%,0.1032,"[0.20897723734378815, 0.791022777557373]"
2301,0,48.96%,85.93%,0.0173,"[0.962752640247345, 0.03724735602736473]"
2302,0,48.94%,85.93%,0.0068,"[0.9933440685272217, 0.006655894219875336]"
2303,0,48.91%,85.94%,0.0021,"[0.9990314245223999, 0.0009685894474387169]"
2304,1,48.94%,85.94%,0.0457,"[0.053773339837789536, 0.9462266564369202]"
2305,0,48.92%,85.95%,0.0030,"[0.9989718198776245, 0.0010282201692461967]"
2306,0,48.89%,85.96%,0.0003,"[0.9997403025627136, 0.00025973262381739914]"
2307,0,48.87%,85.96%,0.2354,"[0.9983745813369751, 0.0016253538196906447]"
2308,1,48.90%,85.97%,0.1702,"[0.0660259872674942, 0.933974027633667]"
2309,0,48.87%,85.97%,0.0011,"[0.9987879395484924, 0.0012121197069063783]"
2310,1,48.90%,85.98%,0.0589,"[0.07417989522218704, 0.9258201122283936]"
2311,1,48.92%,85.99%,0.0972,"[0.13444118201732635, 0.8655588030815125]"
2312,1,48.94%,85.99%,0.0957,"[0.1677909791469574, 0.832209050655365]"
2313,0,48.92%,86.00%,0.0260,"[0.9864670634269714, 0.013532931916415691]"
2314,0,48.90%,86.00%,0.0030,"[0.99781334400177, 0.002186634112149477]"
2315,1,48.92%,86.01%,0.0453,"[0.037362270057201385, 0.962637722492218]"
2316,1,48.94%,86.02%,0.1148,"[0.1374436765909195, 0.8625563383102417]"
2317,1,48.96%,86.02%,0.0782,"[0.08637085556983948, 0.9136291146278381]"
2318,1,48.99%,86.03%,0.1563,"[0.13118436932563782, 0.8688156604766846]"
2319,0,48.97%,86.03%,0.0171,"[0.9599586129188538, 0.04004134237766266]"
2320,0,48.94%,86.04%,0.0430,"[0.9688463807106018, 0.031153691932559013]"
2321,0,48.92%,86.05%,0.0003,"[0.9993067979812622, 0.0006932251853868365]"
2322,0,48.90%,86.01%,2.7731,"[0.08872801810503006, 0.9112719297409058]"
2323,1,48.92%,86.02%,0.0288,"[0.028627339750528336, 0.971372663974762]"
2324,0,48.90%,86.02%,0.0032,"[0.9984856247901917, 0.0015144534409046173]"
2325,0,48.88%,86.03%,0.0006,"[0.9997143149375916, 0.00028572246083058417]"
2326,0,48.86%,86.03%,0.0002,"[0.999868631362915, 0.0001314044202445075]"
2327,0,48.84%,86.04%,0.0001,"[0.9999122619628906, 8.777485345490277e-05]"
2328,1,48.86%,86.05%,0.0343,"[0.04428110644221306, 0.9557188153266907]"
2329,1,48.88%,86.05%,0.0439,"[0.041398197412490845, 0.9586017727851868]"
2330,0,48.86%,86.06%,0.0076,"[0.9980493783950806, 0.0019506271928548813]"
2331,0,48.84%,86.02%,1.3686,"[0.2205144613981247, 0.7794855237007141]"
2332,1,48.86%,86.03%,0.0235,"[0.0263073667883873, 0.9736925959587097]"
2333,1,48.89%,86.03%,0.1368,"[0.19403311610221863, 0.805966854095459]"
2334,1,48.91%,86.04%,0.0568,"[0.0437428317964077, 0.956257164478302]"
2335,0,48.89%,86.04%,0.0259,"[0.9880772829055786, 0.011922772042453289]"
2336,1,48.91%,86.05%,0.0403,"[0.05383073538541794, 0.9461692571640015]"
2337,0,48.89%,86.01%,1.2387,"[0.1744176745414734, 0.8255823254585266]"
2338,0,48.87%,86.02%,0.0013,"[0.9992982149124146, 0.0007018021424300969]"
2339,0,48.85%,86.03%,0.0005,"[0.9996905326843262, 0.00030944860191084445]"
2340,1,48.87%,86.03%,0.0132,"[0.06712040305137634, 0.9328795671463013]"
2341,1,48.89%,86.04%,0.1175,"[0.05745894834399223, 0.9425410628318787]"
2342,0,48.87%,86.04%,0.0112,"[0.994702160358429, 0.005297781899571419]"
2343,0,48.85%,86.05%,0.0005,"[0.9988000392913818, 0.0011999100679531693]"
2344,0,48.83%,86.06%,0.0003,"[0.9997079968452454, 0.0002920085680671036]"
2345,1,48.85%,86.06%,0.0581,"[0.042510099709033966, 0.9574898481369019]"
2346,0,48.83%,86.07%,0.0005,"[0.9993025064468384, 0.0006974764983169734]"
2347,1,48.85%,86.07%,0.0292,"[0.02868400514125824, 0.9713159799575806]"
2348,1,48.87%,86.08%,0.0545,"[0.03187920153141022, 0.968120813369751]"
2349,0,48.85%,86.09%,0.0015,"[0.9977952241897583, 0.0022047879174351692]"
2350,0,48.83%,86.09%,0.0007,"[0.9993884563446045, 0.0006114982534199953]"
2351,1,48.85%,86.10%,0.0201,"[0.021444475278258324, 0.9785555601119995]"
2352,0,48.83%,86.10%,0.0002,"[0.9992223978042603, 0.0007776346174068749]"
2353,0,48.81%,86.07%,1.8730,"[0.17303435504436493, 0.8269656300544739]"
2354,1,48.83%,86.07%,0.0363,"[0.03479549288749695, 0.9652045369148254]"
2355,0,48.81%,86.04%,2.9500,"[0.11486278474330902, 0.8851372003555298]"
2356,1,48.83%,86.04%,0.0281,"[0.06705839186906815, 0.9329416155815125]"
2357,0,48.81%,86.05%,0.0016,"[0.9972344040870667, 0.0027656566817313433]"
2358,1,48.83%,86.05%,0.0318,"[0.04053383693099022, 0.9594661593437195]"
2359,1,48.86%,86.06%,0.0628,"[0.04074146971106529, 0.959258496761322]"
2360,0,48.84%,86.07%,0.0044,"[0.996338963508606, 0.00366104650311172]"
2361,0,48.81%,86.07%,0.0005,"[0.9992079138755798, 0.0007920702337287366]"
2362,1,48.84%,86.08%,0.0302,"[0.030777595937252045, 0.969222366809845]"
2363,1,48.86%,86.08%,0.0379,"[0.07362329214811325, 0.9263767004013062]"
2364,1,48.88%,86.09%,0.2011,"[0.06195981055498123, 0.9380401372909546]"
2365,0,48.86%,86.05%,1.7293,"[0.08515245467424393, 0.9148476123809814]"
2366,1,48.88%,86.06%,0.0743,"[0.09980995953083038, 0.9001900553703308]"
2367,1,48.90%,86.02%,0.3465,"[0.7323936223983765, 0.26760637760162354]"
2368,1,48.92%,86.03%,1.3142,"[0.40755629539489746, 0.5924437046051025]"
2369,0,48.90%,86.03%,0.0082,"[0.9927129149436951, 0.007287010550498962]"
2370,0,48.88%,86.00%,1.8555,"[0.11613932996988297, 0.8838606476783752]"
2371,1,48.90%,86.00%,0.1781,"[0.22242537140846252, 0.7775745987892151]"
2372,0,48.88%,86.01%,0.0003,"[0.999339759349823, 0.0006602293578907847]"
2373,0,48.86%,86.02%,0.7134,"[0.7331863045692444, 0.2668136954307556]"
2374,0,48.84%,86.02%,0.0002,"[0.9997711777687073, 0.00022888500825501978]"
2375,0,48.82%,86.03%,0.0002,"[0.9998708963394165, 0.00012910322402603924]"
2376,0,48.80%,86.03%,0.0001,"[0.9999138116836548, 8.622278255643323e-05]"
2377,1,48.82%,86.04%,0.0220,"[0.022764474153518677, 0.9772354960441589]"
2378,1,48.84%,86.04%,0.2373,"[0.06203150749206543, 0.9379685521125793]"
2379,1,48.87%,86.05%,0.0531,"[0.05179166793823242, 0.9482083916664124]"
2380,1,48.89%,86.06%,0.1186,"[0.23613934218883514, 0.7638607025146484]"
2381,1,48.91%,86.06%,0.2313,"[0.14360851049423218, 0.8563914895057678]"
2382,1,48.93%,86.07%,0.1236,"[0.045248743146657944, 0.9547512531280518]"
2383,1,48.95%,86.03%,0.4705,"[0.5315662622451782, 0.4684337377548218]"
2384,1,48.97%,86.04%,0.2649,"[0.13082799315452576, 0.8691720366477966]"
2385,0,48.95%,86.00%,1.0853,"[0.33623942732810974, 0.6637604832649231]"
2386,0,48.93%,85.97%,1.6801,"[0.08012396097183228, 0.9198760390281677]"
2387,1,48.95%,85.97%,0.1088,"[0.0911058783531189, 0.9088940620422363]"
2388,1,48.97%,85.98%,0.1392,"[0.13883206248283386, 0.8611679673194885]"
2389,0,48.95%,85.98%,0.0061,"[0.9947853684425354, 0.005214616656303406]"
2390,0,48.93%,85.99%,0.0013,"[0.9898197054862976, 0.01018034853041172]"
2391,0,48.91%,85.99%,0.0014,"[0.9985983967781067, 0.0014016411732882261]"
2392,1,48.93%,86.00%,0.0238,"[0.01783682405948639, 0.9821632504463196]"
2393,0,48.91%,85.96%,1.5437,"[0.14359956979751587, 0.8564003705978394]"
2394,0,48.89%,85.97%,0.0016,"[0.999528169631958, 0.00047185082803480327]"
2395,1,48.91%,85.98%,0.0232,"[0.03670152276754379, 0.9632984399795532]"
2396,0,48.89%,85.94%,1.3245,"[0.26754137873649597, 0.7324585914611816]"
2397,1,48.92%,85.95%,0.0294,"[0.0300104059278965, 0.9699895977973938]"
2398,1,48.94%,85.95%,0.0751,"[0.06549801677465439, 0.9345019459724426]"
2399,0,48.92%,85.96%,0.0008,"[0.9992249011993408, 0.0007751524681225419]"
2400,1,48.94%,85.96%,0.2197,"[0.17579913139343262, 0.8242009282112122]"
2401,1,48.96%,85.97%,0.0797,"[0.06906113028526306, 0.9309388399124146]"
2402,0,48.94%,85.98%,0.0009,"[0.9978328347206116, 0.0021671196445822716]"
2403,0,48.92%,85.98%,0.0006,"[0.9992289543151855, 0.000771035673096776]"
2404,1,48.94%,85.99%,0.2562,"[0.23403939604759216, 0.7659606337547302]"
2405,0,48.92%,85.99%,0.0005,"[0.9994460940361023, 0.0005539432750083506]"
2406,0,48.90%,86.00%,0.0002,"[0.9998258948326111, 0.00017418008064851165]"
2407,1,48.92%,86.00%,0.0333,"[0.03268695995211601, 0.9673129916191101]"
2408,1,48.94%,86.01%,0.0447,"[0.04442250728607178, 0.955577552318573]"
2409,0,48.92%,86.02%,0.0016,"[0.9981231093406677, 0.0018768239533528686]"
2410,0,48.90%,86.02%,0.0004,"[0.9992044568061829, 0.0007956068147905171]"
2411,1,48.92%,86.03%,0.0416,"[0.03294558823108673, 0.9670544266700745]"
2412,1,48.94%,86.03%,0.0643,"[0.07151124626398087, 0.9284887313842773]"
2413,0,48.92%,86.00%,2.4138,"[0.09190239012241364, 0.9080976247787476]"
2414,1,48.94%,86.00%,0.1922,"[0.21552306413650513, 0.7844769358634949]"
2415,1,48.97%,86.01%,0.1150,"[0.108424112200737, 0.8915758728981018]"
2416,0,48.94%,86.02%,0.0085,"[0.9738115072250366, 0.026188453659415245]"
2417,0,48.92%,86.02%,0.0009,"[0.9980736970901489, 0.001926241209730506]"
2418,0,48.90%,85.99%,3.0449,"[0.0469185970723629, 0.9530814290046692]"
2419,0,48.88%,85.99%,0.0005,"[0.9995718598365784, 0.0004281925212126225]"
2420,0,48.86%,86.00%,0.0002,"[0.9997397065162659, 0.00026028690626844764]"
2421,1,48.89%,86.00%,0.0662,"[0.03009711019694805, 0.9699029326438904]"
2422,1,48.91%,86.01%,0.2478,"[0.19110842049121857, 0.8088915348052979]"
2423,0,48.89%,86.01%,0.0076,"[0.9896003007888794, 0.010399753227829933]"
2424,0,48.87%,86.02%,0.0021,"[0.9963185787200928, 0.0036813742481172085]"
2425,1,48.89%,86.03%,0.0410,"[0.04690498486161232, 0.9530950784683228]"
2426,1,48.91%,86.03%,0.1568,"[0.16285839676856995, 0.8371416330337524]"
2427,1,48.93%,86.04%,0.1354,"[0.13270586729049683, 0.867294192314148]"
2428,0,48.91%,86.00%,1.2284,"[0.11210265755653381, 0.8878973126411438]"
2429,0,48.89%,85.97%,1.5462,"[0.1355598419904709, 0.8644402027130127]"
2430,1,48.91%,85.97%,0.1495,"[0.09251333028078079, 0.9074866771697998]"
2431,1,48.93%,85.98%,0.1194,"[0.15202614665031433, 0.8479738235473633]"
2432,1,48.95%,85.98%,0.1550,"[0.16737985610961914, 0.8326201438903809]"
2433,1,48.97%,85.99%,0.1547,"[0.23943638801574707, 0.7605636715888977]"
2434,1,48.99%,86.00%,0.1565,"[0.2145576924085617, 0.7854422926902771]"
2435,0,48.97%,86.00%,0.0157,"[0.9895431995391846, 0.010456852614879608]"
2436,0,48.95%,86.01%,0.0026,"[0.9982779026031494, 0.0017221104353666306]"
2437,0,48.93%,85.97%,2.0781,"[0.10994179546833038, 0.8900582194328308]"
2438,0,48.91%,85.94%,1.3214,"[0.2731522023677826, 0.726847767829895]"
2439,0,48.89%,85.94%,0.0005,"[0.9990416169166565, 0.0009583433857187629]"
2440,1,48.91%,85.95%,0.1219,"[0.118169404566288, 0.881830632686615]"
2441,0,48.89%,85.95%,0.0009,"[0.9984456896781921, 0.0015543204499408603]"
2442,1,48.92%,85.96%,0.0622,"[0.049391940236091614, 0.9506080150604248]"
2443,1,48.94%,85.97%,0.2741,"[0.12269418686628342, 0.877305805683136]"
2444,0,48.92%,85.93%,2.6768,"[0.44999006390571594, 0.5500099062919617]"
2445,0,48.90%,85.94%,0.0004,"[0.9995323419570923, 0.00046772448695264757]"
2446,1,48.92%,85.94%,0.0535,"[0.1489172875881195, 0.8510826826095581]"
2447,1,48.94%,85.95%,0.0550,"[0.08926030248403549, 0.9107396602630615]"
2448,0,48.92%,85.95%,0.0122,"[0.9932693839073181, 0.00673059094697237]"
2449,0,48.90%,85.96%,0.0033,"[0.9993378520011902, 0.0006621639477089047]"
2450,1,48.92%,85.96%,0.0402,"[0.1250615417957306, 0.874938428401947]"
2451,1,48.94%,85.97%,0.1675,"[0.18818965554237366, 0.811810314655304]"
2452,0,48.92%,85.98%,0.0610,"[0.8988235592842102, 0.101176418364048]"
2453,0,48.90%,85.98%,0.0057,"[0.9962924122810364, 0.003707608673721552]"
2454,1,48.92%,85.99%,0.0836,"[0.03444723039865494, 0.965552806854248]"
2455,1,48.94%,85.99%,0.0923,"[0.13263154029846191, 0.8673684000968933]"
2456,0,48.92%,86.00%,0.0014,"[0.9957860112190247, 0.004214035347104073]"
2457,0,48.90%,86.00%,0.0011,"[0.9995359182357788, 0.00046414314419962466]"
2458,0,48.88%,86.01%,0.0014,"[0.9997429251670837, 0.0002571154909674078]"
2459,0,48.86%,86.02%,0.0005,"[0.9997683167457581, 0.00023174079251475632]"
2460,1,48.88%,86.02%,0.0959,"[0.05771072208881378, 0.9422892928123474]"
2461,1,48.90%,86.03%,0.1373,"[0.06784619390964508, 0.9321538209915161]"
2462,1,48.92%,86.03%,0.2342,"[0.223544180393219, 0.776455819606781]"
2463,1,48.94%,86.04%,0.1796,"[0.18976779282093048, 0.8102322220802307]"
2464,0,48.92%,86.04%,0.0195,"[0.964089572429657, 0.03591042384505272]"
2465,1,48.95%,86.05%,0.0884,"[0.07805775105953217, 0.9219422936439514]"
2466,1,48.97%,86.06%,0.0699,"[0.1183672621846199, 0.8816327452659607]"
2467,1,48.99%,86.06%,0.2061,"[0.2927529513835907, 0.7072470784187317]"
2468,1,49.01%,86.07%,0.1559,"[0.12976419925689697, 0.8702358603477478]"
2469,1,49.03%,86.07%,0.2039,"[0.06920600682497025, 0.9307940006256104]"
2470,1,49.05%,86.08%,0.1616,"[0.0764179453253746, 0.9235820770263672]"
2471,0,49.03%,86.08%,0.0058,"[0.9634531140327454, 0.036546915769577026]"
2472,1,49.05%,86.09%,0.0747,"[0.08117088675498962, 0.918829083442688]"
2473,0,49.03%,86.10%,0.0081,"[0.9942529797554016, 0.005746962036937475]"
2474,0,49.01%,86.10%,0.0140,"[0.9767043590545654, 0.023295672610402107]"
2475,1,49.03%,86.11%,0.0254,"[0.024622760713100433, 0.9753772020339966]"
2476,1,49.05%,86.11%,0.0327,"[0.05491790920495987, 0.9450820684432983]"
2477,1,49.07%,86.12%,0.0980,"[0.06351324915885925, 0.9364867210388184]"
2478,0,49.05%,86.12%,0.0126,"[0.959741473197937, 0.04025851935148239]"
2479,1,49.07%,86.13%,0.0438,"[0.04486445337533951, 0.9551355838775635]"
2480,0,49.05%,86.13%,0.0065,"[0.9935082197189331, 0.006491811480373144]"
2481,1,49.07%,86.14%,0.0234,"[0.02933645062148571, 0.9706634879112244]"
2482,1,49.09%,86.15%,0.0935,"[0.08183541148900986, 0.9181646108627319]"
2483,0,49.07%,86.11%,2.0012,"[0.23381222784519196, 0.7661877274513245]"
2484,0,49.05%,86.08%,3.0480,"[0.04574435576796532, 0.9542557001113892]"
2485,1,49.07%,86.08%,0.0263,"[0.030312754213809967, 0.9696872234344482]"
2486,1,49.10%,86.09%,0.0788,"[0.07815534621477127, 0.9218447208404541]"
2487,0,49.08%,86.05%,2.1163,"[0.13432706892490387, 0.8656729459762573]"
2488,1,49.10%,86.06%,0.0544,"[0.04419683292508125, 0.9558030962944031]"
2489,0,49.08%,86.06%,0.0162,"[0.9963207244873047, 0.00367925688624382]"
2490,1,49.10%,86.07%,0.0414,"[0.05117393657565117, 0.948826014995575]"
2491,1,49.12%,86.08%,0.0457,"[0.05948781967163086, 0.9405121803283691]"
2492,1,49.14%,86.08%,0.1048,"[0.0938880667090416, 0.9061119556427002]"
2493,0,49.12%,86.09%,0.0049,"[0.9746073484420776, 0.02539271116256714]"
2494,1,49.14%,86.09%,0.0395,"[0.049071140587329865, 0.950928807258606]"
2495,0,49.12%,86.10%,0.0027,"[0.9985137581825256, 0.0014862422831356525]"
2496,1,49.14%,86.10%,0.0646,"[0.06951211392879486, 0.930487871170044]"
2497,0,49.12%,86.11%,0.0047,"[0.9989117383956909, 0.0010883056093007326]"
2498,0,49.10%,86.07%,2.9891,"[0.032163847237825394, 0.9678362011909485]"
2499,1,49.12%,86.08%,0.0376,"[0.047907885164022446, 0.952092170715332]"
2500,0,49.10%,86.09%,0.0015,"[0.9976204037666321, 0.0023795857559889555]"
2501,0,49.08%,86.09%,0.0013,"[0.999039351940155, 0.0009606278617866337]"
2502,0,49.06%,86.06%,2.2982,"[0.2283608317375183, 0.7716391682624817]"
2503,0,49.04%,86.06%,0.0024,"[0.9958258867263794, 0.004174129571765661]"
2504,1,49.06%,86.07%,0.0331,"[0.019774965941905975, 0.9802250266075134]"
2505,1,49.08%,86.07%,0.0238,"[0.019319778308272362, 0.9806802272796631]"
2506,0,49.06%,86.08%,0.0002,"[0.9998364448547363, 0.00016348120698239654]"
2507,1,49.08%,86.08%,0.0353,"[0.030082426965236664, 0.9699175953865051]"
2508,0,49.06%,86.09%,0.0034,"[0.9984710812568665, 0.0015288710128515959]"
2509,1,49.08%,86.10%,0.1306,"[0.08268558979034424, 0.9173144102096558]"
2510,0,49.06%,86.10%,0.0006,"[0.9981721639633179, 0.0018278489587828517]"
2511,0,49.04%,86.07%,1.1833,"[0.35384851694107056, 0.6461514830589294]"
2512,0,49.03%,86.03%,3.0770,"[0.07188219577074051, 0.9281178116798401]"
2513,1,49.05%,86.04%,0.0734,"[0.07778123766183853, 0.9222187995910645]"
2514,1,49.07%,86.04%,0.0589,"[0.04635727033019066, 0.9536427855491638]"
2515,0,49.05%,86.05%,0.0002,"[0.9998182654380798, 0.00018179940525442362]"
2516,1,49.07%,86.05%,0.1588,"[0.16004127264022827, 0.8399587273597717]"
2517,0,49.05%,86.06%,0.0013,"[0.999292254447937, 0.0007076965994201601]"
2518,1,49.07%,86.07%,0.0807,"[0.08166937530040741, 0.9183306694030762]"
2519,0,49.05%,86.07%,0.0011,"[0.9995741248130798, 0.0004259099659975618]"
2520,1,49.07%,86.08%,0.0617,"[0.07866477221250534, 0.9213352203369141]"
2521,1,49.09%,86.08%,0.5474,"[0.3109067976474762, 0.6890931725502014]"
2522,1,49.11%,86.09%,0.2041,"[0.18649165332317352, 0.8135083913803101]"
2523,0,49.09%,86.05%,1.4717,"[0.22673989832401276, 0.7732601165771484]"
2524,0,49.07%,86.06%,0.0033,"[0.9966909885406494, 0.0033090002834796906]"
2525,1,49.09%,86.06%,0.0605,"[0.06017692759633064, 0.9398230910301208]"
2526,1,49.11%,86.07%,0.0780,"[0.06756166368722916, 0.9324383735656738]"
2527,1,49.13%,86.08%,0.1885,"[0.18468710780143738, 0.8153128623962402]"
2528,0,49.11%,86.08%,0.0047,"[0.9853500127792358, 0.014650019817054272]"
2529,1,49.13%,86.09%,0.1120,"[0.12929892539978027, 0.870701014995575]"
2530,0,49.11%,86.09%,0.0120,"[0.9967995882034302, 0.0032004292588680983]"
2531,0,49.09%,86.10%,0.0013,"[0.999462902545929, 0.0005370925064198673]"
2532,0,49.07%,86.10%,0.0032,"[0.9993535876274109, 0.0006464003818109632]"
2533,0,49.05%,86.11%,0.0004,"[0.9995765089988708, 0.0004234739753883332]"
2534,1,49.07%,86.11%,0.0570,"[0.05841495469212532, 0.941585123538971]"
2535,0,49.05%,86.12%,0.0009,"[0.9992689490318298, 0.0007310050423257053]"
2536,1,49.07%,86.13%,0.0647,"[0.07163023948669434, 0.9283697605133057]"
2537,1,49.09%,86.13%,0.1245,"[0.11547254025936127, 0.8845274448394775]"
2538,1,49.11%,86.14%,0.2033,"[0.19363172352313995, 0.8063682913780212]"
2539,1,49.13%,86.14%,0.2435,"[0.16761763393878937, 0.8323823809623718]"
2540,1,49.15%,86.15%,0.3436,"[0.24212118983268738, 0.7578787803649902]"
2541,0,49.13%,86.15%,0.0865,"[0.8142735362052917, 0.18572646379470825]"
2542,0,49.12%,86.16%,0.0101,"[0.9936038851737976, 0.006396128796041012]"
2543,0,49.10%,86.16%,0.0019,"[0.9995611310005188, 0.00043885220657102764]"
2544,0,49.08%,86.13%,3.3508,"[0.03584720194339752, 0.9641528725624084]"
2545,1,49.10%,86.14%,0.0452,"[0.05636027827858925, 0.9436396956443787]"
2546,1,49.12%,86.14%,0.0556,"[0.059730980545282364, 0.9402689933776855]"
2547,0,49.10%,86.11%,1.4277,"[0.24840322136878967, 0.7515968084335327]"
2548,0,49.08%,86.11%,0.0012,"[0.9992030262947083, 0.0007969836005941033]"
2549,0,49.06%,86.12%,0.0002,"[0.9998458623886108, 0.0001540566299809143]"
2550,0,49.04%,86.08%,3.2800,"[0.037573665380477905, 0.9624263048171997]"
2551,0,49.02%,86.09%,0.0002,"[0.9997637867927551, 0.00023622658045496792]"
2552,0,49.00%,86.09%,0.0001,"[0.9998646974563599, 0.00013533831224776804]"
2553,0,48.98%,86.10%,0.0001,"[0.9997484087944031, 0.0002515616361051798]"
2554,0,48.96%,86.11%,0.0001,"[0.9999157190322876, 8.423482358921319e-05]"
2555,0,48.94%,86.11%,0.0000,"[0.9999431371688843, 5.690574471373111e-05]"
2556,1,48.96%,86.12%,0.0152,"[0.02778482809662819, 0.9722151756286621]"
2557,1,48.98%,86.12%,0.0457,"[0.03342322260141373, 0.9665768146514893]"
2558,1,49.00%,86.13%,0.1527,"[0.10236349701881409, 0.8976365327835083]"
2559,0,48.98%,86.13%,0.0058,"[0.9945006370544434, 0.005499399732798338]"
2560,1,49.00%,86.14%,0.0527,"[0.06317729502916336, 0.9368226528167725]"
2561,0,48.99%,86.14%,0.0006,"[0.9988396763801575, 0.001160352723672986]"
2562,0,48.97%,86.15%,0.0005,"[0.9998646974563599, 0.00013530773867387325]"
2563,0,48.95%,86.15%,0.2371,"[0.7800093293190002, 0.21999064087867737]"
2564,1,48.97%,86.16%,0.0373,"[0.04006153345108032, 0.9599385261535645]"
2565,0,48.95%,86.17%,0.0005,"[0.9995243549346924, 0.00047569855814799666]"
2566,1,48.97%,86.17%,0.0328,"[0.043066058307886124, 0.9569339156150818]"
2567,1,48.99%,86.18%,0.0715,"[0.05784165859222412, 0.9421584010124207]"
2568,1,49.01%,86.18%,0.0633,"[0.10119456797838211, 0.8988054394721985]"
2569,1,49.03%,86.19%,0.1511,"[0.20448200404644012, 0.7955179810523987]"
2570,0,49.01%,86.19%,0.0046,"[0.9910473227500916, 0.008952692151069641]"
2571,1,49.03%,86.20%,0.0911,"[0.03823055699467659, 0.9617694616317749]"
2572,0,49.01%,86.20%,0.0024,"[0.996970534324646, 0.0030294519383460283]"
2573,0,48.99%,86.21%,0.0021,"[0.9987823367118835, 0.0012176921591162682]"
2574,1,49.01%,86.21%,0.0364,"[0.029622238129377365, 0.9703777432441711]"
2575,1,49.03%,86.22%,0.0412,"[0.035714972764253616, 0.9642850756645203]"
2576,1,49.05%,86.22%,0.1102,"[0.08176995813846588, 0.9182300567626953]"
2577,1,49.07%,86.23%,0.3300,"[0.19219204783439636, 0.8078079223632812]"
2578,1,49.09%,86.23%,0.0669,"[0.08938518166542053, 0.9106147885322571]"
2579,1,49.11%,86.24%,0.1213,"[0.07716962695121765, 0.9228304624557495]"
2580,1,49.13%,86.25%,0.3282,"[0.3461068868637085, 0.6538931131362915]"
2581,1,49.15%,86.25%,0.2086,"[0.20170573890209198, 0.798294186592102]"
2582,1,49.17%,86.26%,0.2974,"[0.2503174841403961, 0.7496825456619263]"
2583,1,49.19%,86.26%,0.2046,"[0.1668729931116104, 0.833126962184906]"
2584,1,49.21%,86.27%,0.1452,"[0.11027302592992783, 0.8897269368171692]"
2585,0,49.19%,86.23%,1.4859,"[0.24136242270469666, 0.7586376070976257]"
2586,0,49.17%,86.24%,0.0060,"[0.993194580078125, 0.006805439479649067]"
2587,0,49.15%,86.24%,0.0019,"[0.9984855055809021, 0.0015145253855735064]"
2588,0,49.13%,86.25%,0.0003,"[0.999589741230011, 0.0004102712555322796]"
2589,1,49.15%,86.25%,0.0142,"[0.014393478631973267, 0.9856064915657043]"
2590,0,49.13%,86.26%,0.0006,"[0.9998406171798706, 0.00015937989519443363]"
2591,0,49.11%,86.27%,0.0002,"[0.9994726777076721, 0.0005273761344142258]"
2592,1,49.13%,86.27%,0.0243,"[0.02297879196703434, 0.9770211577415466]"
2593,0,49.11%,86.28%,0.0038,"[0.8847408890724182, 0.11525912582874298]"
2594,1,49.13%,86.28%,0.0241,"[0.02328094094991684, 0.9767190217971802]"
2595,1,49.15%,86.29%,0.0437,"[0.04583771154284477, 0.9541622400283813]"
2596,0,49.13%,86.25%,2.2081,"[0.11680661141872406, 0.8831933736801147]"
2597,0,49.11%,86.22%,2.8901,"[0.061244066804647446, 0.938755989074707]"
2598,0,49.10%,86.19%,2.4847,"[0.09201790392398834, 0.9079821109771729]"
2599,0,49.08%,86.19%,0.0006,"[0.9997764229774475, 0.0002236401487607509]"
2600,1,49.10%,86.20%,0.0335,"[0.026952899992465973, 0.973047137260437]"
2601,1,49.12%,86.20%,0.0684,"[0.06925417482852936, 0.9307457804679871]"
2602,0,49.10%,86.21%,0.0104,"[0.9020824432373047, 0.09791754931211472]"
2603,1,49.12%,86.21%,0.0960,"[0.08495216816663742, 0.9150478839874268]"
2604,0,49.10%,86.18%,2.1441,"[0.12410306185483932, 0.8758969902992249]"
2605,0,49.08%,86.15%,2.1387,"[0.09855850040912628, 0.9014414548873901]"
2606,0,49.06%,86.11%,1.8436,"[0.13211727142333984, 0.8678827285766602]"
2607,1,49.08%,86.12%,0.0814,"[0.06533626466989517, 0.934663712978363]"
2608,1,49.10%,86.12%,0.1238,"[0.12050773948431015, 0.8794922828674316]"
2609,1,49.12%,86.13%,0.2244,"[0.18392498791217804, 0.8160750269889832]"
2610,0,49.10%,86.14%,0.0342,"[0.9294487833976746, 0.07055125385522842]"
2611,1,49.12%,86.14%,0.2091,"[0.18531714379787445, 0.8146827816963196]"
2612,1,49.14%,86.15%,0.2013,"[0.19106674194335938, 0.8089332580566406]"
2613,0,49.12%,86.15%,0.0336,"[0.9970933198928833, 0.00290667824447155]"
2614,0,49.10%,86.16%,0.0010,"[0.9996157884597778, 0.00038414227310568094]"
2615,1,49.12%,86.16%,0.6178,"[0.33879613876342773, 0.6612038612365723]"
2616,0,49.10%,86.17%,0.0011,"[0.9987506866455078, 0.001249317778274417]"
2617,1,49.12%,86.17%,0.0613,"[0.07078122347593307, 0.9292187690734863]"
2618,1,49.14%,86.18%,0.0802,"[0.07312976568937302, 0.9268701672554016]"
2619,1,49.16%,86.15%,2.6790,"[0.5058054327964783, 0.4941945970058441]"
2620,0,49.14%,86.15%,0.0040,"[0.995372474193573, 0.004627521149814129]"
2621,1,49.16%,86.16%,0.0650,"[0.06460955739021301, 0.9353904724121094]"
2622,0,49.14%,86.16%,0.0009,"[0.9991403818130493, 0.0008595481049269438]"
2623,1,49.16%,86.17%,0.1533,"[0.09450826793909073, 0.9054917693138123]"
2624,1,49.18%,86.17%,0.0836,"[0.09578660875558853, 0.9042133688926697]"
2625,1,49.20%,86.18%,0.1834,"[0.1543951779603958, 0.8456048369407654]"
2626,1,49.22%,86.18%,0.1987,"[0.17503494024276733, 0.8249650597572327]"
2627,1,49.24%,86.19%,0.2412,"[0.20994199812412262, 0.7900579571723938]"
2628,1,49.26%,86.19%,0.2386,"[0.2593914866447449, 0.7406085729598999]"
2629,1,49.28%,86.20%,0.3728,"[0.27599596977233887, 0.7240040302276611]"
2630,0,49.26%,86.20%,0.0312,"[0.9433025121688843, 0.05669747292995453]"
2631,0,49.24%,86.21%,0.0053,"[0.9725942611694336, 0.027405746281147003]"
2632,0,49.22%,86.18%,2.9082,"[0.0499059334397316, 0.9500941038131714]"
2633,0,49.20%,86.18%,0.0012,"[0.9922181367874146, 0.007781809661537409]"
2634,0,49.18%,86.19%,0.0001,"[0.9998427629470825, 0.0001571967004565522]"
2635,0,49.17%,86.15%,3.7440,"[0.02294650487601757, 0.9770534634590149]"
2636,0,49.15%,86.16%,0.0003,"[0.9997214674949646, 0.000278549938229844]"
2637,0,49.13%,86.13%,3.2061,"[0.03983065113425255, 0.9601693749427795]"
2638,1,49.15%,86.13%,0.0151,"[0.01592583954334259, 0.9840741157531738]"
2639,1,49.17%,86.14%,0.0363,"[0.041896045207977295, 0.9581038951873779]"
2640,1,49.19%,86.14%,0.0548,"[0.08614465594291687, 0.9138553142547607]"
2641,0,49.17%,86.15%,0.0076,"[0.9973510503768921, 0.0026488988660275936]"
2642,1,49.19%,86.15%,0.0966,"[0.12600894272327423, 0.873991072177887]"
2643,0,49.17%,86.16%,0.0046,"[0.9962145686149597, 0.003785425331443548]"
2644,1,49.19%,86.16%,0.0582,"[0.04490036889910698, 0.9550997018814087]"
2645,1,49.21%,86.17%,0.0542,"[0.060181256383657455, 0.9398187398910522]"
2646,0,49.19%,86.17%,0.0098,"[0.991412878036499, 0.008587149903178215]"
2647,1,49.21%,86.18%,0.1290,"[0.0797039121389389, 0.9202960729598999]"
2648,1,49.23%,86.18%,0.0913,"[0.08596322685480118, 0.914036750793457]"
2649,0,49.21%,86.19%,0.0078,"[0.9927545189857483, 0.00724543584510684]"
2650,1,49.23%,86.19%,0.0622,"[0.05325181782245636, 0.9467481374740601]"
2651,1,49.25%,86.20%,0.0679,"[0.05338500067591667, 0.9466150403022766]"
2652,1,49.26%,86.20%,0.1638,"[0.11585741490125656, 0.8841425776481628]"
2653,1,49.28%,86.21%,0.1284,"[0.10580378025770187, 0.8941961526870728]"
2654,1,49.30%,86.21%,0.1903,"[0.11986727267503738, 0.8801326751708984]"
2655,0,49.28%,86.18%,2.1032,"[0.2645524740219116, 0.7354474663734436]"
2656,1,49.30%,86.19%,0.0759,"[0.07351689040660858, 0.926483154296875]"
2657,0,49.29%,86.19%,0.0027,"[0.996649444103241, 0.0033505905885249376]"
2658,1,49.30%,86.20%,0.0449,"[0.047456759959459305, 0.9525431990623474]"
2659,1,49.32%,86.20%,0.0684,"[0.05512476712465286, 0.9448752403259277]"
2660,0,49.30%,86.21%,0.0010,"[0.9980802536010742, 0.001919772825203836]"
2661,1,49.32%,86.21%,0.0421,"[0.03972809761762619, 0.9602718949317932]"
2662,0,49.31%,86.22%,0.0844,"[0.9675124883651733, 0.032487574964761734]"
2663,0,49.29%,86.22%,0.0011,"[0.9987921118736267, 0.001207959372550249]"
2664,1,49.31%,86.23%,0.0697,"[0.06286998838186264, 0.9371300339698792]"
2665,1,49.32%,86.23%,0.0824,"[0.08101838082075119, 0.918981671333313]"
2666,0,49.31%,86.24%,0.0036,"[0.9946182370185852, 0.005381813272833824]"
2667,1,49.33%,86.24%,0.0429,"[0.030868016183376312, 0.9691320061683655]"
2668,0,49.31%,86.25%,0.0009,"[0.9994528889656067, 0.0005471608019433916]"
2669,1,49.33%,86.25%,0.0224,"[0.026545293629169464, 0.9734547138214111]"
2670,1,49.34%,86.26%,0.0341,"[0.03528710827231407, 0.964712917804718]"
2671,0,49.33%,86.23%,2.9493,"[0.04816175252199173, 0.9518383145332336]"
2672,0,49.31%,86.23%,0.0016,"[0.9985889792442322, 0.0014110006159171462]"
2673,0,49.29%,86.20%,2.6397,"[0.06656546890735626, 0.9334345459938049]"
2674,1,49.31%,86.21%,0.0340,"[0.04308289662003517, 0.9569171071052551]"
2675,1,49.33%,86.21%,0.0730,"[0.05737941339612007, 0.9426206350326538]"
2676,0,49.31%,86.22%,0.0109,"[0.9965993762016296, 0.0034006095957010984]"
2677,1,49.33%,86.22%,0.0754,"[0.10234346985816956, 0.8976565003395081]"
2678,0,49.31%,86.19%,2.0702,"[0.1339832842350006, 0.8660167455673218]"
2679,0,49.29%,86.19%,0.0082,"[0.9828342199325562, 0.017165813595056534]"
2680,0,49.27%,86.20%,0.0005,"[0.9994617104530334, 0.0005383123643696308]"
2681,1,49.29%,86.20%,0.0643,"[0.06522415578365326, 0.9347758293151855]"
2682,0,49.27%,86.17%,2.6275,"[0.07734168320894241, 0.9226582646369934]"
2683,0,49.25%,86.18%,0.0007,"[0.9991617202758789, 0.000838272855617106]"
2684,1,49.27%,86.18%,0.1296,"[0.12053947895765305, 0.8794604539871216]"
2685,0,49.26%,86.19%,0.0021,"[0.9975818395614624, 0.00241808476857841]"
2686,0,49.24%,86.19%,0.0006,"[0.9992086291313171, 0.0007914584712125361]"
2687,1,49.26%,86.20%,0.1313,"[0.1556396484375, 0.8443603515625]"
2688,0,49.24%,86.20%,0.0021,"[0.9969659447669983, 0.003034072695299983]"
2689,1,49.26%,86.21%,0.3560,"[0.19709160923957825, 0.8029084205627441]"
2690,1,49.28%,86.21%,0.0856,"[0.055967751890420914, 0.9440321922302246]"
2691,0,49.26%,86.22%,0.0010,"[0.9990936517715454, 0.0009063688339665532]"
2692,0,49.24%,86.19%,2.6267,"[0.07201625406742096, 0.9279837012290955]"
2693,1,49.26%,86.19%,0.2038,"[0.1675070971250534, 0.8324928879737854]"
2694,1,49.28%,86.20%,0.1411,"[0.106422059237957, 0.8935779929161072]"
2695,0,49.26%,86.20%,0.0322,"[0.9849804639816284, 0.015019536949694157]"
2696,0,49.24%,86.21%,0.0010,"[0.9990253448486328, 0.000974606373347342]"
2697,1,49.26%,86.21%,0.0398,"[0.038931235671043396, 0.9610687494277954]"
2698,0,49.24%,86.22%,0.0005,"[0.9987549781799316, 0.0012450419599190354]"
2699,0,49.22%,86.22%,0.0001,"[0.9998365640640259, 0.00016341124137397856]"
2700,1,49.24%,86.23%,0.0230,"[0.022621680051088333, 0.977378249168396]"
2701,1,49.26%,86.23%,0.0456,"[0.03942655399441719, 0.9605734348297119]"
2702,1,49.28%,86.24%,0.0850,"[0.07335735112428665, 0.926642656326294]"
2703,0,49.26%,86.24%,0.0033,"[0.9894139766693115, 0.010586059652268887]"
2704,0,49.24%,86.25%,0.0052,"[0.9959580302238464, 0.0040419744327664375]"
2705,0,49.22%,86.25%,0.0519,"[0.9505627751350403, 0.04943720996379852]"
2706,0,49.21%,86.22%,2.0940,"[0.1078682467341423, 0.8921317458152771]"
2707,0,49.19%,86.23%,0.0003,"[0.9997814297676086, 0.00021853043290320784]"
2708,1,49.21%,86.23%,0.0604,"[0.1301402747631073, 0.8698597550392151]"
2709,0,49.19%,86.24%,0.0003,"[0.9997708201408386, 0.00022917565365787596]"
2710,1,49.21%,86.24%,0.0333,"[0.03288666531443596, 0.9671133756637573]"
2711,0,49.19%,86.21%,1.6586,"[0.09140700846910477, 0.908592939376831]"
2712,1,49.21%,86.21%,0.0878,"[0.13161326944828033, 0.8683867454528809]"
2713,1,49.23%,86.22%,0.1216,"[0.11905574053525925, 0.8809443116188049]"
2714,0,49.21%,86.22%,0.0372,"[0.990308940410614, 0.009691007435321808]"
2715,1,49.23%,86.23%,0.1348,"[0.1642126590013504, 0.8357873558998108]"
2716,1,49.25%,86.23%,0.1811,"[0.12240205705165863, 0.877597987651825]"
2717,0,49.23%,86.24%,0.0031,"[0.990625262260437, 0.009374678134918213]"
2718,1,49.25%,86.24%,0.1422,"[0.09419920295476913, 0.9058008193969727]"
2719,0,49.23%,86.25%,0.0127,"[0.9975010752677917, 0.002498938934877515]"
2720,1,49.25%,86.26%,0.1067,"[0.08173996955156326, 0.9182599782943726]"
2721,0,49.23%,86.22%,1.1474,"[0.2496819943189621, 0.7503180503845215]"
2722,0,49.21%,86.19%,1.5523,"[0.30004197359085083, 0.6999580264091492]"
2723,1,49.23%,86.20%,0.1250,"[0.08935463428497314, 0.9106453061103821]"
2724,0,49.21%,86.20%,0.0129,"[0.9924739003181458, 0.007526029832661152]"
2725,1,49.23%,86.21%,0.1843,"[0.11996480077505112, 0.8800351619720459]"
2726,0,49.21%,86.18%,1.8088,"[0.1490609049797058, 0.8509390950202942]"
2727,1,49.23%,86.18%,0.1696,"[0.16920708119869232, 0.8307929635047913]"
2728,1,49.25%,86.19%,0.1778,"[0.17023563385009766, 0.8297643661499023]"
2729,1,49.27%,86.19%,0.2047,"[0.19952695071697235, 0.8004730939865112]"
2730,1,49.29%,86.20%,0.2564,"[0.19227050244808197, 0.8077294826507568]"
2731,0,49.27%,86.20%,0.0080,"[0.9912653565406799, 0.00873465184122324]"
2732,1,49.29%,86.21%,0.0781,"[0.08784953504800797, 0.9121504426002502]"
2733,1,49.31%,86.21%,0.0979,"[0.09874024987220764, 0.9012597799301147]"
2734,1,49.32%,86.22%,0.1364,"[0.14679519832134247, 0.8532047867774963]"
2735,0,49.31%,86.22%,0.0360,"[0.9885243773460388, 0.01147561613470316]"
2736,1,49.32%,86.23%,0.1283,"[0.1211700439453125, 0.8788300156593323]"
2737,0,49.31%,86.23%,0.0053,"[0.9916786551475525, 0.008321348577737808]"
2738,1,49.32%,86.24%,0.1982,"[0.19431191682815552, 0.8056880235671997]"
2739,0,49.31%,86.20%,1.7589,"[0.14882749319076538, 0.8511725068092346]"
2740,0,49.29%,86.21%,0.0015,"[0.9968404769897461, 0.003159517655149102]"
2741,0,49.27%,86.21%,0.0005,"[0.9996775388717651, 0.0003225250693503767]"
2742,0,49.25%,86.22%,0.0002,"[0.9998278617858887, 0.00017213965475093573]"
2743,1,49.27%,86.22%,0.0440,"[0.040110304951667786, 0.9598896503448486]"
2744,0,49.25%,86.19%,1.4606,"[0.2721629738807678, 0.7278370261192322]"
2745,0,49.24%,86.16%,2.6848,"[0.059570301324129105, 0.9404296278953552]"
2746,0,49.22%,86.17%,0.0002,"[0.9996107220649719, 0.0003892979584634304]"
2747,0,49.20%,86.14%,1.9653,"[0.15031065046787262, 0.8496893048286438]"
2748,1,49.22%,86.14%,0.0301,"[0.02737877331674099, 0.9726212024688721]"
2749,0,49.20%,86.15%,0.0001,"[0.9999086856842041, 9.133020648732781e-05]"
2750,1,49.22%,86.15%,0.0307,"[0.03561816364526749, 0.9643818736076355]"
2751,0,49.20%,86.16%,0.0002,"[0.9997385144233704, 0.00026153522776439786]"
2752,0,49.18%,86.16%,0.0001,"[0.9998996257781982, 0.00010038685286417603]"
2753,1,49.20%,86.17%,0.0395,"[0.04044663906097412, 0.9595533013343811]"
2754,0,49.18%,86.17%,0.0001,"[0.9999228715896606, 7.706323958700523e-05]"
2755,0,49.17%,86.18%,0.0000,"[0.9999567270278931, 4.3316977098584175e-05]"
2756,0,49.15%,86.18%,0.0000,"[0.9999754428863525, 2.4499466235283762e-05]"
2757,0,49.13%,86.19%,0.0000,"[0.9999744892120361, 2.5557397748343647e-05]"
2758,0,49.11%,86.15%,1.4653,"[0.1388344168663025, 0.8611655831336975]"
2759,1,49.13%,86.16%,0.0829,"[0.08955293148756027, 0.9104470610618591]"
2760,1,49.15%,86.16%,0.1826,"[0.17780233919620514, 0.822197675704956]"
2761,1,49.17%,86.17%,0.2447,"[0.21751244366168976, 0.7824875712394714]"
2762,1,49.19%,86.17%,0.2554,"[0.3031730353832245, 0.6968269944190979]"
2763,0,49.17%,86.18%,0.0086,"[0.9894640445709229, 0.010535898618400097]"
2764,1,49.19%,86.18%,0.1534,"[0.11555583029985428, 0.8844441771507263]"
2765,1,49.20%,86.15%,0.7679,"[0.6172072291374207, 0.38279277086257935]"
2766,0,49.19%,86.16%,0.0290,"[0.9825209975242615, 0.017478961497545242]"
2767,1,49.21%,86.16%,0.2711,"[0.19156455993652344, 0.8084354400634766]"
2768,1,49.22%,86.17%,0.5842,"[0.44154953956604004, 0.5584505200386047]"
2769,1,49.24%,86.17%,0.2228,"[0.2518841028213501, 0.7481158971786499]"
2770,1,49.26%,86.18%,0.4440,"[0.23197874426841736, 0.768021285533905]"
2771,1,49.28%,86.18%,0.2977,"[0.21966597437858582, 0.7803340554237366]"
2772,1,49.30%,86.19%,0.2208,"[0.22949600219726562, 0.7705039978027344]"
2773,0,49.28%,86.19%,0.0152,"[0.9957767128944397, 0.004223285708576441]"
2774,1,49.30%,86.20%,0.1618,"[0.08346740156412125, 0.9165326356887817]"
2775,1,49.32%,86.20%,0.1333,"[0.14276376366615295, 0.8572362661361694]"
2776,1,49.33%,86.21%,0.2180,"[0.18972086906433105, 0.8102790713310242]"
2777,0,49.32%,86.21%,0.0640,"[0.9986454844474792, 0.0013545157853513956]"
2778,0,49.30%,86.22%,0.0029,"[0.9953458905220032, 0.00465404475107789]"
2779,0,49.28%,86.19%,3.1106,"[0.05280901491641998, 0.947191059589386]"
2780,0,49.26%,86.19%,0.0007,"[0.9992771744728088, 0.0007227901951409876]"
2781,1,49.28%,86.20%,0.0227,"[0.022859247401356697, 0.9771407842636108]"
2782,1,49.30%,86.20%,0.0636,"[0.05314916372299194, 0.9468508362770081]"
2783,1,49.32%,86.21%,0.0985,"[0.07349640876054764, 0.926503598690033]"
2784,1,49.34%,86.21%,0.1441,"[0.12330401688814163, 0.876695990562439]"
2785,0,49.32%,86.22%,0.0391,"[0.9880298972129822, 0.01197011861950159]"
2786,0,49.30%,86.19%,2.3572,"[0.08940287679433823, 0.9105970859527588]"
2787,1,49.32%,86.19%,0.0564,"[0.05681334063410759, 0.9431867003440857]"
2788,1,49.34%,86.20%,0.0949,"[0.08196254819631577, 0.918037474155426]"
2789,1,49.35%,86.20%,0.1714,"[0.14789211750030518, 0.85210782289505]"
2790,1,49.37%,86.21%,0.2181,"[0.22054381668567657, 0.7794561982154846]"
2791,0,49.36%,86.21%,0.0077,"[0.9913443326950073, 0.008655684068799019]"
2792,0,49.34%,86.18%,2.6092,"[0.08432072401046753, 0.9156792163848877]"
2793,0,49.32%,86.18%,0.0019,"[0.9983298182487488, 0.0016702294815331697]"
2794,0,49.30%,86.19%,0.0024,"[0.9993160963058472, 0.0006839630659669638]"
2795,0,49.28%,86.19%,0.0242,"[0.995561957359314, 0.004438065458089113]"
2796,1,49.30%,86.20%,0.0399,"[0.0298520065844059, 0.9701480269432068]"
2797,0,49.29%,86.20%,0.0054,"[0.9986237287521362, 0.0013762650778517127]"
2798,0,49.27%,86.21%,0.0008,"[0.9977738261222839, 0.0022261219564825296]"
2799,1,49.29%,86.21%,0.0336,"[0.03144245594739914, 0.9685575366020203]"
2800,1,49.30%,86.22%,0.0704,"[0.07225144654512405, 0.9277485609054565]"
2801,1,49.32%,86.22%,0.3161,"[0.2592613399028778, 0.7407386302947998]"
2802,1,49.34%,86.23%,0.1044,"[0.10040082782506943, 0.8995991945266724]"
2803,0,49.32%,86.23%,0.0102,"[0.9866021871566772, 0.013397840782999992]"
2804,1,49.34%,86.24%,0.1352,"[0.10813780128955841, 0.8918622136116028]"
2805,0,49.32%,86.24%,0.0464,"[0.927905261516571, 0.07209476083517075]"
2806,1,49.34%,86.25%,0.0844,"[0.08989132195711136, 0.9101086854934692]"
2807,1,49.36%,86.25%,0.1030,"[0.12882402539253235, 0.8711759448051453]"
2808,1,49.38%,86.26%,0.0774,"[0.10874158889055252, 0.8912584185600281]"
2809,0,49.36%,86.26%,0.0351,"[0.998946487903595, 0.0010535256005823612]"
2810,1,49.38%,86.27%,0.1277,"[0.09427226334810257, 0.9057278037071228]"
2811,0,49.36%,86.27%,0.0013,"[0.9985800981521606, 0.0014198673889040947]"
2812,1,49.38%,86.28%,0.0373,"[0.04740516096353531, 0.9525948166847229]"
2813,1,49.40%,86.28%,0.0831,"[0.08627277612686157, 0.9137272238731384]"
2814,0,49.38%,86.29%,0.0324,"[0.9804700016975403, 0.019529974088072777]"
2815,1,49.40%,86.29%,0.0688,"[0.07254045456647873, 0.9274595379829407]"
2816,1,49.41%,86.30%,0.0692,"[0.06329047679901123, 0.936709463596344]"
2817,0,49.40%,86.30%,0.0069,"[0.9875202178955078, 0.012479769997298717]"
2818,0,49.38%,86.31%,0.0006,"[0.9992724061012268, 0.0007276252144947648]"
2819,0,49.36%,86.31%,0.0001,"[0.9998469352722168, 0.00015309921582229435]"
2820,1,49.38%,86.32%,0.0165,"[0.015925301238894463, 0.9840747117996216]"
2821,0,49.36%,86.32%,0.0033,"[0.9983949065208435, 0.001605113735422492]"
2822,1,49.38%,86.33%,0.0248,"[0.022047685459256172, 0.9779523015022278]"
2823,1,49.40%,86.33%,0.0332,"[0.05844802036881447, 0.9415520429611206]"
2824,1,49.42%,86.34%,0.0544,"[0.06540433317422867, 0.9345956444740295]"
2825,1,49.43%,86.34%,0.0406,"[0.0397372841835022, 0.960262656211853]"
2826,1,49.45%,86.35%,0.0511,"[0.1000949889421463, 0.8999050259590149]"
2827,0,49.43%,86.35%,0.0153,"[0.9861676096916199, 0.013832365162670612]"
2828,1,49.45%,86.36%,0.0688,"[0.10665974020957947, 0.8933402895927429]"
2829,1,49.47%,86.36%,0.0917,"[0.05288868397474289, 0.9471112489700317]"
2830,1,49.49%,86.37%,0.1543,"[0.09699889272451401, 0.9030011296272278]"
2831,0,49.47%,86.33%,1.9354,"[0.12621359527111053, 0.8737863898277283]"
2832,1,49.49%,86.34%,0.0701,"[0.07013378292322159, 0.9298662543296814]"
2833,0,49.47%,86.31%,2.0016,"[0.0838339701294899, 0.9161660671234131]"
2834,0,49.45%,86.28%,2.0558,"[0.12797428667545319, 0.8720256686210632]"
2835,1,49.47%,86.28%,0.0476,"[0.05669591575860977, 0.9433040618896484]"
2836,0,49.45%,86.29%,0.0042,"[0.9940187931060791, 0.005981177091598511]"
2837,0,49.44%,86.29%,0.0007,"[0.9993833303451538, 0.0006167002720758319]"
2838,1,49.45%,86.30%,0.0232,"[0.021870872005820274, 0.9781292080879211]"
2839,0,49.44%,86.30%,0.0003,"[0.9995720982551575, 0.0004279215936549008]"
2840,1,49.45%,86.31%,0.0230,"[0.039119426161050797, 0.9608806371688843]"
2841,1,49.47%,86.31%,0.0534,"[0.04388744384050369, 0.9561125040054321]"
2842,1,49.49%,86.32%,0.1529,"[0.06399530172348022, 0.9360046982765198]"
2843,1,49.51%,86.32%,0.5482,"[0.3185144066810608, 0.6814855933189392]"
2844,0,49.49%,86.33%,0.0188,"[0.9856634140014648, 0.01433650404214859]"
2845,0,49.47%,86.30%,2.0998,"[0.1054273173213005, 0.8945726156234741]"
2846,1,49.49%,86.30%,0.0708,"[0.06856462359428406, 0.9314354062080383]"
2847,0,49.47%,86.31%,0.0043,"[0.995671272277832, 0.0043287924490869045]"
2848,0,49.46%,86.31%,0.0007,"[0.9993568062782288, 0.0006431882502511144]"
2849,0,49.44%,86.32%,0.0003,"[0.9997313618659973, 0.00026860905927605927]"
2850,0,49.42%,86.32%,0.0002,"[0.9997016787528992, 0.0002982369624078274]"
2851,0,49.40%,86.33%,0.0001,"[0.9999197721481323, 8.019124652491882e-05]"
2852,1,49.42%,86.33%,0.0435,"[0.050167374312877655, 0.9498326182365417]"
2853,1,49.44%,86.33%,0.0446,"[0.04807589203119278, 0.9519240856170654]"
2854,0,49.42%,86.34%,0.0004,"[0.9996371269226074, 0.00036281722714193165]"
2855,0,49.40%,86.34%,0.0001,"[0.9998102784156799, 0.00018971778627019376]"
2856,0,49.39%,86.35%,0.0002,"[0.9999027252197266, 9.725098789203912e-05]"
2857,0,49.37%,86.35%,0.0001,"[0.9999427795410156, 5.7217213907279074e-05]"
2858,0,49.35%,86.36%,0.0000,"[0.999921441078186, 7.860179903218523e-05]"
2859,0,49.34%,86.36%,0.0001,"[0.9999477863311768, 5.226154098636471e-05]"
2860,1,49.35%,86.37%,0.0355,"[0.02828257903456688, 0.9717174172401428]"
2861,1,49.37%,86.37%,0.0648,"[0.04745199903845787, 0.9525479674339294]"
2862,1,49.39%,86.38%,0.9613,"[0.41372284293174744, 0.586277186870575]"
2863,0,49.37%,86.38%,0.0026,"[0.9968757629394531, 0.0031242009717971087]"
2864,1,49.39%,86.39%,0.0644,"[0.06538926810026169, 0.9346107244491577]"
2865,1,49.41%,86.39%,0.1034,"[0.08848198503255844, 0.9115179777145386]"
2866,1,49.42%,86.40%,0.1092,"[0.10434044152498245, 0.8956595659255981]"
2867,0,49.41%,86.40%,0.0022,"[0.9962016940116882, 0.00379833672195673]"
2868,0,49.39%,86.37%,2.7085,"[0.07546650618314743, 0.9245335459709167]"
2869,0,49.37%,86.38%,0.0003,"[0.9996210336685181, 0.0003789099573623389]"
2870,0,49.36%,86.38%,0.0001,"[0.9998737573623657, 0.0001262466103071347]"
2871,1,49.37%,86.39%,0.0182,"[0.017462100833654404, 0.9825379252433777]"
2872,1,49.39%,86.39%,0.0204,"[0.0228059571236372, 0.97719407081604]"
2873,1,49.41%,86.40%,0.0598,"[0.05891382694244385, 0.9410861730575562]"
2874,1,49.43%,86.40%,0.0580,"[0.03614060580730438, 0.9638593792915344]"
2875,0,49.41%,86.40%,0.0006,"[0.9995821118354797, 0.0004178407834842801]"
2876,1,49.43%,86.41%,0.0330,"[0.02919818088412285, 0.9708017706871033]"
2877,0,49.41%,86.41%,0.0006,"[0.999382734298706, 0.0006172912544570863]"
2878,1,49.43%,86.42%,0.0297,"[0.03307759016752243, 0.966922402381897]"
2879,0,49.41%,86.42%,0.0001,"[0.9996984004974365, 0.00030164013151079416]"
2880,0,49.39%,86.43%,0.0002,"[0.9998455047607422, 0.00015448442718479782]"
2881,0,49.38%,86.43%,0.0001,"[0.9999215602874756, 7.847193774068728e-05]"
2882,1,49.39%,86.44%,0.0199,"[0.01558507326990366, 0.9844149351119995]"
2883,0,49.38%,86.41%,1.9069,"[0.09458202868700027, 0.9054179787635803]"
2884,0,49.36%,86.41%,0.0002,"[0.9997609257698059, 0.00023904167755972594]"
2885,0,49.34%,86.42%,0.0001,"[0.9998248219490051, 0.00017521082190796733]"
2886,1,49.36%,86.42%,0.0513,"[0.041009701788425446, 0.9589902758598328]"
2887,1,49.38%,86.43%,0.0610,"[0.05765390023589134, 0.9423461556434631]"
2888,1,49.39%,86.43%,0.0986,"[0.08185042440891266, 0.9181496500968933]"
2889,1,49.41%,86.44%,0.1449,"[0.11994962394237518, 0.8800503015518188]"
2890,1,49.43%,86.44%,0.1961,"[0.16024070978164673, 0.8397592306137085]"
2891,0,49.41%,86.45%,0.0073,"[0.9769490361213684, 0.023050976917147636]"
2892,1,49.43%,86.45%,0.0626,"[0.08999086171388626, 0.9100091457366943]"
2893,1,49.45%,86.45%,0.1830,"[0.11152458935976028, 0.8884754180908203]"
2894,0,49.43%,86.42%,2.3063,"[0.11835505813360214, 0.8816449046134949]"
2895,1,49.45%,86.43%,0.0694,"[0.06552448123693466, 0.9344754815101624]"
2896,1,49.46%,86.43%,0.1145,"[0.11779468506574631, 0.8822053074836731]"
2897,0,49.45%,86.44%,0.0107,"[0.9882674813270569, 0.011732575483620167]"
2898,1,49.47%,86.44%,0.0569,"[0.06446123868227005, 0.9355387091636658]"
2899,0,49.45%,86.41%,1.6299,"[0.13611270487308502, 0.8638872504234314]"
2900,1,49.47%,86.42%,0.0492,"[0.04811927303671837, 0.9518807530403137]"
2901,0,49.45%,86.42%,0.0017,"[0.9962994456291199, 0.0037006353959441185]"
2902,1,49.47%,86.43%,0.0265,"[0.027425946667790413, 0.9725740551948547]"
2903,1,49.48%,86.43%,0.0558,"[0.039274778217077255, 0.9607252478599548]"
2904,0,49.47%,86.40%,1.4432,"[0.15797238051891327, 0.8420276045799255]"
2905,0,49.45%,86.41%,0.0002,"[0.9997237324714661, 0.0002761945070233196]"
2906,0,49.43%,86.41%,0.0001,"[0.9998816251754761, 0.00011836994235636666]"
2907,0,49.42%,86.42%,0.0001,"[0.9999483823776245, 5.1602681196527556e-05]"
2908,1,49.43%,86.42%,0.0182,"[0.017298489809036255, 0.9827014803886414]"
2909,1,49.45%,86.43%,0.1094,"[0.1023833155632019, 0.8976166248321533]"
2910,0,49.43%,86.43%,0.0003,"[0.9997329115867615, 0.0002671217080205679]"
2911,0,49.42%,86.44%,0.0003,"[0.9996631145477295, 0.000336936122039333]"
2912,1,49.43%,86.44%,0.0345,"[0.038579314947128296, 0.9614207148551941]"
2913,1,49.45%,86.44%,0.0629,"[0.06172066554427147, 0.938279390335083]"
2914,0,49.43%,86.45%,0.0018,"[0.9982197880744934, 0.0017801997018978]"
2915,1,49.45%,86.45%,0.1512,"[0.14122207462787628, 0.8587779402732849]"
2916,1,49.47%,86.46%,0.1237,"[0.1232699602842331, 0.8767300248146057]"
2917,1,49.49%,86.46%,0.1774,"[0.16354213654994965, 0.8364578485488892]"
2918,0,49.47%,86.47%,0.0225,"[0.9830002784729004, 0.01699969545006752]"
2919,0,49.45%,86.44%,1.5453,"[0.21791191399097443, 0.7820881009101868]"
2920,1,49.47%,86.44%,0.0937,"[0.08352616429328918, 0.9164738655090332]"
2921,1,49.49%,86.45%,0.1525,"[0.1321391612291336, 0.8678609132766724]"
2922,0,49.47%,86.45%,0.0141,"[0.9932070374488831, 0.0067929551005363464]"
2923,1,49.49%,86.46%,0.0887,"[0.08554079383611679, 0.914459228515625]"
2924,1,49.50%,86.46%,0.1606,"[0.13776658475399017, 0.8622334599494934]"
2925,1,49.52%,86.47%,0.2592,"[0.2216348797082901, 0.7783650755882263]"
2926,1,49.54%,86.47%,0.2640,"[0.23991629481315613, 0.7600836753845215]"
2927,1,49.56%,86.48%,0.2310,"[0.21290506422519684, 0.7870949506759644]"
2928,1,49.57%,86.48%,0.3498,"[0.25023382902145386, 0.7497661709785461]"
2929,0,49.56%,86.48%,0.1225,"[0.8525210022926331, 0.14747902750968933]"
2930,0,49.54%,86.49%,0.0078,"[0.9772642850875854, 0.022735729813575745]"
2931,1,49.56%,86.49%,0.0648,"[0.06978483498096466, 0.9302151799201965]"
2932,0,49.54%,86.50%,0.0112,"[0.9951872825622559, 0.004812711384147406]"
2933,1,49.56%,86.50%,0.0419,"[0.041898105293512344, 0.9581018686294556]"
2934,0,49.54%,86.51%,0.0025,"[0.9990577101707458, 0.0009423336014151573]"
2935,0,49.52%,86.51%,0.0003,"[0.9997881054878235, 0.00021192575513850898]"
2936,0,49.51%,86.48%,1.2137,"[0.26591551303863525, 0.7340844869613647]"
2937,0,49.49%,86.49%,0.0001,"[0.9999234676361084, 7.651470514247194e-05]"
2938,0,49.47%,86.49%,0.0000,"[0.999971866607666, 2.8089187253499404e-05]"
2939,0,49.46%,86.50%,0.0001,"[0.9999675750732422, 3.245818516006693e-05]"
2940,0,49.44%,86.50%,0.0000,"[0.9999843835830688, 1.560473356221337e-05]"
2941,0,49.42%,86.51%,0.0000,"[0.9999749660491943, 2.5006262148963287e-05]"
2942,1,49.44%,86.51%,0.0275,"[0.025521382689476013, 0.9744786024093628]"
2943,0,49.42%,86.51%,0.0007,"[0.9992408752441406, 0.0007592024048790336]"
2944,1,49.44%,86.52%,0.0294,"[0.03129531815648079, 0.9687047004699707]"
2945,1,49.46%,86.52%,0.0515,"[0.048242561519145966, 0.9517574310302734]"
2946,0,49.44%,86.53%,0.0004,"[0.9989416003227234, 0.0010584056144580245]"
2947,0,49.42%,86.53%,0.0001,"[0.999927282333374, 7.271489448612556e-05]"
2948,0,49.41%,86.54%,0.0000,"[0.9999459981918335, 5.403787872637622e-05]"
2949,0,49.39%,86.54%,0.0216,"[0.9969826340675354, 0.00301738572306931]"
2950,1,49.41%,86.55%,0.0213,"[0.02238071709871292, 0.9776192903518677]"
2951,0,49.39%,86.55%,0.0007,"[0.9995174407958984, 0.00048261371557600796]"
2952,0,49.37%,86.56%,0.0001,"[0.9998267292976379, 0.0001733534736558795]"
2953,1,49.39%,86.56%,0.0214,"[0.01971355266869068, 0.9802864193916321]"
2954,1,49.41%,86.57%,0.0546,"[0.0477832593023777, 0.9522168040275574]"
2955,1,49.42%,86.57%,0.0784,"[0.07297611236572266, 0.9270239472389221]"
2956,1,49.44%,86.57%,0.0825,"[0.10544782876968384, 0.8945521116256714]"
2957,0,49.43%,86.54%,2.4869,"[0.10597116500139236, 0.8940288424491882]"
2958,0,49.41%,86.55%,0.0762,"[0.9641270041465759, 0.03587295860052109]"
2959,0,49.39%,86.52%,1.0931,"[0.48157352209091187, 0.5184265375137329]"
2960,1,49.41%,86.52%,0.0200,"[0.018480954691767693, 0.9815189838409424]"
2961,0,49.39%,86.53%,0.0001,"[0.9999192953109741, 8.067714952630922e-05]"
2962,1,49.41%,86.53%,0.4016,"[0.24658064544200897, 0.7534193396568298]"
2963,1,49.43%,86.54%,0.0590,"[0.06194490194320679, 0.9380550384521484]"
2964,1,49.44%,86.54%,0.0890,"[0.06829676032066345, 0.9317032694816589]"
2965,0,49.43%,86.55%,0.0004,"[0.9997169375419617, 0.000282986176898703]"
2966,1,49.44%,86.52%,2.0223,"[0.8993343710899353, 0.10066559910774231]"
2967,0,49.43%,86.52%,0.0003,"[0.99969482421875, 0.00030515450634993613]"
2968,0,49.41%,86.53%,0.0001,"[0.9998869895935059, 0.00011296528828097507]"
2969,0,49.39%,86.50%,2.6668,"[0.061449773609638214, 0.9385502338409424]"
2970,0,49.38%,86.50%,0.0119,"[0.9777204990386963, 0.02227948047220707]"
2971,1,49.39%,86.51%,0.0275,"[0.03276821970939636, 0.967231810092926]"
2972,1,49.41%,86.51%,0.1533,"[0.1417311728000641, 0.8582688570022583]"
2973,0,49.39%,86.52%,0.0015,"[0.9978694915771484, 0.0021304646506905556]"
2974,0,49.38%,86.52%,0.0006,"[0.999649167060852, 0.00035081899841316044]"
2975,1,49.40%,86.53%,0.0841,"[0.08975742757320404, 0.9102425575256348]"
2976,0,49.38%,86.50%,2.3947,"[0.08873828500509262, 0.9112617373466492]"
2977,1,49.40%,86.50%,0.0935,"[0.08463150262832642, 0.9153684973716736]"
2978,1,49.41%,86.51%,0.1507,"[0.139883354306221, 0.8601166009902954]"
2979,0,49.40%,86.51%,0.0136,"[0.9837015867233276, 0.016298340633511543]"
2980,0,49.38%,86.51%,0.0015,"[0.9983088970184326, 0.001691107521764934]"
2981,1,49.40%,86.52%,0.1454,"[0.10100416094064713, 0.8989958167076111]"
2982,0,49.38%,86.52%,0.0056,"[0.9957211017608643, 0.004278870765119791]"
2983,1,49.40%,86.53%,0.0756,"[0.06259226053953171, 0.9374077320098877]"
2984,0,49.38%,86.50%,2.2718,"[0.09814058989286423, 0.9018594026565552]"
2985,1,49.40%,86.50%,0.0761,"[0.07027186453342438, 0.9297281503677368]"
2986,0,49.38%,86.51%,0.0085,"[0.9594363570213318, 0.040563687682151794]"
2987,0,49.36%,86.48%,2.7029,"[0.06679392606019974, 0.9332060813903809]"
2988,1,49.38%,86.48%,0.0371,"[0.03564031049609184, 0.964359700679779]"
2989,1,49.40%,86.49%,0.0718,"[0.06455134600400925, 0.9354487061500549]"
2990,0,49.38%,86.49%,0.0018,"[0.9979210495948792, 0.00207898230291903]"
2991,1,49.40%,86.50%,0.4880,"[0.3753885328769684, 0.6246114373207092]"
2992,0,49.38%,86.50%,0.0696,"[0.9123595952987671, 0.08764044940471649]"
2993,1,49.40%,86.51%,0.0850,"[0.0838247612118721, 0.9161752462387085]"
2994,0,49.38%,86.51%,0.0032,"[0.9925631880760193, 0.007436854299157858]"
2995,0,49.37%,86.48%,2.2909,"[0.10901349037885666, 0.8909865617752075]"
2996,0,49.35%,86.49%,0.0004,"[0.9994688630104065, 0.0005311042186804116]"
2997,0,49.33%,86.46%,1.5953,"[0.18624168634414673, 0.8137583136558533]"
2998,0,49.32%,86.46%,0.0001,"[0.9998565912246704, 0.00014340707275550812]"
2999,0,49.30%,86.47%,0.3833,"[0.6718006134033203, 0.3281994163990021]"
3000,1,49.32%,86.47%,0.0658,"[0.06786465644836426, 0.9321354031562805]"
3001,1,49.33%,86.48%,0.0794,"[0.08869350701570511, 0.9113065004348755]"
3002,1,49.35%,86.48%,0.1744,"[0.17801448702812195, 0.8219855427742004]"
3003,1,49.37%,86.48%,0.2310,"[0.18276260793209076, 0.8172374367713928]"
3004,0,49.35%,86.49%,0.0083,"[0.9898785352706909, 0.01012139767408371]"
3005,1,49.37%,86.49%,0.3255,"[0.30597928166389465, 0.6940207481384277]"
3006,1,49.38%,86.50%,0.1787,"[0.20360895991325378, 0.7963910102844238]"
3007,1,49.40%,86.50%,0.2875,"[0.3263281583786011, 0.6736719012260437]"
3008,0,49.39%,86.51%,0.0371,"[0.9778147339820862, 0.022185325622558594]"
3009,1,49.40%,86.51%,0.1213,"[0.13067686557769775, 0.8693230748176575]"
3010,0,49.39%,86.48%,1.8599,"[0.15423566102981567, 0.8457643389701843]"
3011,0,49.37%,86.49%,0.0002,"[0.9996362924575806, 0.0003636807086877525]"
3012,1,49.39%,86.49%,0.0377,"[0.038183458149433136, 0.9618165493011475]"
3013,0,49.37%,86.50%,0.0007,"[0.9990410208702087, 0.0009589942055754364]"
3014,1,49.39%,86.50%,0.0600,"[0.06236560642719269, 0.9376344084739685]"
3015,1,49.40%,86.51%,0.1004,"[0.05853511765599251, 0.9414648413658142]"
3016,1,49.42%,86.51%,0.0565,"[0.12482807040214539, 0.875171959400177]"
3017,0,49.40%,86.51%,0.0017,"[0.9978358149528503, 0.0021641808561980724]"
3018,0,49.39%,86.52%,0.0003,"[0.9997225403785706, 0.000277411105344072]"
3019,0,49.37%,86.52%,0.0001,"[0.9998375177383423, 0.00016245486040133983]"
3020,1,49.39%,86.53%,0.0254,"[0.03637707233428955, 0.9636228680610657]"
3021,0,49.37%,86.50%,3.1186,"[0.07574103772640228, 0.9242590069770813]"
3022,1,49.39%,86.50%,0.0312,"[0.032189685851335526, 0.9678102731704712]"
3023,1,49.40%,86.51%,0.0301,"[0.044331956654787064, 0.9556680917739868]"
3024,1,49.42%,86.51%,0.0624,"[0.03220658376812935, 0.9677934646606445]"
3025,1,49.44%,86.52%,0.0834,"[0.07514070719480515, 0.9248592853546143]"
3026,1,49.45%,86.52%,0.1054,"[0.09440621733665466, 0.9055938124656677]"
3027,1,49.47%,86.53%,0.1044,"[0.08506560325622559, 0.9149343967437744]"
3028,0,49.46%,86.53%,0.0024,"[0.9987951517105103, 0.0012047739000990987]"
3029,0,49.44%,86.53%,0.0004,"[0.9996999502182007, 0.00030008089379407465]"
3030,1,49.46%,86.54%,0.0417,"[0.03658056631684303, 0.963419497013092]"
3031,1,49.47%,86.54%,0.1910,"[0.13977769017219543, 0.8602222800254822]"
3032,1,49.49%,86.55%,0.0741,"[0.06884420663118362, 0.9311558604240417]"
3033,0,49.47%,86.55%,0.0009,"[0.9981985688209534, 0.0018014954403042793]"
3034,0,49.46%,86.56%,0.0003,"[0.9996023774147034, 0.0003976986918132752]"
3035,1,49.47%,86.56%,0.0421,"[0.03770673647522926, 0.962293267250061]"
3036,1,49.49%,86.57%,0.1049,"[0.09247126430273056, 0.9075287580490112]"
3037,1,49.51%,86.57%,0.2479,"[0.1941850632429123, 0.8058149814605713]"
3038,0,49.49%,86.57%,0.0093,"[0.9920318126678467, 0.007968166843056679]"
3039,1,49.51%,86.58%,0.0764,"[0.07444829493761063, 0.9255516529083252]"
3040,0,49.49%,86.58%,0.0035,"[0.9968665242195129, 0.0031334904488176107]"
3041,0,49.47%,86.55%,2.8514,"[0.05847544968128204, 0.9415245652198792]"
3042,1,49.49%,86.56%,0.0502,"[0.045485854148864746, 0.9545141458511353]"
3043,0,49.47%,86.56%,0.0009,"[0.9984334111213684, 0.0015665156533941627]"
3044,1,49.49%,86.57%,0.0504,"[0.04697662591934204, 0.953023374080658]"
3045,0,49.47%,86.57%,0.0035,"[0.9994972944259644, 0.000502694514580071]"
3046,0,49.46%,86.58%,0.0176,"[0.9718104004859924, 0.028189653530716896]"
3047,0,49.44%,86.58%,0.0007,"[0.9983847141265869, 0.0016152551397681236]"
3048,1,49.46%,86.59%,0.0369,"[0.03986474126577377, 0.960135281085968]"
3049,1,49.48%,86.59%,0.0583,"[0.06002936512231827, 0.9399706125259399]"
3050,1,49.49%,86.59%,0.0862,"[0.08814139664173126, 0.9118586182594299]"
3051,0,49.48%,86.57%,1.3014,"[0.24624747037887573, 0.7537524700164795]"
3052,1,49.49%,86.57%,0.1160,"[0.10824166983366013, 0.8917583227157593]"
3053,0,49.48%,86.54%,1.4885,"[0.19159206748008728, 0.8084079027175903]"
3054,1,49.49%,86.55%,0.0963,"[0.08529826998710632, 0.9147017598152161]"
3055,1,49.51%,86.55%,0.1803,"[0.17361769080162048, 0.8263822793960571]"
3056,0,49.49%,86.56%,0.0118,"[0.9547865986824036, 0.04521334543824196]"
3057,1,49.51%,86.56%,0.0754,"[0.09670818597078323, 0.9032917618751526]"
3058,1,49.53%,86.56%,0.0929,"[0.07739374786615372, 0.9226062297821045]"
3059,0,49.51%,86.54%,2.1500,"[0.12273675948381424, 0.8772632479667664]"
3060,0,49.49%,86.54%,0.0004,"[0.9986710548400879, 0.0013289275811985135]"
3061,0,49.48%,86.54%,0.0002,"[0.9998514652252197, 0.00014856213238090277]"
3062,1,49.49%,86.55%,0.0314,"[0.02878149412572384, 0.971218466758728]"
3063,0,49.48%,86.52%,0.2780,"[0.38660523295402527, 0.6133947968482971]"
3064,1,49.49%,86.53%,0.0586,"[0.056632399559020996, 0.9433676600456238]"
3065,0,49.48%,86.53%,0.0013,"[0.9992498755455017, 0.0007501166546717286]"
3066,1,49.49%,86.53%,1.0268,"[0.3865603804588318, 0.6134396195411682]"
3067,1,49.51%,86.54%,0.0852,"[0.07579827308654785, 0.9242017865180969]"
3068,0,49.49%,86.51%,2.4722,"[0.1056772768497467, 0.8943227529525757]"
3069,1,49.51%,86.51%,0.3448,"[0.2743854224681854, 0.7256145477294922]"
3070,1,49.53%,86.52%,0.2494,"[0.2040584683418274, 0.7959415912628174]"
3071,0,49.51%,86.52%,0.0054,"[0.9949851036071777, 0.005014869384467602]"
3072,1,49.53%,86.53%,0.1462,"[0.15789781510829926, 0.8421022295951843]"
3073,1,49.54%,86.53%,0.1328,"[0.1174650713801384, 0.882534921169281]"
3074,0,49.53%,86.54%,0.0011,"[0.9981749057769775, 0.001825097599066794]"
3075,1,49.54%,86.54%,0.1931,"[0.12116987258195877, 0.8788301944732666]"
3076,0,49.53%,86.55%,0.2512,"[0.5784162282943726, 0.42158377170562744]"
3077,0,49.51%,86.55%,0.0004,"[0.9995019435882568, 0.0004980632802471519]"
3078,1,49.53%,86.55%,0.0374,"[0.03496032580733299, 0.9650396108627319]"
3079,0,49.51%,86.56%,0.0004,"[0.9989614486694336, 0.0010385805508121848]"
3080,0,49.50%,86.56%,0.0005,"[0.9977722764015198, 0.0022276388481259346]"
3081,1,49.51%,86.57%,0.0427,"[0.04082847386598587, 0.9591715335845947]"
3082,1,49.53%,86.57%,0.0735,"[0.07784606516361237, 0.9221540093421936]"
3083,0,49.51%,86.58%,0.1229,"[0.8842127919197083, 0.11578723043203354]"
3084,0,49.50%,86.55%,2.7431,"[0.06157808378338814, 0.938421905040741]"
3085,1,49.51%,86.55%,0.0699,"[0.0764053463935852, 0.9235947132110596]"
3086,1,49.53%,86.56%,0.0900,"[0.09198695421218872, 0.908013105392456]"
3087,0,49.51%,86.53%,2.4898,"[0.11070655286312103, 0.8892934322357178]"
3088,1,49.53%,86.53%,0.0951,"[0.09273655712604523, 0.907263457775116]"
3089,1,49.55%,86.54%,0.1095,"[0.09511449187994003, 0.904885470867157]"
3090,0,49.53%,86.51%,2.1446,"[0.12132677435874939, 0.8786731958389282]"
3091,0,49.51%,86.51%,0.0004,"[0.9995797276496887, 0.00042027002200484276]"
3092,0,49.50%,86.52%,0.0001,"[0.9998832941055298, 0.00011671795073198155]"
3093,0,49.48%,86.52%,0.0000,"[0.9999518394470215, 4.818891466129571e-05]"
3094,0,49.47%,86.53%,0.0000,"[0.999974250793457, 2.577528721303679e-05]"
3095,1,49.48%,86.53%,0.0281,"[0.031272441148757935, 0.9687275290489197]"
3096,1,49.50%,86.54%,0.0864,"[0.08080852776765823, 0.9191915392875671]"
3097,0,49.48%,86.54%,0.0014,"[0.9995291233062744, 0.00047089511645026505]"
3098,1,49.50%,86.54%,0.0560,"[0.05418507009744644, 0.9458149671554565]"
3099,1,49.52%,86.55%,0.0799,"[0.052506085485219955, 0.9474939107894897]"
3100,0,49.50%,86.52%,1.1108,"[0.3316330909729004, 0.6683669090270996]"
3101,0,49.48%,86.52%,0.0003,"[0.999824583530426, 0.00017541575653012842]"
3102,1,49.50%,86.53%,0.1193,"[0.15139958262443542, 0.848600447177887]"
3103,1,49.52%,86.53%,0.1554,"[0.16110043227672577, 0.838899552822113]"
3104,0,49.50%,86.54%,0.0043,"[0.9985017776489258, 0.0014981947606429458]"
3105,0,49.48%,86.54%,0.0006,"[0.999284565448761, 0.0007154177874326706]"
3106,0,49.47%,86.51%,1.2294,"[0.4158434271812439, 0.5841565132141113]"
3107,0,49.45%,86.52%,0.0001,"[0.9998931884765625, 0.00010675554221961647]"
3108,1,49.47%,86.52%,0.1860,"[0.06586025655269623, 0.9341396689414978]"
3109,1,49.49%,86.53%,0.1578,"[0.17306606471538544, 0.8269339203834534]"
3110,0,49.47%,86.53%,0.0010,"[0.9989374279975891, 0.0010625598952174187]"
3111,1,49.49%,86.54%,0.0775,"[0.07321009784936905, 0.9267898797988892]"
3112,0,49.47%,86.54%,0.0003,"[0.999645471572876, 0.0003544748469721526]"
3113,1,49.49%,86.54%,0.1385,"[0.09880546480417252, 0.9011945128440857]"
3114,0,49.47%,86.55%,0.0008,"[0.9990890026092529, 0.0009109548409469426]"
3115,0,49.45%,86.55%,0.0001,"[0.9998003840446472, 0.00019962593796662986]"
3116,1,49.47%,86.56%,0.0736,"[0.09159738570451736, 0.908402681350708]"
3117,1,49.49%,86.56%,0.1548,"[0.1665640026330948, 0.8334359526634216]"
3118,0,49.47%,86.57%,0.0067,"[0.9949959516525269, 0.005003998056054115]"
3119,1,49.49%,86.57%,0.1038,"[0.09713698923587799, 0.9028630256652832]"
3120,1,49.50%,86.57%,0.1242,"[0.12277967482805252, 0.8772203326225281]"
3121,1,49.52%,86.58%,0.1638,"[0.15827515721321106, 0.8417248725891113]"
3122,0,49.50%,86.58%,0.0034,"[0.9958477020263672, 0.004152236972004175]"
3123,0,49.49%,86.59%,0.0073,"[0.9946893453598022, 0.005310689099133015]"
3124,0,49.47%,86.59%,0.0004,"[0.9996024966239929, 0.00039747238042764366]"
3125,0,49.46%,86.60%,0.0002,"[0.9998867511749268, 0.00011319356417516246]"
3126,0,49.44%,86.60%,0.0001,"[0.9999219179153442, 7.811826071701944e-05]"
3127,0,49.42%,86.60%,0.0000,"[0.9999796152114868, 2.0443389075808227e-05]"
3128,0,49.41%,86.61%,0.0000,"[0.9999610185623169, 3.900640149367973e-05]"
3129,0,49.39%,86.61%,0.0000,"[0.9999865293502808, 1.3521733308152761e-05]"
3130,1,49.41%,86.62%,0.0300,"[0.04301738366484642, 0.9569826126098633]"
3131,0,49.39%,86.62%,0.0001,"[0.9997435212135315, 0.0002564896713010967]"
3132,1,49.41%,86.63%,0.0323,"[0.03471321240067482, 0.9652868509292603]"
3133,1,49.43%,86.63%,0.0315,"[0.04143403470516205, 0.9585659503936768]"
3134,0,49.41%,86.63%,0.0007,"[0.9993108510971069, 0.000689115549903363]"
3135,1,49.43%,86.64%,0.0458,"[0.04221126437187195, 0.9577887654304504]"
3136,0,49.41%,86.64%,0.0008,"[0.9991850256919861, 0.0008149601053446531]"
3137,0,49.39%,86.65%,0.0003,"[0.9998421669006348, 0.00015781968249939382]"
3138,1,49.41%,86.65%,0.0349,"[0.03764484450221062, 0.9623551368713379]"
3139,0,49.39%,86.62%,3.0629,"[0.05037178471684456, 0.9496281743049622]"
3140,0,49.38%,86.63%,0.0002,"[0.9997329115867615, 0.000267097755568102]"
3141,0,49.36%,86.63%,0.0001,"[0.9999359846115112, 6.398673576768488e-05]"
3142,0,49.35%,86.61%,3.7103,"[0.026617737486958504, 0.9733822345733643]"
3143,0,49.33%,86.61%,0.0000,"[0.9999809265136719, 1.9097038602922112e-05]"
3144,1,49.35%,86.61%,0.0163,"[0.014389833435416222, 0.9856101870536804]"
3145,1,49.36%,86.62%,0.0261,"[0.027751201763749123, 0.9722487330436707]"
3146,0,49.35%,86.62%,0.0692,"[0.83968186378479, 0.16031815111637115]"
3147,0,49.33%,86.63%,0.0002,"[0.9999473094940186, 5.266638254397549e-05]"
3148,1,49.35%,86.63%,0.0521,"[0.04611586034297943, 0.9538841843605042]"
3149,0,49.33%,86.63%,0.0014,"[0.99919193983078, 0.0008080932893790305]"
3150,0,49.32%,86.61%,2.7113,"[0.060744352638721466, 0.9392556548118591]"
3151,1,49.33%,86.61%,0.0782,"[0.10575826466083527, 0.8942417502403259]"
3152,1,49.35%,86.62%,0.0859,"[0.08537490665912628, 0.9146251678466797]"
3153,1,49.37%,86.62%,0.1577,"[0.11818403750658035, 0.8818159699440002]"
3154,1,49.38%,86.62%,0.3130,"[0.23952744901180267, 0.7604725360870361]"
3155,0,49.37%,86.63%,0.0119,"[0.9889517426490784, 0.01104825735092163]"
3156,1,49.38%,86.63%,0.1409,"[0.11703658103942871, 0.8829634189605713]"
3157,1,49.40%,86.64%,0.1852,"[0.20490579307079315, 0.7950941920280457]"
3158,1,49.41%,86.64%,0.2298,"[0.21469290554523468, 0.7853071093559265]"
3159,1,49.43%,86.65%,0.2218,"[0.2121090143918991, 0.7878910303115845]"
3160,0,49.41%,86.65%,0.0044,"[0.9956478476524353, 0.00435216911137104]"
3161,1,49.43%,86.65%,0.2150,"[0.19299638271331787, 0.8070036172866821]"
3162,1,49.45%,86.66%,0.1146,"[0.11953116208314896, 0.8804688453674316]"
3163,1,49.46%,86.66%,0.3255,"[0.29891300201416016, 0.7010870575904846]"
3164,1,49.48%,86.67%,0.1775,"[0.15289409458637238, 0.8471059203147888]"
3165,1,49.49%,86.67%,0.1792,"[0.18891635537147522, 0.8110836148262024]"
3166,1,49.51%,86.68%,0.1578,"[0.12754718959331512, 0.8724527359008789]"
3167,1,49.53%,86.68%,0.0925,"[0.0850265696644783, 0.9149734377861023]"
3168,1,49.54%,86.68%,0.1075,"[0.09445618838071823, 0.9055438041687012]"
3169,1,49.56%,86.69%,0.1341,"[0.14253367483615875, 0.8574662804603577]"
3170,1,49.57%,86.69%,0.2250,"[0.19163919985294342, 0.808360755443573]"
3171,0,49.56%,86.66%,1.4293,"[0.3190721869468689, 0.6809277534484863]"
3172,0,49.54%,86.67%,0.0050,"[0.9912046790122986, 0.00879533588886261]"
3173,1,49.56%,86.67%,0.0592,"[0.05235009640455246, 0.9476498961448669]"
3174,0,49.54%,86.68%,0.0017,"[0.9935478568077087, 0.006452118046581745]"
3175,1,49.56%,86.68%,0.0456,"[0.04174922779202461, 0.9582508206367493]"
3176,1,49.58%,86.69%,0.0657,"[0.05614601448178291, 0.9438539743423462]"
3177,0,49.56%,86.69%,0.2938,"[0.8269525170326233, 0.1730475276708603]"
3178,1,49.58%,86.69%,0.0338,"[0.03695422783493996, 0.9630457162857056]"
3179,1,49.59%,86.70%,0.0452,"[0.052801668643951416, 0.9471983313560486]"
3180,0,49.58%,86.70%,0.0239,"[0.9979259967803955, 0.002074018120765686]"
3181,0,49.56%,86.68%,3.1704,"[0.04257956147193909, 0.9574204683303833]"
3182,1,49.58%,86.68%,0.0376,"[0.037544555962085724, 0.9624555110931396]"
3183,0,49.56%,86.68%,0.0061,"[0.9973938465118408, 0.002606188179925084]"
3184,0,49.54%,86.69%,0.0012,"[0.9986298084259033, 0.0013701654970645905]"
3185,1,49.56%,86.69%,0.0282,"[0.027117490768432617, 0.9728824496269226]"
3186,0,49.55%,86.70%,0.0025,"[0.9969549179077148, 0.0030451153870671988]"
3187,0,49.53%,86.70%,0.0026,"[0.9946290850639343, 0.005370966158807278]"
3188,0,49.51%,86.70%,0.0003,"[0.9997895359992981, 0.0002104835002683103]"
3189,1,49.53%,86.71%,0.0151,"[0.015001158230006695, 0.984998881816864]"
3190,1,49.55%,86.71%,0.0297,"[0.039793215692043304, 0.9602067470550537]"
3191,0,49.53%,86.72%,0.0037,"[0.9994552731513977, 0.0005447332514449954]"
3192,1,49.55%,86.72%,0.0419,"[0.03367581218481064, 0.9663241505622864]"
3193,0,49.53%,86.69%,2.3406,"[0.08871958404779434, 0.9112804532051086]"
3194,0,49.51%,86.67%,2.5663,"[0.06450330466032028, 0.9354966878890991]"
3195,0,49.50%,86.67%,0.0004,"[0.9996397495269775, 0.000360228557838127]"
3196,0,49.48%,86.68%,0.0002,"[0.9998725652694702, 0.00012744440755341202]"
3197,0,49.47%,86.68%,0.0001,"[0.9999277591705322, 7.223505235742778e-05]"
3198,0,49.45%,86.68%,0.0000,"[0.9999690055847168, 3.093732084380463e-05]"
3199,1,49.47%,86.69%,0.0244,"[0.022812362760305405, 0.9771876931190491]"
3200,1,49.48%,86.69%,0.0344,"[0.03377644717693329, 0.9662235379219055]"
3201,1,49.50%,86.70%,0.0444,"[0.04400421679019928, 0.9559957981109619]"
3202,0,49.48%,86.67%,2.4411,"[0.08496634662151337, 0.9150336980819702]"
3203,1,49.50%,86.67%,0.0881,"[0.08145365864038467, 0.9185463786125183]"
3204,0,49.49%,86.68%,0.0012,"[0.9988200068473816, 0.0011799458879977465]"
3205,0,49.47%,86.68%,0.0004,"[0.9994029998779297, 0.0005969833000563085]"
3206,0,49.45%,86.69%,0.8056,"[0.5120737552642822, 0.4879262149333954]"
3207,1,49.47%,86.69%,0.0799,"[0.07661851495504379, 0.923381507396698]"
3208,1,49.49%,86.69%,0.1402,"[0.1283164769411087, 0.8716835379600525]"
3209,0,49.47%,86.70%,0.0013,"[0.9991167187690735, 0.0008832199964672327]"
3210,1,49.49%,86.70%,0.1222,"[0.11239143460988998, 0.887608528137207]"
3211,1,49.50%,86.71%,0.1085,"[0.1277625560760498, 0.8722373843193054]"
3212,0,49.49%,86.71%,0.0044,"[0.9992159605026245, 0.0007839918253012002]"
3213,1,49.50%,86.71%,0.1935,"[0.19205091893672943, 0.8079490661621094]"
3214,1,49.52%,86.72%,0.2035,"[0.1711338758468628, 0.8288660645484924]"
3215,0,49.50%,86.72%,0.0054,"[0.9959729313850403, 0.004027032759040594]"
3216,0,49.49%,86.70%,1.3746,"[0.2657952308654785, 0.7342047691345215]"
3217,0,49.47%,86.67%,0.8593,"[0.42508602142333984, 0.5749139785766602]"
3218,0,49.46%,86.67%,0.0001,"[0.9999231100082397, 7.689198537264019e-05]"
3219,0,49.44%,86.68%,0.0000,"[0.999969482421875, 3.052900137845427e-05]"
3220,1,49.46%,86.68%,0.0463,"[0.05151243507862091, 0.9484875798225403]"
3221,1,49.47%,86.69%,0.0985,"[0.09280014783143997, 0.9071999192237854]"
3222,0,49.46%,86.66%,1.8021,"[0.17499053478240967, 0.8250094652175903]"
3223,0,49.44%,86.63%,2.1288,"[0.11866243183612823, 0.881337583065033]"
3224,1,49.46%,86.64%,0.0964,"[0.0792454183101654, 0.9207545518875122]"
3225,1,49.47%,86.64%,0.1943,"[0.14547234773635864, 0.8545276522636414]"
3226,1,49.49%,86.64%,0.2299,"[0.20416362583637238, 0.7958363890647888]"
3227,0,49.47%,86.65%,0.0021,"[0.9977445602416992, 0.002255513332784176]"
3228,0,49.46%,86.65%,0.0004,"[0.9996941089630127, 0.00030595448333770037]"
3229,1,49.47%,86.63%,2.1294,"[0.861367404460907, 0.1386326104402542]"
3230,0,49.46%,86.63%,0.0006,"[0.9994038343429565, 0.0005961816059425473]"
3231,1,49.47%,86.63%,0.1148,"[0.11467874050140381, 0.8853211998939514]"
3232,1,49.49%,86.64%,0.1340,"[0.1700562834739685, 0.8299437165260315]"
3233,1,49.51%,86.64%,0.2311,"[0.20997972786426544, 0.790020227432251]"
3234,1,49.52%,86.65%,0.3337,"[0.3240121603012085, 0.6759878993034363]"
3235,1,49.54%,86.65%,0.2861,"[0.26336586475372314, 0.7366341352462769]"
3236,0,49.52%,86.65%,0.0118,"[0.9927638173103333, 0.007236147299408913]"
3237,0,49.51%,86.66%,0.0015,"[0.9983200430870056, 0.001679917681030929]"
3238,0,49.49%,86.66%,0.0004,"[0.9997153878211975, 0.00028454154380597174]"
3239,0,49.48%,86.67%,0.0001,"[0.9999010562896729, 9.89404070423916e-05]"
3240,1,49.49%,86.67%,0.0368,"[0.03417174890637398, 0.9658282995223999]"
3241,1,49.51%,86.67%,0.0532,"[0.04558590427041054, 0.9544141292572021]"
3242,0,49.49%,86.65%,2.1224,"[0.10596954077482224, 0.8940304517745972]"
3243,0,49.48%,86.65%,0.0002,"[0.9997798800468445, 0.00022015164722688496]"
3244,0,49.46%,86.66%,0.0001,"[0.9999406337738037, 5.938491449342109e-05]"
3245,1,49.48%,86.66%,0.0311,"[0.030619220808148384, 0.9693807363510132]"
3246,1,49.49%,86.66%,0.0703,"[0.07831213623285294, 0.9216878414154053]"
3247,0,49.48%,86.67%,0.0007,"[0.9989296793937683, 0.001070326892659068]"
3248,1,49.49%,86.67%,0.0587,"[0.05735677480697632, 0.9426432847976685]"
3249,0,49.48%,86.68%,0.0004,"[0.9993534684181213, 0.0006465779151767492]"
3250,0,49.46%,86.65%,2.7743,"[0.06611575186252594, 0.9338842630386353]"
3251,0,49.45%,86.65%,0.0002,"[0.999756395816803, 0.00024357585061807185]"
3252,1,49.46%,86.66%,0.1732,"[0.16948433220386505, 0.8305156826972961]"
3253,1,49.48%,86.66%,0.0827,"[0.07977914065122604, 0.9202208518981934]"
3254,1,49.49%,86.67%,0.0926,"[0.10407360643148422, 0.8959263563156128]"
3255,0,49.48%,86.64%,1.8720,"[0.13293291628360748, 0.8670670986175537]"
3256,1,49.49%,86.64%,0.0750,"[0.07123919576406479, 0.9287608861923218]"
3257,0,49.48%,86.65%,0.0015,"[0.9992586970329285, 0.0007413211278617382]"
3258,0,49.46%,86.65%,0.0002,"[0.9998279809951782, 0.000171972656971775]"
3259,1,49.48%,86.66%,0.0635,"[0.05516396090388298, 0.9448360800743103]"
3260,1,49.49%,86.66%,0.1014,"[0.0964144691824913, 0.9035855531692505]"
3261,1,49.51%,86.66%,0.1226,"[0.15191330015659332, 0.8480867147445679]"
3262,0,49.49%,86.67%,0.0014,"[0.9934086799621582, 0.0065913014113903046]"
3263,1,49.51%,86.67%,0.1089,"[0.09986099600791931, 0.9001390337944031]"
3264,1,49.53%,86.68%,0.1765,"[0.1450417935848236, 0.8549582362174988]"
3265,1,49.54%,86.68%,0.2395,"[0.1259620189666748, 0.8740379214286804]"
3266,0,49.53%,86.69%,0.0032,"[0.9993839263916016, 0.0006161016062833369]"
3267,1,49.54%,86.69%,0.0767,"[0.07228916883468628, 0.9277108311653137]"
3268,1,49.56%,86.69%,0.1363,"[0.1193612664937973, 0.8806387186050415]"
3269,1,49.57%,86.70%,0.1229,"[0.12012898921966553, 0.8798710703849792]"
3270,0,49.56%,86.70%,0.0333,"[0.9727976322174072, 0.027202360332012177]"
3271,1,49.57%,86.71%,0.0757,"[0.06313104182481766, 0.9368690252304077]"
3272,0,49.56%,86.71%,0.0002,"[0.9996931552886963, 0.0003068817313760519]"
3273,1,49.57%,86.71%,0.0505,"[0.0671791136264801, 0.9328208565711975]"
3274,1,49.59%,86.72%,0.0509,"[0.07522518187761307, 0.9247747659683228]"
3275,0,49.57%,86.72%,0.0013,"[0.9957960844039917, 0.00420391047373414]"
3276,0,49.56%,86.73%,0.0002,"[0.9997212290763855, 0.00027874120860360563]"
3277,0,49.54%,86.73%,0.0001,"[0.999849796295166, 0.00015020031423773617]"
3278,1,49.56%,86.73%,0.0193,"[0.020239263772964478, 0.9797607660293579]"
3279,0,49.54%,86.74%,0.0003,"[0.9999008178710938, 9.913703252095729e-05]"
3280,1,49.56%,86.74%,0.0309,"[0.032331861555576324, 0.9676681756973267]"
3281,0,49.54%,86.75%,0.0020,"[0.9996588230133057, 0.00034123583463951945]"
3282,1,49.56%,86.75%,0.0250,"[0.02167084626853466, 0.9783291816711426]"
3283,0,49.54%,86.75%,0.0005,"[0.9998007416725159, 0.00019924694788642228]"
3284,0,49.53%,86.76%,0.0001,"[0.9996681213378906, 0.00033184856874868274]"
3285,1,49.54%,86.76%,0.0291,"[0.030361233279109, 0.9696388244628906]"
3286,1,49.56%,86.77%,0.0758,"[0.06842183321714401, 0.9315781593322754]"
3287,0,49.54%,86.74%,2.2885,"[0.09532181173563004, 0.904678225517273]"
3288,0,49.53%,86.74%,0.0009,"[0.9991161227226257, 0.0008839158690534532]"
3289,1,49.54%,86.75%,0.0393,"[0.039379119873046875, 0.9606208205223083]"
3290,1,49.56%,86.75%,0.0749,"[0.06832217425107956, 0.9316778182983398]"
3291,1,49.57%,86.76%,0.1502,"[0.08149626106023788, 0.9185037016868591]"
3292,0,49.56%,86.76%,0.0069,"[0.9904962778091431, 0.009503777138888836]"
3293,0,49.54%,86.76%,0.0030,"[0.9853705167770386, 0.01462950836867094]"
3294,0,49.53%,86.77%,0.0007,"[0.9989697933197021, 0.0010301984148100019]"
3295,0,49.51%,86.74%,1.9121,"[0.14987318217754364, 0.8501268625259399]"
3296,0,49.50%,86.75%,0.3896,"[0.9848600029945374, 0.015139968134462833]"
3297,1,49.51%,86.75%,0.0234,"[0.02643556147813797, 0.9735644459724426]"
3298,1,49.53%,86.75%,0.0228,"[0.03273484483361244, 0.9672651290893555]"
3299,0,49.52%,86.76%,0.0003,"[0.9999277591705322, 7.226246816571802e-05]"
3300,0,49.50%,86.76%,0.0003,"[0.9998169541358948, 0.000183052834472619]"
3301,1,49.52%,86.77%,0.0326,"[0.0316656269133091, 0.9683343768119812]"
3302,0,49.50%,86.77%,0.0005,"[0.9994198083877563, 0.0005802493542432785]"
3303,1,49.52%,86.77%,0.0446,"[0.05759597197175026, 0.94240403175354]"
3304,0,49.50%,86.78%,0.0016,"[0.9991335272789001, 0.0008664997876621783]"
3305,0,49.49%,86.78%,0.0002,"[0.9997983574867249, 0.00020169878553133458]"
3306,1,49.50%,86.79%,0.0780,"[0.05792229250073433, 0.9420777559280396]"
3307,0,49.49%,86.79%,0.0013,"[0.9987913966178894, 0.001208652276545763]"
3308,1,49.50%,86.79%,0.0457,"[0.04426935687661171, 0.9557306170463562]"
3309,0,49.49%,86.80%,0.0009,"[0.9993858337402344, 0.0006140946061350405]"
3310,0,49.47%,86.80%,0.0002,"[0.9997953772544861, 0.00020466044952627271]"
3311,1,49.49%,86.81%,0.0387,"[0.047439347952604294, 0.9525606036186218]"
3312,1,49.50%,86.81%,0.5548,"[0.3395465910434723, 0.6604534387588501]"
3313,0,49.49%,86.81%,0.0014,"[0.9987051486968994, 0.0012947834329679608]"
3314,1,49.50%,86.82%,0.0509,"[0.04980332776904106, 0.9501966834068298]"
3315,1,49.52%,86.82%,0.0957,"[0.08752632141113281, 0.9124736785888672]"
3316,0,49.50%,86.83%,0.0040,"[0.9968342185020447, 0.00316576543264091]"
3317,0,49.49%,86.80%,2.9241,"[0.07189539074897766, 0.9281046390533447]"
3318,0,49.47%,86.77%,1.6406,"[0.17301416397094727, 0.8269858360290527]"
3319,0,49.46%,86.78%,0.0002,"[0.9997944235801697, 0.0002056114171864465]"
3320,0,49.44%,86.78%,0.0001,"[0.999883770942688, 0.00011617207928793505]"
3321,1,49.46%,86.79%,0.0395,"[0.0438191257417202, 0.9561808705329895]"
3322,1,49.47%,86.79%,0.0698,"[0.0780412033200264, 0.9219588041305542]"
3323,0,49.46%,86.79%,0.0007,"[0.9995676875114441, 0.0004323239263612777]"
3324,1,49.47%,86.80%,0.0439,"[0.05097859352827072, 0.9490213990211487]"
3325,0,49.46%,86.80%,0.0024,"[0.9988887906074524, 0.0011111970525234938]"
3326,1,49.47%,86.80%,0.1134,"[0.09348002076148987, 0.9065200090408325]"
3327,0,49.46%,86.81%,0.0008,"[0.9995988011360168, 0.0004012704303022474]"
3328,0,49.44%,86.81%,0.0002,"[0.9999011754989624, 9.881840378511697e-05]"
3329,0,49.43%,86.82%,0.0000,"[0.9999692440032959, 3.0794359190622345e-05]"
3330,1,49.44%,86.82%,0.1822,"[0.1695793718099594, 0.8304205536842346]"
3331,0,49.43%,86.82%,0.0003,"[0.9998063445091248, 0.00019370311929378659]"
3332,1,49.44%,86.83%,0.0602,"[0.06187489256262779, 0.9381251335144043]"
3333,1,49.46%,86.83%,0.0722,"[0.07893254607915878, 0.921067476272583]"
3334,1,49.48%,86.84%,0.1521,"[0.13056132197380066, 0.8694387078285217]"
3335,0,49.46%,86.84%,0.0016,"[0.9990185499191284, 0.0009814505465328693]"
3336,0,49.45%,86.81%,1.9543,"[0.1965581327676773, 0.8034418821334839]"
3337,1,49.46%,86.82%,0.0573,"[0.06301859766244888, 0.9369813799858093]"
3338,0,49.45%,86.82%,0.0022,"[0.9991762042045593, 0.0008238055743277073]"
3339,0,49.43%,86.80%,2.9200,"[0.05830734595656395, 0.9416927099227905]"
3340,0,49.42%,86.80%,0.0001,"[0.9999127388000488, 8.72014497872442e-05]"
3341,0,49.40%,86.80%,0.0214,"[0.9706321954727173, 0.029367821291089058]"
3342,1,49.42%,86.81%,0.0468,"[0.04278933256864548, 0.9572107195854187]"
3343,0,49.40%,86.81%,0.0039,"[0.9949766993522644, 0.005023213103413582]"
3344,1,49.42%,86.82%,0.0663,"[0.07556257396936417, 0.9244374632835388]"
3345,1,49.43%,86.82%,0.0970,"[0.07747463881969452, 0.9225253462791443]"
3346,1,49.45%,86.82%,0.2496,"[0.23680920898914337, 0.763190746307373]"
3347,1,49.46%,86.83%,0.2031,"[0.17379871010780334, 0.8262012600898743]"
3348,0,49.45%,86.83%,0.0055,"[0.9922484159469604, 0.007751626428216696]"
3349,0,49.43%,86.81%,2.0356,"[0.13762447237968445, 0.8623755574226379]"
3350,0,49.42%,86.81%,0.0002,"[0.9997546076774597, 0.0002453556808177382]"
3351,0,49.40%,86.81%,0.0001,"[0.9999172687530518, 8.27511030365713e-05]"
3352,0,49.39%,86.82%,0.0000,"[0.9999728202819824, 2.722902354435064e-05]"
3353,1,49.40%,86.82%,0.0326,"[0.036682404577732086, 0.9633175730705261]"
3354,0,49.39%,86.83%,0.0006,"[0.9996820688247681, 0.0003179771301802248]"
3355,0,49.37%,86.83%,0.0002,"[0.9998569488525391, 0.00014305225340649486]"
3356,0,49.36%,86.83%,0.0001,"[0.9998432397842407, 0.00015678475028835237]"
3357,0,49.34%,86.84%,0.0000,"[0.999945878982544, 5.415172563516535e-05]"
3358,1,49.36%,86.84%,0.0417,"[0.03800179064273834, 0.9619982242584229]"
3359,0,49.35%,86.85%,0.0005,"[0.9996464252471924, 0.0003535824944265187]"
3360,1,49.36%,86.85%,0.0597,"[0.059953514486551285, 0.940046489238739]"
3361,0,49.35%,86.82%,0.9051,"[0.38865455985069275, 0.6113454103469849]"
3362,0,49.33%,86.83%,0.0015,"[0.9984082579612732, 0.0015917291166260839]"
3363,1,49.35%,86.83%,0.0653,"[0.06339297443628311, 0.9366070032119751]"
3364,1,49.36%,86.84%,0.1063,"[0.10294564068317413, 0.8970543146133423]"
3365,1,49.38%,86.84%,0.3020,"[0.2521785795688629, 0.7478213906288147]"
3366,0,49.36%,86.84%,0.0092,"[0.9922657608985901, 0.007734180428087711]"
3367,0,49.35%,86.82%,1.5577,"[0.24477097392082214, 0.7552289962768555]"
3368,0,49.33%,86.82%,0.0003,"[0.9996249675750732, 0.0003749928728211671]"
3369,0,49.32%,86.80%,2.6713,"[0.07121969759464264, 0.9287803173065186]"
3370,1,49.33%,86.80%,0.0980,"[0.14168274402618408, 0.8583173155784607]"
3371,1,49.35%,86.80%,0.1405,"[0.13967344164848328, 0.8603265285491943]"
3372,1,49.36%,86.81%,0.1639,"[0.15639512240886688, 0.8436049222946167]"
3373,1,49.38%,86.81%,0.1643,"[0.15390709042549133, 0.846092939376831]"
3374,1,49.39%,86.81%,0.1596,"[0.1508193165063858, 0.8491806983947754]"
3375,0,49.38%,86.82%,0.0046,"[0.996732234954834, 0.0032677645795047283]"
3376,0,49.36%,86.82%,0.2717,"[0.5714342594146729, 0.42856577038764954]"
3377,0,49.35%,86.83%,0.0002,"[0.999768078327179, 0.00023196935944724828]"
3378,1,49.36%,86.83%,0.1123,"[0.11011429876089096, 0.889885663986206]"
3379,0,49.35%,86.83%,0.0009,"[0.9987548589706421, 0.0012451136717572808]"
3380,0,49.33%,86.84%,0.0003,"[0.999832272529602, 0.00016766440239734948]"
3381,0,49.32%,86.84%,0.2015,"[0.78931725025177, 0.21068274974822998]"
3382,1,49.33%,86.85%,0.0434,"[0.0441540889441967, 0.9558458924293518]"
3383,1,49.35%,86.85%,0.1753,"[0.1669924259185791, 0.8330075740814209]"
3384,0,49.34%,86.85%,0.0013,"[0.9989166259765625, 0.001083380775526166]"
3385,1,49.35%,86.86%,0.0958,"[0.09901432693004608, 0.9009856581687927]"
3386,1,49.37%,86.86%,0.1363,"[0.09064130485057831, 0.9093586206436157]"
3387,0,49.35%,86.87%,0.0396,"[0.9731817841529846, 0.026818273589015007]"
3388,0,49.34%,86.87%,0.0009,"[0.9998445510864258, 0.00015541064203716815]"
3389,1,49.35%,86.87%,0.0477,"[0.048442233353853226, 0.9515577554702759]"
3390,1,49.37%,86.88%,0.0507,"[0.0557650625705719, 0.9442349672317505]"
3391,0,49.35%,86.88%,0.0009,"[0.9998626708984375, 0.00013728994235862046]"
3392,1,49.37%,86.88%,0.1365,"[0.07448426634073257, 0.9255157113075256]"
3393,1,49.38%,86.89%,0.0567,"[0.0639975294470787, 0.9360024929046631]"
3394,1,49.40%,86.89%,0.0575,"[0.06261608749628067, 0.9373838901519775]"
3395,0,49.38%,86.90%,0.0008,"[0.9994482398033142, 0.0005517106037586927]"
3396,1,49.40%,86.87%,2.0460,"[0.8969848155975342, 0.10301525145769119]"
3397,0,49.38%,86.87%,0.0009,"[0.9993461966514587, 0.000653785013128072]"
3398,0,49.37%,86.88%,0.0003,"[0.9996718168258667, 0.00032825113157741725]"
3399,1,49.38%,86.88%,0.0448,"[0.04270562529563904, 0.9572944045066833]"
3400,1,49.40%,86.89%,0.0643,"[0.06327962875366211, 0.9367203712463379]"
3401,0,49.38%,86.89%,0.0003,"[0.999573290348053, 0.00042674614815041423]"
3402,1,49.40%,86.89%,0.0877,"[0.11013428121805191, 0.8898657560348511]"
3403,1,49.41%,86.90%,0.1350,"[0.11661890149116516, 0.8833810687065125]"
3404,1,49.43%,86.90%,0.2267,"[0.19964556396007538, 0.8003543615341187]"
3405,1,49.44%,86.91%,0.2282,"[0.21434952318668365, 0.7856504321098328]"
3406,1,49.46%,86.91%,0.4937,"[0.3204272985458374, 0.6795727014541626]"
3407,1,49.47%,86.91%,0.2345,"[0.22338025271892548, 0.7766197919845581]"
3408,0,49.46%,86.92%,0.0350,"[0.9619050025939941, 0.03809497132897377]"
3409,0,49.44%,86.92%,0.0041,"[0.9929937720298767, 0.007006260100752115]"
3410,0,49.43%,86.92%,0.0007,"[0.9993252754211426, 0.0006747976876795292]"
3411,0,49.41%,86.93%,0.0002,"[0.9998145699501038, 0.00018539783195592463]"
3412,1,49.43%,86.93%,0.0178,"[0.0192243754863739, 0.9807755947113037]"
3413,1,49.44%,86.94%,0.0442,"[0.04386501386761665, 0.9561349749565125]"
3414,0,49.43%,86.94%,0.0024,"[0.9982421398162842, 0.0017578412080183625]"
3415,1,49.44%,86.94%,0.0365,"[0.03477760776877403, 0.9652224183082581]"
3416,1,49.46%,86.95%,0.0712,"[0.06345907598733902, 0.9365409016609192]"
3417,0,49.44%,86.95%,0.0065,"[0.9985811710357666, 0.0014188928762450814]"
3418,0,49.43%,86.96%,0.0025,"[0.9986733198165894, 0.0013267493341118097]"
3419,0,49.42%,86.96%,0.0127,"[0.9897043108940125, 0.010295659303665161]"
3420,0,49.40%,86.96%,0.0000,"[0.9999464750289917, 5.351357322069816e-05]"
3421,1,49.42%,86.97%,0.0106,"[0.011026297695934772, 0.9889736771583557]"
3422,0,49.40%,86.97%,0.0030,"[0.9971641898155212, 0.002835758263245225]"
3423,1,49.42%,86.97%,0.0209,"[0.02057218737900257, 0.9794278144836426]"
3424,1,49.43%,86.98%,0.0279,"[0.03066631779074669, 0.9693337082862854]"
3425,0,49.42%,86.95%,2.6019,"[0.07283320277929306, 0.927166759967804]"
3426,1,49.43%,86.96%,0.0394,"[0.04612155258655548, 0.9538784027099609]"
3427,1,49.45%,86.96%,0.0531,"[0.05182763189077377, 0.948172390460968]"
3428,0,49.43%,86.96%,0.0017,"[0.9991722106933594, 0.0008278164314106107]"
3429,1,49.45%,86.97%,0.0358,"[0.02718488872051239, 0.9728150963783264]"
3430,0,49.43%,86.97%,0.0009,"[0.998933732509613, 0.0010663103312253952]"
3431,1,49.45%,86.98%,0.0192,"[0.022950097918510437, 0.9770498275756836]"
3432,0,49.43%,86.98%,0.0093,"[0.9878693222999573, 0.012130632996559143]"
3433,0,49.42%,86.95%,3.4054,"[0.03296522796154022, 0.9670347571372986]"
3434,1,49.43%,86.96%,0.0178,"[0.01837817393243313, 0.9816218018531799]"
3435,1,49.45%,86.96%,0.0337,"[0.02678813226521015, 0.9732118248939514]"
3436,1,49.46%,86.97%,0.0463,"[0.03269913047552109, 0.9673008322715759]"
3437,0,49.45%,86.97%,0.0018,"[0.9942508935928345, 0.005749159026890993]"
3438,1,49.46%,86.97%,0.0378,"[0.049214769154787064, 0.950785219669342]"
3439,1,49.48%,86.98%,0.0889,"[0.07485269010066986, 0.9251473546028137]"
3440,0,49.46%,86.98%,0.0007,"[0.9940167665481567, 0.0059831878170371056]"
3441,0,49.45%,86.96%,1.7101,"[0.0697430744767189, 0.9302569627761841]"
3442,0,49.43%,86.96%,0.0003,"[0.9995551705360413, 0.0004447827523108572]"
3443,1,49.45%,86.96%,0.0377,"[0.0365118570625782, 0.9634881615638733]"
3444,0,49.43%,86.97%,0.0011,"[0.9989681243896484, 0.0010319193825125694]"
3445,1,49.45%,86.97%,0.3163,"[0.33934563398361206, 0.6606543660163879]"
3446,1,49.46%,86.97%,0.0434,"[0.04512598365545273, 0.9548739790916443]"
3447,0,49.45%,86.98%,0.0024,"[0.999354898929596, 0.0006451411754824221]"
3448,0,49.43%,86.95%,1.3458,"[0.15334022045135498, 0.846659779548645]"
3449,1,49.45%,86.96%,0.0419,"[0.03337561711668968, 0.96662437915802]"
3450,1,49.46%,86.96%,0.1794,"[0.16463148593902588, 0.8353685140609741]"
3451,1,49.48%,86.96%,0.0574,"[0.07079721987247467, 0.9292027950286865]"
3452,1,49.49%,86.94%,0.2524,"[0.5259667634963989, 0.4740331768989563]"
3453,1,49.51%,86.94%,0.0844,"[0.0860813781619072, 0.913918673992157]"
3454,1,49.52%,86.95%,0.1264,"[0.13479657471179962, 0.8652033805847168]"
3455,1,49.54%,86.95%,0.1633,"[0.15774430334568024, 0.8422556519508362]"
3456,1,49.55%,86.95%,0.2510,"[0.15746301412582397, 0.842536985874176]"
3457,0,49.54%,86.96%,0.0037,"[0.9970881342887878, 0.002911854302510619]"
3458,0,49.52%,86.96%,0.0003,"[0.9996505975723267, 0.00034939812030643225]"
3459,0,49.51%,86.97%,0.0001,"[0.9998736381530762, 0.0001263588637812063]"
3460,0,49.49%,86.97%,0.0000,"[0.9999567270278931, 4.330417141318321e-05]"
3461,1,49.51%,86.97%,0.0139,"[0.013051889836788177, 0.9869481325149536]"
3462,1,49.52%,86.98%,0.0327,"[0.03307707607746124, 0.9669229984283447]"
3463,0,49.51%,86.98%,0.0010,"[0.9978957176208496, 0.00210421159863472]"
3464,1,49.52%,86.98%,0.0640,"[0.03787175565958023, 0.9621282815933228]"
3465,0,49.51%,86.99%,0.0007,"[0.9994353652000427, 0.0005646192585118115]"
3466,0,49.50%,86.96%,2.9746,"[0.06377256661653519, 0.9362274408340454]"
3467,1,49.51%,86.97%,0.0265,"[0.024107633158564568, 0.9758923649787903]"
3468,0,49.50%,86.97%,0.0022,"[0.9954234957695007, 0.004576561972498894]"
3469,0,49.48%,86.97%,0.0455,"[0.9827069044113159, 0.01729307509958744]"
3470,0,49.47%,86.98%,0.0003,"[0.9998375177383423, 0.0001624990109121427]"
3471,1,49.48%,86.98%,0.0174,"[0.01711582951247692, 0.9828841686248779]"
3472,1,49.50%,86.99%,0.0269,"[0.02371392771601677, 0.9762860536575317]"
3473,1,49.51%,86.99%,0.0406,"[0.04453328996896744, 0.9554667472839355]"
3474,1,49.53%,86.99%,0.0616,"[0.07263137400150299, 0.9273685812950134]"
3475,0,49.51%,87.00%,0.0143,"[0.9510709047317505, 0.0489291250705719]"
3476,1,49.53%,87.00%,0.0366,"[0.04233088344335556, 0.9576691389083862]"
3477,1,49.54%,87.00%,0.0976,"[0.09918545931577682, 0.9008144736289978]"
3478,1,49.55%,87.01%,0.1088,"[0.08038292825222015, 0.9196170568466187]"
3479,0,49.54%,87.01%,0.0058,"[0.9982681274414062, 0.0017319038743153214]"
3480,1,49.55%,87.02%,0.0567,"[0.04297792539000511, 0.9570221304893494]"
3481,1,49.57%,87.02%,0.0466,"[0.07094074785709381, 0.9290592670440674]"
3482,0,49.55%,87.02%,0.0004,"[0.9997113347053528, 0.0002886202128138393]"
3483,1,49.57%,87.03%,0.0244,"[0.024635570123791695, 0.9753643870353699]"
3484,0,49.56%,87.03%,0.0012,"[0.9989363551139832, 0.0010636223014444113]"
3485,1,49.57%,87.03%,0.0225,"[0.02164301648736, 0.9783570170402527]"
3486,0,49.56%,87.04%,0.0001,"[0.9998160004615784, 0.00018405745504423976]"
3487,1,49.57%,87.04%,0.0152,"[0.016241995617747307, 0.9837580323219299]"
3488,0,49.56%,87.04%,0.0005,"[0.9998760223388672, 0.00012401764979586005]"
3489,1,49.57%,87.05%,0.0290,"[0.01844952255487442, 0.9815504550933838]"
3490,0,49.56%,87.05%,0.0001,"[0.9998884201049805, 0.00011155389802297577]"
3491,0,49.54%,87.06%,0.0000,"[0.9999560117721558, 4.393476774566807e-05]"
3492,1,49.56%,87.06%,0.0141,"[0.015337390825152397, 0.984662652015686]"
3493,1,49.57%,87.06%,0.0360,"[0.03533616289496422, 0.9646638631820679]"
3494,1,49.59%,87.07%,0.0286,"[0.024655893445014954, 0.9753441214561462]"
3495,0,49.57%,87.04%,3.1694,"[0.037532512098550797, 0.9624674916267395]"
3496,1,49.59%,87.05%,0.0296,"[0.027762070298194885, 0.9722379446029663]"
3497,1,49.60%,87.05%,0.0417,"[0.038676563650369644, 0.9613233804702759]"
3498,0,49.59%,87.05%,0.0003,"[0.9995203018188477, 0.0004797193396370858]"
3499,0,49.57%,87.03%,3.6237,"[0.0302269347012043, 0.9697731137275696]"
3500,0,49.56%,87.03%,0.0000,"[0.9999610185623169, 3.899193325196393e-05]"
3501,0,49.54%,87.01%,1.4572,"[0.1852755844593048, 0.8147244453430176]"
3502,1,49.56%,87.01%,0.0142,"[0.012678809463977814, 0.9873212575912476]"
3503,1,49.57%,87.01%,0.0305,"[0.04129553958773613, 0.95870441198349]"
3504,0,49.56%,87.02%,0.0014,"[0.9992104768753052, 0.0007894893642514944]"
3505,0,49.54%,87.02%,0.0001,"[0.9999737739562988, 2.62180546997115e-05]"
3506,1,49.56%,87.03%,0.0240,"[0.024148955941200256, 0.9758510589599609]"
3507,1,49.57%,87.03%,0.0509,"[0.038269490003585815, 0.9617305397987366]"
3508,0,49.56%,87.03%,0.0009,"[0.9994396567344666, 0.0005603047320619226]"
3509,1,49.57%,87.04%,0.0517,"[0.04805669188499451, 0.9519432783126831]"
3510,0,49.56%,87.04%,0.0022,"[0.9988828301429749, 0.0011172173544764519]"
3511,1,49.57%,87.04%,0.0461,"[0.047666799277067184, 0.9523332118988037]"
3512,0,49.56%,87.05%,0.0001,"[0.9998818635940552, 0.00011808763520093635]"
3513,1,49.57%,87.05%,0.0481,"[0.04502074047923088, 0.9549793004989624]"
3514,1,49.59%,87.06%,0.0881,"[0.06557239592075348, 0.9344276189804077]"
3515,1,49.60%,87.06%,0.0960,"[0.10475550591945648, 0.8952444791793823]"
3516,0,49.59%,87.06%,0.0459,"[0.9167274236679077, 0.0832725539803505]"
3517,0,49.57%,87.07%,0.0003,"[0.999596893787384, 0.00040307556628249586]"
3518,0,49.56%,87.07%,0.0001,"[0.9998869895935059, 0.0001130424570874311]"
3519,1,49.57%,87.07%,0.0212,"[0.02289609983563423, 0.9771038889884949]"
3520,1,49.59%,87.08%,0.0269,"[0.02382458932697773, 0.9761753678321838]"
3521,0,49.57%,87.05%,2.6815,"[0.07171960175037384, 0.9282803535461426]"
3522,0,49.56%,87.06%,0.0001,"[0.9998693466186523, 0.00013066722021903843]"
3523,0,49.55%,87.06%,0.0000,"[0.9999765157699585, 2.3480002710130066e-05]"
3524,1,49.56%,87.06%,0.0312,"[0.033082712441682816, 0.9669172763824463]"
3525,1,49.57%,87.04%,3.0390,"[0.9588069915771484, 0.041193023324012756]"
3526,1,49.59%,87.04%,0.0601,"[0.050214678049087524, 0.9497852921485901]"
3527,0,49.57%,87.05%,0.0014,"[0.9984906911849976, 0.0015092510730028152]"
3528,0,49.56%,87.05%,0.0002,"[0.9998119473457336, 0.000188058489584364]"
3529,1,49.58%,87.05%,0.0345,"[0.030311955139040947, 0.9696879982948303]"
3530,0,49.56%,87.06%,0.0002,"[0.9998663663864136, 0.0001336655259365216]"
3531,1,49.58%,87.06%,0.0266,"[0.026414602994918823, 0.9735853672027588]"
3532,0,49.56%,87.04%,2.7777,"[0.06268531829118729, 0.9373146295547485]"
3533,1,49.58%,87.01%,4.8883,"[0.9952045679092407, 0.004795446991920471]"
3534,0,49.56%,87.02%,0.0023,"[0.9977460503578186, 0.002253890037536621]"
3535,0,49.55%,87.02%,0.0003,"[0.9997099041938782, 0.00029009280842728913]"
3536,0,49.53%,87.02%,0.0001,"[0.9999244213104248, 7.555054617114365e-05]"
3537,1,49.55%,87.03%,0.0569,"[0.055510472506284714, 0.9444894790649414]"
3538,0,49.53%,87.03%,0.0004,"[0.9995689988136292, 0.00043104251381009817]"
3539,1,49.55%,87.03%,0.0798,"[0.09144923090934753, 0.9085507392883301]"
3540,0,49.53%,87.04%,0.0015,"[0.9985843896865845, 0.0014156854012981057]"
3541,1,49.55%,87.04%,0.1310,"[0.1070314422249794, 0.8929685354232788]"
3542,0,49.53%,87.04%,0.3113,"[0.8367723822593689, 0.16322758793830872]"
3543,1,49.55%,87.05%,0.1159,"[0.10519491881132126, 0.8948050737380981]"
3544,0,49.53%,87.05%,0.0020,"[0.9981604218482971, 0.0018396335653960705]"
3545,1,49.55%,87.06%,0.0999,"[0.10063100606203079, 0.8993690013885498]"
3546,1,49.56%,87.06%,0.1479,"[0.11578250676393509, 0.8842174410820007]"
3547,0,49.55%,87.06%,0.0010,"[0.9987571239471436, 0.0012429257621988654]"
3548,1,49.56%,87.07%,0.0393,"[0.045126620680093765, 0.9548733234405518]"
3549,1,49.58%,87.07%,0.0373,"[0.045784562826156616, 0.954215407371521]"
3550,0,49.56%,87.07%,0.0005,"[0.999663233757019, 0.0003367784374859184]"
3551,1,49.58%,87.08%,0.0528,"[0.0458650104701519, 0.954135000705719]"
3552,1,49.59%,87.08%,0.0845,"[0.06890328228473663, 0.9310967326164246]"
3553,0,49.58%,87.08%,0.0057,"[0.99972003698349, 0.0002799957583192736]"
3554,0,49.56%,87.06%,2.0839,"[0.23232796788215637, 0.767672061920166]"
3555,1,49.58%,87.06%,0.0531,"[0.04346202686429024, 0.9565379023551941]"
3556,1,49.59%,87.07%,0.0635,"[0.06537769734859467, 0.9346222877502441]"
3557,0,49.58%,87.07%,0.0009,"[0.9997624754905701, 0.00023750388936605304]"
3558,1,49.59%,87.08%,0.0413,"[0.058283112943172455, 0.9417169094085693]"
3559,0,49.58%,87.08%,0.0003,"[0.9989234805107117, 0.0010765432380139828]"
3560,0,49.56%,87.05%,2.3903,"[0.08451271057128906, 0.9154872894287109]"
3561,0,49.55%,87.06%,0.0001,"[0.9999480247497559, 5.1967232138849795e-05]"
3562,0,49.54%,87.06%,0.0000,"[0.9999822378158569, 1.7757947716745548e-05]"
3563,0,49.52%,87.07%,0.0000,"[0.9999892711639404, 1.077278739103349e-05]"
3564,1,49.54%,87.07%,0.0273,"[0.018643677234649658, 0.9813562631607056]"
3565,1,49.55%,87.04%,0.9881,"[0.6137731075286865, 0.3862268328666687]"
3566,0,49.54%,87.05%,0.0007,"[0.99925297498703, 0.0007470356649719179]"
3567,0,49.52%,87.05%,0.0003,"[0.9997300505638123, 0.0002698828175198287]"
3568,1,49.54%,87.06%,0.0273,"[0.032096102833747864, 0.9679038524627686]"
3569,1,49.55%,87.06%,0.1535,"[0.1587424874305725, 0.8412575721740723]"
3570,1,49.57%,87.06%,0.1308,"[0.1292698085308075, 0.8707302212715149]"
3571,0,49.55%,87.07%,0.7290,"[0.5304171442985535, 0.46958279609680176]"
3572,1,49.57%,87.07%,0.0801,"[0.07533250004053116, 0.9246675372123718]"
3573,0,49.55%,87.07%,0.0023,"[0.9983392953872681, 0.0016607035649940372]"
3574,0,49.54%,87.05%,2.5405,"[0.08063375949859619, 0.919366180896759]"
3575,1,49.55%,87.05%,0.0455,"[0.047538235783576965, 0.9524617791175842]"
3576,0,49.54%,87.06%,0.0004,"[0.99956876039505, 0.00043128273682668805]"
3577,1,49.55%,87.06%,0.0402,"[0.03800492361187935, 0.9619951248168945]"
3578,0,49.54%,87.06%,0.5795,"[0.6100295186042786, 0.38997048139572144]"
3579,1,49.55%,87.07%,0.0408,"[0.044602878391742706, 0.9553970694541931]"
3580,1,49.57%,87.07%,0.0682,"[0.053413573652505875, 0.9465864300727844]"
3581,1,49.58%,87.07%,0.1155,"[0.10999659448862076, 0.8900034427642822]"
3582,0,49.57%,87.08%,0.0005,"[0.9993535876274109, 0.0006463782046921551]"
3583,0,49.55%,87.08%,0.0002,"[0.9997391104698181, 0.00026085408171638846]"
3584,1,49.57%,87.09%,0.0394,"[0.035142600536346436, 0.9648573994636536]"
3585,0,49.55%,87.09%,0.0002,"[0.9998565912246704, 0.000143385463161394]"
3586,0,49.54%,87.09%,0.0001,"[0.9999450445175171, 5.500858969753608e-05]"
3587,1,49.55%,87.10%,0.0173,"[0.017774246633052826, 0.982225775718689]"
3588,1,49.57%,87.10%,0.0218,"[0.025431981310248375, 0.9745680093765259]"
3589,1,49.58%,87.10%,0.0480,"[0.05800734460353851, 0.9419927000999451]"
3590,0,49.57%,87.08%,2.2266,"[0.10837453603744507, 0.8916255235671997]"
3591,0,49.55%,87.08%,0.0001,"[0.9998887777328491, 0.00011115506640635431]"
3592,1,49.57%,87.09%,0.0338,"[0.03646324947476387, 0.96353679895401]"
3593,0,49.55%,87.09%,0.0003,"[0.9999140501022339, 8.59900756040588e-05]"
3594,1,49.57%,87.09%,0.0299,"[0.03138778358697891, 0.9686121940612793]"
3595,1,49.58%,87.10%,0.0739,"[0.07005112618207932, 0.9299488067626953]"
3596,1,49.60%,87.07%,1.4930,"[0.8475298285484314, 0.1524701714515686]"
3597,1,49.61%,87.08%,0.1761,"[0.14953041076660156, 0.8504696488380432]"
3598,1,49.62%,87.08%,0.1954,"[0.15917839109897614, 0.8408216238021851]"
3599,0,49.61%,87.06%,2.1980,"[0.1076972484588623, 0.8923027515411377]"
3600,0,49.60%,87.06%,0.0006,"[0.9997590184211731, 0.00024094522814266384]"
3601,1,49.61%,87.06%,0.0503,"[0.07008381187915802, 0.9299161434173584]"
3602,0,49.60%,87.07%,0.0002,"[0.9998175501823425, 0.00018246035324409604]"
3603,1,49.61%,87.07%,0.0332,"[0.03176253288984299, 0.9682374596595764]"
3604,1,49.63%,87.07%,0.0943,"[0.08331692218780518, 0.9166830778121948]"
3605,0,49.61%,87.08%,0.0012,"[0.9987523555755615, 0.001247659558430314]"
3606,0,49.60%,87.08%,0.0003,"[0.9998261332511902, 0.00017392616427969187]"
3607,0,49.58%,87.08%,1.1115,"[0.8185113072395325, 0.18148866295814514]"
3608,1,49.60%,87.09%,0.0507,"[0.04971279576420784, 0.9502872228622437]"
3609,0,49.58%,87.09%,0.0003,"[0.9986816048622131, 0.0013183702249079943]"
3610,0,49.57%,87.09%,0.0003,"[0.999887228012085, 0.00011270361574133858]"
3611,1,49.58%,87.10%,0.0272,"[0.02694484032690525, 0.9730551242828369]"
3612,1,49.60%,87.10%,0.2352,"[0.3640042245388031, 0.6359958052635193]"
3613,0,49.58%,87.11%,0.0004,"[0.99950110912323, 0.0004988336586393416]"
3614,0,49.57%,87.11%,0.0001,"[0.9998881816864014, 0.00011181716399732977]"
3615,0,49.56%,87.11%,0.0000,"[0.9999629259109497, 3.710271994350478e-05]"
3616,0,49.54%,87.12%,0.0000,"[0.999974250793457, 2.5746101528056897e-05]"
3617,1,49.56%,87.12%,0.1303,"[0.13805095851421356, 0.8619490265846252]"
3618,0,49.54%,87.10%,3.2804,"[0.029956422746181488, 0.9700435996055603]"
3619,0,49.53%,87.10%,0.0010,"[0.9974982142448425, 0.0025017608422785997]"
3620,0,49.52%,87.08%,3.6422,"[0.02544477954506874, 0.974555253982544]"
3621,1,49.53%,87.08%,0.2026,"[0.2403111308813095, 0.7596889138221741]"
3622,1,49.54%,87.08%,0.0638,"[0.07985155284404755, 0.920148491859436]"
3623,1,49.56%,87.09%,0.0672,"[0.09460391104221344, 0.9053961038589478]"
3624,0,49.54%,87.09%,0.0019,"[0.9958623647689819, 0.00413758959621191]"
3625,0,49.53%,87.07%,3.0055,"[0.05147777870297432, 0.9485222101211548]"
3626,0,49.52%,87.07%,0.0003,"[0.9997699856758118, 0.00023006167612038553]"
3627,1,49.53%,87.07%,0.0284,"[0.024770447984337807, 0.9752296209335327]"
3628,1,49.55%,87.08%,0.0418,"[0.03842103108763695, 0.9615789651870728]"
3629,0,49.53%,87.05%,2.5646,"[0.07291361689567566, 0.9270864129066467]"
3630,0,49.52%,87.06%,0.0005,"[0.9997323155403137, 0.0002676927833817899]"
3631,0,49.50%,87.06%,0.0001,"[0.9997747540473938, 0.0002252859267173335]"
3632,0,49.49%,87.06%,0.0000,"[0.9999679327011108, 3.211004150216468e-05]"
3633,0,49.48%,87.07%,0.0000,"[0.9999744892120361, 2.5462128178332932e-05]"
3634,0,49.46%,87.07%,0.0000,"[0.9999790191650391, 2.0937080989824608e-05]"
3635,1,49.48%,87.07%,0.0263,"[0.024958446621894836, 0.9750415086746216]"
3636,1,49.49%,87.08%,0.0516,"[0.053984880447387695, 0.9460150599479675]"
3637,0,49.48%,87.05%,0.7673,"[0.25601470470428467, 0.7439852952957153]"
3638,0,49.46%,87.03%,0.1665,"[0.38431793451309204, 0.615682065486908]"
3639,0,49.45%,87.03%,0.0001,"[0.9998949766159058, 0.00010499054042156786]"
3640,1,49.46%,87.04%,0.0999,"[0.1164478212594986, 0.8835521936416626]"
3641,1,49.48%,87.04%,0.2821,"[0.1917700469493866, 0.8082300424575806]"
3642,1,49.49%,87.02%,0.7972,"[0.6547724604606628, 0.34522756934165955]"
3643,0,49.48%,86.99%,1.1520,"[0.37959498167037964, 0.6204050183296204]"
3644,0,49.47%,86.97%,1.4592,"[0.24491624534130096, 0.7550837993621826]"
3645,1,49.48%,86.97%,0.7647,"[0.48313117027282715, 0.5168688893318176]"
3646,0,49.47%,86.98%,0.0008,"[0.9992384910583496, 0.0007615464273840189]"
3647,1,49.48%,86.98%,0.1853,"[0.1723768264055252, 0.827623188495636]"
3648,1,49.49%,86.98%,0.2084,"[0.19497138261795044, 0.8050286173820496]"
3649,0,49.48%,86.99%,0.6316,"[0.7201740741729736, 0.2798258662223816]"
3650,0,49.47%,86.99%,0.0015,"[0.9982160925865173, 0.0017838443163782358]"
3651,0,49.45%,86.99%,0.0007,"[0.9994456171989441, 0.0005543461884371936]"
3652,0,49.44%,87.00%,0.0001,"[0.9999252557754517, 7.474886660929769e-05]"
3653,1,49.45%,87.00%,0.0532,"[0.05906028300523758, 0.9409396648406982]"
3654,0,49.44%,87.00%,0.0000,"[0.999941349029541, 5.868291555088945e-05]"
3655,1,49.45%,87.01%,0.0788,"[0.10755088180303574, 0.892449140548706]"
3656,0,49.44%,87.01%,0.0002,"[0.9998183846473694, 0.00018167430243920535]"
3657,0,49.43%,87.01%,0.0001,"[0.9999006986618042, 9.93442881735973e-05]"
3658,1,49.44%,87.02%,0.3930,"[0.23233599960803986, 0.7676639556884766]"
3659,1,49.45%,87.02%,0.1034,"[0.08237277716398239, 0.9176272749900818]"
3660,0,49.44%,87.03%,0.0002,"[0.9990289211273193, 0.0009710926096886396]"
3661,0,49.43%,87.03%,0.0002,"[0.9998348951339722, 0.0001651047932682559]"
3662,0,49.41%,87.03%,0.0005,"[0.9995731711387634, 0.000426765822339803]"
3663,0,49.40%,87.01%,1.3586,"[0.3947727382183075, 0.6052272915840149]"
3664,0,49.39%,87.01%,0.0000,"[0.999976396560669, 2.362257509957999e-05]"
3665,0,49.37%,87.02%,0.0000,"[0.9999926090240479, 7.448373253282625e-06]"
3666,0,49.36%,87.02%,0.0000,"[0.9999898672103882, 1.0101088264491409e-05]"
3667,1,49.37%,87.02%,0.0598,"[0.06824728846549988, 0.9317527413368225]"
3668,0,49.36%,87.03%,0.0004,"[0.9997175335884094, 0.0002824829425662756]"
3669,0,49.35%,87.03%,0.0001,"[0.9999269247055054, 7.306430779863149e-05]"
3670,0,49.33%,87.03%,0.0001,"[0.9999265670776367, 7.340413139900193e-05]"
3671,1,49.35%,87.04%,0.0512,"[0.05229713022708893, 0.9477028846740723]"
3672,1,49.36%,87.04%,0.0586,"[0.06324105709791183, 0.9367589354515076]"
3673,0,49.35%,87.04%,0.0001,"[0.9999336004257202, 6.63527098367922e-05]"
3674,1,49.36%,87.05%,0.0468,"[0.04410150647163391, 0.9558985233306885]"
3675,0,49.35%,87.05%,0.0001,"[0.9998655319213867, 0.00013448976096697152]"
3676,1,49.36%,87.05%,0.0421,"[0.04009884595870972, 0.9599011540412903]"
3677,1,49.37%,87.06%,0.0999,"[0.07514721155166626, 0.9248527884483337]"
3678,0,49.36%,87.06%,0.0039,"[0.9930822849273682, 0.006917647551745176]"
3679,0,49.35%,87.07%,0.0003,"[0.9997664093971252, 0.00023363008222077042]"
3680,1,49.36%,87.07%,0.0856,"[0.0924612507224083, 0.9075387120246887]"
3681,0,49.35%,87.05%,1.8895,"[0.1582564115524292, 0.8417435884475708]"
3682,0,49.33%,87.05%,0.4131,"[0.6959160566329956, 0.30408400297164917]"
3683,0,49.32%,87.05%,0.0005,"[0.9993933439254761, 0.0006066666101105511]"
3684,1,49.34%,87.06%,0.0608,"[0.05782561004161835, 0.9421743750572205]"
3685,0,49.32%,87.06%,0.0048,"[0.9976048469543457, 0.0023951444309204817]"
3686,0,49.31%,87.04%,2.2985,"[0.1195128858089447, 0.8804871439933777]"
3687,0,49.30%,87.04%,0.0001,"[0.9998829364776611, 0.00011705498764058575]"
3688,0,49.28%,87.04%,0.0000,"[0.9999767541885376, 2.3212278392747976e-05]"
3689,0,49.27%,87.05%,0.0000,"[0.9999759197235107, 2.4026761821005493e-05]"
3690,0,49.25%,87.05%,0.0000,"[0.9999778270721436, 2.2230511603993364e-05]"
3691,1,49.27%,87.03%,0.6894,"[0.6260667443275452, 0.3739333152770996]"
3692,1,49.28%,87.03%,0.2597,"[0.2231917828321457, 0.7768082022666931]"
3693,0,49.27%,87.03%,0.0008,"[0.9991886019706726, 0.0008113659569062293]"
3694,1,49.28%,87.04%,0.3952,"[0.3851621747016907, 0.6148378252983093]"
3695,0,49.27%,87.04%,0.0466,"[0.9604681730270386, 0.039531856775283813]"
3696,0,49.26%,87.04%,0.0003,"[0.9996464252471924, 0.00035354355350136757]"
3697,0,49.24%,87.05%,0.0005,"[0.9994500279426575, 0.0005499544204212725]"
3698,0,49.23%,87.05%,0.0001,"[0.9999371767044067, 6.280433444771916e-05]"
3699,1,49.24%,87.05%,0.0669,"[0.07249364256858826, 0.9275063872337341]"
3700,1,49.26%,87.06%,0.0809,"[0.07352925837039948, 0.9264707565307617]"
3701,1,49.27%,87.06%,0.2016,"[0.2344934195280075, 0.7655065655708313]"
3702,1,49.28%,87.06%,0.1999,"[0.200281023979187, 0.799718976020813]"
3703,0,49.27%,87.07%,0.0181,"[0.9929211735725403, 0.007078878115862608]"
3704,1,49.28%,87.07%,0.1486,"[0.18308334052562714, 0.8169167041778564]"
3705,1,49.30%,87.08%,0.2548,"[0.20414233207702637, 0.7958576679229736]"
3706,1,49.31%,87.08%,0.2111,"[0.19491714239120483, 0.8050829172134399]"
3707,1,49.33%,87.08%,0.2442,"[0.14086180925369263, 0.8591381907463074]"
3708,1,49.34%,87.09%,0.1604,"[0.1423863172531128, 0.857613742351532]"
3709,1,49.35%,87.09%,0.1477,"[0.1319655328989029, 0.8680344820022583]"
3710,0,49.34%,87.09%,0.0194,"[0.9938488602638245, 0.006151155568659306]"
3711,0,49.33%,87.10%,0.0011,"[0.9995531439781189, 0.0004468387342058122]"
3712,0,49.31%,87.10%,0.0091,"[0.9881424307823181, 0.011857527308166027]"
3713,1,49.33%,87.10%,0.0316,"[0.028283538296818733, 0.9717165231704712]"
3714,1,49.34%,87.11%,0.0696,"[0.0690443366765976, 0.930955708026886]"
3715,0,49.33%,87.08%,2.7884,"[0.05999934673309326, 0.9400006532669067]"
3716,0,49.31%,87.09%,0.0013,"[0.9997307658195496, 0.0002691848494578153]"
3717,0,49.30%,87.06%,3.4300,"[0.033395953476428986, 0.9666041135787964]"
3718,0,49.29%,87.07%,0.0007,"[0.9991939663887024, 0.0008060883264988661]"
3719,1,49.30%,87.07%,0.0296,"[0.028472429141402245, 0.9715275764465332]"
3720,1,49.31%,87.07%,0.1108,"[0.142082080245018, 0.8579179048538208]"
3721,0,49.30%,87.08%,0.0029,"[0.9977855682373047, 0.0022143691312521696]"
3722,0,49.29%,87.08%,0.2439,"[0.903233528137207, 0.09676652401685715]"
3723,1,49.30%,87.08%,0.0269,"[0.026618249714374542, 0.973381757736206]"
3724,1,49.32%,87.09%,0.0493,"[0.046069465577602386, 0.9539305567741394]"
3725,0,49.30%,87.09%,0.0009,"[0.999315619468689, 0.0006843588198535144]"
3726,0,49.29%,87.09%,0.0003,"[0.9995953440666199, 0.0004046320973429829]"
3727,0,49.28%,87.10%,0.0000,"[0.9999648332595825, 3.5160628613084555e-05]"
3728,1,49.29%,87.10%,0.0249,"[0.02699936367571354, 0.9730005860328674]"
3729,0,49.28%,87.08%,2.5065,"[0.07967890799045563, 0.9203211069107056]"
3730,0,49.26%,87.05%,2.8150,"[0.0586293488740921, 0.9413707256317139]"
3731,0,49.25%,87.06%,0.0002,"[0.9997565150260925, 0.00024349249724764377]"
3732,1,49.26%,87.06%,0.0393,"[0.044137049466371536, 0.9558629393577576]"
3733,0,49.25%,87.06%,0.0002,"[0.9998420476913452, 0.0001579235540702939]"
3734,1,49.26%,87.07%,0.0573,"[0.05233416333794594, 0.947665810585022]"
3735,0,49.25%,87.07%,0.0003,"[0.9992577433586121, 0.0007422514026984572]"
3736,0,49.24%,87.05%,2.4542,"[0.08888668566942215, 0.9111132621765137]"
3737,0,49.22%,87.05%,0.0001,"[0.999947190284729, 5.276722731650807e-05]"
3738,1,49.24%,87.06%,0.0998,"[0.10257107019424438, 0.8974288702011108]"
3739,1,49.25%,87.06%,0.1374,"[0.1337185800075531, 0.8662813901901245]"
3740,0,49.24%,87.06%,0.0124,"[0.9913598895072937, 0.008640117011964321]"
3741,0,49.23%,87.07%,0.0007,"[0.9993873834609985, 0.0006125738727860153]"
3742,0,49.21%,87.07%,0.0001,"[0.9998621940612793, 0.0001377717562718317]"
3743,1,49.23%,87.07%,0.0712,"[0.07358796149492264, 0.9264119863510132]"
3744,0,49.21%,87.08%,0.0001,"[0.9998624324798584, 0.00013754743849858642]"
3745,1,49.23%,87.08%,0.0848,"[0.0741594061255455, 0.9258405566215515]"
3746,0,49.21%,87.08%,0.0006,"[0.9983648657798767, 0.0016351413214579225]"
3747,0,49.20%,87.06%,2.0771,"[0.1461922526359558, 0.8538077473640442]"
3748,0,49.19%,87.06%,0.0001,"[0.9998749494552612, 0.0001250059431185946]"
3749,0,49.17%,87.07%,1.0560,"[0.504893958568573, 0.495106041431427]"
3750,1,49.19%,87.07%,0.1650,"[0.1415155529975891, 0.8584844470024109]"
3751,0,49.17%,87.07%,0.0005,"[0.9994938373565674, 0.0005061628762632608]"
3752,0,49.16%,87.05%,1.0419,"[0.39894750714302063, 0.6010525226593018]"
3753,0,49.15%,87.03%,1.6149,"[0.17673273384571075, 0.8232672810554504]"
3754,0,49.13%,87.03%,0.0900,"[0.7435023784637451, 0.25649765133857727]"
3755,1,49.15%,87.03%,0.2233,"[0.20210137963294983, 0.7978985905647278]"
3756,1,49.16%,87.04%,0.6734,"[0.3923608362674713, 0.6076391339302063]"
3757,0,49.15%,87.04%,0.0018,"[0.9982417821884155, 0.001758257974870503]"
3758,0,49.14%,87.04%,0.0004,"[0.9996746778488159, 0.00032529004965908825]"
3759,1,49.15%,87.05%,0.3363,"[0.20951446890830994, 0.7904855608940125]"
3760,0,49.14%,87.05%,0.0004,"[0.9996308088302612, 0.0003691211168188602]"
3761,1,49.15%,87.05%,0.1338,"[0.1270904690027237, 0.8729094862937927]"
3762,1,49.16%,87.03%,2.6245,"[0.6802775859832764, 0.31972241401672363]"
3763,0,49.15%,87.01%,1.0417,"[0.35827428102493286, 0.6417257189750671]"
3764,1,49.16%,87.01%,0.1736,"[0.18451742827892303, 0.8154825568199158]"
3765,0,49.15%,87.02%,0.0005,"[0.9995937943458557, 0.00040625332621857524]"
3766,1,49.16%,87.02%,0.3796,"[0.3033125698566437, 0.6966874599456787]"
3767,1,49.18%,87.00%,1.9131,"[0.767890214920044, 0.23210975527763367]"
3768,0,49.16%,87.00%,0.0067,"[0.9924973249435425, 0.007502658758312464]"
3769,1,49.18%,87.00%,0.2393,"[0.2292827069759369, 0.7707172632217407]"
3770,0,49.16%,87.01%,0.0024,"[0.9975360631942749, 0.0024639563634991646]"
3771,1,49.18%,87.01%,0.2138,"[0.20297200977802277, 0.7970280051231384]"
3772,1,49.19%,87.01%,0.2151,"[0.16730260848999023, 0.832697331905365]"
3773,0,49.18%,87.02%,0.0030,"[0.998117208480835, 0.001882807700894773]"
3774,1,49.19%,87.02%,0.0947,"[0.09606361389160156, 0.9039363265037537]"
3775,1,49.21%,87.02%,0.1462,"[0.1348934769630432, 0.865106463432312]"
3776,1,49.22%,87.03%,0.1691,"[0.17585404217243195, 0.8241459131240845]"
3777,0,49.21%,87.00%,1.5942,"[0.21462900936603546, 0.7853710055351257]"
3778,1,49.22%,87.01%,0.1488,"[0.136939138174057, 0.8630608320236206]"
3779,0,49.21%,86.98%,1.5846,"[0.21317289769649506, 0.7868271470069885]"
3780,1,49.22%,86.99%,0.1356,"[0.12009219080209732, 0.8799077868461609]"
3781,1,49.23%,86.99%,0.1719,"[0.15490904450416565, 0.8450909852981567]"
3782,1,49.25%,86.99%,0.1831,"[0.1344679445028305, 0.8655321002006531]"
3783,0,49.23%,87.00%,0.0080,"[0.9955852031707764, 0.0044147237204015255]"
3784,0,49.22%,87.00%,0.0026,"[0.9981679916381836, 0.0018320245435461402]"
3785,0,49.21%,87.00%,0.0055,"[0.9918546676635742, 0.008145269937813282]"
3786,0,49.19%,87.01%,0.0018,"[0.995072066783905, 0.004927868954837322]"
3787,0,49.18%,87.01%,0.0000,"[0.9999719858169556, 2.8006350476061925e-05]"
3788,1,49.20%,87.02%,0.0303,"[0.03042624518275261, 0.9695737957954407]"
3789,0,49.18%,87.02%,0.0020,"[0.998189389705658, 0.0018105815397575498]"
3790,1,49.20%,87.02%,0.0531,"[0.04221515730023384, 0.9577848315238953]"
3791,1,49.21%,87.03%,0.0876,"[0.0846339613199234, 0.915365993976593]"
3792,0,49.20%,87.03%,0.0117,"[0.98737633228302, 0.012623690068721771]"
3793,0,49.18%,87.03%,0.0004,"[0.999815046787262, 0.00018503512546885759]"
3794,1,49.20%,87.04%,0.0541,"[0.04903418570756912, 0.9509657621383667]"
3795,1,49.21%,87.04%,0.1332,"[0.12081349641084671, 0.8791865110397339]"
3796,0,49.20%,87.04%,0.0076,"[0.9923908114433289, 0.007609213702380657]"
3797,1,49.21%,87.05%,0.0803,"[0.08434052020311356, 0.9156594276428223]"
3798,1,49.22%,87.05%,0.1071,"[0.08318246901035309, 0.9168175458908081]"
3799,1,49.24%,87.05%,0.0942,"[0.08929223567247391, 0.9107078313827515]"
3800,0,49.22%,87.03%,2.0647,"[0.10527562350034714, 0.8947243690490723]"
3801,1,49.24%,87.03%,0.0797,"[0.1222081258893013, 0.8777919411659241]"
3802,0,49.22%,87.04%,0.0034,"[0.9962640404701233, 0.003735907841473818]"
3803,1,49.24%,87.04%,0.0843,"[0.07903197407722473, 0.9209680557250977]"
3804,1,49.25%,87.04%,0.2154,"[0.10613872855901718, 0.8938612341880798]"
3805,0,49.24%,87.02%,1.9523,"[0.1418379843235016, 0.8581620454788208]"
3806,1,49.25%,87.02%,0.0922,"[0.08895882219076157, 0.911041259765625]"
3807,0,49.24%,87.03%,0.0022,"[0.9975798726081848, 0.0024201064370572567]"
3808,0,49.23%,87.03%,0.0003,"[0.9995157718658447, 0.00048426343710161746]"
3809,1,49.24%,87.03%,0.0602,"[0.05669109523296356, 0.9433088898658752]"
3810,0,49.23%,87.01%,2.4397,"[0.09233881533145905, 0.9076611399650574]"
3811,1,49.24%,87.01%,0.0631,"[0.06350217759609222, 0.9364978075027466]"
3812,0,49.23%,86.99%,2.4861,"[0.08675315231084824, 0.9132468700408936]"
3813,1,49.24%,87.00%,0.0860,"[0.08631689846515656, 0.9136831164360046]"
3814,0,49.23%,86.97%,1.4820,"[0.2173239141702652, 0.782676100730896]"
3815,0,49.21%,86.98%,0.0083,"[0.9908652901649475, 0.00913470983505249]"
3816,1,49.23%,86.98%,0.1181,"[0.10420640558004379, 0.895793616771698]"
3817,0,49.21%,86.98%,0.0041,"[0.9974790215492249, 0.0025210287421941757]"
3818,0,49.20%,86.99%,0.0002,"[0.9999047517776489, 9.52144037000835e-05]"
3819,1,49.21%,86.99%,0.1470,"[0.19866304099559784, 0.8013370037078857]"
3820,1,49.23%,86.99%,0.1326,"[0.1253626048564911, 0.8746374249458313]"
3821,1,49.24%,87.00%,0.1503,"[0.14111678302288055, 0.8588831424713135]"
3822,1,49.25%,87.00%,0.2602,"[0.23387430608272552, 0.7661257386207581]"
3823,0,49.24%,87.00%,0.0214,"[0.9857566952705383, 0.0142432926222682]"
3824,0,49.23%,86.98%,1.8294,"[0.15148888528347015, 0.8485110998153687]"
3825,1,49.24%,86.98%,0.1465,"[0.1329646110534668, 0.8670353889465332]"
3826,0,49.23%,86.99%,0.0015,"[0.9980219602584839, 0.0019780280999839306]"
3827,1,49.24%,86.99%,0.1250,"[0.1167232096195221, 0.8832768201828003]"
3828,0,49.23%,86.99%,0.0004,"[0.9987717270851135, 0.00122822483535856]"
3829,0,49.22%,87.00%,0.0001,"[0.9998549222946167, 0.00014508923050016165]"
3830,0,49.20%,87.00%,0.0000,"[0.999937891960144, 6.205363024491817e-05]"
3831,0,49.19%,86.98%,2.4572,"[0.08544322848320007, 0.9145567417144775]"
3832,0,49.18%,86.98%,0.0001,"[0.9999494552612305, 5.050190884503536e-05]"
3833,1,49.19%,86.98%,0.0994,"[0.10313164442777634, 0.8968683481216431]"
3834,0,49.18%,86.99%,0.0027,"[0.9966529011726379, 0.00334716122597456]"
3835,0,49.17%,86.99%,0.0003,"[0.9998045563697815, 0.0001954261533683166]"
3836,0,49.15%,87.00%,0.0001,"[0.9999363422393799, 6.369804759742692e-05]"
3837,1,49.17%,87.00%,0.2593,"[0.22404147684574127, 0.7759584784507751]"
3838,1,49.18%,87.00%,0.1836,"[0.16784259676933289, 0.8321574330329895]"
3839,0,49.17%,86.98%,0.3538,"[0.48614367842674255, 0.5138563513755798]"
3840,1,49.18%,86.98%,0.2087,"[0.1943940967321396, 0.8056058883666992]"
3841,1,49.19%,86.99%,0.2792,"[0.24986477196216583, 0.7501352429389954]"
3842,1,49.21%,86.99%,0.3874,"[0.31065788865089417, 0.6893421411514282]"
3843,1,49.22%,86.99%,0.3937,"[0.3593909740447998, 0.6406089663505554]"
3844,1,49.23%,87.00%,0.2496,"[0.30309560894966125, 0.6969043612480164]"
3845,0,49.22%,87.00%,0.0269,"[0.9866471290588379, 0.013352898880839348]"
3846,1,49.23%,87.00%,0.1475,"[0.14290989935398102, 0.8570900559425354]"
3847,0,49.22%,87.01%,0.0012,"[0.9977191090583801, 0.002280842512845993]"
3848,0,49.21%,87.01%,0.0007,"[0.9992314577102661, 0.0007685855380259454]"
3849,0,49.19%,87.01%,0.0001,"[0.9999285936355591, 7.138210639823228e-05]"
3850,1,49.21%,87.02%,0.0402,"[0.04043921083211899, 0.9595608115196228]"
3851,1,49.22%,87.02%,0.0774,"[0.0811213031411171, 0.9188786745071411]"
3852,0,49.21%,87.02%,0.0047,"[0.9934145212173462, 0.0065854997374117374]"
3853,1,49.22%,87.03%,0.1203,"[0.10139698535203934, 0.8986029624938965]"
3854,0,49.21%,87.00%,1.3208,"[0.13683253526687622, 0.863167405128479]"
3855,0,49.20%,87.01%,0.0079,"[0.9918631315231323, 0.008136848919093609]"
3856,1,49.21%,87.01%,0.0697,"[0.07495387643575668, 0.9250461459159851]"
3857,0,49.20%,87.01%,0.0006,"[0.9990900754928589, 0.0009099607123062015]"
3858,0,49.18%,87.02%,0.0048,"[0.9976006150245667, 0.0023993761278688908]"
3859,0,49.17%,87.02%,0.0001,"[0.9999345541000366, 6.540822505485266e-05]"
3860,0,49.16%,87.02%,0.0002,"[0.9997531771659851, 0.0002468181191943586]"
3861,1,49.17%,87.03%,0.0390,"[0.042761314660310745, 0.9572386741638184]"
3862,0,49.16%,87.03%,0.0008,"[0.9990278482437134, 0.0009721340029500425]"
3863,0,49.15%,87.01%,2.2790,"[0.11771810054779053, 0.8822818398475647]"
3864,0,49.13%,86.99%,3.1825,"[0.041785161942243576, 0.9582147598266602]"
3865,0,49.12%,86.96%,2.4312,"[0.0679296925663948, 0.9320703744888306]"
3866,0,49.11%,86.94%,2.0646,"[0.3659864068031311, 0.6340135335922241]"
3867,0,49.10%,86.94%,0.0000,"[0.9999600648880005, 3.994314465671778e-05]"
3868,0,49.08%,86.95%,0.0000,"[0.9999722242355347, 2.7752177629736252e-05]"
3869,0,49.07%,86.95%,0.0000,"[0.9999823570251465, 1.7613001546123996e-05]"
3870,1,49.08%,86.95%,0.1701,"[0.14016129076480865, 0.8598387241363525]"
3871,0,49.07%,86.96%,0.0002,"[0.9997289776802063, 0.00027101841988041997]"
3872,0,49.06%,86.96%,0.5258,"[0.992751955986023, 0.007248036563396454]"
3873,1,49.07%,86.96%,0.5409,"[0.26234444975852966, 0.7376555800437927]"
3874,0,49.06%,86.97%,0.0005,"[0.9996957778930664, 0.0003042916941922158]"
3875,1,49.07%,86.97%,0.4327,"[0.4343165159225464, 0.5656834244728088]"
3876,0,49.06%,86.97%,0.0006,"[0.9989136457443237, 0.0010863820789381862]"
3877,0,49.05%,86.98%,0.0003,"[0.9996830224990845, 0.00031703332206234336]"
3878,0,49.03%,86.98%,0.0001,"[0.9999275207519531, 7.24176861695014e-05]"
3879,1,49.05%,86.96%,1.0124,"[0.9238196015357971, 0.07618045806884766]"
3880,0,49.03%,86.96%,0.0002,"[0.9998168349266052, 0.00018315268971491605]"
3881,1,49.05%,86.94%,3.9660,"[0.9172787070274353, 0.0827212929725647]"
3882,0,49.03%,86.94%,0.0001,"[0.9998214840888977, 0.00017856885096989572]"
3883,0,49.02%,86.95%,0.0001,"[0.999923825263977, 7.62024792493321e-05]"
3884,0,49.01%,86.95%,0.0000,"[0.999956488609314, 4.35592228313908e-05]"
3885,0,49.00%,86.95%,0.1566,"[0.9247503876686096, 0.07524961978197098]"
3886,1,49.01%,86.96%,0.0504,"[0.06336472928524017, 0.9366353154182434]"
3887,1,49.02%,86.96%,0.0808,"[0.07936745882034302, 0.9206326007843018]"
3888,1,49.04%,86.96%,0.1457,"[0.15832637250423431, 0.8416736125946045]"
3889,0,49.02%,86.97%,0.0058,"[0.9925872683525085, 0.007412754464894533]"
3890,1,49.04%,86.97%,0.1024,"[0.08654177933931351, 0.9134581685066223]"
3891,1,49.05%,86.97%,0.1461,"[0.16884702444076538, 0.8311530351638794]"
3892,0,49.04%,86.98%,0.0044,"[0.9989583492279053, 0.001041669282130897]"
3893,1,49.05%,86.98%,0.1652,"[0.09078548848628998, 0.9092145562171936]"
3894,1,49.06%,86.98%,0.1212,"[0.12704701721668243, 0.8729529976844788]"
3895,0,49.05%,86.99%,0.0016,"[0.9983817338943481, 0.001618309412151575]"
3896,0,49.04%,86.99%,0.0006,"[0.999822199344635, 0.00017784262308850884]"
3897,0,49.03%,86.97%,1.9024,"[0.27504637837409973, 0.7249536514282227]"
3898,0,49.01%,86.97%,0.0003,"[0.9995970129966736, 0.00040299087413586676]"
3899,1,49.03%,86.97%,0.0410,"[0.03784121200442314, 0.962158739566803]"
3900,0,49.01%,86.95%,1.7275,"[0.2438659965991974, 0.7561339735984802]"
3901,0,49.00%,86.96%,0.0006,"[0.9994468092918396, 0.0005532284849323332]"
3902,0,48.99%,86.96%,0.0000,"[0.9999575614929199, 4.240503039909527e-05]"
3903,0,48.98%,86.96%,0.0004,"[0.99955815076828, 0.0004418659955263138]"
3904,1,48.99%,86.97%,0.0578,"[0.054588790982961655, 0.945411205291748]"
3905,1,49.00%,86.97%,0.1329,"[0.12629523873329163, 0.873704731464386]"
3906,1,49.01%,86.97%,0.0999,"[0.09564259648323059, 0.9043574333190918]"
3907,1,49.03%,86.98%,0.1401,"[0.14274202287197113, 0.8572579622268677]"
3908,1,49.04%,86.98%,0.2521,"[0.15417174994945526, 0.8458282351493835]"
3909,1,49.05%,86.98%,0.2360,"[0.1711093783378601, 0.8288905620574951]"
3910,0,49.04%,86.99%,0.0038,"[0.9964261651039124, 0.003573772730305791]"
3911,0,49.03%,86.99%,0.0005,"[0.99941086769104, 0.0005891299224458635]"
3912,1,49.04%,86.99%,0.0833,"[0.0866694226861, 0.9133305549621582]"
3913,0,49.03%,87.00%,0.0010,"[0.9982965588569641, 0.0017034367192536592]"
3914,0,49.02%,86.97%,2.1022,"[0.10646317154169083, 0.8935368657112122]"
3915,1,49.03%,86.98%,0.0894,"[0.0895000547170639, 0.9104999303817749]"
3916,1,49.04%,86.98%,0.1526,"[0.13293486833572388, 0.8670651316642761]"
3917,1,49.06%,86.98%,0.1612,"[0.14147615432739258, 0.8585238456726074]"
3918,0,49.04%,86.99%,0.0014,"[0.997723400592804, 0.002276614774018526]"
3919,0,49.03%,86.99%,0.0004,"[0.9996633529663086, 0.00033665227238088846]"
3920,1,49.04%,86.99%,0.7349,"[0.28095191717147827, 0.719048023223877]"
3921,1,49.06%,87.00%,0.1397,"[0.1289057433605194, 0.8710942268371582]"
3922,0,49.04%,86.97%,1.1451,"[0.2415466606616974, 0.758453369140625]"
3923,0,49.03%,86.98%,0.0023,"[0.9971746206283569, 0.002825322328135371]"
3924,0,49.02%,86.98%,0.0002,"[0.9998906850814819, 0.00010935957106994465]"
3925,0,49.01%,86.98%,0.0001,"[0.9998379945755005, 0.00016198292723856866]"
3926,0,48.99%,86.96%,3.0152,"[0.04758875072002411, 0.9524112939834595]"
3927,1,49.01%,86.97%,0.0601,"[0.052830636501312256, 0.947169303894043]"
3928,1,49.02%,86.97%,0.0685,"[0.07147164642810822, 0.9285283088684082]"
3929,1,49.03%,86.97%,0.0839,"[0.08841908723115921, 0.9115808606147766]"
3930,1,49.05%,86.98%,0.1067,"[0.10143948346376419, 0.8985605239868164]"
3931,1,49.06%,86.98%,0.1672,"[0.14102555811405182, 0.8589744567871094]"
3932,0,49.05%,86.96%,1.6179,"[0.24374352395534515, 0.7562564015388489]"
3933,1,49.06%,86.96%,0.1171,"[0.11390481889247894, 0.8860951662063599]"
3934,1,49.07%,86.96%,0.1360,"[0.1270587146282196, 0.8729413151741028]"
3935,1,49.09%,86.97%,0.5842,"[0.390487939119339, 0.6095120310783386]"
3936,1,49.10%,86.97%,0.1353,"[0.11887896060943604, 0.881121039390564]"
3937,0,49.09%,86.95%,1.4430,"[0.3462522625923157, 0.6537476778030396]"
3938,1,49.10%,86.95%,0.1236,"[0.11076919734477997, 0.8892308473587036]"
3939,0,49.09%,86.95%,0.9221,"[0.5874841809272766, 0.4125157594680786]"
3940,1,49.10%,86.96%,0.1178,"[0.12833327054977417, 0.8716667890548706]"
3941,0,49.09%,86.96%,0.4267,"[0.5457671284675598, 0.4542328715324402]"
3942,0,49.07%,86.96%,0.0035,"[0.9979960918426514, 0.0020039647351950407]"
3943,0,49.06%,86.97%,0.0010,"[0.9993308782577515, 0.0006691393791697919]"
3944,0,49.05%,86.97%,0.0001,"[0.9998757839202881, 0.0001242131693288684]"
3945,1,49.06%,86.97%,0.0609,"[0.06417673826217651, 0.9358232021331787]"
3946,0,49.05%,86.98%,0.0001,"[0.9998749494552612, 0.00012501809396781027]"
3947,1,49.06%,86.98%,0.2414,"[0.23171600699424744, 0.768284022808075]"
3948,1,49.08%,86.98%,0.8763,"[0.47224268317222595, 0.5277573466300964]"
3949,1,49.09%,86.99%,0.2083,"[0.18947188556194305, 0.8105281591415405]"
3950,0,49.08%,86.99%,0.0028,"[0.9981180429458618, 0.0018820320256054401]"
3951,1,49.09%,86.99%,0.0984,"[0.08903238922357559, 0.9109676480293274]"
3952,0,49.08%,87.00%,0.4433,"[0.5705441236495972, 0.42945587635040283]"
3953,1,49.09%,87.00%,0.1080,"[0.09790297597646713, 0.9020969867706299]"
3954,1,49.10%,87.00%,0.5630,"[0.45211780071258545, 0.5478821396827698]"
3955,0,49.09%,87.01%,0.0016,"[0.9989124536514282, 0.001087503507733345]"
3956,0,49.08%,87.01%,0.0003,"[0.9997954964637756, 0.0002045515866484493]"
3957,0,49.07%,87.01%,0.0001,"[0.9998834133148193, 0.00011656489368760958]"
3958,1,49.08%,87.02%,0.1250,"[0.10561168938875198, 0.8943882584571838]"
3959,0,49.07%,87.02%,0.0008,"[0.9993911981582642, 0.000608835369348526]"
3960,0,49.05%,87.02%,0.0001,"[0.9998812675476074, 0.00011867214197991416]"
3961,0,49.04%,87.00%,1.8464,"[0.18855559825897217, 0.8114443421363831]"
3962,1,49.05%,87.00%,0.0449,"[0.04493514448404312, 0.9550648927688599]"
3963,1,49.07%,87.01%,0.1102,"[0.09139936417341232, 0.9086006283760071]"
3964,1,49.08%,87.01%,0.2336,"[0.19209302961826324, 0.807906985282898]"
3965,0,49.07%,86.99%,0.7753,"[0.3426975607872009, 0.6573024392127991]"
3966,0,49.05%,86.99%,0.0005,"[0.998992383480072, 0.001007672748528421]"
3967,0,49.04%,87.00%,0.0011,"[0.999588668346405, 0.0004113694012630731]"
3968,1,49.06%,87.00%,0.0378,"[0.040632981806993484, 0.9593669772148132]"
3969,1,49.07%,87.00%,0.0564,"[0.04829278960824013, 0.9517071843147278]"
3970,1,49.08%,87.01%,0.0708,"[0.05789412930607796, 0.9421058893203735]"
3971,0,49.07%,87.01%,0.0006,"[0.9994208812713623, 0.0005791699513792992]"
3972,0,49.06%,87.01%,0.0002,"[0.9998470544815063, 0.00015287601854652166]"
3973,1,49.07%,87.02%,0.0387,"[0.03805511072278023, 0.9619449377059937]"
3974,1,49.08%,87.02%,0.0662,"[0.07040851563215256, 0.9295915365219116]"
3975,0,49.07%,87.02%,0.0010,"[0.9988067150115967, 0.0011932331835851073]"
3976,0,49.06%,87.03%,0.0022,"[0.9980276226997375, 0.001972333760932088]"
3977,1,49.07%,87.03%,0.0384,"[0.0363464318215847, 0.963653564453125]"
3978,1,49.08%,87.03%,0.0682,"[0.056200772523880005, 0.9437991976737976]"
3979,1,49.10%,87.04%,0.0554,"[0.07221373170614243, 0.9277862310409546]"
3980,0,49.08%,87.04%,0.0002,"[0.9997218251228333, 0.00027812691405415535]"
3981,1,49.10%,87.04%,0.0446,"[0.04500430449843407, 0.9549957513809204]"
3982,0,49.08%,87.04%,0.0001,"[0.999885082244873, 0.00011496088700369]"
3983,1,49.10%,87.05%,0.0454,"[0.03507542982697487, 0.9649245142936707]"
3984,1,49.11%,87.05%,0.0728,"[0.13895931839942932, 0.8610407114028931]"
3985,1,49.12%,87.05%,0.0668,"[0.06331483274698257, 0.9366852045059204]"
3986,1,49.13%,87.06%,0.0836,"[0.10270068794488907, 0.8972992897033691]"
3987,0,49.12%,87.06%,0.0045,"[0.9969659447669983, 0.0030340987723320723]"
3988,0,49.11%,87.06%,0.0002,"[0.999795138835907, 0.00020492677867878228]"
3989,1,49.12%,87.07%,0.0401,"[0.0424962043762207, 0.9575037360191345]"
3990,1,49.14%,87.07%,0.0800,"[0.06625155359506607, 0.9337484240531921]"
3991,0,49.12%,87.07%,0.0025,"[0.9995589852333069, 0.00044098778744228184]"
3992,1,49.14%,87.08%,0.0387,"[0.03595894202589989, 0.9640410542488098]"
3993,0,49.12%,87.06%,2.3327,"[0.08652327209711075, 0.9134767055511475]"
3994,0,49.11%,87.06%,0.6308,"[0.5495457649230957, 0.4504542350769043]"
3995,1,49.12%,87.06%,0.0509,"[0.04544919729232788, 0.9545508623123169]"
3996,1,49.14%,87.07%,0.0728,"[0.05820479243993759, 0.9417952299118042]"
3997,0,49.12%,87.07%,0.0003,"[0.9977005124092102, 0.002299441723152995]"
3998,1,49.14%,87.07%,0.5025,"[0.19209563732147217, 0.8079043030738831]"
3999,0,49.12%,87.05%,2.3612,"[0.0814400240778923, 0.9185599088668823]"
4000,0,49.11%,87.03%,1.2106,"[0.24363276362419128, 0.7563672065734863]"
4001,0,49.10%,87.03%,0.0002,"[0.9998514652252197, 0.00014853791799396276]"
4002,1,49.11%,87.03%,0.1903,"[0.20631125569343567, 0.7936887145042419]"
4003,0,49.10%,87.04%,0.0009,"[0.9991562366485596, 0.0008437760407105088]"
4004,1,49.11%,87.04%,0.0838,"[0.09448486566543579, 0.9055151343345642]"
4005,1,49.13%,87.04%,0.1077,"[0.09009194374084473, 0.9099080562591553]"
4006,1,49.14%,87.05%,0.1111,"[0.09556995332241058, 0.904430091381073]"
4007,1,49.15%,87.05%,0.0972,"[0.11360278725624084, 0.8863972425460815]"
4008,0,49.14%,87.05%,0.0010,"[0.9980631470680237, 0.0019368347711861134]"
4009,1,49.15%,87.06%,0.7601,"[0.18303009867668152, 0.8169699311256409]"
4010,1,49.16%,87.04%,1.3387,"[0.5555292367935181, 0.44447073340415955]"
4011,0,49.15%,87.04%,0.0007,"[0.9994496703147888, 0.0005503800348378718]"
4012,0,49.14%,87.04%,0.0005,"[0.9988313317298889, 0.0011687034275382757]"
4013,1,49.15%,87.05%,0.0412,"[0.03935853764414787, 0.9606415033340454]"
4014,0,49.14%,87.05%,0.0007,"[0.9990923404693604, 0.0009076339774765074]"
4015,1,49.15%,87.05%,0.0454,"[0.03781726956367493, 0.9621827006340027]"
4016,1,49.17%,87.06%,0.0717,"[0.0985996276140213, 0.9014003872871399]"
4017,1,49.18%,87.06%,0.0894,"[0.08366356790065765, 0.9163364171981812]"
4018,0,49.17%,87.06%,0.0024,"[0.998822033405304, 0.001178004196844995]"
4019,1,49.18%,87.06%,0.0534,"[0.05114075914025307, 0.9488592147827148]"
4020,1,49.19%,87.07%,0.0432,"[0.049215998500585556, 0.9507839679718018]"
4021,0,49.18%,87.07%,0.0009,"[0.9993098974227905, 0.0006900937878526747]"
4022,0,49.17%,87.07%,0.0004,"[0.9999524354934692, 4.75898887088988e-05]"
4023,1,49.18%,87.08%,0.0301,"[0.030269498005509377, 0.9697304964065552]"
4024,1,49.19%,87.08%,0.1002,"[0.07535279542207718, 0.9246471524238586]"
4025,0,49.18%,87.08%,0.0078,"[0.9924301505088806, 0.00756991608068347]"
4026,1,49.19%,87.09%,0.0473,"[0.04889506474137306, 0.951104998588562]"
4027,0,49.18%,87.07%,0.8892,"[0.40722227096557617, 0.592777669429779]"
4028,0,49.17%,87.07%,0.0795,"[0.9115987420082092, 0.08840125799179077]"
4029,0,49.16%,87.07%,0.0004,"[0.9995587468147278, 0.0004412661655806005]"
4030,0,49.14%,87.08%,0.0012,"[0.998891294002533, 0.0011087809689342976]"
4031,1,49.16%,87.08%,0.0215,"[0.023232044652104378, 0.9767679572105408]"
4032,0,49.14%,87.08%,0.0003,"[0.9996674060821533, 0.00033254906884394586]"
4033,0,49.13%,87.08%,0.1222,"[0.9252201318740845, 0.07477987557649612]"
4034,1,49.14%,87.09%,0.0268,"[0.03208252042531967, 0.9679175019264221]"
4035,1,49.16%,87.09%,0.0343,"[0.030786363407969475, 0.9692136645317078]"
4036,1,49.17%,87.09%,0.0880,"[0.11575941741466522, 0.8842405676841736]"
4037,0,49.16%,87.10%,0.0013,"[0.9964140057563782, 0.0035860296338796616]"
4038,0,49.15%,87.10%,0.0006,"[0.9994279742240906, 0.0005720436456613243]"
4039,1,49.16%,87.10%,0.0439,"[0.053238559514284134, 0.9467613697052002]"
4040,1,49.17%,87.11%,0.1111,"[0.10807029902935028, 0.8919297456741333]"
4041,1,49.18%,87.11%,0.2061,"[0.2032202184200287, 0.7967798113822937]"
4042,0,49.17%,87.11%,0.0019,"[0.9984517097473145, 0.0015482478775084019]"
4043,0,49.16%,87.09%,2.7975,"[0.0683244988322258, 0.9316755533218384]"
4044,0,49.15%,87.10%,0.0003,"[0.9995997548103333, 0.00040030325180850923]"
4045,1,49.16%,87.10%,0.0552,"[0.04679495468735695, 0.9532051086425781]"
4046,0,49.15%,87.10%,0.0012,"[0.9990088939666748, 0.0009910449152812362]"
4047,0,49.14%,87.08%,2.8445,"[0.06065737083554268, 0.9393426775932312]"
4048,0,49.12%,87.08%,0.0001,"[0.99988853931427, 0.0001114520346163772]"
4049,0,49.11%,87.09%,0.0000,"[0.9999665021896362, 3.347599704284221e-05]"
4050,1,49.12%,87.09%,0.0198,"[0.018612654879689217, 0.9813873767852783]"
4051,1,49.14%,87.09%,0.0438,"[0.0472777783870697, 0.9527222514152527]"
4052,1,49.15%,87.10%,0.0926,"[0.0906711295247078, 0.9093288779258728]"
4053,0,49.14%,87.10%,0.0011,"[0.9982557892799377, 0.001744197099469602]"
4054,0,49.12%,87.08%,1.4247,"[0.39188119769096375, 0.6081187725067139]"
4055,1,49.14%,87.08%,0.0614,"[0.05653810873627663, 0.9434618353843689]"
4056,1,49.15%,87.08%,0.1024,"[0.12613487243652344, 0.8738651275634766]"
4057,0,49.14%,87.09%,0.0037,"[0.9903950095176697, 0.009605033323168755]"
4058,0,49.13%,87.09%,0.0005,"[0.999813973903656, 0.00018599418399389833]"
4059,1,49.14%,87.09%,0.0400,"[0.04130575433373451, 0.9586942195892334]"
4060,0,49.13%,87.10%,0.0003,"[0.999839186668396, 0.00016077836335171014]"
4061,1,49.14%,87.10%,0.0650,"[0.06468022614717484, 0.9353197813034058]"
4062,0,49.13%,87.10%,0.0004,"[0.9994456171989441, 0.0005543313454836607]"
4063,0,49.11%,87.11%,0.0001,"[0.9997832179069519, 0.00021680105419363827]"
4064,0,49.10%,87.08%,2.6114,"[0.0725407600402832, 0.9274592399597168]"
4065,1,49.11%,87.06%,0.3417,"[0.5252342224121094, 0.47476574778556824]"
4066,1,49.13%,87.07%,0.5050,"[0.4432273805141449, 0.5567726492881775]"
4067,0,49.12%,87.07%,0.0003,"[0.9989603757858276, 0.001039643306285143]"
4068,0,49.10%,87.07%,0.0002,"[0.9998575448989868, 0.00014245249622035772]"
4069,0,49.09%,87.08%,0.0000,"[0.9999721050262451, 2.7939953724853694e-05]"
4070,0,49.08%,87.08%,0.0000,"[0.9999810457229614, 1.8908027413999662e-05]"
4071,1,49.09%,87.08%,0.0199,"[0.021509800106287003, 0.9784901738166809]"
4072,1,49.10%,87.09%,0.0321,"[0.033010292798280716, 0.9669897556304932]"
4073,1,49.12%,87.09%,0.0537,"[0.06010200083255768, 0.9398979544639587]"
4074,0,49.10%,87.09%,0.0004,"[0.9992465972900391, 0.0007533930474892259]"
4075,1,49.12%,87.10%,0.0473,"[0.05388116091489792, 0.9461187720298767]"
4076,1,49.13%,87.10%,0.0679,"[0.06189998611807823, 0.9381000399589539]"
4077,0,49.12%,87.10%,0.0006,"[0.9998270869255066, 0.00017297518206760287]"
4078,0,49.11%,87.10%,0.0192,"[0.9777995944023132, 0.022200411185622215]"
4079,1,49.12%,87.11%,0.0792,"[0.046546101570129395, 0.9534539580345154]"
4080,0,49.11%,87.11%,0.0007,"[0.9996844530105591, 0.00031562254298478365]"
4081,0,49.09%,87.11%,0.0001,"[0.9996287822723389, 0.000371237110812217]"
4082,1,49.11%,87.12%,0.0302,"[0.031367771327495575, 0.9686322212219238]"
4083,0,49.09%,87.12%,0.0001,"[0.9999587535858154, 4.1213850636268035e-05]"
4084,1,49.11%,87.12%,0.0260,"[0.026210037991404533, 0.9737899303436279]"
4085,1,49.12%,87.13%,0.0597,"[0.10307034850120544, 0.8969296216964722]"
4086,1,49.13%,87.13%,0.0816,"[0.06537608802318573, 0.9346239566802979]"
4087,0,49.12%,87.13%,0.0009,"[0.9991058707237244, 0.0008940910920500755]"
4088,1,49.13%,87.14%,0.0826,"[0.07311210036277771, 0.9268879294395447]"
4089,0,49.12%,87.11%,1.2957,"[0.20085623860359192, 0.7991437315940857]"
4090,1,49.13%,87.12%,0.0936,"[0.09869107604026794, 0.9013088941574097]"
4091,1,49.14%,87.12%,0.1203,"[0.10208680480718613, 0.8979132175445557]"
4092,0,49.13%,87.12%,0.0046,"[0.9982593655586243, 0.0017406415427103639]"
4093,0,49.12%,87.13%,0.0007,"[0.9993464350700378, 0.0006535501452162862]"
4094,0,49.11%,87.13%,0.0001,"[0.9998953342437744, 0.00010460210614837706]"
4095,1,49.12%,87.13%,0.0285,"[0.027246521785855293, 0.9727535247802734]"
4096,1,49.13%,87.14%,0.0362,"[0.03679460287094116, 0.9632053971290588]"
4097,1,49.15%,87.14%,0.0707,"[0.06407430768013, 0.9359256625175476]"
4098,1,49.16%,87.14%,0.1052,"[0.09296171367168427, 0.9070383310317993]"
4099,0,49.15%,87.15%,0.0011,"[0.9993879795074463, 0.0006119491881690919]"
4100,1,49.16%,87.15%,0.0827,"[0.055535607039928436, 0.944464385509491]"
4101,0,49.15%,87.15%,0.0003,"[0.9984984397888184, 0.001501518883742392]"
4102,0,49.13%,87.16%,0.0001,"[0.9999048709869385, 9.515696001471952e-05]"
4103,1,49.15%,87.16%,0.0325,"[0.03524951636791229, 0.9647505283355713]"
4104,1,49.16%,87.16%,0.0789,"[0.07495614141225815, 0.9250438809394836]"
4105,0,49.15%,87.17%,0.0004,"[0.9996674060821533, 0.00033262872602790594]"
4106,1,49.16%,87.17%,0.0889,"[0.09052205830812454, 0.909477949142456]"
4107,0,49.15%,87.17%,0.0008,"[0.9978322386741638, 0.002167814876884222]"
4108,1,49.16%,87.17%,0.0753,"[0.06539680063724518, 0.934603214263916]"
4109,0,49.15%,87.18%,0.0023,"[0.9970218539237976, 0.0029780918266624212]"
4110,0,49.14%,87.18%,0.9603,"[0.548602819442749, 0.45139721035957336]"
4111,1,49.15%,87.18%,0.0731,"[0.06704740226268768, 0.9329526424407959]"
4112,0,49.14%,87.19%,0.0009,"[0.999133288860321, 0.0008667115471325815]"
4113,1,49.15%,87.19%,0.0381,"[0.037515636533498764, 0.9624844193458557]"
4114,1,49.16%,87.19%,0.0406,"[0.06529723852872849, 0.9347028136253357]"
4115,0,49.15%,87.20%,0.0091,"[0.9941191673278809, 0.0058807977475225925]"
4116,0,49.14%,87.20%,0.0007,"[0.9995973706245422, 0.00040258787339553237]"
4117,0,49.13%,87.20%,0.0001,"[0.9999359846115112, 6.395598757080734e-05]"
4118,1,49.14%,87.21%,0.0315,"[0.027684111148118973, 0.9723159074783325]"
4119,0,49.13%,87.21%,0.0004,"[0.9996449947357178, 0.00035501649836078286]"
4120,0,49.11%,87.21%,0.0001,"[0.9999088048934937, 9.123358904616907e-05]"
4121,1,49.13%,87.21%,0.0277,"[0.027599040418863297, 0.9724009037017822]"
4122,1,49.14%,87.22%,0.3811,"[0.13522404432296753, 0.8647759556770325]"
4123,1,49.15%,87.22%,0.0590,"[0.058661170303821564, 0.9413387775421143]"
4124,1,49.16%,87.22%,0.0690,"[0.05728498473763466, 0.9427149891853333]"
4125,0,49.15%,87.23%,0.0034,"[0.9970539808273315, 0.0029460014775395393]"
4126,1,49.16%,87.23%,0.0497,"[0.029880333691835403, 0.9701196551322937]"
4127,1,49.18%,87.23%,0.0639,"[0.051109254360198975, 0.948890745639801]"
4128,1,49.19%,87.24%,0.0673,"[0.07859347015619278, 0.9214065670967102]"
4129,0,49.18%,87.24%,0.0107,"[0.9976943135261536, 0.0023057174403220415]"
4130,0,49.16%,87.24%,0.0007,"[0.998884379863739, 0.0011156145483255386]"
4131,0,49.15%,87.25%,0.0262,"[0.9731146097183228, 0.026885349303483963]"
4132,1,49.17%,87.25%,0.0323,"[0.031479835510253906, 0.9685201644897461]"
4133,1,49.18%,87.25%,0.0669,"[0.0572129525244236, 0.9427870512008667]"
4134,1,49.19%,87.26%,0.0977,"[0.057920727878808975, 0.9420792460441589]"
4135,0,49.18%,87.26%,0.0056,"[0.999574601650238, 0.00042540719732642174]"
4136,0,49.17%,87.26%,0.0004,"[0.9994304776191711, 0.0005694490391761065]"
4137,1,49.18%,87.26%,0.0219,"[0.025569062680006027, 0.9744309186935425]"
4138,1,49.19%,87.27%,0.0527,"[0.06536351144313812, 0.9346364736557007]"
4139,1,49.20%,87.27%,0.0798,"[0.07854238152503967, 0.9214575886726379]"
4140,0,49.19%,87.27%,0.0154,"[0.9894769191741943, 0.010523146949708462]"
4141,1,49.20%,87.28%,0.0869,"[0.07557398080825806, 0.9244260191917419]"
4142,1,49.22%,87.28%,0.1226,"[0.10772937536239624, 0.8922706246376038]"
4143,1,49.23%,87.28%,0.0962,"[0.08309894800186157, 0.9169011116027832]"
4144,0,49.22%,87.29%,0.1800,"[0.9969141483306885, 0.0030857932288199663]"
4145,0,49.20%,87.29%,0.0003,"[0.9969426989555359, 0.0030572526156902313]"
4146,1,49.22%,87.29%,0.2774,"[0.31520533561706543, 0.6847946047782898]"
4147,0,49.20%,87.27%,2.7070,"[0.07779102027416229, 0.9222089648246765]"
4148,1,49.22%,87.27%,0.0294,"[0.02653958834707737, 0.9734603762626648]"
4149,0,49.20%,87.28%,0.0045,"[0.9957724213600159, 0.004227522760629654]"
4150,0,49.19%,87.28%,0.0012,"[0.9996829032897949, 0.00031708256574347615]"
4151,1,49.21%,87.28%,0.0284,"[0.03513086587190628, 0.9648691415786743]"
4152,1,49.22%,87.29%,0.0378,"[0.054097164422273636, 0.9459028840065002]"
4153,1,49.23%,87.29%,0.0492,"[0.04358678311109543, 0.9564132690429688]"
4154,0,49.22%,87.29%,0.0057,"[0.9958124756813049, 0.00418754993006587]"
4155,1,49.23%,87.30%,0.0684,"[0.16072477400302887, 0.8392752408981323]"
4156,1,49.24%,87.30%,0.0982,"[0.04704716429114342, 0.9529528021812439]"
4157,1,49.25%,87.30%,0.0738,"[0.05349557474255562, 0.9465043544769287]"
4158,0,49.24%,87.30%,0.0005,"[0.9994463324546814, 0.0005536492099054158]"
4159,1,49.25%,87.31%,0.0290,"[0.026784155517816544, 0.9732158780097961]"
4160,1,49.27%,87.31%,0.0655,"[0.0643506795167923, 0.9356493353843689]"
4161,1,49.28%,87.31%,0.0740,"[0.05273767188191414, 0.9472624063491821]"
4162,1,49.29%,87.32%,0.0485,"[0.04944230988621712, 0.9505577087402344]"
4163,0,49.28%,87.30%,2.6120,"[0.07711920887231827, 0.9228807687759399]"
4164,1,49.29%,87.30%,0.0563,"[0.049835823476314545, 0.9501641988754272]"
4165,0,49.28%,87.30%,0.0033,"[0.9929410219192505, 0.007058960385620594]"
4166,0,49.27%,87.31%,0.3138,"[0.9066738486289978, 0.093326136469841]"
4167,1,49.28%,87.31%,0.0518,"[0.04982670024037361, 0.9501733183860779]"
4168,0,49.27%,87.31%,0.0018,"[0.9949400424957275, 0.0050599719397723675]"
4169,1,49.28%,87.31%,0.0417,"[0.04109020158648491, 0.958909809589386]"
4170,0,49.27%,87.32%,0.0005,"[0.999503493309021, 0.0004964441177435219]"
4171,0,49.26%,87.30%,0.6597,"[0.33406996726989746, 0.6659300923347473]"
4172,1,49.27%,87.30%,0.0245,"[0.022345423698425293, 0.9776546359062195]"
4173,0,49.26%,87.28%,1.8873,"[0.09282326698303223, 0.9071767330169678]"
4174,1,49.27%,87.28%,0.0228,"[0.02676304057240486, 0.9732369780540466]"
4175,0,49.26%,87.28%,0.0004,"[0.9988998174667358, 0.001100188004784286]"
4176,1,49.27%,87.29%,0.0264,"[0.022808639332652092, 0.9771913290023804]"
4177,0,49.26%,87.29%,0.0001,"[0.9999300241470337, 6.992254930082709e-05]"
4178,1,49.27%,87.29%,0.0676,"[0.04555939510464668, 0.9544405937194824]"
4179,1,49.28%,87.30%,0.3747,"[0.2931658625602722, 0.7068341374397278]"
4180,0,49.27%,87.30%,0.0128,"[0.9848499298095703, 0.01515003852546215]"
4181,0,49.26%,87.28%,1.5677,"[0.28257232904434204, 0.717427670955658]"
4182,0,49.25%,87.26%,2.9753,"[0.05502676963806152, 0.9449732899665833]"
4183,1,49.26%,87.26%,0.0340,"[0.030385715886950493, 0.9696142673492432]"
4184,1,49.27%,87.24%,1.5503,"[0.9984059929847717, 0.0015939767472445965]"
4185,0,49.26%,87.24%,0.0002,"[0.9997665286064148, 0.00023343568318523467]"
4186,1,49.27%,87.25%,0.0700,"[0.10563601553440094, 0.8943639397621155]"
4187,1,49.28%,87.25%,0.0907,"[0.08938533812761307, 0.9106146693229675]"
4188,0,49.27%,87.25%,0.0011,"[0.9993036985397339, 0.0006962548359297216]"
4189,1,49.28%,87.26%,0.7180,"[0.4247945547103882, 0.5752054452896118]"
4190,1,49.30%,87.26%,0.1730,"[0.1935868263244629, 0.8064131736755371]"
4191,0,49.28%,87.24%,1.8464,"[0.17191454768180847, 0.8280854225158691]"
4192,0,49.27%,87.24%,0.0006,"[0.9987456798553467, 0.0012543178163468838]"
4193,1,49.28%,87.24%,0.0510,"[0.05274411290884018, 0.9472558498382568]"
4194,0,49.27%,87.25%,0.0008,"[0.999355137348175, 0.0006448252242989838]"
4195,0,49.26%,87.25%,0.0001,"[0.9998781681060791, 0.00012187485845061019]"
4196,1,49.27%,87.25%,0.0338,"[0.030485205352306366, 0.9695147275924683]"
4197,0,49.26%,87.26%,0.0001,"[0.9998682737350464, 0.00013168789155315608]"
4198,0,49.25%,87.26%,0.0000,"[0.9999622106552124, 3.780025144806132e-05]"
4199,1,49.26%,87.26%,0.0294,"[0.02669071964919567, 0.9733092784881592]"
4200,1,49.27%,87.26%,0.0591,"[0.04566042125225067, 0.9543396234512329]"
4201,1,49.29%,87.27%,0.0878,"[0.08088178932666779, 0.9191182255744934]"
4202,0,49.27%,87.27%,0.0026,"[0.9983232617378235, 0.0016767635243013501]"
4203,1,49.29%,87.27%,0.0663,"[0.05218232050538063, 0.9478176236152649]"
4204,0,49.27%,87.28%,0.0002,"[0.9994551539421082, 0.0005448511219583452]"
4205,0,49.26%,87.28%,0.0001,"[0.9999675750732422, 3.238181670894846e-05]"
4206,1,49.28%,87.28%,0.0272,"[0.027843238785862923, 0.972156822681427]"
4207,0,49.26%,87.29%,0.0003,"[0.999160647392273, 0.0008393303141929209]"
4208,1,49.28%,87.29%,0.0359,"[0.037828993052244186, 0.9621710181236267]"
4209,1,49.29%,87.29%,0.0877,"[0.09233389794826508, 0.9076660871505737]"
4210,1,49.30%,87.30%,0.1626,"[0.11796862632036209, 0.8820313811302185]"
4211,0,49.29%,87.30%,0.0085,"[0.9799765348434448, 0.020023416727781296]"
4212,1,49.30%,87.30%,0.1295,"[0.14416459202766418, 0.8558354377746582]"
4213,0,49.29%,87.30%,0.0011,"[0.9958849549293518, 0.004115079529583454]"
4214,0,49.28%,87.28%,1.7913,"[0.09614444524049759, 0.9038555026054382]"
4215,1,49.29%,87.29%,0.0255,"[0.026971209794282913, 0.973028838634491]"
4216,1,49.30%,87.29%,0.0392,"[0.03794603794813156, 0.9620538949966431]"
4217,1,49.31%,87.29%,0.0282,"[0.04358929023146629, 0.9564107656478882]"
4218,1,49.32%,87.30%,0.0673,"[0.06096680089831352, 0.9390332102775574]"
4219,1,49.34%,87.30%,0.1129,"[0.09777063131332397, 0.9022293090820312]"
4220,1,49.35%,87.30%,0.1479,"[0.12098885327577591, 0.8790111541748047]"
4221,0,49.34%,87.30%,0.0066,"[0.9585234522819519, 0.04147660359740257]"
4222,1,49.35%,87.31%,0.1002,"[0.07648175954818726, 0.9235182404518127]"
4223,0,49.34%,87.31%,0.0032,"[0.9977824091911316, 0.002217645989730954]"
4224,0,49.33%,87.31%,0.0011,"[0.9986322522163391, 0.0013677594251930714]"
4225,1,49.34%,87.32%,0.0251,"[0.0218040868639946, 0.9781959056854248]"
4226,1,49.35%,87.32%,0.0390,"[0.03649045526981354, 0.9635095596313477]"
4227,1,49.36%,87.32%,0.0679,"[0.06775620579719543, 0.9322437644004822]"
4228,1,49.37%,87.33%,0.0697,"[0.0593818835914135, 0.940618097782135]"
4229,1,49.39%,87.33%,0.0866,"[0.07979763299226761, 0.920202374458313]"
4230,1,49.40%,87.33%,0.1341,"[0.11986096948385239, 0.8801390528678894]"
4231,0,49.39%,87.33%,0.0047,"[0.9975595474243164, 0.002440412063151598]"
4232,1,49.40%,87.34%,0.0544,"[0.046138014644384384, 0.9538620114326477]"
4233,1,49.41%,87.34%,0.0816,"[0.0961478129029274, 0.9038522243499756]"
4234,1,49.42%,87.34%,0.1132,"[0.11416105926036835, 0.8858389854431152]"
4235,0,49.41%,87.35%,0.0656,"[0.9562283754348755, 0.04377162083983421]"
4236,0,49.40%,87.35%,0.0028,"[0.9953721165657043, 0.004627936519682407]"
4237,1,49.41%,87.35%,0.0260,"[0.026615792885422707, 0.9733842611312866]"
4238,1,49.42%,87.36%,0.1362,"[0.044041287153959274, 0.9559586644172668]"
4239,0,49.41%,87.36%,0.0015,"[0.9988293051719666, 0.0011706760851666331]"
4240,1,49.42%,87.36%,0.0296,"[0.03089446760714054, 0.96910560131073]"
4241,1,49.43%,87.36%,0.0472,"[0.034401681274175644, 0.9655982851982117]"
4242,1,49.45%,87.37%,0.0610,"[0.06645642220973969, 0.9335435628890991]"
4243,0,49.43%,87.37%,0.0104,"[0.9863503575325012, 0.01364963036030531]"
4244,1,49.45%,87.37%,0.0265,"[0.028541022911667824, 0.971458911895752]"
4245,1,49.46%,87.38%,0.0476,"[0.03817606717348099, 0.9618239402770996]"
4246,1,49.47%,87.38%,0.0732,"[0.06935856491327286, 0.9306414127349854]"
4247,0,49.46%,87.38%,0.0067,"[0.9947789907455444, 0.005221081897616386]"
4248,1,49.47%,87.39%,0.0481,"[0.060475751757621765, 0.939524233341217]"
4249,0,49.46%,87.36%,3.1308,"[0.042931992560625076, 0.9570679664611816]"
4250,0,49.45%,87.37%,0.0001,"[0.999871015548706, 0.0001290030631935224]"
4251,0,49.44%,87.37%,0.0001,"[0.999863862991333, 0.00013611781469080597]"
4252,1,49.45%,87.37%,0.0097,"[0.009903747588396072, 0.9900962114334106]"
4253,0,49.44%,87.38%,0.0075,"[0.9251624345779419, 0.07483750581741333]"
4254,1,49.45%,87.38%,0.0229,"[0.02264048531651497, 0.9773594737052917]"
4255,0,49.44%,87.38%,0.0002,"[0.9999017715454102, 9.819533443078399e-05]"
4256,0,49.42%,87.39%,0.0002,"[0.9997894167900085, 0.00021059592836536467]"
4257,0,49.41%,87.39%,0.0001,"[0.9999496936798096, 5.0264417950529605e-05]"
4258,1,49.42%,87.39%,0.0081,"[0.009127017110586166, 0.9908729791641235]"
4259,0,49.41%,87.37%,3.8154,"[0.021352650597691536, 0.9786473512649536]"
4260,1,49.43%,87.37%,0.0166,"[0.01842544786632061, 0.9815745949745178]"
4261,1,49.44%,87.38%,0.0498,"[0.030471257865428925, 0.9695287346839905]"
4262,1,49.45%,87.38%,0.2122,"[0.09423631429672241, 0.9057636857032776]"
4263,1,49.46%,87.38%,0.1066,"[0.09022140502929688, 0.9097785949707031]"
4264,0,49.45%,87.39%,0.0017,"[0.9976320266723633, 0.002367983106523752]"
4265,1,49.46%,87.39%,0.0626,"[0.058023978024721146, 0.941976010799408]"
4266,0,49.45%,87.39%,0.0008,"[0.9986005425453186, 0.0013994656037539244]"
4267,0,49.44%,87.37%,1.3564,"[0.15944501757621765, 0.8405550122261047]"
4268,1,49.45%,87.37%,0.0334,"[0.03511897474527359, 0.9648810029029846]"
4269,1,49.46%,87.38%,0.0891,"[0.050965823233127594, 0.9490341544151306]"
4270,0,49.45%,87.38%,0.0029,"[0.9977450966835022, 0.0022548811975866556]"
4271,1,49.46%,87.38%,0.0221,"[0.024258336052298546, 0.9757416248321533]"
4272,1,49.47%,87.39%,0.1065,"[0.10692159086465836, 0.8930784463882446]"
4273,0,49.46%,87.39%,0.0009,"[0.9993508458137512, 0.0006491813692264259]"
4274,0,49.45%,87.39%,0.0002,"[0.9997605681419373, 0.00023940570827107877]"
4275,1,49.46%,87.39%,0.0249,"[0.022710632532835007, 0.9772893190383911]"
4276,1,49.47%,87.40%,0.0396,"[0.03989052772521973, 0.9601094722747803]"
4277,0,49.46%,87.40%,0.0001,"[0.9998546838760376, 0.00014531935448758304]"
4278,1,49.47%,87.40%,0.0334,"[0.03363847732543945, 0.9663615822792053]"
4279,1,49.49%,87.41%,0.0250,"[0.0258774496614933, 0.9741225838661194]"
4280,1,49.50%,87.41%,0.0308,"[0.029961979016661644, 0.9700379967689514]"
4281,1,49.51%,87.41%,0.0533,"[0.050221458077430725, 0.9497784972190857]"
4282,1,49.52%,87.42%,0.1051,"[0.09639234095811844, 0.9036076068878174]"
4283,1,49.53%,87.42%,0.1088,"[0.101591557264328, 0.8984084725379944]"
4284,1,49.54%,87.42%,0.1871,"[0.18587325513362885, 0.81412672996521]"
4285,1,49.56%,87.42%,0.1582,"[0.1517954021692276, 0.8482046127319336]"
4286,1,49.57%,87.43%,0.1013,"[0.1078244298696518, 0.8921756148338318]"
4287,1,49.58%,87.43%,0.1379,"[0.1145220398902893, 0.8854779601097107]"
4288,1,49.59%,87.43%,0.2258,"[0.19541417062282562, 0.804585874080658]"
4289,0,49.58%,87.44%,0.1276,"[0.976493239402771, 0.02350679412484169]"
4290,1,49.59%,87.44%,0.1043,"[0.07848475873470306, 0.921515166759491]"
4291,0,49.58%,87.44%,0.0150,"[0.9808303117752075, 0.019169731065630913]"
4292,1,49.59%,87.44%,0.0516,"[0.0596500001847744, 0.9403499364852905]"
4293,1,49.60%,87.45%,0.0648,"[0.0633290559053421, 0.9366709589958191]"
4294,0,49.59%,87.45%,0.0011,"[0.9992850422859192, 0.0007150252931751311]"
4295,1,49.60%,87.45%,0.0193,"[0.01837366260588169, 0.9816263914108276]"
4296,0,49.59%,87.43%,1.2466,"[0.1923835724592209, 0.8076164126396179]"
4297,1,49.60%,87.44%,0.0188,"[0.019503407180309296, 0.9804965853691101]"
4298,0,49.59%,87.42%,2.2973,"[0.07020138204097748, 0.9297986626625061]"
4299,0,49.58%,87.40%,3.2093,"[0.04859098792076111, 0.9514089822769165]"
4300,0,49.57%,87.40%,0.0000,"[0.9999383687973022, 6.157586176414043e-05]"
4301,0,49.56%,87.40%,0.0000,"[0.999954104423523, 4.594568599713966e-05]"
4302,0,49.55%,87.40%,0.0000,"[0.9999845027923584, 1.553601396153681e-05]"
4303,1,49.56%,87.41%,0.0153,"[0.013582143932580948, 0.9864178895950317]"
4304,1,49.57%,87.41%,0.0283,"[0.024988986551761627, 0.9750110507011414]"
4305,1,49.58%,87.41%,0.1397,"[0.10522335767745972, 0.8947766423225403]"
4306,1,49.59%,87.42%,0.1253,"[0.13113468885421753, 0.8688653111457825]"
4307,0,49.58%,87.42%,0.0041,"[0.9948930740356445, 0.005106970202177763]"
4308,1,49.59%,87.42%,0.0546,"[0.05828625336289406, 0.9417137503623962]"
4309,1,49.61%,87.42%,0.1035,"[0.0973598062992096, 0.902640163898468]"
4310,1,49.62%,87.43%,0.1385,"[0.12265066057443619, 0.877349317073822]"
4311,1,49.63%,87.43%,0.1235,"[0.10789366811513901, 0.8921063542366028]"
4312,1,49.64%,87.43%,0.1727,"[0.1229429766535759, 0.8770569562911987]"
4313,1,49.65%,87.44%,0.1539,"[0.16817456483840942, 0.8318254947662354]"
4314,0,49.64%,87.42%,2.7184,"[0.05427911877632141, 0.945720911026001]"
4315,0,49.63%,87.42%,0.0002,"[0.9997238516807556, 0.0002761637151706964]"
4316,0,49.62%,87.42%,0.0001,"[0.9999368190765381, 6.31571892881766e-05]"
4317,1,49.63%,87.42%,0.0235,"[0.025361886247992516, 0.9746381044387817]"
4318,1,49.64%,87.43%,0.0735,"[0.05622624605894089, 0.9437736868858337]"
4319,0,49.63%,87.43%,0.0048,"[0.9979829788208008, 0.0020169636700302362]"
4320,1,49.64%,87.43%,0.0667,"[0.1873900443315506, 0.8126100301742554]"
4321,1,49.65%,87.44%,0.0725,"[0.070242740213871, 0.9297572374343872]"
4322,1,49.66%,87.44%,0.0551,"[0.04804530739784241, 0.95195472240448]"
4323,1,49.68%,87.44%,0.0970,"[0.08299629390239716, 0.9170037508010864]"
4324,0,49.66%,87.45%,0.0030,"[0.9971359968185425, 0.002863997593522072]"
4325,1,49.68%,87.45%,0.0495,"[0.04693335294723511, 0.9530667066574097]"
4326,0,49.66%,87.45%,0.0009,"[0.9934241771697998, 0.006575836334377527]"
4327,0,49.65%,87.45%,0.0001,"[0.9999059438705444, 9.410048369318247e-05]"
4328,0,49.64%,87.46%,0.0003,"[0.9995518326759338, 0.0004481876385398209]"
4329,1,49.65%,87.46%,0.0262,"[0.02468814328312874, 0.9753119349479675]"
4330,1,49.67%,87.46%,0.1023,"[0.09053058177232742, 0.909469485282898]"
4331,1,49.68%,87.47%,0.0799,"[0.11376489698886871, 0.8862351179122925]"
4332,0,49.67%,87.47%,0.0071,"[0.9964662790298462, 0.003533746348693967]"
4333,1,49.68%,87.47%,0.0380,"[0.0386352501809597, 0.96136474609375]"
4334,1,49.69%,87.47%,0.0344,"[0.031725991517305374, 0.9682739973068237]"
4335,0,49.68%,87.48%,0.0040,"[0.9977105855941772, 0.0022893634159117937]"
4336,0,49.67%,87.48%,0.0001,"[0.9999551773071289, 4.484345481614582e-05]"
4337,0,49.65%,87.46%,3.4916,"[0.020017163828015327, 0.979982852935791]"
4338,1,49.67%,87.46%,0.0102,"[0.016411034390330315, 0.9835889339447021]"
4339,0,49.65%,87.47%,0.0005,"[0.9994959831237793, 0.0005040062824264169]"
4340,0,49.64%,87.45%,1.7303,"[0.18730677664279938, 0.8126932382583618]"
4341,1,49.65%,87.45%,0.0221,"[0.02239038050174713, 0.9776096343994141]"
4342,1,49.67%,87.45%,0.0276,"[0.04213564097881317, 0.9578643441200256]"
4343,0,49.65%,87.45%,0.0032,"[0.9990620017051697, 0.0009380467818118632]"
4344,0,49.64%,87.46%,0.0001,"[0.9999533891677856, 4.660652484744787e-05]"
4345,0,49.63%,87.46%,0.0000,"[0.9999463558197021, 5.364401658880524e-05]"
4346,0,49.62%,87.46%,0.0000,"[0.999985933303833, 1.4106384696788155e-05]"
4347,1,49.63%,87.47%,0.0162,"[0.017012368887662888, 0.982987642288208]"
4348,1,49.64%,87.47%,0.0374,"[0.0376184917986393, 0.9623814821243286]"
4349,1,49.66%,87.47%,0.1330,"[0.15142129361629486, 0.8485787510871887]"
4350,0,49.64%,87.47%,0.0035,"[0.9972809553146362, 0.0027190528344362974]"
4351,1,49.66%,87.48%,0.0473,"[0.04839315265417099, 0.951606810092926]"
4352,0,49.64%,87.48%,0.0007,"[0.9995494484901428, 0.0004505818069446832]"
4353,0,49.63%,87.48%,0.0002,"[0.9998562335968018, 0.0001437756436644122]"
4354,0,49.62%,87.49%,0.0001,"[0.999921441078186, 7.851002737879753e-05]"
4355,1,49.63%,87.49%,0.0287,"[0.02262081764638424, 0.9773792028427124]"
4356,1,49.64%,87.49%,0.0495,"[0.04399309307336807, 0.9560069441795349]"
4357,0,49.63%,87.47%,2.6443,"[0.06550156325101852, 0.9344983696937561]"
4358,1,49.64%,87.47%,0.0440,"[0.041191741824150085, 0.9588083028793335]"
4359,0,49.63%,87.45%,2.6717,"[0.08359388262033463, 0.9164060950279236]"
4360,1,49.64%,87.46%,0.0467,"[0.04321853443980217, 0.9567814469337463]"
4361,1,49.66%,87.46%,0.0993,"[0.08543740212917328, 0.9145626425743103]"
4362,0,49.64%,87.44%,1.7378,"[0.18715089559555054, 0.8128491640090942]"
4363,0,49.63%,87.44%,0.0025,"[0.9985949397087097, 0.0014050041791051626]"
4364,1,49.64%,87.45%,0.0571,"[0.055205751210451126, 0.944794237613678]"
4365,1,49.66%,87.45%,0.0690,"[0.06703174114227295, 0.932968258857727]"
4366,1,49.67%,87.45%,0.1138,"[0.12448395788669586, 0.8755160570144653]"
4367,0,49.66%,87.45%,0.0099,"[0.9960350394248962, 0.003964916802942753]"
4368,1,49.67%,87.46%,0.0598,"[0.05905451253056526, 0.9409455060958862]"
4369,1,49.68%,87.46%,0.0765,"[0.07530520111322403, 0.9246947765350342]"
4370,0,49.67%,87.46%,0.2983,"[0.6164894104003906, 0.38351064920425415]"
4371,1,49.68%,87.47%,0.0782,"[0.109745554625988, 0.8902544975280762]"
4372,0,49.67%,87.45%,1.5666,"[0.21732157468795776, 0.7826784253120422]"
4373,1,49.68%,87.45%,0.1423,"[0.13282468914985657, 0.867175281047821]"
4374,0,49.67%,87.45%,0.0019,"[0.9986408352851868, 0.001359189860522747]"
4375,1,49.68%,87.45%,0.1134,"[0.0981658324599266, 0.9018341898918152]"
4376,0,49.67%,87.43%,0.6633,"[0.4919508993625641, 0.5080491900444031]"
4377,1,49.68%,87.44%,0.1223,"[0.10452299565076828, 0.8954769968986511]"
4378,0,49.67%,87.44%,0.0004,"[0.9997972846031189, 0.0002027016889769584]"
4379,1,49.68%,87.42%,0.9302,"[0.8195839524269104, 0.1804160326719284]"
4380,0,49.67%,87.42%,0.0003,"[0.9996005892753601, 0.00039941331488080323]"
4381,0,49.66%,87.43%,0.0001,"[0.9999094009399414, 9.054282418219373e-05]"
4382,0,49.65%,87.43%,0.0000,"[0.9999805688858032, 1.9372844690224156e-05]"
4383,1,49.66%,87.41%,0.7818,"[0.5059657096862793, 0.4940342903137207]"
4384,0,49.65%,87.39%,0.7108,"[0.4897650480270386, 0.5102349519729614]"
4385,1,49.66%,87.39%,0.0521,"[0.04836278036236763, 0.9516372084617615]"
4386,1,49.67%,87.39%,0.2232,"[0.23312248289585114, 0.7668775320053101]"
4387,1,49.68%,87.40%,0.1790,"[0.16426846385002136, 0.8357315063476562]"
4388,1,49.69%,87.40%,0.1109,"[0.1425117552280426, 0.8574882745742798]"
4389,1,49.70%,87.40%,0.1504,"[0.15288640558719635, 0.8471135497093201]"
4390,0,49.69%,87.41%,0.0133,"[0.9932615160942078, 0.006738482043147087]"
4391,0,49.68%,87.41%,0.4888,"[0.7891430258750916, 0.21085694432258606]"
4392,1,49.69%,87.41%,0.0683,"[0.07034219056367874, 0.9296577572822571]"
4393,1,49.70%,87.41%,0.1387,"[0.13245773315429688, 0.8675422668457031]"
4394,1,49.72%,87.42%,0.1696,"[0.15613174438476562, 0.8438682556152344]"
4395,1,49.73%,87.42%,0.2355,"[0.18065261840820312, 0.8193473815917969]"
4396,1,49.74%,87.42%,0.1797,"[0.16123215854167938, 0.8387678861618042]"
4397,1,49.75%,87.43%,0.2535,"[0.12634533643722534, 0.8736546039581299]"
4398,1,49.76%,87.43%,0.2494,"[0.26260140538215637, 0.7373985648155212]"
4399,1,49.77%,87.43%,0.3118,"[0.23891900479793549, 0.7610809803009033]"
4400,0,49.76%,87.43%,0.2688,"[0.7512817978858948, 0.2487182319164276]"
4401,1,49.77%,87.44%,0.0893,"[0.06793513894081116, 0.9320648908615112]"
4402,1,49.78%,87.44%,0.0770,"[0.11002013832330704, 0.8899798393249512]"
4403,1,49.80%,87.44%,0.1205,"[0.0920238196849823, 0.9079762101173401]"
4404,0,49.78%,87.45%,0.0076,"[0.9929828643798828, 0.007017176132649183]"
4405,1,49.80%,87.45%,0.0368,"[0.05494850501418114, 0.9450514912605286]"
4406,0,49.78%,87.43%,2.3859,"[0.0990867167711258, 0.9009132981300354]"
4407,0,49.77%,87.41%,3.2272,"[0.04480639472603798, 0.9551936388015747]"
4408,1,49.78%,87.41%,0.0343,"[0.05365433543920517, 0.9463456869125366]"
4409,0,49.77%,87.41%,0.1305,"[0.9390872120857239, 0.06091275066137314]"
4410,1,49.78%,87.42%,0.0306,"[0.031205886974930763, 0.9687941074371338]"
4411,0,49.77%,87.40%,2.6095,"[0.1406610757112503, 0.8593389391899109]"
4412,1,49.78%,87.40%,0.0516,"[0.049562398344278336, 0.950437605381012]"
4413,1,49.80%,87.40%,0.0473,"[0.04722532257437706, 0.9527746438980103]"
4414,1,49.81%,87.41%,0.0745,"[0.06372862309217453, 0.9362714290618896]"
4415,1,49.82%,87.41%,0.0833,"[0.08640356361865997, 0.9135964512825012]"
4416,1,49.83%,87.41%,0.1460,"[0.10703279078006744, 0.8929672241210938]"
4417,0,49.82%,87.39%,1.6910,"[0.1470784991979599, 0.8529214859008789]"
4418,0,49.81%,87.40%,0.0960,"[0.5369411110877991, 0.4630589783191681]"
4419,0,49.80%,87.40%,0.0241,"[0.9775365591049194, 0.022463427856564522]"
4420,1,49.81%,87.40%,0.0601,"[0.07203768193721771, 0.9279623627662659]"
4421,0,49.80%,87.40%,0.0007,"[0.9978076815605164, 0.002192295854911208]"
4422,0,49.79%,87.41%,0.0001,"[0.9997387528419495, 0.0002612468379084021]"
4423,1,49.80%,87.41%,0.0680,"[0.07209408283233643, 0.9279059171676636]"
4424,0,49.79%,87.39%,2.0101,"[0.15925677120685577, 0.8407432436943054]"
4425,1,49.80%,87.39%,0.1981,"[0.1845846027135849, 0.8154153823852539]"
4426,1,49.81%,87.40%,0.1581,"[0.14787209033966064, 0.8521279096603394]"
4427,0,49.80%,87.38%,1.0598,"[0.38369905948638916, 0.6163009405136108]"
4428,1,49.81%,87.36%,1.8042,"[0.6000301241874695, 0.3999699652194977]"
4429,1,49.82%,87.36%,0.2036,"[0.1635981798171997, 0.8364017605781555]"
4430,1,49.83%,87.36%,0.1431,"[0.1193610206246376, 0.8806390166282654]"
4431,0,49.82%,87.36%,0.0018,"[0.998375654220581, 0.001624304219149053]"
4432,0,49.81%,87.37%,0.0001,"[0.9998236298561096, 0.0001764454209478572]"
4433,0,49.80%,87.37%,0.0001,"[0.9999563694000244, 4.3594376620603725e-05]"
4434,0,49.79%,87.37%,0.0000,"[0.9999866485595703, 1.332842293777503e-05]"
4435,0,49.77%,87.35%,1.1659,"[0.3710769712924957, 0.6289229989051819]"
4436,1,49.79%,87.36%,0.0735,"[0.06725633889436722, 0.9327436685562134]"
4437,0,49.77%,87.34%,2.5705,"[0.07182925194501877, 0.9281708002090454]"
4438,0,49.76%,87.34%,0.0001,"[0.9999085664749146, 9.147454693447798e-05]"
4439,1,49.77%,87.34%,0.1733,"[0.15536761283874512, 0.8446323275566101]"
4440,1,49.79%,87.35%,0.1121,"[0.1108688935637474, 0.8891311287879944]"
4441,0,49.77%,87.35%,0.0826,"[0.6791239976882935, 0.3208760619163513]"
4442,0,49.76%,87.35%,0.0003,"[0.9997546076774597, 0.0002454134519211948]"
4443,1,49.77%,87.35%,0.0539,"[0.05271298438310623, 0.9472869634628296]"
4444,1,49.79%,87.36%,0.1038,"[0.09698076546192169, 0.9030192494392395]"
4445,0,49.78%,87.36%,0.0010,"[0.9968474507331848, 0.0031525283120572567]"
4446,1,49.79%,87.36%,0.1126,"[0.11233478039503098, 0.8876651525497437]"
4447,0,49.78%,87.37%,0.0008,"[0.9991050362586975, 0.0008949485491029918]"
4448,1,49.79%,87.35%,0.2269,"[0.6141567230224609, 0.38584333658218384]"
4449,1,49.80%,87.35%,0.0992,"[0.10063839703798294, 0.8993615508079529]"
4450,1,49.81%,87.35%,0.0919,"[0.12298039346933365, 0.8770195841789246]"
4451,0,49.80%,87.35%,0.0198,"[0.9927103519439697, 0.007289640139788389]"
4452,1,49.81%,87.36%,0.1311,"[0.09954464435577393, 0.9004553556442261]"
4453,1,49.82%,87.36%,0.1801,"[0.151299849152565, 0.8487001061439514]"
4454,0,49.81%,87.36%,0.0142,"[0.9904764890670776, 0.009523466229438782]"
4455,1,49.82%,87.37%,0.1518,"[0.09221795946359634, 0.9077820777893066]"
4456,1,49.83%,87.37%,0.0704,"[0.05267693102359772, 0.9473230242729187]"
4457,1,49.84%,87.37%,0.1402,"[0.058602020144462585, 0.9413979649543762]"
4458,1,49.85%,87.37%,0.1361,"[0.11616158485412598, 0.8838384747505188]"
4459,0,49.84%,87.38%,0.0097,"[0.9573514461517334, 0.04264858365058899]"
4460,1,49.85%,87.38%,0.0633,"[0.06952796876430511, 0.9304720163345337]"
4461,1,49.87%,87.38%,0.1436,"[0.08722247928380966, 0.9127775430679321]"
4462,0,49.85%,87.39%,0.0016,"[0.9976669549942017, 0.002333110896870494]"
4463,0,49.84%,87.37%,2.9243,"[0.04255667328834534, 0.9574432969093323]"
4464,0,49.83%,87.35%,3.0328,"[0.04913054034113884, 0.9508694410324097]"
4465,0,49.82%,87.35%,0.0001,"[0.999883770942688, 0.00011619767610682175]"
4466,1,49.83%,87.35%,0.0207,"[0.020522965118288994, 0.979477047920227]"
4467,1,49.84%,87.35%,0.0288,"[0.024027684703469276, 0.9759722948074341]"
4468,1,49.85%,87.36%,0.0398,"[0.03677571564912796, 0.9632243514060974]"
4469,1,49.87%,87.36%,0.1299,"[0.09996234625577927, 0.9000376462936401]"
4470,0,49.85%,87.36%,0.0043,"[0.9952834248542786, 0.004716564901173115]"
4471,1,49.87%,87.37%,0.0562,"[0.053198330104351044, 0.9468016624450684]"
4472,1,49.88%,87.37%,0.0927,"[0.08721931278705597, 0.9127807021141052]"
4473,0,49.87%,87.37%,0.0099,"[0.9918711185455322, 0.008128863759338856]"
4474,0,49.85%,87.37%,0.5151,"[0.9076401591300964, 0.09235986322164536]"
4475,0,49.84%,87.38%,0.0006,"[0.9997552037239075, 0.00024478393606841564]"
4476,0,49.83%,87.36%,3.5751,"[0.03084493614733219, 0.9691550731658936]"
4477,0,49.82%,87.36%,0.0041,"[0.9984275102615356, 0.0015725340927019715]"
4478,1,49.83%,87.36%,0.0142,"[0.014557547867298126, 0.9854423999786377]"
4479,1,49.84%,87.37%,0.0445,"[0.05544750764966011, 0.9445524215698242]"
4480,0,49.83%,87.35%,2.2987,"[0.1072426363825798, 0.8927573561668396]"
4481,0,49.82%,87.33%,3.4925,"[0.029611438512802124, 0.9703885316848755]"
4482,1,49.83%,87.33%,0.0362,"[0.034522656351327896, 0.9654773473739624]"
4483,0,49.82%,87.33%,0.0006,"[0.9991637468338013, 0.000836291117593646]"
4484,0,49.81%,87.34%,0.0001,"[0.9999147653579712, 8.527247700840235e-05]"
4485,0,49.80%,87.34%,0.0031,"[0.9923000335693359, 0.007699908223003149]"
4486,0,49.79%,87.34%,0.0001,"[0.9999427795410156, 5.71648524783086e-05]"
4487,0,49.78%,87.34%,0.0000,"[0.9999829530715942, 1.70213716046419e-05]"
4488,1,49.79%,87.35%,0.0384,"[0.04165814071893692, 0.9583418965339661]"
4489,1,49.80%,87.35%,0.1317,"[0.12489678710699081, 0.8751031756401062]"
4490,0,49.79%,87.35%,0.0008,"[0.998282790184021, 0.0017171957297250628]"
4491,0,49.78%,87.33%,1.7639,"[0.1659276932477951, 0.8340722918510437]"
4492,1,49.79%,87.34%,0.0881,"[0.08265174180269241, 0.9173482656478882]"
4493,1,49.80%,87.34%,0.0889,"[0.07079321146011353, 0.9292068481445312]"
4494,1,49.81%,87.32%,1.3478,"[0.5917268991470337, 0.4082731604576111]"
4495,0,49.80%,87.32%,0.1124,"[0.894676148891449, 0.10532386600971222]"
4496,1,49.81%,87.32%,0.1092,"[0.09733428806066513, 0.9026657342910767]"
4497,1,49.82%,87.33%,0.1140,"[0.11551760882139206, 0.8844823837280273]"
4498,0,49.81%,87.33%,0.0014,"[0.9987454414367676, 0.001254479051567614]"
4499,1,49.82%,87.33%,0.1171,"[0.10805031657218933, 0.8919496536254883]"
4500,1,49.83%,87.34%,0.1532,"[0.13819348812103271, 0.8618065118789673]"
4501,0,49.82%,87.32%,1.4535,"[0.4282599687576294, 0.5717400312423706]"
4502,0,49.81%,87.32%,0.0007,"[0.9994043111801147, 0.0005956431850790977]"
4503,0,49.80%,87.32%,0.0000,"[0.9998218417167664, 0.00017822084191720933]"
4504,1,49.81%,87.33%,0.0662,"[0.06414828449487686, 0.9358517527580261]"
4505,0,49.80%,87.33%,0.0005,"[0.9995912909507751, 0.00040874705882743]"
4506,1,49.81%,87.33%,0.0398,"[0.03955339640378952, 0.9604465961456299]"
4507,0,49.80%,87.33%,0.0003,"[0.9996849298477173, 0.00031513694557361305]"
4508,1,49.81%,87.34%,0.0377,"[0.03678198531270027, 0.9632180333137512]"
4509,1,49.82%,87.34%,0.0779,"[0.08436669409275055, 0.9156332612037659]"
4510,1,49.83%,87.34%,0.1482,"[0.12152107805013657, 0.8784789443016052]"
4511,0,49.82%,87.34%,0.0011,"[0.9980582594871521, 0.001941700465977192]"
4512,1,49.83%,87.35%,0.1553,"[0.12431390583515167, 0.8756861090660095]"
4513,1,49.84%,87.35%,0.1353,"[0.12061163038015366, 0.8793883919715881]"
4514,1,49.86%,87.35%,0.1543,"[0.17554715275764465, 0.824452817440033]"
4515,1,49.87%,87.36%,0.1682,"[0.17044475674629211, 0.8295552730560303]"
4516,0,49.86%,87.36%,0.0036,"[0.9816765785217285, 0.018323393538594246]"
4517,1,49.87%,87.36%,0.0962,"[0.10348933190107346, 0.896510660648346]"
4518,0,49.86%,87.36%,0.0022,"[0.9987389445304871, 0.001261025434359908]"
4519,1,49.87%,87.37%,0.0989,"[0.13388356566429138, 0.866116464138031]"
4520,1,49.88%,87.37%,0.1156,"[0.1010204404592514, 0.8989795446395874]"
4521,1,49.89%,87.37%,0.1625,"[0.1415906399488449, 0.8584093451499939]"
4522,1,49.90%,87.38%,0.1391,"[0.1207968220114708, 0.879203200340271]"
4523,0,49.89%,87.36%,1.5063,"[0.12360159307718277, 0.8763984441757202]"
4524,1,49.90%,87.36%,0.0748,"[0.07365525513887405, 0.9263448119163513]"
4525,0,49.89%,87.36%,0.0047,"[0.995257556438446, 0.004742412827908993]"
4526,0,49.88%,87.36%,0.0001,"[0.9998873472213745, 0.00011261671170359477]"
4527,1,49.89%,87.37%,0.0212,"[0.022885072976350784, 0.9771149158477783]"
4528,0,49.88%,87.35%,1.6613,"[0.4364239573478699, 0.5635760426521301]"
4529,0,49.87%,87.35%,0.0000,"[0.9997727274894714, 0.0002273197751492262]"
4530,1,49.88%,87.35%,0.0257,"[0.028652364388108253, 0.9713476896286011]"
4531,0,49.87%,87.36%,0.0001,"[0.9998782873153687, 0.00012169879482826218]"
4532,0,49.86%,87.34%,3.8700,"[0.02372487634420395, 0.9762751460075378]"
4533,0,49.85%,87.34%,0.0000,"[0.9999678134918213, 3.213350646547042e-05]"
4534,1,49.86%,87.34%,0.0280,"[0.031041912734508514, 0.9689580202102661]"
4535,1,49.87%,87.35%,0.0488,"[0.050782814621925354, 0.9492171406745911]"
4536,1,49.88%,87.35%,0.0783,"[0.07234187424182892, 0.9276580810546875]"
4537,0,49.87%,87.35%,0.0023,"[0.9982450008392334, 0.0017550706397742033]"
4538,0,49.86%,87.35%,0.0003,"[0.9994524121284485, 0.0005476445076055825]"
4539,1,49.87%,87.36%,0.0336,"[0.03452862799167633, 0.9654713869094849]"
4540,1,49.88%,87.36%,0.0676,"[0.05563567206263542, 0.9443643093109131]"
4541,1,49.89%,87.36%,0.4766,"[0.3082028329372406, 0.6917971968650818]"
4542,0,49.88%,87.37%,0.0031,"[0.9956076741218567, 0.004392263013869524]"
4543,1,49.89%,87.37%,0.0734,"[0.07085984200239182, 0.9291401505470276]"
4544,0,49.88%,87.35%,1.4869,"[0.17817091941833496, 0.8218290209770203]"
4545,1,49.89%,87.35%,0.0569,"[0.055991265922784805, 0.9440087676048279]"
4546,1,49.90%,87.35%,0.0785,"[0.06073272228240967, 0.9392672181129456]"
4547,1,49.91%,87.36%,0.1280,"[0.14804890751838684, 0.8519511222839355]"
4548,1,49.92%,87.36%,0.2180,"[0.16590499877929688, 0.8340950608253479]"
4549,1,49.93%,87.36%,0.1779,"[0.15459580719470978, 0.8454042077064514]"
4550,0,49.92%,87.37%,0.0051,"[0.9931198358535767, 0.006880208849906921]"
4551,0,49.91%,87.37%,0.0024,"[0.9990493655204773, 0.0009505791822448373]"
4552,1,49.92%,87.37%,0.0511,"[0.05178533121943474, 0.9482147097587585]"
4553,0,49.91%,87.35%,2.6331,"[0.07423396408557892, 0.9257660508155823]"
4554,0,49.90%,87.35%,0.0003,"[0.9998155236244202, 0.00018452292715664953]"
4555,0,49.89%,87.36%,0.0000,"[0.9999547004699707, 4.530730439000763e-05]"
4556,0,49.88%,87.36%,0.0000,"[0.9999523162841797, 4.76499626529403e-05]"
4557,1,49.89%,87.36%,0.0192,"[0.020077280700206757, 0.9799227118492126]"
4558,0,49.88%,87.37%,0.0001,"[0.9999316930770874, 6.832988583482802e-05]"
4559,0,49.87%,87.37%,0.0000,"[0.9999674558639526, 3.2517262297915295e-05]"
4560,0,49.86%,87.35%,2.3111,"[0.08047079294919968, 0.919529139995575]"
4561,1,49.87%,87.35%,0.0599,"[0.057011742144823074, 0.9429882764816284]"
4562,1,49.88%,87.35%,0.0963,"[0.07674247026443481, 0.9232575297355652]"
4563,0,49.87%,87.34%,1.8661,"[0.14541557431221008, 0.8545843958854675]"
4564,1,49.88%,87.34%,0.1936,"[0.26537856459617615, 0.7346214652061462]"
4565,0,49.87%,87.34%,0.0037,"[0.9988330006599426, 0.0011670513777062297]"
4566,0,49.86%,87.32%,2.2513,"[0.12747278809547424, 0.8725272417068481]"
4567,0,49.85%,87.32%,0.0001,"[0.9998167157173157, 0.00018330854072701186]"
4568,0,49.84%,87.33%,0.0000,"[0.9999469518661499, 5.302636054693721e-05]"
4569,1,49.85%,87.33%,0.0389,"[0.05552083998918533, 0.9444791674613953]"
4570,0,49.84%,87.33%,0.0001,"[0.9999101161956787, 8.987547334982082e-05]"
4571,1,49.85%,87.31%,0.3429,"[0.5250329375267029, 0.47496703267097473]"
4572,1,49.86%,87.32%,0.0505,"[0.06207358092069626, 0.9379264712333679]"
4573,0,49.85%,87.32%,0.0001,"[0.9998900890350342, 0.00010988138092216104]"
4574,1,49.86%,87.32%,0.0993,"[0.08644205331802368, 0.9135579466819763]"
4575,0,49.85%,87.33%,0.0005,"[0.9996547698974609, 0.0003452817036304623]"
4576,0,49.84%,87.33%,0.0001,"[0.9998921155929565, 0.00010788266808958724]"
4577,1,49.85%,87.33%,0.0426,"[0.034433357417583466, 0.9655665755271912]"
4578,0,49.84%,87.33%,0.0000,"[0.9999572038650513, 4.276899926480837e-05]"
4579,1,49.85%,87.34%,0.0717,"[0.06411783397197723, 0.9358822107315063]"
4580,1,49.86%,87.34%,0.1404,"[0.11221510171890259, 0.8877849578857422]"
4581,0,49.85%,87.32%,1.8908,"[0.1458812654018402, 0.8541187644004822]"
4582,0,49.84%,87.32%,0.0004,"[0.999692440032959, 0.00030761255766265094]"
4583,1,49.85%,87.33%,0.0510,"[0.04634934663772583, 0.953650712966919]"
4584,0,49.84%,87.33%,0.0001,"[0.9996108412742615, 0.00038921876694075763]"
4585,1,49.85%,87.33%,0.0729,"[0.0753355547785759, 0.9246644973754883]"
4586,0,49.84%,87.33%,0.0010,"[0.9991841912269592, 0.000815856852568686]"
4587,1,49.85%,87.34%,0.0883,"[0.0845678299665451, 0.9154322147369385]"
4588,1,49.86%,87.34%,0.1541,"[0.1490561068058014, 0.8509438633918762]"
4589,1,49.87%,87.34%,0.2200,"[0.16284288465976715, 0.837157130241394]"
4590,1,49.88%,87.34%,0.2243,"[0.19058816134929657, 0.8094118237495422]"
4591,1,49.89%,87.35%,0.2546,"[0.19148556888103485, 0.808514416217804]"
4592,0,49.88%,87.33%,1.1019,"[0.36798417568206787, 0.6320158243179321]"
4593,0,49.87%,87.33%,0.3723,"[0.6524884700775146, 0.34751150012016296]"
4594,0,49.86%,87.31%,2.2698,"[0.11730733513832092, 0.8826926946640015]"
4595,1,49.87%,87.32%,0.0452,"[0.04717394337058067, 0.9528260231018066]"
4596,1,49.88%,87.32%,0.1072,"[0.07958003878593445, 0.9204199314117432]"
4597,0,49.87%,87.32%,0.0043,"[0.989698588848114, 0.010301443748176098]"
4598,0,49.86%,87.32%,0.0002,"[0.9996813535690308, 0.0003186435205861926]"
4599,0,49.85%,87.33%,0.0001,"[0.999923825263977, 7.618655945407227e-05]"
4600,0,49.84%,87.33%,0.0000,"[0.9999831914901733, 1.680286914051976e-05]"
4601,0,49.83%,87.33%,0.0000,"[0.999974250793457, 2.575192047515884e-05]"
4602,1,49.84%,87.33%,0.0351,"[0.032510507851839066, 0.96748948097229]"
4603,0,49.83%,87.34%,0.0002,"[0.9997321963310242, 0.0002677336160559207]"
4604,0,49.82%,87.34%,0.0000,"[0.9999731779098511, 2.678391319932416e-05]"
4605,1,49.83%,87.34%,0.0454,"[0.05770498141646385, 0.9422950148582458]"
4606,0,49.82%,87.35%,0.0003,"[0.9996979236602783, 0.000302078144159168]"
4607,1,49.83%,87.35%,0.0735,"[0.07070796936750412, 0.9292920827865601]"
4608,0,49.82%,87.35%,0.0014,"[0.9992190599441528, 0.0007809600210748613]"
4609,0,49.80%,87.35%,0.0001,"[0.9999182224273682, 8.173781679943204e-05]"
4610,0,49.79%,87.36%,0.0001,"[0.9998908042907715, 0.00010918232146650553]"
4611,0,49.78%,87.36%,0.0000,"[0.9999791383743286, 2.0886667698505335e-05]"
4612,0,49.77%,87.36%,0.0000,"[0.9999910593032837, 8.973384865385015e-06]"
4613,1,49.78%,87.36%,0.0218,"[0.025639977306127548, 0.9743599891662598]"
4614,0,49.77%,87.37%,0.0000,"[0.9999532699584961, 4.667069879360497e-05]"
4615,0,49.76%,87.37%,0.0001,"[0.9998816251754761, 0.00011837739293696359]"
4616,0,49.75%,87.37%,0.0001,"[0.9999480247497559, 5.202023749006912e-05]"
4617,1,49.76%,87.38%,0.0316,"[0.024249548092484474, 0.9757505059242249]"
4618,0,49.75%,87.36%,2.7438,"[0.0652366504073143, 0.9347633123397827]"
4619,1,49.76%,87.36%,0.0370,"[0.03957580029964447, 0.9604241847991943]"
4620,1,49.77%,87.36%,0.0619,"[0.05909865349531174, 0.9409013390541077]"
4621,0,49.76%,87.34%,1.9397,"[0.14801658689975739, 0.851983368396759]"
4622,1,49.77%,87.35%,0.7676,"[0.39225298166275024, 0.6077470183372498]"
4623,1,49.78%,87.35%,0.1773,"[0.15024694800376892, 0.8497530221939087]"
4624,1,49.79%,87.35%,0.1758,"[0.15180981159210205, 0.848190188407898]"
4625,0,49.78%,87.35%,0.0038,"[0.9948335886001587, 0.005166363436728716]"
4626,1,49.79%,87.36%,0.0939,"[0.10000231117010117, 0.8999976515769958]"
4627,0,49.78%,87.34%,1.4139,"[0.1954948455095291, 0.8045051097869873]"
4628,0,49.77%,87.34%,0.0003,"[0.9997591376304626, 0.00024091285013128072]"
4629,0,49.76%,87.34%,0.1141,"[0.7874699831008911, 0.21253007650375366]"
4630,0,49.75%,87.35%,0.0000,"[0.9999797344207764, 2.0291536202421412e-05]"
4631,1,49.76%,87.35%,0.0415,"[0.04080504924058914, 0.9591949582099915]"
4632,1,49.77%,87.35%,0.0366,"[0.03533502668142319, 0.9646649956703186]"
4633,1,49.78%,87.35%,0.4948,"[0.38589614629745483, 0.6141038537025452]"
4634,0,49.77%,87.34%,1.6436,"[0.1402372568845749, 0.8597627282142639]"
4635,1,49.78%,87.34%,0.1490,"[0.18982292711734772, 0.8101771473884583]"
4636,1,49.80%,87.34%,0.1725,"[0.17018413543701172, 0.8298158049583435]"
4637,0,49.78%,87.32%,1.4951,"[0.24444705247879028, 0.7555529475212097]"
4638,0,49.77%,87.32%,0.0369,"[0.9644911885261536, 0.03550880029797554]"
4639,1,49.78%,87.33%,0.1960,"[0.20032590627670288, 0.7996741533279419]"
4640,0,49.77%,87.33%,0.0083,"[0.994371771812439, 0.0056282528676092625]"
4641,1,49.78%,87.33%,0.0962,"[0.09302836656570435, 0.9069716334342957]"
4642,0,49.77%,87.34%,0.0001,"[0.9996727705001831, 0.00032728651422075927]"
4643,1,49.78%,87.34%,0.1895,"[0.24418562650680542, 0.7558144330978394]"
4644,1,49.80%,87.34%,0.1539,"[0.12132131308317184, 0.8786786794662476]"
4645,0,49.78%,87.34%,0.0004,"[0.9997816681861877, 0.0002183554897783324]"
4646,0,49.77%,87.35%,0.0191,"[0.9966950416564941, 0.0033049453049898148]"
4647,1,49.78%,87.35%,0.0766,"[0.0825728103518486, 0.917427122592926]"
4648,1,49.80%,87.35%,0.2718,"[0.2682180404663086, 0.7317819595336914]"
4649,1,49.81%,87.35%,0.0927,"[0.07026153802871704, 0.929738461971283]"
4650,1,49.82%,87.36%,0.0992,"[0.09275171905755997, 0.9072482585906982]"
4651,1,49.83%,87.36%,0.2074,"[0.1845162808895111, 0.8154837489128113]"
4652,1,49.84%,87.36%,0.1952,"[0.14605596661567688, 0.8539440035820007]"
4653,1,49.85%,87.37%,0.2639,"[0.22420212626457214, 0.7757979035377502]"
4654,1,49.86%,87.37%,0.1879,"[0.17894959449768066, 0.8210504055023193]"
4655,0,49.85%,87.37%,0.0024,"[0.9991656541824341, 0.0008343171211890876]"
4656,0,49.84%,87.37%,0.0003,"[0.9995712637901306, 0.00042878277599811554]"
4657,1,49.85%,87.38%,0.0391,"[0.03903541341423988, 0.9609646201133728]"
4658,1,49.86%,87.38%,0.0678,"[0.061765801161527634, 0.9382341504096985]"
4659,0,49.85%,87.38%,0.0001,"[0.9993829727172852, 0.0006169588887132704]"
4660,0,49.84%,87.36%,2.8483,"[0.08166635036468506, 0.9183336496353149]"
4661,1,49.85%,87.37%,0.0977,"[0.0757310539484024, 0.9242689609527588]"
4662,1,49.86%,87.37%,0.0738,"[0.06758490949869156, 0.9324151277542114]"
4663,1,49.87%,87.37%,0.0989,"[0.08681315183639526, 0.91318678855896]"
4664,1,49.88%,87.37%,0.1369,"[0.11202424764633179, 0.8879756927490234]"
4665,0,49.87%,87.38%,0.0284,"[0.9685283303260803, 0.03147163614630699]"
4666,1,49.88%,87.38%,0.0736,"[0.06881990283727646, 0.9311801195144653]"
4667,1,49.89%,87.38%,0.1433,"[0.09437853842973709, 0.9056214690208435]"
4668,1,49.90%,87.38%,0.0751,"[0.07448691129684448, 0.9255130887031555]"
4669,1,49.91%,87.39%,0.0816,"[0.09738365560770035, 0.9026163816452026]"
4670,1,49.93%,87.39%,0.1199,"[0.08364064991474152, 0.9163593053817749]"
4671,1,49.94%,87.39%,0.0821,"[0.0779733657836914, 0.9220265746116638]"
4672,1,49.95%,87.40%,0.1094,"[0.06469433754682541, 0.9353057146072388]"
4673,0,49.94%,87.40%,0.0030,"[0.9978627562522888, 0.0021371992770582438]"
4674,1,49.95%,87.40%,0.0349,"[0.02980153262615204, 0.9701985120773315]"
4675,0,49.94%,87.40%,0.0476,"[0.961587131023407, 0.038412902504205704]"
4676,0,49.93%,87.41%,0.0285,"[0.9805640578269958, 0.019435953348875046]"
4677,1,49.94%,87.41%,0.0181,"[0.01647917553782463, 0.9835207462310791]"
4678,1,49.95%,87.41%,0.0299,"[0.022317999973893166, 0.9776819348335266]"
4679,1,49.96%,87.41%,0.0414,"[0.04511827975511551, 0.9548816680908203]"
4680,1,49.97%,87.42%,0.0521,"[0.04622538387775421, 0.953774631023407]"
4681,1,49.98%,87.42%,0.1236,"[0.10194796323776245, 0.8980520367622375]"
4682,1,49.99%,87.42%,0.1238,"[0.142807736992836, 0.8571922779083252]"
4683,1,50.00%,87.43%,0.1247,"[0.09893843531608582, 0.9010616540908813]"
4684,1,50.01%,87.43%,0.1370,"[0.127755805850029, 0.8722441792488098]"
4685,0,50.00%,87.43%,0.2100,"[0.699198305606842, 0.3008016347885132]"
4686,1,50.01%,87.43%,0.0455,"[0.038452379405498505, 0.9615476727485657]"
4687,0,50.00%,87.44%,0.0056,"[0.9898069500923157, 0.0101929921656847]"
4688,1,50.01%,87.44%,0.0294,"[0.031843069940805435, 0.9681568741798401]"
4689,1,50.02%,87.44%,0.0447,"[0.05220022425055504, 0.9477997422218323]"
4690,0,50.01%,87.44%,0.0031,"[0.9985836744308472, 0.0014163588639348745]"
4691,1,50.02%,87.45%,0.0417,"[0.044271890074014664, 0.9557281136512756]"
4692,1,50.03%,87.45%,0.1048,"[0.10408692806959152, 0.8959130644798279]"
4693,0,50.02%,87.45%,0.0095,"[0.9925069212913513, 0.00749310664832592]"
4694,0,50.01%,87.45%,0.0014,"[0.9990768432617188, 0.0009231683216057718]"
4695,0,50.00%,87.44%,2.9931,"[0.13275215029716492, 0.8672478199005127]"
4696,0,49.99%,87.44%,0.0001,"[0.999947190284729, 5.2841962315142155e-05]"
4697,0,49.98%,87.44%,0.0000,"[0.9999575614929199, 4.2396175558678806e-05]"
4698,1,49.99%,87.44%,0.0094,"[0.00907387025654316, 0.9909261465072632]"
4699,1,50.00%,87.45%,0.0253,"[0.02821473777294159, 0.971785306930542]"
4700,0,49.99%,87.43%,3.3678,"[0.03516898304224014, 0.9648310542106628]"
4701,1,50.00%,87.43%,0.0295,"[0.028395988047122955, 0.97160404920578]"
4702,1,50.01%,87.43%,0.0817,"[0.07027056068181992, 0.9297295212745667]"
4703,0,50.00%,87.44%,0.0009,"[0.9993584752082825, 0.0006415346870198846]"
4704,1,50.01%,87.44%,0.0470,"[0.04366480931639671, 0.956335186958313]"
4705,1,50.02%,87.44%,0.0721,"[0.07089700549840927, 0.9291030168533325]"
4706,0,50.01%,87.44%,0.0007,"[0.9994416832923889, 0.0005583370802924037]"
4707,1,50.02%,87.45%,0.0298,"[0.036136362701654434, 0.9638636112213135]"
4708,1,50.03%,87.45%,0.1029,"[0.10840607434511185, 0.8915939331054688]"
4709,0,50.02%,87.45%,0.0010,"[0.9994091987609863, 0.0005907602026127279]"
4710,1,50.03%,87.45%,0.0605,"[0.05684486776590347, 0.9431551694869995]"
4711,0,50.02%,87.46%,0.0002,"[0.9997257590293884, 0.00027424097061157227]"
4712,0,50.01%,87.46%,0.0000,"[0.9999551773071289, 4.484135570237413e-05]"
4713,1,50.02%,87.46%,0.0159,"[0.016248304396867752, 0.983751654624939]"
4714,0,50.01%,87.47%,0.1474,"[0.9406211376190186, 0.059378910809755325]"
4715,0,50.00%,87.47%,0.0001,"[0.9997836947441101, 0.0002163752360502258]"
4716,0,49.99%,87.47%,0.0001,"[0.9999674558639526, 3.256322452216409e-05]"
4717,1,50.00%,87.47%,0.0219,"[0.02183716557919979, 0.9781628251075745]"
4718,0,49.99%,87.48%,0.0001,"[0.999792754650116, 0.00020729287643916905]"
4719,1,50.00%,87.48%,0.0250,"[0.023036308586597443, 0.9769636988639832]"
4720,0,49.99%,87.48%,0.0000,"[0.9999473094940186, 5.2686376875499263e-05]"
4721,1,50.00%,87.48%,0.0375,"[0.029514942318201065, 0.9704850912094116]"
4722,0,49.99%,87.49%,0.0005,"[0.9997593760490417, 0.00024057932023424655]"
4723,0,49.98%,87.47%,3.0408,"[0.03929561749100685, 0.9607043266296387]"
4724,1,49.99%,87.47%,0.0345,"[0.03429865092039108, 0.9657013416290283]"
4725,1,50.00%,87.47%,0.0853,"[0.08389604836702347, 0.9161039590835571]"
4726,0,49.99%,87.48%,0.0025,"[0.9985221028327942, 0.0014779613120481372]"
4727,1,50.00%,87.48%,0.0463,"[0.04333333671092987, 0.9566666483879089]"
4728,1,50.01%,87.48%,0.1557,"[0.1258748471736908, 0.8741251826286316]"
4729,0,50.00%,87.48%,0.0003,"[0.9996718168258667, 0.000328136287862435]"
4730,0,49.99%,87.47%,2.9244,"[0.05741779878735542, 0.9425821900367737]"
4731,1,50.00%,87.47%,0.0725,"[0.05498998239636421, 0.9450100064277649]"
4732,0,49.99%,87.47%,0.0002,"[0.9996684789657593, 0.00033154088305309415]"
4733,1,50.00%,87.47%,0.0357,"[0.04038908705115318, 0.9596109390258789]"
4734,1,50.01%,87.48%,0.0886,"[0.08941301703453064, 0.9105870127677917]"
4735,0,50.00%,87.48%,0.0059,"[0.9974339604377747, 0.002566069597378373]"
4736,0,49.99%,87.46%,1.7355,"[0.11860734224319458, 0.8813926577568054]"
4737,1,50.00%,87.46%,0.0608,"[0.06718815863132477, 0.9328118562698364]"
4738,0,49.99%,87.47%,0.0025,"[0.9945477843284607, 0.005452133249491453]"
4739,1,50.00%,87.47%,0.0710,"[0.07389277964830399, 0.9261072278022766]"
4740,0,49.99%,87.47%,0.0026,"[0.9991552829742432, 0.0008447083528153598]"
4741,0,49.98%,87.45%,2.3786,"[0.08501096814870834, 0.9149889945983887]"
4742,1,49.99%,87.46%,0.0315,"[0.03180930018424988, 0.9681907296180725]"
4743,0,49.98%,87.46%,0.0001,"[0.9998593330383301, 0.00014060272951610386]"
4744,0,49.97%,87.44%,2.9917,"[0.04426536336541176, 0.9557346105575562]"
4745,0,49.96%,87.44%,0.0000,"[0.9999769926071167, 2.298797517141793e-05]"
4746,1,49.97%,87.44%,0.0310,"[0.05562404543161392, 0.9443759322166443]"
4747,0,49.96%,87.45%,0.0002,"[0.9997863173484802, 0.000213702252949588]"
4748,0,49.95%,87.45%,0.0001,"[0.999951958656311, 4.8036908992799e-05]"
4749,1,49.96%,87.45%,0.1149,"[0.09230825304985046, 0.9076917767524719]"
4750,1,49.97%,87.46%,0.1021,"[0.1382724940776825, 0.8617275357246399]"
4751,1,49.98%,87.46%,0.2176,"[0.1357385665178299, 0.8642614483833313]"
4752,0,49.97%,87.46%,0.0016,"[0.9980224370956421, 0.001977587817236781]"
4753,0,49.96%,87.46%,0.0001,"[0.999903678894043, 9.63159982347861e-05]"
4754,0,49.95%,87.47%,0.2172,"[0.8924922943115234, 0.10750773549079895]"
4755,0,49.94%,87.47%,0.0000,"[0.9999902248382568, 9.825483175518457e-06]"
4756,1,49.95%,87.47%,0.0404,"[0.03330935165286064, 0.9666906595230103]"
4757,0,49.94%,87.47%,0.0000,"[0.9999843835830688, 1.5570689356536604e-05]"
4758,1,49.95%,87.48%,0.0712,"[0.05879931151866913, 0.9412006735801697]"
4759,1,49.96%,87.48%,0.0675,"[0.06361042708158493, 0.9363896250724792]"
4760,1,49.97%,87.48%,0.1668,"[0.17203795909881592, 0.8279619812965393]"
4761,1,49.98%,87.48%,0.1421,"[0.10116018354892731, 0.8988398313522339]"
4762,0,49.97%,87.49%,0.0027,"[0.9960907101631165, 0.0039092362858355045]"
4763,1,49.98%,87.49%,0.0431,"[0.04513202980160713, 0.9548680186271667]"
4764,0,49.97%,87.49%,0.0002,"[0.9997373223304749, 0.00026261562015861273]"
4765,0,49.96%,87.49%,0.0002,"[0.9999191761016846, 8.07704491307959e-05]"
4766,0,49.95%,87.50%,0.0000,"[0.9999582767486572, 4.175798676442355e-05]"
4767,0,49.94%,87.50%,0.0001,"[0.9999407529830933, 5.921063348068856e-05]"
4768,0,49.93%,87.48%,4.1941,"[0.01606651581823826, 0.9839335083961487]"
4769,0,49.92%,87.48%,0.0001,"[0.9999566078186035, 4.343623368185945e-05]"
4770,0,49.91%,87.47%,3.9269,"[0.017740445211529732, 0.9822596311569214]"
4771,0,49.90%,87.47%,0.0000,"[0.9999828338623047, 1.711305412754882e-05]"
4772,1,49.91%,87.47%,0.0160,"[0.015073491260409355, 0.9849264621734619]"
4773,0,49.90%,87.47%,0.0005,"[0.9994441866874695, 0.0005557658732868731]"
4774,1,49.91%,87.48%,0.0190,"[0.017774617299437523, 0.9822252988815308]"
4775,1,49.92%,87.48%,0.0509,"[0.043275170028209686, 0.9567248225212097]"
4776,1,49.93%,87.48%,0.0639,"[0.07208862900733948, 0.9279113411903381]"
4777,1,49.94%,87.48%,0.2839,"[0.380178302526474, 0.6198217272758484]"
4778,1,49.95%,87.49%,0.2524,"[0.2295009344816208, 0.770499050617218]"
4779,1,49.96%,87.49%,0.1523,"[0.1409246027469635, 0.8590753674507141]"
4780,1,49.97%,87.49%,0.1185,"[0.10631152987480164, 0.8936884999275208]"
4781,0,49.96%,87.49%,0.0009,"[0.9979966282844543, 0.002003320725634694]"
4782,0,49.95%,87.50%,0.0001,"[0.9998713731765747, 0.0001285639009438455]"
4783,1,49.96%,87.50%,0.0291,"[0.0354001447558403, 0.9645998477935791]"
4784,0,49.95%,87.50%,0.0017,"[0.9993836879730225, 0.000616342993453145]"
4785,1,49.96%,87.51%,0.0197,"[0.022802406921982765, 0.9771975874900818]"
4786,1,49.97%,87.51%,0.0348,"[0.034836169332265854, 0.9651638865470886]"
4787,1,49.98%,87.51%,0.0533,"[0.054687533527612686, 0.9453124403953552]"
4788,1,49.99%,87.51%,0.0611,"[0.06486965715885162, 0.9351302981376648]"
4789,1,50.00%,87.52%,0.1009,"[0.09905168414115906, 0.9009482860565186]"
4790,0,49.99%,87.50%,2.1354,"[0.10795628279447556, 0.8920437097549438]"
4791,0,49.98%,87.50%,0.0025,"[0.9903554916381836, 0.00964455958455801]"
4792,0,49.97%,87.48%,2.2214,"[0.09787118434906006, 0.9021288156509399]"
4793,1,49.98%,87.48%,0.0323,"[0.03134745731949806, 0.968652606010437]"
4794,1,49.99%,87.49%,0.0763,"[0.07732612639665604, 0.9226739406585693]"
4795,1,50.00%,87.49%,0.1047,"[0.0996282771229744, 0.9003716707229614]"
4796,1,50.01%,87.49%,0.1055,"[0.11016295105218887, 0.8898370862007141]"
4797,1,50.02%,87.49%,0.1429,"[0.1624581217765808, 0.837541937828064]"
4798,0,50.01%,87.50%,0.0065,"[0.9953839182853699, 0.0046160174533724785]"
4799,1,50.02%,87.50%,0.0697,"[0.06848698109388351, 0.9315130114555359]"
4800,0,50.01%,87.50%,0.0007,"[0.9986188411712646, 0.001381106791086495]"
4801,0,50.00%,87.51%,0.0008,"[0.9996080994606018, 0.00039189436938613653]"
4802,1,50.01%,87.51%,0.0690,"[0.05001671984791756, 0.9499832987785339]"
4803,1,50.02%,87.51%,0.1146,"[0.10889700055122375, 0.8911029696464539]"
4804,0,50.01%,87.51%,0.0047,"[0.9965609908103943, 0.003439010586589575]"
4805,1,50.02%,87.52%,0.0539,"[0.056532468646764755, 0.9434675574302673]"
4806,0,50.01%,87.52%,0.0021,"[0.9984666109085083, 0.0015334185445681214]"
4807,0,50.00%,87.52%,0.0002,"[0.9999328851699829, 6.707727152388543e-05]"
4808,0,49.99%,87.52%,0.0002,"[0.9998871088027954, 0.00011281952902209014]"
4809,1,50.00%,87.53%,0.0231,"[0.021525731310248375, 0.9784743189811707]"
4810,1,50.01%,87.53%,0.0452,"[0.043107662349939346, 0.9568923115730286]"
4811,0,50.00%,87.53%,0.0083,"[0.9917550086975098, 0.008244936354458332]"
4812,0,49.99%,87.53%,0.0002,"[0.9998708963394165, 0.00012910926307085901]"
4813,0,49.98%,87.54%,0.0000,"[0.9999819993972778, 1.802895712899044e-05]"
4814,1,49.99%,87.54%,0.0182,"[0.01859336905181408, 0.9814066886901855]"
4815,1,50.00%,87.54%,0.0581,"[0.06223266199231148, 0.9377673268318176]"
4816,1,50.01%,87.54%,0.0610,"[0.06441493332386017, 0.9355850219726562]"
4817,1,50.02%,87.55%,0.0720,"[0.07166626304388046, 0.9283338189125061]"
4818,0,50.01%,87.55%,0.0884,"[0.9511108994483948, 0.048889122903347015]"
4819,0,50.00%,87.55%,0.0572,"[0.9930638670921326, 0.00693609518930316]"
4820,0,49.99%,87.53%,2.8713,"[0.07377921044826508, 0.9262208342552185]"
4821,1,50.00%,87.54%,0.0379,"[0.03089994378387928, 0.9691001176834106]"
4822,1,50.01%,87.54%,0.0737,"[0.07080578058958054, 0.9291941523551941]"
4823,1,50.02%,87.54%,0.0708,"[0.06651534140110016, 0.933484673500061]"
4824,0,50.01%,87.54%,0.0021,"[0.9986041188240051, 0.0013959017815068364]"
4825,1,50.02%,87.55%,0.0695,"[0.06790771335363388, 0.9320923089981079]"
4826,1,50.03%,87.55%,0.1224,"[0.12140055000782013, 0.8785995244979858]"
4827,1,50.04%,87.55%,0.2025,"[0.1647467017173767, 0.8352533578872681]"
4828,0,50.03%,87.55%,0.0095,"[0.9904780387878418, 0.00952193234115839]"
4829,1,50.04%,87.56%,0.1270,"[0.10812056064605713, 0.8918794393539429]"
4830,0,50.03%,87.56%,1.2333,"[0.5787493586540222, 0.4212506413459778]"
4831,0,50.02%,87.56%,0.0007,"[0.9993539452552795, 0.0006460425793193281]"
4832,0,50.01%,87.56%,0.0002,"[0.9998695850372314, 0.00013044387742411345]"
4833,1,50.02%,87.57%,0.0684,"[0.06373462826013565, 0.9362653493881226]"
4834,1,50.03%,87.57%,0.0419,"[0.04250755533576012, 0.957492470741272]"
4835,0,50.02%,87.57%,0.0049,"[0.9852311611175537, 0.014768801629543304]"
4836,1,50.03%,87.55%,1.1862,"[0.5528683066368103, 0.4471316933631897]"
4837,1,50.04%,87.56%,0.0661,"[0.06937083601951599, 0.9306291937828064]"
4838,0,50.03%,87.56%,0.0189,"[0.9851696491241455, 0.014830323867499828]"
4839,0,50.02%,87.56%,0.0001,"[0.9999128580093384, 8.709741086931899e-05]"
4840,0,50.01%,87.56%,0.0000,"[0.9999760389328003, 2.3911967218737118e-05]"
4841,0,50.00%,87.55%,0.8411,"[0.2250119149684906, 0.774988055229187]"
4842,1,50.01%,87.55%,0.0178,"[0.01700933836400509, 0.9829906225204468]"
4843,0,50.00%,87.55%,0.0000,"[0.9999558925628662, 4.4089807488489896e-05]"
4844,1,50.01%,87.55%,0.0170,"[0.01862945407629013, 0.9813705086708069]"
4845,1,50.02%,87.56%,0.1368,"[0.16072803735733032, 0.8392719626426697]"
4846,1,50.03%,87.56%,0.0813,"[0.08437081426382065, 0.9156291484832764]"
4847,0,50.02%,87.56%,0.0027,"[0.9983044862747192, 0.0016955231549218297]"
4848,1,50.03%,87.56%,0.0936,"[0.05985797569155693, 0.940142035484314]"
4849,0,50.02%,87.57%,0.0031,"[0.9979872703552246, 0.002012713346630335]"
4850,1,50.03%,87.57%,0.3027,"[0.26217812299728394, 0.7378218770027161]"
4851,1,50.04%,87.57%,0.0767,"[0.07036218047142029, 0.9296377897262573]"
4852,0,50.03%,87.55%,1.5157,"[0.2025207132101059, 0.7974792718887329]"
4853,0,50.02%,87.56%,0.0003,"[0.9996076226234436, 0.0003923971962649375]"
4854,1,50.03%,87.56%,0.0338,"[0.03445456549525261, 0.9655454754829407]"
4855,0,50.02%,87.54%,1.9379,"[0.13462182879447937, 0.8653781414031982]"
4856,0,50.01%,87.54%,0.0001,"[0.9996583461761475, 0.0003416637482587248]"
4857,1,50.02%,87.55%,0.0250,"[0.023748314008116722, 0.9762517213821411]"
4858,0,50.01%,87.55%,0.0001,"[0.9996823072433472, 0.0003176601603627205]"
4859,0,50.00%,87.55%,0.0001,"[0.9999306201934814, 6.938388105481863e-05]"
4860,0,49.99%,87.55%,0.0000,"[0.9999794960021973, 2.0533503629849292e-05]"
4861,0,49.98%,87.56%,0.0000,"[0.999994158744812, 5.853149559698068e-06]"
4862,1,49.99%,87.56%,0.0094,"[0.00964815728366375, 0.9903518557548523]"
4863,0,49.98%,87.56%,0.0000,"[0.9999891519546509, 1.0839483365998603e-05]"
4864,0,49.97%,87.56%,0.0000,"[0.9999912977218628, 8.678595804667566e-06]"
4865,0,49.96%,87.57%,0.0000,"[0.9999977350234985, 2.267414402012946e-06]"
4866,0,49.95%,87.57%,0.0000,"[0.999996542930603, 3.419346512600896e-06]"
4867,1,49.96%,87.57%,0.0138,"[0.013365406543016434, 0.9866346120834351]"
4868,1,49.97%,87.57%,0.0479,"[0.031245561316609383, 0.9687544107437134]"
4869,0,49.96%,87.58%,0.0003,"[0.9995720982551575, 0.0004278746491763741]"
4870,0,49.95%,87.58%,0.0001,"[0.9998778104782104, 0.00012216246977914125]"
4871,1,49.96%,87.58%,0.0692,"[0.06541336327791214, 0.9345867037773132]"
4872,1,49.97%,87.58%,0.0461,"[0.04677232354879379, 0.953227698802948]"
4873,0,49.96%,87.59%,0.0002,"[0.9992753863334656, 0.0007245912565849721]"
4874,0,49.95%,87.59%,0.0001,"[0.9999727010726929, 2.7288862838759087e-05]"
4875,0,49.94%,87.59%,0.0000,"[0.9999810457229614, 1.898168738989625e-05]"
4876,0,49.93%,87.59%,0.0000,"[0.9999912977218628, 8.695596079633106e-06]"
4877,1,49.94%,87.60%,0.0103,"[0.010754473507404327, 0.9892455339431763]"
4878,0,49.93%,87.60%,0.0000,"[0.9999836683273315, 1.6373020116589032e-05]"
4879,0,49.92%,87.60%,0.0000,"[0.9999918937683105, 8.164228347595781e-06]"
4880,1,49.93%,87.60%,0.0107,"[0.010316840372979641, 0.9896831512451172]"
4881,0,49.92%,87.61%,0.0001,"[0.9999747276306152, 2.522897739254404e-05]"
4882,1,49.93%,87.61%,0.0172,"[0.017019564285874367, 0.982980489730835]"
4883,0,49.92%,87.61%,0.0000,"[0.9999388456344604, 6.119035242591053e-05]"
4884,0,49.91%,87.59%,3.8139,"[0.019230570644140244, 0.9807693958282471]"
4885,0,49.90%,87.60%,0.0000,"[0.9999735355377197, 2.6428870114614256e-05]"
4886,0,49.89%,87.60%,0.0006,"[0.9999040365219116, 9.600990597391501e-05]"
4887,1,49.90%,87.60%,0.0137,"[0.01335726585239172, 0.9866427183151245]"
4888,0,49.89%,87.60%,0.0001,"[0.9999189376831055, 8.102819265332073e-05]"
4889,0,49.88%,87.61%,0.0000,"[0.9999816417694092, 1.833586247812491e-05]"
4890,0,49.87%,87.61%,0.0000,"[0.9999924898147583, 7.509762326662894e-06]"
4891,0,49.86%,87.61%,0.0000,"[0.9999948740005493, 5.1007145884796046e-06]"
4892,0,49.85%,87.59%,3.9164,"[0.016914930194616318, 0.9830850958824158]"
4893,1,49.86%,87.60%,0.0349,"[0.028662636876106262, 0.9713373184204102]"
4894,0,49.85%,87.60%,0.0000,"[0.9999799728393555, 2.0022516764583997e-05]"
4895,1,49.86%,87.60%,0.0367,"[0.038906242698431015, 0.9610937833786011]"
4896,0,49.85%,87.60%,0.0002,"[0.9997369647026062, 0.00026300500030629337]"
4897,0,49.84%,87.61%,0.0001,"[0.9999476671218872, 5.229902671999298e-05]"
4898,0,49.83%,87.61%,0.0000,"[0.9999827146530151, 1.7286876754951663e-05]"
4899,1,49.84%,87.61%,0.0225,"[0.02202608808875084, 0.9779738783836365]"
4900,0,49.83%,87.61%,0.0000,"[0.9999836683273315, 1.62775359058287e-05]"
4901,0,49.82%,87.60%,1.4192,"[0.1977098435163498, 0.802290141582489]"
4902,0,49.81%,87.58%,3.2062,"[0.044491011649370193, 0.9555089473724365]"
4903,1,49.82%,87.58%,0.0807,"[0.08627714216709137, 0.9137228727340698]"
4904,0,49.81%,87.58%,0.0000,"[0.9999743700027466, 2.5628811272326857e-05]"
4905,0,49.80%,87.59%,0.4664,"[0.7089069485664368, 0.29109305143356323]"
4906,0,49.79%,87.59%,0.0000,"[0.999976634979248, 2.3317108571063727e-05]"
4907,0,49.78%,87.59%,0.0000,"[0.9999918937683105, 8.156679541571066e-06]"
4908,1,49.79%,87.59%,0.6958,"[0.40070289373397827, 0.5992971658706665]"
4909,0,49.78%,87.60%,0.0000,"[0.9999827146530151, 1.726397567836102e-05]"
4910,1,49.79%,87.60%,0.1875,"[0.19339416921138763, 0.8066058158874512]"
4911,0,49.78%,87.60%,0.0001,"[0.9998698234558105, 0.00013014297292102128]"
4912,1,49.79%,87.60%,0.3793,"[0.3046695590019226, 0.6953304409980774]"
4913,1,49.80%,87.61%,0.0756,"[0.06463036686182022, 0.935369610786438]"
4914,1,49.81%,87.61%,0.0818,"[0.08943389356136322, 0.9105660319328308]"
4915,1,49.82%,87.61%,0.2218,"[0.18843139708042145, 0.811568558216095]"
4916,0,49.81%,87.61%,0.0714,"[0.9605348110198975, 0.039465196430683136]"
4917,0,49.80%,87.62%,0.0010,"[0.9981011748313904, 0.001898825983516872]"
4918,0,49.79%,87.60%,2.1277,"[0.11178162693977356, 0.8882184028625488]"
4919,1,49.80%,87.60%,0.0980,"[0.09759657084941864, 0.9024034738540649]"
4920,0,49.79%,87.60%,0.0015,"[0.99834144115448, 0.0016585600096732378]"
4921,0,49.78%,87.61%,0.0003,"[0.9997312426567078, 0.00026875047478824854]"
4922,0,49.77%,87.59%,2.7318,"[0.06733640283346176, 0.93266361951828]"
4923,0,49.76%,87.59%,0.0001,"[0.9999366998672485, 6.327280425466597e-05]"
4924,0,49.75%,87.59%,0.0001,"[0.9999594688415527, 4.050555799040012e-05]"
4925,1,49.76%,87.60%,0.0506,"[0.05131944268941879, 0.9486805200576782]"
4926,1,49.77%,87.60%,0.0731,"[0.06230311840772629, 0.9376968741416931]"
4927,0,49.76%,87.60%,0.0002,"[0.9994876384735107, 0.0005123061710037291]"
4928,1,49.77%,87.60%,0.2316,"[0.23055611550807953, 0.7694438695907593]"
4929,0,49.76%,87.61%,0.0015,"[0.9982049465179443, 0.001795097952708602]"
4930,0,49.75%,87.59%,1.3016,"[0.24757815897464752, 0.7524218559265137]"
4931,1,49.76%,87.59%,0.0632,"[0.061331044882535934, 0.9386690258979797]"
4932,1,49.77%,87.59%,0.3761,"[0.2920605540275574, 0.7079394459724426]"
4933,1,49.78%,87.60%,0.3182,"[0.2923259735107422, 0.7076740264892578]"
4934,1,49.79%,87.60%,0.2802,"[0.25741222500801086, 0.7425878047943115]"
4935,0,49.78%,87.60%,0.0136,"[0.9918136596679688, 0.008186361752450466]"
4936,0,49.77%,87.60%,0.0090,"[0.9904623627662659, 0.00953768566250801]"
4937,0,49.76%,87.61%,0.0004,"[0.999653697013855, 0.0003463483590167016]"
4938,0,49.75%,87.61%,0.0001,"[0.9999676942825317, 3.2306834327755496e-05]"
4939,0,49.74%,87.59%,3.2583,"[0.04261953383684158, 0.957380473613739]"
4940,0,49.73%,87.59%,0.0000,"[0.9999502897262573, 4.976491254637949e-05]"
4941,0,49.72%,87.60%,0.0000,"[0.9999849796295166, 1.506776698079193e-05]"
4942,0,49.71%,87.60%,0.0000,"[0.9999967813491821, 3.2295772598445183e-06]"
4943,1,49.72%,87.60%,0.0219,"[0.020271198824048042, 0.9797287583351135]"
4944,1,49.73%,87.60%,0.0364,"[0.03322915360331535, 0.9667708873748779]"
4945,0,49.72%,87.59%,0.3635,"[0.39653289318084717, 0.6034671068191528]"
4946,0,49.71%,87.59%,0.3449,"[0.7345827221870422, 0.26541727781295776]"
4947,0,49.70%,87.57%,2.9174,"[0.057333193719387054, 0.94266676902771]"
4948,0,49.69%,87.57%,0.0000,"[0.9999924898147583, 7.502503649448045e-06]"
4949,0,49.68%,87.58%,0.0000,"[0.9999953508377075, 4.694776635005837e-06]"
4950,1,49.69%,87.58%,0.0673,"[0.06574685126543045, 0.9342532157897949]"
4951,1,49.70%,87.58%,0.2811,"[0.2611781358718872, 0.738821804523468]"
4952,0,49.69%,87.58%,0.0002,"[0.9996414184570312, 0.00035856617614626884]"
4953,1,49.70%,87.59%,0.1143,"[0.1124340146780014, 0.8875659704208374]"
4954,1,49.71%,87.59%,0.1125,"[0.11242150515317917, 0.8875784873962402]"
4955,1,49.72%,87.59%,0.1136,"[0.1017211303114891, 0.8982788920402527]"
4956,0,49.71%,87.59%,0.0004,"[0.9994626641273499, 0.0005373936728574336]"
4957,1,49.72%,87.60%,0.1357,"[0.09161239117383957, 0.9083876013755798]"
4958,1,49.73%,87.60%,0.2414,"[0.15891093015670776, 0.8410890698432922]"
4959,1,49.74%,87.60%,0.1153,"[0.11396458745002747, 0.8860354423522949]"
4960,1,49.75%,87.60%,0.1480,"[0.1324852705001831, 0.8675147294998169]"
4961,0,49.74%,87.61%,0.0044,"[0.998728334903717, 0.001271621324121952]"
4962,1,49.75%,87.61%,0.1019,"[0.08117552846670151, 0.9188244342803955]"
4963,1,49.76%,87.61%,0.2392,"[0.20845620334148407, 0.79154372215271]"
4964,1,49.77%,87.61%,0.1532,"[0.14692270755767822, 0.8530773520469666]"
4965,1,49.78%,87.62%,0.1450,"[0.14414110779762268, 0.8558588624000549]"
4966,1,49.79%,87.62%,0.2787,"[0.2337329238653183, 0.7662671208381653]"
4967,0,49.78%,87.62%,0.0063,"[0.9733744263648987, 0.026625603437423706]"
4968,0,49.77%,87.62%,0.0015,"[0.999466598033905, 0.000533407786861062]"
4969,1,49.78%,87.63%,0.0680,"[0.07335411012172699, 0.9266458749771118]"
4970,1,49.79%,87.63%,0.0685,"[0.07364212721586227, 0.9263579249382019]"
4971,1,49.80%,87.63%,0.0678,"[0.05902697145938873, 0.9409730434417725]"
4972,0,49.79%,87.61%,1.6880,"[0.16629870235919952, 0.8337013721466064]"
4973,0,49.78%,87.60%,1.5937,"[0.2078305035829544, 0.7921695113182068]"
4974,0,49.77%,87.60%,0.0001,"[0.9999463558197021, 5.35886938450858e-05]"
4975,1,49.78%,87.60%,0.0255,"[0.02863205038011074, 0.9713678956031799]"
4976,0,49.77%,87.58%,3.2958,"[0.03659806028008461, 0.9634018540382385]"
4977,1,49.78%,87.59%,0.0352,"[0.032912541180849075, 0.9670875072479248]"
4978,1,49.79%,87.59%,0.0496,"[0.04574582725763321, 0.954254150390625]"
4979,1,49.80%,87.59%,0.0509,"[0.06001730263233185, 0.9399827122688293]"
4980,0,49.79%,87.57%,2.8132,"[0.06331147253513336, 0.9366885423660278]"
4981,1,49.80%,87.58%,0.0470,"[0.05157596245408058, 0.9484241008758545]"
4982,0,49.79%,87.56%,2.1791,"[0.1477590650320053, 0.8522409200668335]"
4983,1,49.80%,87.56%,0.1234,"[0.11082274466753006, 0.8891772031784058]"
4984,0,49.79%,87.56%,0.0018,"[0.9983641505241394, 0.001635802909731865]"
4985,1,49.80%,87.57%,0.0773,"[0.07929550856351852, 0.9207045435905457]"
4986,1,49.81%,87.57%,0.1377,"[0.12331844866275787, 0.8766815662384033]"
4987,0,49.80%,87.57%,0.0047,"[0.996439516544342, 0.003560400102287531]"
4988,0,49.79%,87.57%,0.0049,"[0.992043673992157, 0.007956400513648987]"
4989,0,49.78%,87.58%,0.0002,"[0.9998321533203125, 0.00016784804756753147]"
4990,1,49.79%,87.58%,0.0639,"[0.06218431890010834, 0.9378156065940857]"
4991,0,49.78%,87.58%,0.0004,"[0.9997877478599548, 0.00021227401157375425]"
4992,0,49.77%,87.56%,2.5512,"[0.12158451974391937, 0.8784155249595642]"
4993,0,49.76%,87.57%,0.0001,"[0.9999755620956421, 2.445404425088782e-05]"
4994,1,49.77%,87.57%,0.1161,"[0.08169101178646088, 0.9183090329170227]"
4995,1,49.78%,87.57%,0.1682,"[0.1327458620071411, 0.8672540783882141]"
4996,1,49.79%,87.57%,0.1780,"[0.17398355901241302, 0.8260164260864258]"
4997,0,49.78%,87.58%,0.0074,"[0.9952507019042969, 0.0047492641024291515]"
4998,1,49.79%,87.58%,0.1094,"[0.08764071017503738, 0.9123592972755432]"
4999,1,49.80%,87.58%,0.1224,"[0.11744685471057892, 0.8825531601905823]"
5000,1,49.81%,87.58%,0.1167,"[0.1213623583316803, 0.8786376118659973]"
5001,0,49.80%,87.58%,0.0074,"[0.998100221157074, 0.001899822149425745]"
5002,0,49.79%,87.59%,0.0001,"[0.9991820454597473, 0.0008179016294889152]"
5003,0,49.78%,87.59%,0.0000,"[0.9999511241912842, 4.881986751570366e-05]"
5004,0,49.77%,87.59%,0.0001,"[0.9999139308929443, 8.606300252722576e-05]"
5005,0,49.76%,87.59%,0.0000,"[0.9999768733978271, 2.311539174115751e-05]"
5006,0,49.75%,87.60%,0.0000,"[0.9999967813491821, 3.2430709779873723e-06]"
5007,1,49.76%,87.60%,0.0280,"[0.02512967959046364, 0.9748703241348267]"
5008,0,49.75%,87.60%,0.0006,"[0.9995824694633484, 0.0004175770445726812]"
5009,0,49.74%,87.60%,0.0000,"[0.9999641180038452, 3.5914621548727155e-05]"
5010,1,49.75%,87.61%,0.1103,"[0.05677063390612602, 0.9432294368743896]"
5011,1,49.76%,87.61%,0.0683,"[0.06707098335027695, 0.9329290390014648]"
5012,1,49.77%,87.61%,0.0640,"[0.06610933691263199, 0.9338906407356262]"
5013,0,49.76%,87.61%,0.0010,"[0.9990713596343994, 0.0009286476415582001]"
5014,0,49.75%,87.62%,0.0003,"[0.999620795249939, 0.00037915169377811253]"
5015,1,49.76%,87.62%,0.0331,"[0.032639604061841965, 0.9673604369163513]"
5016,0,49.75%,87.62%,0.0076,"[0.9939773082733154, 0.006022627931088209]"
5017,1,49.76%,87.62%,0.0372,"[0.03681698441505432, 0.9631829857826233]"
5018,0,49.75%,87.63%,0.0011,"[0.9977704286575317, 0.002229633741080761]"
5019,1,49.76%,87.63%,0.0322,"[0.034366440027952194, 0.9656335115432739]"
5020,0,49.75%,87.63%,0.0524,"[0.7233283519744873, 0.2766716182231903]"
5021,1,49.76%,87.63%,0.0661,"[0.07871098816394806, 0.9212889671325684]"
5022,1,49.77%,87.64%,0.0908,"[0.0897936150431633, 0.9102064371109009]"
5023,0,49.76%,87.64%,0.0032,"[0.9976709485054016, 0.002328980714082718]"
5024,0,49.75%,87.64%,0.0001,"[0.9999274015426636, 7.255689706653357e-05]"
5025,0,49.74%,87.62%,1.8053,"[0.05733764171600342, 0.9426623582839966]"
5026,1,49.75%,87.63%,0.0412,"[0.039459895342588425, 0.9605401158332825]"
5027,1,49.76%,87.63%,0.1502,"[0.11492396891117096, 0.8850760459899902]"
5028,1,49.77%,87.63%,0.0797,"[0.07744136452674866, 0.9225586652755737]"
5029,0,49.76%,87.61%,1.8772,"[0.12556621432304382, 0.8744338154792786]"
5030,0,49.75%,87.60%,1.0948,"[0.27038127183914185, 0.7296187877655029]"
5031,1,49.76%,87.60%,0.0412,"[0.04117366671562195, 0.9588263630867004]"
5032,0,49.75%,87.60%,0.0001,"[0.9999306201934814, 6.939109152881429e-05]"
5033,0,49.74%,87.60%,0.0000,"[0.9999758005142212, 2.41585530602606e-05]"
5034,1,49.75%,87.59%,1.8309,"[0.7076651453971863, 0.2923348546028137]"
5035,1,49.76%,87.59%,0.0637,"[0.06619063764810562, 0.9338093400001526]"
5036,0,49.75%,87.57%,2.6365,"[0.0797148197889328, 0.920285165309906]"
5037,1,49.76%,87.57%,0.0899,"[0.08989914506673813, 0.9101008772850037]"
5038,0,49.75%,87.58%,0.1945,"[0.7263848781585693, 0.2736150920391083]"
5039,0,49.74%,87.58%,0.0003,"[0.999874472618103, 0.00012547885125968605]"
5040,1,49.75%,87.58%,0.0479,"[0.04747430235147476, 0.9525256752967834]"
5041,0,49.74%,87.58%,0.0001,"[0.9999359846115112, 6.39839272480458e-05]"
5042,0,49.73%,87.59%,0.0000,"[0.9999865293502808, 1.3473384569806512e-05]"
5043,1,49.74%,87.59%,0.0377,"[0.032733771950006485, 0.9672662615776062]"
5044,1,49.75%,87.59%,0.3556,"[0.31713026762008667, 0.6828697323799133]"
5045,1,49.76%,87.59%,0.1172,"[0.11248684674501419, 0.8875131011009216]"
5046,0,49.75%,87.60%,0.0029,"[0.9989374279975891, 0.0010625264840200543]"
5047,0,49.74%,87.60%,0.0001,"[0.9999575614929199, 4.2481613490963355e-05]"
5048,1,49.75%,87.60%,0.0403,"[0.03422969952225685, 0.9657702445983887]"
5049,0,49.74%,87.60%,0.0021,"[0.9669083952903748, 0.03309158980846405]"
5050,0,49.73%,87.61%,0.0000,"[0.9999920129776001, 8.01567057351349e-06]"
5051,0,49.72%,87.61%,0.0000,"[0.999995231628418, 4.717346655525034e-06]"
5052,1,49.73%,87.61%,0.0601,"[0.05133821442723274, 0.948661744594574]"
5053,1,49.74%,87.61%,0.0471,"[0.051186706870794296, 0.948813259601593]"
5054,1,49.75%,87.62%,0.0596,"[0.06601791083812714, 0.9339821338653564]"
5055,1,49.76%,87.62%,0.1150,"[0.13266892731189728, 0.8673310279846191]"
5056,0,49.75%,87.60%,1.5134,"[0.20920774340629578, 0.7907922267913818]"
5057,0,49.74%,87.58%,2.0562,"[0.11925552040338516, 0.8807443976402283]"
5058,0,49.73%,87.57%,2.3175,"[0.1045435443520546, 0.8954564332962036]"
5059,1,49.74%,87.57%,0.0676,"[0.061907920986413956, 0.9380921125411987]"
5060,0,49.73%,87.57%,0.0008,"[0.9992141723632812, 0.0007857699529267848]"
5061,0,49.72%,87.57%,0.0001,"[0.9998817443847656, 0.00011825577530544251]"
5062,1,49.73%,87.58%,0.0965,"[0.07506585121154785, 0.9249341487884521]"
5063,0,49.72%,87.58%,0.3504,"[0.9649330973625183, 0.035066913813352585]"
5064,0,49.71%,87.58%,0.0066,"[0.9512698650360107, 0.04873010143637657]"
5065,0,49.70%,87.58%,0.0000,"[0.9999831914901733, 1.676055217103567e-05]"
5066,1,49.71%,87.57%,0.5875,"[0.5739841461181641, 0.4260159432888031]"
5067,1,49.72%,87.57%,0.0972,"[0.08016253262758255, 0.919837474822998]"
5068,0,49.71%,87.57%,0.0002,"[0.9998051524162292, 0.00019492667343001813]"
5069,1,49.72%,87.57%,0.1712,"[0.17011025547981262, 0.829889714717865]"
5070,1,49.73%,87.58%,0.7691,"[0.2729604244232178, 0.727039635181427]"
5071,1,49.74%,87.58%,0.1113,"[0.10918854176998138, 0.8908115029335022]"
5072,1,49.75%,87.58%,0.1298,"[0.10668060183525085, 0.8933194279670715]"
5073,0,49.74%,87.58%,0.0017,"[0.9974865913391113, 0.00251333462074399]"
5074,1,49.75%,87.57%,3.4531,"[0.9705712199211121, 0.02942880429327488]"
5075,1,49.76%,87.57%,0.1807,"[0.16223956644535065, 0.8377603888511658]"
5076,0,49.75%,87.57%,0.0383,"[0.9800215363502502, 0.019978519529104233]"
5077,0,49.74%,87.57%,0.0001,"[0.9998763799667358, 0.00012363932910375297]"
5078,0,49.73%,87.58%,0.0001,"[0.9998887777328491, 0.00011120532144559547]"
5079,1,49.74%,87.58%,0.0281,"[0.03207359090447426, 0.9679264426231384]"
5080,1,49.75%,87.58%,0.0495,"[0.04897229000926018, 0.9510276913642883]"
5081,0,49.74%,87.56%,1.9528,"[0.1786387711763382, 0.8213611841201782]"
5082,1,49.75%,87.57%,0.0610,"[0.05789259448647499, 0.9421073794364929]"
5083,1,49.76%,87.57%,0.1002,"[0.09409346431493759, 0.9059064984321594]"
5084,0,49.75%,87.57%,0.0026,"[0.9965786337852478, 0.0034214130137115717]"
5085,0,49.74%,87.57%,0.0001,"[0.9999440908432007, 5.59248001081869e-05]"
5086,0,49.73%,87.58%,0.0000,"[0.9999842643737793, 1.5742967661935836e-05]"
5087,1,49.74%,87.58%,0.0240,"[0.024289382621645927, 0.9757106304168701]"
5088,1,49.75%,87.58%,0.0427,"[0.04764415696263313, 0.9523558020591736]"
5089,0,49.74%,87.58%,0.0001,"[0.9997958540916443, 0.0002041784318862483]"
5090,1,49.75%,87.59%,0.0508,"[0.05063644051551819, 0.9493635892868042]"
5091,1,49.76%,87.59%,0.1105,"[0.11680910736322403, 0.8831908702850342]"
5092,1,49.77%,87.59%,0.1544,"[0.1715870201587677, 0.8284130096435547]"
5093,1,49.78%,87.59%,0.2158,"[0.17140215635299683, 0.8285977840423584]"
5094,0,49.77%,87.58%,1.2576,"[0.25840723514556885, 0.7415927648544312]"
5095,0,49.76%,87.58%,0.0084,"[0.9918602108955383, 0.00813980121165514]"
5096,1,49.77%,87.58%,0.0739,"[0.07102164626121521, 0.9289783835411072]"
5097,1,49.78%,87.58%,0.1177,"[0.11980350315570831, 0.8801965117454529]"
5098,0,49.77%,87.59%,0.0125,"[0.9929084777832031, 0.007091501262038946]"
5099,1,49.78%,87.59%,0.0772,"[0.07043491303920746, 0.9295650720596313]"
5100,0,49.77%,87.59%,0.0062,"[0.8225059509277344, 0.1774941235780716]"
5101,0,49.76%,87.59%,0.0001,"[0.9998769760131836, 0.0001229761546710506]"
5102,0,49.76%,87.60%,0.0000,"[0.9999816417694092, 1.8387483578408137e-05]"
5103,0,49.75%,87.60%,0.0000,"[0.9999793767929077, 2.0669951481977478e-05]"
5104,1,49.76%,87.60%,0.0219,"[0.02236134000122547, 0.9776386618614197]"
5105,1,49.76%,87.60%,0.0680,"[0.05237038433551788, 0.9476296305656433]"
5106,1,49.77%,87.61%,0.0807,"[0.0797870010137558, 0.920212984085083]"
5107,0,49.77%,87.59%,2.3490,"[0.1032291054725647, 0.8967708349227905]"
5108,1,49.77%,87.59%,0.0866,"[0.07880234718322754, 0.9211976528167725]"
5109,0,49.77%,87.59%,0.0005,"[0.9992095232009888, 0.0007904547965154052]"
5110,0,49.76%,87.58%,2.5859,"[0.07836505770683289, 0.9216349720954895]"
5111,1,49.77%,87.58%,0.0619,"[0.055020418018102646, 0.9449795484542847]"
5112,1,49.78%,87.58%,0.1034,"[0.08871418237686157, 0.9112857580184937]"
5113,1,49.78%,87.58%,0.2004,"[0.16067180037498474, 0.8393282294273376]"
5114,1,49.79%,87.59%,0.1878,"[0.158482164144516, 0.8415178060531616]"
5115,1,49.80%,87.59%,0.1302,"[0.13053369522094727, 0.869466245174408]"
5116,0,49.79%,87.59%,0.0059,"[0.9978901743888855, 0.002109864726662636]"
5117,0,49.79%,87.57%,1.5495,"[0.24570879340171814, 0.7542911767959595]"
5118,0,49.78%,87.58%,0.0001,"[0.9999527931213379, 4.714836904895492e-05]"
5119,1,49.79%,87.58%,0.0394,"[0.038155704736709595, 0.9618443250656128]"
5120,1,49.79%,87.58%,0.0598,"[0.060725487768650055, 0.9392744898796082]"
5121,1,49.80%,87.58%,0.1080,"[0.11872797459363937, 0.88127201795578]"
5122,1,49.81%,87.59%,0.1355,"[0.1176597848534584, 0.8823402523994446]"
5123,1,49.82%,87.59%,0.2065,"[0.17380325496196747, 0.8261967897415161]"
5124,0,49.81%,87.59%,0.0067,"[0.9898883700370789, 0.010111656039953232]"
5125,0,49.80%,87.59%,0.0005,"[0.9994895458221436, 0.0005104204174131155]"
5126,0,49.80%,87.58%,2.3475,"[0.10009784251451492, 0.8999021649360657]"
5127,1,49.80%,87.56%,0.2762,"[0.8941000699996948, 0.10589990019798279]"
5128,1,49.81%,87.56%,0.0848,"[0.08121302723884583, 0.9187870025634766]"
5129,0,49.81%,87.54%,0.0325,"[0.40644004940986633, 0.5935600399971008]"
5130,1,49.81%,87.55%,0.1106,"[0.10764550417661667, 0.8923544883728027]"
5131,0,49.81%,87.53%,2.0245,"[0.13771656155586243, 0.8622834086418152]"
5132,1,49.81%,87.53%,0.1184,"[0.10694782435894012, 0.8930521607398987]"
5133,0,49.81%,87.53%,0.0016,"[0.9982935786247253, 0.0017063907580450177]"
5134,0,49.80%,87.54%,0.0001,"[0.9997835755348206, 0.000216468091821298]"
5135,0,49.79%,87.54%,0.0076,"[0.9893862009048462, 0.010613799095153809]"
5136,1,49.80%,87.54%,0.1000,"[0.15355339646339417, 0.8464466333389282]"
5137,1,49.81%,87.54%,0.1465,"[0.11009355634450912, 0.8899064660072327]"
5138,1,49.82%,87.53%,0.6885,"[0.570415735244751, 0.42958423495292664]"
5139,0,49.81%,87.51%,0.4723,"[0.17570410668849945, 0.8242958784103394]"
5140,0,49.80%,87.49%,1.9501,"[0.12910465896129608, 0.870895266532898]"
5141,1,49.81%,87.50%,0.1043,"[0.11138096451759338, 0.8886190056800842]"
5142,0,49.80%,87.50%,0.0022,"[0.9977527260780334, 0.0022472452837973833]"
5143,0,49.79%,87.50%,0.0003,"[0.999627947807312, 0.0003720810927916318]"
5144,0,49.78%,87.50%,0.0001,"[0.999941349029541, 5.8702280512079597e-05]"
5145,1,49.79%,87.50%,0.0416,"[0.0460532121360302, 0.9539467692375183]"
5146,1,49.80%,87.51%,0.0678,"[0.06314150989055634, 0.9368584156036377]"
5147,1,49.81%,87.51%,0.0711,"[0.06689837574958801, 0.9331016540527344]"
5148,0,49.80%,87.49%,2.3181,"[0.15402446687221527, 0.8459755182266235]"
5149,1,49.81%,87.50%,0.0990,"[0.08795482665300369, 0.9120452404022217]"
5150,1,49.82%,87.50%,0.2222,"[0.13273490965366364, 0.8672651052474976]"
5151,0,49.81%,87.50%,0.0025,"[0.9978296160697937, 0.002170363673940301]"
5152,0,49.80%,87.50%,0.0003,"[0.9997016787528992, 0.00029827194521203637]"
5153,1,49.81%,87.50%,0.0914,"[0.11728886514902115, 0.8827111721038818]"
5154,0,49.80%,87.51%,0.0006,"[0.9994804263114929, 0.0005195992416702211]"
5155,1,49.81%,87.51%,0.0886,"[0.0808338150382042, 0.9191661477088928]"
5156,0,49.80%,87.51%,0.0006,"[0.9995136260986328, 0.0004863764042966068]"
5157,0,49.79%,87.51%,0.0002,"[0.999779999256134, 0.00022005323262419552]"
5158,1,49.80%,87.52%,0.1289,"[0.13656839728355408, 0.8634316325187683]"
5159,1,49.81%,87.52%,0.1829,"[0.14629311859607697, 0.8537068367004395]"
5160,0,49.80%,87.52%,0.0015,"[0.9978978633880615, 0.002102077007293701]"
5161,1,49.81%,87.52%,0.0933,"[0.08981090039014816, 0.910189151763916]"
5162,0,49.80%,87.53%,0.0784,"[0.9470815062522888, 0.052918463945388794]"
5163,1,49.81%,87.53%,0.0878,"[0.08036761730909348, 0.9196323752403259]"
5164,0,49.80%,87.53%,0.0029,"[0.9977292418479919, 0.002270745113492012]"
5165,0,49.79%,87.53%,0.0003,"[0.9995095729827881, 0.0004904374363832176]"
5166,0,49.78%,87.54%,0.0001,"[0.9999607801437378, 3.925814962713048e-05]"
5167,1,49.79%,87.54%,0.0321,"[0.032841891050338745, 0.9671580791473389]"
5168,0,49.78%,87.54%,0.0009,"[0.9993290901184082, 0.0006709468434564769]"
5169,1,49.79%,87.54%,0.0435,"[0.04104211553931236, 0.9589579105377197]"
5170,0,49.78%,87.55%,1.5599,"[0.6446993947029114, 0.35530057549476624]"
5171,0,49.77%,87.55%,0.0008,"[0.9979860782623291, 0.0020139203406870365]"
5172,0,49.76%,87.55%,0.0013,"[0.9995380640029907, 0.00046199129428714514]"
5173,1,49.77%,87.55%,0.0353,"[0.03498644009232521, 0.9650135636329651]"
5174,0,49.76%,87.54%,0.6943,"[0.2459009289741516, 0.7540990710258484]"
5175,1,49.77%,87.54%,0.0538,"[0.05720178782939911, 0.9427981972694397]"
5176,0,49.76%,87.52%,2.4327,"[0.0870169848203659, 0.9129829406738281]"
5177,1,49.77%,87.52%,0.0546,"[0.054503437131643295, 0.9454965591430664]"
5178,0,49.76%,87.53%,0.0005,"[0.99901282787323, 0.0009871794609352946]"
5179,1,49.77%,87.53%,0.0573,"[0.05839074030518532, 0.9416093230247498]"
5180,1,49.78%,87.53%,0.0940,"[0.08962365239858627, 0.9103763103485107]"
5181,1,49.79%,87.53%,0.1951,"[0.17156954109668732, 0.8284304738044739]"
5182,1,49.80%,87.54%,0.2524,"[0.1844414919614792, 0.8155584931373596]"
5183,1,49.81%,87.54%,0.3234,"[0.288375586271286, 0.7116244435310364]"
5184,0,49.80%,87.54%,0.0081,"[0.9799731969833374, 0.020026795566082]"
5185,0,49.79%,87.54%,0.0021,"[0.9993434548377991, 0.0006565169896930456]"
5186,0,49.78%,87.53%,2.2846,"[0.08668767660856247, 0.9133122563362122]"
5187,1,49.79%,87.53%,0.0521,"[0.05029118433594704, 0.9497088193893433]"
5188,1,49.80%,87.53%,0.0577,"[0.063047856092453, 0.9369521141052246]"
5189,0,49.79%,87.53%,0.0008,"[0.9993491768836975, 0.0006507935468107462]"
5190,1,49.80%,87.54%,0.0726,"[0.06119298189878464, 0.9388070702552795]"
5191,0,49.79%,87.54%,0.0010,"[0.9998064637184143, 0.00019356131087988615]"
5192,0,49.78%,87.54%,0.0001,"[0.9999287128448486, 7.129571167752147e-05]"
5193,0,49.77%,87.54%,0.0000,"[0.9999834299087524, 1.657540451560635e-05]"
5194,0,49.76%,87.55%,0.0000,"[0.9999929666519165, 7.075207577145193e-06]"
5195,0,49.75%,87.55%,0.0000,"[0.9999090433120728, 9.09542286535725e-05]"
5196,1,49.76%,87.55%,0.0265,"[0.02663901448249817, 0.9733610153198242]"
5197,0,49.75%,87.55%,0.0000,"[0.9999701976776123, 2.9770359105896205e-05]"
5198,0,49.74%,87.54%,3.3217,"[0.04454358294606209, 0.9554563760757446]"
5199,1,49.75%,87.54%,0.0364,"[0.03862204775214195, 0.9613779187202454]"
5200,1,49.76%,87.54%,0.1153,"[0.07209622114896774, 0.9279037714004517]"
5201,0,49.75%,87.52%,1.7616,"[0.1958865076303482, 0.8041134476661682]"
5202,0,49.74%,87.53%,0.0004,"[0.9996121525764465, 0.00038790248800069094]"
5203,1,49.75%,87.51%,2.6599,"[0.6486907601356506, 0.35130926966667175]"
5204,0,49.74%,87.51%,0.0002,"[0.999841570854187, 0.0001583881676197052]"
5205,0,49.73%,87.51%,0.0003,"[0.9941790103912354, 0.005820966325700283]"
5206,1,49.74%,87.52%,0.0649,"[0.052931029349565506, 0.9470690488815308]"
5207,1,49.75%,87.52%,0.0889,"[0.07631812244653702, 0.9236818552017212]"
5208,1,49.76%,87.52%,0.1086,"[0.07938075065612793, 0.9206192493438721]"
5209,1,49.77%,87.52%,0.3656,"[0.2871226668357849, 0.7128772735595703]"
5210,1,49.78%,87.53%,0.4882,"[0.2670367956161499, 0.7329631447792053]"
5211,0,49.77%,87.51%,1.7620,"[0.20014162361621857, 0.7998584508895874]"
5212,1,49.78%,87.51%,0.1672,"[0.14411011338233948, 0.8558899164199829]"
5213,0,49.77%,87.51%,0.0017,"[0.998504638671875, 0.0014953598147258162]"
5214,0,49.76%,87.52%,0.0004,"[0.9992697834968567, 0.0007301636505872011]"
5215,1,49.77%,87.52%,0.0724,"[0.07802867144346237, 0.9219713807106018]"
5216,0,49.76%,87.52%,0.0014,"[0.9986611604690552, 0.001338802743703127]"
5217,0,49.75%,87.52%,0.0001,"[0.9998910427093506, 0.00010896255844272673]"
5218,0,49.74%,87.53%,0.0001,"[0.9999164342880249, 8.360407809959725e-05]"
5219,1,49.75%,87.53%,0.0334,"[0.0343477800488472, 0.9656521677970886]"
5220,0,49.74%,87.53%,0.0001,"[0.9997411370277405, 0.00025889030075632036]"
5221,0,49.73%,87.53%,0.0000,"[0.999983549118042, 1.6449081158498302e-05]"
5222,1,49.74%,87.54%,0.0398,"[0.036722563207149506, 0.9632773995399475]"
5223,0,49.73%,87.54%,0.0005,"[0.9994332194328308, 0.000566779519431293]"
5224,0,49.72%,87.52%,2.9545,"[0.051066864281892776, 0.9489331841468811]"
5225,0,49.71%,87.50%,2.0777,"[0.13391175866127014, 0.8660882711410522]"
5226,0,49.70%,87.51%,0.0032,"[0.9933871626853943, 0.00661287410184741]"
5227,1,49.71%,87.51%,0.0393,"[0.04041898995637894, 0.9595809578895569]"
5228,1,49.72%,87.51%,0.0658,"[0.0762731283903122, 0.9237269163131714]"
5229,1,49.73%,87.51%,0.1130,"[0.10516733676195145, 0.8948326706886292]"
5230,0,49.72%,87.52%,0.0005,"[0.9994872808456421, 0.0005127102485857904]"
5231,0,49.71%,87.52%,0.0003,"[0.9992528557777405, 0.0007471124990843236]"
5232,1,49.72%,87.52%,0.1602,"[0.16702662408351898, 0.8329733610153198]"
5233,0,49.71%,87.52%,0.0003,"[0.9995429515838623, 0.00045712266000919044]"
5234,1,49.72%,87.53%,0.0741,"[0.07653531432151794, 0.9234646558761597]"
5235,0,49.71%,87.53%,0.0048,"[0.9983048439025879, 0.0016951259458437562]"
5236,1,49.72%,87.53%,0.0699,"[0.06502000987529755, 0.934980034828186]"
5237,1,49.73%,87.53%,0.1276,"[0.11928754299879074, 0.8807124495506287]"
5238,0,49.72%,87.54%,0.0051,"[0.9979667663574219, 0.002033313037827611]"
5239,0,49.71%,87.52%,1.9331,"[0.13358692824840546, 0.8664130568504333]"
5240,1,49.72%,87.52%,0.0900,"[0.09557873755693436, 0.904421329498291]"
5241,0,49.71%,87.50%,1.9328,"[0.1293707937002182, 0.8706291913986206]"
5242,1,49.72%,87.51%,0.1428,"[0.1321597546339035, 0.8678402304649353]"
5243,0,49.71%,87.49%,1.7688,"[0.1722448766231537, 0.8277551531791687]"
5244,1,49.72%,87.49%,0.1605,"[0.15301993489265442, 0.8469800353050232]"
5245,1,49.73%,87.50%,0.3590,"[0.26301318407058716, 0.7369868159294128]"
5246,0,49.72%,87.48%,0.8225,"[0.39079299569129944, 0.6092069745063782]"
5247,0,49.71%,87.46%,0.8765,"[0.3975825905799866, 0.6024174094200134]"
5248,0,49.70%,87.46%,0.0002,"[0.9997327923774719, 0.0002672409173101187]"
5249,0,49.70%,87.47%,0.0003,"[0.9995483756065369, 0.000451597006758675]"
5250,0,49.69%,87.47%,0.0001,"[0.9999325275421143, 6.743322592228651e-05]"
5251,1,49.70%,87.47%,0.1166,"[0.12620055675506592, 0.8737995028495789]"
5252,0,49.69%,87.45%,1.9410,"[0.15273602306842804, 0.8472639918327332]"
5253,0,49.68%,87.46%,0.0001,"[0.9999334812164307, 6.647937698289752e-05]"
5254,1,49.69%,87.46%,0.1279,"[0.13997620344161987, 0.8600237369537354]"
5255,1,49.70%,87.46%,0.4589,"[0.3731875717639923, 0.6268123984336853]"
5256,0,49.69%,87.46%,0.1187,"[0.8659582138061523, 0.13404175639152527]"
5257,0,49.68%,87.47%,0.0009,"[0.9997983574867249, 0.00020167147158645093]"
5258,1,49.69%,87.47%,0.1956,"[0.16318568587303162, 0.836814284324646]"
5259,0,49.68%,87.47%,0.0008,"[0.9990503191947937, 0.000949679350014776]"
5260,1,49.69%,87.47%,0.1352,"[0.12979528307914734, 0.8702046871185303]"
5261,0,49.68%,87.48%,0.0002,"[0.9995455145835876, 0.0004544688272289932]"
5262,0,49.67%,87.48%,0.0004,"[0.9998148083686829, 0.00018526497296988964]"
5263,0,49.66%,87.48%,0.0522,"[0.9853512048721313, 0.01464876625686884]"
5264,0,49.65%,87.48%,0.0001,"[0.9999732971191406, 2.670675894478336e-05]"
5265,0,49.64%,87.49%,0.0000,"[0.9999901056289673, 9.888992281048559e-06]"
5266,1,49.65%,87.49%,0.1602,"[0.12526731193065643, 0.8747327327728271]"
5267,0,49.64%,87.49%,0.0001,"[0.9999493360519409, 5.065476580057293e-05]"
5268,0,49.63%,87.49%,0.0000,"[0.9999825954437256, 1.7388279957231134e-05]"
5269,0,49.62%,87.50%,0.0000,"[0.9999843835830688, 1.562395664223004e-05]"
5270,1,49.63%,87.50%,0.0590,"[0.061128854751586914, 0.9388711452484131]"
5271,1,49.64%,87.50%,0.1201,"[0.1122039183974266, 0.8877961039543152]"
5272,0,49.63%,87.50%,0.0002,"[0.9999266862869263, 7.324889884330332e-05]"
5273,1,49.64%,87.50%,0.1330,"[0.13738490641117096, 0.862615168094635]"
5274,0,49.63%,87.51%,0.0003,"[0.9996210336685181, 0.0003789094334933907]"
5275,1,49.64%,87.51%,0.1053,"[0.09783616662025452, 0.9021638035774231]"
5276,1,49.65%,87.51%,0.1123,"[0.10129068046808243, 0.8987093567848206]"
5277,1,49.66%,87.51%,0.2176,"[0.2339438945055008, 0.7660561203956604]"
5278,0,49.65%,87.52%,0.0018,"[0.9981252551078796, 0.0018747671274468303]"
5279,0,49.64%,87.52%,0.0002,"[0.9998661279678345, 0.00013390101958066225]"
5280,0,49.63%,87.52%,0.0020,"[0.999402642250061, 0.0005973909283056855]"
5281,0,49.62%,87.52%,0.0001,"[0.9999064207077026, 9.358806710224599e-05]"
5282,0,49.61%,87.53%,0.0000,"[0.9999880790710449, 1.1878746590809897e-05]"
5283,0,49.60%,87.53%,0.0023,"[0.9990854263305664, 0.0009145818767137825]"
5284,0,49.59%,87.53%,0.0000,"[0.9999758005142212, 2.4192351702367887e-05]"
5285,0,49.58%,87.53%,0.0000,"[0.9999908208847046, 9.157507520285435e-06]"
5286,0,49.57%,87.54%,0.0000,"[0.9999945163726807, 5.496954145201016e-06]"
5287,1,49.58%,87.54%,0.0914,"[0.04736490175127983, 0.9526350498199463]"
5288,1,49.59%,87.54%,0.0523,"[0.050587248057127, 0.9494128227233887]"
5289,0,49.58%,87.54%,0.0066,"[0.9975367784500122, 0.002463188488036394]"
5290,0,49.57%,87.54%,0.0001,"[0.999885082244873, 0.00011489765165606514]"
5291,1,49.58%,87.55%,0.0357,"[0.033086176961660385, 0.9669138193130493]"
5292,1,49.59%,87.55%,0.0456,"[0.05289546772837639, 0.9471045136451721]"
5293,1,49.60%,87.55%,0.0716,"[0.08329152315855026, 0.9167085289955139]"
5294,0,49.59%,87.55%,0.0021,"[0.9992536902427673, 0.0007462700014002621]"
5295,0,49.58%,87.56%,0.0001,"[0.9998142123222351, 0.00018582117627374828]"
5296,1,49.59%,87.56%,0.0369,"[0.029493074864149094, 0.9705069661140442]"
5297,1,49.60%,87.56%,0.1084,"[0.10710650682449341, 0.8928935527801514]"
5298,0,49.59%,87.56%,0.0002,"[0.9997535347938538, 0.00024642684729769826]"
5299,1,49.60%,87.57%,0.0398,"[0.040870849043130875, 0.9591291546821594]"
5300,0,49.59%,87.57%,0.0007,"[0.9997398257255554, 0.00026011449517682195]"
5301,1,49.60%,87.57%,0.0453,"[0.04848749190568924, 0.9515125751495361]"
5302,0,49.59%,87.55%,3.0639,"[0.03919452056288719, 0.9608054757118225]"
5303,0,49.59%,87.54%,2.9915,"[0.055519793182611465, 0.9444802403450012]"
5304,0,49.58%,87.54%,0.1790,"[0.9957228899002075, 0.004277109634131193]"
5305,0,49.57%,87.54%,0.0000,"[0.9999068975448608, 9.30997557588853e-05]"
5306,0,49.56%,87.54%,0.0007,"[0.999602735042572, 0.0003973057318944484]"
5307,0,49.55%,87.55%,0.0000,"[0.9999827146530151, 1.7330172340734862e-05]"
5308,0,49.54%,87.53%,2.3655,"[0.11964914202690125, 0.8803508281707764]"
5309,0,49.53%,87.53%,0.0000,"[0.9999868869781494, 1.3086509170534555e-05]"
5310,0,49.52%,87.52%,3.5981,"[0.02578580565750599, 0.9742142558097839]"
5311,1,49.53%,87.52%,0.0326,"[0.031330376863479614, 0.968669593334198]"
5312,0,49.52%,87.52%,0.0008,"[0.9995459914207458, 0.00045395269989967346]"
5313,1,49.53%,87.52%,0.0557,"[0.05507070943713188, 0.944929301738739]"
5314,0,49.52%,87.53%,0.0001,"[0.9998894929885864, 0.00011052124318666756]"
5315,1,49.53%,87.53%,0.0478,"[0.04372721165418625, 0.9562727212905884]"
5316,1,49.54%,87.53%,0.0889,"[0.08628349006175995, 0.9137164950370789]"
5317,0,49.53%,87.53%,0.0003,"[0.9998464584350586, 0.00015348714077845216]"
5318,0,49.52%,87.54%,0.0001,"[0.9999091625213623, 9.080568270292133e-05]"
5319,1,49.53%,87.54%,0.0827,"[0.08508085459470749, 0.9149191379547119]"
5320,0,49.52%,87.54%,0.0005,"[0.9997028708457947, 0.0002970652421936393]"
5321,1,49.53%,87.54%,0.0604,"[0.05915016680955887, 0.9408498406410217]"
5322,1,49.54%,87.54%,0.0618,"[0.05820184946060181, 0.9417980909347534]"
5323,1,49.55%,87.55%,0.1513,"[0.1322903037071228, 0.8677096962928772]"
5324,1,49.56%,87.55%,0.1395,"[0.16934970021247864, 0.8306503295898438]"
5325,1,49.57%,87.55%,0.1540,"[0.18086543679237366, 0.8191345930099487]"
5326,0,49.56%,87.55%,0.0010,"[0.9972564578056335, 0.002743532881140709]"
5327,1,49.57%,87.56%,0.1144,"[0.13707545399665833, 0.8629244565963745]"
5328,0,49.56%,87.56%,0.0024,"[0.9978461265563965, 0.002153914188966155]"
5329,1,49.57%,87.56%,0.0809,"[0.07497098296880722, 0.9250290393829346]"
5330,1,49.58%,87.56%,0.1314,"[0.10479023307561874, 0.895209789276123]"
5331,1,49.59%,87.57%,0.1650,"[0.17063425481319427, 0.8293657302856445]"
5332,0,49.58%,87.57%,0.0036,"[0.9991993308067322, 0.0008006983553059399]"
5333,0,49.57%,87.57%,0.0001,"[0.9999227523803711, 7.720468420302495e-05]"
5334,1,49.58%,87.57%,0.7650,"[0.24558284878730774, 0.7544171810150146]"
5335,0,49.57%,87.57%,0.0001,"[0.9998346567153931, 0.00016527820844203234]"
5336,1,49.58%,87.58%,0.0576,"[0.053460389375686646, 0.9465396404266357]"
5337,0,49.57%,87.58%,0.0004,"[0.999546229839325, 0.00045374827459454536]"
5338,1,49.58%,87.58%,0.0890,"[0.07437676936388016, 0.9256232380867004]"
5339,0,49.57%,87.57%,0.9500,"[0.13173097372055054, 0.8682689666748047]"
5340,0,49.56%,87.57%,0.0001,"[0.9999089241027832, 9.107295045396313e-05]"
5341,0,49.55%,87.57%,0.0001,"[0.9996349811553955, 0.000365041836630553]"
5342,0,49.54%,87.55%,0.8103,"[0.47680720686912537, 0.5231927633285522]"
5343,1,49.55%,87.56%,0.0353,"[0.03763973340392113, 0.9623603224754333]"
5344,1,49.56%,87.56%,0.0815,"[0.08686284720897675, 0.9131371974945068]"
5345,0,49.55%,87.56%,0.0009,"[0.9991530179977417, 0.0008469396270811558]"
5346,0,49.54%,87.56%,0.0001,"[0.999915361404419, 8.461224206257612e-05]"
5347,1,49.55%,87.57%,0.0436,"[0.04241034761071205, 0.9575896859169006]"
5348,0,49.54%,87.55%,2.4756,"[0.08555912971496582, 0.9144408702850342]"
5349,0,49.53%,87.55%,0.0147,"[0.6557813882827759, 0.3442186117172241]"
5350,1,49.54%,87.55%,0.0681,"[0.07395138591527939, 0.9260486364364624]"
5351,0,49.53%,87.56%,0.1833,"[0.6632167100906372, 0.3367833197116852]"
5352,1,49.54%,87.56%,0.0514,"[0.06725795567035675, 0.9327420592308044]"
5353,0,49.53%,87.56%,0.0002,"[0.9998422861099243, 0.00015767994045745581]"
5354,1,49.54%,87.56%,0.3590,"[0.17679673433303833, 0.8232033252716064]"
5355,1,49.55%,87.57%,0.0879,"[0.08193325251340866, 0.9180667400360107]"
5356,1,49.56%,87.57%,0.1285,"[0.2095913141965866, 0.7904086709022522]"
5357,0,49.55%,87.57%,0.0029,"[0.9960707426071167, 0.003929230384528637]"
5358,1,49.56%,87.57%,0.1325,"[0.10144451260566711, 0.8985555171966553]"
5359,1,49.57%,87.57%,0.1404,"[0.1321287304162979, 0.8678712844848633]"
5360,1,49.58%,87.58%,0.2663,"[0.26510319113731384, 0.7348967790603638]"
5361,1,49.59%,87.58%,0.1128,"[0.10505329072475433, 0.8949466347694397]"
5362,1,49.60%,87.58%,0.1381,"[0.11442451179027557, 0.8855754137039185]"
5363,0,49.59%,87.58%,0.0007,"[0.9992876648902893, 0.0007123373216018081]"
5364,0,49.58%,87.57%,2.6416,"[0.07082697004079819, 0.9291730523109436]"
5365,0,49.57%,87.57%,0.0005,"[0.9996053576469421, 0.0003946493670810014]"
5366,0,49.56%,87.57%,0.9133,"[0.9969243407249451, 0.0030755933839827776]"
5367,1,49.57%,87.57%,0.0572,"[0.043012503534555435, 0.9569875001907349]"
5368,1,49.58%,87.58%,0.0879,"[0.08112090080976486, 0.9188790917396545]"
5369,1,49.59%,87.58%,0.1043,"[0.09368909895420074, 0.9063109159469604]"
5370,1,49.60%,87.58%,0.0704,"[0.08913563936948776, 0.9108643531799316]"
5371,0,49.59%,87.58%,0.0035,"[0.9951454997062683, 0.004854502622038126]"
5372,1,49.60%,87.59%,0.0615,"[0.07723875343799591, 0.9227612018585205]"
5373,0,49.59%,87.59%,0.0002,"[0.9996298551559448, 0.00037017904105596244]"
5374,1,49.60%,87.59%,0.0519,"[0.04103226214647293, 0.9589677453041077]"
5375,1,49.61%,87.59%,0.1886,"[0.058875977993011475, 0.9411239624023438]"
5376,1,49.62%,87.60%,0.0650,"[0.04991338029503822, 0.9500865936279297]"
5377,1,49.63%,87.60%,0.0827,"[0.08049575239419937, 0.9195042848587036]"
5378,1,49.64%,87.60%,0.1650,"[0.13627029955387115, 0.8637296557426453]"
5379,0,49.63%,87.60%,0.1164,"[0.5794703960418701, 0.42052966356277466]"
5380,0,49.62%,87.59%,2.4229,"[0.1411166489124298, 0.8588833212852478]"
5381,1,49.63%,87.59%,0.2512,"[0.433718740940094, 0.566281259059906]"
5382,0,49.62%,87.59%,0.0012,"[0.9983993172645569, 0.001600738032720983]"
5383,1,49.63%,87.59%,0.0572,"[0.05463592708110809, 0.9453641176223755]"
5384,0,49.62%,87.60%,0.0001,"[0.9999521970748901, 4.7784931666683406e-05]"
5385,0,49.61%,87.60%,0.0000,"[0.9999871253967285, 1.2921203051519115e-05]"
5386,0,49.60%,87.60%,0.0000,"[0.999987006187439, 1.2941204659000505e-05]"
5387,0,49.59%,87.58%,3.0385,"[0.04181243106722832, 0.9581875205039978]"
5388,1,49.60%,87.59%,0.0694,"[0.07040701806545258, 0.9295929670333862]"
5389,0,49.59%,87.57%,2.5905,"[0.09469688683748245, 0.9053030610084534]"
5390,1,49.60%,87.57%,0.0481,"[0.040621403604745865, 0.9593786001205444]"
5391,0,49.59%,87.57%,0.0001,"[0.9995954632759094, 0.0004045134992338717]"
5392,1,49.60%,87.58%,0.0874,"[0.08087707310914993, 0.9191229343414307]"
5393,0,49.59%,87.58%,0.0022,"[0.998894989490509, 0.0011050201719626784]"
5394,1,49.60%,87.58%,0.0637,"[0.06148046255111694, 0.9385195374488831]"
5395,0,49.59%,87.58%,0.0003,"[0.9998347759246826, 0.0001651825732551515]"
5396,1,49.60%,87.59%,0.0796,"[0.07192444056272507, 0.9280756115913391]"
5397,1,49.61%,87.59%,0.1462,"[0.14225196838378906, 0.8577480912208557]"
5398,0,49.60%,87.59%,0.0049,"[0.9971153736114502, 0.002884620102122426]"
5399,1,49.61%,87.59%,0.0915,"[0.10099714249372482, 0.8990028500556946]"
5400,1,49.62%,87.59%,0.1178,"[0.09436757117509842, 0.9056324362754822]"
5401,0,49.61%,87.60%,0.0003,"[0.9993878602981567, 0.0006121352780610323]"
5402,1,49.62%,87.60%,0.1241,"[0.12310773134231567, 0.8768922090530396]"
5403,0,49.61%,87.60%,0.0007,"[0.9987286925315857, 0.0012712555471807718]"
5404,1,49.62%,87.60%,0.1890,"[0.23659923672676086, 0.7634007930755615]"
5405,1,49.63%,87.61%,0.1420,"[0.14211051166057587, 0.8578894734382629]"
5406,1,49.64%,87.61%,0.2117,"[0.18965908885002136, 0.810340940952301]"
5407,1,49.65%,87.61%,0.3207,"[0.2730630934238434, 0.726936936378479]"
5408,0,49.64%,87.61%,0.0412,"[0.9549748301506042, 0.04502517729997635]"
5409,1,49.65%,87.62%,0.1320,"[0.1247403547167778, 0.8752596378326416]"
5410,0,49.64%,87.62%,0.0013,"[0.9975799322128296, 0.0024200754705816507]"
5411,0,49.63%,87.62%,0.0002,"[0.9997925162315369, 0.0002074751682812348]"
5412,0,49.62%,87.62%,0.0001,"[0.9998897314071655, 0.00011025313870050013]"
5413,1,49.63%,87.62%,0.0271,"[0.02598969265818596, 0.9740102887153625]"
5414,1,49.64%,87.63%,0.0509,"[0.052500657737255096, 0.9474993944168091]"
5415,1,49.65%,87.63%,0.1030,"[0.11763510853052139, 0.8823649287223816]"
5416,1,49.66%,87.63%,0.1119,"[0.10745123773813248, 0.8925487399101257]"
5417,1,49.67%,87.63%,0.1393,"[0.1242048442363739, 0.8757951855659485]"
5418,0,49.66%,87.64%,0.0019,"[0.9918869137763977, 0.008113081566989422]"
5419,0,49.65%,87.64%,0.0001,"[0.9987872242927551, 0.0012127500958740711]"
5420,1,49.66%,87.64%,0.0505,"[0.040426768362522125, 0.9595732092857361]"
5421,0,49.65%,87.64%,0.0015,"[0.9989228844642639, 0.00107711146119982]"
5422,1,49.66%,87.65%,0.0413,"[0.042741235345602036, 0.9572587609291077]"
5423,1,49.67%,87.65%,0.0588,"[0.046316009014844894, 0.9536839723587036]"
5424,0,49.66%,87.65%,0.0585,"[0.6514878273010254, 0.3485121726989746]"
5425,0,49.65%,87.65%,0.0006,"[0.988612711429596, 0.011387296952307224]"
5426,0,49.64%,87.65%,0.5646,"[0.6787934899330139, 0.3212064802646637]"
5427,0,49.63%,87.66%,0.0044,"[0.9985842704772949, 0.0014157379046082497]"
5428,1,49.64%,87.66%,0.0153,"[0.015323160216212273, 0.9846768975257874]"
5429,1,49.65%,87.66%,0.0426,"[0.04188073053956032, 0.95811927318573]"
5430,1,49.66%,87.66%,0.0389,"[0.038216009736061096, 0.9617840051651001]"
5431,0,49.65%,87.65%,2.7845,"[0.06545743346214294, 0.9345425367355347]"
5432,0,49.64%,87.65%,0.0307,"[0.9793856143951416, 0.020614368841052055]"
5433,1,49.65%,87.65%,0.0313,"[0.02975623868405819, 0.9702437520027161]"
5434,1,49.66%,87.65%,0.0707,"[0.07821285724639893, 0.9217871427536011]"
5435,1,49.67%,87.66%,0.0967,"[0.06352410465478897, 0.9364758729934692]"
5436,1,49.68%,87.66%,0.1334,"[0.12879715859889984, 0.871202826499939]"
5437,0,49.67%,87.66%,0.0065,"[0.9936483502388, 0.006351612042635679]"
5438,1,49.68%,87.66%,0.0854,"[0.08742370456457138, 0.9125763177871704]"
5439,0,49.67%,87.67%,0.0003,"[0.999754011631012, 0.00024593487614765763]"
5440,0,49.66%,87.65%,1.5355,"[0.2314930260181427, 0.7685070037841797]"
5441,1,49.67%,87.65%,0.0362,"[0.03605852276086807, 0.9639414548873901]"
5442,1,49.68%,87.65%,0.0920,"[0.08263464272022247, 0.9173653721809387]"
5443,1,49.69%,87.66%,0.1123,"[0.10977624356746674, 0.8902238011360168]"
5444,1,49.70%,87.66%,0.0946,"[0.07787630707025528, 0.9221236705780029]"
5445,0,49.69%,87.66%,0.0008,"[0.9980820417404175, 0.0019180249655619264]"
5446,1,49.70%,87.66%,0.0449,"[0.05952125042676926, 0.9404788017272949]"
5447,0,49.69%,87.67%,0.0003,"[0.9997959733009338, 0.00020403343660291284]"
5448,1,49.70%,87.67%,0.0380,"[0.03960013762116432, 0.960399866104126]"
5449,0,49.69%,87.67%,0.0000,"[0.9998846054077148, 0.00011541650019353256]"
5450,0,49.68%,87.67%,0.0001,"[0.999908447265625, 9.158696047961712e-05]"
5451,0,49.67%,87.67%,0.0000,"[0.9999823570251465, 1.7692191249807365e-05]"
5452,1,49.68%,87.68%,0.0220,"[0.02417713962495327, 0.975822925567627]"
5453,0,49.67%,87.68%,0.0000,"[0.9999395608901978, 6.038569699740037e-05]"
5454,1,49.68%,87.68%,0.0279,"[0.021078631281852722, 0.9789213538169861]"
5455,0,49.67%,87.68%,1.8227,"[0.8370252251625061, 0.16297480463981628]"
5456,1,49.68%,87.69%,0.0439,"[0.05086243897676468, 0.9491375684738159]"
5457,1,49.69%,87.69%,0.0502,"[0.05776549503207207, 0.942234456539154]"
5458,0,49.68%,87.67%,2.3338,"[0.08514654636383057, 0.9148534536361694]"
5459,0,49.67%,87.67%,0.0001,"[0.9999440908432007, 5.594005779130384e-05]"
5460,1,49.68%,87.68%,0.2043,"[0.12314898520708084, 0.876850962638855]"
5461,1,49.69%,87.68%,0.1019,"[0.10018149763345718, 0.899818480014801]"
5462,1,49.70%,87.68%,0.1401,"[0.12365525215864182, 0.8763446807861328]"
5463,0,49.69%,87.68%,0.0010,"[0.9983410835266113, 0.0016588885337114334]"
5464,0,49.68%,87.69%,0.0002,"[0.9999041557312012, 9.582687926013023e-05]"
5465,1,49.69%,87.69%,0.1821,"[0.15212482213974, 0.84787517786026]"
5466,0,49.68%,87.69%,0.0003,"[0.999352753162384, 0.0006472884560935199]"
5467,1,49.69%,87.69%,0.0539,"[0.04644877836108208, 0.953551173210144]"
5468,1,49.70%,87.69%,0.0704,"[0.0617770217359066, 0.9382229447364807]"
5469,0,49.69%,87.70%,0.0002,"[0.999853253364563, 0.0001467116380808875]"
5470,1,49.70%,87.68%,3.7807,"[0.9804800748825073, 0.01951996423304081]"
5471,1,49.71%,87.68%,0.0957,"[0.08587225526571274, 0.9141278266906738]"
5472,1,49.72%,87.68%,0.1232,"[0.08957752585411072, 0.9104224443435669]"
5473,1,49.73%,87.69%,0.1217,"[0.1149284765124321, 0.8850715160369873]"
5474,0,49.72%,87.69%,0.0016,"[0.9996009469032288, 0.00039908738108351827]"
5475,1,49.73%,87.69%,0.0562,"[0.05698895826935768, 0.9430111050605774]"
5476,1,49.74%,87.69%,0.1226,"[0.0893147736787796, 0.9106853008270264]"
5477,1,49.74%,87.70%,0.1874,"[0.17446710169315338, 0.8255329132080078]"
5478,1,49.75%,87.70%,0.1694,"[0.17735596001148224, 0.8226439952850342]"
5479,1,49.76%,87.70%,0.2434,"[0.18192678689956665, 0.8180732131004333]"
5480,1,49.77%,87.70%,0.2629,"[0.15933649241924286, 0.840663492679596]"
5481,1,49.78%,87.71%,0.1762,"[0.1294051855802536, 0.87059485912323]"
5482,0,49.77%,87.69%,1.6419,"[0.1795295774936676, 0.8204704523086548]"
5483,1,49.78%,87.69%,0.1240,"[0.12366379052400589, 0.8763361573219299]"
5484,0,49.77%,87.69%,0.0141,"[0.9930157661437988, 0.006984212901443243]"
5485,0,49.76%,87.68%,1.0986,"[0.34220173954963684, 0.6577982902526855]"
5486,1,49.77%,87.68%,0.0631,"[0.057993367314338684, 0.9420066475868225]"
5487,1,49.78%,87.68%,0.0631,"[0.06612206995487213, 0.9338779449462891]"
5488,0,49.77%,87.67%,1.4559,"[0.15380781888961792, 0.8461921811103821]"
5489,0,49.76%,87.67%,0.0001,"[0.999652624130249, 0.00034732656786218286]"
5490,1,49.77%,87.67%,0.0424,"[0.03859783336520195, 0.961402177810669]"
5491,0,49.76%,87.65%,2.8363,"[0.06920655071735382, 0.9307934045791626]"
5492,0,49.75%,87.66%,0.0001,"[0.999901533126831, 9.843430598266423e-05]"
5493,1,49.76%,87.66%,0.0411,"[0.04066210240125656, 0.9593378901481628]"
5494,0,49.75%,87.66%,0.0004,"[0.9996631145477295, 0.00033692794386297464]"
5495,0,49.75%,87.66%,0.0000,"[0.9999538660049438, 4.613355122273788e-05]"
5496,0,49.74%,87.67%,0.0000,"[0.9999892711639404, 1.0711750292102806e-05]"
5497,1,49.75%,87.67%,0.0932,"[0.08911075443029404, 0.9108892679214478]"
5498,0,49.74%,87.65%,2.6272,"[0.07588072866201401, 0.9241192936897278]"
5499,0,49.73%,87.65%,0.0000,"[0.9999655485153198, 3.448775169090368e-05]"
5500,0,49.72%,87.66%,0.0000,"[0.9999877214431763, 1.2311224054428749e-05]"
5501,1,49.73%,87.66%,0.0458,"[0.04570900276303291, 0.9542909860610962]"
5502,1,49.74%,87.66%,0.3248,"[0.29302459955215454, 0.7069754004478455]"
5503,1,49.75%,87.66%,0.1235,"[0.11735761910676956, 0.8826423287391663]"
5504,0,49.74%,87.67%,0.0065,"[0.9937523007392883, 0.006247662007808685]"
5505,1,49.75%,87.67%,0.1037,"[0.10413661599159241, 0.89586341381073]"
5506,0,49.74%,87.67%,0.0015,"[0.9980408549308777, 0.0019592237658798695]"
5507,1,49.75%,87.67%,0.1104,"[0.09321112930774689, 0.9067888855934143]"
5508,0,49.74%,87.67%,0.0024,"[0.9970397353172302, 0.002960279118269682]"
5509,1,49.75%,87.68%,0.0986,"[0.11111869663000107, 0.8888813257217407]"
5510,1,49.76%,87.68%,0.2141,"[0.1958027333021164, 0.8041972517967224]"
5511,0,49.75%,87.68%,0.0032,"[0.9965304732322693, 0.0034695561043918133]"
5512,1,49.76%,87.68%,0.0786,"[0.07343506067991257, 0.9265648722648621]"
5513,1,49.76%,87.69%,0.1169,"[0.11698395758867264, 0.8830159902572632]"
5514,1,49.77%,87.69%,0.1395,"[0.133259579539299, 0.866740345954895]"
5515,1,49.78%,87.69%,0.2755,"[0.22150500118732452, 0.7784949541091919]"
5516,0,49.77%,87.69%,0.0208,"[0.9835745096206665, 0.01642548106610775]"
5517,1,49.78%,87.69%,0.0745,"[0.071222223341465, 0.928777813911438]"
5518,0,49.77%,87.70%,0.0009,"[0.9992953538894653, 0.0007046701502986252]"
5519,1,49.78%,87.70%,0.0546,"[0.05220013111829758, 0.9477998614311218]"
5520,0,49.77%,87.70%,1.2777,"[0.5773712992668152, 0.4226287305355072]"
5521,0,49.76%,87.69%,2.6593,"[0.0661577582359314, 0.9338422417640686]"
5522,1,49.77%,87.69%,0.0388,"[0.039789602160453796, 0.960210382938385]"
5523,0,49.76%,87.69%,0.0008,"[0.9988299012184143, 0.001170103088952601]"
5524,0,49.76%,87.69%,0.2010,"[0.9981514811515808, 0.0018484399188309908]"
5525,1,49.76%,87.69%,0.0363,"[0.03701241686940193, 0.9629876017570496]"
5526,0,49.76%,87.70%,0.0003,"[0.9997424483299255, 0.00025759448180906475]"
5527,1,49.76%,87.70%,0.0355,"[0.035040855407714844, 0.9649591445922852]"
5528,0,49.76%,87.70%,1.2444,"[0.7593955397605896, 0.240604430437088]"
5529,1,49.76%,87.70%,0.0360,"[0.03766891360282898, 0.9623310565948486]"
5530,0,49.76%,87.71%,0.0000,"[0.9999182224273682, 8.182735473383218e-05]"
5531,0,49.75%,87.69%,2.5156,"[0.07256437093019485, 0.9274356365203857]"
5532,0,49.74%,87.69%,0.0000,"[0.9999880790710449, 1.189416343549965e-05]"
5533,1,49.75%,87.69%,0.0250,"[0.023679547011852264, 0.9763204455375671]"
5534,0,49.74%,87.70%,0.0000,"[0.9999666213989258, 3.3381096727680415e-05]"
5535,0,49.73%,87.70%,0.0000,"[0.9999961853027344, 3.8068399135227082e-06]"
5536,1,49.74%,87.70%,0.0327,"[0.03031735308468342, 0.9696826338768005]"
5537,1,49.75%,87.70%,0.0590,"[0.04781853407621384, 0.9521814584732056]"
5538,1,49.76%,87.69%,0.4257,"[0.8761202692985535, 0.12387973070144653]"
5539,0,49.75%,87.69%,0.0003,"[0.9997556805610657, 0.00024436417152173817]"
5540,0,49.74%,87.69%,0.0000,"[0.9999561309814453, 4.385155261843465e-05]"
5541,1,49.75%,87.69%,0.2770,"[0.24405823647975922, 0.7559417486190796]"
5542,0,49.74%,87.70%,0.0002,"[0.9998646974563599, 0.00013530347496271133]"
5543,1,49.75%,87.70%,0.0750,"[0.07855784893035889, 0.9214422106742859]"
5544,0,49.74%,87.70%,0.0003,"[0.9999178647994995, 8.218159928219393e-05]"
5545,1,49.75%,87.70%,0.1933,"[0.18308639526367188, 0.8169136047363281]"
5546,0,49.74%,87.69%,2.5992,"[0.0703936517238617, 0.9296063780784607]"
5547,0,49.73%,87.69%,0.0002,"[0.9992159605026245, 0.0007840096950531006]"
5548,0,49.72%,87.69%,0.0001,"[0.9999501705169678, 4.9811678763944656e-05]"
5549,0,49.71%,87.69%,0.0000,"[0.9999854564666748, 1.458197584724985e-05]"
5550,1,49.72%,87.70%,0.0585,"[0.03441154584288597, 0.9655885100364685]"
5551,1,49.73%,87.70%,0.0652,"[0.04025059565901756, 0.9597494006156921]"
5552,1,49.74%,87.68%,2.3424,"[0.8206433653831482, 0.17935669422149658]"
5553,1,49.75%,87.68%,0.1206,"[0.11236992478370667, 0.887630045413971]"
5554,0,49.74%,87.67%,1.5267,"[0.20274752378463745, 0.7972525358200073]"
5555,1,49.75%,87.67%,0.1453,"[0.1101268008351326, 0.889873206615448]"
5556,0,49.74%,87.66%,1.6659,"[0.18444955348968506, 0.8155503869056702]"
5557,0,49.73%,87.66%,0.0002,"[0.9998136162757874, 0.0001864092773757875]"
5558,1,49.74%,87.66%,0.0694,"[0.05580529943108559, 0.9441946744918823]"
5559,0,49.73%,87.66%,0.0001,"[0.9998289346694946, 0.0001710894430289045]"
5560,0,49.72%,87.65%,1.7396,"[0.17114238440990448, 0.8288576602935791]"
5561,1,49.73%,87.65%,0.0540,"[0.057355526834726334, 0.9426444172859192]"
5562,1,49.74%,87.65%,0.1129,"[0.10430434346199036, 0.8956956267356873]"
5563,0,49.73%,87.63%,1.1886,"[0.21777872741222382, 0.782221257686615]"
5564,0,49.72%,87.64%,0.0010,"[0.9999114274978638, 8.851831807987764e-05]"
5565,1,49.73%,87.62%,0.9994,"[0.5644212365150452, 0.4355787932872772]"
5566,1,49.74%,87.62%,0.1250,"[0.10380977392196655, 0.8961901664733887]"
5567,0,49.73%,87.63%,0.0002,"[0.9997199177742004, 0.000280100415693596]"
5568,1,49.74%,87.63%,0.1185,"[0.08141043037176132, 0.9185895919799805]"
5569,0,49.73%,87.61%,1.6974,"[0.20537588000297546, 0.7946240901947021]"
5570,0,49.72%,87.61%,0.0000,"[0.9999666213989258, 3.340720650157891e-05]"
5571,1,49.73%,87.62%,0.1134,"[0.13261081278324127, 0.8673892021179199]"
5572,1,49.74%,87.62%,0.0907,"[0.08490156382322311, 0.9150984883308411]"
5573,0,49.73%,87.62%,0.0000,"[0.9999110698699951, 8.893426274880767e-05]"
5574,0,49.72%,87.61%,0.9504,"[0.3276878297328949, 0.6723122000694275]"
5575,1,49.73%,87.61%,0.1434,"[0.1355515718460083, 0.8644484877586365]"
5576,1,49.74%,87.61%,0.1746,"[0.1711875945329666, 0.8288124203681946]"
5577,0,49.73%,87.61%,0.0008,"[0.9995928406715393, 0.000407177401939407]"
5578,1,49.74%,87.61%,0.1030,"[0.10110937803983688, 0.8988906145095825]"
5579,0,49.73%,87.62%,0.0002,"[0.9998244643211365, 0.00017553757061250508]"
5580,0,49.72%,87.60%,2.1087,"[0.13222336769104004, 0.8677766919136047]"
5581,1,49.73%,87.60%,0.1065,"[0.10842060297727585, 0.8915793299674988]"
5582,1,49.74%,87.61%,1.7971,"[0.40186432003974915, 0.5981355905532837]"
5583,0,49.73%,87.61%,0.0243,"[0.989894688129425, 0.010105329565703869]"
5584,0,49.72%,87.61%,0.0001,"[0.9999542236328125, 4.5727389078820124e-05]"
5585,0,49.71%,87.61%,0.0000,"[0.9999743700027466, 2.5661533072707243e-05]"
5586,1,49.72%,87.61%,0.0420,"[0.039870403707027435, 0.9601295590400696]"
5587,0,49.71%,87.62%,0.0000,"[0.9999717473983765, 2.828922151820734e-05]"
5588,1,49.72%,87.62%,0.0776,"[0.08048143237829208, 0.9195185899734497]"
5589,0,49.71%,87.62%,0.0002,"[0.9995008707046509, 0.0004991493187844753]"
5590,0,49.70%,87.62%,0.0001,"[0.9999629259109497, 3.709935845108703e-05]"
5591,1,49.71%,87.63%,0.0500,"[0.05017482861876488, 0.9498251676559448]"
5592,0,49.70%,87.61%,1.3711,"[0.19304104149341583, 0.8069589734077454]"
5593,0,49.70%,87.61%,0.0001,"[0.9999498128890991, 5.01594586239662e-05]"
5594,0,49.69%,87.61%,0.0163,"[0.908416748046875, 0.09158328175544739]"
5595,0,49.68%,87.62%,0.0000,"[0.999981164932251, 1.8839002223103307e-05]"
5596,1,49.69%,87.62%,0.1016,"[0.10135548561811447, 0.8986445665359497]"
5597,1,49.70%,87.62%,0.0965,"[0.09715571254491806, 0.9028443098068237]"
5598,1,49.71%,87.62%,0.1196,"[0.1171875, 0.8828125]"
5599,0,49.70%,87.62%,0.0002,"[0.9996111989021301, 0.00038884489913471043]"
5600,1,49.71%,87.61%,1.2543,"[0.6826099753379822, 0.3173900246620178]"
5601,0,49.70%,87.61%,0.0019,"[0.9988222718238831, 0.0011777528561651707]"
5602,0,49.69%,87.61%,0.0002,"[0.999835729598999, 0.00016422428598161787]"
5603,0,49.68%,87.62%,0.0000,"[0.9999634027481079, 3.659093636088073e-05]"
5604,1,49.69%,87.62%,0.0423,"[0.04084963724017143, 0.9591503143310547]"
5605,0,49.68%,87.62%,0.0000,"[0.9999632835388184, 3.669118450488895e-05]"
5606,1,49.69%,87.62%,0.0435,"[0.04147797450423241, 0.9585220217704773]"
5607,0,49.68%,87.62%,0.0000,"[0.9999802112579346, 1.9737288312171586e-05]"
5608,0,49.67%,87.63%,0.0000,"[0.9999852180480957, 1.476520537835313e-05]"
5609,1,49.68%,87.63%,0.0343,"[0.03186044469475746, 0.9681395888328552]"
5610,1,49.69%,87.63%,0.0786,"[0.07527022063732147, 0.9247297048568726]"
5611,0,49.68%,87.62%,2.3549,"[0.10517057031393051, 0.8948294520378113]"
5612,0,49.67%,87.62%,0.0001,"[0.9998849630355835, 0.00011501230619614944]"
5613,0,49.66%,87.62%,0.0000,"[0.9999737739562988, 2.619623592181597e-05]"
5614,1,49.67%,87.62%,0.0608,"[0.04636739566922188, 0.9536325931549072]"
5615,0,49.66%,87.62%,0.0002,"[0.9998345375061035, 0.00016543194942642003]"
5616,1,49.67%,87.63%,0.1770,"[0.12943539023399353, 0.8705645799636841]"
5617,0,49.66%,87.61%,1.9296,"[0.13281923532485962, 0.8671807646751404]"
5618,1,49.67%,87.61%,0.0874,"[0.09238690882921219, 0.9076131582260132]"
5619,0,49.66%,87.62%,0.0011,"[0.9991948008537292, 0.0008051524055190384]"
5620,0,49.65%,87.62%,0.0001,"[0.9999253749847412, 7.463255315087736e-05]"
5621,0,49.64%,87.62%,0.0000,"[0.9999814033508301, 1.865441481641028e-05]"
5622,1,49.65%,87.62%,0.0479,"[0.04000953957438469, 0.9599905014038086]"
5623,1,49.66%,87.62%,0.0983,"[0.10031702369451523, 0.8996829390525818]"
5624,0,49.65%,87.63%,0.0004,"[0.9996410608291626, 0.0003589875705074519]"
5625,1,49.66%,87.63%,0.0694,"[0.061031557619571686, 0.9389684796333313]"
5626,0,49.65%,87.61%,1.8825,"[0.2140735685825348, 0.7859264612197876]"
5627,1,49.66%,87.62%,0.0869,"[0.09337291121482849, 0.9066271185874939]"
5628,1,49.67%,87.62%,0.2496,"[0.19687369465827942, 0.803126335144043]"
5629,0,49.66%,87.62%,0.0089,"[0.9947276711463928, 0.00527237867936492]"
5630,0,49.65%,87.60%,1.2613,"[0.348743200302124, 0.651256799697876]"
5631,0,49.64%,87.61%,0.0001,"[0.9998406171798706, 0.00015937838179524988]"
5632,0,49.64%,87.59%,2.7579,"[0.09465114027261734, 0.9053488969802856]"
5633,1,49.65%,87.59%,0.0738,"[0.0984608605504036, 0.901539146900177]"
5634,0,49.64%,87.60%,0.0004,"[0.9996172189712524, 0.00038274755934253335]"
5635,0,49.63%,87.60%,0.0000,"[0.9999693632125854, 3.0660998163511977e-05]"
5636,1,49.64%,87.60%,0.1078,"[0.10249164700508118, 0.8975083231925964]"
5637,0,49.63%,87.60%,0.0003,"[0.9996875524520874, 0.00031252228654921055]"
5638,0,49.62%,87.60%,0.0001,"[0.9999434947967529, 5.6556262279627845e-05]"
5639,1,49.63%,87.61%,0.0573,"[0.07862323522567749, 0.9213767051696777]"
5640,0,49.62%,87.61%,0.0002,"[0.999697208404541, 0.0003028284409083426]"
5641,0,49.61%,87.61%,0.0003,"[0.9994657635688782, 0.0005342952790670097]"
5642,0,49.60%,87.61%,0.0000,"[0.9999750852584839, 2.4940531147876754e-05]"
5643,1,49.61%,87.62%,0.0982,"[0.10204906761646271, 0.8979508876800537]"
5644,0,49.60%,87.62%,0.0002,"[0.9997532963752747, 0.0002466929436195642]"
5645,0,49.59%,87.62%,0.0000,"[0.9999537467956543, 4.6271816245280206e-05]"
5646,1,49.60%,87.62%,0.1375,"[0.18456992506980896, 0.8154300451278687]"
5647,1,49.61%,87.62%,0.2008,"[0.15977436304092407, 0.8402256369590759]"
5648,0,49.60%,87.63%,0.0043,"[0.9955669045448303, 0.004433028399944305]"
5649,0,49.59%,87.61%,1.9394,"[0.16272294521331787, 0.8372771143913269]"
5650,1,49.60%,87.61%,0.1064,"[0.16438178718090057, 0.8356181979179382]"
5651,0,49.59%,87.62%,0.0031,"[0.9978792667388916, 0.002120791468769312]"
5652,0,49.58%,87.60%,2.0923,"[0.10554920136928558, 0.894450843334198]"
5653,1,49.59%,87.60%,0.0715,"[0.07029294222593307, 0.9297070503234863]"
5654,1,49.60%,87.60%,0.0948,"[0.09908847510814667, 0.9009115099906921]"
5655,1,49.61%,87.61%,0.1075,"[0.08668054640293121, 0.91331946849823]"
5656,1,49.62%,87.61%,0.1133,"[0.14182732999324799, 0.8581727147102356]"
5657,1,49.63%,87.61%,0.1418,"[0.11526275426149368, 0.8847372531890869]"
5658,0,49.62%,87.59%,1.2238,"[0.24641308188438416, 0.7535869479179382]"
5659,0,49.61%,87.60%,0.0002,"[0.9997281432151794, 0.0002718579489737749]"
5660,1,49.62%,87.60%,0.1266,"[0.11163746565580368, 0.888362467288971]"
5661,0,49.61%,87.60%,0.0004,"[0.9995282888412476, 0.0004717739357147366]"
5662,0,49.60%,87.60%,0.0001,"[0.9998683929443359, 0.0001315347763011232]"
5663,1,49.61%,87.61%,0.1248,"[0.09358681738376617, 0.9064132571220398]"
5664,1,49.62%,87.61%,0.1329,"[0.12425245344638824, 0.875747561454773]"
5665,0,49.61%,87.61%,0.0025,"[0.9960567951202393, 0.003943188581615686]"
5666,1,49.62%,87.61%,0.1815,"[0.1467347890138626, 0.8532652258872986]"
5667,1,49.63%,87.61%,0.2670,"[0.2579071521759033, 0.7420927882194519]"
5668,1,49.64%,87.62%,0.2144,"[0.17850010097026825, 0.8214998841285706]"
5669,0,49.63%,87.62%,0.0051,"[0.9951252341270447, 0.0048747858963906765]"
5670,0,49.62%,87.62%,0.0005,"[0.9995676875114441, 0.0004322731983847916]"
5671,1,49.63%,87.62%,0.0962,"[0.1030772477388382, 0.8969227075576782]"
5672,0,49.62%,87.61%,1.1260,"[0.24281173944473267, 0.7571882605552673]"
5673,1,49.63%,87.61%,0.2085,"[0.1904403418302536, 0.80955970287323]"
5674,1,49.64%,87.61%,0.1468,"[0.1385558694601059, 0.8614440560340881]"
5675,0,49.63%,87.61%,0.0016,"[0.9995138645172119, 0.0004861620254814625]"
5676,0,49.62%,87.60%,2.5433,"[0.08285141736268997, 0.9171485900878906]"
5677,1,49.63%,87.60%,0.1275,"[0.126785546541214, 0.8732144832611084]"
5678,0,49.62%,87.59%,2.0075,"[0.12751805782318115, 0.8724818825721741]"
5679,1,49.63%,87.59%,0.1027,"[0.09679265320301056, 0.9032073616981506]"
5680,1,49.64%,87.59%,0.0833,"[0.07403143495321274, 0.925968587398529]"
5681,0,49.63%,87.59%,0.0015,"[0.9983602166175842, 0.0016397699946537614]"
5682,0,49.62%,87.59%,0.0060,"[0.998297393321991, 0.0017025789711624384]"
5683,1,49.63%,87.60%,0.1109,"[0.09124765545129776, 0.9087523221969604]"
5684,1,49.64%,87.60%,0.1156,"[0.11062756925821304, 0.8893724679946899]"
5685,1,49.65%,87.60%,0.2251,"[0.20182658731937408, 0.7981734275817871]"
5686,1,49.66%,87.60%,0.2177,"[0.19043856859207153, 0.8095613718032837]"
5687,1,49.67%,87.61%,0.2645,"[0.22520031034946442, 0.7747997641563416]"
5688,1,49.67%,87.61%,0.2559,"[0.2560151219367981, 0.7439848780632019]"
5689,1,49.68%,87.61%,0.2609,"[0.25461307168006897, 0.7453868985176086]"
5690,0,49.67%,87.59%,1.1960,"[0.33645620942115784, 0.6635437607765198]"
5691,1,49.68%,87.60%,0.1966,"[0.16268958151340485, 0.8373104333877563]"
5692,1,49.69%,87.60%,0.3220,"[0.2730698585510254, 0.7269301414489746]"
5693,1,49.70%,87.60%,0.2461,"[0.2359384447336197, 0.7640616297721863]"
5694,1,49.71%,87.60%,0.2468,"[0.20392070710659027, 0.7960793375968933]"
5695,1,49.72%,87.61%,0.2828,"[0.23616984486579895, 0.7638301253318787]"
5696,0,49.71%,87.61%,0.7840,"[0.6224045753479004, 0.377595454454422]"
5697,1,49.72%,87.61%,0.1411,"[0.1269240379333496, 0.8730759620666504]"
5698,0,49.71%,87.59%,1.8969,"[0.17594510316848755, 0.8240548372268677]"
5699,1,49.72%,87.60%,0.1005,"[0.0998503640294075, 0.9001496434211731]"
5700,0,49.71%,87.60%,0.0013,"[0.9935292601585388, 0.00647070212289691]"
5701,1,49.72%,87.60%,0.0772,"[0.06464992463588715, 0.9353501200675964]"
5702,1,49.73%,87.60%,0.1357,"[0.12190468609333038, 0.8780953288078308]"
5703,0,49.72%,87.61%,0.0047,"[0.9893766641616821, 0.010623302310705185]"
5704,0,49.71%,87.61%,0.6643,"[0.5722606778144836, 0.42773932218551636]"
5705,0,49.70%,87.61%,0.0000,"[0.999955415725708, 4.452424400369637e-05]"
5706,1,49.71%,87.61%,0.0471,"[0.046218063682317734, 0.9537819027900696]"
5707,0,49.70%,87.61%,0.0003,"[0.9994798302650452, 0.0005201827152632177]"
5708,1,49.71%,87.62%,0.0892,"[0.08669696748256683, 0.913303017616272]"
5709,0,49.70%,87.62%,0.0004,"[0.9996451139450073, 0.00035490415757521987]"
5710,0,49.69%,87.62%,0.0005,"[0.9996776580810547, 0.00032229817588813603]"
5711,0,49.68%,87.62%,0.0011,"[0.996729850769043, 0.003270104294642806]"
5712,0,49.68%,87.61%,1.8732,"[0.20366856455802917, 0.7963314652442932]"
5713,0,49.67%,87.59%,3.1876,"[0.042242322117090225, 0.9577577114105225]"
5714,0,49.66%,87.59%,0.0000,"[0.9999932050704956, 6.8226095208956394e-06]"
5715,0,49.65%,87.60%,0.0000,"[0.9999927282333374, 7.277123586391099e-06]"
5716,0,49.64%,87.60%,0.0000,"[0.9999963045120239, 3.7379511468316196e-06]"
5717,0,49.63%,87.60%,0.0000,"[0.999985933303833, 1.4011565326654818e-05]"
5718,1,49.64%,87.60%,0.0480,"[0.044443290680646896, 0.9555567502975464]"
5719,1,49.65%,87.60%,0.1415,"[0.15297938883304596, 0.84702068567276]"
5720,1,49.66%,87.61%,0.3953,"[0.294788658618927, 0.7052114009857178]"
5721,0,49.65%,87.61%,0.0025,"[0.995478093624115, 0.004521975293755531]"
5722,1,49.66%,87.61%,0.1712,"[0.13756412267684937, 0.8624358177185059]"
5723,1,49.67%,87.61%,0.3285,"[0.2495640218257904, 0.750436007976532]"
5724,0,49.66%,87.62%,0.0108,"[0.9839708209037781, 0.016029153019189835]"
5725,0,49.65%,87.60%,2.0621,"[0.12731856107711792, 0.8726814985275269]"
5726,1,49.66%,87.60%,0.0895,"[0.08399023115634918, 0.916009783744812]"
5727,1,49.67%,87.60%,0.1268,"[0.12106772512197495, 0.8789322972297668]"
5728,1,49.68%,87.61%,0.1721,"[0.15546268224716187, 0.8445373773574829]"
5729,0,49.67%,87.61%,0.0009,"[0.9994401335716248, 0.0005598707357421517]"
5730,1,49.68%,87.61%,0.1629,"[0.1411064714193344, 0.8588935732841492]"
5731,1,49.69%,87.61%,0.1256,"[0.12097018212080002, 0.8790298104286194]"
5732,1,49.69%,87.62%,0.1785,"[0.15216679871082306, 0.8478332757949829]"
5733,1,49.70%,87.62%,0.2676,"[0.24269427359104156, 0.7573058009147644]"
5734,0,49.69%,87.62%,0.0782,"[0.9454765319824219, 0.054523441940546036]"
5735,1,49.70%,87.62%,0.1735,"[0.18098777532577515, 0.8190122246742249]"
5736,0,49.69%,87.61%,1.6029,"[0.185416117310524, 0.8145838975906372]"
5737,0,49.69%,87.61%,0.0163,"[0.9903780221939087, 0.009621897712349892]"
5738,1,49.70%,87.61%,0.1021,"[0.0921277403831482, 0.9078722596168518]"
5739,1,49.70%,87.61%,0.1263,"[0.14370878040790558, 0.8562912344932556]"
5740,0,49.70%,87.62%,0.0126,"[0.9974908828735352, 0.002509139943867922]"
5741,1,49.70%,87.62%,0.1028,"[0.09791149199008942, 0.9020885229110718]"
5742,0,49.70%,87.60%,2.0907,"[0.13037341833114624, 0.8696266412734985]"
5743,1,49.70%,87.60%,0.0708,"[0.06808419525623322, 0.9319157600402832]"
5744,1,49.71%,87.61%,0.1321,"[0.1106560230255127, 0.8893439769744873]"
5745,0,49.70%,87.61%,0.0043,"[0.9949060678482056, 0.005093952175229788]"
5746,0,49.70%,87.61%,0.0006,"[0.9990143775939941, 0.0009856608230620623]"
5747,1,49.70%,87.61%,0.0524,"[0.05550817400217056, 0.9444918036460876]"
5748,0,49.70%,87.62%,0.0959,"[0.9263482689857483, 0.07365171611309052]"
5749,1,49.70%,87.62%,0.1175,"[0.08813725411891937, 0.9118627309799194]"
5750,1,49.71%,87.62%,0.1767,"[0.16979815065860748, 0.8302018642425537]"
5751,1,49.72%,87.62%,0.2234,"[0.18294201791286469, 0.8170579075813293]"
5752,0,49.71%,87.62%,0.0038,"[0.9966689944267273, 0.003331019077450037]"
5753,1,49.72%,87.63%,0.1184,"[0.10860228538513184, 0.8913977146148682]"
5754,1,49.73%,87.63%,0.1887,"[0.17038963735103607, 0.8296104073524475]"
5755,1,49.74%,87.63%,0.2650,"[0.23405176401138306, 0.7659482955932617]"
5756,1,49.75%,87.63%,0.1815,"[0.1732318103313446, 0.826768159866333]"
5757,1,49.76%,87.63%,0.1652,"[0.16744573414325714, 0.832554280757904]"
5758,1,49.77%,87.64%,0.1524,"[0.11973591148853302, 0.8802641034126282]"
5759,1,49.77%,87.64%,0.1465,"[0.1291123479604721, 0.8708875775337219]"
5760,0,49.77%,87.64%,0.0011,"[0.9986578226089478, 0.0013421585317701101]"
5761,1,49.77%,87.64%,0.0596,"[0.0607694573700428, 0.9392305612564087]"
5762,1,49.78%,87.65%,0.1076,"[0.10202240943908691, 0.8979775309562683]"
5763,0,49.77%,87.65%,0.0084,"[0.994540274143219, 0.005459753796458244]"
5764,0,49.77%,87.65%,0.0004,"[0.9996787309646606, 0.0003213158342987299]"
5765,0,49.76%,87.65%,0.0000,"[0.9999581575393677, 4.18851304857526e-05]"
5766,0,49.75%,87.65%,1.1566,"[0.7687851190567017, 0.23121488094329834]"
5767,0,49.74%,87.66%,0.0000,"[0.9999725818634033, 2.736934220592957e-05]"
5768,0,49.73%,87.66%,0.0000,"[0.9999836683273315, 1.6333797248080373e-05]"
5769,0,49.72%,87.64%,3.0979,"[0.05404803901910782, 0.9459519386291504]"
5770,0,49.71%,87.65%,0.0000,"[0.9999921321868896, 7.899005140643567e-06]"
5771,0,49.71%,87.65%,0.0000,"[0.999996542930603, 3.447137714829296e-06]"
5772,1,49.71%,87.65%,0.0194,"[0.018675535917282104, 0.9813244938850403]"
5773,1,49.72%,87.65%,0.0393,"[0.03247808292508125, 0.9675219655036926]"
5774,0,49.71%,87.65%,0.3989,"[0.914345383644104, 0.08565458655357361]"
5775,1,49.72%,87.64%,0.2697,"[0.8430319428443909, 0.15696799755096436]"
5776,1,49.73%,87.64%,0.0926,"[0.09065941721200943, 0.9093406200408936]"
5777,1,49.74%,87.64%,0.1341,"[0.11077167838811874, 0.8892282843589783]"
5778,0,49.73%,87.64%,0.0020,"[0.9960607886314392, 0.003939243033528328]"
5779,0,49.72%,87.65%,1.9362,"[0.5457959175109863, 0.45420414209365845]"
5780,1,49.73%,87.65%,0.1544,"[0.10348709672689438, 0.8965128660202026]"
5781,1,49.74%,87.65%,0.1421,"[0.16233301162719727, 0.837666928768158]"
5782,0,49.73%,87.65%,0.0107,"[0.989535391330719, 0.010464646853506565]"
5783,1,49.74%,87.66%,0.1324,"[0.12023603171110153, 0.8797640204429626]"
5784,1,49.75%,87.66%,0.1934,"[0.218708798289299, 0.7812911868095398]"
5785,0,49.74%,87.66%,0.0006,"[0.9997099041938782, 0.00029002141673117876]"
5786,1,49.75%,87.66%,0.0740,"[0.05380532145500183, 0.9461946487426758]"
5787,0,49.74%,87.65%,1.2234,"[0.4518851637840271, 0.5481148362159729]"
5788,0,49.73%,87.65%,0.0001,"[0.9997491240501404, 0.00025089335395023227]"
5789,1,49.74%,87.65%,0.0612,"[0.06315162777900696, 0.9368484020233154]"
5790,1,49.75%,87.65%,0.2123,"[0.1747720092535019, 0.8252280354499817]"
5791,0,49.74%,87.66%,0.0032,"[0.9991965889930725, 0.0008033927879296243]"
5792,1,49.75%,87.66%,0.1103,"[0.09636472910642624, 0.9036352634429932]"
5793,1,49.76%,87.66%,0.2150,"[0.2201905995607376, 0.7798094153404236]"
5794,0,49.75%,87.64%,1.5217,"[0.19655804336071014, 0.8034419417381287]"
5795,1,49.76%,87.65%,0.1038,"[0.09706887602806091, 0.9029311537742615]"
5796,0,49.75%,87.65%,0.0021,"[0.9978019595146179, 0.002198074944317341]"
5797,0,49.74%,87.63%,1.4408,"[0.34796032309532166, 0.6520397067070007]"
5798,1,49.75%,87.64%,0.0750,"[0.06806257367134094, 0.9319373965263367]"
5799,0,49.74%,87.64%,1.1171,"[0.6704650521278381, 0.3295349180698395]"
5800,0,49.73%,87.64%,0.0016,"[0.9998518228530884, 0.00014819385251030326]"
5801,0,49.72%,87.64%,0.0001,"[0.9999724626541138, 2.753737135208212e-05]"
5802,1,49.73%,87.64%,0.0388,"[0.03809002414345741, 0.9619099497795105]"
5803,0,49.72%,87.63%,0.2765,"[0.3820761740207672, 0.6179237961769104]"
5804,1,49.73%,87.63%,0.7373,"[0.44148820638656616, 0.5585118532180786]"
5805,1,49.74%,87.63%,0.1369,"[0.12382840365171432, 0.8761715888977051]"
5806,1,49.75%,87.64%,0.2020,"[0.17440710961818695, 0.8255928754806519]"
5807,1,49.76%,87.64%,0.2334,"[0.20421560108661652, 0.7957843542098999]"
5808,0,49.75%,87.64%,0.0036,"[0.9798716902732849, 0.020128298550844193]"
5809,0,49.74%,87.62%,1.4065,"[0.25309228897094727, 0.7469077110290527]"
5810,0,49.73%,87.63%,0.0002,"[0.9998321533203125, 0.00016786724154371768]"
5811,1,49.74%,87.63%,0.0518,"[0.052193477749824524, 0.9478065371513367]"
5812,0,49.73%,87.63%,0.0000,"[0.9999388456344604, 6.109647074481472e-05]"
5813,1,49.74%,87.63%,0.0445,"[0.04270589351654053, 0.9572940468788147]"
5814,0,49.73%,87.64%,0.0001,"[0.9999034404754639, 9.651080472394824e-05]"
5815,0,49.72%,87.62%,1.2879,"[0.37944722175598145, 0.6205527782440186]"
5816,1,49.73%,87.62%,0.1448,"[0.11215433478355408, 0.8878456354141235]"
5817,0,49.72%,87.62%,0.0001,"[0.9998095631599426, 0.0001905046810861677]"
5818,1,49.73%,87.63%,1.0356,"[0.18723222613334656, 0.8127678036689758]"
5819,1,49.74%,87.63%,0.1127,"[0.12381955981254578, 0.8761804699897766]"
5820,1,49.75%,87.63%,0.1362,"[0.12040437012910843, 0.8795956373214722]"
5821,1,49.76%,87.62%,0.3552,"[0.5072882175445557, 0.49271175265312195]"
5822,0,49.75%,87.62%,0.0034,"[0.9911275506019592, 0.00887247920036316]"
5823,0,49.74%,87.60%,0.3429,"[0.34570378065109253, 0.6542962789535522]"
5824,1,49.75%,87.61%,0.0692,"[0.05564511939883232, 0.9443548917770386]"
5825,1,49.76%,87.61%,0.0871,"[0.07782062888145447, 0.9221793413162231]"
5826,0,49.75%,87.59%,0.3296,"[0.2721680998802185, 0.7278318405151367]"
5827,0,49.74%,87.59%,0.0005,"[0.9993195533752441, 0.0006804323638789356]"
5828,0,49.73%,87.60%,0.0000,"[0.9998778104782104, 0.00012213940499350429]"
5829,0,49.73%,87.60%,0.0000,"[0.9999865293502808, 1.3503396075975616e-05]"
5830,0,49.72%,87.60%,0.0000,"[0.9999934434890747, 6.58999942970695e-06]"
5831,1,49.73%,87.60%,0.0345,"[0.03288809955120087, 0.9671119451522827]"
5832,0,49.72%,87.61%,0.0000,"[0.9999825954437256, 1.7349635527352802e-05]"
5833,1,49.73%,87.59%,0.1523,"[0.7575058937072754, 0.24249407649040222]"
5834,0,49.72%,87.59%,0.0001,"[0.999956488609314, 4.35380388807971e-05]"
5835,0,49.71%,87.59%,0.0000,"[0.999994158744812, 5.888185569347115e-06]"
5836,1,49.72%,87.60%,0.0266,"[0.023959379643201828, 0.9760405421257019]"
5837,1,49.73%,87.58%,0.1585,"[0.8422669172286987, 0.15773305296897888]"
5838,0,49.72%,87.58%,0.0007,"[0.9994350075721741, 0.0005649837548844516]"
5839,0,49.71%,87.57%,2.6522,"[0.0811786949634552, 0.9188213348388672]"
5840,0,49.70%,87.57%,0.3984,"[0.988141655921936, 0.011858411133289337]"
5841,0,49.69%,87.57%,0.0001,"[0.9999703168869019, 2.9678263672394678e-05]"
5842,1,49.70%,87.57%,0.0448,"[0.036626722663640976, 0.9633732438087463]"
5843,1,49.71%,87.58%,0.2197,"[0.11110739409923553, 0.888892650604248]"
5844,0,49.70%,87.58%,0.0002,"[0.9996954202651978, 0.0003046132915187627]"
5845,0,49.69%,87.58%,0.0002,"[0.999881386756897, 0.00011861320672323927]"
5846,1,49.70%,87.58%,0.0541,"[0.05314045026898384, 0.9468594789505005]"
5847,1,49.71%,87.59%,0.5478,"[0.12855146825313568, 0.8714485168457031]"
5848,0,49.70%,87.59%,0.0006,"[0.9993543028831482, 0.0006456602714024484]"
5849,1,49.71%,87.59%,0.0684,"[0.0819464847445488, 0.9180534482002258]"
5850,1,49.72%,87.59%,0.1458,"[0.12153942883014679, 0.8784605860710144]"
5851,1,49.73%,87.59%,0.1727,"[0.13981404900550842, 0.8601859211921692]"
5852,1,49.74%,87.60%,0.1789,"[0.16498439013957977, 0.8350155353546143]"
5853,0,49.73%,87.60%,0.0068,"[0.997210681438446, 0.00278938258998096]"
5854,1,49.74%,87.60%,0.1055,"[0.12174901366233826, 0.8782509565353394]"
5855,0,49.73%,87.60%,0.5523,"[0.776779294013977, 0.22322070598602295]"
5856,0,49.72%,87.59%,1.7579,"[0.09775508940219879, 0.9022449254989624]"
5857,0,49.71%,87.57%,2.6230,"[0.06987237185239792, 0.9301276206970215]"
5858,1,49.72%,87.57%,0.0560,"[0.05740295723080635, 0.942596971988678]"
5859,0,49.71%,87.58%,0.0007,"[0.9994502663612366, 0.000549787248019129]"
5860,1,49.72%,87.58%,0.0827,"[0.09392161667346954, 0.9060783982276917]"
5861,1,49.73%,87.58%,0.1049,"[0.09464280307292938, 0.9053571820259094]"
5862,1,49.74%,87.58%,0.1449,"[0.1611948162317276, 0.8388051986694336]"
5863,0,49.73%,87.59%,0.0021,"[0.9976264834403992, 0.002373557770624757]"
5864,1,49.74%,87.59%,0.0986,"[0.08119965344667435, 0.918800413608551]"
5865,0,49.73%,87.57%,2.0128,"[0.13486742973327637, 0.8651325106620789]"
5866,1,49.74%,87.57%,0.0703,"[0.10988742858171463, 0.890112578868866]"
5867,0,49.73%,87.58%,0.1314,"[0.7326335906982422, 0.2673664093017578]"
5868,1,49.74%,87.58%,0.0747,"[0.07361704856157303, 0.9263829588890076]"
5869,0,49.73%,87.58%,0.0001,"[0.9998977184295654, 0.00010227195889456198]"
5870,1,49.74%,87.57%,3.0236,"[0.9907637238502502, 0.009236324578523636]"
5871,0,49.73%,87.57%,0.0001,"[0.999893069267273, 0.00010697046673158184]"
5872,0,49.72%,87.57%,0.0000,"[0.9999669790267944, 3.299799209344201e-05]"
5873,1,49.73%,87.57%,0.1073,"[0.12102995067834854, 0.8789700269699097]"
5874,1,49.74%,87.57%,0.2251,"[0.19162790477275848, 0.8083720803260803]"
5875,1,49.74%,87.58%,0.2074,"[0.2382086217403412, 0.7617913484573364]"
5876,0,49.74%,87.58%,0.0014,"[0.9984127283096313, 0.0015872917138040066]"
5877,1,49.74%,87.58%,0.0852,"[0.08515492081642151, 0.9148451089859009]"
5878,1,49.75%,87.58%,0.0975,"[0.11605960875749588, 0.8839404582977295]"
5879,0,49.74%,87.59%,0.0007,"[0.9996715784072876, 0.000328392896335572]"
5880,0,49.74%,87.59%,0.0001,"[0.999919056892395, 8.099304977804422e-05]"
5881,1,49.74%,87.59%,0.1843,"[0.08327347040176392, 0.9167265295982361]"
5882,1,49.75%,87.59%,0.1038,"[0.07645268738269806, 0.9235473275184631]"
5883,0,49.75%,87.59%,0.0057,"[0.99577796459198, 0.004221969749778509]"
5884,0,49.74%,87.58%,0.0355,"[0.41838130354881287, 0.5816186666488647]"
5885,1,49.75%,87.58%,0.0677,"[0.08626527339220047, 0.9137346744537354]"
5886,0,49.74%,87.58%,0.0015,"[0.999790370464325, 0.00020967087766621262]"
5887,0,49.73%,87.58%,0.0004,"[0.9994183778762817, 0.0005816884804517031]"
5888,1,49.74%,87.59%,0.0399,"[0.035158656537532806, 0.964841365814209]"
5889,0,49.73%,87.59%,0.0001,"[0.9999582767486572, 4.173839624854736e-05]"
5890,0,49.72%,87.59%,0.0000,"[0.9999897480010986, 1.0305127943865955e-05]"
5891,0,49.71%,87.58%,3.6489,"[0.028583671897649765, 0.9714162945747375]"
5892,1,49.72%,87.58%,0.0541,"[0.05825280398130417, 0.94174724817276]"
5893,0,49.71%,87.58%,0.0001,"[0.9998680353164673, 0.00013200522516854107]"
5894,0,49.70%,87.58%,0.0000,"[0.9999825954437256, 1.7457317881053314e-05]"
5895,1,49.71%,87.58%,0.0273,"[0.027580972760915756, 0.9724190831184387]"
5896,0,49.70%,87.59%,0.0000,"[0.999974250793457, 2.5783177989069372e-05]"
5897,1,49.71%,87.59%,0.0288,"[0.03505611792206764, 0.9649438261985779]"
5898,0,49.70%,87.59%,0.0001,"[0.99996018409729, 3.978351742262021e-05]"
5899,1,49.71%,87.59%,0.0322,"[0.03214027360081673, 0.9678597450256348]"
5900,0,49.70%,87.60%,0.0039,"[0.5596268177032471, 0.4403732120990753]"
5901,0,49.70%,87.60%,0.0000,"[0.9999382495880127, 6.16875258856453e-05]"
5902,1,49.70%,87.60%,0.0297,"[0.02643303945660591, 0.9735669493675232]"
5903,0,49.70%,87.60%,0.0000,"[0.9999890327453613, 1.0959256542264484e-05]"
5904,1,49.70%,87.59%,9.0503,"[0.999942421913147, 5.7616587582742795e-05]"
5905,0,49.70%,87.57%,2.9562,"[0.04695987328886986, 0.9530401825904846]"
5906,1,49.70%,87.57%,0.0307,"[0.03470780700445175, 0.9652921557426453]"
5907,1,49.71%,87.58%,0.0581,"[0.0598134882748127, 0.9401865005493164]"
5908,0,49.70%,87.58%,0.0003,"[0.9995362758636475, 0.00046376368845812976]"
5909,0,49.70%,87.58%,0.0000,"[0.9999455213546753, 5.451249671750702e-05]"
5910,0,49.69%,87.57%,2.9415,"[0.051878903061151505, 0.9481211304664612]"
5911,1,49.70%,87.57%,0.0324,"[0.034139808267354965, 0.9658601880073547]"
5912,0,49.69%,87.57%,0.0001,"[0.9999505281448364, 4.951728260493837e-05]"
5913,0,49.68%,87.57%,0.0000,"[0.9999850988388062, 1.4940789696993306e-05]"
5914,1,49.69%,87.57%,0.0412,"[0.04058317840099335, 0.9594168066978455]"
5915,1,49.70%,87.58%,0.0732,"[0.07519036531448364, 0.9248096346855164]"
5916,0,49.69%,87.58%,0.0004,"[0.9998185038566589, 0.00018149023526348174]"
5917,0,49.68%,87.58%,0.0000,"[0.9999547004699707, 4.5246855734148994e-05]"
5918,0,49.67%,87.58%,0.0000,"[0.9999942779541016, 5.73000761505682e-06]"
5919,0,49.66%,87.58%,0.0000,"[0.999994158744812, 5.835664524056483e-06]"
5920,1,49.67%,87.59%,0.1069,"[0.08639860153198242, 0.9136014580726624]"
5921,0,49.66%,87.59%,0.0002,"[0.999782383441925, 0.00021757966896984726]"
5922,1,49.67%,87.59%,0.0891,"[0.07078075408935547, 0.9292193055152893]"
5923,1,49.68%,87.59%,0.0817,"[0.07588838785886765, 0.924111545085907]"
5924,0,49.67%,87.59%,0.0001,"[0.9999247789382935, 7.518085476476699e-05]"
5925,0,49.66%,87.60%,0.0001,"[0.9999517202377319, 4.828426972380839e-05]"
5926,0,49.65%,87.60%,0.0000,"[0.9999887943267822, 1.1148038538522087e-05]"
5927,0,49.65%,87.60%,0.0000,"[0.9999772310256958, 2.2794974938733503e-05]"
5928,1,49.65%,87.60%,0.0538,"[0.05014645308256149, 0.9498535394668579]"
5929,1,49.66%,87.61%,0.0925,"[0.09183090180158615, 0.9081690907478333]"
5930,1,49.67%,87.61%,0.1271,"[0.1195048838853836, 0.8804950714111328]"
5931,0,49.66%,87.61%,0.0067,"[0.9951268434524536, 0.004873162601143122]"
5932,1,49.67%,87.61%,0.1039,"[0.09333683550357819, 0.906663179397583]"
5933,1,49.68%,87.61%,0.1442,"[0.1318407505750656, 0.868159294128418]"
5934,0,49.67%,87.62%,0.0015,"[0.9989697933197021, 0.0010301679139956832]"
5935,1,49.68%,87.62%,0.0841,"[0.07816153764724731, 0.9218384027481079]"
5936,1,49.69%,87.62%,0.1088,"[0.08663172274827957, 0.913368284702301]"
5937,0,49.68%,87.61%,1.8573,"[0.13811840116977692, 0.8618815541267395]"
5938,1,49.69%,87.61%,0.0753,"[0.07248947769403458, 0.9275104999542236]"
5939,1,49.70%,87.61%,0.1351,"[0.11606936156749725, 0.8839306831359863]"
5940,0,49.69%,87.61%,0.0087,"[0.9942522644996643, 0.0057476540096104145]"
5941,1,49.70%,87.61%,0.0596,"[0.06210220977663994, 0.9378978610038757]"
5942,1,49.71%,87.62%,0.0950,"[0.10492067784070969, 0.8950793147087097]"
5943,0,49.70%,87.62%,0.0029,"[0.9991550445556641, 0.0008449869346804917]"
5944,0,49.69%,87.62%,0.0002,"[0.9998486042022705, 0.00015139261086005718]"
5945,0,49.68%,87.62%,0.0000,"[0.9999573230743408, 4.2666095396270975e-05]"
5946,0,49.67%,87.62%,0.0033,"[0.9947180151939392, 0.005281980149447918]"
5947,1,49.68%,87.63%,0.0271,"[0.026620203629136086, 0.9733798503875732]"
5948,0,49.67%,87.63%,0.0003,"[0.9996716976165771, 0.0003282971156295389]"
5949,0,49.66%,87.63%,0.0000,"[0.9999896287918091, 1.0409511560283136e-05]"
5950,0,49.66%,87.63%,0.0000,"[0.9999933242797852, 6.65687821310712e-06]"
5951,1,49.66%,87.63%,0.0177,"[0.01913618855178356, 0.9808638095855713]"
5952,0,49.66%,87.64%,0.0000,"[0.9999876022338867, 1.2412182513799053e-05]"
5953,1,49.66%,87.64%,0.0212,"[0.023275885730981827, 0.9767241477966309]"
5954,1,49.67%,87.64%,0.0532,"[0.053302325308322906, 0.9466977119445801]"
5955,0,49.66%,87.64%,0.0002,"[0.9998421669006348, 0.00015786138828843832]"
5956,0,49.66%,87.63%,2.9718,"[0.04611862450838089, 0.9538813233375549]"
5957,1,49.66%,87.63%,0.0421,"[0.04374324157834053, 0.9562568068504333]"
5958,0,49.66%,87.63%,0.0000,"[0.9998656511306763, 0.00013431750994641334]"
5959,1,49.66%,87.63%,0.0552,"[0.056579481810331345, 0.9434204697608948]"
5960,1,49.67%,87.64%,0.0847,"[0.09659883379936218, 0.9034011363983154]"
5961,1,49.68%,87.64%,0.1549,"[0.1222161054611206, 0.8777839541435242]"
5962,0,49.67%,87.64%,0.0016,"[0.9988476037979126, 0.0011523360153660178]"
5963,0,49.66%,87.64%,0.0002,"[0.9996229410171509, 0.0003770337498281151]"
5964,0,49.66%,87.63%,2.5726,"[0.0759751945734024, 0.9240248203277588]"
5965,0,49.65%,87.63%,0.0000,"[0.9999825954437256, 1.7366784959449433e-05]"
5966,0,49.64%,87.63%,1.2469,"[0.9994858503341675, 0.0005141019937582314]"
5967,1,49.65%,87.63%,0.0323,"[0.03226294741034508, 0.967737078666687]"
5968,1,49.66%,87.64%,0.0554,"[0.07053723931312561, 0.9294627904891968]"
5969,1,49.66%,87.64%,0.1175,"[0.1183338388800621, 0.8816661238670349]"
5970,1,49.67%,87.64%,0.1531,"[0.15623359382152557, 0.843766450881958]"
5971,0,49.67%,87.64%,0.5189,"[0.5881290435791016, 0.41187095642089844]"
5972,1,49.67%,87.63%,1.0425,"[0.9533537030220032, 0.04664631187915802]"
5973,1,49.68%,87.63%,0.2024,"[0.22112956643104553, 0.7788704037666321]"
5974,1,49.69%,87.63%,0.3616,"[0.2523169219493866, 0.7476831078529358]"
5975,1,49.70%,87.63%,0.2965,"[0.24893243610858917, 0.7510675191879272]"
5976,1,49.71%,87.64%,0.3495,"[0.31021493673324585, 0.6897850632667542]"
5977,0,49.70%,87.64%,0.0118,"[0.9879190325737, 0.012080998159945011]"
5978,0,49.69%,87.64%,0.0004,"[0.9995243549346924, 0.00047569151502102613]"
5979,1,49.70%,87.64%,0.0719,"[0.07284674048423767, 0.9271532297134399]"
5980,0,49.69%,87.64%,0.0013,"[0.9997661709785461, 0.00023385159147437662]"
5981,0,49.68%,87.65%,0.0000,"[0.9998880624771118, 0.00011195906699867919]"
5982,0,49.67%,87.65%,0.0000,"[0.9999784231185913, 2.1529720470425673e-05]"
5983,1,49.68%,87.65%,0.0305,"[0.027997005730867386, 0.9720029234886169]"
5984,1,49.69%,87.65%,0.0287,"[0.02919289655983448, 0.9708070755004883]"
5985,1,49.70%,87.65%,0.0608,"[0.07009269297122955, 0.9299072623252869]"
5986,1,49.71%,87.66%,0.0686,"[0.11245272308588028, 0.8875473141670227]"
5987,1,49.72%,87.66%,0.1241,"[0.11292783915996552, 0.8870720863342285]"
5988,0,49.71%,87.66%,0.0012,"[0.9992876648902893, 0.0007123883115127683]"
5989,0,49.70%,87.66%,0.0001,"[0.9999631643295288, 3.6835172068094835e-05]"
5990,0,49.69%,87.66%,0.0000,"[0.9999611377716064, 3.884192483383231e-05]"
5991,1,49.70%,87.67%,0.0261,"[0.031488560140132904, 0.9685114622116089]"
5992,0,49.69%,87.65%,1.1652,"[0.35429444909095764, 0.6457055807113647]"
5993,0,49.68%,87.65%,0.0000,"[0.9999853372573853, 1.4664421541965567e-05]"
5994,0,49.67%,87.66%,0.0000,"[0.9999935626983643, 6.484633559011854e-06]"
5995,0,49.67%,87.66%,0.0000,"[0.9999959468841553, 4.061710569658317e-06]"
5996,0,49.66%,87.66%,0.0000,"[0.9999970197677612, 2.9724758405791363e-06]"
5997,1,49.67%,87.66%,0.0158,"[0.01534530520439148, 0.9846546649932861]"
5998,1,49.67%,87.66%,0.0344,"[0.02771996334195137, 0.9722800850868225]"
5999,1,49.68%,87.67%,0.0385,"[0.035733286291360855, 0.9642666578292847]"
6000,0,49.68%,87.65%,2.5259,"[0.07346727699041367, 0.9265327453613281]"
6001,0,49.67%,87.65%,0.0000,"[0.9999585151672363, 4.1508337744744495e-05]"
6002,0,49.66%,87.66%,0.0000,"[0.999988317489624, 1.1623526006587781e-05]"
6003,0,49.65%,87.66%,0.0000,"[0.9999963045120239, 3.7486465771507937e-06]"
6004,1,49.66%,87.66%,0.0288,"[0.04033224284648895, 0.9596678018569946]"
6005,1,49.67%,87.66%,0.0564,"[0.05269598588347435, 0.9473040103912354]"
6006,1,49.68%,87.66%,0.0761,"[0.10296346992254257, 0.897036612033844]"
6007,0,49.67%,87.65%,2.4654,"[0.12923483550548553, 0.8707650899887085]"
6008,1,49.68%,87.65%,0.1265,"[0.10177265852689743, 0.898227334022522]"
6009,0,49.67%,87.65%,0.0010,"[0.9978603720664978, 0.002139650285243988]"
6010,1,49.68%,87.66%,0.0909,"[0.1495189219713211, 0.8504810929298401]"
6011,1,49.68%,87.66%,0.1309,"[0.12605012953281403, 0.8739498853683472]"
6012,0,49.68%,87.66%,0.0018,"[0.9986989498138428, 0.0013009654358029366]"
6013,0,49.67%,87.66%,0.0001,"[0.9999252557754517, 7.476063183275983e-05]"
6014,1,49.68%,87.66%,0.0640,"[0.06801962107419968, 0.9319803714752197]"
6015,0,49.67%,87.65%,0.1288,"[0.28569549322128296, 0.714304506778717]"
6016,1,49.68%,87.65%,0.1955,"[0.11806398630142212, 0.8819360733032227]"
6017,0,49.67%,87.64%,1.7493,"[0.21027934551239014, 0.7897206544876099]"
6018,0,49.66%,87.64%,0.0003,"[0.9996241331100464, 0.00037588304257951677]"
6019,1,49.67%,87.64%,0.1302,"[0.1617276519536972, 0.8382723331451416]"
6020,1,49.68%,87.64%,0.2508,"[0.2664167881011963, 0.7335832715034485]"
6021,0,49.67%,87.65%,0.0078,"[0.9923456311225891, 0.007654406595975161]"
6022,1,49.68%,87.63%,4.9066,"[0.9604844450950623, 0.03951551392674446]"
6023,1,49.68%,87.63%,0.1378,"[0.12476734817028046, 0.8752326965332031]"
6024,0,49.68%,87.63%,0.0011,"[0.9985692501068115, 0.0014307075180113316]"
6025,1,49.68%,87.64%,0.1256,"[0.16881252825260162, 0.8311874270439148]"
6026,1,49.69%,87.64%,0.0857,"[0.09417054802179337, 0.9058294892311096]"
6027,1,49.70%,87.64%,0.1239,"[0.1186520904302597, 0.8813479542732239]"
6028,1,49.71%,87.64%,0.1467,"[0.14522749185562134, 0.8547725677490234]"
6029,1,49.72%,87.65%,0.2430,"[0.23931126296520233, 0.7606887817382812]"
6030,0,49.71%,87.65%,0.0208,"[0.9888554215431213, 0.011144538410007954]"
6031,0,49.70%,87.65%,0.0003,"[0.9996910095214844, 0.0003089742676820606]"
6032,1,49.71%,87.65%,0.0643,"[0.06466825306415558, 0.9353317618370056]"
6033,1,49.72%,87.65%,0.0959,"[0.0743633583188057, 0.9256366491317749]"
6034,0,49.71%,87.66%,0.0003,"[0.9995536208152771, 0.0004463542718440294]"
6035,0,49.70%,87.66%,0.0000,"[0.9999524354934692, 4.7526256821583956e-05]"
6036,1,49.71%,87.66%,0.0325,"[0.032357387244701385, 0.967642605304718]"
6037,1,49.72%,87.66%,0.0564,"[0.04818929731845856, 0.9518106579780579]"
6038,1,49.73%,87.66%,0.0731,"[0.06679710000753403, 0.933202862739563]"
6039,0,49.72%,87.65%,2.2631,"[0.11067807674407959, 0.8893219232559204]"
6040,0,49.71%,87.65%,0.0004,"[0.9997150301933289, 0.0002849819138646126]"
6041,1,49.72%,87.65%,0.0466,"[0.04819371923804283, 0.9518063068389893]"
6042,0,49.71%,87.66%,0.1541,"[0.8877090215682983, 0.11229092627763748]"
6043,1,49.72%,87.66%,0.0643,"[0.056274570524692535, 0.9437254071235657]"
6044,0,49.71%,87.64%,1.9730,"[0.17143034934997559, 0.8285696506500244]"
6045,1,49.72%,87.64%,0.0723,"[0.06939015537500381, 0.9306098222732544]"
6046,0,49.71%,87.65%,0.0091,"[0.9822860360145569, 0.017713915556669235]"
6047,1,49.72%,87.65%,0.0673,"[0.04931627959012985, 0.9506837129592896]"
6048,0,49.71%,87.63%,2.1477,"[0.13816073536872864, 0.861839234828949]"
6049,1,49.72%,87.64%,0.1212,"[0.06618908792734146, 0.9338108897209167]"
6050,1,49.73%,87.64%,0.1160,"[0.10792676359415054, 0.8920732140541077]"
6051,1,49.74%,87.64%,0.1020,"[0.11350075900554657, 0.8864992260932922]"
6052,1,49.74%,87.64%,0.0708,"[0.07314895838499069, 0.9268510341644287]"
6053,0,49.74%,87.64%,0.0004,"[0.9990715980529785, 0.0009284264524467289]"
6054,0,49.73%,87.65%,0.0001,"[0.9999599456787109, 4.008085306850262e-05]"
6055,0,49.72%,87.63%,2.3585,"[0.0944143608212471, 0.9055855870246887]"
6056,1,49.73%,87.63%,0.0542,"[0.045963551849126816, 0.9540364742279053]"
6057,0,49.72%,87.64%,0.0003,"[0.999699592590332, 0.00030043127480894327]"
6058,1,49.73%,87.64%,0.1367,"[0.11256833374500275, 0.8874317407608032]"
6059,1,49.74%,87.64%,0.1024,"[0.08782130479812622, 0.9121786952018738]"
6060,1,49.74%,87.64%,0.2506,"[0.15866416692733765, 0.8413358330726624]"
6061,0,49.74%,87.64%,0.0052,"[0.9984825253486633, 0.0015175309963524342]"
6062,0,49.73%,87.65%,0.0001,"[0.9998308420181274, 0.00016908007091842592]"
6063,1,49.74%,87.65%,0.0477,"[0.05557890608906746, 0.944421112537384]"
6064,1,49.74%,87.65%,0.0546,"[0.05547322705388069, 0.9445267915725708]"
6065,0,49.74%,87.65%,0.0001,"[0.9999332427978516, 6.6722059273161e-05]"
6066,0,49.73%,87.65%,0.0051,"[0.6849810481071472, 0.3150189518928528]"
6067,1,49.74%,87.66%,0.0519,"[0.06118016317486763, 0.9388198852539062]"
6068,0,49.73%,87.66%,0.0012,"[0.9972364902496338, 0.0027634217403829098]"
6069,1,49.74%,87.64%,0.9951,"[0.5015525817871094, 0.498447448015213]"
6070,0,49.73%,87.65%,0.0004,"[0.9996461868286133, 0.00035381127963773906]"
6071,0,49.72%,87.63%,0.8236,"[0.27806174755096436, 0.7219381928443909]"
6072,1,49.73%,87.63%,0.0436,"[0.048201002180576324, 0.9517989754676819]"
6073,1,49.74%,87.64%,0.0713,"[0.06389601528644562, 0.9361040592193604]"
6074,0,49.73%,87.64%,0.0009,"[0.9996076226234436, 0.0003923483600374311]"
6075,0,49.72%,87.62%,2.6721,"[0.06334374845027924, 0.9366562366485596]"
6076,1,49.73%,87.63%,0.0669,"[0.06618683785200119, 0.9338131546974182]"
6077,0,49.72%,87.63%,0.0305,"[0.9887296557426453, 0.011270345188677311]"
6078,0,49.71%,87.63%,0.0160,"[0.9984775185585022, 0.0015225195093080401]"
6079,0,49.70%,87.63%,0.0000,"[0.999975323677063, 2.4641134587000124e-05]"
6080,0,49.70%,87.63%,0.0156,"[0.999954104423523, 4.5941393182147294e-05]"
6081,1,49.70%,87.64%,0.0441,"[0.08465256541967392, 0.9153473973274231]"
6082,1,49.71%,87.64%,0.0793,"[0.08688093721866608, 0.9131190180778503]"
6083,0,49.70%,87.62%,2.5337,"[0.0521007739007473, 0.9478992819786072]"
6084,0,49.70%,87.63%,0.0001,"[0.9999204874038696, 7.94888983364217e-05]"
6085,0,49.69%,87.63%,0.0000,"[0.9999773502349854, 2.2694590370520018e-05]"
6086,0,49.68%,87.63%,0.0017,"[0.9958330988883972, 0.00416694488376379]"
6087,1,49.69%,87.63%,0.1289,"[0.12495981901884079, 0.8750402331352234]"
6088,1,49.70%,87.63%,0.1159,"[0.10199403017759323, 0.8980059623718262]"
6089,0,49.69%,87.62%,1.0838,"[0.3825853765010834, 0.617414653301239]"
6090,0,49.68%,87.62%,0.0002,"[0.9998379945755005, 0.00016197797958739102]"
6091,0,49.67%,87.62%,0.0000,"[0.9999818801879883, 1.8141630789614283e-05]"
6092,1,49.68%,87.63%,0.0948,"[0.09734911471605301, 0.9026508927345276]"
6093,1,49.69%,87.63%,0.2859,"[0.17831997573375702, 0.8216800689697266]"
6094,1,49.70%,87.63%,0.2650,"[0.1664612591266632, 0.8335387110710144]"
6095,1,49.70%,87.63%,0.2743,"[0.282288521528244, 0.7177114486694336]"
6096,1,49.71%,87.63%,0.2499,"[0.21961843967437744, 0.7803815603256226]"
6097,1,49.72%,87.64%,0.2899,"[0.20084579288959503, 0.7991541624069214]"
6098,1,49.73%,87.64%,0.3833,"[0.24603158235549927, 0.7539684176445007]"
6099,0,49.72%,87.64%,0.0168,"[0.9927371144294739, 0.00726286368444562]"
6100,0,49.71%,87.62%,1.7474,"[0.15530119836330414, 0.8446988463401794]"
6101,1,49.72%,87.63%,0.0996,"[0.10010825842618942, 0.89989173412323]"
6102,0,49.71%,87.63%,0.0012,"[0.9995929598808289, 0.00040704954881221056]"
6103,1,49.72%,87.63%,0.6414,"[0.07705217599868774, 0.9229478240013123]"
6104,0,49.71%,87.63%,0.0002,"[0.9998880624771118, 0.00011197807907592505]"
6105,0,49.71%,87.64%,0.0000,"[0.999962568283081, 3.745088179130107e-05]"
6106,0,49.70%,87.64%,0.0000,"[0.999992847442627, 7.132718110369751e-06]"
6107,1,49.71%,87.64%,0.0259,"[0.025237012654542923, 0.974763035774231]"
6108,1,49.71%,87.64%,0.0376,"[0.03846418485045433, 0.9615358710289001]"
6109,1,49.72%,87.64%,0.0618,"[0.05265456810593605, 0.9473453760147095]"
6110,1,49.73%,87.65%,0.1573,"[0.14610405266284943, 0.8538959622383118]"
6111,1,49.74%,87.65%,0.1613,"[0.157965749502182, 0.8420342803001404]"
6112,1,49.75%,87.65%,0.1953,"[0.20256534218788147, 0.7974346876144409]"
6113,1,49.75%,87.65%,0.1983,"[0.20526674389839172, 0.7947332262992859]"
6114,0,49.75%,87.64%,1.4981,"[0.20507271587848663, 0.7949272394180298]"
6115,0,49.74%,87.64%,0.0165,"[0.984341561794281, 0.015658408403396606]"
6116,0,49.73%,87.62%,1.9126,"[0.15799184143543243, 0.842008113861084]"
6117,1,49.74%,87.63%,0.0696,"[0.05373377725481987, 0.9462661743164062]"
6118,1,49.75%,87.63%,0.1720,"[0.0991080179810524, 0.9008919596672058]"
6119,0,49.74%,87.63%,0.0015,"[0.9984739422798157, 0.0015260849613696337]"
6120,1,49.75%,87.63%,0.0722,"[0.06455491483211517, 0.9354451298713684]"
6121,0,49.74%,87.63%,0.0001,"[0.999805748462677, 0.0001942803937708959]"
6122,0,49.73%,87.64%,0.0004,"[0.999785840511322, 0.00021419204131234437]"
6123,1,49.74%,87.64%,0.0275,"[0.02735965885221958, 0.9726403951644897]"
6124,0,49.73%,87.64%,0.0002,"[0.9996082186698914, 0.0003917477442882955]"
6125,0,49.72%,87.63%,3.1721,"[0.041661765426397324, 0.9583382606506348]"
6126,1,49.73%,87.63%,0.0484,"[0.03949756920337677, 0.9605025053024292]"
6127,0,49.72%,87.63%,0.0006,"[0.9997807145118713, 0.0002192527608713135]"
6128,1,49.73%,87.63%,0.0477,"[0.04727472737431526, 0.9527252912521362]"
6129,0,49.72%,87.63%,0.0000,"[0.9999505281448364, 4.942349187331274e-05]"
6130,1,49.73%,87.64%,0.0479,"[0.0451640859246254, 0.9548359513282776]"
6131,1,49.74%,87.64%,0.0725,"[0.07049678266048431, 0.9295032620429993]"
6132,0,49.73%,87.64%,0.0008,"[0.9993155002593994, 0.0006844814051873982]"
6133,0,49.72%,87.64%,0.0005,"[0.9985607266426086, 0.001439296524040401]"
6134,1,49.73%,87.64%,0.0541,"[0.0896843820810318, 0.9103156924247742]"
6135,1,49.74%,87.65%,0.1006,"[0.09179255366325378, 0.9082074165344238]"
6136,1,49.75%,87.65%,0.0867,"[0.09506338089704514, 0.904936671257019]"
6137,0,49.74%,87.63%,0.3051,"[0.19556812942028046, 0.8044318556785583]"
6138,1,49.75%,87.64%,0.1021,"[0.09889579564332962, 0.901104211807251]"
6139,0,49.74%,87.64%,0.0013,"[0.9996590614318848, 0.0003409490454941988]"
6140,0,49.73%,87.64%,0.0001,"[0.9998639822006226, 0.0001359743473585695]"
6141,1,49.74%,87.64%,0.0531,"[0.04956641048192978, 0.950433611869812]"
6142,1,49.75%,87.64%,0.0553,"[0.05394916981458664, 0.9460508227348328]"
6143,0,49.74%,87.65%,0.0002,"[0.9995920062065125, 0.00040805345633998513]"
6144,0,49.73%,87.65%,0.0596,"[0.8635857701301575, 0.13641418516635895]"
6145,0,49.72%,87.65%,0.0000,"[0.9999884366989136, 1.1605084182519931e-05]"
6146,0,49.72%,87.65%,1.2736,"[0.5250962376594543, 0.47490376234054565]"
6147,0,49.71%,87.65%,0.0000,"[0.9999935626983643, 6.481875971076079e-06]"
6148,0,49.70%,87.66%,0.0425,"[0.9995114803314209, 0.0004885726957581937]"
6149,0,49.69%,87.66%,0.0000,"[0.9999969005584717, 3.0898715976945823e-06]"
6150,0,49.68%,87.66%,0.0000,"[0.9999980926513672, 1.946460542967543e-06]"
6151,1,49.69%,87.66%,0.0346,"[0.03824375942349434, 0.9617562294006348]"
6152,0,49.68%,87.66%,0.0000,"[0.9999728202819824, 2.7178512027603574e-05]"
6153,1,49.69%,87.67%,0.0537,"[0.08345688879489899, 0.9165431261062622]"
6154,0,49.68%,87.67%,0.0001,"[0.9998975992202759, 0.00010242537973681465]"
6155,0,49.68%,87.67%,0.0000,"[0.9999825954437256, 1.745648478390649e-05]"
6156,0,49.67%,87.67%,0.0000,"[0.999994158744812, 5.801454790343996e-06]"
6157,0,49.66%,87.67%,0.0000,"[0.9999970197677612, 2.929156153186341e-06]"
6158,0,49.65%,87.68%,0.0000,"[0.9999985694885254, 1.4768464779990609e-06]"
6159,1,49.66%,87.68%,0.2004,"[0.08668416738510132, 0.9133158326148987]"
6160,1,49.67%,87.66%,6.0177,"[0.9859310388565063, 0.01406899094581604]"
6161,1,49.68%,87.67%,0.1501,"[0.1337488889694214, 0.8662511706352234]"
6162,0,49.67%,87.65%,1.5526,"[0.21088124811649323, 0.789118766784668]"
6163,1,49.68%,87.65%,0.1112,"[0.10702654719352722, 0.8929734826087952]"
6164,0,49.67%,87.66%,0.0005,"[0.9993932247161865, 0.0006067556678317487]"
6165,0,49.66%,87.66%,1.2922,"[0.9473418593406677, 0.052658144384622574]"
6166,1,49.67%,87.66%,0.1019,"[0.1013658419251442, 0.8986341953277588]"
6167,1,49.68%,87.66%,0.3149,"[0.29214295744895935, 0.7078570127487183]"
6168,0,49.67%,87.66%,0.0018,"[0.9978328347206116, 0.002167169004678726]"
6169,0,49.66%,87.65%,1.8107,"[0.1700206995010376, 0.8299793601036072]"
6170,0,49.65%,87.65%,0.0001,"[0.9998676776885986, 0.00013228382158558816]"
6171,0,49.64%,87.65%,0.0000,"[0.9999681711196899, 3.1852996471570805e-05]"
6172,0,49.64%,87.66%,0.0000,"[0.9999914169311523, 8.616390914539807e-06]"
6173,1,49.64%,87.66%,0.2049,"[0.17447583377361298, 0.8255242109298706]"
6174,1,49.65%,87.66%,0.0885,"[0.12237883359193802, 0.8776211142539978]"
6175,0,49.64%,87.66%,0.0004,"[0.9995792508125305, 0.0004207362071610987]"
6176,1,49.65%,87.66%,0.1103,"[0.09975825995206833, 0.9002417325973511]"
6177,0,49.64%,87.67%,0.4054,"[0.8732564449310303, 0.12674352526664734]"
6178,0,49.64%,87.67%,0.0001,"[0.9998950958251953, 0.00010486377141205594]"
6179,1,49.64%,87.67%,0.0517,"[0.05403124541044235, 0.9459688067436218]"
6180,0,49.64%,87.67%,0.0000,"[0.999935507774353, 6.447434861911461e-05]"
6181,0,49.63%,87.67%,0.0121,"[0.8584181666374207, 0.14158181846141815]"
6182,1,49.64%,87.68%,0.0581,"[0.05233380198478699, 0.9476662278175354]"
6183,1,49.64%,87.68%,0.3380,"[0.17109279334545135, 0.8289071917533875]"
6184,0,49.64%,87.68%,0.1456,"[0.8381035923957825, 0.16189640760421753]"
6185,1,49.64%,87.67%,1.0933,"[0.9793409705162048, 0.020659036934375763]"
6186,1,49.65%,87.67%,0.1490,"[0.14053833484649658, 0.8594616651535034]"
6187,1,49.66%,87.67%,0.2001,"[0.18689481914043427, 0.8131052255630493]"
6188,0,49.65%,87.67%,0.0078,"[0.990841269493103, 0.009158671833574772]"
6189,1,49.66%,87.67%,0.1446,"[0.16062027215957642, 0.8393797278404236]"
6190,0,49.65%,87.68%,0.0045,"[0.9948429465293884, 0.005157127510756254]"
6191,1,49.66%,87.68%,0.1255,"[0.11832761764526367, 0.8816723227500916]"
6192,1,49.67%,87.68%,0.2036,"[0.172364741563797, 0.8276352286338806]"
6193,1,49.68%,87.67%,1.5933,"[0.6129381060600281, 0.3870619833469391]"
6194,1,49.69%,87.67%,0.2161,"[0.21803973615169525, 0.7819603085517883]"
6195,1,49.69%,87.67%,0.2562,"[0.24903565645217896, 0.750964343547821]"
6196,0,49.69%,87.67%,0.0094,"[0.9903781414031982, 0.009621890261769295]"
6197,0,49.68%,87.67%,0.0020,"[0.9970356225967407, 0.002964423969388008]"
6198,0,49.67%,87.68%,0.0009,"[0.9990628361701965, 0.0009371391497552395]"
6199,1,49.68%,87.68%,0.0787,"[0.12490324676036835, 0.8750967383384705]"
6200,1,49.69%,87.68%,0.0590,"[0.05933944880962372, 0.9406605958938599]"
6201,0,49.68%,87.68%,0.0088,"[0.9987443685531616, 0.0012556585716083646]"
6202,0,49.67%,87.68%,0.0019,"[0.9994057416915894, 0.0005942612770013511]"
6203,1,49.68%,87.69%,0.0283,"[0.029604988172650337, 0.970395028591156]"
6204,0,49.67%,87.69%,0.0077,"[0.9444631338119507, 0.055536895990371704]"
6205,1,49.68%,87.69%,0.0484,"[0.05997807905077934, 0.9400219321250916]"
6206,1,49.69%,87.69%,0.0751,"[0.04293518885970116, 0.9570648074150085]"
6207,1,49.69%,87.69%,0.0838,"[0.08222483098506927, 0.9177751541137695]"
6208,1,49.70%,87.70%,0.1509,"[0.16371968388557434, 0.8362802863121033]"
6209,1,49.71%,87.70%,0.2225,"[0.1914771944284439, 0.8085228204727173]"
6210,1,49.72%,87.70%,0.1552,"[0.14305537939071655, 0.8569446206092834]"
6211,1,49.73%,87.70%,0.0877,"[0.07251862436532974, 0.9274813532829285]"
6212,1,49.73%,87.70%,0.1369,"[0.1220841109752655, 0.8779158592224121]"
6213,1,49.74%,87.71%,0.1607,"[0.13400483131408691, 0.8659952282905579]"
6214,0,49.73%,87.71%,0.0346,"[0.9575283527374268, 0.04247162863612175]"
6215,1,49.74%,87.71%,0.0903,"[0.09139403700828552, 0.9086059331893921]"
6216,0,49.73%,87.71%,0.0114,"[0.9930140376091003, 0.006986026652157307]"
6217,0,49.73%,87.70%,2.6395,"[0.07154253125190735, 0.928457498550415]"
6218,0,49.72%,87.70%,0.0001,"[0.9999337196350098, 6.632817530771717e-05]"
6219,1,49.73%,87.70%,0.0301,"[0.02807416208088398, 0.9719257950782776]"
6220,0,49.72%,87.70%,0.0002,"[0.9998039603233337, 0.0001961041270988062]"
6221,0,49.71%,87.70%,0.0000,"[0.9999706745147705, 2.9324623028514907e-05]"
6222,1,49.72%,87.71%,0.0252,"[0.024817874655127525, 0.9751821160316467]"
6223,0,49.71%,87.71%,0.0002,"[0.9997695088386536, 0.00023053707263898104]"
6224,0,49.70%,87.71%,0.0740,"[0.9884363412857056, 0.011563719250261784]"
6225,1,49.71%,87.71%,0.0392,"[0.026147639378905296, 0.9738523364067078]"
6226,0,49.70%,87.71%,0.0006,"[0.9996522665023804, 0.0003477415884844959]"
6227,0,49.69%,87.70%,3.2773,"[0.03535318002104759, 0.9646467566490173]"
6228,1,49.70%,87.70%,0.0356,"[0.03549562767148018, 0.9645043611526489]"
6229,1,49.71%,87.70%,0.0845,"[0.08484993875026703, 0.9151501059532166]"
6230,0,49.70%,87.69%,2.1151,"[0.12604039907455444, 0.8739596009254456]"
6231,1,49.71%,87.69%,0.0707,"[0.06877709180116653, 0.9312229156494141]"
6232,1,49.72%,87.69%,0.0929,"[0.0870034396648407, 0.9129965901374817]"
6233,1,49.73%,87.70%,0.1058,"[0.09752839058637619, 0.9024716019630432]"
6234,1,49.74%,87.70%,0.1776,"[0.17804604768753052, 0.8219539523124695]"
6235,1,49.74%,87.70%,0.2392,"[0.21082982420921326, 0.7891702055931091]"
6236,1,49.75%,87.70%,0.2318,"[0.2054527848958969, 0.7945471405982971]"
6237,1,49.76%,87.70%,0.2637,"[0.19665418565273285, 0.8033457398414612]"
6238,0,49.75%,87.69%,1.7501,"[0.1835843026638031, 0.8164157271385193]"
6239,1,49.76%,87.69%,0.0743,"[0.09112973511219025, 0.908870279788971]"
6240,0,49.75%,87.69%,0.0794,"[0.7451573610305786, 0.2548426389694214]"
6241,1,49.76%,87.70%,0.0692,"[0.06751501560211182, 0.9324849843978882]"
6242,0,49.75%,87.70%,0.0011,"[0.9992035031318665, 0.0007964794640429318]"
6243,0,49.74%,87.70%,0.0001,"[0.9999203681945801, 7.957490743137896e-05]"
6244,0,49.74%,87.70%,0.0000,"[0.9999841451644897, 1.588460690982174e-05]"
6245,1,49.74%,87.70%,0.0320,"[0.027503209188580513, 0.9724968671798706]"
6246,1,49.75%,87.71%,0.0304,"[0.04645577073097229, 0.9535442590713501]"
6247,1,49.76%,87.71%,0.0578,"[0.04437963664531708, 0.9556204080581665]"
6248,1,49.77%,87.71%,0.1072,"[0.10959985852241516, 0.8904001116752625]"
6249,1,49.78%,87.71%,0.1932,"[0.14062540233135223, 0.8593745827674866]"
6250,0,49.77%,87.71%,0.0049,"[0.9965566396713257, 0.0034433670807629824]"
6251,1,49.78%,87.72%,0.0621,"[0.06778553873300552, 0.9322144389152527]"
6252,0,49.77%,87.72%,0.0005,"[0.9995607733726501, 0.0004392211267258972]"
6253,0,49.76%,87.72%,0.0000,"[0.9999549388885498, 4.504583921516314e-05]"
6254,1,49.77%,87.72%,0.0487,"[0.03726988658308983, 0.9627301096916199]"
6255,0,49.76%,87.72%,0.0002,"[0.9999144077301025, 8.558480476494879e-05]"
6256,1,49.77%,87.71%,4.8668,"[0.9698312878608704, 0.030168700963258743]"
6257,1,49.78%,87.70%,0.1813,"[0.9350185990333557, 0.06498141586780548]"
6258,1,49.78%,87.70%,0.1245,"[0.10850367695093155, 0.8914963603019714]"
6259,0,49.78%,87.70%,0.0035,"[0.996795117855072, 0.003204838838428259]"
6260,1,49.78%,87.69%,1.1126,"[0.8700177073478699, 0.12998224794864655]"
6261,1,49.79%,87.69%,0.0756,"[0.0720033198595047, 0.9279966354370117]"
6262,0,49.78%,87.67%,1.4750,"[0.14225898683071136, 0.8577409386634827]"
6263,1,49.79%,87.68%,0.0535,"[0.047668397426605225, 0.9523316025733948]"
6264,1,49.80%,87.68%,0.1013,"[0.07954871654510498, 0.920451283454895]"
6265,0,49.79%,87.68%,0.0191,"[0.9870641231536865, 0.012935886159539223]"
6266,0,49.78%,87.68%,0.0006,"[0.9996042847633362, 0.0003957320877816528]"
6267,0,49.78%,87.68%,0.0001,"[0.9999493360519409, 5.0616035878192633e-05]"
6268,0,49.77%,87.69%,0.0000,"[0.9999786615371704, 2.1355925127863884e-05]"
6269,1,49.78%,87.69%,0.0165,"[0.016292614862322807, 0.9837073683738708]"
6270,0,49.77%,87.69%,0.0000,"[0.9999847412109375, 1.5295358025468886e-05]"
6271,1,49.78%,87.69%,0.0268,"[0.023804383352398872, 0.9761956334114075]"
6272,1,49.78%,87.69%,0.0497,"[0.047838568687438965, 0.952161431312561]"
6273,0,49.78%,87.70%,0.0002,"[0.9997822642326355, 0.00021771893079858273]"
6274,1,49.78%,87.70%,0.0428,"[0.03224576264619827, 0.9677542448043823]"
6275,0,49.78%,87.70%,0.0009,"[0.9989232420921326, 0.001076701213605702]"
6276,0,49.77%,87.70%,0.0001,"[0.9999104738235474, 8.954740042099729e-05]"
6277,1,49.78%,87.70%,0.0354,"[0.03328922390937805, 0.9667108058929443]"
6278,1,49.78%,87.71%,0.0636,"[0.06388106942176819, 0.9361189603805542]"
6279,1,49.79%,87.71%,0.1239,"[0.1225663349032402, 0.8774336576461792]"
6280,1,49.80%,87.71%,0.1506,"[0.1561422497034073, 0.8438577651977539]"
6281,1,49.81%,87.71%,0.1244,"[0.12420231103897095, 0.8757977485656738]"
6282,1,49.82%,87.71%,0.2389,"[0.18545164167881012, 0.8145483136177063]"
6283,1,49.82%,87.71%,0.2503,"[0.23856471478939056, 0.761435329914093]"
6284,0,49.82%,87.70%,1.1962,"[0.2571287751197815, 0.7428712248802185]"
6285,0,49.81%,87.70%,0.0073,"[0.9948186278343201, 0.005181329790502787]"
6286,0,49.80%,87.70%,0.0025,"[0.9533823132514954, 0.04661769047379494]"
6287,0,49.79%,87.71%,0.0001,"[0.9999310970306396, 6.8907807872165e-05]"
6288,0,49.79%,87.71%,0.0000,"[0.9999816417694092, 1.8359800378675573e-05]"
6289,1,49.79%,87.71%,0.0162,"[0.016001509502530098, 0.9839985370635986]"
6290,0,49.79%,87.70%,3.5806,"[0.033676184713840485, 0.9663238525390625]"
6291,0,49.78%,87.68%,2.3214,"[0.047534387558698654, 0.9524655342102051]"
6292,0,49.77%,87.67%,0.7499,"[0.09952670335769653, 0.9004733562469482]"
6293,1,49.78%,87.67%,0.0425,"[0.029111988842487335, 0.9708879590034485]"
6294,1,49.79%,87.67%,0.0794,"[0.06471014022827148, 0.9352898597717285]"
6295,0,49.78%,87.66%,2.8245,"[0.06987252086400986, 0.9301275014877319]"
6296,0,49.77%,87.66%,0.0000,"[0.9998965263366699, 0.00010347501665819436]"
6297,1,49.78%,87.65%,3.6579,"[0.9976676106452942, 0.0023324135690927505]"
6298,0,49.77%,87.63%,2.9146,"[0.06003918871283531, 0.9399608373641968]"
6299,1,49.78%,87.63%,0.0354,"[0.03290934860706329, 0.9670906066894531]"
6300,1,49.79%,87.64%,0.2581,"[0.2926592230796814, 0.7073407769203186]"
6301,1,49.79%,87.64%,0.0856,"[0.07611555606126785, 0.923884391784668]"
6302,0,49.79%,87.64%,0.0003,"[0.9997696280479431, 0.00023037841310724616]"
6303,1,49.79%,87.64%,0.0536,"[0.06007162854075432, 0.939928412437439]"
6304,0,49.79%,87.64%,0.0003,"[0.9997144341468811, 0.0002855467901099473]"
6305,0,49.78%,87.63%,2.6721,"[0.05214264616370201, 0.9478573799133301]"
6306,0,49.77%,87.62%,2.5114,"[0.11423515528440475, 0.8857648968696594]"
6307,0,49.76%,87.60%,2.4695,"[0.07661356776952744, 0.9233863949775696]"
6308,0,49.75%,87.61%,0.0000,"[0.999994158744812, 5.847168722539209e-06]"
6309,0,49.75%,87.61%,0.0000,"[0.999996542930603, 3.4429258448653854e-06]"
6310,0,49.74%,87.61%,0.0000,"[0.9999980926513672, 1.8570882502899622e-06]"
6311,1,49.75%,87.61%,0.6594,"[0.2698991894721985, 0.7301008105278015]"
6312,1,49.75%,87.61%,0.1368,"[0.11427714675664902, 0.885722815990448]"
6313,1,49.76%,87.61%,0.3293,"[0.364003449678421, 0.6359965801239014]"
6314,0,49.75%,87.62%,0.0009,"[0.9986322522163391, 0.0013676636153832078]"
6315,1,49.76%,87.62%,0.5882,"[0.2200142741203308, 0.779985785484314]"
6316,0,49.75%,87.62%,0.0016,"[0.9984409213066101, 0.0015590874245390296]"
6317,0,49.75%,87.62%,0.0001,"[0.999891996383667, 0.00010800485324580222]"
6318,0,49.74%,87.62%,0.0000,"[0.9999816417694092, 1.8307502614334226e-05]"
6319,0,49.73%,87.63%,0.0000,"[0.9999927282333374, 7.31614727556007e-06]"
6320,1,49.74%,87.63%,0.6014,"[0.10530953854322433, 0.8946904540061951]"
6321,1,49.75%,87.63%,0.1221,"[0.12008824199438095, 0.8799117803573608]"
6322,1,49.75%,87.63%,0.1009,"[0.24035590887069702, 0.7596440315246582]"
6323,1,49.76%,87.63%,0.1324,"[0.10832226276397705, 0.891677737236023]"
6324,1,49.77%,87.64%,0.1399,"[0.18767713010311127, 0.8123228549957275]"
6325,1,49.78%,87.64%,0.2522,"[0.17611685395240784, 0.8238831758499146]"
6326,1,49.79%,87.64%,0.2070,"[0.19579923152923584, 0.8042007088661194]"
6327,0,49.78%,87.64%,0.0041,"[0.9966071844100952, 0.003392868209630251]"
6328,1,49.79%,87.64%,0.1547,"[0.07732339948415756, 0.9226765632629395]"
6329,1,49.79%,87.65%,0.1422,"[0.13301049172878265, 0.8669894933700562]"
6330,1,49.80%,87.65%,0.2300,"[0.23192381858825684, 0.7680761814117432]"
6331,0,49.79%,87.65%,0.0049,"[0.9941784143447876, 0.005821565631777048]"
6332,1,49.80%,87.65%,0.1452,"[0.11030767858028412, 0.8896923065185547]"
6333,1,49.81%,87.65%,0.3347,"[0.23500461876392365, 0.7649953961372375]"
6334,0,49.80%,87.66%,0.0010,"[0.9961082339286804, 0.003891808446496725]"
6335,1,49.81%,87.66%,0.0539,"[0.05200215056538582, 0.9479978084564209]"
6336,0,49.80%,87.64%,2.7251,"[0.061400044709444046, 0.9386000037193298]"
6337,1,49.81%,87.65%,0.0503,"[0.04405893757939339, 0.9559410214424133]"
6338,0,49.80%,87.63%,0.2551,"[0.42302680015563965, 0.5769731402397156]"
6339,0,49.79%,87.63%,0.0008,"[0.9986512064933777, 0.0013488426338881254]"
6340,1,49.80%,87.64%,0.0231,"[0.022608058527112007, 0.9773919582366943]"
6341,1,49.81%,87.64%,0.0368,"[0.043807003647089005, 0.9561930298805237]"
6342,0,49.80%,87.64%,0.0017,"[0.9992603659629822, 0.0007396148866973817]"
6343,0,49.80%,87.64%,0.0011,"[0.9990959167480469, 0.0009040801669470966]"
6344,0,49.79%,87.64%,0.0004,"[0.9998062252998352, 0.0001937951019499451]"
6345,0,49.78%,87.65%,0.0003,"[0.9996089339256287, 0.0003911216335836798]"
6346,0,49.77%,87.65%,0.0006,"[0.9885481595993042, 0.01145187858492136]"
6347,0,49.76%,87.65%,0.0079,"[0.9901238083839417, 0.009876199066638947]"
6348,0,49.76%,87.65%,0.0286,"[0.9905567169189453, 0.009443268179893494]"
6349,1,49.76%,87.65%,0.0163,"[0.016621775925159454, 0.9833782911300659]"
6350,1,49.77%,87.66%,0.0337,"[0.03154342994093895, 0.9684565663337708]"
6351,1,49.78%,87.66%,0.0615,"[0.059710919857025146, 0.9402890205383301]"
6352,1,49.79%,87.66%,0.0908,"[0.09733840823173523, 0.9026615619659424]"
6353,1,49.80%,87.66%,0.1486,"[0.13925720751285553, 0.8607427477836609]"
6354,1,49.80%,87.66%,0.2237,"[0.1694435328245163, 0.8305564522743225]"
6355,1,49.81%,87.67%,0.2054,"[0.1893702894449234, 0.8106297254562378]"
6356,1,49.82%,87.67%,0.1751,"[0.16231003403663635, 0.8376899361610413]"
6357,1,49.83%,87.67%,0.1972,"[0.16638821363449097, 0.833611786365509]"
6358,0,49.82%,87.66%,1.6861,"[0.14731672406196594, 0.8526833057403564]"
6359,0,49.81%,87.66%,0.0042,"[0.9975186586380005, 0.0024813960772007704]"
6360,1,49.82%,87.66%,0.0476,"[0.0495644211769104, 0.9504355788230896]"
6361,1,49.83%,87.66%,0.0907,"[0.10105300694704056, 0.8989469408988953]"
6362,0,49.82%,87.65%,1.8079,"[0.1665756106376648, 0.8334243893623352]"
6363,0,49.81%,87.65%,0.0004,"[0.9995761513710022, 0.0004239071859046817]"
6364,1,49.82%,87.65%,0.0645,"[0.059181783348321915, 0.940818190574646]"
6365,0,49.81%,87.65%,0.0005,"[0.9994980096817017, 0.0005019341479055583]"
6366,0,49.80%,87.66%,0.0091,"[0.9931790828704834, 0.006820914335548878]"
6367,1,49.81%,87.66%,0.0340,"[0.0330548919737339, 0.9669451713562012]"
6368,1,49.82%,87.66%,0.1061,"[0.10221143066883087, 0.8977885842323303]"
6369,1,49.83%,87.66%,0.1354,"[0.12493877857923508, 0.8750612139701843]"
6370,1,49.84%,87.66%,0.1834,"[0.1690794676542282, 0.8309205174446106]"
6371,0,49.83%,87.66%,0.0561,"[0.8952091932296753, 0.1047908365726471]"
6372,1,49.84%,87.67%,0.0849,"[0.08473552763462067, 0.9152645468711853]"
6373,0,49.83%,87.67%,0.4701,"[0.8416728973388672, 0.15832704305648804]"
6374,1,49.84%,87.67%,0.1010,"[0.10120969265699387, 0.8987903594970703]"
6375,0,49.83%,87.67%,0.0003,"[0.9998064637184143, 0.00019354248070158064]"
6376,0,49.82%,87.66%,2.5875,"[0.06853986531496048, 0.9314601421356201]"
6377,1,49.83%,87.66%,0.0850,"[0.07850005477666855, 0.921500027179718]"
6378,0,49.82%,87.66%,0.0002,"[0.9998785257339478, 0.00012151675036875531]"
6379,1,49.83%,87.66%,0.0679,"[0.03882165253162384, 0.9611783623695374]"
6380,0,49.82%,87.65%,2.4021,"[0.0906330943107605, 0.9093669056892395]"
6381,0,49.81%,87.65%,0.0009,"[0.999678373336792, 0.0003216545155737549]"
6382,1,49.82%,87.65%,0.0568,"[0.0577889159321785, 0.9422110915184021]"
6383,0,49.81%,87.66%,0.0143,"[0.8897433280944824, 0.1102566048502922]"
6384,0,49.80%,87.66%,0.0039,"[0.9912342429161072, 0.008765741251409054]"
6385,1,49.81%,87.66%,0.0604,"[0.06986845284700394, 0.9301315546035767]"
6386,0,49.80%,87.66%,0.0003,"[0.9999271631240845, 7.286316395038739e-05]"
6387,1,49.81%,87.66%,0.1343,"[0.24263639748096466, 0.7573636174201965]"
6388,0,49.80%,87.67%,0.0009,"[0.9991161227226257, 0.000883928150869906]"
6389,1,49.81%,87.67%,0.0731,"[0.07212270051240921, 0.9278772473335266]"
6390,1,49.82%,87.67%,0.1832,"[0.3635101914405823, 0.6364898085594177]"
6391,0,49.81%,87.67%,0.0001,"[0.9999240636825562, 7.597682269988582e-05]"
6392,1,49.82%,87.67%,0.0549,"[0.051101043820381165, 0.9488989114761353]"
6393,1,49.83%,87.68%,0.0847,"[0.0771210566163063, 0.9228789806365967]"
6394,1,49.84%,87.68%,0.0683,"[0.06599961966276169, 0.9340004324913025]"
6395,1,49.84%,87.68%,0.0936,"[0.08807330578565598, 0.9119267463684082]"
6396,1,49.85%,87.68%,0.1749,"[0.1543002873659134, 0.8456997275352478]"
6397,0,49.84%,87.67%,2.1639,"[0.21770848333835602, 0.78229159116745]"
6398,0,49.84%,87.67%,0.0002,"[0.9998237490653992, 0.00017628901696298271]"
6399,1,49.84%,87.67%,0.0475,"[0.05678350105881691, 0.9432165026664734]"
6400,1,49.85%,87.67%,0.1755,"[0.16445691883563995, 0.8355430960655212]"
6401,0,49.84%,87.68%,0.0018,"[0.9966081380844116, 0.0033918474800884724]"
6402,0,49.84%,87.68%,0.0001,"[0.9998860359191895, 0.00011392188753234223]"
6403,1,49.84%,87.68%,0.0426,"[0.041850410401821136, 0.9581495523452759]"
6404,0,49.84%,87.68%,0.0001,"[0.9998151659965515, 0.00018491588707547635]"
6405,0,49.83%,87.68%,0.0000,"[0.999984860420227, 1.5086227904248517e-05]"
6406,0,49.82%,87.69%,0.0000,"[0.9999868869781494, 1.3106930964568164e-05]"
6407,0,49.81%,87.69%,0.0000,"[0.9999866485595703, 1.3382134056882933e-05]"
6408,0,49.80%,87.67%,3.5565,"[0.026823462918400764, 0.9731765985488892]"
6409,1,49.81%,87.68%,0.0391,"[0.03556185960769653, 0.9644381999969482]"
6410,0,49.81%,87.68%,0.0001,"[0.9999227523803711, 7.721853035036474e-05]"
6411,0,49.80%,87.68%,0.0000,"[0.9999799728393555, 1.9989776774309576e-05]"
6412,0,49.79%,87.68%,0.0000,"[0.9999924898147583, 7.560221547464607e-06]"
6413,1,49.80%,87.68%,0.0250,"[0.027531897649168968, 0.9724680781364441]"
6414,1,49.81%,87.69%,0.0773,"[0.07195421308279037, 0.9280458092689514]"
6415,1,49.81%,87.69%,0.0898,"[0.09374426305294037, 0.9062557816505432]"
6416,0,49.81%,87.69%,0.0456,"[0.9980558156967163, 0.0019442285411059856]"
6417,0,49.80%,87.69%,0.0004,"[0.9998258948326111, 0.00017418955394532531]"
6418,0,49.79%,87.68%,2.8452,"[0.050863392651081085, 0.9491366147994995]"
6419,1,49.80%,87.68%,0.0617,"[0.06046205386519432, 0.9395379424095154]"
6420,1,49.81%,87.68%,0.1283,"[0.11806126683950424, 0.8819387555122375]"
6421,0,49.80%,87.68%,0.0024,"[0.9979923963546753, 0.002007582224905491]"
6422,0,49.79%,87.68%,0.0001,"[0.9998266100883484, 0.00017340717022307217]"
6423,0,49.78%,87.67%,2.6549,"[0.0672178789973259, 0.9327820539474487]"
6424,0,49.77%,87.67%,0.0000,"[0.9999898672103882, 1.016432543110568e-05]"
6425,1,49.78%,87.68%,0.0743,"[0.07354045659303665, 0.9264596104621887]"
6426,1,49.79%,87.68%,2.1782,"[0.4257727563381195, 0.5742272734642029]"
6427,0,49.78%,87.68%,0.0012,"[0.998155415058136, 0.0018445784226059914]"
6428,1,49.79%,87.68%,0.1252,"[0.13994140923023224, 0.860058605670929]"
6429,0,49.78%,87.68%,0.0006,"[0.9991409778594971, 0.0008590057259425521]"
6430,1,49.79%,87.68%,0.1457,"[0.13024212419986725, 0.869757890701294]"
6431,1,49.80%,87.69%,0.2243,"[0.19823241233825684, 0.8017675876617432]"
6432,0,49.79%,87.69%,0.0045,"[0.9960293769836426, 0.003970624879002571]"
6433,1,49.80%,87.69%,0.1546,"[0.14482583105564117, 0.85517418384552]"
6434,0,49.79%,87.69%,0.0009,"[0.9987322688102722, 0.0012677260674536228]"
6435,0,49.78%,87.68%,2.2295,"[0.10523360967636108, 0.8947663307189941]"
6436,1,49.79%,87.68%,0.0802,"[0.08522140979766846, 0.9147785305976868]"
6437,0,49.78%,87.68%,0.0003,"[0.999823272228241, 0.00017675897106528282]"
6438,1,49.79%,87.68%,0.1089,"[0.08638520538806915, 0.9136147499084473]"
6439,1,49.80%,87.69%,0.1481,"[0.13618749380111694, 0.8638125658035278]"
6440,1,49.81%,87.69%,0.2320,"[0.20443905889987946, 0.7955609560012817]"
6441,1,49.81%,87.69%,0.2431,"[0.19997943937778473, 0.8000205755233765]"
6442,0,49.81%,87.68%,1.7370,"[0.18289627134799957, 0.8171036839485168]"
6443,1,49.81%,87.68%,0.1590,"[0.17209893465042114, 0.8279010653495789]"
6444,0,49.81%,87.68%,0.0037,"[0.9970218539237976, 0.0029781884513795376]"
6445,1,49.81%,87.68%,0.0924,"[0.08679467439651489, 0.9132053256034851]"
6446,1,49.82%,87.68%,0.1209,"[0.11675786226987839, 0.883242130279541]"
6447,0,49.81%,87.67%,1.3484,"[0.39184334874153137, 0.608156681060791]"
6448,0,49.81%,87.67%,0.0083,"[0.9949770569801331, 0.005022867117077112]"
6449,0,49.80%,87.67%,0.0002,"[0.9994111061096191, 0.0005888969753868878]"
6450,1,49.81%,87.68%,0.0863,"[0.08331035077571869, 0.9166896939277649]"
6451,0,49.80%,87.68%,0.0010,"[0.9990578293800354, 0.0009421737631782889]"
6452,1,49.81%,87.68%,0.0980,"[0.09536553919315338, 0.9046345353126526]"
6453,1,49.81%,87.68%,0.1609,"[0.1482122540473938, 0.851787805557251]"
6454,1,49.82%,87.68%,0.1228,"[0.11585791409015656, 0.8841421604156494]"
6455,1,49.83%,87.69%,0.1519,"[0.12724341452121735, 0.8727566003799438]"
6456,1,49.84%,87.69%,0.1850,"[0.20011192560195923, 0.7998880743980408]"
6457,1,49.85%,87.69%,0.2773,"[0.22606724500656128, 0.7739328145980835]"
6458,0,49.84%,87.69%,0.0048,"[0.993783712387085, 0.006216288544237614]"
6459,0,49.83%,87.69%,0.0005,"[0.9993941783905029, 0.0006058299914002419]"
6460,0,49.82%,87.70%,0.0001,"[0.9999396800994873, 6.031387601979077e-05]"
6461,1,49.83%,87.70%,0.0373,"[0.03778756782412529, 0.9622123837471008]"
6462,0,49.82%,87.70%,0.0000,"[0.9999723434448242, 2.764981400105171e-05]"
6463,0,49.81%,87.70%,0.0000,"[0.999994158744812, 5.8928148973791394e-06]"
6464,0,49.81%,87.70%,0.0000,"[0.9999963045120239, 3.6365436244523153e-06]"
6465,1,49.81%,87.70%,0.0186,"[0.018178796395659447, 0.9818212389945984]"
6466,0,49.81%,87.71%,0.0000,"[0.999985933303833, 1.4019371519680135e-05]"
6467,1,49.81%,87.71%,0.0302,"[0.026343759149312973, 0.973656177520752]"
6468,0,49.81%,87.71%,0.0000,"[0.9999275207519531, 7.248318433994427e-05]"
6469,0,49.80%,87.70%,3.3472,"[0.034911222755908966, 0.9650888442993164]"
6470,0,49.79%,87.68%,3.4070,"[0.0323343351483345, 0.9676656126976013]"
6471,0,49.78%,87.69%,0.0000,"[0.9999830722808838, 1.692033401923254e-05]"
6472,1,49.79%,87.69%,0.0362,"[0.03837522864341736, 0.961624801158905]"
6473,1,49.80%,87.69%,0.0727,"[0.06662642955780029, 0.9333735704421997]"
6474,1,49.81%,87.69%,0.0956,"[0.09850283712148666, 0.9014971852302551]"
6475,0,49.80%,87.69%,0.0020,"[0.9974640607833862, 0.0025358733255416155]"
6476,1,49.81%,87.69%,0.0798,"[0.07768230885267258, 0.9223177433013916]"
6477,0,49.80%,87.68%,1.6613,"[0.23976746201515198, 0.7602325081825256]"
6478,0,49.79%,87.68%,0.0002,"[0.9999417066574097, 5.82419233978726e-05]"
6479,0,49.78%,87.69%,0.0073,"[0.9972892999649048, 0.0027107230853289366]"
6480,1,49.79%,87.69%,0.0964,"[0.09040387719869614, 0.9095960855484009]"
6481,1,49.80%,87.69%,0.1275,"[0.10385745763778687, 0.8961424827575684]"
6482,0,49.79%,87.69%,0.0025,"[0.9983671307563782, 0.0016328644705936313]"
6483,0,49.78%,87.69%,0.0001,"[0.9999129772186279, 8.705075015313923e-05]"
6484,1,49.79%,87.69%,0.0633,"[0.06071632727980614, 0.9392836689949036]"
6485,1,49.80%,87.70%,0.0867,"[0.08601721376180649, 0.9139828085899353]"
6486,0,49.79%,87.70%,0.0003,"[0.999843955039978, 0.0001560615055495873]"
6487,0,49.78%,87.70%,0.0000,"[0.9999408721923828, 5.907414379180409e-05]"
6488,1,49.79%,87.70%,0.0681,"[0.06700147688388824, 0.9329984784126282]"
6489,0,49.78%,87.70%,0.0000,"[0.9999111890792847, 8.876446372596547e-05]"
6490,1,49.79%,87.71%,0.0701,"[0.06385369598865509, 0.9361463189125061]"
6491,1,49.80%,87.71%,0.0963,"[0.08684980124235153, 0.9131502509117126]"
6492,1,49.81%,87.71%,0.1501,"[0.16078434884548187, 0.8392156362533569]"
6493,0,49.80%,87.71%,0.0009,"[0.9994547963142395, 0.0005452439072541893]"
6494,1,49.81%,87.71%,0.1398,"[0.10807496309280396, 0.8919250965118408]"
6495,0,49.80%,87.72%,0.7821,"[0.5195565819740295, 0.4804433584213257]"
6496,0,49.79%,87.72%,0.0001,"[0.9998446702957153, 0.00015529997472185642]"
6497,1,49.80%,87.72%,0.0476,"[0.04660319909453392, 0.9533968567848206]"
6498,1,49.81%,87.72%,0.1553,"[0.12433366477489471, 0.8756662607192993]"
6499,0,49.80%,87.71%,2.4597,"[0.11645417660474777, 0.8835458755493164]"
6500,0,49.79%,87.71%,0.0001,"[0.9999455213546753, 5.45274670002982e-05]"
6501,1,49.80%,87.71%,0.0553,"[0.05237063020467758, 0.9476293325424194]"
6502,1,49.81%,87.71%,0.1029,"[0.09590080380439758, 0.90409916639328]"
6503,0,49.80%,87.72%,0.0010,"[0.9993510842323303, 0.0006488606450147927]"
6504,0,49.79%,87.72%,0.0001,"[0.9999020099639893, 9.795442019822076e-05]"
6505,0,49.78%,87.72%,0.0000,"[0.9999830722808838, 1.6957665138761513e-05]"
6506,0,49.78%,87.72%,0.0000,"[0.9999932050704956, 6.8168533289281186e-06]"
6507,0,49.77%,87.72%,0.0000,"[0.9999973773956299, 2.651949671417242e-06]"
6508,1,49.78%,87.72%,0.0272,"[0.027060631662607193, 0.9729393124580383]"
6509,1,49.78%,87.73%,0.0514,"[0.05364110693335533, 0.9463589191436768]"
6510,0,49.78%,87.73%,0.0001,"[0.999980092048645, 1.9951212379965e-05]"
6511,1,49.79%,87.73%,0.0365,"[0.03261078894138336, 0.9673891663551331]"
6512,0,49.78%,87.73%,0.0000,"[0.9999827146530151, 1.729360519675538e-05]"
6513,0,49.77%,87.73%,0.0000,"[0.9999953508377075, 4.669868758355733e-06]"
6514,1,49.78%,87.74%,0.0259,"[0.024653678759932518, 0.9753462672233582]"
6515,0,49.77%,87.72%,3.1649,"[0.040340326726436615, 0.9596596956253052]"
6516,0,49.76%,87.72%,0.0000,"[0.9999885559082031, 1.1400981748010963e-05]"
6517,1,49.77%,87.73%,0.0307,"[0.02936973050236702, 0.9706302881240845]"
6518,0,49.76%,87.73%,0.0000,"[0.9999499320983887, 5.01067734148819e-05]"
6519,1,49.77%,87.73%,0.0445,"[0.04592622444033623, 0.9540737867355347]"
6520,0,49.76%,87.73%,0.0001,"[0.999895453453064, 0.00010457708413014188]"
6521,0,49.75%,87.73%,0.0000,"[0.9999790191650391, 2.1028590708738193e-05]"
6522,0,49.75%,87.74%,0.0000,"[0.9999953508377075, 4.646426077670185e-06]"
6523,1,49.75%,87.74%,0.0257,"[0.02576589211821556, 0.9742341637611389]"
6524,0,49.75%,87.72%,2.3104,"[0.09159247577190399, 0.90840744972229]"
6525,1,49.75%,87.71%,0.1708,"[0.9827982783317566, 0.017201721668243408]"
6526,0,49.75%,87.71%,0.0001,"[0.9999395608901978, 6.0481888795038685e-05]"
6527,0,49.74%,87.71%,0.0000,"[0.9999896287918091, 1.0360131454945076e-05]"
6528,0,49.73%,87.72%,0.0000,"[0.9999954700469971, 4.528156750893686e-06]"
6529,1,49.74%,87.72%,0.0272,"[0.02629774808883667, 0.9737023115158081]"
6530,0,49.73%,87.72%,0.0000,"[0.9999881982803345, 1.181046445708489e-05]"
6531,1,49.74%,87.72%,0.0506,"[0.05058817192912102, 0.9494118094444275]"
6532,0,49.73%,87.72%,0.0000,"[0.9999855756759644, 1.4456900316872634e-05]"
6533,1,49.74%,87.73%,0.1613,"[0.11543042957782745, 0.8845695853233337]"
6534,0,49.73%,87.73%,0.0002,"[0.9998006224632263, 0.00019942068320233375]"
6535,1,49.74%,87.73%,0.0671,"[0.06875728815793991, 0.9312427043914795]"
6536,0,49.73%,87.73%,0.0000,"[0.9999661445617676, 3.388021650607698e-05]"
6537,1,49.74%,87.73%,0.0670,"[0.05942333862185478, 0.9405766129493713]"
6538,0,49.73%,87.74%,0.0001,"[0.9996849298477173, 0.0003150597040075809]"
6539,1,49.74%,87.74%,0.1448,"[0.13220545649528503, 0.8677945733070374]"
6540,0,49.73%,87.74%,0.0004,"[0.9995313882827759, 0.0004686386964749545]"
6541,0,49.72%,87.74%,0.0001,"[0.9999072551727295, 9.269482688978314e-05]"
6542,0,49.72%,87.74%,0.0000,"[0.9999871253967285, 1.291173066420015e-05]"
6543,1,49.72%,87.74%,0.0309,"[0.03097544237971306, 0.9690245389938354]"
6544,1,49.73%,87.75%,0.0419,"[0.042420435696840286, 0.9575796127319336]"
6545,1,49.74%,87.75%,0.1350,"[0.11404137313365936, 0.8859586119651794]"
6546,0,49.73%,87.75%,0.0025,"[0.9978502988815308, 0.0021496927365660667]"
6547,1,49.74%,87.75%,0.0674,"[0.06495415419340134, 0.9350458979606628]"
6548,1,49.75%,87.75%,0.0880,"[0.08645930886268616, 0.9135407209396362]"
6549,0,49.74%,87.76%,0.0029,"[0.9976471066474915, 0.0023528635501861572]"
6550,1,49.75%,87.76%,0.0618,"[0.05840321630239487, 0.9415968060493469]"
6551,1,49.76%,87.76%,0.0846,"[0.0865967720746994, 0.9134031534194946]"
6552,0,49.75%,87.76%,0.0012,"[0.998315691947937, 0.0016843171324580908]"
6553,0,49.74%,87.76%,0.0002,"[0.9998379945755005, 0.00016198292723856866]"
6554,1,49.75%,87.77%,0.0321,"[0.032769203186035156, 0.9672307968139648]"
6555,0,49.74%,87.77%,0.1151,"[0.9177863001823425, 0.08221370726823807]"
6556,1,49.75%,87.77%,0.0362,"[0.034948915243148804, 0.9650510549545288]"
6557,0,49.74%,87.77%,0.0166,"[0.9876292943954468, 0.012370693497359753]"
6558,1,49.75%,87.77%,0.0380,"[0.036888476461172104, 0.9631115198135376]"
6559,1,49.76%,87.77%,0.0511,"[0.0520290732383728, 0.9479709267616272]"
6560,0,49.75%,87.78%,0.0002,"[0.9997541308403015, 0.00024581202887929976]"
6561,0,49.74%,87.78%,0.0000,"[0.9998961687088013, 0.0001037730326061137]"
6562,0,49.73%,87.78%,0.0000,"[0.9999853372573853, 1.4662673493148759e-05]"
6563,1,49.74%,87.78%,0.0219,"[0.02265043929219246, 0.977349579334259]"
6564,0,49.73%,87.78%,0.0001,"[0.9998593330383301, 0.00014060917601455003]"
6565,1,49.74%,87.79%,0.0346,"[0.03440919518470764, 0.9655908346176147]"
6566,0,49.73%,87.79%,0.0004,"[0.9993941783905029, 0.0006058132275938988]"
6567,1,49.74%,87.79%,0.0390,"[0.034981224685907364, 0.9650187492370605]"
6568,1,49.75%,87.79%,0.0400,"[0.0417228527367115, 0.95827716588974]"
6569,0,49.74%,87.79%,0.0002,"[0.9999356269836426, 6.438876880565658e-05]"
6570,1,49.75%,87.79%,0.0320,"[0.036823391914367676, 0.9631765484809875]"
6571,0,49.74%,87.78%,2.3821,"[0.05205570161342621, 0.9479442238807678]"
6572,1,49.75%,87.78%,0.0302,"[0.03513050824403763, 0.964869499206543]"
6573,1,49.76%,87.79%,0.0477,"[0.04367012530565262, 0.956329882144928]"
6574,1,49.76%,87.79%,0.0970,"[0.07063879072666168, 0.9293612837791443]"
6575,1,49.77%,87.79%,0.0616,"[0.0670057088136673, 0.9329943060874939]"
6576,1,49.78%,87.79%,0.1134,"[0.0917789563536644, 0.9082210063934326]"
6577,0,49.77%,87.78%,1.6251,"[0.23595304787158966, 0.7640469074249268]"
6578,1,49.78%,87.78%,0.1106,"[0.08076102286577225, 0.9192389845848083]"
6579,1,49.79%,87.78%,0.0792,"[0.06522728502750397, 0.9347726702690125]"
6580,0,49.78%,87.77%,1.5423,"[0.1900567263364792, 0.8099433183670044]"
6581,0,49.77%,87.77%,0.0003,"[0.999656081199646, 0.00034396472619846463]"
6582,1,49.78%,87.77%,0.0401,"[0.03932599723339081, 0.960673987865448]"
6583,0,49.77%,87.77%,0.0001,"[0.9998822212219238, 0.00011775896564358845]"
6584,1,49.78%,87.78%,0.1959,"[0.3106074929237366, 0.6893925070762634]"
6585,0,49.77%,87.76%,3.1023,"[0.03927943482995033, 0.9607205390930176]"
6586,0,49.76%,87.76%,0.0000,"[0.9999887943267822, 1.1150037607876584e-05]"
6587,1,49.77%,87.77%,0.0301,"[0.030925102531909943, 0.9690749049186707]"
6588,1,49.78%,87.77%,0.0593,"[0.056246645748615265, 0.9437533020973206]"
6589,1,49.79%,87.77%,0.1377,"[0.11817559599876404, 0.8818244338035583]"
6590,0,49.78%,87.76%,1.9356,"[0.13338159024715424, 0.8666183948516846]"
6591,1,49.79%,87.76%,0.0907,"[0.08298703283071518, 0.9170129299163818]"
6592,1,49.80%,87.76%,0.0772,"[0.09364503622055054, 0.9063549637794495]"
6593,0,49.79%,87.76%,0.6694,"[0.666314423084259, 0.33368563652038574]"
6594,0,49.78%,87.76%,0.0002,"[0.9998407363891602, 0.00015927750791888684]"
6595,1,49.79%,87.77%,0.0588,"[0.05531022697687149, 0.9446897506713867]"
6596,0,49.78%,87.77%,0.0010,"[0.9995762705802917, 0.00042373870383016765]"
6597,0,49.77%,87.75%,2.3207,"[0.09397411346435547, 0.9060258269309998]"
6598,0,49.77%,87.76%,0.0000,"[0.9999719858169556, 2.806495649565477e-05]"
6599,1,49.77%,87.76%,0.0677,"[0.07195630669593811, 0.9280436635017395]"
6600,0,49.77%,87.76%,0.0001,"[0.9999047517776489, 9.522067557554692e-05]"
6601,0,49.76%,87.76%,0.0000,"[0.999981164932251, 1.8778662706608884e-05]"
6602,0,49.75%,87.76%,0.0000,"[0.9999734163284302, 2.6588995751808397e-05]"
6603,0,49.74%,87.76%,0.0005,"[0.9963973164558411, 0.003602755954489112]"
6604,1,49.75%,87.77%,0.1291,"[0.1237095519900322, 0.8762903809547424]"
6605,1,49.76%,87.77%,0.1199,"[0.16460037231445312, 0.8353995680809021]"
6606,0,49.75%,87.77%,0.0006,"[0.9993767142295837, 0.0006232894374988973]"
6607,0,49.74%,87.77%,0.0000,"[0.9999637603759766, 3.6194909625919536e-05]"
6608,1,49.75%,87.76%,2.8172,"[0.6729148626327515, 0.32708510756492615]"
6609,1,49.76%,87.76%,0.1719,"[0.14124546945095062, 0.8587545156478882]"
6610,0,49.75%,87.76%,0.0055,"[0.9959946870803833, 0.004005268216133118]"
6611,1,49.76%,87.76%,0.0864,"[0.08112703263759613, 0.9188729524612427]"
6612,1,49.77%,87.77%,0.1368,"[0.10186927020549774, 0.8981307148933411]"
6613,1,49.77%,87.77%,0.0754,"[0.05930100753903389, 0.9406989812850952]"
6614,1,49.78%,87.77%,0.2048,"[0.14785821735858917, 0.852141797542572]"
6615,0,49.77%,87.77%,0.0008,"[0.9943444728851318, 0.005655565764755011]"
6616,0,49.77%,87.76%,2.2077,"[0.09613243490457535, 0.9038676023483276]"
6617,0,49.76%,87.76%,0.0001,"[0.999920129776001, 7.982068927958608e-05]"
6618,0,49.75%,87.76%,0.0000,"[0.9999809265136719, 1.911808612931054e-05]"
6619,0,49.74%,87.76%,0.0043,"[0.9646527767181396, 0.03534718230366707]"
6620,0,49.74%,87.77%,0.0000,"[0.9999948740005493, 5.1388374231464695e-06]"
6621,1,49.74%,87.77%,0.0273,"[0.025014545768499374, 0.9749854207038879]"
6622,1,49.75%,87.77%,0.0420,"[0.03613374009728432, 0.9638662338256836]"
6623,1,49.76%,87.77%,0.0999,"[0.11790485680103302, 0.8820950984954834]"
6624,0,49.75%,87.77%,0.0011,"[0.9992245435714722, 0.0007753946701996028]"
6625,1,49.76%,87.78%,0.0590,"[0.051862768828868866, 0.9481372237205505]"
6626,0,49.75%,87.78%,0.0335,"[0.678484320640564, 0.32151561975479126]"
6627,0,49.74%,87.78%,0.0000,"[0.999954104423523, 4.5854241761844605e-05]"
6628,0,49.74%,87.78%,0.0000,"[0.9999912977218628, 8.711001100891735e-06]"
6629,1,49.74%,87.78%,0.0463,"[0.04450923949480057, 0.95549076795578]"
6630,0,49.74%,87.78%,0.0001,"[0.9998925924301147, 0.00010733972885645926]"
6631,1,49.74%,87.79%,0.0542,"[0.051771096885204315, 0.9482289552688599]"
6632,0,49.74%,87.77%,2.3907,"[0.0995536670088768, 0.900446355342865]"
6633,0,49.73%,87.76%,2.5305,"[0.07063321024179459, 0.9293668270111084]"
6634,0,49.72%,87.76%,0.0000,"[0.9999828338623047, 1.7215772459167056e-05]"
6635,1,49.73%,87.76%,0.0564,"[0.06395692378282547, 0.9360430240631104]"
6636,1,49.74%,87.77%,0.0911,"[0.09797044843435287, 0.9020295739173889]"
6637,1,49.74%,87.77%,0.1500,"[0.12150958180427551, 0.8784903883934021]"
6638,1,49.75%,87.77%,0.2289,"[0.19925075769424438, 0.8007493019104004]"
6639,1,49.76%,87.77%,0.2517,"[0.22219708561897278, 0.7778029441833496]"
6640,1,49.77%,87.77%,0.1906,"[0.1832176148891449, 0.8167823553085327]"
6641,0,49.76%,87.77%,0.0008,"[0.9991812109947205, 0.0008187851635739207]"
6642,0,49.75%,87.78%,0.0041,"[0.9704300761222839, 0.029569974169135094]"
6643,0,49.74%,87.78%,0.0000,"[0.9999845027923584, 1.5516912753810175e-05]"
6644,0,49.74%,87.78%,0.0000,"[0.9999961853027344, 3.7842278288735542e-06]"
6645,0,49.73%,87.77%,0.0702,"[0.3708229660987854, 0.6291769742965698]"
6646,0,49.72%,87.77%,0.0000,"[0.9999961853027344, 3.8404937185987365e-06]"
6647,1,49.73%,87.77%,0.0311,"[0.03178209811449051, 0.9682179093360901]"
6648,0,49.72%,87.77%,0.0000,"[0.9999884366989136, 1.1619868928391952e-05]"
6649,1,49.73%,87.77%,0.0324,"[0.04454021528363228, 0.9554597735404968]"
6650,0,49.72%,87.76%,2.5847,"[0.04974425211548805, 0.9502557516098022]"
6651,1,49.73%,87.76%,0.0746,"[0.07806365191936493, 0.9219363927841187]"
6652,0,49.72%,87.76%,0.0002,"[0.9997046589851379, 0.00029526292928494513]"
6653,1,49.73%,87.77%,0.1403,"[0.09024529904127121, 0.9097546935081482]"
6654,0,49.72%,87.75%,0.0072,"[0.4228512942790985, 0.5771486759185791]"
6655,1,49.73%,87.76%,0.1120,"[0.10922286659479141, 0.8907771706581116]"
6656,1,49.74%,87.76%,0.2139,"[0.10754580050706863, 0.892454206943512]"
6657,0,49.73%,87.76%,0.0020,"[0.9980859756469727, 0.0019140801159664989]"
6658,1,49.74%,87.76%,0.0848,"[0.07765355706214905, 0.9223464131355286]"
6659,0,49.73%,87.76%,0.0003,"[0.9998229146003723, 0.000177133857505396]"
6660,0,49.72%,87.75%,2.3302,"[0.11418185383081436, 0.8858181834220886]"
6661,0,49.71%,87.75%,0.0000,"[0.9999867677688599, 1.3222369489085395e-05]"
6662,0,49.71%,87.75%,0.0000,"[0.999995231628418, 4.762577191286255e-06]"
6663,1,49.71%,87.76%,0.0299,"[0.02702459506690502, 0.9729754328727722]"
6664,1,49.72%,87.76%,0.1245,"[0.10575241595506668, 0.8942475318908691]"
6665,1,49.73%,87.76%,0.1856,"[0.11859042197465897, 0.8814095854759216]"
6666,1,49.74%,87.76%,0.2012,"[0.16121138632297516, 0.8387885689735413]"
6667,0,49.73%,87.75%,1.3456,"[0.23308102786540985, 0.766918957233429]"
6668,1,49.74%,87.75%,0.1233,"[0.09948593378067017, 0.9005140662193298]"
6669,0,49.73%,87.75%,1.4215,"[0.557766854763031, 0.442233145236969]"
6670,0,49.72%,87.75%,0.0000,"[0.9999520778656006, 4.795584754901938e-05]"
6671,0,49.72%,87.75%,0.0000,"[0.9999723434448242, 2.7622798370430246e-05]"
6672,0,49.71%,87.76%,0.0000,"[0.9999879598617554, 1.1997959518339485e-05]"
6673,0,49.70%,87.76%,0.0000,"[0.999996542930603, 3.441606168053113e-06]"
6674,1,49.71%,87.76%,0.1164,"[0.15519261360168457, 0.8448073863983154]"
6675,0,49.70%,87.76%,0.0000,"[0.9999619722366333, 3.799961632466875e-05]"
6676,0,49.69%,87.76%,0.0000,"[0.9999920129776001, 8.005761628737673e-06]"
6677,0,49.69%,87.77%,0.0000,"[0.9999958276748657, 4.198851456749253e-06]"
6678,1,49.69%,87.77%,0.1414,"[0.12329453229904175, 0.8767054677009583]"
6679,1,49.70%,87.77%,0.0856,"[0.08584117889404297, 0.9141587615013123]"
6680,0,49.69%,87.77%,0.0003,"[0.9994726777076721, 0.0005273816641420126]"
6681,1,49.70%,87.77%,0.0591,"[0.065472312271595, 0.9345276355743408]"
6682,0,49.69%,87.77%,0.0001,"[0.999866247177124, 0.00013369930093176663]"
6683,0,49.69%,87.78%,0.0000,"[0.9999842643737793, 1.5757206710986793e-05]"
6684,0,49.68%,87.78%,0.0000,"[0.999994158744812, 5.896907168789767e-06]"
6685,0,49.67%,87.78%,0.0000,"[0.9999955892562866, 4.364323558547767e-06]"
6686,1,49.68%,87.78%,0.0331,"[0.026699725538492203, 0.9733002185821533]"
6687,1,49.69%,87.78%,0.0624,"[0.04608812928199768, 0.9539119005203247]"
6688,1,49.69%,87.79%,0.0723,"[0.0736226737499237, 0.9263773560523987]"
6689,0,49.69%,87.79%,0.0002,"[0.9999014139175415, 9.861319267656654e-05]"
6690,1,49.69%,87.79%,0.0388,"[0.03596539422869682, 0.9640346169471741]"
6691,1,49.70%,87.79%,0.0726,"[0.08149624615907669, 0.9185037016868591]"
6692,0,49.69%,87.78%,2.0427,"[0.17249569296836853, 0.8275042772293091]"
6693,0,49.69%,87.78%,0.0000,"[0.9999217987060547, 7.816639117663726e-05]"
6694,0,49.68%,87.78%,0.0000,"[0.9999833106994629, 1.6740777937229723e-05]"
6695,1,49.69%,87.78%,0.0264,"[0.024261068552732468, 0.9757389426231384]"
6696,0,49.68%,87.79%,0.0090,"[0.8827645778656006, 0.11723548918962479]"
6697,0,49.67%,87.79%,0.0000,"[0.9999922513961792, 7.737527084827889e-06]"
6698,0,49.66%,87.79%,0.0000,"[0.9999979734420776, 2.031797976087546e-06]"
6699,0,49.66%,87.79%,0.0000,"[0.9999986886978149, 1.3047302900304203e-06]"
6700,1,49.66%,87.79%,0.0318,"[0.02789461612701416, 0.9721053242683411]"
6701,1,49.67%,87.79%,0.0695,"[0.07554679363965988, 0.9244532585144043]"
6702,0,49.66%,87.80%,0.0009,"[0.9993391633033752, 0.0006607848918065429]"
6703,1,49.67%,87.80%,0.0599,"[0.058973733335733414, 0.9410262107849121]"
6704,1,49.68%,87.80%,0.0632,"[0.07477333396673203, 0.925226628780365]"
6705,1,49.69%,87.80%,0.0922,"[0.11319706588983536, 0.8868029713630676]"
6706,0,49.68%,87.80%,0.0003,"[0.9990861415863037, 0.0009138384484685957]"
6707,1,49.69%,87.81%,0.0645,"[0.05772494152188301, 0.9422749876976013]"
6708,1,49.69%,87.81%,0.1151,"[0.11470340192317963, 0.8852965235710144]"
6709,1,49.70%,87.81%,0.1684,"[0.14123252034187317, 0.8587674498558044]"
6710,0,49.69%,87.81%,0.0073,"[0.9877605438232422, 0.012239447794854641]"
6711,0,49.69%,87.81%,0.0004,"[0.9997180104255676, 0.0002819620131049305]"
6712,1,49.69%,87.81%,0.0623,"[0.05554422363638878, 0.9444557428359985]"
6713,1,49.70%,87.82%,0.3715,"[0.16186179220676422, 0.838138222694397]"
6714,0,49.69%,87.82%,1.3496,"[0.736751914024353, 0.263248085975647]"
6715,1,49.70%,87.82%,0.1086,"[0.11686673015356064, 0.8831332325935364]"
6716,1,49.71%,87.82%,0.1117,"[0.12526348233222961, 0.8747365474700928]"
6717,1,49.72%,87.82%,0.2644,"[0.21114642918109894, 0.7888535857200623]"
6718,1,49.72%,87.83%,0.2579,"[0.25935858488082886, 0.7406414747238159]"
6719,0,49.72%,87.83%,0.0086,"[0.9924699664115906, 0.007530088536441326]"
6720,1,49.72%,87.83%,0.0898,"[0.09289796650409698, 0.907102108001709]"
6721,1,49.73%,87.83%,0.1039,"[0.11382053047418594, 0.886179506778717]"
6722,0,49.72%,87.83%,0.0001,"[0.9996401071548462, 0.000359878788003698]"
6723,1,49.73%,87.83%,0.0518,"[0.035834308713674545, 0.9641656875610352]"
6724,1,49.74%,87.84%,0.0622,"[0.04222824424505234, 0.9577718377113342]"
6725,1,49.75%,87.84%,0.0704,"[0.09578783065080643, 0.9042121767997742]"
6726,0,49.74%,87.84%,0.0016,"[0.9993327260017395, 0.0006672883755527437]"
6727,1,49.75%,87.84%,0.0771,"[0.06504864990711212, 0.9349513649940491]"
6728,1,49.75%,87.84%,0.1062,"[0.07597585767507553, 0.9240241050720215]"
6729,0,49.75%,87.85%,0.0032,"[0.9967238306999207, 0.0032761560287326574]"
6730,1,49.75%,87.85%,0.0771,"[0.06765166670084, 0.9323483109474182]"
6731,0,49.75%,87.85%,0.0031,"[0.9971593618392944, 0.0028406844940036535]"
6732,0,49.74%,87.85%,0.0007,"[0.9992679953575134, 0.0007319464348256588]"
6733,1,49.75%,87.85%,0.0343,"[0.035707902163267136, 0.964292049407959]"
6734,1,49.76%,87.85%,0.0505,"[0.04609370231628418, 0.9539062976837158]"
6735,1,49.76%,87.86%,0.2015,"[0.18604755401611328, 0.8139524459838867]"
6736,0,49.76%,87.84%,2.4022,"[0.09798622876405716, 0.9020137786865234]"
6737,1,49.76%,87.85%,0.0637,"[0.06270843744277954, 0.9372916221618652]"
6738,0,49.76%,87.85%,0.0009,"[0.9992376565933228, 0.0007623651181347668]"
6739,0,49.75%,87.85%,0.0001,"[0.9998420476913452, 0.0001578999072080478]"
6740,1,49.76%,87.85%,0.0291,"[0.028507957234978676, 0.9714919924736023]"
6741,0,49.75%,87.84%,2.0701,"[0.09091836959123611, 0.9090816378593445]"
6742,0,49.74%,87.84%,0.0002,"[0.9998749494552612, 0.00012509083899203688]"
6743,1,49.75%,87.84%,0.0260,"[0.027504432946443558, 0.9724956154823303]"
6744,1,49.76%,87.84%,0.0497,"[0.0661882758140564, 0.9338117241859436]"
6745,1,49.76%,87.84%,0.1026,"[0.09354662895202637, 0.9064533710479736]"
6746,1,49.77%,87.85%,0.1811,"[0.1896318942308426, 0.8103681206703186]"
6747,1,49.78%,87.85%,0.0983,"[0.08368616551160812, 0.916313886642456]"
6748,1,49.79%,87.85%,0.1201,"[0.08546704053878784, 0.9145328998565674]"
6749,0,49.78%,87.84%,2.1342,"[0.11190908402204514, 0.8880908489227295]"
6750,0,49.77%,87.84%,0.0004,"[0.9989113807678223, 0.0010886609088629484]"
6751,0,49.76%,87.84%,0.0001,"[0.999842643737793, 0.00015735266788396984]"
6752,0,49.76%,87.83%,2.1977,"[0.11532650887966156, 0.8846734166145325]"
6753,1,49.76%,87.83%,0.0709,"[0.04202406480908394, 0.9579759240150452]"
6754,1,49.77%,87.83%,0.0765,"[0.07400020211935043, 0.9259997606277466]"
6755,0,49.76%,87.83%,0.0003,"[0.9997188448905945, 0.0002811473095789552]"
6756,1,49.77%,87.83%,0.0477,"[0.0434764064848423, 0.9565236568450928]"
6757,0,49.76%,87.82%,2.5390,"[0.07462859153747559, 0.9253713488578796]"
6758,0,49.76%,87.82%,0.0001,"[0.9999170303344727, 8.293089194921777e-05]"
6759,0,49.75%,87.83%,0.0000,"[0.9999874830245972, 1.2512884495663457e-05]"
6760,0,49.74%,87.83%,0.0001,"[0.9988823533058167, 0.001117617473937571]"
6761,0,49.73%,87.83%,0.0000,"[0.999985933303833, 1.4076657862460706e-05]"
6762,1,49.74%,87.83%,0.0348,"[0.03980589285492897, 0.9601941108703613]"
6763,0,49.73%,87.83%,0.0001,"[0.9998946189880371, 0.00010533651220612228]"
6764,1,49.74%,87.83%,0.0427,"[0.04147570580244064, 0.9585243463516235]"
6765,1,49.75%,87.84%,0.0626,"[0.06851363927125931, 0.9314864277839661]"
6766,1,49.76%,87.84%,0.1407,"[0.14378800988197327, 0.8562120199203491]"
6767,0,49.75%,87.84%,0.0038,"[0.9973600506782532, 0.0026399095077067614]"
6768,0,49.74%,87.84%,0.0006,"[0.9998047947883606, 0.0001952104939846322]"
6769,0,49.73%,87.84%,0.0001,"[0.9999512434005737, 4.8719968617660925e-05]"
6770,0,49.73%,87.85%,0.0000,"[0.9999725818634033, 2.7400787075748667e-05]"
6771,0,49.72%,87.83%,1.5456,"[0.43126925826072693, 0.5687306523323059]"
6772,0,49.71%,87.83%,0.0000,"[0.9999654293060303, 3.454317993600853e-05]"
6773,1,49.72%,87.84%,0.0454,"[0.04466639459133148, 0.9553336501121521]"
6774,0,49.71%,87.84%,0.1059,"[0.6775124073028564, 0.32248756289482117]"
6775,0,49.70%,87.84%,0.0001,"[0.9999277591705322, 7.221673149615526e-05]"
6776,0,49.70%,87.83%,2.7171,"[0.05861033499240875, 0.9413896203041077]"
6777,1,49.70%,87.83%,0.1471,"[0.14315947890281677, 0.8568405508995056]"
6778,0,49.70%,87.83%,0.0003,"[0.9995986819267273, 0.00040133201400749385]"
6779,0,49.69%,87.83%,0.0000,"[0.9999665021896362, 3.343955904711038e-05]"
6780,1,49.70%,87.83%,0.0746,"[0.0810118317604065, 0.9189882278442383]"
6781,0,49.69%,87.84%,0.0001,"[0.9998733997344971, 0.00012655238970182836]"
6782,0,49.68%,87.84%,0.0000,"[0.9999806880950928, 1.935949330800213e-05]"
6783,0,49.68%,87.84%,0.0014,"[0.9985446929931641, 0.0014553526416420937]"
6784,1,49.68%,87.84%,0.1149,"[0.10255222767591476, 0.8974478244781494]"
6785,1,49.69%,87.84%,0.2399,"[0.2279747724533081, 0.7720252871513367]"
6786,1,49.70%,87.84%,0.1456,"[0.1471284031867981, 0.8528715968132019]"
6787,0,49.69%,87.85%,0.0023,"[0.9980100989341736, 0.0019899760372936726]"
6788,0,49.68%,87.85%,0.0001,"[0.9998787641525269, 0.00012122531916247681]"
6789,1,49.69%,87.85%,0.0653,"[0.05898601561784744, 0.9410139918327332]"
6790,0,49.68%,87.84%,2.1169,"[0.14418329298496246, 0.855816662311554]"
6791,0,49.68%,87.82%,2.6976,"[0.07267095148563385, 0.9273290038108826]"
6792,0,49.67%,87.83%,0.0894,"[0.9811273217201233, 0.018872670829296112]"
6793,0,49.66%,87.83%,0.0000,"[0.9999927282333374, 7.2775610533426516e-06]"
6794,1,49.67%,87.83%,0.0573,"[0.056396666914224625, 0.9436033368110657]"
6795,0,49.66%,87.83%,0.0001,"[0.9999426603317261, 5.730873454012908e-05]"
6796,1,49.67%,87.83%,0.0523,"[0.053049784153699875, 0.9469502568244934]"
6797,1,49.68%,87.83%,0.1389,"[0.12170913815498352, 0.8782908916473389]"
6798,0,49.67%,87.84%,0.3655,"[0.9699539542198181, 0.03004603646695614]"
6799,1,49.68%,87.84%,0.1883,"[0.16438989341259003, 0.8356100916862488]"
6800,1,49.68%,87.84%,0.2351,"[0.2254459261894226, 0.7745540738105774]"
6801,0,49.68%,87.84%,0.0013,"[0.9983609318733215, 0.0016390911769121885]"
6802,0,49.67%,87.84%,0.0002,"[0.9997554421424866, 0.0002445170539431274]"
6803,0,49.66%,87.85%,0.0000,"[0.9999794960021973, 2.055170261883177e-05]"
6804,0,49.65%,87.85%,0.0000,"[0.9999924898147583, 7.5165548878430855e-06]"
6805,1,49.66%,87.85%,0.0309,"[0.031770654022693634, 0.9682292938232422]"
6806,0,49.65%,87.85%,0.0000,"[0.9999958276748657, 4.164865003986051e-06]"
6807,1,49.66%,87.85%,0.0282,"[0.030276043340563774, 0.9697239995002747]"
6808,0,49.65%,87.85%,0.0000,"[0.999991774559021, 8.218598850362469e-06]"
6809,0,49.65%,87.86%,0.0000,"[0.9999969005584717, 3.0851751944283023e-06]"
6810,0,49.64%,87.86%,0.0015,"[0.9866631627082825, 0.013336851261556149]"
6811,1,49.65%,87.86%,0.0534,"[0.05314789339900017, 0.9468521475791931]"
6812,0,49.64%,87.86%,0.0001,"[0.9999251365661621, 7.488892151741311e-05]"
6813,1,49.65%,87.86%,0.0725,"[0.07615385949611664, 0.9238461256027222]"
6814,1,49.66%,87.87%,0.0948,"[0.11015891283750534, 0.8898411393165588]"
6815,1,49.66%,87.87%,0.1708,"[0.13152705132961273, 0.8684729337692261]"
6816,1,49.67%,87.87%,0.2222,"[0.19758731126785278, 0.8024126291275024]"
6817,0,49.66%,87.87%,0.0104,"[0.9936214089393616, 0.006378557998687029]"
6818,1,49.67%,87.86%,4.8489,"[0.9360538721084595, 0.06394613534212112]"
6819,1,49.68%,87.86%,0.1620,"[0.1477997899055481, 0.8522002100944519]"
6820,1,49.68%,87.86%,0.1247,"[0.10992135852575302, 0.890078604221344]"
6821,1,49.69%,87.86%,0.1375,"[0.12336299568414688, 0.8766370415687561]"
6822,0,49.68%,87.86%,0.0003,"[0.9990548491477966, 0.0009452102240175009]"
6823,0,49.68%,87.87%,0.0001,"[0.9999397993087769, 6.014834070811048e-05]"
6824,0,49.67%,87.87%,0.0000,"[0.9999903440475464, 9.613771908334456e-06]"
6825,0,49.66%,87.87%,0.0000,"[0.9999874830245972, 1.2508719919424038e-05]"
6826,1,49.67%,87.87%,0.0216,"[0.02265944704413414, 0.977340579032898]"
6827,0,49.66%,87.87%,0.0000,"[0.9999737739562988, 2.6271767637808807e-05]"
6828,1,49.67%,87.88%,0.0273,"[0.025305861607193947, 0.9746941924095154]"
6829,1,49.68%,87.88%,0.0398,"[0.044416412711143494, 0.9555836319923401]"
6830,0,49.67%,87.86%,2.2842,"[0.09720414876937866, 0.9027957916259766]"
6831,0,49.66%,87.87%,0.0001,"[0.9998773336410522, 0.00012267213605809957]"
6832,0,49.66%,87.87%,0.0000,"[0.9999673366546631, 3.262601239839569e-05]"
6833,1,49.66%,87.87%,0.0282,"[0.0277000293135643, 0.9722999334335327]"
6834,0,49.66%,87.86%,3.1390,"[0.03453952819108963, 0.965460479259491]"
6835,0,49.65%,87.84%,2.7426,"[0.06160301715135574, 0.9383969306945801]"
6836,0,49.64%,87.85%,0.0000,"[0.9999780654907227, 2.193779255321715e-05]"
6837,0,49.63%,87.83%,2.4812,"[0.09535834938287735, 0.9046416282653809]"
6838,1,49.64%,87.83%,0.0503,"[0.05021059885621071, 0.9497893452644348]"
6839,1,49.65%,87.84%,0.0910,"[0.08290445059537888, 0.9170955419540405]"
6840,1,49.66%,87.84%,0.0868,"[0.08126690983772278, 0.9187330603599548]"
6841,1,49.66%,87.84%,0.1302,"[0.10634159296751022, 0.8936583995819092]"
6842,0,49.66%,87.83%,2.0200,"[0.14379756152629852, 0.8562024235725403]"
6843,1,49.66%,87.83%,0.1207,"[0.12784861028194427, 0.8721513152122498]"
6844,0,49.66%,87.83%,0.0001,"[0.9999111890792847, 8.87978239916265e-05]"
6845,1,49.66%,87.83%,0.1678,"[0.1973104178905487, 0.8026896119117737]"
6846,1,49.67%,87.83%,0.1212,"[0.11722558736801147, 0.8827744126319885]"
6847,1,49.68%,87.84%,0.1793,"[0.14329734444618225, 0.8567026853561401]"
6848,1,49.69%,87.84%,0.1217,"[0.09783350676298141, 0.9021664261817932]"
6849,1,49.69%,87.84%,0.1279,"[0.1811894327402115, 0.8188105821609497]"
6850,1,49.70%,87.84%,0.2546,"[0.08376393467187881, 0.9162360429763794]"
6851,1,49.71%,87.84%,0.1062,"[0.3144846558570862, 0.6855153441429138]"
6852,0,49.70%,87.84%,0.0008,"[0.9993940591812134, 0.0006059183506295085]"
6853,1,49.71%,87.85%,0.1281,"[0.11365377902984619, 0.886346161365509]"
6854,0,49.70%,87.85%,0.0008,"[0.9990717172622681, 0.0009282052051275969]"
6855,1,49.71%,87.85%,0.0779,"[0.07123880833387375, 0.9287611842155457]"
6856,1,49.72%,87.85%,0.1454,"[0.12257349491119385, 0.8774265050888062]"
6857,0,49.71%,87.85%,0.0007,"[0.9991956353187561, 0.0008043234702199697]"
6858,0,49.70%,87.86%,0.0001,"[0.9999358654022217, 6.410724017769098e-05]"
6859,0,49.69%,87.86%,0.0000,"[0.999988317489624, 1.1690438441291917e-05]"
6860,0,49.69%,87.86%,0.0000,"[0.9999873638153076, 1.2594832696777303e-05]"
6861,0,49.68%,87.86%,0.0000,"[0.9999881982803345, 1.1766832358262036e-05]"
6862,0,49.67%,87.86%,0.0000,"[0.9999966621398926, 3.3815992992458632e-06]"
6863,0,49.66%,87.86%,0.0000,"[0.999997615814209, 2.3366692403214984e-06]"
6864,0,49.66%,87.87%,0.0000,"[0.9999988079071045, 1.2448555253286031e-06]"
6865,0,49.65%,87.87%,0.0000,"[0.9999988079071045, 1.1877610859301058e-06]"
6866,0,49.64%,87.87%,0.0000,"[0.9999994039535522, 5.784136192232836e-07]"
6867,0,49.64%,87.87%,0.0000,"[0.9999995231628418, 5.260352509139921e-07]"
6868,1,49.64%,87.87%,0.0165,"[0.016244158148765564, 0.9837558269500732]"
6869,1,49.65%,87.87%,0.0293,"[0.0373077392578125, 0.9626923203468323]"
6870,0,49.64%,87.86%,2.5740,"[0.07654315233230591, 0.9234568476676941]"
6871,0,49.64%,87.86%,0.0001,"[0.9999409914016724, 5.905984289711341e-05]"
6872,0,49.63%,87.87%,0.0000,"[0.9999872446060181, 1.2741083082801197e-05]"
6873,1,49.64%,87.87%,0.0485,"[0.04331973195075989, 0.9566802978515625]"
6874,1,49.64%,87.87%,0.0995,"[0.08459064364433289, 0.9154093265533447]"
6875,1,49.65%,87.87%,0.1914,"[0.2399488091468811, 0.7600511908531189]"
6876,0,49.64%,87.87%,0.0040,"[0.9967350363731384, 0.003264976665377617]"
6877,1,49.65%,87.87%,0.0992,"[0.09091374278068542, 0.909086287021637]"
6878,1,49.66%,87.88%,0.6460,"[0.44667214155197144, 0.5533279180526733]"
6879,1,49.67%,87.88%,0.1734,"[0.1709960699081421, 0.8290039300918579]"
6880,0,49.66%,87.88%,0.0048,"[0.9947890043258667, 0.0052109467796981335]"
6881,1,49.67%,87.88%,0.1081,"[0.09483623504638672, 0.9051637649536133]"
6882,0,49.66%,87.87%,1.8819,"[0.15749609470367432, 0.8425038456916809]"
6883,0,49.65%,87.86%,1.9753,"[0.12055431306362152, 0.8794456124305725]"
6884,0,49.64%,87.86%,0.0001,"[0.9998443126678467, 0.00015560368774458766]"
6885,1,49.65%,87.86%,0.0499,"[0.03444823622703552, 0.9655517935752869]"
6886,1,49.66%,87.86%,0.0565,"[0.05729755386710167, 0.9427024722099304]"
6887,0,49.65%,87.86%,0.0001,"[0.9999505281448364, 4.9476024287287146e-05]"
6888,0,49.64%,87.86%,0.0000,"[0.9999903440475464, 9.672527085058391e-06]"
6889,0,49.64%,87.85%,3.1572,"[0.04164443165063858, 0.9583555459976196]"
6890,1,49.64%,87.85%,0.0636,"[0.08568809926509857, 0.914311945438385]"
6891,0,49.64%,87.86%,0.0001,"[0.999872088432312, 0.0001278587442357093]"
6892,0,49.63%,87.84%,2.1760,"[0.1327124983072281, 0.8672875165939331]"
6893,0,49.62%,87.83%,1.2228,"[0.3005138635635376, 0.6994860768318176]"
6894,1,49.63%,87.83%,0.0516,"[0.05395043268799782, 0.9460495114326477]"
6895,1,49.64%,87.83%,0.2017,"[0.16454768180847168, 0.8354523181915283]"
6896,1,49.64%,87.84%,0.2825,"[0.2820429503917694, 0.7179570198059082]"
6897,1,49.65%,87.84%,0.1636,"[0.1502610146999359, 0.8497390151023865]"
6898,0,49.64%,87.84%,0.0010,"[0.9985713958740234, 0.0014285899233072996]"
6899,0,49.64%,87.84%,0.0015,"[0.9986016154289246, 0.0013984311372041702]"
6900,0,49.63%,87.84%,0.0000,"[0.9999760389328003, 2.3951039111125283e-05]"
6901,0,49.62%,87.84%,0.0000,"[0.9999898672103882, 1.0092884622281417e-05]"
6902,1,49.63%,87.85%,0.0635,"[0.06304175406694412, 0.9369582533836365]"
6903,0,49.62%,87.85%,0.0000,"[0.999962568283081, 3.748936433112249e-05]"
6904,1,49.63%,87.85%,0.0887,"[0.08538532257080078, 0.9146146774291992]"
6905,1,49.64%,87.85%,0.1276,"[0.12269333750009537, 0.8773066401481628]"
6906,0,49.63%,87.84%,1.5094,"[0.21584369242191315, 0.784156322479248]"
6907,0,49.62%,87.84%,0.0004,"[0.9993563294410706, 0.0006437230622395873]"
6908,1,49.63%,87.84%,0.1618,"[0.15426979959011078, 0.8457302451133728]"
6909,0,49.62%,87.84%,0.0004,"[0.9996950626373291, 0.00030497219995595515]"
6910,1,49.63%,87.85%,0.0945,"[0.08651947230100632, 0.9134805798530579]"
6911,0,49.62%,87.85%,0.0003,"[0.9998772144317627, 0.0001227983011631295]"
6912,0,49.62%,87.83%,1.1551,"[0.36590856313705444, 0.6340913772583008]"
6913,1,49.62%,87.84%,0.0792,"[0.08043322712182999, 0.9195667505264282]"
6914,1,49.63%,87.84%,0.1928,"[0.1731957048177719, 0.8268042802810669]"
6915,1,49.64%,87.84%,0.2959,"[0.23659664392471313, 0.7634033560752869]"
6916,0,49.63%,87.83%,1.5033,"[0.2335062474012375, 0.7664937376976013]"
6917,1,49.64%,87.83%,0.2544,"[0.21588025987148285, 0.784119725227356]"
6918,1,49.65%,87.83%,0.1534,"[0.13569603860378265, 0.8643040060997009]"
6919,1,49.65%,87.83%,0.1610,"[0.14977231621742249, 0.8502276539802551]"
6920,0,49.65%,87.83%,0.0006,"[0.9996638298034668, 0.00033622936462052166]"
6921,0,49.64%,87.82%,2.0097,"[0.1400473564863205, 0.8599526882171631]"
6922,0,49.63%,87.82%,0.0001,"[0.9999449253082275, 5.5053929827408865e-05]"
6923,0,49.62%,87.81%,2.5764,"[0.06956402212381363, 0.9304359555244446]"
6924,1,49.63%,87.81%,0.0495,"[0.049294374883174896, 0.9507055878639221]"
6925,1,49.64%,87.81%,0.0629,"[0.07125408202409744, 0.9287459254264832]"
6926,0,49.63%,87.82%,0.9514,"[0.5863592028617859, 0.4136407673358917]"
6927,1,49.64%,87.82%,0.0758,"[0.07061509788036346, 0.9293849468231201]"
6928,1,49.65%,87.82%,0.0860,"[0.0974111407995224, 0.9025887846946716]"
6929,1,49.65%,87.82%,0.1383,"[0.153810054063797, 0.8461899757385254]"
6930,1,49.66%,87.82%,0.1747,"[0.15475226938724518, 0.845247745513916]"
6931,1,49.67%,87.82%,0.1184,"[0.10104954242706299, 0.8989503979682922]"
6932,0,49.66%,87.83%,0.0000,"[0.999954342842102, 4.5710214180871844e-05]"
6933,0,49.65%,87.81%,2.3740,"[0.09342680871486664, 0.9065731763839722]"
6934,0,49.65%,87.82%,0.0000,"[0.9999876022338867, 1.2348438758635893e-05]"
6935,0,49.64%,87.82%,0.0000,"[0.9999934434890747, 6.504800239781616e-06]"
6936,0,49.63%,87.82%,0.0000,"[0.9999974966049194, 2.5453839498368325e-06]"
6937,1,49.64%,87.82%,0.0525,"[0.05103587731719017, 0.9489640593528748]"
6938,1,49.65%,87.82%,0.0807,"[0.08437221497297287, 0.9156277775764465]"
6939,0,49.64%,87.82%,0.0000,"[0.9999058246612549, 9.418055560672656e-05]"
6940,1,49.65%,87.83%,0.2479,"[0.2365230768918991, 0.7634769082069397]"
6941,0,49.64%,87.83%,0.0005,"[0.9996811151504517, 0.00031889972160570323]"
6942,1,49.65%,87.83%,0.1438,"[0.1002800464630127, 0.8997199535369873]"
6943,0,49.64%,87.83%,0.0002,"[0.99969482421875, 0.000305247085634619]"
6944,1,49.65%,87.83%,0.1774,"[0.17174170911312103, 0.8282582759857178]"
6945,1,49.65%,87.83%,0.2454,"[0.2279575914144516, 0.7720423936843872]"
6946,1,49.66%,87.84%,0.2394,"[0.2275005280971527, 0.7724994421005249]"
6947,1,49.67%,87.84%,0.2687,"[0.23233863711357117, 0.7676613330841064]"
6948,0,49.66%,87.83%,1.1813,"[0.28886547684669495, 0.7111344933509827]"
6949,1,49.67%,87.83%,0.1496,"[0.1476985365152359, 0.8523014187812805]"
6950,1,49.68%,87.83%,0.1585,"[0.13207408785820007, 0.8679258823394775]"
6951,1,49.68%,87.83%,0.5450,"[0.1615712195634842, 0.8384287357330322]"
6952,1,49.69%,87.83%,0.1935,"[0.18975186347961426, 0.810248076915741]"
6953,0,49.68%,87.83%,0.0054,"[0.9955335855484009, 0.00446645263582468]"
6954,0,49.68%,87.82%,1.5595,"[0.20971666276454926, 0.7902833223342896]"
6955,0,49.67%,87.82%,0.0001,"[0.9997981190681458, 0.00020189733186271042]"
6956,1,49.68%,87.83%,0.0733,"[0.07051398605108261, 0.9294860363006592]"
6957,0,49.67%,87.81%,0.4559,"[0.23864853382110596, 0.761351466178894]"
6958,0,49.66%,87.80%,1.9667,"[0.09268652647733688, 0.9073134064674377]"
6959,1,49.67%,87.80%,0.1068,"[0.0882716029882431, 0.9117284417152405]"
6960,1,49.68%,87.80%,0.1765,"[0.10650953650474548, 0.8934904932975769]"
6961,1,49.68%,87.81%,0.1597,"[0.15018196403980255, 0.8498179912567139]"
6962,0,49.68%,87.81%,0.0094,"[0.9930878281593323, 0.006912189535796642]"
6963,1,49.68%,87.81%,0.0952,"[0.11153316497802734, 0.8884668350219727]"
6964,1,49.69%,87.81%,0.1144,"[0.1162346675992012, 0.8837653398513794]"
6965,0,49.68%,87.81%,0.0048,"[0.9975220561027527, 0.0024779674131423235]"
6966,1,49.69%,87.81%,0.0894,"[0.07710260897874832, 0.9228973388671875]"
6967,0,49.68%,87.80%,2.1263,"[0.12881411612033844, 0.8711858987808228]"
6968,0,49.68%,87.80%,0.0001,"[0.9998675584793091, 0.00013244827277958393]"
6969,1,49.68%,87.80%,0.0607,"[0.06069008633494377, 0.9393099546432495]"
6970,1,49.69%,87.81%,0.1442,"[0.12943686544895172, 0.8705631494522095]"
6971,0,49.68%,87.81%,0.0020,"[0.9936429262161255, 0.0063570220954716206]"
6972,0,49.68%,87.81%,0.0001,"[0.9998986721038818, 0.00010135681804968044]"
6973,1,49.68%,87.81%,0.0830,"[0.07946322858333588, 0.9205368161201477]"
6974,0,49.68%,87.81%,0.0004,"[0.9994949102401733, 0.0005050207255408168]"
6975,1,49.68%,87.82%,0.1427,"[0.13764484226703644, 0.8623551726341248]"
6976,0,49.68%,87.82%,0.0008,"[0.9995935559272766, 0.0004064051026944071]"
6977,1,49.68%,87.82%,0.0940,"[0.09003988653421402, 0.9099600911140442]"
6978,1,49.69%,87.82%,0.1035,"[0.1078176349401474, 0.8921823501586914]"
6979,0,49.68%,87.82%,0.0005,"[0.9993869066238403, 0.0006130259134806693]"
6980,0,49.68%,87.82%,0.0288,"[0.9979506134986877, 0.002049422822892666]"
6981,1,49.68%,87.83%,0.1016,"[0.10059209913015366, 0.8994078636169434]"
6982,1,49.69%,87.83%,0.1888,"[0.16578224301338196, 0.8342177867889404]"
6983,1,49.70%,87.83%,0.2376,"[0.19921763241291046, 0.8007823824882507]"
6984,0,49.69%,87.83%,0.0009,"[0.9992576241493225, 0.0007423617644235492]"
6985,0,49.69%,87.83%,0.0004,"[0.9998569488525391, 0.00014301964256446809]"
6986,1,49.69%,87.83%,0.0641,"[0.06646787375211716, 0.933532178401947]"
6987,0,49.69%,87.82%,1.1661,"[0.3189722001552582, 0.6810278296470642]"
6988,0,49.68%,87.82%,0.0006,"[0.9993446469306946, 0.0006553820567205548]"
6989,1,49.69%,87.83%,0.0598,"[0.06589480489492416, 0.9341051578521729]"
6990,1,49.69%,87.83%,0.1240,"[0.10884468257427216, 0.8911553025245667]"
6991,0,49.69%,87.83%,0.0015,"[0.9987202882766724, 0.0012797035742551088]"
6992,1,49.69%,87.83%,0.0971,"[0.08406531810760498, 0.915934681892395]"
6993,0,49.69%,87.83%,0.0011,"[0.9988821148872375, 0.0011178560089319944]"
6994,1,49.69%,87.83%,0.1871,"[0.10527023673057556, 0.8947297930717468]"
6995,1,49.70%,87.84%,0.0846,"[0.08537113666534424, 0.9146288633346558]"
6996,1,49.71%,87.84%,0.2125,"[0.1476447880268097, 0.8523551821708679]"
6997,1,49.71%,87.84%,0.1798,"[0.16600322723388672, 0.8339967727661133]"
6998,1,49.72%,87.84%,0.1327,"[0.09151788055896759, 0.9084821343421936]"
6999,0,49.71%,87.84%,0.0027,"[0.9946721196174622, 0.005327938590198755]"
7000,1,49.72%,87.84%,0.0861,"[0.08226757496595383, 0.9177324771881104]"
7001,1,49.73%,87.85%,0.0931,"[0.08878830820322037, 0.9112117290496826]"
7002,1,49.74%,87.85%,0.0876,"[0.08808861672878265, 0.9119113683700562]"
7003,1,49.74%,87.85%,0.1767,"[0.1300864815711975, 0.8699135184288025]"
7004,0,49.74%,87.85%,1.1040,"[0.5792476534843445, 0.4207523763179779]"
7005,0,49.73%,87.84%,2.6988,"[0.08646616339683533, 0.9135338664054871]"
7006,0,49.72%,87.84%,0.0006,"[0.9995372295379639, 0.0004628398164641112]"
7007,1,49.73%,87.84%,0.0410,"[0.043714240193367004, 0.956285834312439]"
7008,0,49.72%,87.84%,0.0056,"[0.9911914467811584, 0.008808501996099949]"
7009,1,49.73%,87.85%,0.0617,"[0.0581648163497448, 0.9418352246284485]"
7010,1,49.74%,87.85%,0.0926,"[0.08446324616670609, 0.9155367016792297]"
7011,1,49.74%,87.85%,0.2088,"[0.14348913729190826, 0.8565108180046082]"
7012,0,49.74%,87.84%,1.5829,"[0.23141150176525116, 0.7685885429382324]"
7013,1,49.74%,87.84%,0.1765,"[0.1703016310930252, 0.829698383808136]"
7014,0,49.74%,87.83%,1.8687,"[0.15284773707389832, 0.8471522927284241]"
7015,0,49.73%,87.83%,0.0001,"[0.9998206496238708, 0.00017936815856955945]"
7016,1,49.74%,87.83%,0.0583,"[0.054431136697530746, 0.9455687999725342]"
7017,0,49.73%,87.83%,0.0005,"[0.9992803931236267, 0.0007195854559540749]"
7018,0,49.72%,87.83%,0.0000,"[0.9999849796295166, 1.4961406122893095e-05]"
7019,1,49.73%,87.83%,0.1235,"[0.11266505718231201, 0.887334942817688]"
7020,0,49.72%,87.84%,0.0003,"[0.9997666478157043, 0.00023336091544479132]"
7021,0,49.72%,87.84%,0.0001,"[0.9999405145645142, 5.951547791482881e-05]"
7022,1,49.72%,87.84%,0.0532,"[0.05212566629052162, 0.9478743076324463]"
7023,0,49.72%,87.83%,2.2251,"[0.10686591267585754, 0.8931340575218201]"
7024,1,49.72%,87.83%,0.0723,"[0.07089602202177048, 0.9291040301322937]"
7025,1,49.73%,87.83%,0.1139,"[0.1152692586183548, 0.8847306966781616]"
7026,0,49.72%,87.83%,0.0053,"[0.9954674243927002, 0.004532536957412958]"
7027,0,49.72%,87.83%,0.0003,"[0.999925971031189, 7.406578515656292e-05]"
7028,1,49.72%,87.84%,0.1320,"[0.12370689958333969, 0.8762930631637573]"
7029,0,49.72%,87.82%,1.5768,"[0.17272774875164032, 0.8272721767425537]"
7030,0,49.71%,87.83%,0.4110,"[0.6467673182487488, 0.3532327711582184]"
7031,1,49.72%,87.83%,0.1052,"[0.09535789489746094, 0.9046421051025391]"
7032,0,49.71%,87.83%,0.0734,"[0.9493620991706848, 0.05063793063163757]"
7033,0,49.70%,87.83%,0.0000,"[0.9999611377716064, 3.890798689099029e-05]"
7034,0,49.69%,87.82%,2.5248,"[0.0933004841208458, 0.906699538230896]"
7035,1,49.70%,87.82%,0.1424,"[0.13483946025371552, 0.8651605844497681]"
7036,1,49.71%,87.82%,0.1890,"[0.20463375747203827, 0.7953662276268005]"
7037,0,49.70%,87.82%,0.0004,"[0.9995869994163513, 0.0004130008164793253]"
7038,1,49.71%,87.82%,0.2454,"[0.2472410649061203, 0.7527589797973633]"
7039,1,49.72%,87.83%,0.1997,"[0.17523254454135895, 0.8247674107551575]"
7040,0,49.71%,87.83%,0.0012,"[0.9990628361701965, 0.0009371672640554607]"
7041,1,49.72%,87.83%,0.1457,"[0.19308656454086304, 0.8069134950637817]"
7042,1,49.72%,87.83%,0.1031,"[0.09706655144691467, 0.9029334187507629]"
7043,0,49.72%,87.83%,0.0002,"[0.9997994303703308, 0.000200587761355564]"
7044,1,49.72%,87.84%,0.0696,"[0.06561076641082764, 0.9343891739845276]"
7045,1,49.73%,87.84%,0.0976,"[0.10499636083841324, 0.8950036764144897]"
7046,1,49.74%,87.84%,0.1316,"[0.11874386668205261, 0.881256103515625]"
7047,1,49.74%,87.83%,0.3163,"[0.8916412591934204, 0.10835874825716019]"
7048,1,49.75%,87.83%,0.1946,"[0.18837957084178925, 0.8116204738616943]"
7049,1,49.76%,87.83%,0.2459,"[0.2035326063632965, 0.7964673638343811]"
7050,1,49.77%,87.83%,0.2905,"[0.21448275446891785, 0.7855172753334045]"
7051,0,49.76%,87.83%,0.1939,"[0.8318207859992981, 0.16817925870418549]"
7052,0,49.75%,87.83%,0.0007,"[0.9997840523719788, 0.00021596485748887062]"
7053,0,49.74%,87.84%,0.0001,"[0.999962329864502, 3.7692840123781934e-05]"
7054,0,49.74%,87.84%,0.0000,"[0.9999635219573975, 3.643289164756425e-05]"
7055,1,49.74%,87.84%,0.0333,"[0.03181915357708931, 0.9681808352470398]"
7056,1,49.75%,87.84%,0.0633,"[0.06185079738497734, 0.9381491541862488]"
7057,1,49.76%,87.84%,0.1218,"[0.10952113568782806, 0.8904788494110107]"
7058,1,49.77%,87.85%,0.1286,"[0.13358822464942932, 0.8664118051528931]"
7059,1,49.77%,87.85%,0.1299,"[0.1458340436220169, 0.8541660308837891]"
7060,1,49.78%,87.85%,0.1340,"[0.1075645238161087, 0.8924354910850525]"
7061,0,49.77%,87.85%,0.0127,"[0.9963316321372986, 0.0036683939397335052]"
7062,1,49.78%,87.85%,0.0705,"[0.08099204301834106, 0.9190079569816589]"
7063,0,49.77%,87.84%,0.5735,"[0.14315058290958405, 0.8568494319915771]"
7064,1,49.78%,87.84%,0.0735,"[0.0716366246342659, 0.9283633828163147]"
7065,0,49.77%,87.84%,0.0092,"[0.9905505180358887, 0.009449465200304985]"
7066,1,49.78%,87.84%,0.0689,"[0.043072741478681564, 0.9569272398948669]"
7067,1,49.79%,87.85%,0.1048,"[0.09112908691167831, 0.9088709354400635]"
7068,0,49.78%,87.85%,0.0043,"[0.9965342283248901, 0.003465767716988921]"
7069,0,49.77%,87.84%,2.5044,"[0.07255837321281433, 0.9274415969848633]"
7070,1,49.78%,87.84%,0.0565,"[0.0491475872695446, 0.9508523941040039]"
7071,0,49.77%,87.84%,0.0019,"[0.9977365732192993, 0.0022634335327893496]"
7072,1,49.78%,87.84%,0.0584,"[0.054807066917419434, 0.9451929330825806]"
7073,0,49.77%,87.84%,0.0004,"[0.9990342855453491, 0.0009656914626248181]"
7074,1,49.78%,87.84%,0.1005,"[0.07955848425626755, 0.9204415678977966]"
7075,1,49.79%,87.85%,0.1342,"[0.12248992174863815, 0.877510130405426]"
7076,0,49.78%,87.85%,0.0030,"[0.9964306950569153, 0.003569323569536209]"
7077,0,49.77%,87.85%,0.0002,"[0.9998098015785217, 0.00019016384612768888]"
7078,0,49.77%,87.85%,0.0000,"[0.9999854564666748, 1.4563283912139013e-05]"
7079,1,49.77%,87.85%,0.0328,"[0.03424062579870224, 0.9657593369483948]"
7080,1,49.78%,87.85%,0.0673,"[0.06405679881572723, 0.9359431862831116]"
7081,1,49.79%,87.86%,0.0704,"[0.07576503604650497, 0.9242349863052368]"
7082,1,49.80%,87.84%,0.1194,"[0.969145655632019, 0.030854282900691032]"
7083,0,49.79%,87.83%,2.1672,"[0.09340827167034149, 0.9065917134284973]"
7084,1,49.80%,87.83%,0.0695,"[0.07888586819171906, 0.9211142063140869]"
7085,1,49.80%,87.84%,0.0984,"[0.10064785927534103, 0.8993521332740784]"
7086,1,49.81%,87.84%,0.1576,"[0.1514335572719574, 0.848566472530365]"
7087,0,49.80%,87.84%,0.0009,"[0.9986447691917419, 0.0013552771415561438]"
7088,0,49.80%,87.84%,0.0003,"[0.9964523315429688, 0.0035477052442729473]"
7089,0,49.79%,87.84%,0.0000,"[0.9999865293502808, 1.3508586562238634e-05]"
7090,0,49.78%,87.84%,0.0000,"[0.9999946355819702, 5.321696789906127e-06]"
7091,0,49.77%,87.85%,0.0000,"[0.9999983310699463, 1.6878163933142787e-06]"
7092,0,49.77%,87.85%,0.0000,"[0.999998927116394, 1.0166738775296835e-06]"
7093,1,49.77%,87.85%,0.0177,"[0.016978265717625618, 0.9830217361450195]"
7094,0,49.77%,87.85%,0.0000,"[0.9999780654907227, 2.1920937797403894e-05]"
7095,0,49.76%,87.85%,0.0000,"[0.9999909400939941, 9.044297257787548e-06]"
7096,0,49.75%,87.85%,0.0000,"[0.9999946355819702, 5.346047146304045e-06]"
7097,0,49.75%,87.86%,0.0000,"[0.9999991655349731, 8.916647402656963e-07]"
7098,0,49.74%,87.84%,2.0340,"[0.2246944010257721, 0.7753055691719055]"
7099,0,49.73%,87.85%,0.0000,"[0.9999991655349731, 8.333070695698552e-07]"
7100,0,49.73%,87.85%,0.0000,"[0.9999992847442627, 7.213536719063995e-07]"
7101,0,49.72%,87.83%,3.8570,"[0.018190696835517883, 0.9818092584609985]"
7102,0,49.71%,87.84%,0.0000,"[0.9999991655349731, 8.153942872013431e-07]"
7103,0,49.70%,87.84%,0.0000,"[0.9999992847442627, 7.109304078767309e-07]"
7104,1,49.71%,87.84%,0.0173,"[0.017198778688907623, 0.9828011989593506]"
7105,0,49.70%,87.84%,0.0000,"[0.999995231628418, 4.791907940671081e-06]"
7106,0,49.70%,87.84%,0.0000,"[0.9999978542327881, 2.114680683007464e-06]"
7107,1,49.70%,87.84%,0.0364,"[0.027402352541685104, 0.9725976586341858]"
7108,0,49.70%,87.85%,0.0000,"[0.9999728202819824, 2.7147501896251924e-05]"
7109,1,49.70%,87.85%,0.0961,"[0.08147305250167847, 0.9185269474983215]"
7110,0,49.70%,87.85%,0.0001,"[0.9998687505722046, 0.00013126491103321314]"
7111,0,49.69%,87.85%,0.0001,"[0.9999538660049438, 4.611336044035852e-05]"
7112,0,49.68%,87.85%,0.0000,"[0.9999908208847046, 9.177982974506449e-06]"
7113,1,49.69%,87.85%,0.0442,"[0.046703219413757324, 0.9532967209815979]"
7114,0,49.68%,87.86%,0.0001,"[0.9999159574508667, 8.408002759097144e-05]"
7115,0,49.68%,87.86%,0.0000,"[0.9999808073043823, 1.9229257304687053e-05]"
7116,1,49.68%,87.86%,0.0363,"[0.03501228615641594, 0.9649876952171326]"
7117,0,49.68%,87.85%,2.6505,"[0.07006079703569412, 0.9299392104148865]"
7118,0,49.67%,87.85%,0.0000,"[0.9999865293502808, 1.3481739188136999e-05]"
7119,1,49.68%,87.85%,0.0751,"[0.063688263297081, 0.9363117814064026]"
7120,1,49.68%,87.85%,0.1406,"[0.1339189112186432, 0.8660811185836792]"
7121,1,49.69%,87.85%,0.1951,"[0.17241522669792175, 0.8275848031044006]"
7122,0,49.68%,87.86%,0.0171,"[0.9846599698066711, 0.015340040437877178]"
7123,1,49.69%,87.86%,0.1543,"[0.10897573828697205, 0.8910242915153503]"
7124,1,49.70%,87.86%,0.1152,"[0.11146235466003418, 0.888537585735321]"
7125,1,49.71%,87.86%,0.1137,"[0.11399473249912262, 0.8860053420066833]"
7126,1,49.71%,87.85%,4.7059,"[0.8162924647331238, 0.1837076097726822]"
7127,0,49.71%,87.85%,0.0002,"[0.9998522996902466, 0.0001477116602472961]"
7128,1,49.71%,87.85%,0.0511,"[0.05204940214753151, 0.9479506015777588]"
7129,0,49.71%,87.85%,0.0001,"[0.9999402761459351, 5.97399084654171e-05]"
7130,1,49.71%,87.86%,0.0494,"[0.037320274859666824, 0.9626796841621399]"
7131,1,49.72%,87.86%,0.0470,"[0.05167656019330025, 0.9483234286308289]"
7132,0,49.71%,87.86%,0.0000,"[0.9999250173568726, 7.497809565393254e-05]"
7133,0,49.71%,87.86%,0.5699,"[0.999629020690918, 0.00037090491969138384]"
7134,1,49.71%,87.85%,1.1347,"[0.9270477890968323, 0.07295221090316772]"
7135,0,49.71%,87.85%,0.0000,"[0.9999548196792603, 4.523658935795538e-05]"
7136,1,49.71%,87.85%,0.0363,"[0.039337869733572006, 0.9606620669364929]"
7137,1,49.72%,87.84%,1.3520,"[0.5962868928909302, 0.4037131369113922]"
7138,0,49.71%,87.83%,2.2383,"[0.10133710503578186, 0.8986628651618958]"
7139,0,49.71%,87.82%,2.1973,"[0.08202672004699707, 0.9179732799530029]"
7140,0,49.70%,87.82%,0.0000,"[0.9999738931655884, 2.6100529794348404e-05]"
7141,1,49.71%,87.82%,0.0564,"[0.07172075659036636, 0.9282792210578918]"
7142,1,49.71%,87.82%,0.0779,"[0.0719597339630127, 0.9280402660369873]"
7143,0,49.71%,87.82%,0.0161,"[0.9928941130638123, 0.007105882279574871]"
7144,1,49.71%,87.82%,0.0864,"[0.10097448527812958, 0.8990254998207092]"
7145,1,49.72%,87.83%,0.2360,"[0.20975160598754883, 0.790248453617096]"
7146,0,49.71%,87.83%,0.0008,"[0.999325156211853, 0.0006748414016328752]"
7147,0,49.71%,87.83%,0.0001,"[0.999941349029541, 5.870060340384953e-05]"
7148,1,49.71%,87.83%,0.0758,"[0.0790942832827568, 0.9209057688713074]"
7149,1,49.72%,87.83%,0.0909,"[0.08761268109083176, 0.9123873710632324]"
7150,0,49.71%,87.83%,0.0002,"[0.9998915195465088, 0.00010852683772100136]"
7151,0,49.71%,87.84%,0.0000,"[0.9999878406524658, 1.217069620906841e-05]"
7152,1,49.71%,87.84%,0.0620,"[0.05641481280326843, 0.9435851573944092]"
7153,0,49.71%,87.82%,2.2641,"[0.10665728896856308, 0.8933427333831787]"
7154,1,49.71%,87.83%,0.0859,"[0.08007390052080154, 0.9199260473251343]"
7155,0,49.71%,87.83%,0.0001,"[0.999850869178772, 0.0001490827853558585]"
7156,1,49.71%,87.83%,0.0594,"[0.05972542241215706, 0.9402745962142944]"
7157,1,49.72%,87.83%,0.0809,"[0.06495736539363861, 0.935042679309845]"
7158,1,49.73%,87.83%,0.0987,"[0.0933384820818901, 0.9066615104675293]"
7159,1,49.73%,87.84%,0.1442,"[0.12860611081123352, 0.8713939189910889]"
7160,1,49.74%,87.84%,0.1351,"[0.13380154967308044, 0.8661984801292419]"
7161,1,49.75%,87.84%,0.2621,"[0.2552091181278229, 0.7447908520698547]"
7162,1,49.76%,87.84%,0.1659,"[0.15781204402446747, 0.8421879410743713]"
7163,1,49.76%,87.84%,0.1739,"[0.17919057607650757, 0.8208094239234924]"
7164,1,49.77%,87.84%,0.1535,"[0.1538039743900299, 0.8461959362030029]"
7165,1,49.78%,87.85%,0.2372,"[0.18274612724781036, 0.817253828048706]"
7166,0,49.77%,87.85%,0.0052,"[0.9975255131721497, 0.0024745294358581305]"
7167,1,49.78%,87.85%,0.0884,"[0.08425261080265045, 0.9157474040985107]"
7168,1,49.78%,87.85%,0.1042,"[0.10403860360383987, 0.8959614038467407]"
7169,1,49.79%,87.85%,0.0972,"[0.1041124165058136, 0.8958876132965088]"
7170,0,49.78%,87.84%,1.8879,"[0.1554531753063202, 0.8445467948913574]"
7171,1,49.79%,87.84%,0.0858,"[0.08497317880392075, 0.9150267839431763]"
7172,1,49.80%,87.84%,0.1561,"[0.15605641901493073, 0.8439435362815857]"
7173,0,49.79%,87.83%,1.3743,"[0.3166845738887787, 0.6833153963088989]"
7174,0,49.78%,87.83%,0.0022,"[0.9336584210395813, 0.0663415789604187]"
7175,1,49.79%,87.83%,0.0811,"[0.0739801675081253, 0.9260198473930359]"
7176,0,49.78%,87.82%,0.7268,"[0.28122010827064514, 0.7187799215316772]"
7177,1,49.79%,87.82%,0.0812,"[0.08265244960784912, 0.9173476099967957]"
7178,1,49.80%,87.83%,0.1525,"[0.14696446061134338, 0.8530355095863342]"
7179,0,49.79%,87.83%,0.0020,"[0.9998303651809692, 0.0001696122926659882]"
7180,0,49.78%,87.82%,2.7711,"[0.06451383233070374, 0.9354861378669739]"
7181,1,49.79%,87.82%,0.0503,"[0.04728174954652786, 0.9527182579040527]"
7182,0,49.78%,87.82%,0.0004,"[0.9992569088935852, 0.0007430844125337899]"
7183,0,49.78%,87.81%,2.1005,"[0.1210697740316391, 0.8789301514625549]"
7184,0,49.77%,87.81%,0.0000,"[0.9999500513076782, 4.989786975784227e-05]"
7185,1,49.78%,87.81%,0.0469,"[0.04074406251311302, 0.9592559337615967]"
7186,1,49.78%,87.81%,0.0441,"[0.052105989307165146, 0.9478940367698669]"
7187,0,49.78%,87.81%,0.0012,"[0.9986144304275513, 0.0013855986762791872]"
7188,1,49.78%,87.81%,0.0497,"[0.0658799335360527, 0.9341199994087219]"
7189,0,49.78%,87.82%,0.0002,"[0.9998564720153809, 0.00014347599062602967]"
7190,1,49.78%,87.82%,0.0917,"[0.10995567589998245, 0.8900443315505981]"
7191,0,49.78%,87.81%,2.3758,"[0.09164123237133026, 0.9083588123321533]"
7192,0,49.77%,87.81%,0.0000,"[0.9999874830245972, 1.2463921848393511e-05]"
7193,1,49.78%,87.80%,0.3163,"[0.6392099857330322, 0.3607899844646454]"
7194,1,49.78%,87.80%,0.1124,"[0.08617856353521347, 0.9138213992118835]"
7195,1,49.79%,87.80%,0.1351,"[0.13337458670139313, 0.8666253685951233]"
7196,1,49.80%,87.80%,0.2601,"[0.2736429274082184, 0.726357102394104]"
7197,0,49.79%,87.80%,0.0014,"[0.9982045888900757, 0.0017953780479729176]"
7198,0,49.78%,87.80%,0.0002,"[0.9998658895492554, 0.00013414498243946582]"
7199,1,49.79%,87.81%,0.0884,"[0.08119137585163116, 0.91880863904953]"
7200,0,49.78%,87.81%,0.5798,"[0.626725435256958, 0.37327462434768677]"
7201,0,49.78%,87.81%,0.2782,"[0.641400933265686, 0.3585990369319916]"
7202,0,49.77%,87.80%,2.2630,"[0.11375008523464203, 0.8862498998641968]"
7203,0,49.76%,87.80%,0.0000,"[0.9999912977218628, 8.685136890562717e-06]"
7204,1,49.77%,87.79%,2.8099,"[0.701573371887207, 0.29842668771743774]"
7205,1,49.78%,87.79%,0.2265,"[0.1504349559545517, 0.8495650887489319]"
7206,1,49.78%,87.79%,0.2018,"[0.1838802695274353, 0.8161197900772095]"
7207,0,49.78%,87.79%,0.0060,"[0.9958727955818176, 0.004127173684537411]"
7208,0,49.77%,87.79%,0.0002,"[0.9995809197425842, 0.00041906622936949134]"
7209,1,49.78%,87.79%,0.0964,"[0.08803804963827133, 0.9119619131088257]"
7210,0,49.77%,87.80%,0.0002,"[0.9998576641082764, 0.0001422621717210859]"
7211,0,49.76%,87.78%,2.1474,"[0.12215293943881989, 0.8778470158576965]"
7212,1,49.77%,87.79%,0.0489,"[0.049790460616350174, 0.9502096176147461]"
7213,0,49.76%,87.77%,2.0360,"[0.12436126172542572, 0.8756387829780579]"
7214,0,49.76%,87.78%,0.0001,"[0.9998832941055298, 0.00011673787230392918]"
7215,1,49.76%,87.78%,0.0804,"[0.07391051203012466, 0.9260894656181335]"
7216,1,49.77%,87.78%,0.1354,"[0.12938983738422394, 0.8706101179122925]"
7217,1,49.78%,87.78%,0.5643,"[0.30612045526504517, 0.6938795447349548]"
7218,1,49.79%,87.78%,0.1858,"[0.1710062175989151, 0.8289937973022461]"
7219,1,49.79%,87.77%,0.6017,"[0.5474739670753479, 0.4525260329246521]"
7220,0,49.79%,87.77%,0.0082,"[0.9922342300415039, 0.007765766233205795]"
7221,1,49.79%,87.77%,0.1490,"[0.12728092074394226, 0.8727190494537354]"
7222,0,49.79%,87.78%,0.0119,"[0.9909591674804688, 0.00904079619795084]"
7223,1,49.79%,87.78%,0.3171,"[0.21863844990730286, 0.7813615798950195]"
7224,0,49.79%,87.78%,0.0085,"[0.9799897074699402, 0.02001032792031765]"
7225,1,49.79%,87.78%,0.1162,"[0.1034107655286789, 0.8965892195701599]"
7226,0,49.79%,87.78%,0.0028,"[0.9972332119941711, 0.0027667602989822626]"
7227,0,49.78%,87.78%,0.0004,"[0.9997984766960144, 0.00020151500939391553]"
7228,1,49.79%,87.79%,0.0565,"[0.057517729699611664, 0.9424822926521301]"
7229,0,49.78%,87.77%,1.4441,"[0.3877846896648407, 0.6122152805328369]"
7230,0,49.77%,87.77%,0.0001,"[0.9998283386230469, 0.0001716132537694648]"
7231,1,49.78%,87.78%,0.0611,"[0.06397777050733566, 0.9360222220420837]"
7232,1,49.79%,87.78%,0.1215,"[0.11737681180238724, 0.8826231956481934]"
7233,1,49.79%,87.78%,0.1439,"[0.12338981032371521, 0.8766101598739624]"
7234,1,49.80%,87.78%,0.1083,"[0.10601868480443954, 0.8939813375473022]"
7235,0,49.79%,87.78%,0.0040,"[0.9956012964248657, 0.004398661199957132]"
7236,1,49.80%,87.78%,0.0906,"[0.09651952236890793, 0.9034805297851562]"
7237,1,49.81%,87.79%,0.1267,"[0.11385888606309891, 0.8861411213874817]"
7238,1,49.81%,87.79%,0.1908,"[0.18304292857646942, 0.8169570565223694]"
7239,0,49.81%,87.78%,0.9139,"[0.45108485221862793, 0.5489151477813721]"
7240,1,49.81%,87.78%,0.1846,"[0.21250039339065552, 0.7874996066093445]"
7241,0,49.81%,87.78%,0.0124,"[0.9764911532402039, 0.023508775979280472]"
7242,1,49.81%,87.78%,0.1035,"[0.10601877421140671, 0.8939812779426575]"
7243,1,49.82%,87.78%,0.0981,"[0.09270217269659042, 0.9072978496551514]"
7244,1,49.83%,87.78%,0.0997,"[0.10363291203975677, 0.896367073059082]"
7245,1,49.83%,87.79%,0.0644,"[0.05914616584777832, 0.9408538937568665]"
7246,0,49.83%,87.79%,0.0012,"[0.9992644190788269, 0.0007355170673690736]"
7247,1,49.83%,87.79%,0.0534,"[0.05609839782118797, 0.943901538848877]"
7248,0,49.83%,87.78%,2.1009,"[0.1100039854645729, 0.8899960517883301]"
7249,1,49.83%,87.78%,0.0503,"[0.0501333549618721, 0.9498667120933533]"
7250,0,49.83%,87.78%,0.0020,"[0.999871015548706, 0.00012902729213237762]"
7251,0,49.82%,87.78%,0.0000,"[0.999985933303833, 1.408377465850208e-05]"
7252,1,49.83%,87.78%,0.0302,"[0.02878808043897152, 0.9712119102478027]"
7253,0,49.82%,87.79%,0.0001,"[0.9999626874923706, 3.731359538505785e-05]"
7254,0,49.81%,87.79%,0.0000,"[0.9999847412109375, 1.5199763765849639e-05]"
7255,0,49.81%,87.79%,0.0000,"[0.9999836683273315, 1.637077184568625e-05]"
7256,0,49.80%,87.79%,0.0000,"[0.9999977350234985, 2.2282436020759633e-06]"
7257,1,49.81%,87.79%,0.0310,"[0.03048664517700672, 0.9695134162902832]"
7258,0,49.80%,87.79%,0.0000,"[0.9999891519546509, 1.0854524589376524e-05]"
7259,0,49.79%,87.80%,0.0000,"[0.9999974966049194, 2.5448355245316634e-06]"
7260,0,49.79%,87.80%,0.0000,"[0.9999986886978149, 1.2719466440103133e-06]"
7261,1,49.79%,87.80%,0.0197,"[0.01987845078110695, 0.9801214933395386]"
7262,0,49.79%,87.79%,3.4318,"[0.032200831919908524, 0.9677991271018982]"
7263,0,49.78%,87.79%,0.0000,"[0.9999936819076538, 6.360696716001257e-06]"
7264,1,49.79%,87.79%,0.0633,"[0.0613626129925251, 0.938637375831604]"
7265,1,49.79%,87.79%,0.0905,"[0.08193670213222504, 0.9180633425712585]"
7266,1,49.80%,87.79%,0.1344,"[0.1258975714445114, 0.8741024136543274]"
7267,1,49.81%,87.80%,0.1638,"[0.1338323950767517, 0.8661676049232483]"
7268,0,49.80%,87.80%,0.0018,"[0.9987674951553345, 0.0012325388379395008]"
7269,0,49.79%,87.80%,0.0001,"[0.9999467134475708, 5.328523548087105e-05]"
7270,1,49.80%,87.80%,0.1048,"[0.11740770936012268, 0.8825922608375549]"
7271,1,49.81%,87.80%,0.0686,"[0.06627970933914185, 0.9337202310562134]"
7272,1,49.81%,87.80%,0.1108,"[0.08605773001909256, 0.913942277431488]"
7273,1,49.82%,87.81%,0.1334,"[0.10938264429569244, 0.890617311000824]"
7274,1,49.83%,87.81%,0.1522,"[0.09751583635807037, 0.902484118938446]"
7275,0,49.82%,87.80%,2.2022,"[0.11550188064575195, 0.8844981789588928]"
7276,1,49.83%,87.80%,0.0591,"[0.05689293518662453, 0.9431070685386658]"
7277,1,49.84%,87.80%,0.0659,"[0.07077758759260178, 0.9292224049568176]"
7278,1,49.84%,87.80%,0.1342,"[0.1266670525074005, 0.8733329176902771]"
7279,1,49.85%,87.80%,0.1662,"[0.15223820507526398, 0.8477618098258972]"
7280,1,49.86%,87.80%,0.1525,"[0.16214552521705627, 0.8378545641899109]"
7281,0,49.85%,87.81%,0.0083,"[0.994932234287262, 0.005067714489996433]"
7282,1,49.86%,87.81%,0.0805,"[0.0755452811717987, 0.9244546890258789]"
7283,0,49.85%,87.81%,0.0012,"[0.999313235282898, 0.000686723564285785]"
7284,0,49.84%,87.81%,0.0001,"[0.9999092817306519, 9.070945088751614e-05]"
7285,1,49.85%,87.81%,0.0502,"[0.0508110485970974, 0.9491889476776123]"
7286,1,49.86%,87.81%,0.0689,"[0.06027061492204666, 0.9397293925285339]"
7287,1,49.86%,87.82%,0.1114,"[0.10523312538862228, 0.8947669267654419]"
7288,0,49.86%,87.80%,1.8834,"[0.14102597534656525, 0.858974039554596]"
7289,0,49.85%,87.81%,0.0003,"[0.9996235370635986, 0.00037648837314918637]"
7290,0,49.84%,87.81%,0.0001,"[0.9999345541000366, 6.539500463986769e-05]"
7291,1,49.85%,87.81%,0.0592,"[0.059262294322252274, 0.9407377243041992]"
7292,0,49.84%,87.81%,0.0004,"[0.9995129108428955, 0.00048709692782722414]"
7293,0,49.84%,87.81%,0.0001,"[0.999885082244873, 0.00011493885540403426]"
7294,1,49.84%,87.81%,0.0569,"[0.05586422234773636, 0.9441357851028442]"
7295,1,49.85%,87.82%,0.0744,"[0.07448684424161911, 0.9255131483078003]"
7296,0,49.84%,87.82%,0.0001,"[0.9999467134475708, 5.324769517756067e-05]"
7297,0,49.84%,87.82%,0.0024,"[0.9982967972755432, 0.0017032031901180744]"
7298,1,49.84%,87.82%,0.0588,"[0.06532737612724304, 0.9346725940704346]"
7299,0,49.84%,87.81%,1.4116,"[0.21121102571487427, 0.7887889742851257]"
7300,0,49.83%,87.81%,0.0001,"[0.9998998641967773, 0.0001001420896500349]"
7301,0,49.82%,87.81%,0.0000,"[0.9999369382858276, 6.305535498540848e-05]"
7302,0,49.82%,87.81%,0.0000,"[0.9999922513961792, 7.77661716711009e-06]"
7303,1,49.82%,87.81%,0.0280,"[0.03221200779080391, 0.9677879810333252]"
7304,0,49.82%,87.82%,0.0002,"[0.9998613595962524, 0.00013860136095900089]"
7305,1,49.82%,87.82%,0.0702,"[0.053986772894859314, 0.9460132718086243]"
7306,0,49.82%,87.81%,1.1812,"[0.28977030515670776, 0.7102296948432922]"
7307,1,49.82%,87.81%,0.0920,"[0.08252370357513428, 0.9174762964248657]"
7308,0,49.82%,87.81%,0.0001,"[0.9999418258666992, 5.8113819250138476e-05]"
7309,1,49.82%,87.81%,0.1484,"[0.11095310002565384, 0.889046847820282]"
7310,0,49.82%,87.81%,0.0001,"[0.9987429976463318, 0.001257035881280899]"
7311,0,49.81%,87.81%,0.0001,"[0.9998794794082642, 0.00012054867693223059]"
7312,1,49.82%,87.82%,0.0592,"[0.05871692672371864, 0.9412830471992493]"
7313,1,49.82%,87.82%,0.0929,"[0.08251716941595078, 0.917482852935791]"
7314,1,49.83%,87.82%,0.1606,"[0.14441293478012085, 0.8555871248245239]"
7315,1,49.84%,87.82%,0.2033,"[0.14975203573703766, 0.8502479791641235]"
7316,0,49.83%,87.82%,0.0007,"[0.9996302127838135, 0.0003697769425343722]"
7317,1,49.84%,87.82%,0.0628,"[0.06942948698997498, 0.9305704832077026]"
7318,0,49.83%,87.83%,0.0003,"[0.9998667240142822, 0.0001332129177171737]"
7319,0,49.82%,87.83%,0.0000,"[0.999984622001648, 1.53858563862741e-05]"
7320,1,49.83%,87.83%,0.0274,"[0.026770498603582382, 0.9732295274734497]"
7321,0,49.82%,87.83%,0.0000,"[0.9999878406524658, 1.2119570783397648e-05]"
7322,1,49.83%,87.83%,0.0280,"[0.026032935827970505, 0.9739670753479004]"
7323,1,49.84%,87.83%,0.0615,"[0.058874715119600296, 0.9411252737045288]"
7324,1,49.84%,87.84%,0.0637,"[0.0508454404771328, 0.9491545557975769]"
7325,1,49.85%,87.84%,0.0644,"[0.12054556608200073, 0.879454493522644]"
7326,1,49.86%,87.84%,0.1261,"[0.1442200392484665, 0.8557798862457275]"
7327,0,49.85%,87.84%,0.0001,"[0.9993174076080322, 0.0006826040334999561]"
7328,0,49.84%,87.84%,0.0000,"[0.999889612197876, 0.00011038821685360745]"
7329,1,49.85%,87.84%,0.0334,"[0.02903175726532936, 0.9709681868553162]"
7330,0,49.84%,87.83%,1.7280,"[0.35211181640625, 0.6478882431983948]"
7331,0,49.84%,87.83%,0.0000,"[0.9999701976776123, 2.984167804243043e-05]"
7332,0,49.83%,87.84%,0.0000,"[0.9999946355819702, 5.372711711970624e-06]"
7333,0,49.82%,87.82%,3.7646,"[0.0219428688287735, 0.9780570864677429]"
7334,0,49.82%,87.83%,0.0000,"[0.9999972581863403, 2.7021301320928615e-06]"
7335,0,49.81%,87.83%,0.0000,"[0.9999954700469971, 4.5320280150917824e-06]"
7336,0,49.80%,87.83%,0.0000,"[0.9999934434890747, 6.5808681029011495e-06]"
7337,1,49.81%,87.83%,0.0210,"[0.019619347527623177, 0.9803805947303772]"
7338,0,49.80%,87.82%,1.7985,"[0.3200915455818176, 0.6799083948135376]"
7339,0,49.80%,87.82%,0.0000,"[0.9999933242797852, 6.712986305501545e-06]"
7340,0,49.79%,87.82%,0.0000,"[0.9999977350234985, 2.222939656348899e-06]"
7341,1,49.80%,87.82%,0.0359,"[0.03648994490504265, 0.9635100960731506]"
7342,0,49.79%,87.83%,0.0001,"[0.9999332427978516, 6.681177183054388e-05]"
7343,0,49.78%,87.83%,0.0029,"[0.9160804152488708, 0.08391962200403214]"
7344,0,49.78%,87.81%,1.9536,"[0.1376536637544632, 0.862346351146698]"
7345,1,49.78%,87.82%,0.0274,"[0.027598407119512558, 0.9724015593528748]"
7346,1,49.79%,87.80%,1.8817,"[0.8137012124061584, 0.18629877269268036]"
7347,1,49.80%,87.81%,0.1027,"[0.09790356457233429, 0.9020963907241821]"
7348,1,49.80%,87.81%,0.1541,"[0.13850928843021393, 0.8614906668663025]"
7349,0,49.80%,87.81%,0.0023,"[0.9993056058883667, 0.000694361689966172]"
7350,0,49.79%,87.81%,0.0001,"[0.9999064207077026, 9.352757479064167e-05]"
7351,1,49.80%,87.81%,0.1334,"[0.13973872363567352, 0.8602612614631653]"
7352,0,49.79%,87.81%,0.0002,"[0.999725878238678, 0.00027412333292886615]"
7353,0,49.78%,87.82%,0.0000,"[0.999964714050293, 3.5242097510490566e-05]"
7354,1,49.79%,87.82%,0.0747,"[0.07319124042987823, 0.9268087148666382]"
7355,1,49.80%,87.82%,0.3433,"[0.3257634937763214, 0.674236536026001]"
7356,0,49.79%,87.82%,0.0003,"[0.9997192025184631, 0.00028073080466128886]"
7357,0,49.78%,87.82%,0.0001,"[0.9999210834503174, 7.895156886661425e-05]"
7358,0,49.78%,87.82%,0.0000,"[0.9999853372573853, 1.467965921619907e-05]"
7359,0,49.77%,87.81%,3.3379,"[0.03583537042140961, 0.9641646146774292]"
7360,0,49.76%,87.81%,0.0000,"[0.999997615814209, 2.354079924771213e-06]"
7361,0,49.76%,87.82%,0.0000,"[0.9999979734420776, 2.072124743790482e-06]"
7362,0,49.75%,87.82%,0.0000,"[0.9999983310699463, 1.6137989859998925e-06]"
7363,1,49.76%,87.82%,0.0307,"[0.03555901348590851, 0.9644409418106079]"
7364,0,49.75%,87.82%,0.0002,"[0.9996094107627869, 0.00039062698488123715]"
7365,0,49.74%,87.82%,0.0000,"[0.999990701675415, 9.329167369287461e-06]"
7366,1,49.75%,87.82%,0.0405,"[0.03357907384634018, 0.9664209485054016]"
7367,0,49.74%,87.81%,0.5572,"[0.352638304233551, 0.6473617553710938]"
7368,1,49.75%,87.81%,0.0465,"[0.04505905881524086, 0.954940915107727]"
7369,0,49.74%,87.80%,2.4845,"[0.07972723990678787, 0.920272707939148]"
7370,0,49.74%,87.80%,0.0000,"[0.9999754428863525, 2.4548769943066873e-05]"
7371,1,49.74%,87.81%,0.1712,"[0.17496390640735626, 0.8250361084938049]"
7372,0,49.74%,87.81%,0.0002,"[0.9997419714927673, 0.0002580223954282701]"
7373,0,49.73%,87.79%,2.4565,"[0.0879068598151207, 0.9120931029319763]"
7374,1,49.74%,87.80%,0.0914,"[0.07999283820390701, 0.9200071692466736]"
7375,1,49.74%,87.80%,0.1630,"[0.13085129857063293, 0.8691487312316895]"
7376,0,49.74%,87.79%,1.8231,"[0.164295956492424, 0.8357040286064148]"
7377,1,49.74%,87.79%,0.0912,"[0.10345456004142761, 0.89654541015625]"
7378,0,49.74%,87.78%,2.0523,"[0.12436970323324203, 0.875630259513855]"
7379,0,49.73%,87.78%,0.0001,"[0.9999527931213379, 4.722126686829142e-05]"
7380,0,49.72%,87.78%,0.0000,"[0.9999825954437256, 1.7350792404613458e-05]"
7381,1,49.73%,87.78%,0.0801,"[0.07569412887096405, 0.9243058562278748]"
7382,1,49.74%,87.78%,0.0949,"[0.09296495467424393, 0.9070349931716919]"
7383,1,49.74%,87.78%,0.1797,"[0.15015827119350433, 0.8498417735099792]"
7384,1,49.75%,87.79%,0.1386,"[0.12212477624416351, 0.8778752684593201]"
7385,0,49.74%,87.79%,0.0001,"[0.9998263716697693, 0.00017368518456351012]"
7386,1,49.75%,87.79%,0.1519,"[0.12263587862253189, 0.8773640990257263]"
7387,0,49.74%,87.79%,0.0000,"[0.9998579025268555, 0.00014210031076800078]"
7388,1,49.75%,87.79%,0.2854,"[0.24924500286579132, 0.7507549524307251]"
7389,1,49.76%,87.79%,0.2579,"[0.25737249851226807, 0.7426275014877319]"
7390,1,49.76%,87.80%,0.2992,"[0.23697100579738617, 0.7630289793014526]"
7391,1,49.77%,87.80%,0.7640,"[0.44860708713531494, 0.5513929128646851]"
7392,1,49.78%,87.80%,0.3910,"[0.3234696388244629, 0.6765303015708923]"
7393,0,49.77%,87.80%,0.0086,"[0.9917042255401611, 0.0082957549020648]"
7394,1,49.78%,87.80%,0.2068,"[0.1806987226009369, 0.8193013072013855]"
7395,0,49.77%,87.79%,1.3509,"[0.4697543978691101, 0.5302456617355347]"
7396,1,49.78%,87.79%,0.1666,"[0.14111573994159698, 0.8588842153549194]"
7397,0,49.77%,87.79%,0.0005,"[0.9971490502357483, 0.0028509872499853373]"
7398,1,49.78%,87.80%,0.1008,"[0.10299169272184372, 0.8970082998275757]"
7399,0,49.77%,87.80%,0.5595,"[0.6157147288322449, 0.38428524136543274]"
7400,1,49.78%,87.80%,0.1590,"[0.131489098072052, 0.868510901927948]"
7401,1,49.78%,87.80%,0.1575,"[0.1673244684934616, 0.8326755166053772]"
7402,0,49.78%,87.80%,0.0072,"[0.9828936457633972, 0.01710638217628002]"
7403,0,49.77%,87.80%,0.0019,"[0.9986317753791809, 0.001368206925690174]"
7404,1,49.78%,87.81%,0.0977,"[0.09946788847446442, 0.9005321264266968]"
7405,1,49.78%,87.81%,0.1098,"[0.10686928778886795, 0.8931307196617126]"
7406,1,49.79%,87.81%,0.1144,"[0.10567212104797363, 0.8943279385566711]"
7407,0,49.78%,87.81%,0.0010,"[0.9987537860870361, 0.001246261061169207]"
7408,0,49.78%,87.81%,0.0001,"[0.9998435974121094, 0.00015639608318451792]"
7409,0,49.77%,87.81%,0.0000,"[0.999962329864502, 3.771268529817462e-05]"
7410,0,49.76%,87.80%,1.9089,"[0.21018312871456146, 0.7898168563842773]"
7411,0,49.76%,87.80%,0.0455,"[0.9866632223129272, 0.013336782343685627]"
7412,1,49.76%,87.81%,0.0288,"[0.03014122135937214, 0.9698587656021118]"
7413,0,49.76%,87.81%,0.0000,"[0.9998325109481812, 0.00016743052401579916]"
7414,1,49.76%,87.81%,0.0425,"[0.04424889385700226, 0.9557510614395142]"
7415,0,49.76%,87.81%,0.0049,"[0.9856282472610474, 0.014371706172823906]"
7416,0,49.75%,87.81%,0.0003,"[0.9997926354408264, 0.00020738360763061792]"
7417,0,49.74%,87.81%,0.0083,"[0.9929364323616028, 0.007063574157655239]"
7418,0,49.74%,87.82%,0.0000,"[0.9999797344207764, 2.0324656361481175e-05]"
7419,0,49.73%,87.80%,2.9588,"[0.11015494167804718, 0.889845073223114]"
7420,1,49.74%,87.80%,0.0298,"[0.028974499553442, 0.9710255265235901]"
7421,0,49.73%,87.79%,3.1685,"[0.07601092010736465, 0.9239891171455383]"
7422,1,49.74%,87.79%,0.0493,"[0.04712872952222824, 0.9528712630271912]"
7423,0,49.73%,87.80%,0.0000,"[0.9999914169311523, 8.527133104507811e-06]"
7424,1,49.74%,87.80%,0.0683,"[0.07323859632015228, 0.9267614483833313]"
7425,1,49.74%,87.80%,0.3493,"[0.3258792459964752, 0.6741207838058472]"
7426,1,49.75%,87.79%,0.4014,"[0.9186315536499023, 0.08136843144893646]"
7427,1,49.76%,87.79%,0.2609,"[0.24623766541481018, 0.7537623047828674]"
7428,1,49.76%,87.79%,0.1839,"[0.19032199680805206, 0.8096780776977539]"
7429,1,49.77%,87.79%,0.2965,"[0.2474624365568161, 0.7525375485420227]"
7430,0,49.76%,87.79%,0.2914,"[0.6516384482383728, 0.348361611366272]"
7431,0,49.76%,87.80%,0.0003,"[0.9998292922973633, 0.00017063814448192716]"
7432,0,49.75%,87.80%,0.0000,"[0.9999680519104004, 3.1969491828931496e-05]"
7433,0,49.74%,87.79%,2.9782,"[0.04933159053325653, 0.950668454170227]"
7434,0,49.74%,87.77%,3.1610,"[0.04267588630318642, 0.9573240876197815]"
7435,1,49.74%,87.78%,0.0495,"[0.05053466558456421, 0.9494653344154358]"
7436,1,49.75%,87.78%,0.0785,"[0.07295523583889008, 0.9270447492599487]"
7437,1,49.76%,87.78%,0.0988,"[0.09170430898666382, 0.908295750617981]"
7438,0,49.75%,87.78%,0.0004,"[0.9996740818023682, 0.00032597334939055145]"
7439,0,49.74%,87.78%,0.0069,"[0.9912077188491821, 0.008792297914624214]"
7440,1,49.75%,87.78%,0.0684,"[0.06880968064069748, 0.9311902523040771]"
7441,1,49.76%,87.79%,0.1075,"[0.10637252777814865, 0.8936274647712708]"
7442,0,49.75%,87.79%,0.0002,"[0.9992274045944214, 0.0007726269541308284]"
7443,1,49.76%,87.79%,0.0940,"[0.09438391774892807, 0.9056161046028137]"
7444,1,49.76%,87.79%,0.1331,"[0.1338680237531662, 0.8661320209503174]"
7445,1,49.77%,87.79%,0.1580,"[0.1884888857603073, 0.8115110993385315]"
7446,1,49.78%,87.79%,0.1416,"[0.21898822486400604, 0.7810118198394775]"
7447,1,49.79%,87.80%,0.3209,"[0.28172633051872253, 0.7182736396789551]"
7448,1,49.79%,87.80%,0.2098,"[0.2735001742839813, 0.7264998555183411]"
7449,0,49.79%,87.80%,0.0009,"[0.9947367310523987, 0.005263202823698521]"
7450,0,49.78%,87.80%,0.0004,"[0.9996446371078491, 0.00035540186217986047]"
7451,0,49.77%,87.80%,0.0001,"[0.9999735355377197, 2.6438903660164215e-05]"
7452,0,49.77%,87.80%,0.0000,"[0.9999929666519165, 7.026142156973947e-06]"
7453,0,49.76%,87.81%,0.0000,"[0.9999974966049194, 2.4817722987791058e-06]"
7454,1,49.77%,87.81%,0.0287,"[0.028652070090174675, 0.9713478684425354]"
7455,0,49.76%,87.80%,3.1258,"[0.0474068745970726, 0.9525930881500244]"
7456,0,49.75%,87.80%,0.0000,"[0.9999933242797852, 6.651344847341534e-06]"
7457,1,49.76%,87.80%,0.0419,"[0.039305612444877625, 0.960694432258606]"
7458,0,49.75%,87.79%,2.5800,"[0.07516937702894211, 0.9248306751251221]"
7459,1,49.76%,87.79%,0.0666,"[0.0686357393860817, 0.9313642978668213]"
7460,1,49.77%,87.78%,2.2682,"[0.8990757465362549, 0.10092426091432571]"
7461,0,49.76%,87.78%,0.0003,"[0.9998804330825806, 0.00011949596955673769]"
7462,1,49.77%,87.78%,0.1810,"[0.12483339756727219, 0.8751665353775024]"
7463,1,49.77%,87.78%,0.1029,"[0.10106024146080017, 0.8989397287368774]"
7464,0,49.77%,87.78%,0.0001,"[0.9997168183326721, 0.00028317864052951336]"
7465,1,49.77%,87.78%,0.0744,"[0.06632433831691742, 0.9336756467819214]"
7466,0,49.77%,87.77%,1.9533,"[0.11692001670598984, 0.8830799460411072]"
7467,0,49.76%,87.77%,0.0001,"[0.9999250173568726, 7.501435902668163e-05]"
7468,0,49.75%,87.78%,0.0000,"[0.9999855756759644, 1.4380240827449597e-05]"
7469,1,49.76%,87.78%,0.0773,"[0.07137925177812576, 0.9286206960678101]"
7470,0,49.75%,87.78%,1.6891,"[0.5440831184387207, 0.4559169411659241]"
7471,1,49.76%,87.78%,0.0867,"[0.0918208584189415, 0.9081791043281555]"
7472,1,49.77%,87.78%,0.1337,"[0.1258511245250702, 0.8741489052772522]"
7473,1,49.77%,87.77%,2.0819,"[0.8511830568313599, 0.1488170027732849]"
7474,1,49.78%,87.76%,1.3533,"[0.6977120041847229, 0.3022880554199219]"
7475,1,49.79%,87.76%,0.2767,"[0.24085836112499237, 0.7591416835784912]"
7476,0,49.78%,87.76%,0.0100,"[0.9904396533966064, 0.009560301899909973]"
7477,0,49.77%,87.76%,0.0007,"[0.9995875954627991, 0.0004124614060856402]"
7478,0,49.77%,87.75%,2.2908,"[0.10792624205350876, 0.8920738101005554]"
7479,0,49.76%,87.75%,0.0001,"[0.9998378753662109, 0.00016213404887821525]"
7480,0,49.75%,87.76%,0.0000,"[0.9999622106552124, 3.7834877730347216e-05]"
7481,1,49.76%,87.76%,0.0653,"[0.05921030417084694, 0.9407896995544434]"
7482,0,49.75%,87.76%,0.0001,"[0.9998971223831177, 0.0001028800688800402]"
7483,1,49.76%,87.76%,0.0770,"[0.06760603189468384, 0.9323939681053162]"
7484,1,49.77%,87.76%,0.1120,"[0.1019618883728981, 0.8980380892753601]"
7485,0,49.76%,87.76%,0.0003,"[0.9995139837265015, 0.00048606799100525677]"
7486,0,49.75%,87.75%,2.2539,"[0.09120899438858032, 0.9087910056114197]"
7487,1,49.76%,87.75%,0.0651,"[0.06460598111152649, 0.9353940486907959]"
7488,1,49.77%,87.76%,0.1176,"[0.09476223587989807, 0.9052377343177795]"
7489,1,49.77%,87.76%,0.1214,"[0.08393926918506622, 0.916060745716095]"
7490,0,49.77%,87.76%,0.0003,"[0.999864935874939, 0.00013504631351679564]"
7491,0,49.76%,87.76%,0.0011,"[0.9996978044509888, 0.00030224293004721403]"
7492,1,49.77%,87.76%,0.0771,"[0.0786578580737114, 0.921342134475708]"
7493,0,49.76%,87.76%,0.0000,"[0.9999756813049316, 2.427642721158918e-05]"
7494,1,49.77%,87.77%,0.0832,"[0.08146092295646667, 0.9185391068458557]"
7495,1,49.77%,87.77%,0.1029,"[0.11372289806604385, 0.8862770795822144]"
7496,1,49.78%,87.77%,0.1305,"[0.14829614758491516, 0.8517038226127625]"
7497,0,49.77%,87.77%,0.0027,"[0.9755900502204895, 0.02440997213125229]"
7498,0,49.77%,87.77%,0.0001,"[0.999954104423523, 4.594309939420782e-05]"
7499,1,49.77%,87.77%,0.1176,"[0.07807671278715134, 0.9219233393669128]"
7500,1,49.78%,87.77%,0.1599,"[0.1659785360097885, 0.8340214490890503]"
7501,1,49.79%,87.78%,0.1953,"[0.19403409957885742, 0.8059658408164978]"
7502,1,49.79%,87.78%,0.3313,"[0.2509303689002991, 0.7490696907043457]"
7503,1,49.80%,87.78%,0.2973,"[0.26583704352378845, 0.7341629862785339]"
7504,0,49.79%,87.78%,0.0229,"[0.8995458483695984, 0.10045409202575684]"
7505,0,49.79%,87.77%,1.6738,"[0.14568521082401276, 0.8543147444725037]"
7506,1,49.79%,87.77%,0.0761,"[0.0697987973690033, 0.9302011728286743]"
7507,1,49.80%,87.77%,0.1118,"[0.09310339391231537, 0.9068966507911682]"
7508,0,49.79%,87.76%,2.4585,"[0.05563522130250931, 0.9443647861480713]"
7509,0,49.79%,87.76%,0.0000,"[0.9999867677688599, 1.3229004252934828e-05]"
7510,0,49.78%,87.76%,0.0000,"[0.9999957084655762, 4.3284612729621585e-06]"
7511,0,49.77%,87.77%,0.0000,"[0.9999936819076538, 6.3677734942757525e-06]"
7512,0,49.77%,87.77%,0.0000,"[0.999998927116394, 1.0871801805478754e-06]"
7513,0,49.76%,87.77%,0.0000,"[0.9999680519104004, 3.1991083233151585e-05]"
7514,1,49.77%,87.77%,0.0318,"[0.03268888592720032, 0.9673110842704773]"
7515,1,49.77%,87.77%,0.0642,"[0.06270210444927216, 0.9372978806495667]"
7516,0,49.77%,87.77%,0.0011,"[0.9984557628631592, 0.0015442469157278538]"
7517,0,49.76%,87.76%,2.5850,"[0.07576435804367065, 0.9242355823516846]"
7518,0,49.75%,87.76%,0.0000,"[0.9999566078186035, 4.3333249777788296e-05]"
7519,0,49.75%,87.77%,0.0000,"[0.999990701675415, 9.327157385996543e-06]"
7520,0,49.74%,87.77%,0.0000,"[0.9999977350234985, 2.2282756617642008e-06]"
7521,0,49.73%,87.77%,0.0000,"[0.9999972581863403, 2.7550072445592377e-06]"
7522,0,49.73%,87.77%,0.0000,"[0.9999991655349731, 8.360764240933349e-07]"
7523,1,49.73%,87.77%,0.0750,"[0.0735185444355011, 0.9264814853668213]"
7524,0,49.73%,87.77%,0.0000,"[0.9999977350234985, 2.300258529430721e-06]"
7525,0,49.72%,87.78%,0.0000,"[0.9999982118606567, 1.7524570239402237e-06]"
7526,1,49.73%,87.78%,0.1042,"[0.09898485988378525, 0.9010151624679565]"
7527,0,49.72%,87.78%,0.0000,"[0.9999740123748779, 2.5955745513783768e-05]"
7528,1,49.73%,87.78%,0.0503,"[0.0597715750336647, 0.9402284026145935]"
7529,1,49.73%,87.78%,0.0721,"[0.07023783773183823, 0.9297621846199036]"
7530,1,49.74%,87.78%,0.0846,"[0.07591577619314194, 0.9240841865539551]"
7531,1,49.75%,87.79%,0.1141,"[0.09194611012935638, 0.9080538749694824]"
7532,1,49.75%,87.79%,0.0918,"[0.10815829783678055, 0.8918417096138]"
7533,0,49.75%,87.79%,0.0006,"[0.9993396401405334, 0.0006603574147447944]"
7534,1,49.75%,87.79%,0.0975,"[0.09906738996505737, 0.9009326100349426]"
7535,1,49.76%,87.79%,0.1749,"[0.16275928914546967, 0.8372407555580139]"
7536,0,49.75%,87.79%,0.0050,"[0.9762619733810425, 0.023738091811537743]"
7537,0,49.75%,87.80%,0.0003,"[0.9999300241470337, 6.993055285420269e-05]"
7538,1,49.75%,87.80%,0.0851,"[0.07691504806280136, 0.9230849146842957]"
7539,1,49.76%,87.80%,0.1094,"[0.09476851671934128, 0.9052314758300781]"
7540,1,49.77%,87.80%,0.1589,"[0.10187113285064697, 0.898128867149353]"
7541,1,49.77%,87.80%,0.1444,"[0.12147068977355957, 0.8785293102264404]"
7542,0,49.77%,87.80%,0.0029,"[0.995080828666687, 0.004919141065329313]"
7543,0,49.76%,87.80%,0.0001,"[0.9998071789741516, 0.00019283367146272212]"
7544,0,49.75%,87.81%,0.0001,"[0.9999438524246216, 5.615116606350057e-05]"
7545,1,49.76%,87.81%,0.0352,"[0.034450408071279526, 0.9655495882034302]"
7546,0,49.75%,87.81%,0.0001,"[0.9999246597290039, 7.53552740206942e-05]"
7547,0,49.75%,87.81%,0.0000,"[0.9999910593032837, 8.966506356955506e-06]"
7548,1,49.75%,87.81%,0.0607,"[0.05900667607784271, 0.9409933090209961]"
7549,1,49.76%,87.81%,0.0643,"[0.06339583545923233, 0.9366041421890259]"
7550,1,49.77%,87.82%,0.1078,"[0.0911235362291336, 0.9088764786720276]"
7551,1,49.77%,87.82%,0.1124,"[0.10648812353610992, 0.8935118913650513]"
7552,1,49.78%,87.82%,0.1791,"[0.14893807470798492, 0.8510619401931763]"
7553,0,49.77%,87.82%,0.0130,"[0.9718616008758545, 0.02813843823969364]"
7554,1,49.78%,87.82%,0.1226,"[0.1115727648139, 0.888427197933197]"
7555,1,49.79%,87.82%,0.1387,"[0.11532013863325119, 0.8846798539161682]"
7556,0,49.78%,87.83%,0.0034,"[0.9987112283706665, 0.0012887769844383001]"
7557,1,49.79%,87.83%,0.0721,"[0.07166901975870132, 0.9283310174942017]"
7558,0,49.78%,87.82%,1.5641,"[0.15317542850971222, 0.846824586391449]"
7559,0,49.78%,87.82%,0.0005,"[0.9998949766159058, 0.00010502198711037636]"
7560,0,49.77%,87.81%,2.2648,"[0.09981042146682739, 0.9001895189285278]"
7561,0,49.76%,87.81%,0.0000,"[0.9999873638153076, 1.2659656022151466e-05]"
7562,0,49.76%,87.81%,0.0000,"[0.999994158744812, 5.809738013340393e-06]"
7563,1,49.76%,87.81%,0.0211,"[0.021611522883176804, 0.9783884882926941]"
7564,1,49.77%,87.81%,0.0479,"[0.05596498027443886, 0.944034993648529]"
7565,0,49.76%,87.81%,0.0008,"[0.9997664093971252, 0.0002335877506993711]"
7566,1,49.77%,87.82%,0.0758,"[0.10380362719297409, 0.8961964249610901]"
7567,1,49.78%,87.82%,0.0899,"[0.08035912364721298, 0.919640839099884]"
7568,0,49.77%,87.82%,0.0012,"[0.9990769624710083, 0.0009230715804733336]"
7569,0,49.76%,87.82%,0.0001,"[0.999860405921936, 0.00013961558579467237]"
7570,0,49.76%,87.82%,0.0000,"[0.9999675750732422, 3.242835737182759e-05]"
7571,1,49.76%,87.82%,0.0789,"[0.05708248168230057, 0.94291752576828]"
7572,1,49.77%,87.83%,0.0809,"[0.07566634565591812, 0.9243336319923401]"
7573,0,49.76%,87.83%,0.0382,"[0.9679810404777527, 0.032018981873989105]"
7574,1,49.77%,87.83%,0.0770,"[0.07584993541240692, 0.9241500496864319]"
7575,0,49.76%,87.83%,0.0004,"[0.9990552067756653, 0.0009447738411836326]"
7576,1,49.77%,87.83%,0.0484,"[0.049616556614637375, 0.9503834247589111]"
7577,1,49.78%,87.83%,0.1372,"[0.13295304775238037, 0.8670469522476196]"
7578,1,49.78%,87.83%,0.0824,"[0.07667183130979538, 0.923328161239624]"
7579,1,49.79%,87.84%,0.0732,"[0.10729418694972992, 0.8927057981491089]"
7580,0,49.78%,87.84%,0.0007,"[0.9993756413459778, 0.0006244095857255161]"
7581,0,49.78%,87.84%,0.0001,"[0.9999011754989624, 9.877807315206155e-05]"
7582,0,49.77%,87.84%,0.0000,"[0.9999784231185913, 2.1587968149106018e-05]"
7583,1,49.78%,87.84%,0.0454,"[0.03818359598517418, 0.9618164300918579]"
7584,0,49.77%,87.84%,0.0000,"[0.9999172687530518, 8.270605758298188e-05]"
7585,1,49.78%,87.85%,0.0399,"[0.03949384018778801, 0.9605061411857605]"
7586,1,49.78%,87.85%,0.1036,"[0.10126004368066788, 0.8987399935722351]"
7587,0,49.78%,87.85%,0.0028,"[0.9971922039985657, 0.002807846525683999]"
7588,0,49.77%,87.85%,0.0007,"[0.9989012479782104, 0.0010987080167979002]"
7589,0,49.76%,87.85%,0.0000,"[0.9999868869781494, 1.3105268408253323e-05]"
7590,0,49.76%,87.84%,3.1110,"[0.036086034029722214, 0.9639139771461487]"
7591,0,49.75%,87.84%,0.0000,"[0.9999691247940063, 3.088891753577627e-05]"
7592,1,49.76%,87.84%,0.0202,"[0.020170344039797783, 0.9798296689987183]"
7593,0,49.75%,87.85%,0.0000,"[0.9999839067459106, 1.614358370716218e-05]"
7594,0,49.74%,87.83%,3.4265,"[0.049528371542692184, 0.9504716396331787]"
7595,1,49.75%,87.84%,0.0237,"[0.02302338369190693, 0.9769765734672546]"
7596,0,49.74%,87.84%,0.0000,"[0.9999803304672241, 1.9633118427009322e-05]"
7597,0,49.74%,87.83%,3.2817,"[0.03940100595355034, 0.9605989456176758]"
7598,0,49.73%,87.83%,0.0000,"[0.9999899864196777, 1.0062611181638204e-05]"
7599,0,49.72%,87.83%,0.0000,"[0.9999864101409912, 1.3610159840027336e-05]"
7600,1,49.73%,87.83%,0.0414,"[0.04301679879426956, 0.9569831490516663]"
7601,1,49.74%,87.83%,0.0682,"[0.06008610874414444, 0.9399138689041138]"
7602,0,49.73%,87.83%,0.0001,"[0.9998816251754761, 0.00011840042134281248]"
7603,0,49.72%,87.84%,0.0000,"[0.9999388456344604, 6.120202306192368e-05]"
7604,1,49.73%,87.84%,0.0517,"[0.05714724585413933, 0.9428527355194092]"
7605,0,49.72%,87.84%,0.0005,"[0.9998606443405151, 0.00013939010386820883]"
7606,0,49.72%,87.83%,2.4591,"[0.06858127564191818, 0.9314186573028564]"
7607,0,49.71%,87.83%,0.0000,"[0.9999904632568359, 9.547922672936693e-06]"
7608,1,49.72%,87.83%,0.0713,"[0.06929021328687668, 0.9307097792625427]"
7609,0,49.71%,87.82%,1.2747,"[0.3554246127605438, 0.6445754766464233]"
7610,0,49.70%,87.82%,0.0002,"[0.9998759031295776, 0.00012413666991051286]"
7611,1,49.71%,87.82%,0.5516,"[0.24535582959651947, 0.7546441555023193]"
7612,0,49.70%,87.82%,0.0001,"[0.9998524188995361, 0.00014755580923520029]"
7613,0,49.70%,87.83%,0.0000,"[0.9999861717224121, 1.379765490128193e-05]"
7614,0,49.69%,87.83%,0.0000,"[0.9999933242797852, 6.697083790641045e-06]"
7615,1,49.70%,87.83%,0.0676,"[0.0714634582400322, 0.9285365343093872]"
7616,1,49.70%,87.83%,0.1233,"[0.12343069165945053, 0.8765693306922913]"
7617,1,49.71%,87.83%,0.1478,"[0.1340828686952591, 0.8659171462059021]"
7618,0,49.70%,87.83%,0.0004,"[0.9997327923774719, 0.0002671772090252489]"
7619,1,49.71%,87.83%,0.1804,"[0.16997705399990082, 0.8300229907035828]"
7620,1,49.72%,87.84%,0.2200,"[0.21406809985637665, 0.7859318852424622]"
7621,0,49.71%,87.84%,0.0083,"[0.9914934635162354, 0.008506547659635544]"
7622,1,49.72%,87.84%,0.1670,"[0.15216507017612457, 0.8478349447250366]"
7623,0,49.71%,87.84%,0.0002,"[0.9997318387031555, 0.0002681477344594896]"
7624,1,49.72%,87.84%,0.0570,"[0.05618531256914139, 0.9438146948814392]"
7625,1,49.72%,87.84%,0.1653,"[0.1511707752943039, 0.8488292098045349]"
7626,0,49.72%,87.83%,1.9302,"[0.1442437320947647, 0.8557562232017517]"
7627,0,49.71%,87.83%,0.0010,"[0.9974935054779053, 0.0025065087247639894]"
7628,0,49.71%,87.84%,0.0000,"[0.999962568283081, 3.7382367736427113e-05]"
7629,1,49.71%,87.84%,0.0370,"[0.039044905453920364, 0.9609551429748535]"
7630,1,49.72%,87.84%,0.1000,"[0.0928407609462738, 0.9071592688560486]"
7631,0,49.71%,87.84%,0.0008,"[0.9995930790901184, 0.0004069145070388913]"
7632,0,49.71%,87.84%,0.0000,"[0.9999516010284424, 4.834591891267337e-05]"
7633,1,49.71%,87.84%,0.0570,"[0.05766268074512482, 0.9423373341560364]"
7634,0,49.71%,87.85%,0.0007,"[0.9996936321258545, 0.00030640637851320207]"
7635,0,49.70%,87.85%,0.0004,"[0.9999442100524902, 5.581754885497503e-05]"
7636,1,49.71%,87.85%,0.0407,"[0.039868175983428955, 0.9601317644119263]"
7637,1,49.71%,87.85%,0.0520,"[0.04549884796142578, 0.954501211643219]"
7638,0,49.71%,87.85%,0.0001,"[0.9998831748962402, 0.0001168105736724101]"
7639,1,49.71%,87.85%,0.0400,"[0.040531743317842484, 0.9594682455062866]"
7640,1,49.72%,87.85%,0.0729,"[0.09378335624933243, 0.9062166213989258]"
7641,1,49.73%,87.86%,0.1120,"[0.1312413215637207, 0.8687586784362793]"
7642,1,49.73%,87.86%,0.1856,"[0.1505993902683258, 0.8494005799293518]"
7643,0,49.73%,87.85%,1.1886,"[0.22696317732334137, 0.7730368375778198]"
7644,0,49.72%,87.85%,0.0807,"[0.9335176944732666, 0.06648227572441101]"
7645,0,49.71%,87.85%,0.0016,"[0.9996005892753601, 0.0003994312428403646]"
7646,0,49.71%,87.84%,0.7813,"[0.15779489278793335, 0.8422051072120667]"
7647,1,49.71%,87.84%,0.0289,"[0.026476513594388962, 0.9735234379768372]"
7648,1,49.72%,87.84%,0.0662,"[0.09317043423652649, 0.9068295955657959]"
7649,1,49.73%,87.84%,0.0634,"[0.07033557444810867, 0.9296644926071167]"
7650,0,49.72%,87.83%,2.4004,"[0.09125372767448425, 0.9087463021278381]"
7651,0,49.71%,87.83%,0.0002,"[0.9996974468231201, 0.0003025848709512502]"
7652,0,49.71%,87.83%,0.0000,"[0.9999896287918091, 1.0361100066802464e-05]"
7653,1,49.71%,87.84%,0.0500,"[0.04935293644666672, 0.9506471157073975]"
7654,0,49.71%,87.84%,0.0000,"[0.9999548196792603, 4.516908302321099e-05]"
7655,1,49.71%,87.84%,0.0511,"[0.050919223576784134, 0.949080765247345]"
7656,1,49.72%,87.84%,0.1833,"[0.20842869579792023, 0.791571319103241]"
7657,0,49.71%,87.84%,0.0003,"[0.9995265007019043, 0.000473559251986444]"
7658,0,49.71%,87.83%,2.2777,"[0.10233427584171295, 0.8976657390594482]"
7659,0,49.70%,87.83%,0.0000,"[0.9999735355377197, 2.643723928485997e-05]"
7660,0,49.69%,87.83%,0.0000,"[0.9999922513961792, 7.747414201730862e-06]"
7661,1,49.70%,87.84%,0.0526,"[0.051418159157037735, 0.9485818147659302]"
7662,0,49.69%,87.82%,1.7957,"[0.11429928243160248, 0.8857007026672363]"
7663,0,49.69%,87.83%,0.0000,"[0.9999856948852539, 1.4254896996135358e-05]"
7664,0,49.68%,87.81%,2.0889,"[0.14937211573123932, 0.8506278991699219]"
7665,1,49.69%,87.82%,0.0549,"[0.04371877387166023, 0.9562812447547913]"
7666,1,49.69%,87.82%,0.0885,"[0.1019224300980568, 0.8980776071548462]"
7667,1,49.70%,87.81%,1.0396,"[0.6700258255004883, 0.3299741744995117]"
7668,0,49.69%,87.81%,0.0001,"[0.9998903274536133, 0.00010965298861265182]"
7669,0,49.69%,87.81%,0.0000,"[0.9999593496322632, 4.067789268447086e-05]"
7670,0,49.68%,87.81%,0.0000,"[0.9999923706054688, 7.651980013179127e-06]"
7671,1,49.69%,87.81%,0.6418,"[0.2825222611427307, 0.7174776792526245]"
7672,1,49.69%,87.80%,0.7174,"[0.737506091594696, 0.26249396800994873]"
7673,0,49.69%,87.79%,1.3607,"[0.2387014776468277, 0.7612984776496887]"
7674,0,49.68%,87.78%,1.3207,"[0.22185581922531128, 0.7781442403793335]"
7675,1,49.69%,87.78%,0.1537,"[0.12322315573692322, 0.8767768144607544]"
7676,1,49.69%,87.78%,0.3585,"[0.3055829405784607, 0.6944170594215393]"
7677,0,49.69%,87.77%,1.1879,"[0.3500308394432068, 0.6499691605567932]"
7678,0,49.68%,87.77%,0.0002,"[0.9995245933532715, 0.0004753918619826436]"
7679,0,49.67%,87.77%,0.0002,"[0.9998897314071655, 0.00011027722212020308]"
7680,1,49.68%,87.78%,0.1870,"[0.12396609038114548, 0.8760339021682739]"
7681,0,49.67%,87.78%,0.0001,"[0.999954104423523, 4.585703936754726e-05]"
7682,1,49.68%,87.77%,0.9128,"[0.5541009306907654, 0.4458990693092346]"
7683,0,49.67%,87.77%,0.0004,"[0.9997619986534119, 0.00023802462965250015]"
7684,1,49.68%,87.77%,0.3133,"[0.2823701798915863, 0.7176298499107361]"
7685,0,49.67%,87.77%,0.0008,"[0.9993569254875183, 0.0006431288202293217]"
7686,0,49.67%,87.77%,0.0001,"[0.9999430179595947, 5.6926364777609706e-05]"
7687,0,49.66%,87.77%,0.0000,"[0.9999537467956543, 4.628033275366761e-05]"
7688,0,49.66%,87.77%,0.0000,"[0.999984860420227, 1.5157193956838455e-05]"
7689,1,49.66%,87.78%,0.0596,"[0.05452018603682518, 0.9454798102378845]"
7690,0,49.66%,87.76%,0.6454,"[0.2911975085735321, 0.7088024616241455]"
7691,1,49.66%,87.77%,0.0652,"[0.06811448186635971, 0.9318855404853821]"
7692,1,49.67%,87.77%,0.1056,"[0.10106591880321503, 0.8989340662956238]"
7693,0,49.66%,87.77%,0.0003,"[0.9995965361595154, 0.0004035075253341347]"
7694,0,49.66%,87.77%,0.0002,"[0.9998171925544739, 0.00018288222781848162]"
7695,1,49.66%,87.77%,0.0867,"[0.08262711763381958, 0.9173728823661804]"
7696,1,49.67%,87.77%,0.1698,"[0.11061345040798187, 0.8893865942955017]"
7697,0,49.66%,87.78%,0.0025,"[0.9977902173995972, 0.0022098077461123466]"
7698,0,49.66%,87.78%,0.0002,"[0.9997530579566956, 0.0002469636092428118]"
7699,0,49.65%,87.77%,1.3784,"[0.22650590538978577, 0.7734940648078918]"
7700,0,49.64%,87.77%,0.0006,"[0.9998469352722168, 0.00015309396258089691]"
7701,0,49.64%,87.77%,0.0000,"[0.9999884366989136, 1.1602074664551765e-05]"
7702,1,49.64%,87.77%,0.0573,"[0.0549919456243515, 0.9450080990791321]"
7703,0,49.64%,87.77%,0.0001,"[0.9999239444732666, 7.609414024045691e-05]"
7704,0,49.63%,87.77%,0.0000,"[0.999976634979248, 2.3327427697950043e-05]"
7705,0,49.62%,87.76%,2.8049,"[0.06352829188108444, 0.936471700668335]"
7706,1,49.63%,87.76%,0.0651,"[0.06199565529823303, 0.9380043745040894]"
7707,0,49.62%,87.77%,0.0001,"[0.9999322891235352, 6.775539077352732e-05]"
7708,0,49.62%,87.77%,0.0000,"[0.9999874830245972, 1.2507503015513066e-05]"
7709,0,49.61%,87.77%,0.0000,"[0.9999955892562866, 4.445371359906858e-06]"
7710,0,49.60%,87.77%,0.0000,"[0.9999985694885254, 1.4143208773020888e-06]"
7711,1,49.61%,87.77%,0.0552,"[0.055061303079128265, 0.9449386596679688]"
7712,0,49.60%,87.77%,0.0000,"[0.999975323677063, 2.461694020894356e-05]"
7713,1,49.61%,87.78%,0.0437,"[0.04153512418270111, 0.9584648609161377]"
7714,0,49.60%,87.78%,0.0000,"[0.9999812841415405, 1.87241912499303e-05]"
7715,1,49.61%,87.78%,0.0420,"[0.03785548359155655, 0.9621444940567017]"
7716,0,49.60%,87.78%,0.0000,"[0.999962329864502, 3.768881651922129e-05]"
7717,0,49.60%,87.78%,0.0000,"[0.9999948740005493, 5.123315986566013e-06]"
7718,1,49.60%,87.78%,0.0302,"[0.02863350510597229, 0.9713664650917053]"
7719,1,49.61%,87.78%,0.0478,"[0.04663163796067238, 0.9533683657646179]"
7720,0,49.60%,87.79%,0.0001,"[0.9999587535858154, 4.129340231884271e-05]"
7721,1,49.61%,87.79%,0.0680,"[0.07194673269987106, 0.9280533194541931]"
7722,0,49.61%,87.79%,0.0001,"[0.9998736381530762, 0.00012629065895453095]"
7723,1,49.61%,87.79%,0.1176,"[0.12345797568559647, 0.8765420317649841]"
7724,1,49.62%,87.79%,0.0863,"[0.07865270972251892, 0.9213472604751587]"
7725,1,49.62%,87.79%,0.0758,"[0.08707024902105331, 0.9129297137260437]"
7726,0,49.62%,87.80%,0.0005,"[0.9995477795600891, 0.0004522460512816906]"
7727,0,49.61%,87.80%,0.0000,"[0.9999468326568604, 5.318882904248312e-05]"
7728,0,49.61%,87.80%,0.0000,"[0.9999935626983643, 6.403495262929937e-06]"
7729,1,49.61%,87.80%,0.0533,"[0.05624524876475334, 0.9437546730041504]"
7730,1,49.62%,87.80%,0.0620,"[0.06937452405691147, 0.9306254982948303]"
7731,1,49.62%,87.80%,0.1253,"[0.07806657254695892, 0.9219334721565247]"
7732,1,49.63%,87.81%,0.1952,"[0.17108945548534393, 0.8289105296134949]"
7733,0,49.63%,87.81%,0.0441,"[0.9431706666946411, 0.056829310953617096]"
7734,1,49.63%,87.81%,0.0843,"[0.08259287476539612, 0.917407214641571]"
7735,1,49.64%,87.81%,0.1298,"[0.12961231172084808, 0.870387613773346]"
7736,0,49.63%,87.81%,0.0017,"[0.9992997646331787, 0.000700242817401886]"
7737,0,49.63%,87.81%,0.0001,"[0.9998190999031067, 0.0001809623499866575]"
7738,0,49.62%,87.80%,2.8591,"[0.050688453018665314, 0.9493116140365601]"
7739,1,49.63%,87.80%,0.0404,"[0.03668685629963875, 0.9633131623268127]"
7740,1,49.63%,87.81%,0.0534,"[0.060007985681295395, 0.9399920105934143]"
7741,1,49.64%,87.81%,0.0949,"[0.09046551585197449, 0.9095345735549927]"
7742,1,49.64%,87.81%,0.1897,"[0.16405488550662994, 0.8359451293945312]"
7743,0,49.64%,87.81%,0.0196,"[0.9995535016059875, 0.0004465241217985749]"
7744,0,49.63%,87.81%,0.0010,"[0.9993258714675903, 0.000674172246363014]"
7745,1,49.64%,87.81%,0.0549,"[0.058209944516420364, 0.9417900443077087]"
7746,0,49.63%,87.81%,0.0004,"[0.9996236562728882, 0.0003763089480344206]"
7747,0,49.63%,87.80%,2.7955,"[0.07630676031112671, 0.9236932396888733]"
7748,0,49.62%,87.79%,3.0315,"[0.052073270082473755, 0.9479267001152039]"
7749,1,49.63%,87.79%,0.0503,"[0.04927358403801918, 0.9507263898849487]"
7750,1,49.63%,87.80%,0.0720,"[0.06442263722419739, 0.9355773329734802]"
7751,0,49.63%,87.78%,0.7618,"[0.37324029207229614, 0.6267597079277039]"
7752,0,49.62%,87.79%,0.0000,"[0.9999765157699585, 2.3445050828740932e-05]"
7753,0,49.61%,87.79%,0.0000,"[0.9999963045120239, 3.6447306683839997e-06]"
7754,0,49.61%,87.79%,0.0002,"[0.9999299049377441, 7.008116517681628e-05]"
7755,0,49.60%,87.79%,0.0000,"[0.9999949932098389, 5.047004833613755e-06]"
7756,0,49.59%,87.79%,0.0000,"[0.9999979734420776, 2.043231461357209e-06]"
7757,0,49.59%,87.79%,0.0000,"[0.999998927116394, 1.041810378410446e-06]"
7758,0,49.58%,87.78%,2.0216,"[0.11914287507534027, 0.8808570504188538]"
7759,0,49.57%,87.78%,0.0004,"[0.9534938335418701, 0.04650615155696869]"
7760,0,49.57%,87.77%,1.7024,"[0.32346364855766296, 0.6765363216400146]"
7761,1,49.57%,87.77%,4.6554,"[0.3329767882823944, 0.667023241519928]"
7762,1,49.58%,87.76%,3.7090,"[0.8299582004547119, 0.17004185914993286]"
7763,1,49.59%,87.76%,1.7570,"[0.48010456562042236, 0.5198953747749329]"
7764,0,49.58%,87.77%,0.0033,"[0.9956821203231812, 0.004317831248044968]"
7765,1,49.59%,87.77%,0.8082,"[0.44449999928474426, 0.5554999709129333]"
7766,1,49.59%,87.76%,0.2934,"[0.5046204328536987, 0.4953795373439789]"
7767,1,49.60%,87.76%,0.4611,"[0.2849329113960266, 0.7150670886039734]"
7768,1,49.61%,87.76%,0.3831,"[0.22950203716754913, 0.7704979777336121]"
7769,0,49.60%,87.76%,0.0026,"[0.9989625215530396, 0.0010375279234722257]"
7770,1,49.61%,87.76%,0.2005,"[0.15099138021469116, 0.8490085601806641]"
7771,1,49.61%,87.76%,0.1891,"[0.22085249423980713, 0.7791475653648376]"
7772,1,49.62%,87.77%,0.2340,"[0.13089127838611603, 0.8691087365150452]"
7773,0,49.61%,87.77%,0.4634,"[0.7357189059257507, 0.26428115367889404]"
7774,0,49.61%,87.77%,0.0001,"[0.9975399971008301, 0.0024600636679679155]"
7775,1,49.61%,87.77%,0.0967,"[0.10742682218551636, 0.8925731778144836]"
7776,0,49.61%,87.76%,1.9689,"[0.10199222713708878, 0.8980076909065247]"
7777,0,49.60%,87.75%,2.5600,"[0.08236852288246155, 0.9176315069198608]"
7778,1,49.61%,87.75%,0.0896,"[0.08891895413398743, 0.9110811352729797]"
7779,0,49.60%,87.74%,1.0621,"[0.31520819664001465, 0.6847918033599854]"
7780,0,49.60%,87.74%,0.0002,"[0.9998425245285034, 0.0001574774069013074]"
7781,0,49.59%,87.73%,0.7363,"[0.3952436149120331, 0.6047564148902893]"
7782,0,49.58%,87.73%,0.0002,"[0.9999004602432251, 9.948714432539418e-05]"
7783,1,49.59%,87.73%,0.2121,"[0.19623522460460663, 0.8037647604942322]"
7784,1,49.60%,87.73%,0.1185,"[0.11321979016065598, 0.8867802023887634]"
7785,0,49.59%,87.73%,0.0001,"[0.9998314380645752, 0.00016854020941536874]"
7786,1,49.60%,87.74%,0.0748,"[0.07413588464260101, 0.925864040851593]"
7787,1,49.60%,87.74%,0.1040,"[0.10911168903112411, 0.8908883333206177]"
7788,0,49.60%,87.74%,0.0001,"[0.9999500513076782, 4.9938571464736015e-05]"
7789,1,49.60%,87.74%,0.1593,"[0.13515011966228485, 0.864849865436554]"
7790,1,49.61%,87.74%,0.2214,"[0.24036818742752075, 0.7596318125724792]"
7791,0,49.60%,87.74%,0.0007,"[0.9974134564399719, 0.002586576621979475]"
7792,0,49.60%,87.75%,0.0001,"[0.9999052286148071, 9.47144435485825e-05]"
7793,0,49.59%,87.75%,0.0000,"[0.9999909400939941, 9.05333217815496e-06]"
7794,1,49.60%,87.75%,0.0630,"[0.06870696693658829, 0.9312930107116699]"
7795,1,49.60%,87.75%,0.0714,"[0.0695929229259491, 0.9304071068763733]"
7796,1,49.61%,87.75%,0.1715,"[0.12105414271354675, 0.8789458274841309]"
7797,0,49.60%,87.75%,0.0003,"[0.9997619986534119, 0.000237990592722781]"
7798,0,49.60%,87.75%,0.0000,"[0.9999146461486816, 8.534536027582362e-05]"
7799,0,49.59%,87.76%,0.0000,"[0.9999799728393555, 1.9987735868198797e-05]"
7800,1,49.60%,87.76%,0.0351,"[0.0404641330242157, 0.9595358967781067]"
7801,1,49.60%,87.76%,0.0802,"[0.07271920889616013, 0.927280843257904]"
7802,1,49.61%,87.76%,0.1352,"[0.11017410457134247, 0.8898259401321411]"
7803,0,49.60%,87.76%,0.0003,"[0.9997366070747375, 0.0002633703697938472]"
7804,1,49.61%,87.76%,0.0838,"[0.07097034901380539, 0.929029643535614]"
7805,1,49.62%,87.77%,0.1286,"[0.12423514574766159, 0.8757648468017578]"
7806,0,49.61%,87.77%,0.0008,"[0.9998136162757874, 0.00018643648945726454]"
7807,0,49.60%,87.77%,0.0002,"[0.9997634291648865, 0.0002365400578128174]"
7808,0,49.60%,87.77%,0.0000,"[0.9999533891677856, 4.660652484744787e-05]"
7809,1,49.60%,87.77%,0.0595,"[0.06025226041674614, 0.93974769115448]"
7810,0,49.60%,87.77%,0.0002,"[0.9997627139091492, 0.0002372370654484257]"
7811,0,49.59%,87.78%,0.0000,"[0.9999873638153076, 1.2601873095263727e-05]"
7812,1,49.60%,87.78%,0.0278,"[0.02611984685063362, 0.9738801121711731]"
7813,0,49.59%,87.78%,0.0000,"[0.9999551773071289, 4.480447023524903e-05]"
7814,0,49.58%,87.78%,0.0023,"[0.999964714050293, 3.5283428587717935e-05]"
7815,0,49.58%,87.78%,0.0000,"[0.99998939037323, 1.0566479431872722e-05]"
7816,1,49.58%,87.78%,0.0430,"[0.04312088340520859, 0.9568791389465332]"
7817,1,49.59%,87.78%,0.0468,"[0.05196040868759155, 0.9480395913124084]"
7818,0,49.58%,87.79%,0.0016,"[0.9980375170707703, 0.001962450332939625]"
7819,0,49.58%,87.77%,2.9049,"[0.05539386719465256, 0.9446061253547668]"
7820,0,49.57%,87.78%,0.0000,"[0.9999700784683228, 2.992315057781525e-05]"
7821,0,49.57%,87.78%,0.0000,"[0.9999901056289673, 9.911189408740029e-06]"
7822,1,49.57%,87.78%,0.0275,"[0.02721422351896763, 0.9727857708930969]"
7823,0,49.57%,87.78%,0.0001,"[0.9999493360519409, 5.069173130323179e-05]"
7824,0,49.56%,87.78%,0.0000,"[0.999987006187439, 1.2998150850762613e-05]"
7825,1,49.57%,87.78%,0.0376,"[0.03692398592829704, 0.9630760550498962]"
7826,1,49.57%,87.79%,0.1047,"[0.10128787904977798, 0.898712158203125]"
7827,0,49.57%,87.79%,0.0053,"[0.9929306507110596, 0.0070693595334887505]"
7828,0,49.56%,87.79%,0.0001,"[0.999864935874939, 0.00013504052185453475]"
7829,0,49.55%,87.78%,2.7973,"[0.0572257861495018, 0.94277423620224]"
7830,1,49.56%,87.78%,0.0525,"[0.04674537107348442, 0.9532545804977417]"
7831,0,49.55%,87.78%,0.2350,"[0.7596011161804199, 0.24039891362190247]"
7832,0,49.55%,87.78%,0.0001,"[0.9998883008956909, 0.00011164754687342793]"
7833,1,49.55%,87.78%,0.0757,"[0.05155714973807335, 0.948442816734314]"
7834,0,49.55%,87.79%,0.0002,"[0.9998805522918701, 0.00011948106111958623]"
7835,1,49.55%,87.79%,0.0920,"[0.06529596447944641, 0.934704065322876]"
7836,1,49.56%,87.79%,0.1262,"[0.1545211225748062, 0.845478892326355]"
7837,0,49.55%,87.79%,0.0044,"[0.9986011385917664, 0.00139881472568959]"
7838,1,49.56%,87.79%,0.0876,"[0.08534877002239227, 0.9146512746810913]"
7839,1,49.57%,87.79%,0.0849,"[0.09932789951562881, 0.9006721377372742]"
7840,1,49.57%,87.79%,0.1569,"[0.14396770298480988, 0.8560323119163513]"
7841,1,49.58%,87.80%,0.2042,"[0.20717845857143402, 0.7928215861320496]"
7842,0,49.57%,87.80%,0.0166,"[0.9571573138237, 0.042842742055654526]"
7843,1,49.58%,87.80%,0.1378,"[0.12117204070091248, 0.8788279891014099]"
7844,0,49.57%,87.80%,0.0023,"[0.9993669390678406, 0.0006330659380182624]"
7845,1,49.58%,87.80%,0.1464,"[0.12480707466602325, 0.8751929402351379]"
7846,0,49.57%,87.80%,0.0007,"[0.999326229095459, 0.000673815084155649]"
7847,1,49.58%,87.81%,0.0821,"[0.07525242865085602, 0.9247475862503052]"
7848,1,49.59%,87.81%,0.0986,"[0.09940611571073532, 0.9005938768386841]"
7849,1,49.59%,87.81%,0.1305,"[0.11476139724254608, 0.8852386474609375]"
7850,1,49.60%,87.81%,0.1216,"[0.13078634440898895, 0.8692136406898499]"
7851,0,49.59%,87.80%,1.5723,"[0.20526579022407532, 0.7947342395782471]"
7852,0,49.59%,87.80%,0.0014,"[0.9982692003250122, 0.0017307846574112773]"
7853,1,49.59%,87.80%,0.0788,"[0.07680806517601013, 0.9231919050216675]"
7854,1,49.60%,87.80%,0.0674,"[0.11061424762010574, 0.8893857598304749]"
7855,0,49.59%,87.79%,1.1206,"[0.42753836512565613, 0.5724616646766663]"
7856,1,49.60%,87.79%,0.1382,"[0.20085027813911438, 0.799149751663208]"
7857,1,49.61%,87.80%,0.1330,"[0.1266307681798935, 0.8733692169189453]"
7858,0,49.60%,87.80%,0.0027,"[0.9993758797645569, 0.0006240933435037732]"
7859,0,49.59%,87.80%,0.0001,"[0.99994957447052, 5.0475482566980645e-05]"
7860,0,49.59%,87.80%,0.0000,"[0.9999934434890747, 6.602115263376618e-06]"
7861,0,49.58%,87.80%,0.0000,"[0.9999980926513672, 1.850903345257393e-06]"
7862,0,49.57%,87.80%,0.0000,"[0.9999858140945435, 1.424514084646944e-05]"
7863,0,49.57%,87.79%,3.4722,"[0.034693531692028046, 0.9653064608573914]"
7864,1,49.57%,87.79%,0.0280,"[0.03467737138271332, 0.9653226137161255]"
7865,0,49.57%,87.80%,0.0000,"[0.9999632835388184, 3.670136720757e-05]"
7866,1,49.57%,87.80%,0.0351,"[0.034743987023830414, 0.9652560353279114]"
7867,1,49.58%,87.80%,0.0585,"[0.0544280968606472, 0.9455718994140625]"
7868,0,49.57%,87.80%,0.0001,"[0.9998443126678467, 0.00015565221838187426]"
7869,0,49.57%,87.80%,0.0000,"[0.9999808073043823, 1.914833592309151e-05]"
7870,1,49.57%,87.80%,0.1924,"[0.160261869430542, 0.839738130569458]"
7871,0,49.57%,87.80%,0.0001,"[0.9999600648880005, 3.987626769230701e-05]"
7872,0,49.56%,87.81%,0.0000,"[0.9999909400939941, 9.04299486137461e-06]"
7873,0,49.56%,87.81%,0.0000,"[0.999997615814209, 2.3978079752851045e-06]"
7874,1,49.56%,87.81%,0.0572,"[0.08311213552951813, 0.9168878793716431]"
7875,1,49.57%,87.81%,0.0711,"[0.06779763102531433, 0.9322023987770081]"
7876,1,49.57%,87.81%,0.1212,"[0.14127424359321594, 0.8587257862091064]"
7877,1,49.58%,87.81%,0.1258,"[0.13540570437908173, 0.8645943403244019]"
7878,0,49.57%,87.82%,0.0032,"[0.999809205532074, 0.00019082683138549328]"
7879,1,49.58%,87.82%,0.1902,"[0.17197322845458984, 0.8280268311500549]"
7880,1,49.59%,87.82%,0.0690,"[0.06601251661777496, 0.9339874982833862]"
7881,1,49.59%,87.82%,0.0754,"[0.0676034465432167, 0.9323965907096863]"
7882,1,49.60%,87.82%,0.0997,"[0.08944357931613922, 0.9105564951896667]"
7883,0,49.59%,87.82%,0.0005,"[0.9987668991088867, 0.001233099028468132]"
7884,0,49.59%,87.82%,0.0001,"[0.9998792409896851, 0.00012070291268173605]"
7885,0,49.58%,87.83%,0.0000,"[0.9999823570251465, 1.7687872968963347e-05]"
7886,0,49.58%,87.83%,0.0000,"[0.9999918937683105, 8.082814019871876e-06]"
7887,0,49.57%,87.83%,0.0000,"[0.9999984502792358, 1.586396365382825e-06]"
7888,0,49.56%,87.83%,0.0000,"[0.9999921321868896, 7.847623237466905e-06]"
7889,1,49.57%,87.83%,0.0165,"[0.022683195769786835, 0.9773167967796326]"
7890,1,49.58%,87.83%,0.0282,"[0.034505799412727356, 0.9654942750930786]"
7891,1,49.58%,87.84%,0.0577,"[0.03459632769227028, 0.96540367603302]"
7892,0,49.58%,87.84%,0.0000,"[0.9998446702957153, 0.00015527463983744383]"
7893,1,49.58%,87.84%,0.0415,"[0.03292294591665268, 0.9670770168304443]"
7894,0,49.58%,87.84%,0.0000,"[0.9999936819076538, 6.363165994116571e-06]"
7895,1,49.58%,87.84%,0.0551,"[0.05019059032201767, 0.9498093724250793]"
7896,1,49.59%,87.84%,0.0493,"[0.04610190540552139, 0.953898012638092]"
7897,1,49.59%,87.85%,0.0648,"[0.06343322992324829, 0.9365667104721069]"
7898,1,49.60%,87.85%,0.0768,"[0.07456392049789429, 0.9254360795021057]"
7899,0,49.59%,87.85%,0.0007,"[0.9996603727340698, 0.0003395781386643648]"
7900,1,49.60%,87.85%,0.0481,"[0.04263151437044144, 0.9573684930801392]"
7901,0,49.60%,87.85%,0.0003,"[0.9999361038208008, 6.39370919088833e-05]"
7902,1,49.60%,87.85%,0.0502,"[0.04533206298947334, 0.9546679258346558]"
7903,1,49.61%,87.85%,0.0934,"[0.08508317917585373, 0.9149168133735657]"
7904,1,49.61%,87.86%,0.1115,"[0.09812028706073761, 0.9018797278404236]"
7905,1,49.62%,87.86%,0.1342,"[0.12075798958539963, 0.8792420029640198]"
7906,0,49.61%,87.85%,1.5284,"[0.26943936944007874, 0.7305606007575989]"
7907,1,49.62%,87.85%,0.0909,"[0.09838839620351791, 0.9016116261482239]"
7908,0,49.61%,87.84%,1.8640,"[0.11696971207857132, 0.883030354976654]"
7909,1,49.62%,87.84%,0.0648,"[0.05673522502183914, 0.9432647228240967]"
7910,1,49.63%,87.84%,0.0637,"[0.04332522675395012, 0.9566748142242432]"
7911,0,49.62%,87.84%,0.0002,"[0.9973145127296448, 0.002685482380911708]"
7912,1,49.63%,87.84%,0.0508,"[0.05400577187538147, 0.9459942579269409]"
7913,1,49.63%,87.84%,0.0727,"[0.06831751018762589, 0.9316824674606323]"
7914,1,49.64%,87.85%,0.0453,"[0.05875113233923912, 0.941248893737793]"
7915,1,49.65%,87.85%,0.0787,"[0.07455889880657196, 0.9254410862922668]"
7916,1,49.65%,87.85%,0.0903,"[0.07903968542814255, 0.9209603667259216]"
7917,0,49.65%,87.84%,1.8387,"[0.13275538384914398, 0.8672446012496948]"
7918,1,49.65%,87.84%,0.0870,"[0.08326708525419235, 0.9167328476905823]"
7919,0,49.65%,87.84%,0.0053,"[0.9961944818496704, 0.003805564483627677]"
7920,1,49.65%,87.84%,0.0707,"[0.06673144549131393, 0.9332685470581055]"
7921,0,49.65%,87.84%,0.0010,"[0.9987138509750366, 0.001286207465454936]"
7922,0,49.64%,87.85%,0.0001,"[0.999936580657959, 6.337220111163333e-05]"
7923,0,49.63%,87.85%,0.0000,"[0.9999840259552002, 1.5917541531962343e-05]"
7924,1,49.64%,87.85%,0.0254,"[0.0253810603171587, 0.9746189713478088]"
7925,1,49.65%,87.85%,0.0470,"[0.0418265163898468, 0.9581735134124756]"
7926,0,49.64%,87.84%,3.0594,"[0.07390940189361572, 0.9260905385017395]"
7927,0,49.63%,87.84%,0.0000,"[0.9999758005142212, 2.424547346890904e-05]"
7928,0,49.63%,87.84%,0.0000,"[0.9999910593032837, 8.954235454439186e-06]"
7929,0,49.62%,87.84%,0.0000,"[0.9999978542327881, 2.124751745213871e-06]"
7930,0,49.62%,87.83%,3.3257,"[0.03232571482658386, 0.9676743149757385]"
7931,0,49.61%,87.83%,0.0000,"[0.9999995231628418, 4.822734922527161e-07]"
7932,1,49.62%,87.84%,0.0273,"[0.0300021693110466, 0.9699978232383728]"
7933,1,49.62%,87.84%,2.2688,"[0.09343008697032928, 0.9065698981285095]"
7934,1,49.63%,87.84%,0.0591,"[0.0741753950715065, 0.9258246421813965]"
7935,0,49.62%,87.84%,0.0001,"[0.9999223947525024, 7.764695328660309e-05]"
7936,1,49.63%,87.84%,0.0665,"[0.061078932136297226, 0.9389210343360901]"
7937,0,49.62%,87.84%,0.0001,"[0.9998655319213867, 0.00013444962678477168]"
7938,1,49.63%,87.84%,0.0518,"[0.05124882236123085, 0.9487511515617371]"
7939,1,49.63%,87.85%,0.0649,"[0.06218850240111351, 0.937811553478241]"
7940,1,49.64%,87.85%,0.0541,"[0.07379753142595291, 0.9262024164199829]"
7941,1,49.65%,87.85%,0.0620,"[0.10826308280229568, 0.8917368650436401]"
7942,1,49.65%,87.85%,0.0845,"[0.10242519527673721, 0.897574782371521]"
7943,1,49.66%,87.85%,0.1448,"[0.10156654566526413, 0.8984333872795105]"
7944,0,49.65%,87.85%,0.0038,"[0.9997949004173279, 0.00020516413496807218]"
7945,0,49.65%,87.86%,0.0000,"[0.9998157620429993, 0.0001843011996243149]"
7946,0,49.64%,87.86%,0.0288,"[0.9924403429031372, 0.007559691555798054]"
7947,0,49.64%,87.86%,0.0000,"[0.9999943971633911, 5.650767434417503e-06]"
7948,0,49.63%,87.85%,3.1902,"[0.0652107447385788, 0.93478924036026]"
7949,0,49.62%,87.85%,0.0000,"[0.9999979734420776, 2.0678348846558947e-06]"
7950,1,49.63%,87.85%,0.0442,"[0.04730778932571411, 0.9526921510696411]"
7951,1,49.64%,87.85%,0.0667,"[0.07936439663171768, 0.9206356406211853]"
7952,1,49.64%,87.85%,0.0791,"[0.08633261173963547, 0.9136673808097839]"
7953,1,49.65%,87.86%,0.0887,"[0.0825813040137291, 0.9174187183380127]"
7954,1,49.65%,87.86%,0.0752,"[0.07308363169431686, 0.9269163608551025]"
7955,0,49.65%,87.86%,0.0000,"[0.9999665021896362, 3.351263148942962e-05]"
7956,0,49.64%,87.85%,2.4806,"[0.08027500659227371, 0.9197249412536621]"
7957,1,49.65%,87.85%,0.0882,"[0.09063655138015747, 0.9093634486198425]"
7958,0,49.64%,87.85%,0.0001,"[0.9999314546585083, 6.852420483483002e-05]"
7959,1,49.65%,87.85%,0.1345,"[0.349344938993454, 0.6506550312042236]"
7960,1,49.65%,87.85%,0.0711,"[0.0853213518857956, 0.9146785736083984]"
7961,0,49.65%,87.85%,0.0000,"[0.9999603033065796, 3.971979458583519e-05]"
7962,0,49.64%,87.86%,0.0000,"[0.9999922513961792, 7.69080452300841e-06]"
7963,1,49.65%,87.86%,0.0733,"[0.08263782411813736, 0.9173621535301208]"
7964,0,49.64%,87.86%,0.0001,"[0.9998801946640015, 0.00011980483395745978]"
7965,1,49.65%,87.86%,0.0664,"[0.07603192329406738, 0.9239680767059326]"
7966,0,49.64%,87.86%,0.0002,"[0.9998512268066406, 0.00014876696513965726]"
7967,0,49.64%,87.86%,0.3798,"[0.6238414645195007, 0.37615853548049927]"
7968,1,49.64%,87.87%,0.0526,"[0.05741707608103752, 0.942582905292511]"
7969,0,49.64%,87.87%,0.0000,"[0.9999103546142578, 8.95804405445233e-05]"
7970,0,49.63%,87.87%,0.0000,"[0.9999959468841553, 4.00911039832863e-06]"
7971,1,49.64%,87.87%,0.0440,"[0.0558987632393837, 0.9441012740135193]"
7972,1,49.64%,87.87%,0.0811,"[0.06298864632844925, 0.9370113611221313]"
7973,0,49.64%,87.87%,0.0001,"[0.9998410940170288, 0.0001588872110005468]"
7974,0,49.63%,87.87%,0.0000,"[0.9999879598617554, 1.2026060176140163e-05]"
7975,0,49.62%,87.86%,2.6267,"[0.05695798248052597, 0.9430420398712158]"
7976,1,49.63%,87.87%,0.1008,"[0.22757570445537567, 0.7724242806434631]"
7977,0,49.62%,87.87%,0.0100,"[0.9955064058303833, 0.0044935946352779865]"
7978,0,49.62%,87.87%,0.0000,"[0.9999887943267822, 1.1229560186620802e-05]"
7979,0,49.61%,87.87%,0.0000,"[0.9999966621398926, 3.2914535950112622e-06]"
7980,0,49.61%,87.87%,0.0000,"[0.9999973773956299, 2.5753411136975046e-06]"
7981,0,49.60%,87.87%,0.0003,"[0.9448398947715759, 0.05516005679965019]"
7982,0,49.59%,87.87%,0.0000,"[0.9999990463256836, 9.608552318240982e-07]"
7983,1,49.60%,87.88%,0.0413,"[0.0494135282933712, 0.9505864381790161]"
7984,0,49.59%,87.88%,0.0000,"[0.9999915361404419, 8.452992005913984e-06]"
7985,0,49.59%,87.88%,0.0000,"[0.9999979734420776, 2.0185989342280664e-06]"
7986,1,49.59%,87.88%,0.0503,"[0.05013245344161987, 0.9498675465583801]"
7987,0,49.59%,87.87%,2.0950,"[0.09720825403928757, 0.9027917385101318]"
7988,0,49.58%,87.87%,0.0000,"[0.9999812841415405, 1.8744489352684468e-05]"
7989,1,49.59%,87.86%,0.2001,"[0.7000085115432739, 0.2999914586544037]"
7990,0,49.58%,87.86%,0.0000,"[0.9999814033508301, 1.8618728063302115e-05]"
7991,0,49.57%,87.86%,0.0006,"[0.9984766840934753, 0.0015232624718919396]"
7992,0,49.57%,87.86%,0.0000,"[0.9999918937683105, 8.11713562143268e-06]"
7993,0,49.56%,87.87%,0.0000,"[0.9999980926513672, 1.8514841713113128e-06]"
7994,1,49.57%,87.87%,0.0570,"[0.06930699199438095, 0.9306930303573608]"
7995,0,49.56%,87.87%,0.0000,"[0.9999798536300659, 2.0195415345369838e-05]"
7996,1,49.57%,87.87%,0.3978,"[0.3509412407875061, 0.6490587592124939]"
7997,1,49.57%,87.87%,0.1310,"[0.13039299845695496, 0.8696069717407227]"
7998,0,49.57%,87.87%,0.0003,"[0.9995424747467041, 0.0004575359052978456]"
7999,0,49.56%,87.86%,2.2367,"[0.1412920206785202, 0.8587079644203186]"
8000,1,49.57%,87.86%,0.1261,"[0.09856805950403214, 0.9014319181442261]"
8001,0,49.56%,87.87%,0.0002,"[0.9997866749763489, 0.00021329450828488916]"
8002,1,49.57%,87.87%,0.1058,"[0.11358554661273956, 0.8864144682884216]"
8003,0,49.56%,87.87%,0.0002,"[0.999768078327179, 0.00023196006077341735]"
8004,0,49.56%,87.87%,0.0000,"[0.999976396560669, 2.3637674530618824e-05]"
8005,1,49.56%,87.87%,0.0873,"[0.0699930340051651, 0.9300069808959961]"
8006,1,49.57%,87.87%,0.1852,"[0.19038255512714386, 0.8096174001693726]"
8007,1,49.58%,87.87%,0.2006,"[0.16759485006332397, 0.832405149936676]"
8008,0,49.57%,87.88%,0.0066,"[0.9977923631668091, 0.0022076366003602743]"
8009,1,49.58%,87.88%,0.1211,"[0.1042587161064148, 0.8957412838935852]"
8010,1,49.58%,87.88%,0.2119,"[0.17192281782627106, 0.8280771374702454]"
8011,1,49.59%,87.88%,0.1887,"[0.18227438628673553, 0.8177255988121033]"
8012,0,49.58%,87.88%,0.0050,"[0.9971440434455872, 0.0028560017235577106]"
8013,1,49.59%,87.88%,0.1282,"[0.07593423128128052, 0.9240657687187195]"
8014,0,49.58%,87.89%,0.0005,"[0.9987776875495911, 0.0012223299127072096]"
8015,1,49.59%,87.89%,0.0681,"[0.07091409713029861, 0.929085910320282]"
8016,0,49.58%,87.88%,1.6707,"[0.13688603043556213, 0.8631139397621155]"
8017,1,49.59%,87.88%,0.0878,"[0.0741012841463089, 0.9258987307548523]"
8018,0,49.58%,87.88%,0.0103,"[0.9971169233322144, 0.0028830459341406822]"
8019,0,49.58%,87.88%,0.0000,"[0.9999804496765137, 1.9542874724720605e-05]"
8020,0,49.57%,87.87%,3.4314,"[0.033491503447294235, 0.9665085673332214]"
8021,0,49.56%,87.87%,0.0000,"[0.9999587535858154, 4.128804721403867e-05]"
8022,1,49.57%,87.87%,0.0253,"[0.02537095732986927, 0.9746290445327759]"
8023,1,49.58%,87.87%,0.0695,"[0.05892011895775795, 0.94107985496521]"
8024,0,49.57%,87.86%,1.9859,"[0.12602941691875458, 0.8739705681800842]"
8025,1,49.58%,87.86%,0.0698,"[0.06535599380731583, 0.9346439242362976]"
8026,0,49.57%,87.87%,0.0013,"[0.998656153678894, 0.0013437700690701604]"
8027,1,49.58%,87.87%,0.0830,"[0.07096143811941147, 0.9290385842323303]"
8028,0,49.57%,87.86%,2.1301,"[0.10858721286058426, 0.8914127945899963]"
8029,1,49.58%,87.86%,0.0627,"[0.09426582604646683, 0.905734121799469]"
8030,1,49.58%,87.86%,0.1255,"[0.11921843886375427, 0.8807815909385681]"
8031,0,49.58%,87.86%,0.0013,"[0.9993351101875305, 0.0006649046554230154]"
8032,1,49.58%,87.86%,0.0960,"[0.10260310024023056, 0.8973969221115112]"
8033,1,49.59%,87.86%,0.1263,"[0.12463074922561646, 0.8753693103790283]"
8034,1,49.60%,87.87%,0.2010,"[0.15906892716884613, 0.8409311175346375]"
8035,0,49.59%,87.87%,0.0052,"[0.9955888986587524, 0.004411101806908846]"
8036,0,49.58%,87.86%,2.2247,"[0.12882782518863678, 0.8711722493171692]"
8037,0,49.58%,87.86%,0.0000,"[0.9999793767929077, 2.056797529803589e-05]"
8038,0,49.57%,87.86%,0.0000,"[0.999990701675415, 9.326374311058316e-06]"
8039,1,49.58%,87.86%,0.0348,"[0.036634985357522964, 0.9633650183677673]"
8040,1,49.58%,87.86%,0.1102,"[0.08361656963825226, 0.9163834452629089]"
8041,0,49.58%,87.86%,0.0002,"[0.9998094439506531, 0.00019055153825320303]"
8042,1,49.58%,87.87%,0.1209,"[0.13656984269618988, 0.8634301424026489]"
8043,0,49.58%,87.87%,0.0788,"[0.8415231108665466, 0.1584768444299698]"
8044,0,49.57%,87.87%,0.0001,"[0.9997503161430359, 0.0002497006207704544]"
8045,0,49.57%,87.87%,0.0000,"[0.9999892711639404, 1.0787067367346026e-05]"
8046,0,49.56%,87.87%,0.0000,"[0.9999969005584717, 3.077355586356134e-06]"
8047,0,49.55%,87.87%,0.0000,"[0.999998927116394, 1.0229526878902107e-06]"
8048,0,49.55%,87.86%,2.2745,"[0.08806198835372925, 0.9119380712509155]"
8049,1,49.55%,87.86%,0.0435,"[0.042887717485427856, 0.9571123123168945]"
8050,1,49.56%,87.85%,1.9869,"[0.8266282677650452, 0.17337174713611603]"
8051,1,49.57%,87.85%,0.1537,"[0.13981668651103973, 0.8601833581924438]"
8052,1,49.57%,87.86%,0.1475,"[0.15945395827293396, 0.8405460119247437]"
8053,0,49.57%,87.86%,0.0017,"[0.9965381622314453, 0.0034619015641510487]"
8054,1,49.57%,87.86%,0.1633,"[0.1716502457857132, 0.828349769115448]"
8055,0,49.57%,87.86%,0.0003,"[0.9985740184783936, 0.0014259808231145144]"
8056,0,49.56%,87.86%,0.0001,"[0.9999006986618042, 9.934144327417016e-05]"
8057,1,49.57%,87.86%,0.0898,"[0.07667037844657898, 0.9233295917510986]"
8058,0,49.56%,87.86%,0.9711,"[0.7421417832374573, 0.2578582465648651]"
8059,0,49.55%,87.87%,0.0000,"[0.9999730587005615, 2.6974701540893875e-05]"
8060,1,49.56%,87.87%,0.1219,"[0.11778274923563004, 0.882217288017273]"
8061,0,49.55%,87.87%,0.0000,"[0.9999727010726929, 2.7281474103801884e-05]"
8062,1,49.56%,87.87%,0.0523,"[0.04687313362956047, 0.9531269073486328]"
8063,0,49.55%,87.86%,2.5065,"[0.084335096180439, 0.9156649708747864]"
8064,1,49.56%,87.86%,0.6364,"[0.372085303068161, 0.6279146075248718]"
8065,0,49.55%,87.86%,0.0001,"[0.9999350309371948, 6.498763104900718e-05]"
8066,1,49.56%,87.86%,0.0847,"[0.071428082883358, 0.928571879863739]"
8067,0,49.55%,87.87%,0.0001,"[0.9999302625656128, 6.975659198360518e-05]"
8068,0,49.55%,87.85%,0.7444,"[0.4814496338367462, 0.5185503959655762]"
8069,1,49.55%,87.86%,0.0918,"[0.08910804241895676, 0.9108919501304626]"
8070,0,49.55%,87.86%,0.0023,"[0.9964904189109802, 0.0035096018109470606]"
8071,0,49.54%,87.86%,0.0001,"[0.9998903274536133, 0.00010970738367177546]"
8072,1,49.55%,87.86%,0.0932,"[0.09672819823026657, 0.9032717347145081]"
8073,1,49.55%,87.86%,0.0899,"[0.06274892389774323, 0.937251091003418]"
8074,1,49.56%,87.86%,0.1122,"[0.11550391465425491, 0.8844960927963257]"
8075,1,49.57%,87.87%,0.1786,"[0.13306449353694916, 0.8669354915618896]"
8076,0,49.56%,87.87%,0.0006,"[0.9995881915092468, 0.000411789194913581]"
8077,1,49.57%,87.87%,0.0933,"[0.08134911209344864, 0.9186508655548096]"
8078,0,49.56%,87.86%,1.8285,"[0.1552196443080902, 0.8447803258895874]"
8079,1,49.57%,87.86%,0.1238,"[0.14330264925956726, 0.8566973209381104]"
8080,1,49.57%,87.86%,0.1203,"[0.10335543006658554, 0.8966445922851562]"
8081,0,49.57%,87.86%,0.0013,"[0.9979123473167419, 0.0020876603666692972]"
8082,0,49.56%,87.86%,0.0002,"[0.9999253749847412, 7.458830077666789e-05]"
8083,0,49.55%,87.85%,2.6109,"[0.06752033531665802, 0.932479739189148]"
8084,1,49.56%,87.85%,0.0389,"[0.037472065538167953, 0.9625279307365417]"
8085,0,49.55%,87.86%,0.0000,"[0.9999545812606812, 4.54482069471851e-05]"
8086,0,49.55%,87.86%,0.0000,"[0.9999984502792358, 1.4954781590859056e-06]"
8087,1,49.55%,87.86%,0.0281,"[0.02785513922572136, 0.9721449017524719]"
8088,1,49.56%,87.86%,0.0818,"[0.08301348984241486, 0.9169864654541016]"
8089,1,49.57%,87.86%,0.1065,"[0.10443409532308578, 0.8955658674240112]"
8090,0,49.56%,87.86%,0.0002,"[0.9997242093086243, 0.0002758119080681354]"
8091,1,49.57%,87.86%,0.0739,"[0.06099537014961243, 0.9390046000480652]"
8092,0,49.56%,87.85%,2.2262,"[0.11858353763818741, 0.8814164400100708]"
8093,1,49.57%,87.86%,0.0665,"[0.06675383448600769, 0.9332461357116699]"
8094,0,49.56%,87.86%,0.0001,"[0.9998548030853271, 0.00014512256893794984]"
8095,1,49.57%,87.86%,0.1113,"[0.08942964673042297, 0.9105703234672546]"
8096,0,49.56%,87.86%,0.0018,"[0.9972969889640808, 0.0027030433993786573]"
8097,1,49.57%,87.86%,0.0646,"[0.07610304653644562, 0.9238969087600708]"
8098,0,49.56%,87.86%,0.0001,"[0.9999316930770874, 6.833405495854095e-05]"
8099,1,49.57%,87.86%,0.0706,"[0.06353139877319336, 0.9364686608314514]"
8100,1,49.57%,87.87%,0.1093,"[0.10825065523386002, 0.8917492628097534]"
8101,0,49.57%,87.87%,0.0006,"[0.9999067783355713, 9.323826088802889e-05]"
8102,0,49.56%,87.87%,0.0007,"[0.9983752965927124, 0.0016246228478848934]"
8103,1,49.57%,87.87%,0.0726,"[0.06838135421276093, 0.9316186308860779]"
8104,0,49.56%,87.87%,0.0002,"[0.9999548196792603, 4.513519161264412e-05]"
8105,0,49.56%,87.87%,0.0005,"[0.9999146461486816, 8.533079380868003e-05]"
8106,0,49.55%,87.87%,0.0001,"[0.999913215637207, 8.67493508849293e-05]"
8107,1,49.56%,87.88%,0.0711,"[0.07185284048318863, 0.9281471371650696]"
8108,1,49.56%,87.88%,0.0791,"[0.06821920722723007, 0.9317807555198669]"
8109,0,49.56%,87.88%,0.0003,"[0.9950817823410034, 0.004918266553431749]"
8110,1,49.56%,87.88%,0.0582,"[0.06084229797124863, 0.9391576647758484]"
8111,1,49.57%,87.88%,0.1992,"[0.15254957973957062, 0.8474503755569458]"
8112,0,49.56%,87.87%,2.1222,"[0.11656247079372406, 0.8834375739097595]"
8113,1,49.57%,87.87%,0.0942,"[0.09920822083950043, 0.9007917642593384]"
8114,1,49.57%,87.87%,0.1597,"[0.13391342759132385, 0.8660866022109985]"
8115,0,49.57%,87.88%,0.0007,"[0.9992388486862183, 0.0007611357723362744]"
8116,0,49.56%,87.88%,0.0000,"[0.9999561309814453, 4.388058732729405e-05]"
8117,1,49.57%,87.88%,0.0673,"[0.06217464059591293, 0.9378253817558289]"
8118,1,49.58%,87.88%,0.0670,"[0.06626027822494507, 0.9337396621704102]"
8119,1,49.58%,87.88%,0.0664,"[0.07864193618297577, 0.9213581085205078]"
8120,1,49.59%,87.88%,0.1198,"[0.11458306759595871, 0.8854169249534607]"
8121,1,49.59%,87.88%,0.1715,"[0.1667488068342209, 0.8332511782646179]"
8122,0,49.59%,87.89%,0.1018,"[0.6417303681373596, 0.35826966166496277]"
8123,0,49.58%,87.89%,0.0043,"[0.9937048554420471, 0.00629510497674346]"
8124,0,49.58%,87.89%,0.0003,"[0.9998106360435486, 0.00018936698324978352]"
8125,0,49.57%,87.89%,0.0000,"[0.9999808073043823, 1.9133951354888268e-05]"
8126,1,49.58%,87.89%,0.0297,"[0.02984396182000637, 0.9701560139656067]"
8127,1,49.58%,87.89%,0.0482,"[0.039618171751499176, 0.9603818655014038]"
8128,1,49.59%,87.90%,0.0746,"[0.062196407467126846, 0.9378035664558411]"
8129,0,49.58%,87.90%,0.0001,"[0.9999020099639893, 9.79657270363532e-05]"
8130,1,49.59%,87.90%,0.0352,"[0.03742823749780655, 0.9625717997550964]"
8131,1,49.59%,87.90%,0.0851,"[0.07662342488765717, 0.9233765602111816]"
8132,1,49.60%,87.90%,0.1722,"[0.14313486218452454, 0.8568651676177979]"
8133,1,49.61%,87.90%,0.1883,"[0.15574336051940918, 0.8442566394805908]"
8134,1,49.61%,87.90%,0.2203,"[0.2009280025959015, 0.7990719676017761]"
8135,1,49.62%,87.91%,0.2293,"[0.1562844067811966, 0.8437155485153198]"
8136,0,49.61%,87.91%,0.0133,"[0.9980280995368958, 0.0019718739204108715]"
8137,0,49.61%,87.90%,2.4039,"[0.08587106317281723, 0.9141288995742798]"
8138,1,49.61%,87.90%,0.0504,"[0.055236995220184326, 0.9447629451751709]"
8139,0,49.61%,87.90%,0.0001,"[0.9997493624687195, 0.0002506716991774738]"
8140,0,49.60%,87.90%,0.0001,"[0.9999219179153442, 7.803768676239997e-05]"
8141,1,49.61%,87.90%,0.0370,"[0.0344923660159111, 0.9655075669288635]"
8142,1,49.61%,87.90%,0.0838,"[0.08074626326560974, 0.9192537665367126]"
8143,0,49.61%,87.91%,0.0078,"[0.9979191422462463, 0.0020808486733585596]"
8144,1,49.61%,87.91%,0.1179,"[0.11578340083360672, 0.8842166066169739]"
8145,1,49.62%,87.91%,0.1134,"[0.10107982903718948, 0.8989201784133911]"
8146,0,49.61%,87.90%,2.0685,"[0.13050538301467896, 0.8694946765899658]"
8147,0,49.61%,87.90%,0.0002,"[0.9998205304145813, 0.00017946772277355194]"
8148,0,49.60%,87.90%,0.0001,"[0.9998487234115601, 0.00015126446669455618]"
8149,0,49.60%,87.90%,0.1288,"[0.9988942742347717, 0.0011057679075747728]"
8150,1,49.60%,87.90%,0.0246,"[0.02297358587384224, 0.9770264029502869]"
8151,0,49.60%,87.89%,2.8124,"[0.051935140043497086, 0.9480648636817932]"
8152,0,49.59%,87.89%,0.0000,"[0.9999896287918091, 1.0426898370496929e-05]"
8153,1,49.60%,87.90%,0.0327,"[0.0328546017408371, 0.9671453833580017]"
8154,0,49.59%,87.90%,0.0001,"[0.9998607635498047, 0.0001391925907228142]"
8155,1,49.60%,87.90%,0.0770,"[0.06543827056884766, 0.9345616698265076]"
8156,1,49.60%,87.90%,0.0744,"[0.07006023824214935, 0.9299397468566895]"
8157,1,49.61%,87.90%,0.0886,"[0.1023353710770607, 0.8976646661758423]"
8158,0,49.60%,87.90%,0.0003,"[0.999677300453186, 0.00032265973277390003]"
8159,1,49.61%,87.90%,0.0578,"[0.05043164640665054, 0.9495683312416077]"
8160,1,49.61%,87.91%,0.0642,"[0.0754706934094429, 0.9245293736457825]"
8161,0,49.61%,87.91%,0.0010,"[0.9995744824409485, 0.0004255729145370424]"
8162,1,49.61%,87.91%,0.0974,"[0.13668867945671082, 0.8633113503456116]"
8163,1,49.62%,87.91%,0.0656,"[0.06804880499839783, 0.9319511651992798]"
8164,1,49.63%,87.91%,0.0827,"[0.07320702821016312, 0.9267929792404175]"
8165,0,49.62%,87.90%,2.0682,"[0.12332102656364441, 0.876679003238678]"
8166,0,49.61%,87.90%,0.0000,"[0.9999771118164062, 2.2928095859242603e-05]"
8167,1,49.62%,87.90%,0.0304,"[0.030368296429514885, 0.9696317315101624]"
8168,0,49.61%,87.91%,0.0000,"[0.999984622001648, 1.5381954654003493e-05]"
8169,1,49.62%,87.91%,0.0817,"[0.08027184009552002, 0.91972815990448]"
8170,0,49.61%,87.91%,0.0007,"[0.9990596175193787, 0.0009404231677763164]"
8171,0,49.61%,87.91%,0.0000,"[0.9999877214431763, 1.2328541743045207e-05]"
8172,1,49.61%,87.91%,0.0580,"[0.054178714752197266, 0.9458212852478027]"
8173,0,49.61%,87.91%,0.0001,"[0.9998538494110107, 0.00014616400585509837]"
8174,0,49.60%,87.91%,0.0000,"[0.9999841451644897, 1.5801446352270432e-05]"
8175,1,49.61%,87.92%,0.1720,"[0.1349114179611206, 0.8650885820388794]"
8176,0,49.60%,87.92%,0.0001,"[0.9997884631156921, 0.0002115781098837033]"
8177,1,49.61%,87.92%,0.0881,"[0.08248353004455566, 0.9175164699554443]"
8178,1,49.61%,87.92%,0.0922,"[0.0846339538693428, 0.9153661131858826]"
8179,0,49.61%,87.91%,1.9560,"[0.1804881989955902, 0.8195117712020874]"
8180,1,49.61%,87.91%,0.0658,"[0.05990844964981079, 0.9400915503501892]"
8181,1,49.62%,87.91%,0.1040,"[0.092683807015419, 0.9073161482810974]"
8182,1,49.63%,87.91%,0.1204,"[0.0896109789609909, 0.9103890657424927]"
8183,0,49.62%,87.90%,1.9369,"[0.1566794514656067, 0.8433205485343933]"
8184,1,49.63%,87.90%,0.0857,"[0.108997642993927, 0.891002357006073]"
8185,1,49.63%,87.91%,0.1199,"[0.12181438505649567, 0.8781855702400208]"
8186,0,49.63%,87.90%,1.6355,"[0.25482600927352905, 0.7451739311218262]"
8187,0,49.62%,87.90%,0.0001,"[0.9998342990875244, 0.00016566397971473634]"
8188,1,49.63%,87.90%,0.0533,"[0.04728039726614952, 0.9527195692062378]"
8189,1,49.63%,87.90%,0.0862,"[0.08782710134983063, 0.9121728539466858]"
8190,1,49.64%,87.90%,0.1164,"[0.10746363550424576, 0.8925363421440125]"
8191,1,49.65%,87.90%,0.1790,"[0.1606900990009308, 0.8393099308013916]"
8192,0,49.64%,87.90%,0.0007,"[0.9974652528762817, 0.002534769009798765]"
8193,1,49.65%,87.91%,0.0888,"[0.09343048930168152, 0.9065694808959961]"
8194,0,49.64%,87.91%,0.0011,"[0.9991530179977417, 0.0008470377651974559]"
8195,0,49.63%,87.91%,0.0002,"[0.9998082518577576, 0.00019175393390469253]"
8196,1,49.64%,87.91%,0.0531,"[0.051593225449323654, 0.9484068155288696]"
8197,0,49.63%,87.90%,0.4370,"[0.3435797393321991, 0.6564202308654785]"
8198,1,49.64%,87.90%,0.0955,"[0.1758141666650772, 0.824185848236084]"
8199,0,49.63%,87.89%,1.5313,"[0.22274568676948547, 0.7772542834281921]"
8200,0,49.63%,87.89%,0.0001,"[0.9999352693557739, 6.478504656115547e-05]"
8201,0,49.62%,87.89%,0.0000,"[0.9999912977218628, 8.666652320243884e-06]"
8202,0,49.62%,87.89%,0.0000,"[0.9999855756759644, 1.4398711755347904e-05]"
8203,0,49.61%,87.90%,0.0000,"[0.9999991655349731, 8.002456297617755e-07]"
8204,1,49.62%,87.90%,0.0287,"[0.028011130169034004, 0.97198885679245]"
8205,1,49.62%,87.90%,0.0667,"[0.07981500029563904, 0.9201850295066833]"
8206,0,49.62%,87.90%,0.0001,"[0.9998658895492554, 0.00013409522944130003]"
8207,1,49.62%,87.90%,0.1689,"[0.15104374289512634, 0.8489562273025513]"
8208,0,49.62%,87.90%,0.0001,"[0.9996699094772339, 0.00033015335793606937]"
8209,0,49.61%,87.90%,0.0000,"[0.999977707862854, 2.2269021428655833e-05]"
8210,1,49.62%,87.91%,0.0376,"[0.03712467849254608, 0.9628753066062927]"
8211,1,49.62%,87.91%,0.0533,"[0.06048213317990303, 0.9395178556442261]"
8212,1,49.63%,87.91%,0.1055,"[0.07484237104654312, 0.9251576662063599]"
8213,0,49.62%,87.91%,0.1613,"[0.6612355709075928, 0.33876439929008484]"
8214,0,49.62%,87.90%,0.6462,"[0.297296941280365, 0.702703058719635]"
8215,1,49.62%,87.90%,0.0815,"[0.11184696853160858, 0.8881530165672302]"
8216,1,49.63%,87.90%,0.0841,"[0.08963295817375183, 0.9103670120239258]"
8217,0,49.62%,87.90%,0.0001,"[0.9998868703842163, 0.00011312505375826731]"
8218,0,49.62%,87.91%,0.0000,"[0.9999865293502808, 1.347749730484793e-05]"
8219,0,49.61%,87.91%,0.0000,"[0.9999935626983643, 6.3857369241304696e-06]"
8220,0,49.60%,87.91%,0.0000,"[0.9999994039535522, 5.412240398072754e-07]"
8221,0,49.60%,87.91%,0.0000,"[0.9999992847442627, 6.868869490972429e-07]"
8222,1,49.60%,87.91%,0.0339,"[0.03350905701518059, 0.9664909839630127]"
8223,1,49.61%,87.91%,0.0643,"[0.057604361325502396, 0.9423956871032715]"
8224,1,49.62%,87.91%,0.1908,"[0.16503918170928955, 0.8349607586860657]"
8225,0,49.61%,87.92%,0.0016,"[0.9977161884307861, 0.0022838658187538385]"
8226,1,49.62%,87.92%,0.0781,"[0.07234591245651245, 0.9276540875434875]"
8227,1,49.62%,87.92%,0.0755,"[0.07939092814922333, 0.9206090569496155]"
8228,0,49.62%,87.92%,0.0002,"[0.9996615648269653, 0.0003383872681297362]"
8229,0,49.61%,87.92%,0.0936,"[0.8275337815284729, 0.1724662482738495]"
8230,0,49.61%,87.92%,0.0000,"[0.9999734163284302, 2.658192352100741e-05]"
8231,1,49.61%,87.93%,0.0302,"[0.034701574593782425, 0.9652983546257019]"
8232,0,49.61%,87.93%,0.0000,"[0.999984860420227, 1.5092127796378918e-05]"
8233,1,49.61%,87.93%,0.0490,"[0.03131389617919922, 0.9686861634254456]"
8234,0,49.61%,87.93%,0.0000,"[0.9999967813491821, 3.206529527233215e-06]"
8235,1,49.61%,87.93%,0.0384,"[0.03198963403701782, 0.9680103063583374]"
8236,0,49.61%,87.93%,0.0001,"[0.9999595880508423, 4.036050086142495e-05]"
8237,1,49.61%,87.93%,0.0449,"[0.04358932375907898, 0.9564106464385986]"
8238,0,49.61%,87.94%,0.0000,"[0.9999731779098511, 2.6764837457449175e-05]"
8239,1,49.61%,87.94%,2.4968,"[0.3148205280303955, 0.6851794123649597]"
8240,1,49.62%,87.94%,0.0542,"[0.04822791740298271, 0.9517720937728882]"
8241,0,49.61%,87.94%,0.0001,"[0.9998980760574341, 0.000101867837656755]"
8242,0,49.61%,87.94%,0.0000,"[0.9999908208847046, 9.166069503407925e-06]"
8243,1,49.61%,87.94%,0.0288,"[0.03024447150528431, 0.9697554707527161]"
8244,0,49.61%,87.94%,0.0000,"[0.9999895095825195, 1.0513508641452063e-05]"
8245,1,49.61%,87.95%,0.0288,"[0.03746972233057022, 0.962530255317688]"
8246,1,49.62%,87.95%,0.0600,"[0.06706228107213974, 0.9329376816749573]"
8247,0,49.61%,87.95%,0.8331,"[0.7885681986808777, 0.2114318162202835]"
8248,0,49.61%,87.95%,0.0001,"[0.9999649524688721, 3.508332520141266e-05]"
8249,0,49.60%,87.95%,0.0013,"[0.9963350296020508, 0.0036649934481829405]"
8250,0,49.59%,87.95%,0.0000,"[0.9999970197677612, 2.9899294986535097e-06]"
8251,1,49.60%,87.95%,0.0311,"[0.035841204226017, 0.964158833026886]"
8252,1,49.61%,87.96%,0.0688,"[0.05619458109140396, 0.943805456161499]"
8253,1,49.61%,87.96%,0.0519,"[0.047100555151700974, 0.9528993964195251]"
8254,0,49.61%,87.96%,0.0001,"[0.9996165037155151, 0.0003834629897028208]"
8255,0,49.60%,87.96%,0.0000,"[0.9999920129776001, 8.036535291466862e-06]"
8256,0,49.59%,87.96%,0.0000,"[0.9999972581863403, 2.7571782084123697e-06]"
8257,0,49.59%,87.95%,1.5501,"[0.24734075367450714, 0.752659261226654]"
8258,0,49.58%,87.95%,0.1569,"[0.9949843883514404, 0.005015619099140167]"
8259,1,49.59%,87.95%,0.0401,"[0.04770796000957489, 0.9522920250892639]"
8260,1,49.59%,87.96%,0.0487,"[0.04877452924847603, 0.9512254595756531]"
8261,0,49.59%,87.96%,0.0118,"[0.9583662748336792, 0.04163369908928871]"
8262,0,49.58%,87.96%,0.0000,"[0.9999016523361206, 9.830766794038936e-05]"
8263,0,49.58%,87.96%,0.0000,"[0.9999909400939941, 9.067719474842306e-06]"
8264,0,49.57%,87.96%,0.0000,"[0.9999969005584717, 3.1219381071423413e-06]"
8265,1,49.58%,87.96%,0.0300,"[0.03000389225780964, 0.9699961543083191]"
8266,1,49.58%,87.96%,0.0652,"[0.04295004531741142, 0.9570499658584595]"
8267,0,49.58%,87.97%,0.0000,"[0.9999692440032959, 3.079104135395028e-05]"
8268,0,49.57%,87.97%,0.0000,"[0.9999876022338867, 1.2434835298336111e-05]"
8269,0,49.56%,87.97%,0.0000,"[0.999997615814209, 2.3626737402082654e-06]"
8270,0,49.56%,87.97%,0.0000,"[0.9999994039535522, 5.741981112805661e-07]"
8271,0,49.55%,87.97%,0.0000,"[0.9999995231628418, 4.493439860198123e-07]"
8272,0,49.55%,87.97%,0.0000,"[0.9999997615814209, 2.093867266239613e-07]"
8273,1,49.55%,87.97%,0.0288,"[0.029614049941301346, 0.9703859686851501]"
8274,0,49.55%,87.98%,0.0000,"[0.9999992847442627, 6.655772040176089e-07]"
8275,1,49.55%,87.98%,0.0186,"[0.019888270646333694, 0.9801117777824402]"
8276,1,49.56%,87.98%,0.0548,"[0.04700788855552673, 0.9529920816421509]"
8277,1,49.57%,87.98%,0.0766,"[0.06743396073579788, 0.9325660467147827]"
8278,0,49.56%,87.98%,0.0002,"[0.9997201561927795, 0.0002798604255076498]"
8279,0,49.55%,87.98%,0.0000,"[0.9999719858169556, 2.796604712784756e-05]"
8280,0,49.55%,87.97%,1.9832,"[0.13677272200584412, 0.8632273077964783]"
8281,0,49.54%,87.97%,0.0097,"[0.9994175434112549, 0.0005824523977935314]"
8282,0,49.54%,87.98%,0.0000,"[0.9999985694885254, 1.4179253184920526e-06]"
8283,0,49.53%,87.96%,1.3971,"[0.34482303261756897, 0.6551769375801086]"
8284,1,49.54%,87.95%,0.8549,"[0.6525465846061707, 0.34745341539382935]"
8285,1,49.54%,87.96%,0.0544,"[0.05093422532081604, 0.9490657448768616]"
8286,0,49.54%,87.96%,0.0000,"[0.9999674558639526, 3.258142896811478e-05]"
8287,1,49.54%,87.95%,3.8861,"[0.9668459892272949, 0.03315408155322075]"
8288,1,49.55%,87.95%,0.2260,"[0.2065868377685547, 0.7934131622314453]"
8289,1,49.55%,87.95%,0.5053,"[0.38545677065849304, 0.6145431995391846]"
8290,0,49.55%,87.95%,0.0037,"[0.997930645942688, 0.0020693214610219]"
8291,1,49.55%,87.95%,0.0829,"[0.0807284489274025, 0.9192715883255005]"
8292,1,49.56%,87.95%,0.1377,"[0.12014859169721603, 0.8798514008522034]"
8293,0,49.55%,87.96%,0.0006,"[0.9992085099220276, 0.0007914855377748609]"
8294,0,49.55%,87.96%,0.0112,"[0.9902521371841431, 0.00974787212908268]"
8295,0,49.54%,87.96%,0.0001,"[0.999980092048645, 1.9905295630451292e-05]"
8296,1,49.55%,87.96%,0.0507,"[0.045374806970357895, 0.954625129699707]"
8297,1,49.55%,87.96%,0.0909,"[0.08857069164514542, 0.9114293456077576]"
8298,1,49.56%,87.96%,0.1094,"[0.11386942863464355, 0.8861305713653564]"
8299,0,49.55%,87.96%,0.0003,"[0.9997050166130066, 0.00029500044183805585]"
8300,1,49.56%,87.97%,0.0534,"[0.057425204664468765, 0.9425747394561768]"
8301,0,49.55%,87.97%,0.0002,"[0.9999364614486694, 6.35117685305886e-05]"
8302,1,49.56%,87.97%,0.0366,"[0.03836740925908089, 0.9616326093673706]"
8303,0,49.55%,87.97%,0.0000,"[0.9999536275863647, 4.6322806156240404e-05]"
8304,1,49.56%,87.97%,0.0334,"[0.033536527305841446, 0.9664634466171265]"
8305,1,49.57%,87.97%,0.0700,"[0.08235810697078705, 0.9176419377326965]"
8306,0,49.56%,87.97%,0.0003,"[0.9997311234474182, 0.00026889939908869565]"
8307,0,49.55%,87.98%,0.0000,"[0.9999922513961792, 7.772449862386566e-06]"
8308,1,49.56%,87.98%,0.0260,"[0.025889435783028603, 0.9741106033325195]"
8309,0,49.55%,87.97%,2.8764,"[0.05761922895908356, 0.9423807859420776]"
8310,0,49.55%,87.97%,0.0002,"[0.996810257434845, 0.0031897134613245726]"
8311,0,49.54%,87.96%,3.2537,"[0.03943764045834541, 0.9605622887611389]"
8312,1,49.55%,87.96%,0.0383,"[0.041173625737428665, 0.9588263630867004]"
8313,0,49.54%,87.96%,0.0732,"[0.9973180890083313, 0.0026819217018783092]"
8314,0,49.54%,87.96%,0.0001,"[0.9998263716697693, 0.00017367524560540915]"
8315,1,49.54%,87.96%,0.0480,"[0.04528627172112465, 0.9547137022018433]"
8316,1,49.55%,87.96%,0.0466,"[0.056704871356487274, 0.9432951807975769]"
8317,0,49.54%,87.97%,0.0000,"[0.9999860525131226, 1.391709429299226e-05]"
8318,0,49.54%,87.97%,0.0000,"[0.9999972581863403, 2.7735106868931325e-06]"
8319,0,49.53%,87.97%,0.0000,"[0.9999988079071045, 1.1730928690667497e-06]"
8320,1,49.54%,87.97%,0.1030,"[0.08730439841747284, 0.912695586681366]"
8321,1,49.54%,87.97%,0.5607,"[0.211633563041687, 0.7883663773536682]"
8322,1,49.55%,87.97%,0.0788,"[0.07743851840496063, 0.9225614666938782]"
8323,0,49.54%,87.97%,0.0003,"[0.9997490048408508, 0.0002510350022930652]"
8324,1,49.55%,87.98%,0.0664,"[0.06273040175437927, 0.9372696280479431]"
8325,0,49.54%,87.98%,0.0006,"[0.9995219707489014, 0.00047807826194912195]"
8326,0,49.54%,87.98%,0.0001,"[0.999859094619751, 0.0001409246033290401]"
8327,1,49.54%,87.98%,0.0486,"[0.05622503533959389, 0.9437749981880188]"
8328,0,49.54%,87.97%,2.3347,"[0.10747814178466797, 0.8925219178199768]"
8329,1,49.54%,87.97%,0.0917,"[0.08523223549127579, 0.9147678017616272]"
8330,0,49.54%,87.96%,1.7176,"[0.18553103506565094, 0.8144689202308655]"
8331,1,49.54%,87.96%,0.0932,"[0.08143728971481323, 0.9185627698898315]"
8332,1,49.55%,87.96%,0.0869,"[0.07808394730091095, 0.9219160079956055]"
8333,1,49.56%,87.96%,0.2172,"[0.17663218080997467, 0.8233678340911865]"
8334,0,49.55%,87.95%,1.0934,"[0.3038000464439392, 0.6961999535560608]"
8335,1,49.56%,87.96%,0.1270,"[0.12253545969724655, 0.8774644732475281]"
8336,1,49.56%,87.96%,0.1415,"[0.13945342600345612, 0.8605465888977051]"
8337,0,49.56%,87.96%,0.0002,"[0.9998117089271545, 0.00018833467038348317]"
8338,0,49.55%,87.96%,0.0001,"[0.9998996257781982, 0.00010036885214503855]"
8339,0,49.54%,87.96%,0.0000,"[0.9999911785125732, 8.774934940447565e-06]"
8340,1,49.55%,87.96%,0.0334,"[0.03469688445329666, 0.9653031826019287]"
8341,0,49.54%,87.96%,0.0000,"[0.9999597072601318, 4.030119816889055e-05]"
8342,1,49.55%,87.97%,0.0577,"[0.05132871866226196, 0.948671281337738]"
8343,0,49.54%,87.97%,0.0001,"[0.9998999834060669, 0.00010000677139032632]"
8344,0,49.54%,87.97%,0.0000,"[0.999985933303833, 1.4117070350039285e-05]"
8345,0,49.53%,87.97%,0.5084,"[0.74213045835495, 0.25786954164505005]"
8346,1,49.54%,87.97%,0.0407,"[0.036116644740104675, 0.9638832807540894]"
8347,0,49.53%,87.97%,0.0000,"[0.9999932050704956, 6.745927748852409e-06]"
8348,0,49.53%,87.97%,0.0000,"[0.999997615814209, 2.343140522498288e-06]"
8349,1,49.53%,87.98%,0.0333,"[0.03274315223097801, 0.9672569036483765]"
8350,0,49.53%,87.98%,0.0000,"[0.9999780654907227, 2.195198248955421e-05]"
8351,0,49.52%,87.97%,2.6556,"[0.06667748093605042, 0.933322548866272]"
8352,1,49.53%,87.97%,0.0339,"[0.03247498720884323, 0.9675250053405762]"
8353,1,49.53%,87.97%,0.1066,"[0.09624135494232178, 0.9037586450576782]"
8354,1,49.54%,87.97%,0.1437,"[0.1326320320367813, 0.8673679828643799]"
8355,1,49.55%,87.96%,1.5487,"[0.8213962912559509, 0.17860369384288788]"
8356,0,49.54%,87.96%,0.0003,"[0.9998019337654114, 0.00019805745978374034]"
8357,0,49.53%,87.96%,0.0000,"[0.9999754428863525, 2.4564295017626137e-05]"
8358,0,49.53%,87.97%,0.0000,"[0.9999953508377075, 4.622982942237286e-06]"
8359,0,49.52%,87.97%,0.0036,"[0.9962672591209412, 0.003732746932655573]"
8360,0,49.52%,87.97%,0.2621,"[0.593945324420929, 0.4060547351837158]"
8361,1,49.52%,87.97%,0.0472,"[0.06396105140447617, 0.9360389709472656]"
8362,0,49.52%,87.97%,0.0000,"[0.9999575614929199, 4.238732435624115e-05]"
8363,0,49.51%,87.96%,2.9231,"[0.06647306680679321, 0.9335269927978516]"
8364,0,49.50%,87.96%,0.0000,"[0.9999978542327881, 2.190042096117395e-06]"
8365,0,49.50%,87.96%,0.0000,"[0.9999992847442627, 6.86299642893573e-07]"
8366,0,49.49%,87.96%,0.0000,"[0.999997615814209, 2.3842630980652757e-06]"
8367,0,49.49%,87.97%,0.0000,"[0.9999996423721313, 2.9898274078732356e-07]"
8368,0,49.48%,87.97%,0.0000,"[0.9999997615814209, 2.6184576995547104e-07]"
8369,0,49.47%,87.97%,0.0000,"[0.9999997615814209, 1.9680045681980118e-07]"
8370,0,49.47%,87.97%,0.0000,"[0.9999996423721313, 3.4440381568856537e-07]"
8371,0,49.46%,87.97%,0.0000,"[0.9999996423721313, 3.3181882486132963e-07]"
8372,0,49.46%,87.97%,0.0000,"[0.9999998807907104, 1.7539171892622107e-07]"
8373,1,49.46%,87.97%,0.0593,"[0.04054280370473862, 0.9594571590423584]"
8374,1,49.47%,87.96%,8.0213,"[0.9995161294937134, 0.0004838945169467479]"
8375,1,49.47%,87.97%,0.1050,"[0.16982492804527283, 0.83017498254776]"
8376,1,49.48%,87.97%,0.2452,"[0.23147867619991302, 0.768521249294281]"
8377,1,49.49%,87.97%,0.1610,"[0.1459207534790039, 0.8540791869163513]"
8378,1,49.49%,87.97%,0.2848,"[0.34924155473709106, 0.6507584452629089]"
8379,1,49.50%,87.96%,1.3991,"[0.7218939661979675, 0.2781060039997101]"
8380,1,49.50%,87.96%,0.1349,"[0.12233738601207733, 0.8776625990867615]"
8381,1,49.51%,87.96%,0.2975,"[0.22515083849430084, 0.7748491168022156]"
8382,1,49.52%,87.96%,0.2718,"[0.24527491629123688, 0.7547250986099243]"
8383,1,49.52%,87.97%,0.2138,"[0.17095939815044403, 0.8290405869483948]"
8384,0,49.52%,87.97%,0.0089,"[0.9805300235748291, 0.019469918683171272]"
8385,1,49.52%,87.97%,0.1012,"[0.08803381025791168, 0.9119662046432495]"
8386,0,49.52%,87.97%,0.0079,"[0.9923086166381836, 0.007691376842558384]"
8387,1,49.52%,87.97%,0.0498,"[0.05209072306752205, 0.9479093551635742]"
8388,0,49.52%,87.97%,0.0035,"[0.9968063831329346, 0.003193603130057454]"
8389,0,49.51%,87.96%,2.0961,"[0.13322453200817108, 0.8667754530906677]"
8390,1,49.52%,87.96%,0.0413,"[0.04088376834988594, 0.9591162204742432]"
8391,0,49.51%,87.95%,0.9153,"[0.27861863374710083, 0.7213813662528992]"
8392,1,49.52%,87.95%,0.0746,"[0.07155489921569824, 0.9284451007843018]"
8393,1,49.52%,87.96%,0.1269,"[0.11592870950698853, 0.8840713500976562]"
8394,1,49.53%,87.96%,0.1980,"[0.1515653282403946, 0.8484346866607666]"
8395,1,49.54%,87.96%,0.1057,"[0.1090950220823288, 0.89090496301651]"
8396,1,49.54%,87.96%,0.1276,"[0.1380615532398224, 0.8619384169578552]"
8397,0,49.54%,87.95%,2.6051,"[0.0691077709197998, 0.9308922290802002]"
8398,0,49.53%,87.95%,0.0022,"[0.9987363219261169, 0.0012636302271857858]"
8399,1,49.54%,87.95%,0.0416,"[0.037450168281793594, 0.9625498056411743]"
8400,0,49.53%,87.95%,0.0000,"[0.9999592304229736, 4.0794398955767974e-05]"
8401,1,49.54%,87.96%,0.0296,"[0.031004194170236588, 0.9689957499504089]"
8402,0,49.53%,87.96%,0.0060,"[0.9946251511573792, 0.005374864675104618]"
8403,1,49.54%,87.96%,0.0314,"[0.02758399024605751, 0.9724159836769104]"
8404,1,49.54%,87.96%,0.0629,"[0.062003374099731445, 0.9379966259002686]"
8405,1,49.55%,87.96%,0.1082,"[0.10166358202695847, 0.8983364105224609]"
8406,1,49.55%,87.96%,0.1575,"[0.1429225206375122, 0.8570774793624878]"
8407,1,49.56%,87.96%,0.1601,"[0.12763547897338867, 0.8723644614219666]"
8408,0,49.55%,87.97%,0.0003,"[0.9964402318000793, 0.00355974561534822]"
8409,0,49.55%,87.97%,0.0001,"[0.99989914894104, 0.00010079104686155915]"
8410,1,49.55%,87.97%,0.0414,"[0.0449276939034462, 0.955072283744812]"
8411,1,49.56%,87.97%,0.0686,"[0.06137466058135033, 0.9386253356933594]"
8412,1,49.57%,87.97%,0.0615,"[0.057256150990724564, 0.9427438378334045]"
8413,0,49.56%,87.97%,0.0002,"[0.999786913394928, 0.00021304185793269426]"
8414,0,49.55%,87.97%,0.0001,"[0.9998555183410645, 0.00014447557623498142]"
8415,1,49.56%,87.98%,0.0231,"[0.022163590416312218, 0.9778363704681396]"
8416,0,49.55%,87.96%,2.7611,"[0.11522872745990753, 0.8847713470458984]"
8417,0,49.55%,87.97%,0.0000,"[0.99996018409729, 3.9869733882369474e-05]"
8418,0,49.54%,87.97%,0.0000,"[0.9999983310699463, 1.6438103784821578e-06]"
8419,0,49.54%,87.97%,0.0000,"[0.9999992847442627, 7.39590575449256e-07]"
8420,0,49.53%,87.97%,0.0001,"[0.9998306035995483, 0.00016942319052759558]"
8421,1,49.54%,87.97%,0.0131,"[0.013157064095139503, 0.986842930316925]"
8422,1,49.54%,87.97%,0.0419,"[0.033617693930864334, 0.9663822650909424]"
8423,1,49.55%,87.97%,0.0758,"[0.08833693712949753, 0.9116631150245667]"
8424,1,49.55%,87.98%,0.1095,"[0.1353292465209961, 0.8646706938743591]"
8425,0,49.55%,87.98%,0.5356,"[0.8244577646255493, 0.1755422055721283]"
8426,1,49.56%,87.98%,0.0586,"[0.06280989199876785, 0.9371901154518127]"
8427,1,49.56%,87.98%,0.0869,"[0.08271314948797226, 0.9172868132591248]"
8428,0,49.56%,87.98%,0.0006,"[0.9985858201980591, 0.0014141728170216084]"
8429,0,49.55%,87.98%,0.0000,"[0.999957799911499, 4.215947410557419e-05]"
8430,1,49.56%,87.98%,0.0356,"[0.03865662217140198, 0.9613433480262756]"
8431,1,49.56%,87.99%,0.0492,"[0.048888225108385086, 0.9511117935180664]"
8432,0,49.56%,87.98%,2.9019,"[0.06327278912067413, 0.9367272257804871]"
8433,0,49.55%,87.98%,0.0000,"[0.9999771118164062, 2.292370299983304e-05]"
8434,0,49.54%,87.98%,0.0000,"[0.9999964237213135, 3.5522018606570782e-06]"
8435,0,49.54%,87.98%,0.0000,"[0.999998927116394, 1.0650322792571387e-06]"
8436,1,49.54%,87.97%,1.5319,"[0.733794093132019, 0.26620590686798096]"
8437,1,49.55%,87.97%,0.0427,"[0.04733436182141304, 0.9526656866073608]"
8438,1,49.56%,87.97%,0.0583,"[0.05145564302802086, 0.9485443830490112]"
8439,0,49.55%,87.97%,0.0000,"[0.9999006986618042, 9.92465575109236e-05]"
8440,1,49.56%,87.98%,0.0710,"[0.061339370906353, 0.9386606216430664]"
8441,1,49.56%,87.98%,0.7119,"[0.4005526304244995, 0.5994473695755005]"
8442,0,49.56%,87.97%,2.6404,"[0.09349112957715988, 0.9065088629722595]"
8443,1,49.56%,87.97%,0.0612,"[0.053356464952230453, 0.9466435313224792]"
8444,1,49.57%,87.97%,0.1189,"[0.11160076409578323, 0.8883993029594421]"
8445,1,49.57%,87.97%,0.1760,"[0.16630147397518158, 0.8336985111236572]"
8446,1,49.58%,87.97%,0.2105,"[0.20650961995124817, 0.7934903502464294]"
8447,0,49.57%,87.97%,0.0104,"[0.9741981625556946, 0.025801781564950943]"
8448,1,49.58%,87.97%,0.1189,"[0.10701669007539749, 0.8929832577705383]"
8449,1,49.59%,87.98%,0.1166,"[0.10302132368087769, 0.8969786763191223]"
8450,0,49.58%,87.98%,0.0003,"[0.9998428821563721, 0.00015713690663687885]"
8451,0,49.57%,87.98%,0.0000,"[0.999982476234436, 1.7470440070610493e-05]"
8452,0,49.57%,87.98%,0.0000,"[0.9999926090240479, 7.368487331405049e-06]"
8453,1,49.57%,87.98%,0.0205,"[0.01642652228474617, 0.9835734963417053]"
8454,0,49.57%,87.97%,2.6090,"[0.08021999150514603, 0.9197800159454346]"
8455,0,49.56%,87.97%,0.0000,"[0.9999897480010986, 1.023253207677044e-05]"
8456,0,49.56%,87.96%,3.6710,"[0.026184875518083572, 0.9738151431083679]"
8457,1,49.56%,87.96%,0.0282,"[0.026538429781794548, 0.9734615087509155]"
8458,1,49.57%,87.97%,0.0617,"[0.05929790437221527, 0.9407020211219788]"
8459,1,49.57%,87.97%,0.1098,"[0.10604067146778107, 0.8939593434333801]"
8460,0,49.57%,87.97%,0.0032,"[0.9992461204528809, 0.0007539493963122368]"
8461,0,49.56%,87.97%,0.0001,"[0.9999761581420898, 2.389756264165044e-05]"
8462,1,49.57%,87.97%,0.0416,"[0.03771568089723587, 0.9622843265533447]"
8463,1,49.57%,87.97%,0.0781,"[0.0772656723856926, 0.9227343201637268]"
8464,1,49.58%,87.97%,0.0769,"[0.11242273449897766, 0.8875772356987]"
8465,0,49.57%,87.96%,1.9037,"[0.1380564272403717, 0.8619435429573059]"
8466,1,49.58%,87.97%,0.1080,"[0.09004242718219757, 0.9099575877189636]"
8467,0,49.57%,87.97%,0.0045,"[0.9957678318023682, 0.004232168197631836]"
8468,1,49.58%,87.97%,0.1050,"[0.09351931512355804, 0.906480610370636]"
8469,1,49.59%,87.97%,0.1475,"[0.12522202730178833, 0.8747779726982117]"
8470,1,49.59%,87.97%,0.1255,"[0.10187498480081558, 0.8981249928474426]"
8471,0,49.59%,87.97%,0.0018,"[0.9996148347854614, 0.0003851420187857002]"
8472,1,49.59%,87.97%,0.0803,"[0.0755513459444046, 0.9244486689567566]"
8473,0,49.59%,87.97%,0.0006,"[0.9985128045082092, 0.0014871610328555107]"
8474,0,49.58%,87.96%,2.7086,"[0.06267807632684708, 0.9373219609260559]"
8475,1,49.59%,87.97%,0.0526,"[0.047617167234420776, 0.9523828625679016]"
8476,1,49.59%,87.97%,0.0592,"[0.05912457033991814, 0.9408754110336304]"
8477,0,49.59%,87.97%,0.0002,"[0.9998998641967773, 0.000100101409771014]"
8478,0,49.58%,87.97%,0.0000,"[0.999984622001648, 1.5374664144474082e-05]"
8479,0,49.58%,87.97%,0.0000,"[0.9999638795852661, 3.615030800574459e-05]"
8480,1,49.58%,87.97%,0.0377,"[0.040672894567251205, 0.9593271613121033]"
8481,1,49.59%,87.97%,0.0635,"[0.05758680775761604, 0.9424131512641907]"
8482,1,49.59%,87.98%,0.1311,"[0.13178803026676178, 0.8682119250297546]"
8483,1,49.60%,87.98%,0.2705,"[0.24597018957138062, 0.7540298104286194]"
8484,1,49.61%,87.98%,0.1970,"[0.18960188329219818, 0.8103981614112854]"
8485,0,49.60%,87.98%,0.0017,"[0.9982361793518066, 0.0017638475401327014]"
8486,0,49.59%,87.98%,0.0002,"[0.9997450709342957, 0.0002549570635892451]"
8487,0,49.59%,87.98%,0.2470,"[0.6945546269416809, 0.3054453730583191]"
8488,0,49.58%,87.98%,0.0250,"[0.9440024495124817, 0.05599748715758324]"
8489,0,49.58%,87.99%,0.0000,"[0.9999948740005493, 5.177966613700846e-06]"
8490,0,49.57%,87.99%,0.0000,"[0.9999985694885254, 1.432159706382663e-06]"
8491,1,49.58%,87.99%,0.0190,"[0.01962239481508732, 0.9803776144981384]"
8492,1,49.58%,87.99%,0.0500,"[0.04686601832509041, 0.9531339406967163]"
8493,0,49.58%,87.99%,0.0001,"[0.9998984336853027, 0.0001015460366033949]"
8494,0,49.57%,87.99%,0.0000,"[0.999972939491272, 2.7003217837773263e-05]"
8495,1,49.58%,87.99%,0.0323,"[0.02773943357169628, 0.972260594367981]"
8496,1,49.58%,88.00%,0.0733,"[0.07011362910270691, 0.9298863410949707]"
8497,0,49.58%,88.00%,0.0001,"[0.9998639822006226, 0.00013600262172985822]"
8498,0,49.57%,88.00%,0.0000,"[0.9999821186065674, 1.7914229829329997e-05]"
8499,1,49.58%,88.00%,0.0482,"[0.04547975957393646, 0.9545202255249023]"
8500,0,49.57%,88.00%,0.9849,"[0.5553519129753113, 0.4446481168270111]"
8501,0,49.56%,88.00%,0.0001,"[0.9999754428863525, 2.454261266393587e-05]"
8502,1,49.57%,88.00%,0.0372,"[0.051699090749025345, 0.9483008980751038]"
8503,1,49.58%,88.01%,0.1214,"[0.2085774689912796, 0.7914225459098816]"
8504,0,49.57%,88.00%,1.7007,"[0.13760536909103394, 0.8623945713043213]"
8505,0,49.57%,88.00%,0.0000,"[0.999968409538269, 3.1628398573957384e-05]"
8506,0,49.56%,88.00%,0.0000,"[0.9999936819076538, 6.267197022680193e-06]"
8507,1,49.57%,88.00%,0.0342,"[0.031190598383545876, 0.9688094258308411]"
8508,1,49.57%,88.00%,0.0789,"[0.07549402117729187, 0.9245060086250305]"
8509,1,49.58%,88.00%,0.0934,"[0.12688185274600983, 0.8731181025505066]"
8510,1,49.58%,88.00%,0.1672,"[0.1174769401550293, 0.8825231194496155]"
8511,0,49.58%,88.01%,0.0013,"[0.9990100860595703, 0.0009899446740746498]"
8512,1,49.58%,88.01%,0.0634,"[0.06229780986905098, 0.9377021789550781]"
8513,1,49.59%,88.01%,0.2777,"[0.4674382209777832, 0.532561719417572]"
8514,1,49.59%,88.01%,0.1099,"[0.09415848553180695, 0.9058415293693542]"
8515,0,49.59%,88.01%,0.0002,"[0.99983811378479, 0.00016186235006898642]"
8516,0,49.58%,88.01%,0.0000,"[0.999983549118042, 1.641218113945797e-05]"
8517,1,49.59%,88.01%,0.0244,"[0.024381468072533607, 0.9756185412406921]"
8518,1,49.60%,88.02%,0.0345,"[0.04152607172727585, 0.9584739208221436]"
8519,0,49.59%,88.02%,0.0001,"[0.9999082088470459, 9.172767749987543e-05]"
8520,1,49.60%,88.02%,0.0640,"[0.04591419920325279, 0.9540858268737793]"
8521,1,49.60%,88.02%,0.0840,"[0.07169050723314285, 0.928309440612793]"
8522,1,49.61%,88.02%,0.1299,"[0.11608532816171646, 0.8839146494865417]"
8523,1,49.61%,88.02%,0.1588,"[0.138773575425148, 0.8612264394760132]"
8524,0,49.61%,88.02%,0.0003,"[0.999800980091095, 0.00019903334032278508]"
8525,0,49.60%,88.02%,0.0001,"[0.9999632835388184, 3.669129000627436e-05]"
8526,0,49.60%,88.03%,0.0000,"[0.9999924898147583, 7.502689641114557e-06]"
8527,0,49.59%,88.03%,0.0000,"[0.999983549118042, 1.6421150576206855e-05]"
8528,0,49.58%,88.03%,0.0000,"[0.9999992847442627, 6.740775688740541e-07]"
8529,1,49.59%,88.03%,0.0220,"[0.029040172696113586, 0.9709597826004028]"
8530,0,49.58%,88.02%,0.0152,"[0.14161255955696106, 0.8583874106407166]"
8531,0,49.58%,88.02%,0.0000,"[0.9999970197677612, 2.952616796392249e-06]"
8532,1,49.58%,88.02%,0.0217,"[0.021251637488603592, 0.9787484407424927]"
8533,0,49.58%,88.02%,0.0000,"[0.9999611377716064, 3.881407610606402e-05]"
8534,1,49.58%,88.03%,0.0165,"[0.019451403990387917, 0.980548620223999]"
8535,1,49.59%,88.03%,0.0379,"[0.032938770949840546, 0.9670612215995789]"
8536,1,49.60%,88.03%,0.0251,"[0.025843987241387367, 0.9741559624671936]"
8537,1,49.60%,88.03%,0.0457,"[0.04229310527443886, 0.957706868648529]"
8538,0,49.60%,88.03%,0.0001,"[0.999722421169281, 0.00027754734037443995]"
8539,1,49.60%,88.03%,0.0852,"[0.08607683330774307, 0.9139231443405151]"
8540,0,49.60%,88.02%,0.0393,"[0.4009295403957367, 0.5990704298019409]"
8541,0,49.59%,88.02%,0.0001,"[0.9999275207519531, 7.243577420013025e-05]"
8542,1,49.60%,88.03%,0.0284,"[0.027610335499048233, 0.9723896384239197]"
8543,1,49.60%,88.03%,0.0355,"[0.033304039388895035, 0.96669602394104]"
8544,1,49.61%,88.03%,0.0288,"[0.026334304362535477, 0.973665714263916]"
8545,1,49.61%,88.03%,0.0527,"[0.04734615981578827, 0.9526538848876953]"
8546,1,49.62%,88.03%,0.0694,"[0.05110488459467888, 0.9488951563835144]"
8547,0,49.61%,88.03%,1.5504,"[0.8680555820465088, 0.1319444328546524]"
8548,1,49.62%,88.03%,0.1151,"[0.09247318655252457, 0.9075267910957336]"
8549,1,49.63%,88.04%,0.0819,"[0.07425074279308319, 0.9257492423057556]"
8550,1,49.63%,88.04%,0.2439,"[0.16336923837661743, 0.8366307616233826]"
8551,0,49.63%,88.04%,0.0021,"[0.9974155426025391, 0.0025844171177595854]"
8552,0,49.62%,88.04%,0.0002,"[0.9997828602790833, 0.00021711278532166034]"
8553,0,49.61%,88.04%,0.0000,"[0.9999905824661255, 9.422639777767472e-06]"
8554,0,49.61%,88.04%,0.0000,"[0.9999936819076538, 6.309782747848658e-06]"
8555,0,49.60%,88.04%,0.0000,"[0.9999992847442627, 6.746982421645953e-07]"
8556,1,49.61%,88.04%,0.0124,"[0.01190524734556675, 0.9880947470664978]"
8557,0,49.60%,88.05%,0.0000,"[0.9999842643737793, 1.5703830285929143e-05]"
8558,1,49.61%,88.05%,0.0315,"[0.03163906931877136, 0.968360960483551]"
8559,1,49.61%,88.05%,0.0376,"[0.03525673225522041, 0.9647433161735535]"
8560,0,49.61%,88.05%,0.0004,"[0.9995918869972229, 0.00040809818892739713]"
8561,0,49.60%,88.05%,0.0000,"[0.9999487400054932, 5.127696203999221e-05]"
8562,0,49.60%,88.05%,0.0000,"[0.9999954700469971, 4.579580490826629e-06]"
8563,0,49.59%,88.04%,3.5919,"[0.027946848422288895, 0.9720531702041626]"
8564,1,49.60%,88.04%,0.0183,"[0.017309485003352165, 0.9826905131340027]"
8565,0,49.59%,88.05%,0.0056,"[0.9991987347602844, 0.000801278802100569]"
8566,1,49.60%,88.05%,0.0224,"[0.019528832286596298, 0.980471134185791]"
8567,0,49.59%,88.05%,0.0000,"[0.9999221563339233, 7.77798195485957e-05]"
8568,1,49.60%,88.05%,0.0237,"[0.019125916063785553, 0.9808741211891174]"
8569,1,49.60%,88.05%,0.0513,"[0.04176710173487663, 0.9582328200340271]"
8570,1,49.61%,88.05%,0.0981,"[0.1231500506401062, 0.8768499493598938]"
8571,1,49.62%,88.05%,0.1094,"[0.10454639792442322, 0.8954535722732544]"
8572,0,49.61%,88.04%,2.4265,"[0.09526055306196213, 0.9047393798828125]"
8573,1,49.62%,88.05%,0.0571,"[0.05751322954893112, 0.9424867630004883]"
8574,1,49.62%,88.05%,0.0917,"[0.09193050861358643, 0.9080694913864136]"
8575,0,49.62%,88.05%,0.0018,"[0.9959090948104858, 0.00409090518951416]"
8576,0,49.61%,88.04%,2.8122,"[0.06454741954803467, 0.9354525208473206]"
8577,1,49.62%,88.04%,0.0499,"[0.04938272014260292, 0.950617253780365]"
8578,1,49.62%,88.04%,0.0681,"[0.07084402441978455, 0.9291560053825378]"
8579,1,49.63%,88.04%,0.0701,"[0.06840847432613373, 0.9315915107727051]"
8580,1,49.63%,88.04%,0.1227,"[0.11289828270673752, 0.8871017694473267]"
8581,0,49.63%,88.04%,0.2253,"[0.8405888676643372, 0.15941110253334045]"
8582,0,49.62%,88.05%,0.0001,"[0.9999110698699951, 8.887524745659903e-05]"
8583,1,49.63%,88.05%,0.0425,"[0.04453090578317642, 0.9554691314697266]"
8584,0,49.62%,88.05%,0.0001,"[0.9999234676361084, 7.654989167349413e-05]"
8585,0,49.62%,88.05%,0.0059,"[0.993884265422821, 0.006115681957453489]"
8586,1,49.62%,88.05%,0.2469,"[0.17461702227592468, 0.8253829479217529]"
8587,0,49.62%,88.05%,0.0000,"[0.9999806880950928, 1.925259675772395e-05]"
8588,0,49.61%,88.05%,0.0000,"[0.9999963045120239, 3.7374734347395133e-06]"
8589,1,49.62%,88.06%,0.0252,"[0.023177370429039, 0.9768226146697998]"
8590,1,49.62%,88.06%,0.0628,"[0.05606364831328392, 0.9439364075660706]"
8591,0,49.62%,88.06%,0.1808,"[0.6153991222381592, 0.3846009075641632]"
8592,0,49.61%,88.06%,0.0002,"[0.999963641166687, 3.639320129877888e-05]"
8593,0,49.60%,88.06%,0.0000,"[0.9999964237213135, 3.542519607435679e-06]"
8594,1,49.61%,88.06%,0.0219,"[0.02274448238313198, 0.9772555232048035]"
8595,1,49.62%,88.06%,0.0439,"[0.0614437535405159, 0.9385561943054199]"
8596,1,49.62%,88.07%,0.0915,"[0.11141160875558853, 0.8885884284973145]"
8597,1,49.63%,88.07%,0.1306,"[0.13752864301204681, 0.8624712824821472]"
8598,0,49.62%,88.07%,0.0007,"[0.998799204826355, 0.0012007436016574502]"
8599,1,49.63%,88.07%,0.0403,"[0.038118716329336166, 0.9618812799453735]"
8600,0,49.62%,88.07%,0.0001,"[0.9999239444732666, 7.605148130096495e-05]"
8601,1,49.63%,88.07%,0.0345,"[0.03298123925924301, 0.967018723487854]"
8602,0,49.62%,88.07%,0.0209,"[0.9706341028213501, 0.029365966096520424]"
8603,0,49.62%,88.08%,0.0000,"[0.9999839067459106, 1.6074849554570392e-05]"
8604,1,49.62%,88.08%,0.0218,"[0.024937646463513374, 0.975062370300293]"
8605,1,49.63%,88.08%,0.0573,"[0.03526029363274574, 0.9647397398948669]"
8606,0,49.62%,88.07%,2.2345,"[0.14544455707073212, 0.8545553684234619]"
8607,0,49.62%,88.07%,0.0000,"[0.9999862909317017, 1.3711410247196909e-05]"
8608,0,49.61%,88.07%,0.0000,"[0.9999973773956299, 2.589894847915275e-06]"
8609,1,49.62%,88.07%,0.0186,"[0.018363533541560173, 0.9816364645957947]"
8610,1,49.62%,88.07%,0.0413,"[0.03366246446967125, 0.9663375616073608]"
8611,1,49.63%,88.07%,0.0380,"[0.04154272750020027, 0.9584572911262512]"
8612,0,49.62%,88.08%,0.0000,"[0.999983549118042, 1.6392596080549993e-05]"
8613,1,49.63%,88.07%,9.1695,"[0.8468564748764038, 0.15314355492591858]"
8614,1,49.63%,88.07%,0.0932,"[0.11850602924823761, 0.8814939856529236]"
8615,1,49.64%,88.07%,0.1401,"[0.1182011067867279, 0.8817989230155945]"
8616,1,49.65%,88.07%,0.1658,"[0.15016520023345947, 0.8498347997665405]"
8617,1,49.65%,88.07%,0.1454,"[0.1881008744239807, 0.8118991851806641]"
8618,1,49.66%,88.07%,0.2922,"[0.31982940435409546, 0.6801705956459045]"
8619,1,49.66%,88.07%,0.2595,"[0.17090488970279694, 0.8290951251983643]"
8620,1,49.67%,88.08%,0.3855,"[0.23650531470775604, 0.7634947299957275]"
8621,1,49.68%,88.08%,0.3689,"[0.27531710267066956, 0.7246828675270081]"
8622,0,49.67%,88.08%,0.2023,"[0.9284765124320984, 0.07152343541383743]"
8623,1,49.68%,88.08%,0.1130,"[0.1189853623509407, 0.8810146450996399]"
8624,1,49.68%,88.08%,0.1621,"[0.12228403985500336, 0.8777159452438354]"
8625,0,49.68%,88.08%,0.0014,"[0.9957192540168762, 0.004280759021639824]"
8626,0,49.67%,88.08%,0.0001,"[0.9998506307601929, 0.00014940241817384958]"
8627,1,49.68%,88.09%,0.0366,"[0.03361984342336655, 0.9663801789283752]"
8628,0,49.67%,88.09%,0.0001,"[0.9999617338180542, 3.826234024018049e-05]"
8629,0,49.66%,88.09%,0.0000,"[0.9999920129776001, 7.987672688614111e-06]"
8630,0,49.66%,88.08%,3.0306,"[0.219940185546875, 0.780059814453125]"
8631,1,49.66%,88.08%,0.0164,"[0.02512076124548912, 0.974879264831543]"
8632,1,49.67%,88.08%,0.0217,"[0.024065036326646805, 0.9759349822998047]"
8633,0,49.66%,88.08%,0.0001,"[0.9999188184738159, 8.121703285723925e-05]"
8634,0,49.66%,88.08%,0.0000,"[0.9999922513961792, 7.764004294585902e-06]"
8635,1,49.66%,88.08%,0.0187,"[0.019185109063982964, 0.9808149337768555]"
8636,0,49.66%,88.09%,0.2153,"[0.7388671636581421, 0.2611328363418579]"
8637,1,49.66%,88.09%,0.0634,"[0.06274162232875824, 0.9372584223747253]"
8638,1,49.67%,88.09%,0.0542,"[0.05164880305528641, 0.9483511447906494]"
8639,1,49.68%,88.09%,0.0611,"[0.05911112576723099, 0.9408889412879944]"
8640,1,49.68%,88.09%,0.0987,"[0.08801795542240143, 0.9119820594787598]"
8641,1,49.69%,88.09%,0.1303,"[0.0858566164970398, 0.9141433238983154]"
8642,1,49.69%,88.09%,0.1292,"[0.17229822278022766, 0.8277018070220947]"
8643,0,49.69%,88.10%,0.2376,"[0.6028934121131897, 0.3971066474914551]"
8644,0,49.68%,88.10%,0.0002,"[0.9999057054519653, 9.42696860875003e-05]"
8645,0,49.68%,88.10%,0.0000,"[0.9999877214431763, 1.2242123375472147e-05]"
8646,0,49.67%,88.10%,0.0000,"[0.9999972581863403, 2.784458729365724e-06]"
8647,0,49.66%,88.10%,0.0000,"[0.9999986886978149, 1.2619037761396612e-06]"
8648,1,49.67%,88.10%,0.0139,"[0.012738644145429134, 0.9872614145278931]"
8649,0,49.66%,88.10%,0.0000,"[0.9999829530715942, 1.705695831333287e-05]"
8650,0,49.66%,88.11%,0.0000,"[0.9999977350234985, 2.32336833505542e-06]"
8651,1,49.66%,88.11%,0.0125,"[0.012463584542274475, 0.9875363707542419]"
8652,1,49.67%,88.11%,0.0183,"[0.024224279448390007, 0.9757757186889648]"
8653,1,49.68%,88.11%,0.0380,"[0.033986933529376984, 0.9660130143165588]"
8654,0,49.67%,88.11%,0.0004,"[0.9996170997619629, 0.0003828201733995229]"
8655,1,49.68%,88.11%,0.0401,"[0.03829091414809227, 0.9617090225219727]"
8656,1,49.68%,88.10%,0.3485,"[0.774972677230835, 0.22502730786800385]"
8657,1,49.69%,88.10%,0.0718,"[0.07060357928276062, 0.9293964505195618]"
8658,0,49.68%,88.10%,0.0001,"[0.999850869178772, 0.00014908434241078794]"
8659,1,49.69%,88.11%,0.0340,"[0.03211691975593567, 0.9678831100463867]"
8660,1,49.69%,88.11%,0.0658,"[0.06758685410022736, 0.9324131608009338]"
8661,0,49.69%,88.11%,0.0008,"[0.9995986819267273, 0.00040132817230187356]"
8662,1,49.69%,88.11%,0.0412,"[0.04200349003076553, 0.9579964876174927]"
8663,0,49.69%,88.11%,0.0000,"[0.999961256980896, 3.880016811308451e-05]"
8664,1,49.69%,88.11%,0.0311,"[0.02621910534799099, 0.9737808704376221]"
8665,0,49.69%,88.11%,0.0000,"[0.9999551773071289, 4.4855045416625217e-05]"
8666,0,49.68%,88.12%,0.0000,"[0.9999769926071167, 2.3049024093779735e-05]"
8667,0,49.68%,88.12%,0.0000,"[0.999996542930603, 3.472126991255209e-06]"
8668,0,49.67%,88.12%,0.0000,"[0.9999986886978149, 1.294895355385961e-06]"
8669,1,49.68%,88.12%,0.0105,"[0.009551523253321648, 0.9904484152793884]"
8670,1,49.68%,88.12%,0.0380,"[0.10398703813552856, 0.8960129618644714]"
8671,0,49.68%,88.12%,0.0001,"[0.9998834133148193, 0.00011657000868581235]"
8672,1,49.68%,88.12%,0.0259,"[0.025108899921178818, 0.9748910665512085]"
8673,1,49.69%,88.13%,0.0495,"[0.03917596861720085, 0.9608240723609924]"
8674,1,49.69%,88.13%,0.0546,"[0.04792959243059158, 0.9520704746246338]"
8675,0,49.69%,88.13%,0.0001,"[0.9990847110748291, 0.0009152753627859056]"
8676,0,49.68%,88.12%,3.5704,"[0.027986420318484306, 0.972013533115387]"
8677,0,49.68%,88.12%,0.0000,"[0.9999896287918091, 1.0356061466154642e-05]"
8678,0,49.67%,88.11%,0.9210,"[0.11186132580041885, 0.8881386518478394]"
8679,0,49.67%,88.11%,0.0000,"[0.9999971389770508, 2.8295157790125813e-06]"
8680,1,49.67%,88.11%,0.0195,"[0.018774081021547318, 0.9812259078025818]"
8681,0,49.67%,88.10%,3.6503,"[0.026585061103105545, 0.973414957523346]"
8682,0,49.66%,88.10%,0.3464,"[0.8022278547286987, 0.1977721005678177]"
8683,0,49.65%,88.10%,0.0000,"[0.9999977350234985, 2.2763017568649957e-06]"
8684,0,49.65%,88.11%,0.0567,"[0.9999973773956299, 2.643659854584257e-06]"
8685,0,49.64%,88.11%,0.0000,"[0.9999980926513672, 1.9271365090389736e-06]"
8686,1,49.65%,88.11%,0.0436,"[0.040057115256786346, 0.9599429368972778]"
8687,1,49.65%,88.11%,0.0541,"[0.04598814994096756, 0.954011857509613]"
8688,0,49.65%,88.11%,0.0005,"[0.9994165897369385, 0.0005833935574628413]"
8689,0,49.64%,88.11%,0.0000,"[0.9999707937240601, 2.92370004899567e-05]"
8690,0,49.64%,88.11%,0.0000,"[0.9999953508377075, 4.667326265916927e-06]"
8691,1,49.64%,88.12%,0.0901,"[0.09689076989889145, 0.9031092524528503]"
8692,0,49.64%,88.12%,0.0000,"[0.9999599456787109, 4.000905391876586e-05]"
8693,1,49.64%,88.12%,0.0290,"[0.02863970585167408, 0.9713602662086487]"
8694,0,49.64%,88.12%,0.0000,"[0.9999899864196777, 1.000148677121615e-05]"
8695,0,49.63%,88.12%,0.0000,"[0.9999977350234985, 2.244946927021374e-06]"
8696,1,49.64%,88.12%,0.0176,"[0.016915319487452507, 0.9830847382545471]"
8697,1,49.64%,88.12%,0.0201,"[0.01891160011291504, 0.981088399887085]"
8698,0,49.64%,88.13%,0.0000,"[0.9999963045120239, 3.7131374028831488e-06]"
8699,0,49.63%,88.13%,0.0002,"[0.9996885061264038, 0.0003114971914328635]"
8700,0,49.63%,88.13%,0.0000,"[0.9999979734420776, 2.084363131871214e-06]"
8701,1,49.63%,88.13%,0.0219,"[0.017682572826743126, 0.9823174476623535]"
8702,0,49.63%,88.13%,0.0000,"[0.9999974966049194, 2.4666403533046832e-06]"
8703,1,49.63%,88.13%,0.0187,"[0.022093720734119415, 0.9779062867164612]"
8704,1,49.64%,88.13%,0.0370,"[0.03529252111911774, 0.9647074937820435]"
8705,0,49.63%,88.13%,0.0001,"[0.9999079704284668, 9.20286329346709e-05]"
8706,1,49.64%,88.14%,0.0343,"[0.0355534665286541, 0.964446485042572]"
8707,1,49.64%,88.14%,0.0407,"[0.03566455468535423, 0.9643353819847107]"
8708,0,49.64%,88.14%,0.0001,"[0.9999715089797974, 2.846150891855359e-05]"
8709,0,49.63%,88.14%,0.0000,"[0.9999946355819702, 5.351637810235843e-06]"
8710,1,49.64%,88.14%,0.0205,"[0.02091994695365429, 0.9790800213813782]"
8711,1,49.64%,88.14%,0.0525,"[0.04479270428419113, 0.955207347869873]"
8712,0,49.64%,88.14%,0.0002,"[0.9998939037322998, 0.00010608750017127022]"
8713,1,49.64%,88.15%,0.0340,"[0.0354505255818367, 0.9645494818687439]"
8714,0,49.64%,88.14%,2.5623,"[0.06777040660381317, 0.9322295784950256]"
8715,1,49.64%,88.14%,0.0583,"[0.053422797471284866, 0.9465771913528442]"
8716,1,49.65%,88.14%,0.1027,"[0.09571672976016998, 0.9042832255363464]"
8717,0,49.64%,88.14%,0.0060,"[0.9940705895423889, 0.005929370876401663]"
8718,0,49.64%,88.14%,0.0002,"[0.9997988343238831, 0.0002012018667301163]"
8719,1,49.64%,88.14%,0.0591,"[0.05876452848315239, 0.9412354826927185]"
8720,0,49.64%,88.13%,2.1237,"[0.10351121425628662, 0.8964887857437134]"
8721,1,49.64%,88.13%,0.0405,"[0.0505402609705925, 0.9494597315788269]"
8722,1,49.65%,88.13%,0.0661,"[0.06658202409744263, 0.9334179759025574]"
8723,0,49.64%,88.14%,0.2976,"[0.8498897552490234, 0.15011027455329895]"
8724,1,49.65%,88.14%,0.0701,"[0.06503821164369583, 0.9349617958068848]"
8725,0,49.64%,88.14%,0.0692,"[0.8452712297439575, 0.1547287404537201]"
8726,0,49.64%,88.14%,0.0002,"[0.9998743534088135, 0.00012562838674057275]"
8727,0,49.63%,88.14%,0.0000,"[0.9999874830245972, 1.248927856067894e-05]"
8728,0,49.63%,88.14%,0.0000,"[0.9999970197677612, 3.0220739972719457e-06]"
8729,0,49.62%,88.14%,0.0000,"[0.9999996423721313, 3.4891513678303454e-07]"
8730,0,49.62%,88.15%,0.0000,"[0.9999997615814209, 2.3888006239758397e-07]"
8731,1,49.62%,88.15%,0.9499,"[0.15231268107891083, 0.8476872444152832]"
8732,1,49.63%,88.15%,0.0239,"[0.020122801885008812, 0.9798771739006042]"
8733,1,49.63%,88.15%,0.0463,"[0.04679490625858307, 0.9532051086425781]"
8734,1,49.64%,88.15%,0.0439,"[0.05512912571430206, 0.9448708891868591]"
8735,1,49.65%,88.15%,0.1034,"[0.09586595743894577, 0.9041340351104736]"
8736,1,49.65%,88.15%,0.1392,"[0.08985432982444763, 0.9101456999778748]"
8737,0,49.65%,88.16%,0.0005,"[0.9993075132369995, 0.0006925377529114485]"
8738,0,49.64%,88.16%,0.0000,"[0.9999686479568481, 3.1354335078503937e-05]"
8739,1,49.65%,88.15%,9.4965,"[0.9603701829910278, 0.039629753679037094]"
8740,1,49.65%,88.15%,0.0684,"[0.06655923277139664, 0.9334407448768616]"
8741,1,49.66%,88.14%,2.4385,"[0.5992345809936523, 0.40076544880867004]"
8742,0,49.65%,88.14%,0.0156,"[0.8800837397575378, 0.11991625279188156]"
8743,1,49.66%,88.14%,2.5950,"[0.23670585453510284, 0.7632941603660583]"
8744,1,49.66%,88.14%,0.1011,"[0.10227664560079575, 0.897723376750946]"
8745,0,49.66%,88.14%,0.0023,"[0.9975486397743225, 0.002451307373121381]"
8746,1,49.66%,88.14%,0.0647,"[0.061315953731536865, 0.9386840462684631]"
8747,1,49.67%,88.15%,0.1224,"[0.10828746855258942, 0.891712486743927]"
8748,1,49.67%,88.15%,0.1312,"[0.12437896430492401, 0.8756210207939148]"
8749,1,49.68%,88.15%,0.1176,"[0.10243804007768631, 0.8975619673728943]"
8750,1,49.69%,88.15%,0.1270,"[0.11948013305664062, 0.8805198669433594]"
8751,0,49.68%,88.15%,0.0025,"[0.9978275895118713, 0.0021723348181694746]"
8752,1,49.69%,88.15%,0.0514,"[0.04786589741706848, 0.9521340727806091]"
8753,1,49.69%,88.15%,0.0456,"[0.052420079708099365, 0.9475799798965454]"
8754,1,49.70%,88.16%,0.0529,"[0.0530763678252697, 0.9469236135482788]"
8755,0,49.69%,88.15%,1.4977,"[0.3018043637275696, 0.6981956362724304]"
8756,0,49.69%,88.15%,0.0002,"[0.9997809529304504, 0.00021907829795964062]"
8757,0,49.68%,88.15%,0.0000,"[0.9999935626983643, 6.433838734665187e-06]"
8758,1,49.69%,88.15%,0.0163,"[0.018463965505361557, 0.9815359711647034]"
8759,1,49.69%,88.15%,0.0396,"[0.04565611481666565, 0.954343855381012]"
8760,0,49.69%,88.15%,0.0013,"[0.9990494847297668, 0.0009505475172773004]"
8761,1,49.69%,88.15%,0.0377,"[0.039511192589998245, 0.9604888558387756]"
8762,1,49.70%,88.15%,0.0641,"[0.0533783882856369, 0.9466216564178467]"
8763,1,49.70%,88.16%,0.1100,"[0.07689457386732101, 0.9231054186820984]"
8764,0,49.70%,88.15%,0.1479,"[0.4326915442943573, 0.5673084855079651]"
8765,1,49.70%,88.15%,0.0649,"[0.061980340629816055, 0.9380196928977966]"
8766,1,49.71%,88.15%,0.0911,"[0.08128044009208679, 0.9187195897102356]"
8767,1,49.71%,88.15%,0.1064,"[0.09215904772281647, 0.9078409075737]"
8768,0,49.71%,88.15%,0.0192,"[0.9651803374290466, 0.03481973335146904]"
8769,1,49.71%,88.15%,0.0563,"[0.061122696846723557, 0.9388773441314697]"
8770,0,49.71%,88.15%,0.0042,"[0.9968773126602173, 0.0031226417049765587]"
8771,0,49.70%,88.16%,0.0001,"[0.9998812675476074, 0.00011869784066220745]"
8772,1,49.71%,88.16%,0.0223,"[0.022564303129911423, 0.9774356484413147]"
8773,0,49.70%,88.16%,0.0001,"[0.999925971031189, 7.398572779493406e-05]"
8774,0,49.70%,88.16%,0.0000,"[0.999991774559021, 8.17830914456863e-06]"
8775,0,49.69%,88.16%,0.0000,"[0.9999986886978149, 1.3165847576601664e-06]"
8776,0,49.69%,88.16%,0.0000,"[0.9999995231628418, 4.5912597101960273e-07]"
8777,0,49.68%,88.16%,0.0000,"[0.9999997615814209, 2.9268619528011186e-07]"
8778,0,49.68%,88.15%,4.9846,"[0.006808350328356028, 0.993191659450531]"
8779,0,49.67%,88.14%,4.4225,"[0.012228459119796753, 0.9877715110778809]"
8780,1,49.68%,88.14%,0.0145,"[0.01978164166212082, 0.9802184104919434]"
8781,0,49.67%,88.15%,0.2298,"[0.6913236975669861, 0.3086763024330139]"
8782,1,49.68%,88.15%,0.0325,"[0.03463533893227577, 0.9653646945953369]"
8783,0,49.67%,88.15%,0.0006,"[0.9991625547409058, 0.0008374354219995439]"
8784,1,49.68%,88.15%,0.0686,"[0.05977595970034599, 0.9402239918708801]"
8785,0,49.67%,88.15%,0.0001,"[0.9999339580535889, 6.598521576961502e-05]"
8786,1,49.68%,88.15%,0.0532,"[0.0407230444252491, 0.9592769145965576]"
8787,1,49.68%,88.14%,5.5187,"[0.9907342195510864, 0.009265829809010029]"
8788,1,49.69%,88.14%,0.0739,"[0.06475819647312164, 0.9352417588233948]"
8789,0,49.68%,88.15%,0.0000,"[0.9999536275863647, 4.633482240024023e-05]"
8790,1,49.69%,88.15%,0.0862,"[0.08625923842191696, 0.9137407541275024]"
8791,0,49.68%,88.15%,0.0001,"[0.9999223947525024, 7.754971011308953e-05]"
8792,1,49.69%,88.15%,0.0306,"[0.032003726810216904, 0.9679962396621704]"
8793,0,49.68%,88.15%,0.0000,"[0.9999966621398926, 3.3762244129320607e-06]"
8794,0,49.68%,88.15%,0.0000,"[0.9999991655349731, 8.3549934970506e-07]"
8795,0,49.67%,88.15%,0.0000,"[0.9999995231628418, 4.925993835058762e-07]"
8796,0,49.66%,88.16%,0.0000,"[0.9999997615814209, 2.0917735810144222e-07]"
8797,1,49.67%,88.16%,0.0112,"[0.01032919529825449, 0.9896708130836487]"
8798,0,49.66%,88.16%,0.0000,"[0.9999995231628418, 4.87478359900706e-07]"
8799,1,49.67%,88.16%,0.0119,"[0.010411286726593971, 0.989588737487793]"
8800,0,49.66%,88.16%,0.0059,"[0.9982859492301941, 0.0017140621785074472]"
8801,1,49.67%,88.16%,0.0349,"[0.038316573947668076, 0.961683452129364]"
8802,1,49.68%,88.16%,0.0510,"[0.049350667744874954, 0.9506493806838989]"
8803,1,49.68%,88.16%,0.0629,"[0.06429378688335419, 0.9357061982154846]"
8804,0,49.68%,88.17%,0.0002,"[0.9994538426399231, 0.0005462093395181]"
8805,1,49.68%,88.17%,0.0412,"[0.03579620644450188, 0.9642038345336914]"
8806,0,49.68%,88.17%,0.0001,"[0.9997971653938293, 0.00020287881488911808]"
8807,0,49.67%,88.17%,0.0000,"[0.9999672174453735, 3.2787080272100866e-05]"
8808,1,49.68%,88.16%,1.1145,"[0.6658461689949036, 0.33415383100509644]"
8809,1,49.68%,88.16%,0.0612,"[0.05861338973045349, 0.9413866400718689]"
8810,1,49.69%,88.16%,0.0896,"[0.07775433361530304, 0.9222456216812134]"
8811,1,49.69%,88.16%,0.1021,"[0.1216282993555069, 0.8783717155456543]"
8812,1,49.70%,88.17%,0.1386,"[0.1711118370294571, 0.8288881182670593]"
8813,1,49.71%,88.17%,0.1356,"[0.12519767880439758, 0.87480229139328]"
8814,0,49.70%,88.17%,0.0026,"[0.9963393211364746, 0.0036607161164283752]"
8815,0,49.69%,88.17%,0.0001,"[0.9996215105056763, 0.00037850980879738927]"
8816,0,49.69%,88.17%,0.0000,"[0.9999932050704956, 6.845798907306744e-06]"
8817,0,49.68%,88.17%,0.0000,"[0.9999973773956299, 2.6774100660986733e-06]"
8818,0,49.68%,88.17%,0.0000,"[0.9999978542327881, 2.1369405658333562e-06]"
8819,1,49.68%,88.17%,0.0086,"[0.00842883251607418, 0.9915711879730225]"
8820,1,49.69%,88.18%,0.0278,"[0.025822993367910385, 0.9741770029067993]"
8821,1,49.69%,88.18%,0.0417,"[0.03120981715619564, 0.9687901735305786]"
8822,1,49.70%,88.18%,0.0637,"[0.040549371391534805, 0.9594506025314331]"
8823,0,49.69%,88.18%,0.0067,"[0.9989508390426636, 0.0010491727152839303]"
8824,1,49.70%,88.18%,0.0490,"[0.041987720876932144, 0.9580122232437134]"
8825,0,49.69%,88.17%,2.1525,"[0.06939136236906052, 0.9306086897850037]"
8826,0,49.69%,88.17%,0.0001,"[0.999977707862854, 2.2284551960183308e-05]"
8827,1,49.69%,88.17%,0.0187,"[0.025829650461673737, 0.9741703271865845]"
8828,1,49.70%,88.18%,0.0569,"[0.04935405030846596, 0.950645923614502]"
8829,0,49.69%,88.18%,0.0004,"[0.9996417760848999, 0.0003581613127607852]"
8830,0,49.69%,88.18%,0.0063,"[0.9987373948097229, 0.0012625649105757475]"
8831,0,49.68%,88.18%,0.0000,"[0.9999864101409912, 1.3553193639381789e-05]"
8832,1,49.69%,88.18%,0.0156,"[0.014445611275732517, 0.9855543375015259]"
8833,0,49.68%,88.18%,0.0002,"[0.9994957447052002, 0.0005041888216510415]"
8834,0,49.68%,88.18%,0.0000,"[0.9999884366989136, 1.159232033387525e-05]"
8835,0,49.67%,88.18%,0.0000,"[0.9999977350234985, 2.2479507606476545e-06]"
8836,0,49.67%,88.17%,3.3857,"[0.10990932583808899, 0.8900907039642334]"
8837,0,49.66%,88.18%,0.0000,"[0.9999982118606567, 1.8286909835296683e-06]"
8838,0,49.65%,88.18%,0.0000,"[0.9999994039535522, 5.697763754142215e-07]"
8839,1,49.66%,88.18%,0.0083,"[0.008007599040865898, 0.9919923543930054]"
8840,0,49.66%,88.18%,0.0000,"[0.9999982118606567, 1.7580882740730885e-06]"
8841,1,49.66%,88.18%,0.0106,"[0.011137725785374641, 0.9888623356819153]"
8842,0,49.66%,88.18%,0.0000,"[0.9999982118606567, 1.7473588513894356e-06]"
8843,1,49.66%,88.18%,0.0163,"[0.014388663694262505, 0.9856113195419312]"
8844,1,49.67%,88.19%,0.0383,"[0.027679169550538063, 0.9723208546638489]"
8845,1,49.67%,88.19%,0.0589,"[0.06268193572759628, 0.9373180866241455]"
8846,1,49.68%,88.19%,0.0871,"[0.13457384705543518, 0.8654261827468872]"
8847,0,49.67%,88.18%,1.3752,"[0.4798329770565033, 0.5201669931411743]"
8848,0,49.67%,88.18%,0.0001,"[0.9999785423278809, 2.1476507754414342e-05]"
8849,1,49.67%,88.18%,0.0239,"[0.025518352165818214, 0.9744816422462463]"
8850,1,49.68%,88.18%,0.0790,"[0.07334829121828079, 0.9266517162322998]"
8851,0,49.67%,88.17%,0.7062,"[0.139360249042511, 0.8606396913528442]"
8852,1,49.68%,88.17%,0.0507,"[0.051233068108558655, 0.9487668871879578]"
8853,1,49.68%,88.17%,0.0679,"[0.09588754177093506, 0.9041125178337097]"
8854,0,49.68%,88.18%,0.0009,"[0.9990164041519165, 0.000983614707365632]"
8855,1,49.68%,88.18%,0.0498,"[0.0492490790784359, 0.9507509469985962]"
8856,1,49.69%,88.18%,0.0824,"[0.07458022236824036, 0.9254197478294373]"
8857,0,49.68%,88.17%,2.4371,"[0.13150164484977722, 0.8684983849525452]"
8858,0,49.68%,88.17%,0.0001,"[0.9998824596405029, 0.00011755858577089384]"
8859,1,49.68%,88.17%,0.0300,"[0.03106134943664074, 0.9689387083053589]"
8860,1,49.69%,88.16%,5.7804,"[0.5884842872619629, 0.4115157723426819]"
8861,1,49.70%,88.16%,0.0723,"[0.07295113801956177, 0.9270488023757935]"
8862,0,49.69%,88.16%,0.0005,"[0.9995203018188477, 0.0004797221045009792]"
8863,1,49.70%,88.17%,0.0638,"[0.06175273656845093, 0.9382472634315491]"
8864,1,49.70%,88.17%,0.0923,"[0.08625130355358124, 0.9137487411499023]"
8865,0,49.70%,88.17%,0.0005,"[0.9995751976966858, 0.00042475032387301326]"
8866,0,49.69%,88.17%,0.0000,"[0.9999688863754272, 3.11142866848968e-05]"
8867,1,49.70%,88.17%,0.0227,"[0.02570553682744503, 0.9742944240570068]"
8868,1,49.70%,88.17%,0.0237,"[0.02751481719315052, 0.9724852442741394]"
8869,0,49.70%,88.16%,0.1970,"[0.2859131991863251, 0.7140868306159973]"
8870,1,49.70%,88.16%,0.0376,"[0.03536367416381836, 0.9646363854408264]"
8871,0,49.70%,88.17%,0.0001,"[0.9999109506607056, 8.902572153601795e-05]"
8872,1,49.70%,88.17%,0.0305,"[0.02638046070933342, 0.9736195802688599]"
8873,0,49.70%,88.17%,0.0001,"[0.9999505281448364, 4.946479748468846e-05]"
8874,1,49.70%,88.17%,0.0230,"[0.02351466566324234, 0.9764853715896606]"
8875,1,49.71%,88.17%,0.0285,"[0.031104547902941704, 0.9688954949378967]"
8876,1,49.71%,88.17%,0.0871,"[0.06856835633516312, 0.9314317107200623]"
8877,0,49.71%,88.17%,0.0009,"[0.9992536902427673, 0.000746270758099854]"
8878,1,49.71%,88.17%,0.0448,"[0.0426214300096035, 0.9573785066604614]"
8879,1,49.72%,88.18%,0.1152,"[0.0872272476553917, 0.9127727746963501]"
8880,0,49.71%,88.18%,0.0025,"[0.9970495700836182, 0.002950360532850027]"
8881,0,49.71%,88.18%,0.0001,"[0.9998757839202881, 0.00012420072744134814]"
8882,1,49.71%,88.18%,0.0459,"[0.04440224543213844, 0.9555977582931519]"
8883,1,49.72%,88.18%,0.0792,"[0.07842695713043213, 0.9215731024742126]"
8884,1,49.72%,88.18%,0.0645,"[0.06859474629163742, 0.931405246257782]"
8885,1,49.73%,88.18%,0.1140,"[0.10612379759550095, 0.8938761949539185]"
8886,0,49.72%,88.18%,0.0013,"[0.9990094900131226, 0.0009905078914016485]"
8887,1,49.73%,88.19%,0.0447,"[0.044738445430994034, 0.9552615284919739]"
8888,0,49.72%,88.19%,0.0001,"[0.9999490976333618, 5.0883812946267426e-05]"
8889,1,49.73%,88.19%,0.0243,"[0.019283326342701912, 0.9807166457176208]"
8890,1,49.74%,88.19%,0.0375,"[0.036253735423088074, 0.963746190071106]"
8891,0,49.73%,88.19%,0.0068,"[0.9973892569541931, 0.0026107621379196644]"
8892,1,49.74%,88.19%,0.0380,"[0.027694353833794594, 0.9723056554794312]"
8893,1,49.74%,88.19%,0.0709,"[0.05457575246691704, 0.9454243183135986]"
8894,1,49.75%,88.20%,0.1643,"[0.12602484226226807, 0.8739750981330872]"
8895,0,49.74%,88.19%,1.6494,"[0.136564239859581, 0.8634357452392578]"
8896,1,49.75%,88.19%,0.0538,"[0.043846245855093, 0.9561536908149719]"
8897,0,49.74%,88.19%,0.0002,"[0.999268114566803, 0.0007318365969695151]"
8898,1,49.75%,88.19%,0.0217,"[0.029386017471551895, 0.970613956451416]"
8899,0,49.74%,88.18%,2.3049,"[0.05669422075152397, 0.9433057904243469]"
8900,0,49.74%,88.18%,0.0001,"[0.9999426603317261, 5.728594624088146e-05]"
8901,0,49.73%,88.17%,3.7915,"[0.02203490398824215, 0.9779651165008545]"
8902,1,49.74%,88.17%,0.0176,"[0.01798361726105213, 0.982016384601593]"
8903,0,49.73%,88.16%,3.7177,"[0.024394594132900238, 0.9756053686141968]"
8904,0,49.72%,88.16%,0.0000,"[0.9999969005584717, 3.1501829198532505e-06]"
8905,0,49.72%,88.17%,0.0000,"[0.9999990463256836, 9.116336627812416e-07]"
8906,1,49.72%,88.17%,0.0272,"[0.028665073215961456, 0.9713349342346191]"
8907,0,49.72%,88.17%,0.0000,"[0.9999823570251465, 1.7687991203274578e-05]"
8908,1,49.72%,88.17%,0.0248,"[0.023501692339777946, 0.9764983654022217]"
8909,1,49.73%,88.17%,0.0278,"[0.025188643485307693, 0.974811315536499]"
8910,0,49.73%,88.17%,0.0056,"[0.9956769347190857, 0.004323128145188093]"
8911,0,49.72%,88.17%,0.0000,"[0.9999974966049194, 2.513746039767284e-06]"
8912,0,49.71%,88.17%,0.0000,"[0.999998927116394, 1.0257965641358169e-06]"
8913,0,49.71%,88.18%,0.0000,"[0.999997615814209, 2.403728558419971e-06]"
8914,0,49.70%,88.18%,0.0000,"[0.9999979734420776, 2.036721753029269e-06]"
8915,1,49.71%,88.18%,0.0231,"[0.024427352473139763, 0.9755727052688599]"
8916,0,49.70%,88.18%,0.0000,"[0.9999959468841553, 4.059921593579929e-06]"
8917,0,49.70%,88.18%,0.4861,"[0.6084247827529907, 0.3915752172470093]"
8918,0,49.69%,88.18%,0.0000,"[0.9999984502792358, 1.5896919194346992e-06]"
8919,1,49.70%,88.18%,0.0380,"[0.039246153086423874, 0.960753858089447]"
8920,0,49.69%,88.19%,0.0000,"[0.999998927116394, 1.0513250572330435e-06]"
8921,1,49.70%,88.19%,0.0648,"[0.050354525446891785, 0.9496455192565918]"
8922,0,49.69%,88.19%,0.0000,"[0.9999969005584717, 3.07106415675662e-06]"
8923,1,49.70%,88.18%,2.4546,"[0.8293768763542175, 0.17062316834926605]"
8924,1,49.70%,88.18%,0.1093,"[0.16431111097335815, 0.8356888890266418]"
8925,1,49.71%,88.18%,0.4493,"[0.4164450466632843, 0.5835549235343933]"
8926,1,49.71%,88.18%,0.1304,"[0.10237251222133636, 0.8976274728775024]"
8927,1,49.72%,88.18%,0.2515,"[0.21473374962806702, 0.7852662205696106]"
8928,0,49.71%,88.17%,0.8606,"[0.41633206605911255, 0.5836679935455322]"
8929,1,49.72%,88.17%,0.2185,"[0.27507486939430237, 0.7249251008033752]"
8930,0,49.71%,88.18%,0.0006,"[0.9997574687004089, 0.0002425341954221949]"
8931,1,49.72%,88.17%,6.2880,"[0.9996127486228943, 0.0003872536472044885]"
8932,0,49.71%,88.16%,2.1621,"[0.09965364634990692, 0.9003463387489319]"
8933,0,49.71%,88.16%,0.8795,"[0.815519392490387, 0.18448054790496826]"
8934,0,49.70%,88.16%,0.0704,"[0.7636184096336365, 0.23638157546520233]"
8935,0,49.70%,88.16%,0.0000,"[0.9999974966049194, 2.4626303911645664e-06]"
8936,0,49.69%,88.16%,0.0000,"[0.9999995231628418, 4.996433631276886e-07]"
8937,1,49.70%,88.16%,0.0114,"[0.011303326115012169, 0.9886966943740845]"
8938,1,49.70%,88.16%,0.0210,"[0.02489839866757393, 0.9751015901565552]"
8939,1,49.71%,88.17%,0.0340,"[0.0343722328543663, 0.9656277298927307]"
8940,1,49.71%,88.17%,0.0802,"[0.07668974995613098, 0.9233102798461914]"
8941,1,49.72%,88.16%,2.5775,"[0.6675469875335693, 0.3324529528617859]"
8942,0,49.71%,88.16%,0.0002,"[0.9998152852058411, 0.0001847336534410715]"
8943,1,49.72%,88.16%,0.0428,"[0.03742516040802002, 0.96257483959198]"
8944,1,49.73%,88.16%,0.0608,"[0.047290705144405365, 0.9527092576026917]"
8945,1,49.73%,88.16%,0.2035,"[0.17743240296840668, 0.8225675225257874]"
8946,0,49.73%,88.16%,0.0028,"[0.996202290058136, 0.003797676181420684]"
8947,1,49.73%,88.16%,0.0752,"[0.08103281259536743, 0.9189671874046326]"
8948,0,49.73%,88.17%,0.0380,"[0.9942315816879272, 0.005768470000475645]"
8949,0,49.72%,88.17%,0.0001,"[0.9998801946640015, 0.0001198150057462044]"
8950,1,49.73%,88.17%,0.8179,"[0.30014416575431824, 0.6998558640480042]"
8951,0,49.72%,88.17%,0.0001,"[0.9999077320098877, 9.224626410286874e-05]"
8952,1,49.73%,88.17%,0.0452,"[0.02972567267715931, 0.9702743887901306]"
8953,0,49.72%,88.16%,1.0669,"[0.4120652973651886, 0.5879347324371338]"
8954,0,49.72%,88.16%,0.0000,"[0.9999618530273438, 3.81944228138309e-05]"
8955,1,49.72%,88.16%,0.0199,"[0.02114645205438137, 0.9788535833358765]"
8956,0,49.72%,88.17%,0.0000,"[0.9999942779541016, 5.75087096876814e-06]"
8957,1,49.72%,88.17%,0.0144,"[0.013461573980748653, 0.9865384101867676]"
8958,0,49.72%,88.16%,3.8454,"[0.02614017203450203, 0.9738597869873047]"
8959,0,49.71%,88.15%,2.0767,"[0.12651215493679047, 0.8734878897666931]"
8960,0,49.70%,88.15%,0.0000,"[0.999997615814209, 2.3688128294452326e-06]"
8961,0,49.70%,88.15%,0.0000,"[0.9999990463256836, 9.440597068532952e-07]"
8962,1,49.70%,88.15%,0.0191,"[0.021971747279167175, 0.9780282378196716]"
8963,1,49.71%,88.15%,0.0588,"[0.06270164251327515, 0.9372984170913696]"
8964,1,49.72%,88.15%,0.0434,"[0.04074031859636307, 0.9592596888542175]"
8965,0,49.71%,88.16%,0.0001,"[0.9999476671218872, 5.229912858339958e-05]"
8966,1,49.72%,88.16%,0.0436,"[0.043709393590688705, 0.956290602684021]"
8967,1,49.72%,88.15%,1.2935,"[0.9034619331359863, 0.09653805941343307]"
8968,0,49.72%,88.15%,0.0003,"[0.9998581409454346, 0.00014180467405822128]"
8969,1,49.72%,88.15%,0.0331,"[0.0354851633310318, 0.9645147919654846]"
8970,0,49.72%,88.15%,0.0001,"[0.9999375343322754, 6.245691474759951e-05]"
8971,0,49.71%,88.15%,0.0000,"[0.9999918937683105, 8.139801138895564e-06]"
8972,1,49.72%,88.15%,0.0166,"[0.016343913972377777, 0.9836560487747192]"
8973,1,49.72%,88.15%,0.0254,"[0.024555137380957603, 0.9754448533058167]"
8974,1,49.73%,88.16%,0.0605,"[0.06060240790247917, 0.9393975734710693]"
8975,1,49.73%,88.16%,0.0899,"[0.091346375644207, 0.9086535573005676]"
8976,0,49.73%,88.16%,0.0010,"[0.9991361498832703, 0.0008639066363684833]"
8977,1,49.73%,88.16%,0.0586,"[0.045880358666181564, 0.9541195631027222]"
8978,0,49.73%,88.15%,2.6719,"[0.08030420541763306, 0.9196957945823669]"
8979,1,49.73%,88.15%,0.1234,"[0.11710478365421295, 0.8828951716423035]"
8980,1,49.74%,88.15%,0.1330,"[0.13459500670433044, 0.8654050230979919]"
8981,0,49.73%,88.15%,0.0036,"[0.9948209524154663, 0.005178980063647032]"
8982,0,49.73%,88.16%,0.0002,"[0.9998713731765747, 0.00012857788533437997]"
8983,0,49.72%,88.15%,3.1330,"[0.042779576033353806, 0.9572204351425171]"
8984,1,49.73%,88.15%,0.0310,"[0.028602534905076027, 0.9713975191116333]"
8985,0,49.72%,88.15%,0.0001,"[0.9999549388885498, 4.5036431401968e-05]"
8986,0,49.72%,88.15%,0.0000,"[0.9999948740005493, 5.099858753965236e-06]"
8987,0,49.71%,88.15%,0.0000,"[0.9999977350234985, 2.2208714653970674e-06]"
8988,1,49.72%,88.15%,0.0193,"[0.018742257729172707, 0.9812577962875366]"
8989,0,49.71%,88.15%,0.0000,"[0.9999892711639404, 1.0735895557445474e-05]"
8990,0,49.71%,88.15%,0.0064,"[0.9932485818862915, 0.006751465145498514]"
8991,0,49.70%,88.16%,0.0000,"[0.9999947547912598, 5.216726549406303e-06]"
8992,0,49.69%,88.16%,0.0000,"[0.9999988079071045, 1.1835491022793576e-06]"
8993,1,49.70%,88.16%,0.0216,"[0.021095365285873413, 0.978904664516449]"
8994,0,49.69%,88.16%,0.0009,"[0.9986730813980103, 0.0013269648188725114]"
8995,0,49.69%,88.16%,0.0000,"[0.9999873638153076, 1.2691630217886996e-05]"
8996,1,49.69%,88.16%,0.0505,"[0.0508805587887764, 0.9491194486618042]"
8997,1,49.70%,88.16%,0.0724,"[0.07101079076528549, 0.9289891719818115]"
8998,1,49.71%,88.17%,0.1374,"[0.12885679304599762, 0.8711431622505188]"
8999,1,49.71%,88.17%,0.1479,"[0.1364961564540863, 0.8635038137435913]"
9000,1,49.72%,88.17%,0.1677,"[0.19136013090610504, 0.8086398243904114]"
9001,0,49.71%,88.16%,1.5808,"[0.17195801436901093, 0.8280420303344727]"
9002,1,49.72%,88.16%,0.0912,"[0.08765539526939392, 0.9123445749282837]"
9003,0,49.71%,88.16%,0.0004,"[0.9998358488082886, 0.00016409295494668186]"
9004,1,49.72%,88.16%,0.0661,"[0.06751609593629837, 0.9324838519096375]"
9005,0,49.71%,88.16%,0.0001,"[0.9998674392700195, 0.0001326005585724488]"
9006,1,49.72%,88.16%,0.0556,"[0.06563976407051086, 0.9343602657318115]"
9007,1,49.72%,88.17%,0.1122,"[0.09923692047595978, 0.9007630348205566]"
9008,0,49.72%,88.17%,0.0008,"[0.9978818297386169, 0.0021180924959480762]"
9009,1,49.72%,88.17%,0.0529,"[0.0517425462603569, 0.9482574462890625]"
9010,1,49.73%,88.17%,0.1094,"[0.10387144237756729, 0.8961285352706909]"
9011,0,49.72%,88.16%,1.5383,"[0.20505282282829285, 0.7949472069740295]"
9012,0,49.72%,88.16%,0.0000,"[0.9999802112579346, 1.9742465156014077e-05]"
9013,0,49.71%,88.15%,3.3541,"[0.03553840517997742, 0.9644615650177002]"
9014,0,49.71%,88.15%,0.0000,"[0.9999978542327881, 2.1359890070016263e-06]"
9015,0,49.70%,88.15%,0.0000,"[0.9999984502792358, 1.582645836606389e-06]"
9016,0,49.70%,88.16%,0.0000,"[0.9999995231628418, 4.626978125088499e-07]"
9017,1,49.70%,88.16%,0.0122,"[0.01226385124027729, 0.987736165523529]"
9018,0,49.70%,88.16%,0.0000,"[0.9999858140945435, 1.4139447557681706e-05]"
9019,1,49.70%,88.16%,0.0594,"[0.056156788021326065, 0.9438431262969971]"
9020,0,49.70%,88.15%,2.4090,"[0.14726769924163818, 0.8527323007583618]"
9021,0,49.69%,88.15%,0.0004,"[0.9997748732566833, 0.0002251772821182385]"
9022,0,49.68%,88.15%,0.0000,"[0.9999948740005493, 5.129651981405914e-06]"
9023,1,49.69%,88.15%,0.0192,"[0.01864326372742653, 0.9813567399978638]"
9024,1,49.70%,88.16%,0.0300,"[0.02911827154457569, 0.9708817005157471]"
9025,1,49.70%,88.16%,0.0787,"[0.39710092544555664, 0.6028990745544434]"
9026,0,49.70%,88.16%,0.0000,"[0.9999483823776245, 5.164679532754235e-05]"
9027,0,49.69%,88.16%,0.0000,"[0.9999939203262329, 6.057750852050958e-06]"
9028,1,49.70%,88.16%,0.0255,"[0.025678830221295357, 0.974321186542511]"
9029,0,49.69%,88.16%,0.1824,"[0.9991439580917358, 0.0008559943526051939]"
9030,1,49.70%,88.16%,0.0439,"[0.03467446565628052, 0.9653254747390747]"
9031,0,49.69%,88.16%,0.0000,"[0.9999681711196899, 3.1868919904809445e-05]"
9032,0,49.68%,88.15%,3.2445,"[0.04214788228273392, 0.9578520655632019]"
9033,1,49.69%,88.16%,0.0261,"[0.027661195024847984, 0.9723387956619263]"
9034,1,49.70%,88.16%,0.0355,"[0.03409560024738312, 0.9659043550491333]"
9035,0,49.69%,88.16%,0.0000,"[0.9999960660934448, 3.922665655409219e-06]"
9036,0,49.68%,88.16%,0.0000,"[0.9999986886978149, 1.3010450174988364e-06]"
9037,0,49.68%,88.16%,0.0000,"[0.9999994039535522, 5.970419465484156e-07]"
9038,1,49.68%,88.16%,0.0175,"[0.01688014715909958, 0.9831199049949646]"
9039,1,49.69%,88.16%,0.0553,"[0.05538560450077057, 0.9446143507957458]"
9040,1,49.70%,88.17%,0.0642,"[0.0583166629076004, 0.941683292388916]"
9041,0,49.69%,88.17%,0.0000,"[0.9999403953552246, 5.962733121123165e-05]"
9042,1,49.70%,88.17%,0.0971,"[0.09202417731285095, 0.9079758524894714]"
9043,1,49.70%,88.17%,0.1679,"[0.14786048233509064, 0.8521395325660706]"
9044,1,49.71%,88.17%,0.1540,"[0.09735343605279922, 0.9026466012001038]"
9045,1,49.71%,88.17%,0.1270,"[0.12863735854625702, 0.8713626265525818]"
9046,0,49.71%,88.17%,0.0007,"[0.9992839694023132, 0.0007160290260799229]"
9047,1,49.71%,88.17%,0.0518,"[0.05018233135342598, 0.9498176574707031]"
9048,0,49.71%,88.18%,0.0003,"[0.999763548374176, 0.000236512569244951]"
9049,0,49.70%,88.18%,0.0127,"[0.9792155027389526, 0.02078450843691826]"
9050,0,49.70%,88.18%,0.0319,"[0.5093802213668823, 0.4906197786331177]"
9051,0,49.69%,88.18%,0.0000,"[0.9999972581863403, 2.7743915325117996e-06]"
9052,1,49.70%,88.18%,0.0984,"[0.16154994070529938, 0.838450014591217]"
9053,1,49.70%,88.18%,0.0630,"[0.06162672117352486, 0.938373327255249]"
9054,1,49.71%,88.18%,0.1196,"[0.18960221111774445, 0.810397744178772]"
9055,1,49.71%,88.17%,1.5273,"[0.9923427700996399, 0.0076572648249566555]"
9056,1,49.72%,88.17%,0.1382,"[0.12679658830165863, 0.873203456401825]"
9057,0,49.71%,88.18%,0.0013,"[0.9984238147735596, 0.0015762218972668052]"
9058,1,49.72%,88.18%,0.0621,"[0.06256906688213348, 0.9374309182167053]"
9059,0,49.71%,88.18%,0.0004,"[0.9995924830436707, 0.0004074874450452626]"
9060,1,49.72%,88.18%,0.0468,"[0.0455920435488224, 0.9544079303741455]"
9061,1,49.72%,88.18%,0.0954,"[0.08771238476037979, 0.9122876524925232]"
9062,1,49.73%,88.18%,0.1160,"[0.11389347165822983, 0.8861066102981567]"
9063,0,49.72%,88.18%,0.0047,"[0.9939954876899719, 0.0060045006684958935]"
9064,0,49.72%,88.19%,0.6460,"[0.9073466658592224, 0.0926532968878746]"
9065,1,49.72%,88.19%,0.0545,"[0.04845186322927475, 0.951548159122467]"
9066,1,49.73%,88.19%,0.0891,"[0.08579905331134796, 0.9142009019851685]"
9067,1,49.74%,88.19%,0.1198,"[0.15594595670700073, 0.844054102897644]"
9068,1,49.74%,88.19%,0.2121,"[0.17773909866809845, 0.8222609162330627]"
9069,1,49.75%,88.19%,0.1400,"[0.1638147383928299, 0.8361852765083313]"
9070,0,49.74%,88.18%,1.4823,"[0.24145258963108063, 0.7585474848747253]"
9071,0,49.74%,88.18%,0.0007,"[0.9993158578872681, 0.0006841739523224533]"
9072,1,49.74%,88.18%,0.0433,"[0.042883794754743576, 0.9571162462234497]"
9073,0,49.74%,88.19%,0.0002,"[0.9998486042022705, 0.00015134077693801373]"
9074,0,49.73%,88.19%,0.0000,"[0.9999924898147583, 7.5607695180224255e-06]"
9075,0,49.72%,88.18%,4.1234,"[0.015393110923469067, 0.9846068620681763]"
9076,1,49.73%,88.18%,0.0143,"[0.014953209087252617, 0.9850467443466187]"
9077,1,49.74%,88.18%,0.0316,"[0.03226145729422569, 0.9677385091781616]"
9078,1,49.74%,88.18%,0.0856,"[0.10114986449480057, 0.89885014295578]"
9079,0,49.74%,88.18%,0.0002,"[0.9997947812080383, 0.00020519581448752433]"
9080,1,49.74%,88.18%,0.0381,"[0.039149243384599686, 0.9608507752418518]"
9081,0,49.74%,88.19%,0.0003,"[0.9998236298561096, 0.00017636500706430525]"
9082,0,49.73%,88.18%,2.6329,"[0.06126159802079201, 0.9387384653091431]"
9083,1,49.74%,88.18%,0.0214,"[0.020893588662147522, 0.9791064262390137]"
9084,0,49.73%,88.18%,0.0102,"[0.9996532201766968, 0.0003467795322649181]"
9085,1,49.74%,88.18%,0.0196,"[0.02098964713513851, 0.9790103435516357]"
9086,1,49.74%,88.18%,0.0524,"[0.052288055419921875, 0.9477119445800781]"
9087,1,49.75%,88.18%,0.2356,"[0.18548445403575897, 0.8145155906677246]"
9088,1,49.75%,88.18%,0.1046,"[0.11736497282981873, 0.8826351165771484]"
9089,1,49.76%,88.18%,0.1561,"[0.16488605737686157, 0.8351140022277832]"
9090,0,49.75%,88.19%,0.0101,"[0.9905286431312561, 0.009471297264099121]"
9091,1,49.76%,88.19%,0.1499,"[0.12232508510351181, 0.87767493724823]"
9092,1,49.76%,88.19%,0.1195,"[0.1105574294924736, 0.8894426226615906]"
9093,0,49.76%,88.19%,0.0018,"[0.9979568719863892, 0.002043139887973666]"
9094,1,49.76%,88.19%,0.0719,"[0.07167530059814453, 0.9283247590065002]"
9095,1,49.77%,88.19%,0.1390,"[0.12427254766225815, 0.8757274150848389]"
9096,0,49.76%,88.19%,0.0007,"[0.9995617270469666, 0.00043823831947520375]"
9097,1,49.77%,88.20%,0.0556,"[0.05361183360219002, 0.9463881850242615]"
9098,1,49.77%,88.20%,0.0630,"[0.08466608822345734, 0.9153339266777039]"
9099,1,49.78%,88.20%,0.0587,"[0.06791728734970093, 0.9320826530456543]"
9100,1,49.79%,88.20%,0.0810,"[0.09019721299409866, 0.9098027348518372]"
9101,0,49.78%,88.20%,0.0008,"[0.999314546585083, 0.0006854364764876664]"
9102,1,49.79%,88.20%,0.0453,"[0.041521936655044556, 0.9584780931472778]"
9103,1,49.79%,88.20%,0.0874,"[0.085860475897789, 0.9141395688056946]"
9104,0,49.79%,88.20%,0.0002,"[0.9992713332176208, 0.000728632730897516]"
9105,1,49.79%,88.21%,0.0386,"[0.03211114928126335, 0.9678888916969299]"
9106,1,49.80%,88.21%,0.0341,"[0.03228221461176872, 0.9677177667617798]"
9107,0,49.79%,88.21%,0.0008,"[0.9990321397781372, 0.0009678518981672823]"
9108,1,49.80%,88.21%,0.0392,"[0.043821483850479126, 0.9561785459518433]"
9109,1,49.80%,88.21%,0.0897,"[0.06479042023420334, 0.9352095723152161]"
9110,0,49.80%,88.20%,2.0048,"[0.1410055011510849, 0.8589945435523987]"
9111,1,49.80%,88.20%,0.1038,"[0.10712064057588577, 0.8928793668746948]"
9112,1,49.81%,88.20%,0.0874,"[0.07084265351295471, 0.9291573166847229]"
9113,1,49.81%,88.20%,0.1324,"[0.11983951926231384, 0.8801605105400085]"
9114,1,49.82%,88.21%,0.1458,"[0.13213902711868286, 0.8678609728813171]"
9115,1,49.82%,88.21%,0.0835,"[0.08610766381025314, 0.913892388343811]"
9116,1,49.83%,88.21%,0.1175,"[0.10834137350320816, 0.89165860414505]"
9117,0,49.82%,88.21%,0.0003,"[0.9990825653076172, 0.0009173820144496858]"
9118,0,49.82%,88.21%,0.0001,"[0.9999161958694458, 8.377493941225111e-05]"
9119,1,49.82%,88.21%,0.0219,"[0.022133992984890938, 0.977865993976593]"
9120,0,49.82%,88.21%,0.0001,"[0.999776303768158, 0.00022372865350916982]"
9121,1,49.82%,88.22%,0.0290,"[0.023748666048049927, 0.9762513041496277]"
9122,1,49.83%,88.22%,0.0585,"[0.05452646687626839, 0.9454735517501831]"
9123,1,49.84%,88.22%,0.0869,"[0.08697924762964249, 0.9130207300186157]"
9124,0,49.83%,88.22%,0.0023,"[0.9988425374031067, 0.0011575084645301104]"
9125,0,49.82%,88.22%,0.0001,"[0.9998812675476074, 0.00011871074821101502]"
9126,0,49.82%,88.22%,0.0000,"[0.999963641166687, 3.6354213079903275e-05]"
9127,0,49.81%,88.22%,0.0000,"[0.9999959468841553, 4.002066361863399e-06]"
9128,0,49.81%,88.22%,0.0000,"[0.9998056292533875, 0.00019439564493950456]"
9129,0,49.80%,88.23%,0.0000,"[0.9999992847442627, 7.281867624442384e-07]"
9130,1,49.81%,88.23%,0.0068,"[0.006689681671559811, 0.9933103322982788]"
9131,1,49.81%,88.23%,0.0127,"[0.009424236603081226, 0.9905757904052734]"
9132,1,49.82%,88.23%,0.0262,"[0.019380560144782066, 0.9806194305419922]"
9133,1,49.82%,88.23%,0.0534,"[0.04416987672448158, 0.9558301568031311]"
9134,0,49.82%,88.23%,0.0130,"[0.9902033805847168, 0.009796597994863987]"
9135,0,49.81%,88.23%,0.0001,"[0.9999450445175171, 5.500376573763788e-05]"
9136,1,49.82%,88.23%,0.0189,"[0.01911659725010395, 0.9808834195137024]"
9137,0,49.81%,88.24%,0.0000,"[0.9999043941497803, 9.558421152178198e-05]"
9138,1,49.82%,88.24%,0.0203,"[0.017454607412219048, 0.9825453758239746]"
9139,0,49.81%,88.23%,3.4398,"[0.031963326036930084, 0.9680366516113281]"
9140,1,49.82%,88.23%,0.0518,"[0.046879395842552185, 0.9531205892562866]"
9141,0,49.81%,88.23%,0.0001,"[0.9999264478683472, 7.349560473812744e-05]"
9142,1,49.82%,88.23%,0.0229,"[0.023510010913014412, 0.9764900207519531]"
9143,1,49.83%,88.23%,0.0504,"[0.05019849166274071, 0.949801504611969]"
9144,0,49.82%,88.22%,2.4225,"[0.08312077820301056, 0.9168792366981506]"
9145,0,49.81%,88.22%,0.0001,"[0.9999165534973145, 8.346013783011585e-05]"
9146,1,49.82%,88.23%,0.0283,"[0.027497125789523125, 0.9725029468536377]"
9147,0,49.81%,88.23%,0.0000,"[0.9999569654464722, 4.299571446608752e-05]"
9148,1,49.82%,88.23%,0.0282,"[0.02623784728348255, 0.9737620949745178]"
9149,0,49.81%,88.23%,0.0001,"[0.9998111128807068, 0.00018896370602305979]"
9150,1,49.82%,88.23%,0.0335,"[0.03255291283130646, 0.9674471020698547]"
9151,0,49.81%,88.22%,2.9220,"[0.0686464011669159, 0.9313536286354065]"
9152,0,49.81%,88.22%,0.0000,"[0.9999680519104004, 3.193067459505983e-05]"
9153,1,49.81%,88.22%,0.0310,"[0.03224090486764908, 0.9677590727806091]"
9154,0,49.81%,88.23%,0.0002,"[0.9999014139175415, 9.857802069745958e-05]"
9155,1,49.81%,88.23%,0.1013,"[0.07452491670846939, 0.9254750609397888]"
9156,0,49.81%,88.23%,0.0001,"[0.9999436140060425, 5.643698023050092e-05]"
9157,1,49.81%,88.23%,0.0301,"[0.029536794871091843, 0.9704631567001343]"
9158,0,49.81%,88.23%,0.0000,"[0.9999701976776123, 2.9811983040417545e-05]"
9159,1,49.81%,88.23%,0.0258,"[0.02488420344889164, 0.9751157760620117]"
9160,0,49.81%,88.23%,0.0000,"[0.9999915361404419, 8.47901355882641e-06]"
9161,0,49.80%,88.23%,0.0000,"[0.9999984502792358, 1.5653610034860321e-06]"
9162,1,49.81%,88.24%,0.0212,"[0.016291387379169464, 0.9837086796760559]"
9163,1,49.81%,88.24%,0.0313,"[0.029601633548736572, 0.9703984260559082]"
9164,0,49.81%,88.24%,0.0001,"[0.999924898147583, 7.506573456339538e-05]"
9165,1,49.81%,88.24%,0.0312,"[0.028942828997969627, 0.9710572361946106]"
9166,0,49.81%,88.24%,0.0001,"[0.9998375177383423, 0.0001624292926862836]"
9167,0,49.80%,88.24%,0.0000,"[0.9999918937683105, 8.116485332720913e-06]"
9168,1,49.81%,88.24%,0.0297,"[0.031151600182056427, 0.9688483476638794]"
9169,1,49.81%,88.24%,0.0672,"[0.06462425738573074, 0.9353757500648499]"
9170,0,49.81%,88.25%,0.0004,"[0.9999052286148071, 9.471047087572515e-05]"
9171,1,49.81%,88.25%,0.1241,"[0.09897300601005554, 0.9010269641876221]"
9172,1,49.82%,88.25%,0.0602,"[0.056160297244787216, 0.9438397288322449]"
9173,1,49.83%,88.25%,0.0601,"[0.057724349200725555, 0.9422756433486938]"
9174,1,49.83%,88.25%,0.1077,"[0.10326103121042252, 0.8967389464378357]"
9175,0,49.83%,88.24%,2.1664,"[0.11822924017906189, 0.8817707896232605]"
9176,1,49.83%,88.24%,0.0638,"[0.0614389069378376, 0.9385610222816467]"
9177,0,49.83%,88.23%,2.1820,"[0.11950179934501648, 0.8804981708526611]"
9178,0,49.82%,88.23%,0.0001,"[0.9994183778762817, 0.0005816956982016563]"
9179,0,49.81%,88.24%,0.0000,"[0.9999690055847168, 3.101578477071598e-05]"
9180,1,49.82%,88.24%,0.0373,"[0.03787529468536377, 0.9621246457099915]"
9181,1,49.83%,88.24%,0.0997,"[0.1009412333369255, 0.8990586996078491]"
9182,0,49.82%,88.23%,1.2114,"[0.49841395020484924, 0.5015860199928284]"
9183,0,49.81%,88.23%,0.0012,"[0.9989218711853027, 0.0010781555902212858]"
9184,0,49.81%,88.22%,2.3857,"[0.0859784185886383, 0.9140216112136841]"
9185,0,49.80%,88.22%,0.0000,"[0.9999780654907227, 2.194620537920855e-05]"
9186,1,49.81%,88.22%,0.0519,"[0.0470455028116703, 0.9529545307159424]"
9187,0,49.80%,88.22%,0.0001,"[0.9999414682388306, 5.854808841831982e-05]"
9188,0,49.80%,88.21%,1.6686,"[0.2023257166147232, 0.797674298286438]"
9189,0,49.79%,88.22%,0.0000,"[0.9999971389770508, 2.9117713893356267e-06]"
9190,0,49.79%,88.22%,0.0000,"[0.9999988079071045, 1.1688415497701499e-06]"
9191,1,49.79%,88.22%,0.0670,"[0.06139872223138809, 0.9386012554168701]"
9192,1,49.80%,88.22%,0.0815,"[0.07300621271133423, 0.9269937872886658]"
9193,0,49.79%,88.22%,0.0043,"[0.9914597272872925, 0.008540247566998005]"
9194,1,49.80%,88.22%,0.1436,"[0.1267525553703308, 0.8732474446296692]"
9195,0,49.79%,88.22%,0.0346,"[0.9334434270858765, 0.06655658036470413]"
9196,1,49.80%,88.22%,0.1458,"[0.14501146972179413, 0.8549885153770447]"
9197,0,49.79%,88.23%,0.0001,"[0.9999001026153564, 9.987125667976215e-05]"
9198,1,49.80%,88.23%,0.0787,"[0.07489363849163055, 0.9251063466072083]"
9199,1,49.80%,88.22%,1.2115,"[0.831038236618042, 0.168961763381958]"
9200,0,49.80%,88.21%,1.6081,"[0.20578992366790771, 0.7942100763320923]"
9201,1,49.80%,88.20%,2.2056,"[0.800077497959137, 0.19992250204086304]"
9202,1,49.81%,88.20%,0.1534,"[0.16838359832763672, 0.8316164016723633]"
9203,0,49.80%,88.20%,0.0007,"[0.9993426203727722, 0.000657375727314502]"
9204,0,49.80%,88.20%,0.0000,"[0.9999592304229736, 4.07431143685244e-05]"
9205,0,49.79%,88.20%,0.0000,"[0.9999934434890747, 6.5072263168985955e-06]"
9206,1,49.80%,88.20%,0.1260,"[0.1264832466840744, 0.8735166788101196]"
9207,1,49.80%,88.21%,0.1837,"[0.1555781066417694, 0.844421923160553]"
9208,0,49.80%,88.21%,0.0004,"[0.9996622800827026, 0.00033775169868022203]"
9209,0,49.79%,88.21%,0.0000,"[0.9999747276306152, 2.522748582123313e-05]"
9210,0,49.79%,88.21%,0.0054,"[0.9990653395652771, 0.0009346236474812031]"
9211,1,49.79%,88.21%,0.1761,"[0.12936089932918549, 0.8706391453742981]"
9212,1,49.80%,88.21%,0.0822,"[0.07764524221420288, 0.9223547577857971]"
9213,1,49.80%,88.21%,0.1333,"[0.10893653333187103, 0.8910635113716125]"
9214,0,49.80%,88.21%,0.0004,"[0.9995068311691284, 0.0004931739531457424]"
9215,1,49.80%,88.22%,0.0598,"[0.05698726326227188, 0.9430127739906311]"
9216,1,49.81%,88.22%,0.0630,"[0.06821997463703156, 0.9317800402641296]"
9217,1,49.82%,88.22%,0.1107,"[0.07321972399950027, 0.9267802834510803]"
9218,1,49.82%,88.22%,0.1011,"[0.10236145555973053, 0.8976385593414307]"
9219,0,49.82%,88.22%,0.0005,"[0.999542236328125, 0.00045784396934323013]"
9220,0,49.81%,88.22%,0.1483,"[0.9885300993919373, 0.01146986149251461]"
9221,1,49.82%,88.22%,0.0381,"[0.03697960451245308, 0.9630204439163208]"
9222,1,49.82%,88.23%,0.0895,"[0.08610900491476059, 0.9138909578323364]"
9223,1,49.83%,88.23%,0.0896,"[0.06581810861825943, 0.9341819286346436]"
9224,1,49.83%,88.23%,0.0796,"[0.0743827223777771, 0.9256172180175781]"
9225,0,49.83%,88.22%,1.7831,"[0.08407960087060928, 0.9159203767776489]"
9226,1,49.83%,88.22%,0.0612,"[0.07385377585887909, 0.9261462092399597]"
9227,1,49.84%,88.22%,0.1008,"[0.12291382253170013, 0.8770861625671387]"
9228,1,49.84%,88.22%,0.1032,"[0.22182708978652954, 0.7781729698181152]"
9229,1,49.85%,88.22%,0.1273,"[0.11978183686733246, 0.8802182078361511]"
9230,1,49.85%,88.22%,0.1412,"[0.07874076813459396, 0.9212592244148254]"
9231,1,49.86%,88.23%,0.0933,"[0.09404974430799484, 0.9059502482414246]"
9232,0,49.85%,88.23%,0.0007,"[0.9996587038040161, 0.0003412459045648575]"
9233,0,49.85%,88.23%,0.0000,"[0.9999681711196899, 3.185117384418845e-05]"
9234,0,49.84%,88.23%,0.0000,"[0.999994158744812, 5.794278422399657e-06]"
9235,1,49.85%,88.23%,0.0153,"[0.01686694473028183, 0.9831330180168152]"
9236,1,49.85%,88.23%,0.0352,"[0.036393310874700546, 0.9636067152023315]"
9237,1,49.86%,88.23%,0.0338,"[0.032454416155815125, 0.9675456285476685]"
9238,0,49.85%,88.22%,2.4200,"[0.09250650554895401, 0.907493531703949]"
9239,1,49.86%,88.23%,1.0697,"[0.17049472033977509, 0.8295053243637085]"
9240,0,49.85%,88.23%,0.0010,"[0.9994674324989319, 0.000532616744749248]"
9241,1,49.86%,88.23%,0.0434,"[0.038398079574108124, 0.9616018533706665]"
9242,0,49.85%,88.23%,0.0015,"[0.9993453621864319, 0.0006546014337800443]"
9243,0,49.85%,88.23%,0.0000,"[0.9999703168869019, 2.9724404157605022e-05]"
9244,1,49.85%,88.23%,0.0219,"[0.020200995728373528, 0.9797990322113037]"
9245,1,49.86%,88.23%,0.0566,"[0.05657653138041496, 0.9434234499931335]"
9246,0,49.85%,88.23%,0.0018,"[0.9981017708778381, 0.0018982657929882407]"
9247,0,49.85%,88.24%,0.0000,"[0.9999890327453613, 1.1013581570296083e-05]"
9248,0,49.84%,88.24%,0.0000,"[0.9999959468841553, 4.104747404198861e-06]"
9249,1,49.85%,88.24%,0.0153,"[0.01581677421927452, 0.9841832518577576]"
9250,1,49.85%,88.24%,0.0255,"[0.020731428638100624, 0.979268491268158]"
9251,1,49.86%,88.24%,0.0567,"[0.02956906333565712, 0.9704309701919556]"
9252,1,49.86%,88.24%,0.0601,"[0.06255798786878586, 0.9374420046806335]"
9253,1,49.87%,88.24%,0.0636,"[0.04484424740076065, 0.9551557898521423]"
9254,0,49.86%,88.24%,0.0003,"[0.99916672706604, 0.0008333005825988948]"
9255,1,49.87%,88.25%,0.0364,"[0.03035678155720234, 0.9696431756019592]"
9256,0,49.86%,88.25%,0.0004,"[0.9997562766075134, 0.00024371175095438957]"
9257,1,49.87%,88.25%,0.0336,"[0.03190997615456581, 0.9680899977684021]"
9258,0,49.86%,88.25%,0.0001,"[0.9999732971191406, 2.6722223992692307e-05]"
9259,1,49.87%,88.25%,0.0256,"[0.02571084536612034, 0.9742891192436218]"
9260,1,49.88%,88.25%,0.0256,"[0.037573304027318954, 0.9624266624450684]"
9261,0,49.87%,88.24%,2.5055,"[0.08995112031698227, 0.9100489020347595]"
9262,1,49.88%,88.24%,0.0344,"[0.03781509026885033, 0.9621849060058594]"
9263,1,49.88%,88.24%,0.0663,"[0.06268114596605301, 0.9373188614845276]"
9264,1,49.89%,88.25%,0.0595,"[0.05587441101670265, 0.9441255927085876]"
9265,0,49.88%,88.25%,0.0042,"[0.9989929795265198, 0.0010070600546896458]"
9266,0,49.88%,88.24%,1.2099,"[0.22318176925182343, 0.7768182158470154]"
9267,1,49.88%,88.24%,0.0320,"[0.032200273126363754, 0.9677996635437012]"
9268,0,49.88%,88.24%,0.0022,"[0.9984096884727478, 0.0015903703169897199]"
9269,0,49.87%,88.24%,0.0036,"[0.9986559152603149, 0.0013440068578347564]"
9270,1,49.88%,88.24%,0.0341,"[0.03191763535141945, 0.9680823683738708]"
9271,0,49.87%,88.23%,3.5163,"[0.03199667111039162, 0.9680032730102539]"
9272,1,49.88%,88.23%,0.0244,"[0.02524377405643463, 0.9747562408447266]"
9273,1,49.88%,88.24%,0.0665,"[0.05988335609436035, 0.9401166439056396]"
9274,1,49.89%,88.24%,0.1406,"[0.15179049968719482, 0.8482095003128052]"
9275,0,49.88%,88.24%,0.0714,"[0.9684199094772339, 0.031580086797475815]"
9276,1,49.89%,88.24%,0.0989,"[0.07136565446853638, 0.9286344051361084]"
9277,1,49.89%,88.24%,0.0663,"[0.08000565320253372, 0.9199943542480469]"
9278,0,49.89%,88.23%,2.3258,"[0.091856949031353, 0.9081430435180664]"
9279,1,49.89%,88.23%,0.0465,"[0.04933711886405945, 0.9506628513336182]"
9280,0,49.89%,88.23%,0.0000,"[0.9999850988388062, 1.4940304936317261e-05]"
9281,1,49.89%,88.24%,0.0592,"[0.041768878698349, 0.9582310914993286]"
9282,1,49.90%,88.24%,0.0769,"[0.07163701206445694, 0.9283629655838013]"
9283,1,49.90%,88.24%,0.1168,"[0.11780475080013275, 0.8821952939033508]"
9284,1,49.91%,88.24%,0.1319,"[0.14702323079109192, 0.8529767990112305]"
9285,0,49.90%,88.24%,0.0004,"[0.9988271594047546, 0.0011727978708222508]"
9286,1,49.91%,88.24%,0.0788,"[0.07931847870349884, 0.9206814765930176]"
9287,1,49.91%,88.24%,0.3344,"[0.34289833903312683, 0.6571016907691956]"
9288,1,49.92%,88.23%,1.1410,"[0.5430026054382324, 0.45699745416641235]"
9289,0,49.91%,88.23%,0.0017,"[0.9991523027420044, 0.0008476767688989639]"
9290,0,49.91%,88.24%,0.0005,"[0.9996756315231323, 0.00032441082294099033]"
9291,0,49.90%,88.24%,0.3394,"[0.7938504219055176, 0.20614956319332123]"
9292,1,49.91%,88.24%,0.0376,"[0.03523872420191765, 0.9647612571716309]"
9293,1,49.91%,88.24%,0.0536,"[0.03806980326771736, 0.9619302749633789]"
9294,1,49.92%,88.24%,0.0817,"[0.09938482195138931, 0.9006151556968689]"
9295,1,49.92%,88.24%,0.0530,"[0.05108819156885147, 0.9489117860794067]"
9296,0,49.92%,88.24%,0.0002,"[0.9997311234474182, 0.0002688201784621924]"
9297,0,49.91%,88.24%,0.0063,"[0.9973697662353516, 0.0026301899924874306]"
9298,1,49.92%,88.25%,0.0333,"[0.03437327593564987, 0.9656267166137695]"
9299,0,49.91%,88.24%,2.4543,"[0.05331873521208763, 0.9466812610626221]"
9300,0,49.91%,88.24%,0.0001,"[0.9997476935386658, 0.0002522730501368642]"
9301,0,49.90%,88.24%,0.0000,"[0.9999680519104004, 3.197940168320201e-05]"
9302,1,49.91%,88.24%,0.0175,"[0.020585324615240097, 0.9794146418571472]"
9303,0,49.90%,88.24%,0.0000,"[0.9999735355377197, 2.642907202243805e-05]"
9304,0,49.90%,88.24%,0.0000,"[0.9999927282333374, 7.248801011883188e-06]"
9305,1,49.90%,88.24%,0.0206,"[0.020428262650966644, 0.9795717597007751]"
9306,1,49.91%,88.25%,0.0556,"[0.05379738286137581, 0.9462025761604309]"
9307,1,49.91%,88.25%,0.1316,"[0.11740367859601974, 0.8825962543487549]"
9308,0,49.91%,88.25%,0.0061,"[0.9962496161460876, 0.0037503826897591352]"
9309,1,49.91%,88.25%,0.0701,"[0.07131475955247879, 0.9286853075027466]"
9310,1,49.92%,88.25%,0.0714,"[0.0752498209476471, 0.9247502088546753]"
9311,1,49.92%,88.25%,0.1406,"[0.0941481664776802, 0.9058517813682556]"
9312,1,49.93%,88.25%,0.1237,"[0.10361947864294052, 0.8963805437088013]"
9313,0,49.92%,88.25%,0.0060,"[0.9933214783668518, 0.006678522098809481]"
9314,0,49.92%,88.24%,2.7191,"[0.06553162634372711, 0.9344683885574341]"
9315,0,49.91%,88.25%,0.0001,"[0.9999456405639648, 5.433670594356954e-05]"
9316,1,49.92%,88.25%,0.0360,"[0.03448900580406189, 0.9655110239982605]"
9317,0,49.91%,88.24%,2.5813,"[0.07025376707315445, 0.9297462105751038]"
9318,0,49.91%,88.24%,0.0000,"[0.999969482421875, 3.0531595257343724e-05]"
9319,1,49.91%,88.24%,0.0533,"[0.051106952130794525, 0.9488930106163025]"
9320,0,49.91%,88.24%,0.0000,"[0.9999583959579468, 4.16566472267732e-05]"
9321,0,49.90%,88.24%,0.0000,"[0.9999969005584717, 3.0817141123407055e-06]"
9322,1,49.91%,88.24%,0.0236,"[0.022614678367972374, 0.9773853421211243]"
9323,0,49.90%,88.25%,0.0000,"[0.9999693632125854, 3.0671293643536046e-05]"
9324,0,49.90%,88.25%,0.0000,"[0.9999969005584717, 3.0418168535106815e-06]"
9325,0,49.89%,88.25%,0.0000,"[0.9999988079071045, 1.2253419754415518e-06]"
9326,0,49.89%,88.25%,0.0000,"[0.9999995231628418, 4.6722510660401895e-07]"
9327,1,49.89%,88.25%,0.0227,"[0.02345898002386093, 0.9765409827232361]"
9328,0,49.89%,88.25%,0.2525,"[0.9725422859191895, 0.02745775133371353]"
9329,1,49.89%,88.25%,0.0535,"[0.047953858971595764, 0.9520461559295654]"
9330,0,49.89%,88.25%,0.0000,"[0.9999873638153076, 1.2603062714333646e-05]"
9331,1,49.89%,88.26%,0.0642,"[0.05923134461045265, 0.9407685995101929]"
9332,1,49.90%,88.26%,0.1184,"[0.10711534321308136, 0.8928846120834351]"
9333,0,49.89%,88.26%,0.0011,"[0.9988449811935425, 0.0011550092604011297]"
9334,0,49.89%,88.26%,0.0001,"[0.9999487400054932, 5.125819006934762e-05]"
9335,1,49.89%,88.26%,0.0388,"[0.0386657677590847, 0.961334228515625]"
9336,1,49.90%,88.26%,0.0601,"[0.08259283006191254, 0.917407214641571]"
9337,0,49.89%,88.26%,0.0001,"[0.9999748468399048, 2.5202649339917116e-05]"
9338,0,49.89%,88.26%,0.0292,"[0.971761167049408, 0.028238782659173012]"
9339,1,49.89%,88.27%,0.0425,"[0.03981005772948265, 0.960189938545227]"
9340,1,49.90%,88.27%,0.0950,"[0.08551143854856491, 0.9144885540008545]"
9341,0,49.89%,88.27%,0.0002,"[0.9999052286148071, 9.478284482611343e-05]"
9342,1,49.90%,88.27%,0.0458,"[0.03977997601032257, 0.9602200388908386]"
9343,1,49.90%,88.27%,0.0655,"[0.05640041083097458, 0.9435995817184448]"
9344,0,49.90%,88.27%,0.0005,"[0.9993664622306824, 0.000633578805718571]"
9345,0,49.89%,88.26%,2.6562,"[0.060642968863248825, 0.9393570423126221]"
9346,0,49.89%,88.25%,2.8510,"[0.05611342936754227, 0.9438865780830383]"
9347,1,49.89%,88.25%,0.5324,"[0.19990216195583344, 0.8000978231430054]"
9348,0,49.89%,88.24%,2.2674,"[0.09279666841030121, 0.9072033166885376]"
9349,0,49.88%,88.25%,0.0000,"[0.999944806098938, 5.5161344789667055e-05]"
9350,1,49.89%,88.25%,0.0934,"[0.26092204451560974, 0.7390778660774231]"
9351,1,49.89%,88.25%,0.0685,"[0.06579218804836273, 0.9342077970504761]"
9352,1,49.90%,88.25%,0.1138,"[0.10222664475440979, 0.8977733254432678]"
9353,0,49.89%,88.24%,1.5376,"[0.2257327139377594, 0.7742672562599182]"
9354,0,49.89%,88.24%,0.0000,"[0.9999735355377197, 2.6461279048817232e-05]"
9355,0,49.88%,88.24%,0.0000,"[0.9999699592590332, 3.005441976711154e-05]"
9356,1,49.89%,88.24%,0.1118,"[0.07080785185098648, 0.9291921257972717]"
9357,0,49.88%,88.25%,0.0000,"[0.9999551773071289, 4.487421392695978e-05]"
9358,0,49.88%,88.24%,1.8834,"[0.1361623853445053, 0.8638375997543335]"
9359,0,49.87%,88.24%,0.0000,"[0.9999953508377075, 4.6790787564532366e-06]"
9360,1,49.88%,88.24%,0.0387,"[0.03546625375747681, 0.9645337462425232]"
9361,0,49.87%,88.24%,0.0000,"[0.9999915361404419, 8.456490832031704e-06]"
9362,1,49.88%,88.24%,0.0457,"[0.04265943914651871, 0.9573405981063843]"
9363,0,49.87%,88.24%,0.0000,"[0.9999966621398926, 3.3870182960527018e-06]"
9364,0,49.87%,88.24%,0.0000,"[0.9999994039535522, 5.422024855761265e-07]"
9365,1,49.87%,88.24%,0.0313,"[0.038466084748506546, 0.9615338444709778]"
9366,1,49.88%,88.25%,0.0725,"[0.06849421560764313, 0.9315057396888733]"
9367,0,49.87%,88.25%,0.0001,"[0.9998658895492554, 0.00013413475244306028]"
9368,1,49.88%,88.25%,0.8994,"[0.3166745603084564, 0.683325469493866]"
9369,0,49.87%,88.25%,0.0002,"[0.9999592304229736, 4.08190353482496e-05]"
9370,0,49.87%,88.25%,0.0000,"[0.9999878406524658, 1.217854514834471e-05]"
9371,0,49.86%,88.25%,0.0000,"[0.9999979734420776, 2.074859366985038e-06]"
9372,1,49.87%,88.25%,0.0371,"[0.035139091312885284, 0.9648609161376953]"
9373,1,49.87%,88.25%,0.0792,"[0.0640793889760971, 0.9359206557273865]"
9374,0,49.87%,88.26%,0.0000,"[0.9999734163284302, 2.663328268681653e-05]"
9375,0,49.86%,88.26%,0.0000,"[0.9999972581863403, 2.7911903544008965e-06]"
9376,1,49.87%,88.26%,0.0821,"[0.1239439994096756, 0.8760560154914856]"
9377,1,49.87%,88.25%,0.9325,"[0.5398391485214233, 0.4601608216762543]"
9378,1,49.88%,88.25%,0.1099,"[0.10400798171758652, 0.8959920406341553]"
9379,0,49.87%,88.25%,0.0001,"[0.9999245405197144, 7.548372377641499e-05]"
9380,0,49.87%,88.25%,0.0000,"[0.9999921321868896, 7.861848644097336e-06]"
9381,1,49.87%,88.25%,0.0249,"[0.026881393045186996, 0.9731185436248779]"
9382,1,49.88%,88.26%,0.0354,"[0.03872378543019295, 0.9612762331962585]"
9383,0,49.87%,88.26%,0.0000,"[0.9999946355819702, 5.351602339942474e-06]"
9384,0,49.87%,88.26%,0.0000,"[0.9999983310699463, 1.658816700000898e-06]"
9385,0,49.86%,88.26%,0.0000,"[0.9999995231628418, 5.304183900989301e-07]"
9386,0,49.86%,88.26%,0.0000,"[0.9999996423721313, 3.183820638241741e-07]"
9387,1,49.86%,88.26%,0.0097,"[0.00949412677437067, 0.9905058741569519]"
9388,1,49.87%,88.26%,0.0260,"[0.026103921234607697, 0.9738960862159729]"
9389,1,49.87%,88.26%,0.0732,"[0.07264114171266556, 0.927358865737915]"
9390,0,49.87%,88.27%,0.0004,"[0.9993358254432678, 0.0006641237414442003]"
9391,1,49.87%,88.27%,0.0585,"[0.05650719255208969, 0.9434928297996521]"
9392,1,49.88%,88.27%,0.1052,"[0.10151910036802292, 0.8984809517860413]"
9393,0,49.87%,88.26%,1.7372,"[0.17415493726730347, 0.8258450627326965]"
9394,0,49.87%,88.26%,0.0004,"[0.9997250437736511, 0.00027488332125358284]"
9395,1,49.87%,88.26%,0.0491,"[0.046289701014757156, 0.9537103176116943]"
9396,0,49.87%,88.26%,0.0001,"[0.9999479055404663, 5.207199865253642e-05]"
9397,0,49.86%,88.26%,0.0000,"[0.9999918937683105, 8.088466529443394e-06]"
9398,0,49.86%,88.26%,0.0000,"[0.999997615814209, 2.3798672827979317e-06]"
9399,1,49.86%,88.27%,0.0127,"[0.013332259841263294, 0.9866677522659302]"
9400,0,49.86%,88.27%,0.0000,"[0.9999934434890747, 6.549537829414476e-06]"
9401,0,49.85%,88.26%,1.9193,"[0.21030840277671814, 0.7896916270256042]"
9402,0,49.85%,88.26%,0.0000,"[0.999998927116394, 1.0308843911843724e-06]"
9403,0,49.84%,88.26%,0.0000,"[0.9999994039535522, 5.451464630823466e-07]"
9404,0,49.84%,88.26%,0.0000,"[0.9999997615814209, 2.0263031785816565e-07]"
9405,0,49.83%,88.26%,0.2023,"[0.7133580446243286, 0.286641925573349]"
9406,0,49.82%,88.26%,0.4102,"[0.6981841325759888, 0.30181583762168884]"
9407,0,49.82%,88.27%,0.0000,"[0.9999996423721313, 3.624069222496473e-07]"
9408,0,49.81%,88.27%,0.0000,"[0.9999890327453613, 1.0944361747533549e-05]"
9409,1,49.82%,88.27%,0.0152,"[0.016410157084465027, 0.9835898280143738]"
9410,0,49.81%,88.27%,0.0000,"[0.9999969005584717, 3.076803977819509e-06]"
9411,0,49.81%,88.27%,0.0000,"[0.999998927116394, 1.0151411515835207e-06]"
9412,1,49.81%,88.27%,0.0154,"[0.01564626209437847, 0.9843536615371704]"
9413,1,49.82%,88.26%,0.6657,"[0.6971585750579834, 0.302841454744339]"
9414,1,49.82%,88.26%,0.2206,"[0.17150861024856567, 0.8284913897514343]"
9415,1,49.83%,88.26%,0.1751,"[0.1890823394060135, 0.8109176158905029]"
9416,1,49.84%,88.27%,0.1706,"[0.1797255277633667, 0.8202745318412781]"
9417,1,49.84%,88.27%,0.3748,"[0.20266838371753693, 0.7973316311836243]"
9418,0,49.84%,88.27%,0.0013,"[0.9980584979057312, 0.0019415175775066018]"
9419,0,49.83%,88.27%,0.0000,"[0.9999382495880127, 6.173896690597758e-05]"
9420,0,49.82%,88.27%,0.0000,"[0.9999899864196777, 1.000542670226423e-05]"
9421,0,49.82%,88.27%,0.0000,"[0.9999984502792358, 1.5412995253427653e-06]"
9422,0,49.81%,88.27%,0.0000,"[0.9999994039535522, 6.193086505845713e-07]"
9423,1,49.82%,88.27%,0.0210,"[0.021230248734354973, 0.9787697792053223]"
9424,1,49.82%,88.28%,0.0536,"[0.04878443479537964, 0.9512155055999756]"
9425,1,49.83%,88.28%,0.0875,"[0.08317878097295761, 0.9168212413787842]"
9426,1,49.84%,88.28%,0.0898,"[0.08792746812105179, 0.912072479724884]"
9427,0,49.83%,88.28%,0.0004,"[0.9995032548904419, 0.0004966812557540834]"
9428,1,49.84%,88.28%,0.0676,"[0.05429208278656006, 0.9457079172134399]"
9429,0,49.83%,88.28%,0.1169,"[0.8357473611831665, 0.16425259411334991]"
9430,1,49.84%,88.28%,0.4717,"[0.4658041298389435, 0.5341959595680237]"
9431,1,49.84%,88.28%,0.0853,"[0.08863355219364166, 0.9113664627075195]"
9432,1,49.85%,88.29%,0.1183,"[0.12627215683460236, 0.8737278580665588]"
9433,1,49.85%,88.29%,0.1455,"[0.13619540631771088, 0.8638045191764832]"
9434,1,49.86%,88.29%,0.1953,"[0.20712652802467346, 0.7928735017776489]"
9435,0,49.85%,88.29%,0.0162,"[0.987459659576416, 0.01254028920084238]"
9436,0,49.85%,88.29%,0.0007,"[0.9988420605659485, 0.0011579672573134303]"
9437,1,49.85%,88.29%,0.0534,"[0.05332512781023979, 0.9466748833656311]"
9438,1,49.86%,88.29%,0.0982,"[0.07409492135047913, 0.9259050488471985]"
9439,1,49.86%,88.29%,0.1578,"[0.1414797157049179, 0.8585203289985657]"
9440,0,49.86%,88.29%,1.5704,"[0.15651780366897583, 0.843482255935669]"
9441,0,49.85%,88.29%,0.0005,"[0.9995914101600647, 0.0004085995606146753]"
9442,1,49.86%,88.29%,0.0465,"[0.04421427100896835, 0.9557856917381287]"
9443,1,49.86%,88.29%,0.0937,"[0.09607918560504913, 0.9039207696914673]"
9444,0,49.86%,88.29%,0.0193,"[0.8652921915054321, 0.13470786809921265]"
9445,1,49.86%,88.29%,0.1405,"[0.1390666365623474, 0.8609333038330078]"
9446,1,49.87%,88.29%,0.1285,"[0.1572694182395935, 0.8427306413650513]"
9447,0,49.86%,88.29%,0.0010,"[0.9992406368255615, 0.0007593387272208929]"
9448,1,49.87%,88.30%,0.0442,"[0.04455285891890526, 0.9554471373558044]"
9449,0,49.86%,88.30%,0.0004,"[0.9996654987335205, 0.0003345674485899508]"
9450,1,49.87%,88.30%,0.0302,"[0.03299245983362198, 0.967007577419281]"
9451,1,49.87%,88.30%,0.0337,"[0.03660295531153679, 0.9633970260620117]"
9452,1,49.88%,88.30%,0.0992,"[0.120848648250103, 0.8791513442993164]"
9453,0,49.87%,88.30%,0.0008,"[0.998576283454895, 0.0014236761489883065]"
9454,1,49.88%,88.30%,0.0405,"[0.035401709377765656, 0.9645982980728149]"
9455,0,49.87%,88.30%,0.0002,"[0.999921441078186, 7.850643305573612e-05]"
9456,1,49.88%,88.30%,0.0287,"[0.029727701097726822, 0.9702723622322083]"
9457,0,49.87%,88.31%,0.0002,"[0.9998407363891602, 0.00015929268556647003]"
9458,0,49.87%,88.31%,0.0000,"[0.9999779462814331, 2.2025920770829543e-05]"
9459,1,49.87%,88.31%,0.0147,"[0.01645759679377079, 0.9835424423217773]"
9460,0,49.87%,88.31%,0.0000,"[0.9998300075531006, 0.00016998063074424863]"
9461,0,49.86%,88.31%,0.0000,"[0.9999949932098389, 4.973380328010535e-06]"
9462,1,49.87%,88.31%,0.0109,"[0.01097740326076746, 0.9890226125717163]"
9463,0,49.86%,88.30%,3.6545,"[0.021218160167336464, 0.9787818789482117]"
9464,0,49.86%,88.30%,0.0000,"[0.999994158744812, 5.873626378161134e-06]"
9465,1,49.86%,88.31%,0.0116,"[0.01204084511846304, 0.9879591464996338]"
9466,0,49.86%,88.31%,0.0001,"[0.9999512434005737, 4.87861325382255e-05]"
9467,0,49.85%,88.31%,0.0000,"[0.999993085861206, 6.923899036337389e-06]"
9468,0,49.85%,88.30%,0.5861,"[0.09980832785367966, 0.9001916646957397]"
9469,1,49.85%,88.30%,0.0115,"[0.01047567743808031, 0.9895243048667908]"
9470,0,49.85%,88.30%,0.0000,"[0.9999876022338867, 1.2430591596057639e-05]"
9471,0,49.84%,88.29%,4.1781,"[0.015310823917388916, 0.9846891164779663]"
9472,0,49.84%,88.29%,0.0000,"[0.9999984502792358, 1.5607474779244512e-06]"
9473,0,49.83%,88.28%,4.4920,"[0.011183619499206543, 0.9888163805007935]"
9474,0,49.83%,88.28%,0.0000,"[0.9999994039535522, 6.187436838445137e-07]"
9475,1,49.83%,88.29%,0.0084,"[0.008545413613319397, 0.9914546012878418]"
9476,0,49.83%,88.29%,0.0000,"[0.9999983310699463, 1.676303554631886e-06]"
9477,1,49.83%,88.29%,0.0166,"[0.016230136156082153, 0.9837698936462402]"
9478,1,49.84%,88.29%,0.0467,"[0.056230079382658005, 0.9437698721885681]"
9479,1,49.84%,88.29%,0.0998,"[0.1051107868552208, 0.8948891758918762]"
9480,1,49.85%,88.29%,0.1244,"[0.14649486541748047, 0.8535051345825195]"
9481,1,49.85%,88.29%,0.1116,"[0.14078956842422485, 0.8592104315757751]"
9482,0,49.85%,88.29%,0.0076,"[0.9722791910171509, 0.027720818296074867]"
9483,0,49.84%,88.30%,0.0003,"[0.9992185831069946, 0.0007813529809936881]"
9484,0,49.84%,88.30%,0.0009,"[0.9738426804542542, 0.026157325133681297]"
9485,1,49.84%,88.30%,0.1147,"[0.1168287843465805, 0.8831712007522583]"
9486,0,49.84%,88.30%,0.0004,"[0.9996987581253052, 0.00030124065233394504]"
9487,0,49.83%,88.30%,0.0000,"[0.9999717473983765, 2.820673216774594e-05]"
9488,0,49.83%,88.30%,0.0000,"[0.9999967813491821, 3.2209218261414208e-06]"
9489,1,49.83%,88.30%,0.0230,"[0.022014835849404335, 0.977985143661499]"
9490,1,49.84%,88.30%,0.0421,"[0.03903153911232948, 0.9609684944152832]"
9491,0,49.83%,88.31%,0.0000,"[0.9999879598617554, 1.2024007446598262e-05]"
9492,0,49.83%,88.31%,0.0000,"[0.9999982118606567, 1.7973479771171696e-06]"
9493,1,49.83%,88.31%,0.0340,"[0.0585060641169548, 0.9414938688278198]"
9494,1,49.84%,88.31%,0.2105,"[0.1505962461233139, 0.8494037985801697]"
9495,0,49.83%,88.31%,0.0001,"[0.9998791217803955, 0.00012088444782420993]"
9496,1,49.84%,88.31%,0.0439,"[0.041851043701171875, 0.9581490159034729]"
9497,1,49.84%,88.31%,0.0678,"[0.0662323459982872, 0.9337676167488098]"
9498,1,49.85%,88.31%,0.1045,"[0.1900469958782196, 0.8099530339241028]"
9499,1,49.85%,88.32%,0.1351,"[0.10908649861812592, 0.8909134864807129]"
9500,0,49.85%,88.32%,0.0046,"[0.9979225993156433, 0.0020774079021066427]"
9501,0,49.84%,88.32%,0.0001,"[0.9998636245727539, 0.0001363628398394212]"
9502,0,49.84%,88.32%,0.0000,"[0.9999730587005615, 2.6963722120854072e-05]"
9503,1,49.84%,88.32%,0.0220,"[0.021652650088071823, 0.9783473014831543]"
9504,0,49.84%,88.31%,3.3638,"[0.041795436292886734, 0.9582046270370483]"
9505,1,49.84%,88.31%,0.0312,"[0.031142232939600945, 0.9688577651977539]"
9506,0,49.84%,88.31%,0.0012,"[0.996802568435669, 0.0031974504236131907]"
9507,0,49.83%,88.32%,0.0434,"[0.990885853767395, 0.00911407545208931]"
9508,1,49.84%,88.32%,0.0376,"[0.03178836405277252, 0.9682116508483887]"
9509,1,49.84%,88.32%,0.0475,"[0.05852654576301575, 0.9414734840393066]"
9510,1,49.85%,88.32%,0.1342,"[0.107121042907238, 0.8928788900375366]"
9511,0,49.84%,88.32%,0.0019,"[0.9964612126350403, 0.0035388395190238953]"
9512,1,49.85%,88.32%,0.0626,"[0.057409774512052536, 0.9425902366638184]"
9513,1,49.85%,88.32%,0.0775,"[0.05992364510893822, 0.9400763511657715]"
9514,1,49.86%,88.32%,0.1646,"[0.13593818247318268, 0.8640618324279785]"
9515,1,49.86%,88.32%,0.1257,"[0.11855921894311905, 0.8814407587051392]"
9516,1,49.87%,88.33%,0.1185,"[0.12695707380771637, 0.8730428814888]"
9517,0,49.86%,88.33%,0.0038,"[0.9968342185020447, 0.0031658243387937546]"
9518,1,49.87%,88.33%,0.0554,"[0.07014792412519455, 0.9298520088195801]"
9519,1,49.87%,88.33%,0.1076,"[0.08328299224376678, 0.9167170524597168]"
9520,1,49.88%,88.33%,0.0754,"[0.06971567124128342, 0.930284321308136]"
9521,1,49.88%,88.33%,0.0732,"[0.06468789279460907, 0.935312032699585]"
9522,0,49.88%,88.32%,2.5185,"[0.07320462912321091, 0.9267953038215637]"
9523,1,49.88%,88.32%,0.0681,"[0.05222493037581444, 0.9477750062942505]"
9524,1,49.89%,88.33%,0.1128,"[0.1061176061630249, 0.8938823938369751]"
9525,0,49.88%,88.33%,0.0002,"[0.9996961355209351, 0.00030388031154870987]"
9526,0,49.88%,88.33%,0.0000,"[0.9999326467514038, 6.73676622682251e-05]"
9527,0,49.87%,88.32%,3.9404,"[0.01999974623322487, 0.9800002574920654]"
9528,0,49.87%,88.32%,0.0000,"[0.9999973773956299, 2.5635986276029143e-06]"
9529,1,49.87%,88.32%,0.0161,"[0.016019703820347786, 0.9839802980422974]"
9530,1,49.88%,88.32%,0.0267,"[0.029597921296954155, 0.9704021215438843]"
9531,1,49.88%,88.32%,0.1157,"[0.11467543244361877, 0.8853245973587036]"
9532,1,49.89%,88.32%,0.0977,"[0.09268629550933838, 0.9073137044906616]"
9533,1,49.90%,88.33%,0.1298,"[0.12086178362369537, 0.879138171672821]"
9534,0,49.89%,88.33%,0.0010,"[0.9990457892417908, 0.0009541819454170763]"
9535,0,49.88%,88.33%,0.0001,"[0.9994375109672546, 0.0005625190096907318]"
9536,0,49.88%,88.33%,0.0000,"[0.9999914169311523, 8.598241947765928e-06]"
9537,1,49.88%,88.33%,0.0241,"[0.02017478086054325, 0.9798251986503601]"
9538,1,49.89%,88.33%,0.0390,"[0.03823669254779816, 0.9617632627487183]"
9539,1,49.90%,88.33%,0.0704,"[0.06519487500190735, 0.9348050951957703]"
9540,0,49.89%,88.33%,0.0002,"[0.9998952150344849, 0.00010474474402144551]"
9541,0,49.88%,88.34%,0.0000,"[0.9999703168869019, 2.967022555822041e-05]"
9542,1,49.89%,88.34%,0.0224,"[0.022076301276683807, 0.9779236912727356]"
9543,1,49.90%,88.34%,0.0326,"[0.03385832905769348, 0.9661416411399841]"
9544,0,49.89%,88.34%,0.0000,"[0.9999808073043823, 1.9195251297787763e-05]"
9545,0,49.88%,88.34%,0.0001,"[0.9999539852142334, 4.6071785618551075e-05]"
9546,0,49.88%,88.34%,0.0000,"[0.9999985694885254, 1.4731932651557145e-06]"
9547,0,49.87%,88.34%,0.0000,"[0.9999995231628418, 4.904094907942635e-07]"
9548,0,49.87%,88.34%,0.0000,"[0.9999990463256836, 9.206861477650818e-07]"
9549,1,49.87%,88.35%,0.0105,"[0.01142793893814087, 0.9885720014572144]"
9550,0,49.87%,88.34%,3.3253,"[0.03586135432124138, 0.9641386866569519]"
9551,0,49.86%,88.34%,0.0000,"[0.9999884366989136, 1.155333848146256e-05]"
9552,1,49.87%,88.34%,0.0307,"[0.03150981292128563, 0.9684901833534241]"
9553,1,49.87%,88.34%,0.0480,"[0.05000217631459236, 0.9499978423118591]"
9554,0,49.87%,88.34%,0.0000,"[0.9850581288337708, 0.014941848814487457]"
9555,1,49.87%,88.34%,0.0402,"[0.038845717906951904, 0.9611543416976929]"
9556,1,49.88%,88.34%,0.0434,"[0.03871416673064232, 0.9612858295440674]"
9557,1,49.88%,88.34%,0.0615,"[0.05371253937482834, 0.9462873935699463]"
9558,0,49.88%,88.35%,0.0000,"[0.9999532699584961, 4.6682362153660506e-05]"
9559,1,49.88%,88.35%,0.0276,"[0.026990434154868126, 0.9730095267295837]"
9560,1,49.89%,88.35%,0.0476,"[0.037751805037260056, 0.9622481465339661]"
9561,0,49.88%,88.35%,0.0000,"[0.9999144077301025, 8.557158434996381e-05]"
9562,0,49.88%,88.35%,0.0001,"[0.999954104423523, 4.588989759213291e-05]"
9563,0,49.87%,88.35%,0.0000,"[0.9347823858261108, 0.06521768867969513]"
9564,1,49.88%,88.35%,0.0169,"[0.016254693269729614, 0.9837453365325928]"
9565,0,49.87%,88.35%,0.0001,"[0.999968409538269, 3.1533767469227314e-05]"
9566,0,49.87%,88.36%,0.0001,"[0.999972939491272, 2.7056164981331676e-05]"
9567,1,49.87%,88.36%,0.0225,"[0.022336382418870926, 0.9776636362075806]"
9568,1,49.88%,88.36%,0.0470,"[0.04741431772708893, 0.9525856971740723]"
9569,0,49.87%,88.36%,0.0000,"[0.9999403953552246, 5.9569130826275796e-05]"
9570,1,49.88%,88.36%,0.0300,"[0.029940005391836166, 0.9700599312782288]"
9571,1,49.89%,88.36%,0.0517,"[0.05394155904650688, 0.9460585117340088]"
9572,0,49.88%,88.36%,0.0005,"[0.9991521835327148, 0.0008477587252855301]"
9573,1,49.89%,88.36%,0.0382,"[0.03420388326048851, 0.965796172618866]"
9574,0,49.88%,88.36%,2.5151,"[0.08588682860136032, 0.9141131639480591]"
9575,0,49.87%,88.36%,0.0004,"[0.9240474104881287, 0.07595259696245193]"
9576,1,49.88%,88.36%,0.0307,"[0.03053731471300125, 0.9694626331329346]"
9577,1,49.89%,88.36%,0.0434,"[0.04400996118783951, 0.9559900164604187]"
9578,1,49.89%,88.36%,0.0443,"[0.044056545943021774, 0.9559434056282043]"
9579,0,49.89%,88.35%,2.6748,"[0.08244230598211288, 0.9175577163696289]"
9580,0,49.88%,88.35%,0.0012,"[0.9995930790901184, 0.00040690868627279997]"
9581,1,49.89%,88.35%,0.0354,"[0.025284813717007637, 0.9747151136398315]"
9582,0,49.88%,88.35%,0.0000,"[0.9999735355377197, 2.6410731152282096e-05]"
9583,1,49.89%,88.36%,0.0419,"[0.043382707983255386, 0.9566173553466797]"
9584,1,49.89%,88.36%,0.0850,"[0.09163414686918259, 0.9083658456802368]"
9585,1,49.90%,88.36%,0.1440,"[0.14271196722984314, 0.8572880625724792]"
9586,1,49.90%,88.36%,0.1427,"[0.136649027466774, 0.8633509874343872]"
9587,1,49.91%,88.36%,0.1703,"[0.18101052939891815, 0.8189895153045654]"
9588,0,49.90%,88.36%,0.0187,"[0.984916627407074, 0.01508336327970028]"
9589,1,49.91%,88.36%,0.0940,"[0.08522684127092361, 0.914773166179657]"
9590,0,49.90%,88.36%,0.0004,"[0.9993708729743958, 0.0006291934987530112]"
9591,1,49.91%,88.37%,0.0537,"[0.05301874876022339, 0.9469812512397766]"
9592,1,49.91%,88.37%,0.0537,"[0.05156005546450615, 0.9484399557113647]"
9593,1,49.92%,88.37%,0.0807,"[0.0828501507639885, 0.9171497821807861]"
9594,1,49.92%,88.37%,0.0686,"[0.08246105164289474, 0.9175389409065247]"
9595,1,49.93%,88.37%,0.1125,"[0.1048954650759697, 0.8951045274734497]"
9596,0,49.92%,88.37%,0.0001,"[0.9997764229774475, 0.00022363674361258745]"
9597,0,49.92%,88.36%,2.8943,"[0.06698879599571228, 0.9330112338066101]"
9598,0,49.91%,88.36%,0.0000,"[0.9999898672103882, 1.0144453881366644e-05]"
9599,0,49.91%,88.36%,0.0000,"[0.9999969005584717, 3.0850192160869483e-06]"
9600,0,49.90%,88.37%,0.0000,"[0.9999994039535522, 6.135458079370437e-07]"
9601,1,49.91%,88.37%,0.0126,"[0.012745668180286884, 0.9872543215751648]"
9602,0,49.90%,88.37%,0.0000,"[0.999982476234436, 1.7559552361490205e-05]"
9603,0,49.90%,88.37%,0.0000,"[0.9999977350234985, 2.2137833184388e-06]"
9604,1,49.90%,88.37%,0.0152,"[0.01403359416872263, 0.9859663844108582]"
9605,0,49.90%,88.37%,0.0000,"[0.999995231628418, 4.755174813908525e-06]"
9606,1,49.90%,88.37%,0.0211,"[0.020755985751748085, 0.9792440533638]"
9607,1,49.91%,88.37%,0.0387,"[0.04161271080374718, 0.9583873152732849]"
9608,0,49.90%,88.38%,0.0002,"[0.9998520612716675, 0.0001478584745200351]"
9609,0,49.90%,88.38%,0.0001,"[0.9999260902404785, 7.387096411548555e-05]"
9610,0,49.89%,88.38%,0.0000,"[0.9999957084655762, 4.260192781657679e-06]"
9611,0,49.89%,88.37%,3.5381,"[0.027913078665733337, 0.9720869660377502]"
9612,1,49.89%,88.37%,0.0254,"[0.02490767277777195, 0.9750922918319702]"
9613,0,49.89%,88.37%,0.0000,"[0.9999510049819946, 4.895614256383851e-05]"
9614,1,49.89%,88.37%,0.0482,"[0.047391198575496674, 0.9526087641716003]"
9615,0,49.89%,88.37%,0.0001,"[0.9999278783798218, 7.214624929474667e-05]"
9616,1,49.89%,88.37%,0.0513,"[0.04932103306055069, 0.9506790041923523]"
9617,1,49.90%,88.38%,0.1102,"[0.1052810400724411, 0.8947190046310425]"
9618,0,49.89%,88.38%,0.0007,"[0.9991618394851685, 0.0008381686639040709]"
9619,0,49.89%,88.38%,0.0005,"[0.9986282587051392, 0.0013717663241550326]"
9620,0,49.88%,88.38%,0.0000,"[0.9999819993972778, 1.7963189748115838e-05]"
9621,1,49.89%,88.38%,0.0359,"[0.03408076986670494, 0.9659192562103271]"
9622,0,49.88%,88.38%,0.0000,"[0.9999673366546631, 3.26871158904396e-05]"
9623,1,49.89%,88.38%,0.0573,"[0.06296267360448837, 0.9370372891426086]"
9624,1,49.89%,88.38%,0.2778,"[0.14643333852291107, 0.8535666465759277]"
9625,1,49.90%,88.39%,0.1552,"[0.14875508844852448, 0.8512448668479919]"
9626,1,49.90%,88.39%,0.1613,"[0.1457635760307312, 0.854236364364624]"
9627,1,49.91%,88.39%,0.1438,"[0.12820379436016083, 0.871796190738678]"
9628,0,49.90%,88.39%,0.0089,"[0.9958124756813049, 0.00418754993006587]"
9629,0,49.90%,88.38%,2.5918,"[0.0772317424416542, 0.9227682948112488]"
9630,1,49.90%,88.38%,0.0568,"[0.05597084015607834, 0.9440291523933411]"
9631,1,49.91%,88.38%,0.0839,"[0.08090823888778687, 0.9190918207168579]"
9632,0,49.90%,88.38%,0.0007,"[0.9987736344337463, 0.0012263527605682611]"
9633,0,49.90%,88.38%,0.0002,"[0.9994150400161743, 0.0005849363515153527]"
9634,0,49.89%,88.39%,0.0000,"[0.9999876022338867, 1.236949992744485e-05]"
9635,1,49.90%,88.39%,0.0223,"[0.02295958437025547, 0.9770404100418091]"
9636,0,49.89%,88.38%,2.9499,"[0.053910136222839355, 0.9460898637771606]"
9637,0,49.89%,88.37%,3.1751,"[0.05682412162423134, 0.9431758522987366]"
9638,1,49.89%,88.37%,0.0366,"[0.03939163312315941, 0.9606084227561951]"
9639,1,49.90%,88.37%,0.0710,"[0.06911875307559967, 0.9308812022209167]"
9640,0,49.89%,88.37%,0.0000,"[0.9999531507492065, 4.683575753006153e-05]"
9641,0,49.89%,88.37%,0.0000,"[0.9999923706054688, 7.607390671182657e-06]"
9642,0,49.88%,88.37%,0.0000,"[0.9999955892562866, 4.3778550207207445e-06]"
9643,0,49.88%,88.38%,0.0000,"[0.9999996423721313, 3.6553507243297645e-07]"
9644,1,49.88%,88.38%,0.0197,"[0.019318129867315292, 0.9806818962097168]"
9645,0,49.88%,88.38%,0.0000,"[0.9999986886978149, 1.2799094974980108e-06]"
9646,1,49.88%,88.38%,0.0251,"[0.02649284340441227, 0.9735071659088135]"
9647,1,49.89%,88.38%,0.0636,"[0.05570673942565918, 0.944293200969696]"
9648,0,49.88%,88.38%,0.0001,"[0.9999632835388184, 3.666302654892206e-05]"
9649,0,49.88%,88.38%,0.0000,"[0.999982476234436, 1.7536509403726086e-05]"
9650,1,49.88%,88.38%,0.0362,"[0.03540141135454178, 0.964598536491394]"
9651,1,49.89%,88.39%,0.0714,"[0.07539469748735428, 0.9246052503585815]"
9652,0,49.88%,88.39%,0.2703,"[0.6333956122398376, 0.36660438776016235]"
9653,0,49.88%,88.39%,0.0001,"[0.9999655485153198, 3.444022877374664e-05]"
9654,0,49.87%,88.39%,0.0000,"[0.9999957084655762, 4.2758797462738585e-06]"
9655,0,49.87%,88.39%,0.0000,"[0.9999991655349731, 8.167461373886908e-07]"
9656,1,49.87%,88.39%,0.0582,"[0.049439936876297, 0.9505600929260254]"
9657,1,49.88%,88.39%,0.1270,"[0.09867449849843979, 0.901325523853302]"
9658,1,49.88%,88.39%,0.1613,"[0.14443831145763397, 0.8555617332458496]"
9659,1,49.89%,88.40%,0.1933,"[0.16261203587055206, 0.8373879790306091]"
9660,0,49.88%,88.40%,0.0006,"[0.9991507530212402, 0.0008491958142258227]"
9661,0,49.88%,88.39%,2.3751,"[0.10980413109064102, 0.890195906162262]"
9662,0,49.87%,88.39%,0.0000,"[0.9999914169311523, 8.620780135970563e-06]"
9663,0,49.87%,88.39%,0.0000,"[0.9999867677688599, 1.3210509678174276e-05]"
9664,1,49.87%,88.39%,0.0443,"[0.04484998807311058, 0.9551500082015991]"
9665,0,49.87%,88.39%,0.0000,"[0.99997878074646, 2.1200045011937618e-05]"
9666,0,49.86%,88.39%,0.0000,"[0.9999982118606567, 1.7721712310958537e-06]"
9667,0,49.86%,88.39%,0.0000,"[0.9999990463256836, 9.262414550903486e-07]"
9668,1,49.86%,88.40%,0.0349,"[0.03647893667221069, 0.9635210633277893]"
9669,0,49.86%,88.40%,0.0000,"[0.9999979734420776, 2.078317038467503e-06]"
9670,0,49.85%,88.40%,0.0000,"[0.9999992847442627, 6.837961450401053e-07]"
9671,1,49.86%,88.40%,0.0217,"[0.020003896206617355, 0.9799961447715759]"
9672,1,49.86%,88.40%,0.0314,"[0.030447250232100487, 0.969552755355835]"
9673,1,49.87%,88.40%,0.0793,"[0.07786679267883301, 0.922133207321167]"
9674,0,49.86%,88.40%,0.0001,"[0.9998434782028198, 0.0001564855920150876]"
9675,0,49.86%,88.40%,0.0002,"[0.9993224143981934, 0.0006776161608286202]"
9676,0,49.85%,88.41%,0.0000,"[0.9999984502792358, 1.5761615941300988e-06]"
9677,0,49.85%,88.41%,0.5113,"[0.7253904342651367, 0.27460959553718567]"
9678,0,49.84%,88.41%,0.0000,"[0.9999990463256836, 9.099034627979563e-07]"
9679,0,49.83%,88.41%,0.0000,"[0.9999997615814209, 2.9799417688991525e-07]"
9680,0,49.83%,88.41%,0.0000,"[0.9999998807907104, 1.6321946816333366e-07]"
9681,0,49.82%,88.41%,0.0000,"[0.9999996423721313, 3.004522000082943e-07]"
9682,0,49.82%,88.41%,0.0000,"[0.9999998807907104, 1.4426970551539853e-07]"
9683,1,49.82%,88.41%,0.0572,"[0.07052145153284073, 0.9294785261154175]"
9684,0,49.82%,88.42%,0.0000,"[0.9999960660934448, 3.982527687185211e-06]"
9685,1,49.82%,88.41%,4.6243,"[0.9998537302017212, 0.00014629255747422576]"
9686,1,49.83%,88.41%,0.0918,"[0.08539275825023651, 0.9146072864532471]"
9687,1,49.83%,88.41%,0.1179,"[0.11307257413864136, 0.8869274854660034]"
9688,0,49.83%,88.40%,1.9003,"[0.15197275578975677, 0.8480272889137268]"
9689,1,49.83%,88.40%,0.0828,"[0.07919101417064667, 0.9208090305328369]"
9690,0,49.83%,88.39%,2.0055,"[0.11427486687898636, 0.8857251405715942]"
9691,0,49.82%,88.39%,0.0000,"[0.9999769926071167, 2.294909609190654e-05]"
9692,1,49.83%,88.39%,0.0350,"[0.03473026305437088, 0.9652697443962097]"
9693,1,49.83%,88.39%,0.0511,"[0.051056671887636185, 0.9489433765411377]"
9694,0,49.83%,88.39%,2.5021,"[0.08940397202968597, 0.9105960130691528]"
9695,0,49.82%,88.39%,0.0707,"[0.9830889105796814, 0.016911108046770096]"
9696,0,49.82%,88.39%,0.0000,"[0.9999885559082031, 1.1432774044806138e-05]"
9697,1,49.82%,88.39%,0.0429,"[0.04217417165637016, 0.9578258395195007]"
9698,1,49.83%,88.39%,0.0768,"[0.09096698462963104, 0.909032940864563]"
9699,1,49.84%,88.39%,0.1469,"[0.12334476411342621, 0.8766552209854126]"
9700,0,49.83%,88.39%,0.1365,"[0.9414774179458618, 0.058522533625364304]"
9701,1,49.84%,88.39%,0.2585,"[0.2735091745853424, 0.72649085521698]"
9702,0,49.83%,88.40%,0.0004,"[0.9997052550315857, 0.0002947350440081209]"
9703,0,49.82%,88.40%,0.0000,"[0.9999856948852539, 1.436424736311892e-05]"
9704,1,49.83%,88.40%,0.0609,"[0.06115128472447395, 0.9388487339019775]"
9705,1,49.84%,88.40%,0.1472,"[0.15791942179203033, 0.8420805931091309]"
9706,1,49.84%,88.39%,4.0654,"[0.9386858344078064, 0.06131420284509659]"
9707,1,49.85%,88.39%,0.1806,"[0.1726965308189392, 0.8273034691810608]"
9708,0,49.84%,88.39%,0.0004,"[0.9995088577270508, 0.0004910866264253855]"
9709,0,49.84%,88.39%,0.0000,"[0.9999805688858032, 1.947968667082023e-05]"
9710,1,49.84%,88.39%,0.0562,"[0.06067178398370743, 0.9393282532691956]"
9711,0,49.84%,88.40%,0.0026,"[0.9990843534469604, 0.0009156215819530189]"
9712,1,49.84%,88.40%,0.0850,"[0.08021631836891174, 0.9197837710380554]"
9713,0,49.84%,88.40%,0.0001,"[0.9999305009841919, 6.948776717763394e-05]"
9714,0,49.83%,88.40%,0.0000,"[0.9999815225601196, 1.8461754734744318e-05]"
9715,1,49.84%,88.40%,0.0607,"[0.0440262146294117, 0.9559738039970398]"
9716,1,49.84%,88.40%,0.0629,"[0.08233055472373962, 0.917669415473938]"
9717,0,49.84%,88.40%,0.0517,"[0.8552606105804443, 0.14473935961723328]"
9718,0,49.83%,88.40%,0.0002,"[0.9999114274978638, 8.856653585098684e-05]"
9719,0,49.83%,88.41%,0.0000,"[0.9999964237213135, 3.6069643556402298e-06]"
9720,1,49.83%,88.41%,0.0301,"[0.02688489481806755, 0.973115086555481]"
9721,0,49.83%,88.41%,0.0000,"[0.9999879598617554, 1.205913576995954e-05]"
9722,0,49.82%,88.41%,0.0002,"[0.9998612403869629, 0.00013869786926079541]"
9723,0,49.81%,88.41%,0.0000,"[0.9999760389328003, 2.3959422833286226e-05]"
9724,0,49.81%,88.41%,0.0000,"[0.9999977350234985, 2.2122974314697785e-06]"
9725,0,49.80%,88.41%,0.0000,"[0.9999983310699463, 1.6414089714089641e-06]"
9726,1,49.81%,88.41%,0.0149,"[0.014171527698636055, 0.9858285188674927]"
9727,1,49.81%,88.41%,0.0416,"[0.028921889141201973, 0.9710781574249268]"
9728,1,49.82%,88.42%,0.0990,"[0.09605583548545837, 0.9039441347122192]"
9729,1,49.83%,88.42%,0.0904,"[0.14334902167320251, 0.8566509485244751]"
9730,1,49.83%,88.42%,0.1527,"[0.14428214728832245, 0.8557178378105164]"
9731,0,49.83%,88.42%,0.0006,"[0.9996117949485779, 0.00038823281647637486]"
9732,0,49.82%,88.42%,0.0001,"[0.999944806098938, 5.5176391470013186e-05]"
9733,1,49.83%,88.42%,0.0362,"[0.05437599495053291, 0.9456239938735962]"
9734,0,49.82%,88.42%,0.0000,"[0.9999792575836182, 2.07520934054628e-05]"
9735,0,49.82%,88.41%,0.0365,"[0.10381165146827698, 0.8961883783340454]"
9736,0,49.81%,88.41%,0.0771,"[0.45127856731414795, 0.5487213730812073]"
9737,1,49.82%,88.41%,0.0173,"[0.02003496326506138, 0.979965090751648]"
9738,0,49.81%,88.40%,3.1025,"[0.05254272744059563, 0.9474573135375977]"
9739,1,49.82%,88.40%,0.0466,"[0.044981103390455246, 0.9550188779830933]"
9740,1,49.82%,88.40%,0.0708,"[0.06507338583469391, 0.9349266886711121]"
9741,0,49.82%,88.40%,0.0002,"[0.9998486042022705, 0.00015132216503843665]"
9742,1,49.82%,88.40%,0.0700,"[0.09714239090681076, 0.9028576016426086]"
9743,1,49.83%,88.40%,0.0720,"[0.06671173125505447, 0.9332882761955261]"
9744,0,49.82%,88.39%,0.1215,"[0.302697092294693, 0.6973028779029846]"
9745,0,49.82%,88.38%,2.7972,"[0.0425148569047451, 0.9574851989746094]"
9746,1,49.82%,88.39%,0.0595,"[0.06923185288906097, 0.9307680726051331]"
9747,1,49.83%,88.39%,3.1354,"[0.058037132024765015, 0.9419628977775574]"
9748,1,49.83%,88.39%,0.1862,"[0.14954881370067596, 0.8504511713981628]"
9749,0,49.83%,88.39%,0.0016,"[0.9984614849090576, 0.0015385044971480966]"
9750,1,49.83%,88.39%,0.0917,"[0.09064417332410812, 0.9093557596206665]"
9751,1,49.84%,88.39%,0.2073,"[0.4983477294445038, 0.5016523003578186]"
9752,1,49.84%,88.39%,0.1482,"[0.13313736021518707, 0.8668626546859741]"
9753,0,49.84%,88.39%,0.0008,"[0.9991457462310791, 0.0008542307768948376]"
9754,0,49.83%,88.40%,0.0006,"[0.8303117156028748, 0.16968826949596405]"
9755,1,49.84%,88.40%,0.0358,"[0.03299051150679588, 0.9670094847679138]"
9756,1,49.84%,88.40%,0.0581,"[0.053370676934719086, 0.9466293454170227]"
9757,1,49.85%,88.40%,0.2171,"[0.12312186509370804, 0.8768781423568726]"
9758,1,49.85%,88.40%,0.1301,"[0.11349021643400192, 0.8865098357200623]"
9759,1,49.86%,88.40%,0.1559,"[0.16524823009967804, 0.8347518444061279]"
9760,1,49.86%,88.40%,0.1389,"[0.12203703820705414, 0.8779630064964294]"
9761,1,49.87%,88.40%,0.1010,"[0.07695119827985764, 0.923048734664917]"
9762,1,49.87%,88.41%,0.1144,"[0.1641613245010376, 0.8358386754989624]"
9763,0,49.87%,88.40%,1.8250,"[0.11101533472537994, 0.8889846801757812]"
9764,0,49.86%,88.40%,0.0008,"[0.9995204210281372, 0.00047956983326002955]"
9765,1,49.87%,88.40%,0.0523,"[0.04729475826025009, 0.9527052640914917]"
9766,1,49.87%,88.40%,0.0790,"[0.07626516371965408, 0.9237348437309265]"
9767,0,49.87%,88.40%,0.0001,"[0.999927282333374, 7.265757449204102e-05]"
9768,0,49.86%,88.40%,0.0000,"[0.9999912977218628, 8.64503272168804e-06]"
9769,1,49.87%,88.40%,0.0182,"[0.017877401784062386, 0.9821226596832275]"
9770,1,49.87%,88.40%,0.0463,"[0.0474623367190361, 0.9525377154350281]"
9771,1,49.88%,88.41%,0.0824,"[0.07968761771917343, 0.9203124046325684]"
9772,0,49.87%,88.41%,0.0011,"[0.9992697834968567, 0.0007302023004740477]"
9773,0,49.87%,88.41%,0.0001,"[0.9998975992202759, 0.0001024300727294758]"
9774,1,49.87%,88.41%,0.0250,"[0.027986187487840652, 0.9720137715339661]"
9775,1,49.88%,88.41%,0.0305,"[0.029416538774967194, 0.970583438873291]"
9776,1,49.88%,88.41%,0.0271,"[0.028142742812633514, 0.9718572497367859]"
9777,0,49.88%,88.41%,0.9942,"[0.9954169988632202, 0.004582947585731745]"
9778,1,49.88%,88.41%,0.0388,"[0.038014158606529236, 0.9619858264923096]"
9779,0,49.88%,88.42%,0.0001,"[0.9999361038208008, 6.387078610714525e-05]"
9780,1,49.88%,88.42%,0.0239,"[0.020025795325636864, 0.9799742698669434]"
9781,1,49.89%,88.42%,0.0439,"[0.04078251123428345, 0.9592174887657166]"
9782,1,49.89%,88.42%,0.0401,"[0.038394685834646225, 0.9616053104400635]"
9783,1,49.90%,88.42%,0.0806,"[0.0925789549946785, 0.9074211120605469]"
9784,0,49.89%,88.41%,2.0180,"[0.22929264605045319, 0.7707073092460632]"
9785,0,49.89%,88.41%,0.0001,"[0.9999600648880005, 3.995517909061164e-05]"
9786,1,49.89%,88.41%,0.0394,"[0.03323058411478996, 0.9667693972587585]"
9787,0,49.89%,88.41%,0.0001,"[0.9999406337738037, 5.932434578426182e-05]"
9788,0,49.88%,88.41%,2.9015,"[0.03706430643796921, 0.962935745716095]"
9789,1,49.89%,88.41%,0.0218,"[0.02332787588238716, 0.9766721725463867]"
9790,1,49.89%,88.41%,0.0613,"[0.05542325600981712, 0.9445767998695374]"
9791,1,49.90%,88.41%,0.0634,"[0.05884736031293869, 0.9411526322364807]"
9792,0,49.89%,88.41%,0.0002,"[0.9998303651809692, 0.00016958950436674058]"
9793,1,49.90%,88.41%,0.0313,"[0.028656210750341415, 0.9713437557220459]"
9794,1,49.90%,88.41%,0.0451,"[0.04709600657224655, 0.9529039859771729]"
9795,0,49.90%,88.41%,0.0006,"[0.9996695518493652, 0.00033049756893888116]"
9796,1,49.90%,88.41%,0.0467,"[0.051099590957164764, 0.9489004015922546]"
9797,0,49.90%,88.42%,0.0000,"[0.999975323677063, 2.4627366656204686e-05]"
9798,1,49.90%,88.42%,0.0324,"[0.03095628134906292, 0.9690436720848083]"
9799,0,49.90%,88.42%,0.0002,"[0.9998815059661865, 0.00011845971312141046]"
9800,0,49.89%,88.42%,0.0000,"[0.9999837875366211, 1.6226978914346546e-05]"
9801,0,49.89%,88.42%,0.0000,"[0.9999947547912598, 5.251472884992836e-06]"
9802,0,49.88%,88.42%,0.0000,"[0.9999963045120239, 3.7015088309999555e-06]"
9803,0,49.88%,88.42%,1.4857,"[0.6246669888496399, 0.3753330111503601]"
9804,0,49.87%,88.41%,1.8556,"[0.0707535445690155, 0.9292464852333069]"
9805,0,49.87%,88.41%,3.7866,"[0.02259610779583454, 0.9774038791656494]"
9806,1,49.87%,88.41%,0.0459,"[0.05156751722097397, 0.948432445526123]"
9807,0,49.87%,88.41%,0.0000,"[0.9999978542327881, 2.1583869056485128e-06]"
9808,1,49.87%,88.41%,0.0250,"[0.024282608181238174, 0.9757173657417297]"
9809,1,49.88%,88.41%,0.3848,"[0.29188644886016846, 0.7081135511398315]"
9810,0,49.87%,88.41%,0.0002,"[0.9997960925102234, 0.0002039217943092808]"
9811,1,49.88%,88.41%,0.0689,"[0.07810775935649872, 0.9218922257423401]"
9812,1,49.88%,88.41%,0.2425,"[0.18644990026950836, 0.8135501146316528]"
9813,1,49.89%,88.41%,0.2556,"[0.22177660465240479, 0.7782233357429504]"
9814,0,49.88%,88.42%,0.0216,"[0.9797134399414062, 0.020286643877625465]"
9815,1,49.89%,88.42%,0.1220,"[0.11396228522062302, 0.8860377073287964]"
9816,1,49.89%,88.42%,0.1342,"[0.13100707530975342, 0.8689929842948914]"
9817,1,49.90%,88.42%,0.1787,"[0.15105779469013214, 0.848942220211029]"
9818,0,49.89%,88.42%,0.0005,"[0.9975540041923523, 0.0024459962733089924]"
9819,1,49.90%,88.42%,0.0628,"[0.07316219806671143, 0.9268378019332886]"
9820,1,49.90%,88.42%,0.0795,"[0.08385854214429855, 0.9161414504051208]"
9821,0,49.90%,88.42%,0.0002,"[0.9997215867042542, 0.00027844985015690327]"
9822,1,49.90%,88.43%,0.0590,"[0.05156424269080162, 0.9484357833862305]"
9823,1,49.91%,88.43%,0.0696,"[0.07121537625789642, 0.9287846088409424]"
9824,1,49.91%,88.43%,0.1197,"[0.11309277266263962, 0.8869072198867798]"
9825,1,49.92%,88.43%,0.1473,"[0.11552155762910843, 0.8844785094261169]"
9826,0,49.91%,88.43%,0.0076,"[0.9893472194671631, 0.010652792640030384]"
9827,0,49.91%,88.43%,0.0001,"[0.9998188614845276, 0.0001811218389775604]"
9828,1,49.91%,88.43%,0.0367,"[0.03623765707015991, 0.9637624025344849]"
9829,1,49.92%,88.43%,0.0774,"[0.07740149646997452, 0.9225985407829285]"
9830,1,49.92%,88.43%,0.1285,"[0.10052487254142761, 0.8994751572608948]"
9831,0,49.92%,88.44%,0.0019,"[0.9883899688720703, 0.01161004975438118]"
9832,1,49.92%,88.44%,0.0750,"[0.06121240556240082, 0.938787579536438]"
9833,1,49.93%,88.44%,0.0939,"[0.07887961715459824, 0.9211203455924988]"
9834,1,49.93%,88.44%,0.0771,"[0.08144155889749527, 0.9185584187507629]"
9835,1,49.94%,88.44%,0.1300,"[0.06727370619773865, 0.932726263999939]"
9836,0,49.93%,88.44%,0.0008,"[0.9993374943733215, 0.0006624590023420751]"
9837,1,49.94%,88.44%,0.0393,"[0.03854746371507645, 0.9614525437355042]"
9838,1,49.94%,88.44%,0.1165,"[0.09495972096920013, 0.9050402641296387]"
9839,0,49.94%,88.45%,0.0037,"[0.9917648434638977, 0.008235123939812183]"
9840,1,49.94%,88.45%,0.0402,"[0.050706200301647186, 0.9492937326431274]"
9841,0,49.94%,88.45%,0.0004,"[0.9996639490127563, 0.00033604909549467266]"
9842,1,49.94%,88.45%,0.0313,"[0.032283369451761246, 0.967716634273529]"
9843,1,49.95%,88.45%,0.0358,"[0.041640207171440125, 0.9583598375320435]"
9844,0,49.94%,88.44%,2.5158,"[0.08459639549255371, 0.9154036641120911]"
9845,1,49.95%,88.44%,0.0511,"[0.04750155285000801, 0.9524984359741211]"
9846,1,49.95%,88.44%,0.0968,"[0.09242553263902664, 0.9075744152069092]"
9847,0,49.95%,88.44%,1.5611,"[0.8151017427444458, 0.1848982721567154]"
9848,1,49.95%,88.45%,0.0677,"[0.06463298946619034, 0.9353669881820679]"
9849,1,49.96%,88.45%,0.1090,"[0.10480468720197678, 0.8951953649520874]"
9850,1,49.96%,88.45%,0.1577,"[0.14505711197853088, 0.8549428582191467]"
9851,1,49.97%,88.45%,0.1406,"[0.13521942496299744, 0.864780604839325]"
9852,0,49.96%,88.44%,1.6960,"[0.1700870841741562, 0.8299129009246826]"
9853,0,49.96%,88.44%,0.0009,"[0.9998630285263062, 0.00013696946552954614]"
9854,1,49.96%,88.44%,0.0365,"[0.03694477304816246, 0.9630552530288696]"
9855,0,49.96%,88.44%,0.0002,"[0.9999321699142456, 6.78390497341752e-05]"
9856,1,49.96%,88.44%,0.0329,"[0.03436907008290291, 0.9656309485435486]"
9857,0,49.96%,88.44%,1.9408,"[0.15884508192539215, 0.8411548733711243]"
9858,1,49.96%,88.44%,0.0435,"[0.04436882585287094, 0.9556311964988708]"
9859,1,49.97%,88.44%,0.0539,"[0.0613899827003479, 0.9386099576950073]"
9860,1,49.97%,88.44%,0.0689,"[0.06326398998498917, 0.9367360472679138]"
9861,0,49.97%,88.44%,0.0120,"[0.998274564743042, 0.0017253909027203918]"
9862,1,49.97%,88.44%,0.0272,"[0.023898404091596603, 0.9761015772819519]"
9863,1,49.98%,88.44%,0.0386,"[0.028858771547675133, 0.9711412191390991]"
9864,0,49.97%,88.44%,0.0006,"[0.9985823631286621, 0.0014176205731928349]"
9865,1,49.98%,88.45%,0.0505,"[0.04765056073665619, 0.9523494243621826]"
9866,1,49.98%,88.45%,0.0572,"[0.04980359226465225, 0.9501963257789612]"
9867,1,49.99%,88.45%,0.0746,"[0.07766922563314438, 0.9223307967185974]"
9868,0,49.98%,88.45%,0.0001,"[0.9999260902404785, 7.38695525797084e-05]"
9869,1,49.99%,88.45%,0.0304,"[0.03352181240916252, 0.966478168964386]"
9870,0,49.98%,88.45%,0.0001,"[0.9998753070831299, 0.00012468699424061924]"
9871,1,49.99%,88.45%,0.0355,"[0.033033646643161774, 0.9669663310050964]"
9872,0,49.98%,88.45%,0.0000,"[0.9999829530715942, 1.7077240045182407e-05]"
9873,1,49.99%,88.45%,0.0284,"[0.03071012534201145, 0.9692898988723755]"
9874,1,49.99%,88.46%,0.0634,"[0.05240632966160774, 0.9475936889648438]"
9875,0,49.99%,88.45%,0.5870,"[0.49902743101119995, 0.5009725689888]"
9876,1,49.99%,88.45%,0.0628,"[0.06429984420537949, 0.9357001781463623]"
9877,1,50.00%,88.45%,0.1189,"[0.11323200166225433, 0.8867679834365845]"
9878,1,50.01%,88.45%,0.0889,"[0.08761820942163467, 0.9123818278312683]"
9879,1,50.01%,88.45%,0.0436,"[0.04700006544589996, 0.953000009059906]"
9880,0,50.01%,88.45%,0.0002,"[0.9997919201850891, 0.00020808933186344802]"
9881,0,50.00%,88.45%,0.0000,"[0.9999890327453613, 1.0994879630743526e-05]"
9882,0,49.99%,88.44%,2.0687,"[0.08879303187131882, 0.9112069606781006]"
9883,1,50.00%,88.45%,0.0305,"[0.028427623212337494, 0.9715723395347595]"
9884,1,50.01%,88.45%,0.0604,"[0.06426289677619934, 0.9357370734214783]"
9885,1,50.01%,88.45%,0.1264,"[0.09945880621671677, 0.9005411863327026]"
9886,0,50.01%,88.45%,0.0045,"[0.9962039589881897, 0.003796002361923456]"
9887,1,50.01%,88.45%,0.0605,"[0.05591270327568054, 0.9440872669219971]"
9888,1,50.02%,88.45%,0.0597,"[0.05532541498541832, 0.944674551486969]"
9889,0,50.01%,88.45%,0.0001,"[0.999942421913147, 5.76235142943915e-05]"
9890,0,50.01%,88.45%,0.0000,"[0.9999948740005493, 5.093938398204045e-06]"
9891,0,50.00%,88.46%,0.0000,"[0.9999990463256836, 1.0085823305416852e-06]"
9892,1,50.01%,88.46%,0.0148,"[0.015017830766737461, 0.9849822521209717]"
9893,0,50.00%,88.46%,0.0000,"[0.9999964237213135, 3.559340029823943e-06]"
9894,1,50.01%,88.46%,0.0153,"[0.014559491537511349, 0.9854405522346497]"
9895,0,50.00%,88.46%,0.0000,"[0.999997615814209, 2.385266043347656e-06]"
9896,0,49.99%,88.46%,0.0000,"[0.9999991655349731, 8.43544057715917e-07]"
9897,1,50.00%,88.46%,0.0101,"[0.010236743837594986, 0.9897632598876953]"
9898,1,50.01%,88.46%,0.0555,"[0.036037564277648926, 0.9639623761177063]"
9899,1,50.01%,88.46%,0.0430,"[0.04720543697476387, 0.9527945518493652]"
9900,0,50.01%,88.47%,0.0001,"[0.999796450138092, 0.00020353872969280928]"
9901,1,50.01%,88.47%,0.0278,"[0.03252914547920227, 0.9674708843231201]"
9902,1,50.02%,88.47%,0.0340,"[0.025535063818097115, 0.9744648933410645]"
9903,0,50.01%,88.47%,0.0000,"[0.999977707862854, 2.2286272724159062e-05]"
9904,1,50.02%,88.47%,0.0205,"[0.024085553362965584, 0.9759144186973572]"
9905,0,50.01%,88.47%,0.0010,"[0.9938802719116211, 0.006119726225733757]"
9906,1,50.02%,88.47%,0.0340,"[0.032776281237602234, 0.9672236442565918]"
9907,1,50.02%,88.47%,0.0486,"[0.051142867654561996, 0.9488571882247925]"
9908,0,50.02%,88.48%,0.0001,"[0.9999488592147827, 5.110030178911984e-05]"
9909,0,50.01%,88.48%,0.0000,"[0.9999918937683105, 8.141959369822871e-06]"
9910,0,50.01%,88.48%,0.0000,"[0.999998927116394, 1.0725750598794548e-06]"
9911,0,50.00%,88.47%,0.3772,"[0.20344310998916626, 0.796556830406189]"
9912,1,50.01%,88.47%,0.0158,"[0.011732242070138454, 0.988267719745636]"
9913,0,50.00%,88.47%,1.9912,"[0.9799115061759949, 0.02008853293955326]"
9914,0,49.99%,88.47%,0.0000,"[0.9999957084655762, 4.233987056068145e-06]"
9915,1,50.00%,88.47%,0.0594,"[0.05748754367232323, 0.9425124526023865]"
9916,0,49.99%,88.47%,0.0007,"[0.9990580677986145, 0.000941894599236548]"
9917,0,49.99%,88.48%,0.0000,"[0.9999951124191284, 4.8597066779620945e-06]"
9918,0,49.98%,88.48%,0.0000,"[0.9999990463256836, 9.651718073655502e-07]"
9919,1,49.99%,88.48%,0.0105,"[0.010862165130674839, 0.9891378283500671]"
9920,0,49.98%,88.48%,0.0000,"[0.9999982118606567, 1.8154257759306347e-06]"
9921,0,49.98%,88.48%,0.0000,"[0.9999994039535522, 6.055090011614084e-07]"
9922,0,49.97%,88.48%,0.0000,"[0.9999997615814209, 2.209530265417925e-07]"
9923,1,49.98%,88.48%,0.0126,"[0.013088776730000973, 0.9869111776351929]"
9924,1,49.98%,88.47%,9.2339,"[0.9982010126113892, 0.0017990154447034001]"
9925,0,49.98%,88.47%,0.0000,"[0.9999834299087524, 1.655702908465173e-05]"
9926,1,49.98%,88.48%,0.0184,"[0.01851745881140232, 0.9814825654029846]"
9927,0,49.98%,88.48%,0.0000,"[0.9999926090240479, 7.333302619372262e-06]"
9928,0,49.97%,88.47%,2.8875,"[0.04732610657811165, 0.9526739120483398]"
9929,0,49.97%,88.46%,3.9451,"[0.021855277940630913, 0.9781447052955627]"
9930,1,49.97%,88.46%,0.0277,"[0.02705276757478714, 0.9729472398757935]"
9931,0,49.97%,88.46%,0.0000,"[0.9985602498054504, 0.0014397894265130162]"
9932,1,49.97%,88.46%,0.0692,"[0.07186955213546753, 0.9281304478645325]"
9933,0,49.97%,88.46%,0.0001,"[0.9998183846473694, 0.00018165558867622167]"
9934,0,49.96%,88.47%,0.0000,"[0.9999908208847046, 9.217086699209176e-06]"
9935,0,49.96%,88.47%,0.0000,"[0.9999239444732666, 7.606975850649178e-05]"
9936,1,49.96%,88.46%,0.7766,"[0.60570228099823, 0.3942977488040924]"
9937,1,49.97%,88.46%,0.0488,"[0.050043102353811264, 0.9499569535255432]"
9938,0,49.96%,88.45%,2.3216,"[0.07612613588571548, 0.9238738417625427]"
9939,0,49.96%,88.45%,0.0000,"[0.9999803304672241, 1.968619653780479e-05]"
9940,1,49.96%,88.45%,0.0279,"[0.0358261838555336, 0.9641737937927246]"
9941,0,49.96%,88.44%,1.4115,"[0.22525176405906677, 0.7747482061386108]"
9942,1,49.96%,88.44%,0.0333,"[0.03402883559465408, 0.9659712314605713]"
9943,1,49.97%,88.44%,0.5047,"[0.521475076675415, 0.47852495312690735]"
9944,1,49.97%,88.44%,0.3551,"[0.38742417097091675, 0.612575888633728]"
9945,1,49.98%,88.44%,0.1764,"[0.3019658625125885, 0.6980341672897339]"
9946,0,49.97%,88.44%,0.0062,"[0.9919288158416748, 0.008071155287325382]"
9947,1,49.98%,88.43%,4.5478,"[0.9930031895637512, 0.006996858399361372]"
9948,1,49.98%,88.43%,0.1806,"[0.1794261336326599, 0.8205739259719849]"
9949,1,49.99%,88.43%,0.1909,"[0.1453246921300888, 0.85467529296875]"
9950,0,49.98%,88.43%,0.0005,"[0.9993096590042114, 0.000690385524649173]"
9951,1,49.99%,88.43%,0.0604,"[0.06547310203313828, 0.9345269203186035]"
9952,0,49.98%,88.44%,0.0002,"[0.9999241828918457, 7.582648686366156e-05]"
9953,1,49.99%,88.44%,0.0301,"[0.038967300206422806, 0.9610326290130615]"
9954,0,49.98%,88.44%,0.0003,"[0.999669075012207, 0.00033093677484430373]"
9955,1,49.99%,88.44%,0.0300,"[0.02813602052628994, 0.9718639850616455]"
9956,0,49.98%,88.43%,0.0261,"[0.2554226815700531, 0.7445773482322693]"
9957,1,49.99%,88.43%,0.0408,"[0.03644144907593727, 0.963558554649353]"
9958,0,49.98%,88.43%,0.0001,"[0.9997677206993103, 0.0002322313521290198]"
9959,1,49.99%,88.43%,0.0358,"[0.04860946536064148, 0.9513905048370361]"
9960,1,49.99%,88.43%,0.0863,"[0.09420125931501389, 0.9057987928390503]"
9961,0,49.99%,88.44%,1.9271,"[0.5600987672805786, 0.4399012625217438]"
9962,0,49.98%,88.43%,2.2543,"[0.101938396692276, 0.8980615735054016]"
9963,0,49.98%,88.43%,0.0000,"[0.9999878406524658, 1.2152614544902463e-05]"
9964,0,49.97%,88.43%,0.0126,"[0.9103338122367859, 0.08966612815856934]"
9965,1,49.98%,88.43%,0.0238,"[0.023601096123456955, 0.9763988852500916]"
9966,1,49.98%,88.43%,0.0562,"[0.04843990504741669, 0.9515600800514221]"
9967,1,49.99%,88.43%,0.0821,"[0.10002463310956955, 0.8999753594398499]"
9968,1,49.99%,88.43%,0.1664,"[0.1589890867471695, 0.8410109281539917]"
9969,1,50.00%,88.44%,0.1753,"[0.14863355457782745, 0.8513664603233337]"
9970,0,49.99%,88.44%,0.0045,"[0.9953611493110657, 0.004638890735805035]"
9971,1,50.00%,88.44%,0.0797,"[0.08302055299282074, 0.9169794917106628]"
9972,0,49.99%,88.44%,0.0001,"[0.9999334812164307, 6.65085535729304e-05]"
9973,1,50.00%,88.44%,0.0336,"[0.03530016541481018, 0.9646998047828674]"
9974,1,50.01%,88.44%,0.0457,"[0.04877502843737602, 0.9512250423431396]"
9975,1,50.01%,88.44%,0.0360,"[0.03526810184121132, 0.9647318720817566]"
9976,0,50.01%,88.44%,0.0000,"[0.9999955892562866, 4.453187557373894e-06]"
9977,0,50.00%,88.44%,0.0000,"[0.9999991655349731, 8.594893188274e-07]"
9978,0,49.99%,88.44%,1.1094,"[0.27959319949150085, 0.7204067707061768]"
9979,1,50.00%,88.44%,0.0166,"[0.01644088141620159, 0.9835591912269592]"
9980,1,50.01%,88.44%,0.0426,"[0.05156555026769638, 0.9484344720840454]"
9981,1,50.01%,88.44%,0.0655,"[0.07088737934827805, 0.9291125535964966]"
9982,0,50.01%,88.43%,0.2155,"[0.19996297359466553, 0.8000370860099792]"
9983,1,50.01%,88.43%,0.0352,"[0.033929113298654556, 0.9660708904266357]"
9984,1,50.02%,88.43%,0.0997,"[0.07071636617183685, 0.929283618927002]"
9985,0,50.01%,88.43%,0.3923,"[0.7816938161849976, 0.21830618381500244]"
9986,0,50.01%,88.43%,0.0001,"[0.9997721314430237, 0.00022787116176914424]"
9987,0,50.00%,88.44%,0.0000,"[0.9999545812606812, 4.539622023003176e-05]"
9988,1,50.01%,88.44%,0.4523,"[0.2462019920349121, 0.7537980079650879]"
9989,0,50.00%,88.44%,0.0086,"[0.9940500259399414, 0.005949974525719881]"
9990,0,49.99%,88.44%,0.0000,"[0.9999916553497314, 8.285458534373902e-06]"
9991,0,49.99%,88.44%,0.0000,"[0.9999984502792358, 1.5035005844765692e-06]"
9992,1,49.99%,88.44%,0.0157,"[0.014715112745761871, 0.9852848649024963]"
9993,1,50.00%,88.44%,0.0308,"[0.027814166620373726, 0.9721859097480774]"
9994,1,50.01%,88.44%,0.0863,"[0.08975426852703094, 0.9102457165718079]"
9995,0,50.00%,88.45%,0.0001,"[0.9999028444290161, 9.719972149468958e-05]"
9996,1,50.01%,88.45%,0.0349,"[0.03105931170284748, 0.9689406752586365]"
9997,1,50.01%,88.45%,0.0501,"[0.04462944343686104, 0.9553705453872681]"
9998,0,50.01%,88.45%,0.0003,"[0.999731719493866, 0.0002682589692994952]"
9999,0,50.00%,88.45%,0.0015,"[0.9989851117134094, 0.0010149282170459628]"
