round,ground_truth,correct_percentage,loss,softmax_output,hedge_weights
0,21,0.00%,3.8068,"[0.008587540127336979, 0.05992083624005318, 0.10895320773124695, 0.10459385812282562, 0.019730746746063232, 0.028331713750958443, 0.023850852623581886, 0.05656091496348381, 0.01597927324473858, 0.04065798223018646, 0.02457340434193611, 0.016944343224167824, 0.008385487832129002, 0.005510566756129265, 0.018294747918844223, 0.03200420364737511, 0.008531315252184868, 0.014740126207470894, 0.06390712410211563, 0.02110733464360237, 0.04449921101331711, 0.020909858867526054, 0.011236319318413734, 0.05874750390648842, 0.02546738088130951, 0.07584558427333832, 0.05327758193016052, 0.028850998729467392]","[0.8288048505783081, 0.17119517922401428]"
1,2,0.00%,2.9836,"[0.04305896908044815, 0.025249946862459183, 0.03651663661003113, 0.017261279746890068, 0.013954748399555683, 0.04135909676551819, 0.022275805473327637, 0.019771916791796684, 0.009064434096217155, 0.08353175967931747, 0.03989306464791298, 0.012424174696207047, 0.05094917491078377, 0.0136713907122612, 0.1012461856007576, 0.04410995915532112, 0.03379523754119873, 0.025251071900129318, 0.0580160915851593, 0.0376562662422657, 0.015043471939861774, 0.0274830162525177, 0.04308108985424042, 0.022250475361943245, 0.03519030660390854, 0.00707631092518568, 0.044842157512903214, 0.07597586512565613]","[0.60065758228302, 0.3993423581123352]"
2,21,0.00%,3.7173,"[0.008464007638394833, 0.05832827091217041, 0.11718843877315521, 0.09543261677026749, 0.017552463337779045, 0.04534204676747322, 0.025502696633338928, 0.04666804149746895, 0.013857368379831314, 0.0654519572854042, 0.021464446559548378, 0.015097749419510365, 0.009500962682068348, 0.0046776761300861835, 0.018697138875722885, 0.03112710267305374, 0.012425695545971394, 0.01566191390156746, 0.06134781613945961, 0.023245953023433685, 0.023230837658047676, 0.023215141147375107, 0.013735266402363777, 0.041696999222040176, 0.036779142916202545, 0.07062733173370361, 0.05462513118982315, 0.029055828228592873]","[0.8455793857574463, 0.15442058444023132]"
3,5,0.00%,4.7980,"[0.009741879999637604, 0.062406931072473526, 0.09863072633743286, 0.08356824517250061, 0.011634394526481628, 0.06453850865364075, 0.026538684964179993, 0.04389221966266632, 0.008444937877357006, 0.07030367851257324, 0.02159721963107586, 0.012881890870630741, 0.017252061516046524, 0.004254103172570467, 0.022966375574469566, 0.034251004457473755, 0.013349069282412529, 0.019223205745220184, 0.06316830962896347, 0.025020958855748177, 0.024106137454509735, 0.02826540544629097, 0.0180019810795784, 0.03486347571015358, 0.027736861258745193, 0.06564034521579742, 0.053702253848314285, 0.03401919826865196]","[0.878160297870636, 0.12183964997529984]"
4,21,0.00%,3.1787,"[0.005096287466585636, 0.03707818686962128, 0.0808086097240448, 0.061835773289203644, 0.011480405926704407, 0.11742248386144638, 0.041957832872867584, 0.03939228132367134, 0.00418058829382062, 0.09708265215158463, 0.0117682795971632, 0.011625674553215504, 0.021578384563326836, 0.003233343828469515, 0.01650996506214142, 0.017557792365550995, 0.022188959643244743, 0.0338384285569191, 0.03680889680981636, 0.029674477875232697, 0.007514285854995251, 0.04169169068336487, 0.02187293767929077, 0.02544061280786991, 0.06484990566968918, 0.07190249115228653, 0.05147405341267586, 0.014134684577584267]","[0.9039508104324341, 0.09604917466640472]"
5,26,0.00%,3.0403,"[0.008455316536128521, 0.0537203773856163, 0.10835706442594528, 0.09701675176620483, 0.0145730497315526, 0.06062988191843033, 0.03180551901459694, 0.051594097167253494, 0.012361206114292145, 0.05723508819937706, 0.021699637174606323, 0.019834373146295547, 0.00950907077640295, 0.003599050920456648, 0.016162440180778503, 0.02185399830341339, 0.008972066454589367, 0.016915535554289818, 0.05714444816112518, 0.02781919576227665, 0.021738175302743912, 0.03104105032980442, 0.016175158321857452, 0.048591308295726776, 0.03605196624994278, 0.07508949190378189, 0.04867228865623474, 0.02338235266506672]","[0.008047748357057571, 0.9919522404670715]"
6,0,0.00%,4.7225,"[0.008707333356142044, 0.04131126403808594, 0.0647556409239769, 0.06509583443403244, 0.01177893579006195, 0.09117631614208221, 0.03277480974793434, 0.036485861986875534, 0.005641416180878878, 0.09669945389032364, 0.021695783361792564, 0.013517600484192371, 0.027811601758003235, 0.0038782318588346243, 0.02204308658838272, 0.025469597429037094, 0.020814506337046623, 0.024272728711366653, 0.04752710461616516, 0.02843262441456318, 0.01246570609509945, 0.054503899067640305, 0.03525053337216377, 0.027160262688994408, 0.04230150580406189, 0.0504671111702919, 0.0649162009358406, 0.023045029491186142]","[0.009478854946792126, 0.9905211925506592]"
7,10,0.00%,4.2155,"[0.009466834366321564, 0.030646683648228645, 0.14777301251888275, 0.12631167471408844, 0.006969660986214876, 0.06760269403457642, 0.05309927091002464, 0.03554488718509674, 0.004519338253885508, 0.036090508103370667, 0.011269526556134224, 0.01888260990381241, 0.018704423680901527, 0.0044049606658518314, 0.02088306099176407, 0.02331276424229145, 0.008925206027925014, 0.02405637316405773, 0.06105167418718338, 0.03905472159385681, 0.025596411898732185, 0.035283491015434265, 0.0178693737834692, 0.03282690420746803, 0.014709662646055222, 0.08072207123041153, 0.03007366508245468, 0.014348478987812996]","[0.0010000000474974513, 0.999190628528595]"
8,6,0.00%,3.2330,"[0.009503467939794064, 0.0387338250875473, 0.10757328569889069, 0.09887594729661942, 0.008165322244167328, 0.09856020659208298, 0.05039369314908981, 0.03342709317803383, 0.0037449048832058907, 0.05255432799458504, 0.012011054903268814, 0.017046961933374405, 0.025438696146011353, 0.003608820727095008, 0.02015935629606247, 0.02735861763358116, 0.010781395249068737, 0.025468382984399796, 0.05889606848359108, 0.041971076279878616, 0.017637886106967926, 0.0399150624871254, 0.023356057703495026, 0.029223496094346046, 0.01660122536122799, 0.06662974506616592, 0.04438816383481026, 0.017975885421037674]","[0.0010000000474974513, 0.9992572665214539]"
9,17,0.00%,4.1768,"[0.01089034229516983, 0.036600735038518906, 0.07070478051900864, 0.08319561183452606, 0.014967063441872597, 0.02075190655887127, 0.01955307461321354, 0.036040280014276505, 0.01292949728667736, 0.06708096712827682, 0.04942440986633301, 0.011291743256151676, 0.02302318811416626, 0.009124789386987686, 0.0376431867480278, 0.03821149095892906, 0.01802031509578228, 0.014442095533013344, 0.06973691284656525, 0.019708609208464622, 0.04928307235240936, 0.05175361782312393, 0.024739962071180344, 0.03783271089196205, 0.02378355711698532, 0.03628905117511749, 0.07642070949077606, 0.03655635565519333]","[0.0010000000474974513, 0.9999101758003235]"
10,2,0.00%,2.5691,"[0.01019000168889761, 0.03998347744345665, 0.07358120381832123, 0.07674823701381683, 0.013956435024738312, 0.039361003786325455, 0.02559901401400566, 0.039821550250053406, 0.008953404612839222, 0.07977518439292908, 0.03867415711283684, 0.011894969269633293, 0.02349701337516308, 0.006106516811996698, 0.029438871890306473, 0.03098241426050663, 0.017943456768989563, 0.01892140321433544, 0.06091633066534996, 0.02234455943107605, 0.027984069660305977, 0.055074989795684814, 0.02922983467578888, 0.035108331590890884, 0.032597243785858154, 0.04176899790763855, 0.07756220549345016, 0.031985171139240265]","[0.0010000000474974513, 0.9990741014480591]"
11,0,0.00%,4.5664,"[0.002894313307479024, 0.028491226956248283, 0.018580477684736252, 0.03768998757004738, 0.011113314889371395, 0.10292965918779373, 0.03204531595110893, 0.026839150115847588, 0.0030196949373930693, 0.08426772803068161, 0.022174406796693802, 0.019827496260404587, 0.06299325078725815, 0.0030825939029455185, 0.013172917999327183, 0.020481672137975693, 0.012198908254504204, 0.037282656878232956, 0.02137606032192707, 0.04956196993589401, 0.015239358879625797, 0.08634485304355621, 0.030739976093173027, 0.04191399738192558, 0.05470437556505203, 0.033828407526016235, 0.11160538345575333, 0.015600806102156639]","[0.0010000000474974513, 0.9999977350234985]"
12,18,0.00%,2.6496,"[0.015514034777879715, 0.08745578676462173, 0.02834775671362877, 0.04347293823957443, 0.031409185379743576, 0.056835416704416275, 0.022306712344288826, 0.03849118575453758, 0.015668364241719246, 0.05405857786536217, 0.029599180445075035, 0.015944765880703926, 0.03541780635714531, 0.01212312187999487, 0.022332096472382545, 0.06577586382627487, 0.018372606486082077, 0.02130487561225891, 0.04024672508239746, 0.023386213928461075, 0.036832962185144424, 0.026731867343187332, 0.02340901456773281, 0.03153161332011223, 0.015272748656570911, 0.03777787461876869, 0.08758574724197388, 0.0627950057387352]","[0.0010000000474974513, 0.9996075630187988]"
13,17,0.00%,4.1175,"[0.008760704658925533, 0.03242632746696472, 0.08079815655946732, 0.08950319141149521, 0.0169427078217268, 0.051321957260370255, 0.04928519204258919, 0.044933103024959564, 0.01305314339697361, 0.04677615314722061, 0.03162635862827301, 0.03302161023020744, 0.013805209659039974, 0.00462917797267437, 0.01672137901186943, 0.01943676359951496, 0.00969143956899643, 0.018545523285865784, 0.04811079055070877, 0.042087629437446594, 0.025663848966360092, 0.05380968376994133, 0.02290099300444126, 0.053872790187597275, 0.03263605758547783, 0.05050816014409065, 0.06503082811832428, 0.02410108968615532]","[0.0010000000474974513, 1.0]"
14,9,0.00%,3.3440,"[0.02454330213367939, 0.04195418953895569, 0.051025476306676865, 0.05365649238228798, 0.019820716232061386, 0.020993193611502647, 0.024345003068447113, 0.037723444402217865, 0.016476551070809364, 0.04910409450531006, 0.0658475011587143, 0.016975020989775658, 0.022825468331575394, 0.008459361270070076, 0.03544953465461731, 0.03161061555147171, 0.01491814386099577, 0.015315177850425243, 0.0815328061580658, 0.026453198865056038, 0.041404686868190765, 0.05850762501358986, 0.036687906831502914, 0.0426921509206295, 0.017253143712878227, 0.026523729786276817, 0.07570834457874298, 0.04219317063689232]","[0.0010000000474974513, 1.0]"
15,14,0.00%,3.2541,"[0.012828828766942024, 0.02970646508038044, 0.08935771137475967, 0.07672387361526489, 0.01596105843782425, 0.03052745945751667, 0.030814722180366516, 0.041779253631830215, 0.010527686215937138, 0.0754108652472496, 0.04325297847390175, 0.010683264583349228, 0.019881414249539375, 0.008524849079549313, 0.03691820800304413, 0.02809530682861805, 0.02205398492515087, 0.019709700718522072, 0.06454859673976898, 0.019512418657541275, 0.02801799587905407, 0.05757899954915047, 0.02940843068063259, 0.031051412224769592, 0.033156707882881165, 0.03488416224718094, 0.06883492320775986, 0.03024873696267605]","[0.0010000000474974513, 0.9995501637458801]"
16,21,0.00%,2.7466,"[0.018719349056482315, 0.03315913304686546, 0.08486133068799973, 0.07440304011106491, 0.013260941952466965, 0.028905250132083893, 0.03727415204048157, 0.04045944660902023, 0.009562230668962002, 0.048443086445331573, 0.047613903880119324, 0.016380278393626213, 0.020357126370072365, 0.006193256471306086, 0.033137112855911255, 0.024484945461153984, 0.011621588841080666, 0.019098294898867607, 0.08482497185468674, 0.03053607977926731, 0.035155266523361206, 0.061337362974882126, 0.03201825171709061, 0.04201597720384598, 0.017820283770561218, 0.03322404623031616, 0.06412650644779205, 0.03100682608783245]","[0.0010000000474974513, 1.0]"
17,18,0.00%,2.6459,"[0.012203280813992023, 0.03728564828634262, 0.09675147384405136, 0.08626631647348404, 0.016480550169944763, 0.02756718546152115, 0.030779186636209488, 0.046000637114048004, 0.01420692540705204, 0.051792681217193604, 0.044822100549936295, 0.016255132853984833, 0.013409942388534546, 0.006691879127174616, 0.027623435482382774, 0.026470590382814407, 0.010912712663412094, 0.01714758388698101, 0.0702652782201767, 0.024508235976099968, 0.040662918239831924, 0.045844148844480515, 0.01969126984477043, 0.04890384152531624, 0.02606124058365822, 0.04146811366081238, 0.0677122101187706, 0.03221547231078148]","[0.0010000000474974513, 0.9999989867210388]"
18,0,0.00%,4.4105,"[0.011539642699062824, 0.02280539833009243, 0.08294294029474258, 0.0668148398399353, 0.00776458578184247, 0.086675725877285, 0.06240483745932579, 0.03318195790052414, 0.0039360178634524345, 0.0653490498661995, 0.025621214881539345, 0.018436040729284286, 0.0281562190502882, 0.0034184702672064304, 0.025053802877664566, 0.015027684159576893, 0.012580282054841518, 0.030238620936870575, 0.05306972563266754, 0.04255145415663719, 0.012495866045355797, 0.07923343777656555, 0.040688253939151764, 0.03039177693426609, 0.029925143346190453, 0.03544405847787857, 0.055535633116960526, 0.018717292696237564]","[0.0020109466277062893, 0.9979890584945679]"
19,24,0.00%,3.7275,"[0.009496048092842102, 0.026484735310077667, 0.07821409404277802, 0.0779895931482315, 0.015494362451136112, 0.05877583473920822, 0.06185946986079216, 0.04155872389674187, 0.010768960230052471, 0.049157366156578064, 0.031159402802586555, 0.03372759371995926, 0.015180369839072227, 0.00418394198641181, 0.018440915271639824, 0.015904754400253296, 0.009816758334636688, 0.021671537309885025, 0.04919443279504776, 0.04859943687915802, 0.019945958629250526, 0.06558103859424591, 0.025465015321969986, 0.05009765177965164, 0.03270123898983002, 0.042695432901382446, 0.06504835188388824, 0.02078697457909584]","[0.0010000000474974513, 1.0]"
20,9,0.00%,2.8195,"[0.030404796823859215, 0.03979450464248657, 0.03820372745394707, 0.05066641420125961, 0.028252964839339256, 0.02494007535278797, 0.017255345359444618, 0.05347342789173126, 0.029352324083447456, 0.06064314395189285, 0.07333122193813324, 0.010588650591671467, 0.018343545496463776, 0.01796254888176918, 0.04480545222759247, 0.04447005316615105, 0.03229568526148796, 0.01261807233095169, 0.047890160232782364, 0.008409259840846062, 0.04709812253713608, 0.04730100557208061, 0.042502451688051224, 0.022550435736775398, 0.023287324234843254, 0.025427116081118584, 0.05489974096417427, 0.05323249474167824]","[0.0010000000474974513, 1.0]"
21,26,0.00%,3.0464,"[0.018221428617835045, 0.028719833120703697, 0.09875146299600601, 0.08077188581228256, 0.008837264031171799, 0.023911429569125175, 0.031707923859357834, 0.04009478539228439, 0.010250240564346313, 0.04231809079647064, 0.05545121431350708, 0.014546843245625496, 0.01899598352611065, 0.00788538996130228, 0.04188663884997368, 0.022196857258677483, 0.007935183122754097, 0.021682752296328545, 0.0858219787478447, 0.026587074622511864, 0.05784614756703377, 0.05365492030978203, 0.022971319034695625, 0.04906990006566048, 0.0191029142588377, 0.032293256372213364, 0.04749524965882301, 0.03099207393825054]","[0.0010000000474974513, 1.0]"
22,3,0.00%,2.7827,"[0.0291823111474514, 0.03262512758374214, 0.08817484974861145, 0.06342209130525589, 0.021418536081910133, 0.016004104167222977, 0.022871140390634537, 0.0519857183098793, 0.022228896617889404, 0.04968640208244324, 0.06092250719666481, 0.010071497410535812, 0.012652493081986904, 0.013902606442570686, 0.053200408816337585, 0.031951386481523514, 0.02155240625143051, 0.015124271623790264, 0.08245287090539932, 0.012536060065031052, 0.04959980770945549, 0.04361189156770706, 0.02564319223165512, 0.032222017645835876, 0.023000381886959076, 0.030049294233322144, 0.047067709267139435, 0.03684008866548538]","[0.0010000000474974513, 1.0]"
23,16,0.00%,3.5337,"[0.01045756135135889, 0.023616153746843338, 0.07463507354259491, 0.05533596873283386, 0.01251925341784954, 0.06236959248781204, 0.05138290300965309, 0.037455808371305466, 0.005674740299582481, 0.08394504338502884, 0.029071208089590073, 0.012378069572150707, 0.0281711146235466, 0.005751483142375946, 0.03165315464138985, 0.016512660309672356, 0.02332892455160618, 0.035200558602809906, 0.049278222024440765, 0.028636706992983818, 0.01279964204877615, 0.07909160107374191, 0.03413328528404236, 0.027554551139473915, 0.047039080411195755, 0.03633009269833565, 0.06664613634347916, 0.01903143711388111]","[0.0010000000474974513, 1.0]"
24,3,0.00%,3.0983,"[0.029518036171793938, 0.019554806873202324, 0.07632109522819519, 0.04422640800476074, 0.009753472171723843, 0.034027956426143646, 0.055397309362888336, 0.028154293075203896, 0.0045093512162566185, 0.05290728434920311, 0.033686526119709015, 0.011736128479242325, 0.042231228202581406, 0.007544786669313908, 0.06448838114738464, 0.01909412443637848, 0.02172728255391121, 0.03211136534810066, 0.09245073050260544, 0.03803203999996185, 0.018099326640367508, 0.08348503708839417, 0.04666750133037567, 0.025583265349268913, 0.01524331048130989, 0.02081659622490406, 0.05069483816623688, 0.021937601268291473]","[0.0010000000474974513, 1.0]"
25,1,0.00%,3.7400,"[0.009846352972090244, 0.02815411239862442, 0.05293253809213638, 0.055816635489463806, 0.013819882646203041, 0.04903803765773773, 0.035651836544275284, 0.035665322095155716, 0.006200036965310574, 0.08670299500226974, 0.040484845638275146, 0.01299754437059164, 0.029496634379029274, 0.005207787733525038, 0.031406622380018234, 0.02351433038711548, 0.015249572694301605, 0.027866698801517487, 0.05497125908732414, 0.02952990122139454, 0.022007247433066368, 0.08100429177284241, 0.03158259019255638, 0.03682759031653404, 0.03889644891023636, 0.028418291360139847, 0.09354369342327118, 0.02316681295633316]","[0.0010000000474974513, 1.0]"
26,26,0.00%,2.6180,"[0.012941880151629448, 0.02929788827896118, 0.09271130710840225, 0.07638415694236755, 0.015118708834052086, 0.03741832822561264, 0.04150216281414032, 0.039014749228954315, 0.010991380549967289, 0.06287075579166412, 0.040888573974370956, 0.017334843054413795, 0.01529654860496521, 0.005574268288910389, 0.030589457601308823, 0.020896583795547485, 0.012166888453066349, 0.02103390544652939, 0.07085127383470535, 0.030624639242887497, 0.02514534816145897, 0.06054995581507683, 0.023347899317741394, 0.04296936094760895, 0.03182048350572586, 0.034191686660051346, 0.07292626798152924, 0.025540679693222046]","[0.0010000000474974513, 1.0]"
27,10,0.00%,2.8792,"[0.024515321478247643, 0.010087132453918457, 0.024057777598500252, 0.05099831521511078, 0.024924060329794884, 0.030049864202737808, 0.08514999598264694, 0.013296612538397312, 0.149762362241745, 0.022722266614437103, 0.0383661612868309, 0.09285235404968262, 0.01865067332983017, 0.0514647401869297, 0.01317561324685812, 0.009632081724703312, 0.06063953787088394, 0.010495542548596859, 0.015356350690126419, 0.0430840328335762, 0.011436419561505318, 0.057247038930654526, 0.04723796248435974, 0.00850261002779007, 0.013239327818155289, 0.030401183292269707, 0.01639551669359207, 0.02625911310315132]","[0.0010000000474974513, 1.0]"
28,2,0.00%,2.3920,"[0.0127293411642313, 0.028022252023220062, 0.0774858146905899, 0.08624423295259476, 0.011775662191212177, 0.030603252351284027, 0.04343514144420624, 0.028965597972273827, 0.007041315082460642, 0.05321808159351349, 0.04314834997057915, 0.017090989276766777, 0.023182792589068413, 0.006016656290739775, 0.028085604310035706, 0.023407312110066414, 0.007931129075586796, 0.02434449829161167, 0.08029322326183319, 0.03991565853357315, 0.034311648458242416, 0.06733143329620361, 0.025980746373534203, 0.044454239308834076, 0.01859903521835804, 0.0294170081615448, 0.08299767225980759, 0.023971324786543846]","[0.0010000000474974513, 1.0]"
29,10,0.00%,3.3875,"[0.011074633337557316, 0.028809212148189545, 0.09372192621231079, 0.07419892400503159, 0.011984238401055336, 0.04573287069797516, 0.04462708532810211, 0.0368848517537117, 0.007863637059926987, 0.06996665149927139, 0.037249207496643066, 0.015872513875365257, 0.015981530770659447, 0.003593117231503129, 0.025003492832183838, 0.016757212579250336, 0.014258177019655704, 0.022392015904188156, 0.0669715479016304, 0.02996060438454151, 0.01715993508696556, 0.07612303644418716, 0.026074577122926712, 0.03539034351706505, 0.03583265841007233, 0.039726078510284424, 0.07645057886838913, 0.02033933810889721]","[0.0010000000474974513, 1.0]"
30,7,0.00%,3.7888,"[0.05443597957491875, 0.01932239532470703, 0.04350225627422333, 0.01932072453200817, 0.011904440820217133, 0.06614696979522705, 0.04389549791812897, 0.018525568768382072, 0.006581753958016634, 0.07844242453575134, 0.028583085164427757, 0.012871838174760342, 0.05559274181723595, 0.01208434533327818, 0.08478263020515442, 0.022540384903550148, 0.04438324272632599, 0.03660944476723671, 0.0542457215487957, 0.038131535053253174, 0.007151952013373375, 0.0507374070584774, 0.06349969655275345, 0.014841907657682896, 0.02939784899353981, 0.009751980192959309, 0.037453245371580124, 0.03526287153363228]","[0.0010000000474974513, 1.0]"
31,24,0.00%,3.3992,"[0.020473720505833626, 0.018327854573726654, 0.03874337673187256, 0.059743817895650864, 0.013497893698513508, 0.04016765207052231, 0.02886798419058323, 0.03125542402267456, 0.01122227218002081, 0.10497083514928818, 0.06681174039840698, 0.010272515937685966, 0.028369635343551636, 0.011708932928740978, 0.04876769334077835, 0.02752278931438923, 0.027778305113315582, 0.017897048965096474, 0.0463641919195652, 0.01526633370667696, 0.0247204527258873, 0.09515643864870071, 0.05934346467256546, 0.016937363892793655, 0.03354387730360031, 0.016376018524169922, 0.05901996046304703, 0.026872368529438972]","[0.0010000000474974513, 0.9999999403953552]"
32,16,0.00%,4.4275,"[0.014478469267487526, 0.02269330993294716, 0.1261139065027237, 0.08983505517244339, 0.008778289891779423, 0.04162827879190445, 0.05191496014595032, 0.03463711962103844, 0.005529291927814484, 0.05791744589805603, 0.03265206888318062, 0.012450373731553555, 0.018922951072454453, 0.005395431071519852, 0.03663795441389084, 0.018054014071822166, 0.013272705487906933, 0.02760818786919117, 0.07471390813589096, 0.027081776410341263, 0.02137277089059353, 0.06511018425226212, 0.026294467970728874, 0.030514270067214966, 0.025958910584449768, 0.03417938947677612, 0.05653265491127968, 0.019721785560250282]","[0.0010000000474974513, 0.9998627305030823]"
33,0,0.00%,4.2911,"[0.015094642527401447, 0.01782834157347679, 0.13709203898906708, 0.0987178310751915, 0.006352607626467943, 0.05797293782234192, 0.07299548387527466, 0.030295994132757187, 0.0039073145017027855, 0.04824389889836311, 0.02317661978304386, 0.01558382622897625, 0.02088278904557228, 0.0045302133075892925, 0.03260292485356331, 0.015169532969594002, 0.01230126153677702, 0.029798461124300957, 0.06731460988521576, 0.034544456750154495, 0.01658657006919384, 0.06965800374746323, 0.03000808134675026, 0.02541195973753929, 0.020600004121661186, 0.036608271300792694, 0.04207036644220352, 0.014650871977210045]","[0.0041952249594032764, 0.9958047866821289]"
34,5,0.00%,3.3350,"[0.015009433962404728, 0.0214775912463665, 0.12795932590961456, 0.09014923870563507, 0.008421591483056545, 0.043493568897247314, 0.05537901818752289, 0.03429180383682251, 0.005132268648594618, 0.057639870792627335, 0.031903866678476334, 0.012417124584317207, 0.01912723109126091, 0.00525959488004446, 0.03659242019057274, 0.017151465639472008, 0.014088062569499016, 0.02837846241891384, 0.0729488804936409, 0.026939619332551956, 0.01932241953909397, 0.06730445474386215, 0.02776247076690197, 0.02840980514883995, 0.026108823716640472, 0.033138178288936615, 0.05535173788666725, 0.018841715529561043]","[0.0010000000474974513, 0.9999728798866272]"
35,11,0.00%,4.9075,"[0.01606525294482708, 0.024116432294249535, 0.09198843687772751, 0.06770915538072586, 0.014391056261956692, 0.02743498794734478, 0.031288743019104004, 0.034849610179662704, 0.008296030573546886, 0.09041611850261688, 0.049281589686870575, 0.0074552446603775024, 0.017872489988803864, 0.007762546185404062, 0.04751128703355789, 0.022893792018294334, 0.025198394432663918, 0.022298645228147507, 0.07275580614805222, 0.015351573005318642, 0.019000012427568436, 0.06626644730567932, 0.029917333275079727, 0.02378215827047825, 0.03848489746451378, 0.022977622225880623, 0.07916795462369919, 0.02546636387705803]","[0.0010000000474974513, 1.0]"
36,11,0.00%,4.6270,"[0.013161634095013142, 0.028681764379143715, 0.07469332963228226, 0.06517631560564041, 0.014075193554162979, 0.03680891916155815, 0.03265798091888428, 0.03704280033707619, 0.0072439550422132015, 0.09110024571418762, 0.04768674820661545, 0.009308548644185066, 0.019223881885409355, 0.005508740432560444, 0.0365128293633461, 0.022272596135735512, 0.019430171698331833, 0.023762425407767296, 0.06615050882101059, 0.018873153254389763, 0.01903393864631653, 0.07258647680282593, 0.02904905378818512, 0.028285780921578407, 0.03990507125854492, 0.02556798607110977, 0.09214834868907928, 0.02405153587460518]","[0.0010000000474974513, 0.9999878406524658]"
37,16,0.00%,2.5394,"[0.025498593226075172, 0.014535310678184032, 0.08902119100093842, 0.05474573373794556, 0.014740433543920517, 0.03563590347766876, 0.040643420070409775, 0.034152302891016006, 0.009390491060912609, 0.09276659786701202, 0.036290161311626434, 0.0072968280874192715, 0.021258680149912834, 0.015519719570875168, 0.0630711168050766, 0.01887453719973564, 0.0640714094042778, 0.028544949367642403, 0.04920780286192894, 0.012353165075182915, 0.011144887655973434, 0.0675426498055458, 0.04703129082918167, 0.012493649497628212, 0.054996050894260406, 0.021737389266490936, 0.03877270221710205, 0.018663015216588974]","[0.0010000000474974513, 1.0]"
38,5,0.00%,2.8493,"[0.01780656725168228, 0.02019534632563591, 0.06778249889612198, 0.04070626199245453, 0.015090231783688068, 0.08019255101680756, 0.046995341777801514, 0.02768600918352604, 0.010096196085214615, 0.14460572600364685, 0.026085413992404938, 0.009216559119522572, 0.017659422010183334, 0.007949254475533962, 0.036456961184740067, 0.01298780832439661, 0.05091843381524086, 0.02898254059255123, 0.04126148670911789, 0.02087925747036934, 0.004269006662070751, 0.06326782703399658, 0.036755166947841644, 0.0116022489964962, 0.0777149647474289, 0.023002605885267258, 0.04431368038058281, 0.015520618297159672]","[0.0010000000474974513, 1.0]"
39,5,0.00%,3.1731,"[0.01314696203917265, 0.0268070288002491, 0.09788806736469269, 0.07105502486228943, 0.01294402964413166, 0.035176731646060944, 0.04137222096323967, 0.04512137919664383, 0.00781932845711708, 0.07168027013540268, 0.04930979758501053, 0.010821832343935966, 0.014828872866928577, 0.005273216869682074, 0.03558991476893425, 0.017302121967077255, 0.01813790760934353, 0.02510090544819832, 0.06681495904922485, 0.01884939707815647, 0.020348794758319855, 0.06729297339916229, 0.023561999201774597, 0.030497277155518532, 0.03988860547542572, 0.02862435206770897, 0.07959349453449249, 0.025152521207928658]","[0.0010000000474974513, 1.0]"
40,10,0.00%,3.4442,"[0.014440481550991535, 0.036391034722328186, 0.07872677594423294, 0.06226012855768204, 0.010405817069113255, 0.06516580283641815, 0.03857859969139099, 0.03398957476019859, 0.004953501280397177, 0.08955935388803482, 0.03433717042207718, 0.010406129993498325, 0.023590797558426857, 0.004018343519419432, 0.029923168942332268, 0.020433899015188217, 0.019014421850442886, 0.030214732512831688, 0.06360507756471634, 0.022437339648604393, 0.012882831506431103, 0.06750056147575378, 0.030363542959094048, 0.024014519527554512, 0.034947674721479416, 0.03150397539138794, 0.08373935520648956, 0.022595373913645744]","[0.0010000000474974513, 0.9997459053993225]"
41,9,0.00%,2.5421,"[0.007722214795649052, 0.02799186110496521, 0.04476601257920265, 0.05291135609149933, 0.011686652898788452, 0.060755666345357895, 0.046810589730739594, 0.026268213987350464, 0.0033957581035792828, 0.0769486278295517, 0.036164700984954834, 0.01781000941991806, 0.030933460220694542, 0.0029126370791345835, 0.018083447590470314, 0.01705564185976982, 0.010989326052367687, 0.03485088050365448, 0.04733410105109215, 0.04259482026100159, 0.012540190480649471, 0.08922281116247177, 0.03188145533204079, 0.03605622053146362, 0.03864080831408501, 0.02313605137169361, 0.13247235119342804, 0.018064133822917938]","[0.003325404366478324, 0.9966745972633362]"
42,16,0.00%,3.9615,"[0.006152709014713764, 0.030402733013033867, 0.0320667065680027, 0.04331416264176369, 0.011533613316714764, 0.08946111053228378, 0.034819215536117554, 0.029810942709445953, 0.004044294357299805, 0.10224167257547379, 0.03178401663899422, 0.014602427370846272, 0.03552640974521637, 0.0031733775977045298, 0.01951327547430992, 0.017800725996494293, 0.018109850585460663, 0.03510016202926636, 0.03224042430520058, 0.02927335537970066, 0.011400671675801277, 0.09291711449623108, 0.03015965409576893, 0.028781605884432793, 0.05901016294956207, 0.027892589569091797, 0.1129937469959259, 0.015873229131102562]","[0.0010000000474974513, 1.0]"
43,10,0.00%,3.1465,"[0.007456741761416197, 0.030155228450894356, 0.04132716357707977, 0.049016207456588745, 0.012115566991269588, 0.07790829241275787, 0.036690667271614075, 0.03252679854631424, 0.004829457961022854, 0.10068091750144958, 0.036006372421979904, 0.014360623434185982, 0.02815530076622963, 0.0033364177215844393, 0.021500281989574432, 0.01735316589474678, 0.019371654838323593, 0.03157711774110794, 0.03793664649128914, 0.026361040771007538, 0.011690669693052769, 0.09034347534179688, 0.02995467744767666, 0.027973366901278496, 0.05679721757769585, 0.028072066605091095, 0.10910602658987045, 0.017396846786141396]","[0.0010000000474974513, 1.0]"
44,2,0.00%,2.4622,"[0.015318907797336578, 0.028144337236881256, 0.06956461071968079, 0.05521911755204201, 0.012258722446858883, 0.0636647492647171, 0.03776494413614273, 0.03545350953936577, 0.0067154644057154655, 0.1069786325097084, 0.04111991822719574, 0.010406549088656902, 0.019457269459962845, 0.0045692273415625095, 0.03177263215184212, 0.016620293259620667, 0.03208771347999573, 0.025850512087345123, 0.051419444382190704, 0.01667071506381035, 0.009132986888289452, 0.0788203626871109, 0.03683366999030113, 0.018023550510406494, 0.050557054579257965, 0.026214366778731346, 0.07827746123075485, 0.021083291620016098]","[0.0010000000474974513, 0.9990420341491699]"
45,14,0.00%,3.8358,"[0.010723121464252472, 0.030097249895334244, 0.053915467113256454, 0.055721234530210495, 0.013753931038081646, 0.05816527083516121, 0.03535805270075798, 0.03657452389597893, 0.00666272034868598, 0.1003369465470314, 0.04603083059191704, 0.012657936662435532, 0.021418776363134384, 0.0043501234613358974, 0.027903025969862938, 0.01892414316534996, 0.021913910284638405, 0.026548348367214203, 0.048335738480091095, 0.020742569118738174, 0.013997898437082767, 0.08181068301200867, 0.029605582356452942, 0.02597859874367714, 0.05008638650178909, 0.025367284193634987, 0.10169439762830734, 0.021325254812836647]","[0.0010000000474974513, 0.9999998807907104]"
46,8,0.00%,2.8582,"[0.016236668452620506, 0.02430053986608982, 0.08401638269424438, 0.06720837205648422, 0.014765939675271511, 0.0243020411580801, 0.033214062452316284, 0.03657947853207588, 0.011890865862369537, 0.07247637212276459, 0.06898972392082214, 0.011575168929994106, 0.016089942306280136, 0.00824513379484415, 0.04468701779842377, 0.021483037620782852, 0.024191688746213913, 0.020051391795277596, 0.06979283690452576, 0.016909971833229065, 0.025607880204916, 0.06466139853000641, 0.023996837437152863, 0.02631761133670807, 0.033216994255781174, 0.02068953774869442, 0.0854971632361412, 0.033005911856889725]","[0.0010000000474974513, 0.9999923706054688]"
47,21,0.00%,2.5649,"[0.016789622604846954, 0.03155069798231125, 0.0507727675139904, 0.04633546993136406, 0.013256971724331379, 0.06946735084056854, 0.03408924117684364, 0.0326739102602005, 0.007223689462989569, 0.1159854307770729, 0.045442622154951096, 0.010638686828315258, 0.024123404175043106, 0.005114913918077946, 0.03455830737948418, 0.019449390470981598, 0.03297136723995209, 0.0251529011875391, 0.04910798370838165, 0.01740375906229019, 0.009641249664127827, 0.07666578888893127, 0.03842375427484512, 0.017059575766324997, 0.04319298639893532, 0.021052496507763863, 0.08659759163856506, 0.02525814063847065]","[0.0010000000474974513, 0.999350905418396]"
48,5,0.00%,2.5867,"[0.01678338833153248, 0.02895614504814148, 0.057744596153497696, 0.049835700541734695, 0.012541092000901699, 0.06322868913412094, 0.03524870052933693, 0.03365527465939522, 0.007239499595016241, 0.11141148954629898, 0.04842420667409897, 0.010712762363255024, 0.021756697446107864, 0.005037506576627493, 0.036015160381793976, 0.017888909205794334, 0.03162016719579697, 0.02492358908057213, 0.05135256424546242, 0.016843494027853012, 0.01000788901001215, 0.0788947269320488, 0.03736467659473419, 0.01775927096605301, 0.04480820894241333, 0.02073734626173973, 0.0847080871462822, 0.02450007013976574]","[0.0010170801542699337, 0.9989829063415527]"
49,11,0.00%,4.5553,"[0.017550446093082428, 0.029621344059705734, 0.050874244421720505, 0.04778372123837471, 0.013569154776632786, 0.06093586981296539, 0.03261352330446243, 0.03520877659320831, 0.008305533789098263, 0.11050155758857727, 0.05216771736741066, 0.010523277334868908, 0.022981198504567146, 0.005781782325357199, 0.037854067981243134, 0.019430218264460564, 0.03638714179396629, 0.023722724989056587, 0.04822108894586563, 0.014935724437236786, 0.011208723299205303, 0.08023510128259659, 0.038921475410461426, 0.01678789220750332, 0.043191567063331604, 0.02056599222123623, 0.0837717279791832, 0.02634844370186329]","[0.0010000000474974513, 0.9993782043457031]"
50,15,0.00%,4.0896,"[0.019918080419301987, 0.031085291877388954, 0.034739669412374496, 0.034146007150411606, 0.012629869394004345, 0.11128190159797668, 0.03782999888062477, 0.03134943172335625, 0.006379649508744478, 0.12108762562274933, 0.038868583738803864, 0.011411050334572792, 0.02886004000902176, 0.004723798483610153, 0.03152403235435486, 0.016606805846095085, 0.04027468338608742, 0.02708376757800579, 0.036334436386823654, 0.017172018066048622, 0.005996664986014366, 0.08067811280488968, 0.05121535435318947, 0.012382721528410912, 0.04255230352282524, 0.018133733421564102, 0.07206907123327255, 0.023665262386202812]","[0.0010000000474974513, 0.9993665814399719]"
51,11,0.00%,4.4753,"[0.015145973302423954, 0.02667030692100525, 0.08189660310745239, 0.06469516456127167, 0.012545524165034294, 0.03826989606022835, 0.03209894895553589, 0.037021517753601074, 0.009115589782595634, 0.09341322630643845, 0.06055783852934837, 0.010538168251514435, 0.015105953440070152, 0.005450102966278791, 0.04022015258669853, 0.01876206509768963, 0.025668025016784668, 0.02105439081788063, 0.06363681703805923, 0.014659936539828777, 0.016191771253943443, 0.07202408462762833, 0.02591509371995926, 0.02216418832540512, 0.04126487672328949, 0.021298279985785484, 0.08863866329193115, 0.0259767547249794]","[0.0010000000474974513, 0.9991151094436646]"
52,24,0.00%,3.1095,"[0.02194052003324032, 0.022372381761670113, 0.04153174161911011, 0.0381358340382576, 0.011405996978282928, 0.08030961453914642, 0.03609379753470421, 0.03326668217778206, 0.008482854813337326, 0.12006663531064987, 0.05375799164175987, 0.01147377211600542, 0.022798966616392136, 0.005772378761321306, 0.040223803371191025, 0.014219428412616253, 0.04395497217774391, 0.0239196065813303, 0.037933722138404846, 0.014278584159910679, 0.007150025572627783, 0.0925549641251564, 0.05298980697989464, 0.012562962248921394, 0.053571123629808426, 0.015686457976698875, 0.0607643648982048, 0.022780997678637505]","[0.0010000000474974513, 0.9991332292556763]"
53,15,0.00%,4.6397,"[0.028447560966014862, 0.008890184573829174, 0.030929064378142357, 0.04455211013555527, 0.01778484508395195, 0.04245781525969505, 0.08182521909475327, 0.02494647540152073, 0.0507027730345726, 0.0513322614133358, 0.07276219129562378, 0.04727156460285187, 0.016677556559443474, 0.017274683341383934, 0.023062778636813164, 0.009757406078279018, 0.0713210180401802, 0.012442704290151596, 0.022504519671201706, 0.02908693253993988, 0.009584812447428703, 0.10851578414440155, 0.06970413774251938, 0.008163134567439556, 0.0307684987783432, 0.01732025295495987, 0.026022329926490784, 0.02589130587875843]","[0.0010000000474974513, 0.9999909400939941]"
54,17,0.00%,4.0066,"[0.02650657296180725, 0.0177486389875412, 0.0489451140165329, 0.06069696322083473, 0.022269586101174355, 0.032266292721033096, 0.05933234095573425, 0.027496978640556335, 0.053914595395326614, 0.04984695836901665, 0.07026656717061996, 0.039501141756772995, 0.017351411283016205, 0.019488880410790443, 0.029358280822634697, 0.01666553132236004, 0.04667941853404045, 0.014566874131560326, 0.03940148279070854, 0.029576865956187248, 0.01860135607421398, 0.07489815354347229, 0.0397210419178009, 0.016070514917373657, 0.024594556540250778, 0.024486061185598373, 0.04397863522171974, 0.03576924279332161]","[0.0010000000474974513, 1.0]"
55,17,0.00%,3.8714,"[0.018964705988764763, 0.019009077921509743, 0.043558888137340546, 0.05244765058159828, 0.013640746474266052, 0.05350286513566971, 0.03214692696928978, 0.0348518081009388, 0.01187204010784626, 0.11649011820554733, 0.07073456794023514, 0.011939894407987595, 0.01953057013452053, 0.008650409989058971, 0.04483026638627052, 0.0207956712692976, 0.03893670439720154, 0.01920759491622448, 0.03922457620501518, 0.01246862392872572, 0.01406065933406353, 0.08901683241128922, 0.04422115162014961, 0.013813669793307781, 0.049835409969091415, 0.014222986996173859, 0.06628018617630005, 0.025745445862412453]","[0.0010000000474974513, 1.0]"
56,13,0.00%,5.4177,"[0.01287731435149908, 0.030014382675290108, 0.04785195365548134, 0.0468892827630043, 0.011660498566925526, 0.055285967886447906, 0.030219780281186104, 0.027012908831238747, 0.008433546870946884, 0.11813908070325851, 0.057268064469099045, 0.012508546002209187, 0.023502567782998085, 0.004440698307007551, 0.034088894724845886, 0.02066146768629551, 0.031020017340779305, 0.021830957382917404, 0.05253072455525398, 0.019784744828939438, 0.011476462706923485, 0.08787704259157181, 0.028509508818387985, 0.017849519848823547, 0.039723318070173264, 0.018806183710694313, 0.10508722066879272, 0.02464931271970272]","[0.0010000000474974513, 0.9999987483024597]"
57,9,1.72%,2.2435,"[0.018179582431912422, 0.026094015687704086, 0.05051921680569649, 0.042952291667461395, 0.010468710213899612, 0.09297506511211395, 0.0382489413022995, 0.03130105510354042, 0.006755804643034935, 0.11671792715787888, 0.045707762241363525, 0.013264162465929985, 0.021017996594309807, 0.004099120851606131, 0.03366580232977867, 0.016074329614639282, 0.03617287427186966, 0.02563491277396679, 0.04116586595773697, 0.01654132269322872, 0.006510776001960039, 0.08638813346624374, 0.042246852070093155, 0.013890976086258888, 0.05143742635846138, 0.01781257428228855, 0.0730138048529625, 0.02114267274737358]","[0.0010000000474974513, 0.9992232322692871]"
58,15,1.69%,4.0540,"[0.014040755107998848, 0.026631100103259087, 0.0779481902718544, 0.06140049174427986, 0.012010486796498299, 0.05450649559497833, 0.03783664479851723, 0.03789821267127991, 0.008765896782279015, 0.0946783721446991, 0.05483584105968475, 0.01432647556066513, 0.013837860897183418, 0.0042639183811843395, 0.032406456768512726, 0.01731931045651436, 0.026402095332741737, 0.023214582353830338, 0.0533326119184494, 0.016469530761241913, 0.011909210123121738, 0.07782839238643646, 0.02619822695851326, 0.02098555862903595, 0.05053276941180229, 0.022620053961873055, 0.08577900379896164, 0.022021448239684105]","[0.0010000000474974513, 0.9996746182441711]"
59,21,1.67%,2.5013,"[0.015433132648468018, 0.025224458426237106, 0.07256749272346497, 0.05622781440615654, 0.01198724377900362, 0.051345404237508774, 0.03517710790038109, 0.03544630482792854, 0.00893410388380289, 0.10282374918460846, 0.05867355316877365, 0.012539428658783436, 0.015594116412103176, 0.00524880550801754, 0.039382897317409515, 0.01904461719095707, 0.030124133452773094, 0.02343362383544445, 0.053685273975133896, 0.015239134430885315, 0.012024790979921818, 0.07547660917043686, 0.02721542678773403, 0.01885421760380268, 0.049031954258680344, 0.01853921450674534, 0.08584605157375336, 0.024879418313503265]","[0.0010808843653649092, 0.9989190697669983]"
60,24,1.64%,2.9446,"[0.015778297558426857, 0.02462335117161274, 0.07110955566167831, 0.05467972159385681, 0.011398124508559704, 0.05651167407631874, 0.036660086363554, 0.03471548482775688, 0.008380015380680561, 0.10447205603122711, 0.056559622287750244, 0.012972746975719929, 0.01610507443547249, 0.005089459475129843, 0.038913045078516006, 0.01853022910654545, 0.03068612702190876, 0.024434596300125122, 0.05173831433057785, 0.015664532780647278, 0.010868063196539879, 0.0779159888625145, 0.02867339923977852, 0.01807877980172634, 0.050280969589948654, 0.018161715939641, 0.08312182128429413, 0.023877184838056564]","[0.0010000000474974513, 0.9992702007293701]"
61,12,1.61%,3.9255,"[0.016644850373268127, 0.023961680009961128, 0.05768008157610893, 0.04701720550656319, 0.010140573605895042, 0.07407677918672562, 0.037377920001745224, 0.03225771710276604, 0.007030010223388672, 0.11325686424970627, 0.052244603633880615, 0.013152153231203556, 0.01963753066956997, 0.0047953869216144085, 0.038282688707113266, 0.0176400076597929, 0.03375236317515373, 0.026699988171458244, 0.044526804238557816, 0.016032936051487923, 0.008472343906760216, 0.08558088541030884, 0.03494836762547493, 0.015551569871604443, 0.05301597714424133, 0.01663578674197197, 0.07742667943239212, 0.022160271182656288]","[0.0016542657976970077, 0.9983457326889038]"
62,0,1.59%,4.4380,"[0.011485083028674126, 0.02493457868695259, 0.05101754143834114, 0.04413830116391182, 0.011572604067623615, 0.06664952635765076, 0.03651997447013855, 0.026215489953756332, 0.007758897263556719, 0.1282200664281845, 0.049494825303554535, 0.013941165059804916, 0.02167273312807083, 0.004734738729894161, 0.03379650413990021, 0.02020457200706005, 0.0335589237511158, 0.0254779364913702, 0.04529233276844025, 0.021886266767978668, 0.008718173950910568, 0.0836295634508133, 0.02536492422223091, 0.016130127012729645, 0.051524508744478226, 0.016408037394285202, 0.09773426502943039, 0.021918339654803276]","[0.0010000000474974513, 0.9998879432678223]"
63,22,1.56%,3.1637,"[0.01626509055495262, 0.02297188527882099, 0.05645285174250603, 0.046917494386434555, 0.009990195743739605, 0.06954725086688995, 0.036733776330947876, 0.031627532094717026, 0.007115419488400221, 0.11333464831113815, 0.055389706045389175, 0.01333331037312746, 0.02048962190747261, 0.005052659194916487, 0.039395932108163834, 0.018197620287537575, 0.03291714936494827, 0.026806402951478958, 0.044450774788856506, 0.01605023443698883, 0.009005681611597538, 0.08733303099870682, 0.0337504968047142, 0.015803838148713112, 0.05365088954567909, 0.015531538054347038, 0.0794394388794899, 0.0224455613642931]","[0.001596976537257433, 0.998403012752533]"
64,27,1.54%,3.7070,"[0.014982596039772034, 0.02219594083726406, 0.06320099532604218, 0.051146265119314194, 0.011161626316606998, 0.05185830965638161, 0.034978237003088, 0.03255888819694519, 0.00824584998190403, 0.10831113159656525, 0.062154412269592285, 0.012875482439994812, 0.018249740824103355, 0.005726720672100782, 0.04191472381353378, 0.01975233666598797, 0.031496427953243256, 0.024960000067949295, 0.04902900382876396, 0.015313300304114819, 0.011374288238584995, 0.08221499621868134, 0.028545914217829704, 0.01760656014084816, 0.05234250798821449, 0.015040713362395763, 0.08827130496501923, 0.024491705000400543]","[0.0010156664066016674, 0.9989843368530273]"
65,5,1.52%,2.7082,"[0.01810886710882187, 0.02137414552271366, 0.044445060193538666, 0.038265593349933624, 0.009301048703491688, 0.08438873291015625, 0.03827553987503052, 0.028386315330863, 0.006159673444926739, 0.11542236804962158, 0.05178168788552284, 0.01435398031026125, 0.02620958350598812, 0.005009794607758522, 0.03882308676838875, 0.01776861771941185, 0.03700998052954674, 0.028920074924826622, 0.0379364900290966, 0.017279857769608498, 0.007046411745250225, 0.09360640496015549, 0.04328214004635811, 0.013526266440749168, 0.05426955968141556, 0.01324300467967987, 0.07359923422336578, 0.022206515073776245]","[0.0010000000474974513, 0.9990511536598206]"
66,8,1.49%,4.7790,"[0.019001733511686325, 0.01976054161787033, 0.04860253632068634, 0.039894621819257736, 0.009347849525511265, 0.07650354504585266, 0.039719559252262115, 0.02919008769094944, 0.006539294496178627, 0.1107713058590889, 0.055401768535375595, 0.014729460701346397, 0.0245832409709692, 0.005370166152715683, 0.04150044545531273, 0.017568213865160942, 0.03616825118660927, 0.02854209765791893, 0.03966875001788139, 0.017191382125020027, 0.007577130571007729, 0.0927925556898117, 0.042849477380514145, 0.014018895104527473, 0.05494572967290878, 0.012536928988993168, 0.07188473641872406, 0.023339776322245598]","[0.0010418517049401999, 0.998958170413971]"
67,2,1.47%,2.8695,"[0.018743496388196945, 0.01975453644990921, 0.05368940532207489, 0.043126143515110016, 0.010237138718366623, 0.06422370672225952, 0.0384257435798645, 0.030730435624718666, 0.007744781207293272, 0.10870206356048584, 0.060249797999858856, 0.014232615008950233, 0.02203855849802494, 0.00605146074667573, 0.043821122497320175, 0.018621452152729034, 0.036230556666851044, 0.026944909244775772, 0.04267369955778122, 0.016009237617254257, 0.008883890695869923, 0.08825192600488663, 0.03851816803216934, 0.014770982787013054, 0.0544406957924366, 0.012676509097218513, 0.07482542097568512, 0.02538159117102623]","[0.0010000000474974513, 0.9993081092834473]"
68,0,1.45%,3.9811,"[0.020041169598698616, 0.02040615677833557, 0.04406919702887535, 0.036536313593387604, 0.010064286179840565, 0.08297151327133179, 0.03829704970121384, 0.02893172949552536, 0.007223813328891993, 0.11651124060153961, 0.05215024575591087, 0.014209982939064503, 0.02554171346127987, 0.00585172139108181, 0.04089238867163658, 0.018478136509656906, 0.042893458157777786, 0.02811274491250515, 0.03639619052410126, 0.01591641642153263, 0.0067282021045684814, 0.0899437740445137, 0.04534456506371498, 0.012147168628871441, 0.05631579831242561, 0.012515134178102016, 0.06767811626195908, 0.023831721395254135]","[0.0010000000474974513, 0.9992380142211914]"
69,3,1.43%,3.4079,"[0.021888284012675285, 0.021483812481164932, 0.03627898544073105, 0.030984748154878616, 0.00977802462875843, 0.11063728481531143, 0.039050083607435226, 0.02783743478357792, 0.006598467007279396, 0.11873775720596313, 0.043028574436903, 0.014304856769740582, 0.02865513041615486, 0.005464601330459118, 0.036496978253126144, 0.0177532359957695, 0.049318827688694, 0.029307078570127487, 0.03050568886101246, 0.015570288524031639, 0.004958482924848795, 0.08944039791822433, 0.05319586396217346, 0.00986691564321518, 0.05562896281480789, 0.01286307442933321, 0.05858546867966652, 0.021780753508210182]","[0.0010000000474974513, 0.999000608921051]"
70,8,1.41%,4.2320,"[0.02538917399942875, 0.06264590471982956, 0.02215602435171604, 0.028223903849720955, 0.025691283866763115, 0.08910845965147018, 0.026024112477898598, 0.03090580366551876, 0.013854057528078556, 0.08619216084480286, 0.03760208562016487, 0.015824979171156883, 0.03983549773693085, 0.011786222457885742, 0.03240406885743141, 0.05871652439236641, 0.03354036062955856, 0.026081549003720284, 0.03594166412949562, 0.019621092826128006, 0.01661868207156658, 0.03742551803588867, 0.029965391382575035, 0.015579387545585632, 0.021042298525571823, 0.017158346250653267, 0.08555005490779877, 0.05511530861258507]","[0.0010000000474974513, 1.0]"
71,11,1.39%,4.3523,"[0.021055709570646286, 0.023546984419226646, 0.048582468181848526, 0.04125054180622101, 0.012177938595414162, 0.07062243670225143, 0.03533374145627022, 0.03174815699458122, 0.009773744270205498, 0.11278171092271805, 0.05605176463723183, 0.014036844484508038, 0.022593190893530846, 0.00686986930668354, 0.04131703823804855, 0.022545767948031425, 0.04318287596106529, 0.025330744683742523, 0.04034418985247612, 0.014389392919838428, 0.00865789782255888, 0.08039900660514832, 0.039565615355968475, 0.012846514582633972, 0.050931286066770554, 0.013857432641088963, 0.07216773927211761, 0.02803945355117321]","[0.0010000000474974513, 0.9992946982383728]"
72,14,1.37%,3.3991,"[0.013446232303977013, 0.024567678570747375, 0.08062608540058136, 0.0690612643957138, 0.010810671374201775, 0.04492482915520668, 0.0360209085047245, 0.03236857056617737, 0.00992735754698515, 0.08602544665336609, 0.0623195581138134, 0.016598612070083618, 0.016584118828177452, 0.00603279285132885, 0.034152448177337646, 0.024218659847974777, 0.02084795944392681, 0.0244042556732893, 0.054705359041690826, 0.01794019155204296, 0.01754232496023178, 0.06955954432487488, 0.022414539009332657, 0.022409562021493912, 0.043342381715774536, 0.0183930192142725, 0.09199468046426773, 0.028760990127921104]","[0.0010000000474974513, 1.0]"
73,7,1.35%,3.4582,"[0.03646531701087952, 0.02481101080775261, 0.03548826277256012, 0.032948028296232224, 0.01290916558355093, 0.06043298542499542, 0.03406282141804695, 0.030379172414541245, 0.012273686937987804, 0.0950436070561409, 0.0753583088517189, 0.01816691644489765, 0.02345450036227703, 0.006543854717165232, 0.04160001128911972, 0.020420214161276817, 0.0346599817276001, 0.02184550277888775, 0.04634537175297737, 0.017040668055415154, 0.008775285445153713, 0.09210161864757538, 0.057464588433504105, 0.014027866534888744, 0.037814538925886154, 0.010520092211663723, 0.06749287247657776, 0.031553734093904495]","[0.0010000000474974513, 0.999179482460022]"
74,14,1.33%,3.1146,"[0.02687251567840576, 0.025508370250463486, 0.042991604655981064, 0.038413435220718384, 0.01245248131453991, 0.07910841703414917, 0.035391852259635925, 0.03264239802956581, 0.010603069327771664, 0.10619911551475525, 0.05574386194348335, 0.014961002394557, 0.025071188807487488, 0.007543151266872883, 0.04316281899809837, 0.02479333057999611, 0.04391861706972122, 0.025090906769037247, 0.03906416520476341, 0.014123089611530304, 0.008687344379723072, 0.07598509639501572, 0.04537198692560196, 0.011852012015879154, 0.043194063007831573, 0.012936231680214405, 0.06593091785907745, 0.03238686919212341]","[0.0010000000474974513, 0.9992970824241638]"
75,7,1.32%,3.4304,"[0.026938268914818764, 0.02289060316979885, 0.05493061617016792, 0.04590074345469475, 0.012462777085602283, 0.05707644671201706, 0.034236468374729156, 0.03568775951862335, 0.012493137270212173, 0.09693756699562073, 0.06701792031526566, 0.014735735021531582, 0.020116440951824188, 0.008388763293623924, 0.04927781596779823, 0.024716617539525032, 0.03850863501429558, 0.023045288398861885, 0.04549941420555115, 0.012838602066040039, 0.011710730381309986, 0.07336067408323288, 0.03935440629720688, 0.013881037011742592, 0.04351969063282013, 0.012588455341756344, 0.067026287317276, 0.03485909476876259]","[0.0010000000474974513, 0.9991208910942078]"
76,0,1.30%,3.5704,"[0.0276787206530571, 0.022041430696845055, 0.060835640877485275, 0.04901830852031708, 0.010598894208669662, 0.06745955348014832, 0.03814815729856491, 0.03735741227865219, 0.010358249768614769, 0.09320762753486633, 0.061304546892642975, 0.015298801474273205, 0.019730187952518463, 0.0072736297734081745, 0.047285474836826324, 0.02228040248155594, 0.03554658219218254, 0.024951336905360222, 0.04431772232055664, 0.012843804433941841, 0.010353573597967625, 0.07584818452596664, 0.04220469668507576, 0.01352938637137413, 0.04461000859737396, 0.013261300511658192, 0.061255574226379395, 0.031400877982378006]","[0.0016005580546334386, 0.9983994364738464]"
77,5,1.28%,3.8516,"[0.03499333932995796, 0.02291376329958439, 0.02341177500784397, 0.030727149918675423, 0.015019920654594898, 0.020227722823619843, 0.013725372031331062, 0.03167348727583885, 0.026354942470788956, 0.06934132426977158, 0.1229567900300026, 0.012339815497398376, 0.02665231190621853, 0.017921388149261475, 0.08746267855167389, 0.035733915865421295, 0.02684072218835354, 0.01428263634443283, 0.04985613375902176, 0.009929689578711987, 0.04196435958147049, 0.062262166291475296, 0.03301320597529411, 0.02090941183269024, 0.023547545075416565, 0.007100323215126991, 0.06455973535776138, 0.054278455674648285]","[0.0010000000474974513, 1.0]"
78,17,1.27%,3.7756,"[0.025393566116690636, 0.01908201351761818, 0.08656004071235657, 0.06096143275499344, 0.01172506995499134, 0.03571903705596924, 0.03526108339428902, 0.044329624623060226, 0.015579573810100555, 0.07381872087717056, 0.07996613532304764, 0.015142472460865974, 0.012661203742027283, 0.009329883381724358, 0.056620556861162186, 0.02256038412451744, 0.025968685746192932, 0.02120586670935154, 0.055779993534088135, 0.011748429387807846, 0.019386768341064453, 0.06115449219942093, 0.026391007006168365, 0.019087091088294983, 0.0430697537958622, 0.012800433672964573, 0.06124117225408554, 0.037455592304468155]","[0.0010000000474974513, 0.9994404315948486]"
79,0,1.25%,3.5253,"[0.02982562594115734, 0.017256544902920723, 0.0932115763425827, 0.06518488377332687, 0.00893001351505518, 0.054025907069444656, 0.049528323113918304, 0.04297133535146713, 0.010224582627415657, 0.06763427704572678, 0.062322162091732025, 0.018343834206461906, 0.014932879246771336, 0.007354210130870342, 0.052382953464984894, 0.019633660092949867, 0.023686572909355164, 0.02527460642158985, 0.05391748994588852, 0.014994338154792786, 0.014452277682721615, 0.07009939849376678, 0.03469422459602356, 0.017171766608953476, 0.037654366344213486, 0.013518057763576508, 0.051035985350608826, 0.029738130047917366]","[0.0027790586464107037, 0.9972208738327026]"
80,3,1.23%,2.6417,"[0.0334344282746315, 0.015121402218937874, 0.10836219787597656, 0.07147017121315002, 0.007511753123253584, 0.06729587912559509, 0.06398385018110275, 0.04308103397488594, 0.008287092670798302, 0.058506011962890625, 0.04721236601471901, 0.020042043179273605, 0.015019191429018974, 0.0069101471453905106, 0.05133112147450447, 0.01760762371122837, 0.023523854091763496, 0.027282755821943283, 0.05218801274895668, 0.016543496400117874, 0.012214929796755314, 0.06951093673706055, 0.03746098652482033, 0.01517073530703783, 0.03222973272204399, 0.015040975995361805, 0.039417099207639694, 0.024240195751190186]","[0.0011309899855405092, 0.998869001865387]"
81,11,1.22%,4.1693,"[0.036970123648643494, 0.013535787351429462, 0.11696066707372665, 0.07524298131465912, 0.006047155242413282, 0.08540616184473038, 0.07769381999969482, 0.042149320244789124, 0.0062499213963747025, 0.05098792538046837, 0.03599565103650093, 0.021374179050326347, 0.01525244489312172, 0.005883586127310991, 0.04742542281746864, 0.01539649162441492, 0.022656455636024475, 0.02895212732255459, 0.048719704151153564, 0.01743047870695591, 0.009653070941567421, 0.07044532150030136, 0.04225480556488037, 0.013068047352135181, 0.027750451117753983, 0.016270393505692482, 0.03097153827548027, 0.01925605721771717]","[0.0010000000474974513, 0.9996515512466431]"
82,15,1.20%,3.9747,"[0.036126408725976944, 0.017377784475684166, 0.09761384129524231, 0.0655103325843811, 0.009604116901755333, 0.04757467657327652, 0.045545097440481186, 0.05038657411932945, 0.013272512704133987, 0.06090474873781204, 0.06584134697914124, 0.017451263964176178, 0.012852606363594532, 0.008952602744102478, 0.05998460575938225, 0.01969718188047409, 0.025067484006285667, 0.02391819655895233, 0.0544801689684391, 0.012123774737119675, 0.01669405959546566, 0.062359534204006195, 0.032867010682821274, 0.017203282564878464, 0.03675234317779541, 0.013758962973952293, 0.043625202029943466, 0.032454196363687515]","[0.0010000000474974513, 0.9995383024215698]"
83,20,1.19%,4.0382,"[0.04371161013841629, 0.018007738515734673, 0.08092648535966873, 0.06008397415280342, 0.008586646988987923, 0.05931607633829117, 0.04466603696346283, 0.05033780261874199, 0.011548256501555443, 0.062546506524086, 0.06558102369308472, 0.01750630885362625, 0.015155323781073093, 0.008184812031686306, 0.05893731117248535, 0.01896541751921177, 0.02709999680519104, 0.024610111489892006, 0.04939952492713928, 0.011072902008891106, 0.0136491060256958, 0.07056921720504761, 0.04454535245895386, 0.014750641770660877, 0.03506522253155708, 0.013043863698840141, 0.04074294492602348, 0.031389761716127396]","[0.0010000000474974513, 0.9993433356285095]"
84,15,1.18%,3.7338,"[0.047706544399261475, 0.018504934385418892, 0.05593911558389664, 0.05023788660764694, 0.009782254695892334, 0.04804997891187668, 0.03259813413023949, 0.04766631871461868, 0.015980184078216553, 0.06745981425046921, 0.08768177777528763, 0.016678111627697945, 0.01685989648103714, 0.010269942693412304, 0.06831623613834381, 0.022220898419618607, 0.02839476615190506, 0.02038971707224846, 0.04733434319496155, 0.009746164083480835, 0.01757596805691719, 0.0715675950050354, 0.04704439267516136, 0.014800559729337692, 0.03346759453415871, 0.009984093718230724, 0.04411441460251808, 0.03962843120098114]","[0.0010564859258010983, 0.9989435076713562]"
85,8,1.16%,3.7779,"[0.052375417202711105, 0.01811482198536396, 0.047751836478710175, 0.04516775906085968, 0.011456239968538284, 0.026862366124987602, 0.021813616156578064, 0.04215504601597786, 0.025059672072529793, 0.06103210523724556, 0.10754026472568512, 0.014770055189728737, 0.016136594116687775, 0.015197512693703175, 0.09094518423080444, 0.03051253780722618, 0.02528107911348343, 0.01500548142939806, 0.056654028594493866, 0.009378712624311447, 0.03302407264709473, 0.056350044906139374, 0.03461955115199089, 0.01698141172528267, 0.024785883724689484, 0.007885362952947617, 0.042792800813913345, 0.05035054683685303]","[0.0010000000474974513, 0.9994025826454163]"
86,2,1.15%,3.1393,"[0.06311646848917007, 0.0184844471514225, 0.03611166030168533, 0.039121419191360474, 0.009806579910218716, 0.031425975263118744, 0.018621033057570457, 0.03939105197787285, 0.024082479998469353, 0.06380409002304077, 0.11017733812332153, 0.01414868887513876, 0.019567929208278656, 0.015270049683749676, 0.09891349077224731, 0.0322435088455677, 0.025160742923617363, 0.014244645833969116, 0.051878489553928375, 0.008766474202275276, 0.03275327757000923, 0.058732274919748306, 0.041854001581668854, 0.01485984306782484, 0.022300217300653458, 0.006776102818548679, 0.037294287234544754, 0.05109347030520439]","[0.0010000000474974513, 0.9993295669555664]"
87,21,1.14%,3.0201,"[0.06675750762224197, 0.01942247524857521, 0.04456445574760437, 0.04254293814301491, 0.011273257434368134, 0.03441111370921135, 0.02157934382557869, 0.04380958154797554, 0.026219366118311882, 0.06271524727344513, 0.10038383305072784, 0.015196025371551514, 0.01609700918197632, 0.015223558060824871, 0.08730269968509674, 0.03219231963157654, 0.02775164134800434, 0.014802470803260803, 0.050846900790929794, 0.008489713072776794, 0.02796877734363079, 0.05272985249757767, 0.041792336851358414, 0.014099080115556717, 0.0250951386988163, 0.00778939388692379, 0.03620139881968498, 0.05274265632033348]","[0.0013564081164076924, 0.9986436367034912]"
88,7,1.12%,3.0261,"[0.06903446465730667, 0.020174764096736908, 0.04626717045903206, 0.043856412172317505, 0.012041903100907803, 0.04430181905627251, 0.02494731731712818, 0.04858769476413727, 0.026228906586766243, 0.06572229415178299, 0.09058775007724762, 0.015979886054992676, 0.014960847795009613, 0.014573122374713421, 0.07531542330980301, 0.0294704120606184, 0.032272204756736755, 0.015961915254592896, 0.04418813809752464, 0.00783049501478672, 0.021123643964529037, 0.054170604795217514, 0.04809899628162384, 0.012304414995014668, 0.029361136257648468, 0.008817998692393303, 0.034215036779642105, 0.04960520192980766]","[0.0010000000474974513, 0.9992380738258362]"
89,14,1.11%,2.6157,"[0.0599270761013031, 0.020421436056494713, 0.06153440102934837, 0.05150900408625603, 0.01337440311908722, 0.034068018198013306, 0.026638396084308624, 0.05243701860308647, 0.029627298936247826, 0.057186055928468704, 0.08960556983947754, 0.016984814777970314, 0.012037502601742744, 0.014819798059761524, 0.07296992093324661, 0.03001023270189762, 0.027991753071546555, 0.01584714837372303, 0.052147820591926575, 0.008570248261094093, 0.027182936668395996, 0.0488324835896492, 0.03544002026319504, 0.015461353585124016, 0.028482967987656593, 0.010463997721672058, 0.03691995516419411, 0.04950838163495064]","[0.0010000000474974513, 0.9992519617080688]"
90,8,1.10%,2.8803,"[0.06505118310451508, 0.025717226788401604, 0.08941969275474548, 0.05931263417005539, 0.01660105772316456, 0.02293231710791588, 0.02314181625843048, 0.07926145941019058, 0.04746313393115997, 0.03702855855226517, 0.07298743724822998, 0.016526296734809875, 0.006445485632866621, 0.016112156212329865, 0.0526394285261631, 0.023712188005447388, 0.02930121123790741, 0.015560399740934372, 0.054612960666418076, 0.006478012073785067, 0.039308175444602966, 0.03888707235455513, 0.02647007629275322, 0.01998542621731758, 0.035787440836429596, 0.027167119085788727, 0.020899051800370216, 0.03119092993438244]","[0.005160422530025244, 0.9948395490646362]"
91,14,1.09%,3.3034,"[0.05492857098579407, 0.03351842984557152, 0.11113245040178299, 0.06848110258579254, 0.01104839239269495, 0.03994989022612572, 0.02292553335428238, 0.1059684008359909, 0.03527139872312546, 0.0357343815267086, 0.04865662008523941, 0.014858633279800415, 0.004883808549493551, 0.008781450800597668, 0.03251802921295166, 0.01447224896401167, 0.03127160295844078, 0.018866822123527527, 0.0421983078122139, 0.004396220203489065, 0.02419573813676834, 0.04423794895410538, 0.02778448350727558, 0.01747884601354599, 0.054097458720207214, 0.06243031099438667, 0.0138704814016819, 0.016042346134781837]","[0.0010000000474974513, 1.0]"
92,20,1.08%,3.8115,"[0.06295851618051529, 0.02026316151022911, 0.0662752315402031, 0.05477320775389671, 0.01182052493095398, 0.033864520490169525, 0.026803597807884216, 0.05883649364113808, 0.02896183729171753, 0.0507153645157814, 0.08964487165212631, 0.017464829608798027, 0.011133935302495956, 0.01380372978746891, 0.07358216494321823, 0.02771010622382164, 0.024242740124464035, 0.016301661729812622, 0.05264556407928467, 0.00803601648658514, 0.030463868752121925, 0.04993133619427681, 0.03501725569367409, 0.01661447063088417, 0.027836747467517853, 0.01128474809229374, 0.033304229378700256, 0.04570923373103142]","[0.001505551510490477, 0.9984945058822632]"
93,21,1.06%,3.3385,"[0.04725126922130585, 0.01933988370001316, 0.0733356699347496, 0.05754855275154114, 0.013717316091060638, 0.020826609805226326, 0.02187233231961727, 0.04986428841948509, 0.03610275685787201, 0.04930137097835541, 0.0887623131275177, 0.01565420813858509, 0.010728676803410053, 0.01751221902668476, 0.08102335035800934, 0.03572013974189758, 0.024978963658213615, 0.014138700440526009, 0.06158047169446945, 0.00871026236563921, 0.04590655490756035, 0.041807811707258224, 0.022487180307507515, 0.018803512677550316, 0.025038834661245346, 0.011733212508261204, 0.0378236398100853, 0.04842999204993248]","[0.0010000000474974513, 1.0]"
94,26,1.05%,3.4321,"[0.03879545256495476, 0.024270733818411827, 0.08961131423711777, 0.07544825971126556, 0.00670227175578475, 0.039574120193719864, 0.021625258028507233, 0.06993910670280457, 0.016528405249118805, 0.04773213341832161, 0.07871733605861664, 0.013947796076536179, 0.011359070427715778, 0.009903021156787872, 0.06841754913330078, 0.026842903345823288, 0.013778069987893105, 0.02223167009651661, 0.05221966654062271, 0.006577943451702595, 0.04947338625788689, 0.047645729035139084, 0.02432861365377903, 0.023913046345114708, 0.03511272370815277, 0.017376042902469635, 0.032549094408750534, 0.035379376262426376]","[0.0010000000474974513, 1.0]"
95,6,1.04%,3.6883,"[0.07850435376167297, 0.02065381035208702, 0.04921753332018852, 0.04684475436806679, 0.008714405819773674, 0.05622343719005585, 0.02560412324965, 0.06042703241109848, 0.023403896018862724, 0.05774712935090065, 0.08407909423112869, 0.01654679700732231, 0.014104429632425308, 0.011944476515054703, 0.0751231387257576, 0.024381205439567566, 0.02697029337286949, 0.017831360921263695, 0.04041628539562225, 0.006698304787278175, 0.022005876526236534, 0.060034189373254776, 0.052750617265701294, 0.012291756458580494, 0.03029715083539486, 0.010237841866910458, 0.026634344831109047, 0.04031237214803696]","[0.0010000000474974513, 0.9990015625953674]"
96,0,1.03%,2.8384,"[0.0704311728477478, 0.019425231963396072, 0.0548832006752491, 0.04862736538052559, 0.008799626491963863, 0.05113288760185242, 0.027298476547002792, 0.05950682610273361, 0.02444273605942726, 0.05774921178817749, 0.08293960988521576, 0.017068080604076385, 0.013758020475506783, 0.012296035885810852, 0.07959861308336258, 0.02374129183590412, 0.026815760880708694, 0.018417764455080032, 0.04330473393201828, 0.007540000136941671, 0.023670431226491928, 0.060834161937236786, 0.045565757900476456, 0.013514239341020584, 0.03195285424590111, 0.010583148337900639, 0.02768469788134098, 0.0384180024266243]","[0.0010000000474974513, 0.9994751811027527]"
97,18,1.02%,3.0906,"[0.07318280637264252, 0.01946934312582016, 0.05012856796383858, 0.04805227369070053, 0.007810505107045174, 0.058987442404031754, 0.026833010837435722, 0.06104810908436775, 0.022219955921173096, 0.0586487352848053, 0.08172434568405151, 0.01649463176727295, 0.014628452248871326, 0.011540823616087437, 0.07862049341201782, 0.023045727983117104, 0.02702198177576065, 0.018593594431877136, 0.03938594087958336, 0.006761202123016119, 0.022460531443357468, 0.06483332067728043, 0.05126810446381569, 0.012251005508005619, 0.03167865052819252, 0.01045602560043335, 0.02612297236919403, 0.03673148155212402]","[0.0013606437714770436, 0.9986393451690674]"
98,14,1.01%,2.5824,"[0.06000610813498497, 0.013744864612817764, 0.025593334808945656, 0.05267453193664551, 0.01223253645002842, 0.04107841104269028, 0.021471284329891205, 0.051301613450050354, 0.043144337832927704, 0.06295958161354065, 0.10270743817090988, 0.01828734390437603, 0.015242796391248703, 0.02396964654326439, 0.06260153651237488, 0.03277221694588661, 0.03457951545715332, 0.01148295309394598, 0.026419010013341904, 0.006286466494202614, 0.040472399443387985, 0.07384467124938965, 0.06449156254529953, 0.009271170012652874, 0.030057452619075775, 0.010019884444773197, 0.020967919379472733, 0.03231938183307648]","[0.0010000000474974513, 0.9999946355819702]"
99,20,1.00%,3.2496,"[0.08001606166362762, 0.018191365525126457, 0.05431322753429413, 0.04816377907991409, 0.010256247594952583, 0.030949430540204048, 0.024192683398723602, 0.057871002703905106, 0.03266246244311333, 0.04475107789039612, 0.09237181395292282, 0.017115212976932526, 0.012027422897517681, 0.015957854688167572, 0.09005561470985413, 0.029471399262547493, 0.02257074974477291, 0.014661883935332298, 0.051645033061504364, 0.007559353485703468, 0.039542291313409805, 0.04945587366819382, 0.036566030234098434, 0.015213564969599247, 0.0221952386200428, 0.009221650660037994, 0.02697480097413063, 0.04602691903710365]","[0.002172255888581276, 0.9978277087211609]"
100,14,1.98%,2.0172,"[0.0762067437171936, 0.011728542856872082, 0.04408346116542816, 0.040466055274009705, 0.00809555221349001, 0.02932630106806755, 0.02624581754207611, 0.035527683794498444, 0.0233635064214468, 0.046322714537382126, 0.07835385203361511, 0.01783180795609951, 0.025294054299592972, 0.02211456000804901, 0.12222590297460556, 0.033054180443286896, 0.032846421003341675, 0.01703239418566227, 0.048743560910224915, 0.01199293788522482, 0.03946809843182564, 0.06015852838754654, 0.04571307823061943, 0.012837707996368408, 0.019869867712259293, 0.00727825378999114, 0.023856977000832558, 0.03996150568127632]","[0.0010000000474974513, 1.0]"
101,3,1.96%,3.3586,"[0.07691001147031784, 0.02030402049422264, 0.035118285566568375, 0.040533848106861115, 0.018965069204568863, 0.018572388216853142, 0.01573694683611393, 0.059079162776470184, 0.0648697018623352, 0.037632256746292114, 0.10066808015108109, 0.015697656199336052, 0.010021813213825226, 0.0279247909784317, 0.0770617350935936, 0.04017719253897667, 0.027098238468170166, 0.010236342437565327, 0.04113014042377472, 0.005289303604513407, 0.061627212911844254, 0.03577205911278725, 0.032136671245098114, 0.0149231543764472, 0.020016519352793694, 0.009617487899959087, 0.025866122916340828, 0.05701391026377678]","[0.0010000000474974513, 1.0]"
102,1,1.94%,4.0786,"[0.09049341827630997, 0.01712946593761444, 0.05812792852520943, 0.04926595464348793, 0.008235548622906208, 0.03066474199295044, 0.024170303717255592, 0.059474244713783264, 0.030123822391033173, 0.040456581860780716, 0.08849664032459259, 0.016529399901628494, 0.011382038705050945, 0.014822641387581825, 0.10003163665533066, 0.02669553831219673, 0.01922282949090004, 0.014741632156074047, 0.05574367567896843, 0.007295987568795681, 0.04355122521519661, 0.04954380542039871, 0.03575294092297554, 0.015506461262702942, 0.020486602559685707, 0.009172470308840275, 0.022619962692260742, 0.04026252403855324]","[0.0010000000474974513, 0.9991070628166199]"
103,1,1.92%,4.0384,"[0.10191694647073746, 0.017619753256440163, 0.054900649935007095, 0.04793810844421387, 0.007357874419540167, 0.035129617899656296, 0.024010837078094482, 0.0601360946893692, 0.028020650148391724, 0.04050312936306, 0.08483439683914185, 0.016059530898928642, 0.011879997327923775, 0.014055795036256313, 0.10219027101993561, 0.025943243876099586, 0.019348792731761932, 0.014834093861281872, 0.05371768772602081, 0.006825180258601904, 0.04057430103421211, 0.05074750632047653, 0.0399555042386055, 0.014024718664586544, 0.01963491179049015, 0.009034475311636925, 0.02033936232328415, 0.038466520607471466]","[0.0010000000474974513, 0.9990355968475342]"
104,8,1.90%,3.5158,"[0.09725261479616165, 0.018589524552226067, 0.055860280990600586, 0.04764946922659874, 0.008576937019824982, 0.030963733792304993, 0.023893335834145546, 0.0581730380654335, 0.03276858478784561, 0.039901189506053925, 0.08400067687034607, 0.016693713143467903, 0.011373230256140232, 0.015255069360136986, 0.10097435861825943, 0.028278999030590057, 0.019895434379577637, 0.014062340371310711, 0.05704108253121376, 0.007450562436133623, 0.04385596141219139, 0.047017015516757965, 0.034905366599559784, 0.014746222645044327, 0.018721146509051323, 0.009255334734916687, 0.02187490463256836, 0.04096987098455429]","[0.0010000000474974513, 0.9990211725234985]"
105,3,1.89%,3.0369,"[0.08686062693595886, 0.019545499235391617, 0.059639692306518555, 0.04938017949461937, 0.00979897566139698, 0.02445555292069912, 0.022724797949194908, 0.057715363800525665, 0.037996914237737656, 0.03700927272439003, 0.08480294048786163, 0.01677396334707737, 0.010285415686666965, 0.016480255872011185, 0.09920884668827057, 0.03042987734079361, 0.01833307184278965, 0.013296923600137234, 0.06266193091869354, 0.007861637510359287, 0.05381061136722565, 0.04218459501862526, 0.027675364166498184, 0.01702902652323246, 0.01755249872803688, 0.009832090698182583, 0.02379423752427101, 0.04285987839102745]","[0.0010000000474974513, 0.9990361332893372]"
106,2,1.87%,2.6209,"[0.11472882330417633, 0.008028910495340824, 0.067928247153759, 0.035434868186712265, 0.013058828189969063, 0.025759195908904076, 0.03212796151638031, 0.0486760139465332, 0.030677979812026024, 0.042173080146312714, 0.034446366131305695, 0.00878162682056427, 0.011359489522874355, 0.046211160719394684, 0.1318012923002243, 0.0215754397213459, 0.09242601692676544, 0.01920066773891449, 0.0341167189180851, 0.005321922712028027, 0.01732250303030014, 0.03505125641822815, 0.04571370780467987, 0.0057389819994568825, 0.03533557429909706, 0.010538634844124317, 0.007746568880975246, 0.01871812343597412]","[0.0010000000474974513, 1.0]"
107,18,1.85%,2.7626,"[0.1058773547410965, 0.02304372377693653, 0.049728356301784515, 0.04717641323804855, 0.00882705207914114, 0.03468795493245125, 0.022499531507492065, 0.060508858412504196, 0.03712372109293938, 0.03972896561026573, 0.08061268925666809, 0.01647844724357128, 0.011314012110233307, 0.015121634118258953, 0.09352973848581314, 0.030093390494585037, 0.02027975395321846, 0.013276009820401669, 0.054626453667879105, 0.006738361436873674, 0.04426198452711105, 0.044905807822942734, 0.03600194305181503, 0.013365196995437145, 0.01689453236758709, 0.010076763108372688, 0.020951058715581894, 0.0422702357172966]","[0.001825776300393045, 0.998174250125885]"
108,11,1.83%,4.1084,"[0.09772162139415741, 0.023518091067671776, 0.05719951540231705, 0.05054096505045891, 0.008935333229601383, 0.02888193354010582, 0.02178121544420719, 0.05968695878982544, 0.03902237489819527, 0.03685557097196579, 0.07975807040929794, 0.016547543928027153, 0.010222453624010086, 0.015045727603137493, 0.09449850022792816, 0.030831534415483475, 0.017704501748085022, 0.012935016304254532, 0.062326040118932724, 0.007201897446066141, 0.05232292041182518, 0.04141094163060188, 0.02921384572982788, 0.01555774174630642, 0.0160963274538517, 0.010737703181803226, 0.021771257743239403, 0.04167431592941284]","[0.002180280163884163, 0.9978196620941162]"
109,3,1.82%,2.9407,"[0.10186341404914856, 0.024260960519313812, 0.054344069212675095, 0.048742327839136124, 0.007720863446593285, 0.029089024290442467, 0.019571693614125252, 0.05609665811061859, 0.03748958185315132, 0.036216072738170624, 0.07921196520328522, 0.016121594235301018, 0.010821705684065819, 0.01445740181952715, 0.10276289284229279, 0.03208977356553078, 0.015280456282198429, 0.012512801215052605, 0.06548377126455307, 0.007377979811280966, 0.05834617093205452, 0.039646558463573456, 0.0275324285030365, 0.016051284968852997, 0.01450794655829668, 0.009950042702257633, 0.020558718591928482, 0.041891857981681824]","[0.002333429642021656, 0.9976665377616882]"
110,26,1.80%,3.7201,"[0.10233436524868011, 0.02722596377134323, 0.049900609999895096, 0.04794379696249962, 0.008174718357622623, 0.03027493692934513, 0.019044704735279083, 0.057167332619428635, 0.03937511518597603, 0.036024309694767, 0.08016328513622284, 0.016636496409773827, 0.011209109798073769, 0.01423935778439045, 0.09443221241235733, 0.034033093601465225, 0.01581299491226673, 0.012274005450308323, 0.06338762491941452, 0.007191755808889866, 0.05915861576795578, 0.03949979320168495, 0.02850913442671299, 0.015573486685752869, 0.013923900201916695, 0.010473285801708698, 0.021473601460456848, 0.04454246908426285]","[0.0010036338353529572, 0.998996376991272]"
111,16,1.79%,4.1690,"[0.0693875178694725, 0.02548719197511673, 0.07533600926399231, 0.05994724482297897, 0.009968861937522888, 0.018995000049471855, 0.02022434212267399, 0.055586181581020355, 0.04376707598567009, 0.032130781561136246, 0.07546936720609665, 0.017171619459986687, 0.008202428929507732, 0.014554807916283607, 0.08513496071100235, 0.03363754227757454, 0.013541063293814659, 0.012061082758009434, 0.07984359562397003, 0.008575960993766785, 0.07259292900562286, 0.03441359102725983, 0.01723475567996502, 0.021624648943543434, 0.014681592583656311, 0.013073225505650043, 0.02677794173359871, 0.04057863727211952]","[0.0010000000474974513, 0.9995167851448059]"
112,11,1.77%,4.0342,"[0.06477710604667664, 0.02570446953177452, 0.08172233402729034, 0.06349680572748184, 0.009937034919857979, 0.018570363521575928, 0.020706793293356895, 0.0556669607758522, 0.04345528781414032, 0.03183573856949806, 0.0728081688284874, 0.01731295697391033, 0.007767645176500082, 0.014026245102286339, 0.0824085995554924, 0.033135946840047836, 0.013276509009301662, 0.012118878774344921, 0.08246828615665436, 0.008710615336894989, 0.07247313857078552, 0.03398038446903229, 0.015965411439538002, 0.022267770022153854, 0.014861522242426872, 0.013858266174793243, 0.02766583114862442, 0.03902086243033409]","[0.0017300102626904845, 0.9982699751853943]"
113,15,1.75%,3.4880,"[0.06545751541852951, 0.025997061282396317, 0.08040902763605118, 0.06424742192029953, 0.009306438267230988, 0.019603874534368515, 0.020712045952677727, 0.054924529045820236, 0.04261581599712372, 0.03232432156801224, 0.07307379692792892, 0.017785917967557907, 0.007993606850504875, 0.013366426341235638, 0.08298555761575699, 0.03284100443124771, 0.013091184198856354, 0.012053032405674458, 0.08279858529567719, 0.008804649114608765, 0.07168441265821457, 0.03525291010737419, 0.01636691205203533, 0.02189379744231701, 0.014655382372438908, 0.013714371249079704, 0.027644727379083633, 0.03839569911360741]","[0.0015670083230361342, 0.998432993888855]"
114,15,1.74%,3.3708,"[0.07477469742298126, 0.026310503482818604, 0.05842971429228783, 0.0566515177488327, 0.007347090635448694, 0.0221148319542408, 0.017406262457370758, 0.04897060617804527, 0.040687866508960724, 0.03460206463932991, 0.08344399929046631, 0.018091382458806038, 0.010364579036831856, 0.01244302373379469, 0.09407901763916016, 0.03427531570196152, 0.012257298454642296, 0.011109855026006699, 0.07974161952733994, 0.008786153048276901, 0.07672946155071259, 0.04106073081493378, 0.01994478702545166, 0.020298795774579048, 0.012895653955638409, 0.011008075438439846, 0.026603957638144493, 0.03957118093967438]","[0.0022083742078393698, 0.997791588306427]"
115,8,1.72%,2.9656,"[0.055901557207107544, 0.03484467789530754, 0.025448428466916084, 0.03712169826030731, 0.010301326401531696, 0.016739094629883766, 0.009222084656357765, 0.0412110798060894, 0.05137965828180313, 0.03583093732595444, 0.09810732305049896, 0.015483863651752472, 0.015561014413833618, 0.017137819901108742, 0.09437372535467148, 0.04405226185917854, 0.010753479786217213, 0.01009978074580431, 0.06471617519855499, 0.008092899806797504, 0.11562125384807587, 0.0370052233338356, 0.017370739951729774, 0.027315065264701843, 0.011874428950250149, 0.009098396636545658, 0.03608797490596771, 0.049247950315475464]","[0.0010000000474974513, 1.0]"
116,3,1.71%,3.1792,"[0.06041998416185379, 0.02893281728029251, 0.05373802408576012, 0.05257578566670418, 0.01211720984429121, 0.013815557584166527, 0.014373810030519962, 0.04403584077954292, 0.05704951658844948, 0.03114631026983261, 0.08202949911355972, 0.018332133069634438, 0.00926151778548956, 0.01666133850812912, 0.08001414686441422, 0.043272800743579865, 0.012643296271562576, 0.009718035347759724, 0.08166380226612091, 0.009370885789394379, 0.09445644170045853, 0.031438253819942474, 0.014799118973314762, 0.024734457954764366, 0.01226801611483097, 0.011706416495144367, 0.03333764523267746, 0.04608730599284172]","[0.0010000000474974513, 1.0]"
117,6,1.69%,3.7677,"[0.05029985308647156, 0.030738918110728264, 0.0882335677742958, 0.08318066596984863, 0.010011279955506325, 0.028403980657458305, 0.025371428579092026, 0.05773661285638809, 0.04497905075550079, 0.03467553108930588, 0.06389898806810379, 0.025588596239686012, 0.006833503022789955, 0.009777545928955078, 0.05779053270816803, 0.03218496963381767, 0.011572850868105888, 0.011895016767084599, 0.07617150247097015, 0.010355276055634022, 0.05831935629248619, 0.03872239217162132, 0.016058776527643204, 0.02426370605826378, 0.017123060300946236, 0.018274683505296707, 0.03390774130821228, 0.03363065794110298]","[0.0010000000474974513, 0.999998152256012]"
118,3,1.68%,2.7389,"[0.08082518726587296, 0.0332246869802475, 0.03887666016817093, 0.04612606763839722, 0.010736498981714249, 0.017248893156647682, 0.010714612901210785, 0.03394550830125809, 0.07028981298208237, 0.03361605107784271, 0.08222544193267822, 0.02030576393008232, 0.010547167621552944, 0.016428278759121895, 0.07901478558778763, 0.05682631582021713, 0.012730265967547894, 0.0072569651529192924, 0.07302451133728027, 0.008814230561256409, 0.086276575922966, 0.027495909482240677, 0.01826111041009426, 0.018942447379231453, 0.009943044744431973, 0.00921469833701849, 0.02962562069296837, 0.05746293067932129]","[0.0010000000474974513, 0.9998528361320496]"
119,3,1.67%,2.8427,"[0.0680512860417366, 0.032421570271253586, 0.05697750672698021, 0.05980560928583145, 0.010503808967769146, 0.018519701436161995, 0.014623063616454601, 0.0410013347864151, 0.060113389045000076, 0.03364960849285126, 0.07491435110569, 0.020437762141227722, 0.009041167795658112, 0.014618737623095512, 0.07415679842233658, 0.049362655729055405, 0.013001996092498302, 0.008753012865781784, 0.07996853440999985, 0.009060567244887352, 0.08072531223297119, 0.030099142342805862, 0.016261035576462746, 0.020197084173560143, 0.011453446932137012, 0.01209249161183834, 0.03167567774653435, 0.04851335287094116]","[0.0010000000474974513, 0.9996657371520996]"
120,7,1.65%,3.1878,"[0.06575144082307816, 0.03299568220973015, 0.06262460350990295, 0.0674787312746048, 0.010287857614457607, 0.020641308277845383, 0.016138100996613503, 0.04292973130941391, 0.060011472553014755, 0.03378542885184288, 0.07098497450351715, 0.021518269553780556, 0.008431077934801579, 0.013803531415760517, 0.06945887953042984, 0.04825802892446518, 0.01304752565920353, 0.00880048144608736, 0.07873202860355377, 0.008874371647834778, 0.07591061294078827, 0.030589915812015533, 0.016277363523840904, 0.019532889127731323, 0.011641203425824642, 0.013298379257321358, 0.03168144077062607, 0.04651467129588127]","[0.0010000000474974513, 0.9999427199363708]"
121,18,1.64%,2.6056,"[0.034562911838293076, 0.03841513395309448, 0.11446356773376465, 0.1047518253326416, 0.005378651432693005, 0.039820246398448944, 0.02132330648601055, 0.0627417117357254, 0.020772017538547516, 0.0396917462348938, 0.052954427897930145, 0.01667340286076069, 0.008225372061133385, 0.006732827052474022, 0.05160902068018913, 0.03295758366584778, 0.009771889075636864, 0.017711250111460686, 0.06935358792543411, 0.007059546187520027, 0.05964396148920059, 0.03745872527360916, 0.014515948481857777, 0.022838149219751358, 0.02320251427590847, 0.02536148764193058, 0.034223273396492004, 0.027785921469330788]","[0.0010000000474974513, 1.0]"
122,24,1.63%,3.9753,"[0.04034384340047836, 0.03504633903503418, 0.09552977979183197, 0.10054207593202591, 0.0101746441796422, 0.04713240638375282, 0.033091749995946884, 0.056027092039585114, 0.047959230840206146, 0.03983252868056297, 0.05049937963485718, 0.03600027784705162, 0.005926712416112423, 0.0068887583911418915, 0.03867220878601074, 0.03115144371986389, 0.012728352099657059, 0.01134353969246149, 0.06407072395086288, 0.011990942060947418, 0.03588930144906044, 0.04064180329442024, 0.016501102596521378, 0.020607270300388336, 0.020510299131274223, 0.023294152691960335, 0.0374748520553112, 0.030129261314868927]","[0.0010000000474974513, 0.9999750852584839]"
123,23,1.61%,4.0791,"[0.04786507040262222, 0.03656214475631714, 0.08729692548513412, 0.09294410049915314, 0.010245981626212597, 0.030170971527695656, 0.023472661152482033, 0.05439399182796478, 0.05040972679853439, 0.038398049771785736, 0.05886174738407135, 0.023177409544587135, 0.006950713228434324, 0.009995248168706894, 0.049811724573373795, 0.041148215532302856, 0.015646878629922867, 0.010550825856626034, 0.07263371348381042, 0.008289503864943981, 0.05216288939118385, 0.03585401549935341, 0.01596757583320141, 0.017227740958333015, 0.015764601528644562, 0.0205089021474123, 0.03650222346186638, 0.037186507135629654]","[0.0010000000474974513, 0.9994063973426819]"
124,0,1.60%,3.1052,"[0.04682791233062744, 0.038147974759340286, 0.09048504382371902, 0.0975164845585823, 0.008357342332601547, 0.04711039736866951, 0.027847973629832268, 0.05701559782028198, 0.04040293022990227, 0.045635323971509933, 0.05305472016334534, 0.024518636986613274, 0.0073578194715082645, 0.007266696076840162, 0.04579702764749527, 0.03639393299818039, 0.017702581360936165, 0.011696144938468933, 0.066856749355793, 0.008282950147986412, 0.03575446456670761, 0.04363689571619034, 0.01914987340569496, 0.014480384066700935, 0.01863054931163788, 0.022188406437635422, 0.036227233707904816, 0.03165796399116516]","[0.0010000000474974513, 0.9992935657501221]"
125,8,1.59%,3.2845,"[0.052233513444662094, 0.03652343526482582, 0.10493140667676926, 0.09699559211730957, 0.006943271961063147, 0.050431881099939346, 0.03093310073018074, 0.0570027194917202, 0.03308284655213356, 0.04275432229042053, 0.04855426400899887, 0.02513117901980877, 0.007109591271728277, 0.006237667985260487, 0.04766857624053955, 0.03252753987908363, 0.015161809511482716, 0.01296145748347044, 0.07305407524108887, 0.009285463951528072, 0.03276130184531212, 0.042421936988830566, 0.019022604450583458, 0.015386861748993397, 0.0187199916690588, 0.02158886380493641, 0.03210959956049919, 0.02846508100628853]","[0.0010000000474974513, 0.9991651773452759]"
126,22,1.57%,4.0623,"[0.054360706359148026, 0.03564780205488205, 0.11527985334396362, 0.09794824570417404, 0.006779580842703581, 0.04659174010157585, 0.03151831775903702, 0.05828529968857765, 0.03301812708377838, 0.03927918151021004, 0.046689849346876144, 0.02497871033847332, 0.006488415412604809, 0.006185974460095167, 0.047839030623435974, 0.030410196632146835, 0.014165239408612251, 0.013199904002249241, 0.07671686261892319, 0.009330812841653824, 0.03317851200699806, 0.039987437427043915, 0.017925914376974106, 0.016514765098690987, 0.01877623423933983, 0.02230086363852024, 0.02973227947950363, 0.026870107278227806]","[0.0010135031770914793, 0.9989864826202393]"
127,19,1.56%,5.0275,"[0.058748114854097366, 0.03950392082333565, 0.11052916944026947, 0.08843658864498138, 0.011308521032333374, 0.02303110808134079, 0.020499903708696365, 0.07684572041034698, 0.06364722549915314, 0.028059883043169975, 0.04949347302317619, 0.019374927505850792, 0.004224484320729971, 0.01083274744451046, 0.04225136712193489, 0.028128625825047493, 0.01711774244904518, 0.011565596796572208, 0.068968765437603, 0.0057085794396698475, 0.05374602600932121, 0.029072728008031845, 0.015008560381829739, 0.020594026893377304, 0.02311108633875847, 0.03672397509217262, 0.0197417251765728, 0.023725366219878197]","[0.0010000000474974513, 1.0]"
128,0,1.55%,2.6175,"[0.05400235578417778, 0.03176101669669151, 0.08798912167549133, 0.08261726051568985, 0.009447956457734108, 0.02761213295161724, 0.021761281415820122, 0.045323751866817474, 0.05647645145654678, 0.04619867727160454, 0.057995427399873734, 0.01984182558953762, 0.007221209350973368, 0.012643527239561081, 0.06552208214998245, 0.04286310821771622, 0.016068294644355774, 0.01070490013808012, 0.0811489000916481, 0.009508089162409306, 0.049265146255493164, 0.03145971521735191, 0.014275803230702877, 0.016800910234451294, 0.017746910452842712, 0.01499160286039114, 0.03168550506234169, 0.03706711158156395]","[0.0010000000474974513, 1.0]"
129,13,1.54%,4.9093,"[0.048413150012493134, 0.03488675132393837, 0.11420607566833496, 0.09660643339157104, 0.008579162880778313, 0.029794035479426384, 0.026851143687963486, 0.05470094829797745, 0.042047757655382156, 0.035939089953899384, 0.05039654299616814, 0.02332073450088501, 0.006011726334691048, 0.008282249793410301, 0.04949820786714554, 0.03523114696145058, 0.012957987375557423, 0.012183532118797302, 0.08420999348163605, 0.009875830262899399, 0.04561715945601463, 0.03276308253407478, 0.013881538063287735, 0.020788975059986115, 0.01791272684931755, 0.02084510028362274, 0.03340548649430275, 0.03079340234398842]","[0.0016082745278254151, 0.9983916878700256]"
130,25,1.53%,3.9574,"[0.05507549270987511, 0.034056421369314194, 0.11314252018928528, 0.09601319581270218, 0.007565017323940992, 0.03387121111154556, 0.02859693579375744, 0.054821230471134186, 0.03982021287083626, 0.036008939146995544, 0.0502067506313324, 0.024576976895332336, 0.0061872294172644615, 0.007661865092813969, 0.05064055696129799, 0.03301220014691353, 0.013011200353503227, 0.01230476051568985, 0.08374229818582535, 0.010116754099726677, 0.041106753051280975, 0.035213325172662735, 0.015989622101187706, 0.019467417150735855, 0.017667099833488464, 0.019911514595150948, 0.030794857069849968, 0.029417671263217926]","[0.0018606940284371376, 0.9981393218040466]"
131,14,1.52%,2.9624,"[0.05360401049256325, 0.03435543552041054, 0.1111084595322609, 0.09580313414335251, 0.0080060213804245, 0.03159387409687042, 0.02771088294684887, 0.05433078110218048, 0.04196526110172272, 0.03577945753931999, 0.050786808133125305, 0.02423199824988842, 0.006129882764071226, 0.008174493908882141, 0.05025697499513626, 0.03428347781300545, 0.013040658086538315, 0.012068803422152996, 0.08416227996349335, 0.010172371752560139, 0.04312562197446823, 0.03407212719321251, 0.015376158058643341, 0.020053880289196968, 0.01752517744898796, 0.020113136619329453, 0.03187457099556923, 0.03029424510896206]","[0.0010000000474974513, 0.9990436434745789]"
132,8,1.50%,3.2589,"[0.061329253017902374, 0.03430042788386345, 0.10533563047647476, 0.0932413786649704, 0.007077421527355909, 0.03801263868808746, 0.028807392343878746, 0.054545726627111435, 0.04023363068699837, 0.038065481930971146, 0.05124633014202118, 0.025015154853463173, 0.006464697420597076, 0.007521761581301689, 0.05208512768149376, 0.03243013471364975, 0.01381224486976862, 0.012167197652161121, 0.08129017800092697, 0.01000092551112175, 0.03703842684626579, 0.03754407539963722, 0.018416572362184525, 0.017885781824588776, 0.017985733225941658, 0.019207382574677467, 0.02973759174346924, 0.029201565310359]","[0.0010600874666124582, 0.9989399313926697]"
133,5,1.49%,2.9742,"[0.05697173252701759, 0.034193430095911026, 0.10785123705863953, 0.09440019726753235, 0.008044501766562462, 0.031358979642391205, 0.027485081925988197, 0.05502541363239288, 0.04467207193374634, 0.035492196679115295, 0.05104418471455574, 0.02409846894443035, 0.0060415687039494514, 0.008606391958892345, 0.05150705575942993, 0.03398501127958298, 0.013568608090281487, 0.011818666011095047, 0.08315156400203705, 0.009962549433112144, 0.042532410472631454, 0.03402647748589516, 0.016029074788093567, 0.01959611102938652, 0.017499085515737534, 0.0202987901866436, 0.030631350353360176, 0.030107775703072548]","[0.0010000000474974513, 0.9990007281303406]"
134,0,1.48%,2.7874,"[0.05314472317695618, 0.03396324813365936, 0.10931567847728729, 0.09471836686134338, 0.008937893435359001, 0.027083666995167732, 0.026423819363117218, 0.05508853495121002, 0.04853183031082153, 0.033723242580890656, 0.050381164997816086, 0.0232042595744133, 0.005753544624894857, 0.009692875668406487, 0.051346179097890854, 0.03537125885486603, 0.013435560278594494, 0.011580243706703186, 0.08416540175676346, 0.00996656995266676, 0.047336261719465256, 0.031188057735562325, 0.014172575436532497, 0.02102779969573021, 0.017156044021248817, 0.021099045872688293, 0.03134416788816452, 0.030847975984215736]","[0.0010000000474974513, 0.9991253614425659]"
135,16,1.47%,3.9629,"[0.058039501309394836, 0.027365276589989662, 0.07089167833328247, 0.09020126610994339, 0.009415127336978912, 0.03374622389674187, 0.025663215667009354, 0.05599474906921387, 0.05356324836611748, 0.04460350424051285, 0.061862073838710785, 0.021419722586870193, 0.00790422037243843, 0.014618691056966782, 0.0617721751332283, 0.037972282618284225, 0.01888863556087017, 0.011661767028272152, 0.06123003736138344, 0.008179384283721447, 0.04887370020151138, 0.0413060337305069, 0.022785324603319168, 0.015479829162359238, 0.02100866287946701, 0.016483204439282417, 0.028064964339137077, 0.031005458906292915]","[0.0010000000474974513, 1.0]"
136,16,1.46%,3.9105,"[0.059299174696207047, 0.027389800176024437, 0.07114166766405106, 0.08912994712591171, 0.009573224000632763, 0.0331922322511673, 0.025616951286792755, 0.05595974251627922, 0.054841894656419754, 0.04417802765965462, 0.06097136065363884, 0.021169554442167282, 0.007820121012628078, 0.015005881898105145, 0.06266781687736511, 0.03811230510473251, 0.019405711442232132, 0.011603171937167645, 0.06167317554354668, 0.008164727129042149, 0.04837138578295708, 0.04045146331191063, 0.02253047749400139, 0.015418941155076027, 0.02077023684978485, 0.016521163284778595, 0.02790159545838833, 0.03111828863620758]","[0.0010000000474974513, 1.0]"
137,15,1.45%,3.5524,"[0.07231467217206955, 0.033596668392419815, 0.10326159745454788, 0.08978860080242157, 0.007096388377249241, 0.038401756435632706, 0.02949187532067299, 0.05813711881637573, 0.04693010076880455, 0.03499605879187584, 0.047817036509513855, 0.024132855236530304, 0.006099295802414417, 0.008712162263691425, 0.05561421439051628, 0.03051171638071537, 0.016156192868947983, 0.011849595233798027, 0.0778970718383789, 0.009273773059248924, 0.035635098814964294, 0.035800155252218246, 0.019334357231855392, 0.016479598358273506, 0.017196619883179665, 0.021084170788526535, 0.024681635200977325, 0.027709631249308586]","[0.0010000000474974513, 0.9994443655014038]"
138,27,1.44%,3.6536,"[0.03982594981789589, 0.057234447449445724, 0.11916454136371613, 0.10933133959770203, 0.011774769984185696, 0.04452569782733917, 0.02435614913702011, 0.07693365961313248, 0.044421590864658356, 0.03307865932583809, 0.029024638235569, 0.02119702473282814, 0.004007092211395502, 0.006698730401694775, 0.025693396106362343, 0.032141320407390594, 0.016421116888523102, 0.01277617085725069, 0.06058959662914276, 0.006754209287464619, 0.0321776419878006, 0.0273180790245533, 0.013970999978482723, 0.020614290609955788, 0.024812575429677963, 0.05999515950679779, 0.026973459869623184, 0.01818769983947277]","[0.0010000000474974513, 1.0]"
139,6,1.43%,3.6081,"[0.0707191526889801, 0.03369550779461861, 0.09486854821443558, 0.08791959285736084, 0.00862149428576231, 0.030527329072356224, 0.026564830914139748, 0.05616558715701103, 0.05520361289381981, 0.03338884934782982, 0.05046740919351578, 0.02342315763235092, 0.0060044857673347, 0.010673043318092823, 0.05580548197031021, 0.03590068593621254, 0.016665678471326828, 0.01078555267304182, 0.07883376628160477, 0.009148849174380302, 0.042508117854595184, 0.032339610159397125, 0.017798667773604393, 0.017433607950806618, 0.015736721456050873, 0.020075878128409386, 0.027052830904722214, 0.031671877950429916]","[0.0013874982250854373, 0.9986125230789185]"
140,5,1.42%,3.6755,"[0.07139618694782257, 0.03307702764868736, 0.09410332143306732, 0.08675215393304825, 0.008688000030815601, 0.03184342384338379, 0.027812534943223, 0.056472476571798325, 0.05452432855963707, 0.03408169373869896, 0.04946548119187355, 0.023351382464170456, 0.0061914753168821335, 0.010935605503618717, 0.05689112842082977, 0.035649895668029785, 0.01792946271598339, 0.01109684444963932, 0.0771171897649765, 0.00921537447720766, 0.040343690663576126, 0.03303920105099678, 0.0184120312333107, 0.016870863735675812, 0.016126323491334915, 0.02004680410027504, 0.026927633211016655, 0.03163844347000122]","[0.0017283144406974316, 0.998271644115448]"
141,6,1.41%,3.5465,"[0.09027945250272751, 0.03404799848794937, 0.07782236486673355, 0.07928977161645889, 0.0067971921525895596, 0.055903688073158264, 0.030977293848991394, 0.06007470563054085, 0.047986842691898346, 0.04025096446275711, 0.04723750427365303, 0.023857250809669495, 0.007193124853074551, 0.008994531817734241, 0.05777481198310852, 0.03095625527203083, 0.02332807518541813, 0.011698175221681595, 0.061960287392139435, 0.0076963575556874275, 0.025973591953516006, 0.04128601402044296, 0.028627736493945122, 0.011573608964681625, 0.017844291403889656, 0.018969280645251274, 0.022513773292303085, 0.029085036367177963]","[0.003142439527437091, 0.9968575239181519]"
142,5,1.40%,3.4767,"[0.07441679388284683, 0.03337378799915314, 0.08935727179050446, 0.08160272985696793, 0.008151527494192123, 0.04746215417981148, 0.032955098897218704, 0.06016343832015991, 0.0484791174530983, 0.03970153629779816, 0.04449031502008438, 0.02334972843527794, 0.007004831917583942, 0.010171385481953621, 0.057657063007354736, 0.03220804035663605, 0.02382468245923519, 0.012812899425625801, 0.0658460259437561, 0.00875786878168583, 0.028223112225532532, 0.03787277638912201, 0.022942427545785904, 0.01374842133373022, 0.01951635628938675, 0.02089606411755085, 0.02550973929464817, 0.029504774138331413]","[0.0049074445851147175, 0.9950925707817078]"
143,24,1.39%,3.9147,"[0.04731495678424835, 0.033022522926330566, 0.10158539563417435, 0.0926881954073906, 0.008084633387625217, 0.04525626078248024, 0.03837190568447113, 0.056622348725795746, 0.046436067670583725, 0.03715943917632103, 0.04547107592225075, 0.03501807898283005, 0.005829929374158382, 0.00631758151575923, 0.040230441838502884, 0.027681363746523857, 0.01622782088816166, 0.012332177720963955, 0.07174001634120941, 0.01423062477260828, 0.029375532642006874, 0.0439138263463974, 0.017486441880464554, 0.020966900512576103, 0.022418923676013947, 0.026434514671564102, 0.033228009939193726, 0.02455505169928074]","[0.0010000000474974513, 0.9999743103981018]"
144,15,1.38%,3.3377,"[0.06729134172201157, 0.03378719091415405, 0.08920633792877197, 0.07870737463235855, 0.009158886037766933, 0.052055347710847855, 0.0366339273750782, 0.06239854916930199, 0.04696253687143326, 0.041545867919921875, 0.04102922976016998, 0.023075420409440994, 0.007320760283619165, 0.01075274683535099, 0.05591171979904175, 0.03205364570021629, 0.02748417668044567, 0.014238053932785988, 0.061217404901981354, 0.009032966569066048, 0.02530621737241745, 0.03755135461688042, 0.02244073897600174, 0.013668821193277836, 0.02200438268482685, 0.022261276841163635, 0.0271292757242918, 0.029774421826004982]","[0.0010000000474974513, 0.9995017647743225]"
145,9,1.37%,3.1292,"[0.0654488354921341, 0.033812206238508224, 0.08947134017944336, 0.08041379600763321, 0.010047215037047863, 0.04345070570707321, 0.034757427871227264, 0.0602249912917614, 0.05198567360639572, 0.03942244127392769, 0.04288024827837944, 0.023134447634220123, 0.00687170447781682, 0.011700653471052647, 0.055578090250492096, 0.03608345985412598, 0.025348132476210594, 0.013047493062913418, 0.06518984586000443, 0.009329824708402157, 0.029652580618858337, 0.03409953415393829, 0.019810758531093597, 0.01475369930267334, 0.020038504153490067, 0.021142007783055305, 0.029286034405231476, 0.033018358051776886]","[0.0010000000474974513, 0.9990523457527161]"
146,15,1.36%,3.2452,"[0.07609248161315918, 0.03616580367088318, 0.07317137718200684, 0.07437058538198471, 0.008483867160975933, 0.06574512273073196, 0.03603744134306908, 0.06318969279527664, 0.04679884389042854, 0.04343895614147186, 0.041693493723869324, 0.02340765669941902, 0.007842542603611946, 0.010270566679537296, 0.05505692958831787, 0.0350051149725914, 0.02859005145728588, 0.013380324468016624, 0.053920138627290726, 0.007922055199742317, 0.023163385689258575, 0.03777291998267174, 0.026631316170096397, 0.011487319134175777, 0.020457567647099495, 0.01961040496826172, 0.026705604046583176, 0.03358840569853783]","[0.0010000000474974513, 0.9991410970687866]"
147,10,1.35%,3.0949,"[0.08358878642320633, 0.034706953912973404, 0.0725652426481247, 0.07396487146615982, 0.008900805376470089, 0.04659268260002136, 0.03019293211400509, 0.0529530793428421, 0.05693487077951431, 0.039806656539440155, 0.045244473963975906, 0.023752380162477493, 0.007454571779817343, 0.012235910631716251, 0.06209475174546242, 0.04411942884325981, 0.022909535095095634, 0.010909468866884708, 0.06496310234069824, 0.009120346046984196, 0.0320252850651741, 0.03103024885058403, 0.02177620865404606, 0.013193133287131786, 0.01582254469394684, 0.016024373471736908, 0.02730974182486534, 0.039807602763175964]","[0.0010000000474974513, 0.9997353553771973]"
148,7,1.34%,2.9874,"[0.07289116829633713, 0.03613140061497688, 0.07079536467790604, 0.07387914508581161, 0.010137037374079227, 0.04335855320096016, 0.02926016040146351, 0.05107405036687851, 0.05877603217959404, 0.04150496795773506, 0.04633750766515732, 0.024185720831155777, 0.00761290593072772, 0.012552978470921516, 0.05817057192325592, 0.04890609532594681, 0.023167205974459648, 0.010835456661880016, 0.06531988829374313, 0.009756671264767647, 0.03363899886608124, 0.030346089974045753, 0.020006343722343445, 0.014229611493647099, 0.01646323874592781, 0.016382556408643723, 0.031893935054540634, 0.04238639771938324]","[0.0010000000474974513, 0.9993237853050232]"
149,8,1.33%,2.8876,"[0.07201901078224182, 0.03752480074763298, 0.06521052867174149, 0.07153210043907166, 0.01015520840883255, 0.05016379803419113, 0.030852582305669785, 0.05147853493690491, 0.05594594404101372, 0.04414689540863037, 0.046217843890190125, 0.025223998352885246, 0.008193789049983025, 0.011796128004789352, 0.055569056421518326, 0.04930378124117851, 0.024299127981066704, 0.011183689348399639, 0.06166715547442436, 0.010015537962317467, 0.030184339731931686, 0.032265521585941315, 0.021800747141242027, 0.013543791137635708, 0.01689092069864273, 0.016170473769307137, 0.03368685767054558, 0.04295781999826431]","[0.0010000000474974513, 0.999657154083252]"
150,18,1.32%,2.7445,"[0.06285978853702545, 0.03659895434975624, 0.06937064230442047, 0.07404284924268723, 0.009937064722180367, 0.0546533539891243, 0.03392544388771057, 0.05453452095389366, 0.04996560513973236, 0.048239801079034805, 0.04540502652525902, 0.024272281676530838, 0.008265305310487747, 0.010943160392343998, 0.053621698170900345, 0.044899482280015945, 0.026337601244449615, 0.012516741640865803, 0.05966632068157196, 0.009887521155178547, 0.026616396382451057, 0.03592881187796593, 0.0220363549888134, 0.013379639945924282, 0.019979014992713928, 0.017522070556879044, 0.03587925061583519, 0.03871529549360275]","[0.0011489489115774632, 0.9988510608673096]"
151,7,1.32%,2.8750,"[0.0657593235373497, 0.034031059592962265, 0.08106029778718948, 0.07524721324443817, 0.009215603582561016, 0.0510171502828598, 0.03476439043879509, 0.05628439784049988, 0.05135984346270561, 0.04729268699884415, 0.043342288583517075, 0.022940371185541153, 0.007199151907116175, 0.010577660985291004, 0.056958504021167755, 0.039184316992759705, 0.0274046640843153, 0.012554994784295559, 0.06450285762548447, 0.009651022031903267, 0.024916883558034897, 0.03626661002635956, 0.020707320421934128, 0.013366442173719406, 0.021489553153514862, 0.019006766378879547, 0.031117523089051247, 0.03278114274144173]","[0.0010000000474974513, 0.9991666674613953]"
152,8,1.31%,3.0019,"[0.0732937902212143, 0.03641105070710182, 0.07187791913747787, 0.07169487327337265, 0.008493704721331596, 0.060390252619981766, 0.03467200696468353, 0.058379705995321274, 0.048353563994169235, 0.04853822663426399, 0.04388092830777168, 0.02300271764397621, 0.007648116908967495, 0.009669718332588673, 0.05520046874880791, 0.03906144201755524, 0.027685748413205147, 0.012607112526893616, 0.060817841440439224, 0.008927765302360058, 0.022615548223257065, 0.038118623197078705, 0.024371590465307236, 0.012050313875079155, 0.0207414198666811, 0.01833166927099228, 0.03008650615811348, 0.03307737410068512]","[0.0012567132944241166, 0.9987432956695557]"
153,11,1.30%,3.8334,"[0.08306073397397995, 0.03800589591264725, 0.08195219188928604, 0.07398444414138794, 0.0076959626749157906, 0.05084191635251045, 0.03049355559051037, 0.07209055870771408, 0.05506671965122223, 0.039322443306446075, 0.045192789286375046, 0.021155916154384613, 0.005732545629143715, 0.009276567958295345, 0.051858335733413696, 0.033193446695804596, 0.02594846673309803, 0.012106399051845074, 0.060953956097364426, 0.006797978188842535, 0.02696232683956623, 0.03519405424594879, 0.02336832508444786, 0.012840580195188522, 0.022461263462901115, 0.02401076816022396, 0.021903058513998985, 0.028528768569231033]","[0.0018469945061951876, 0.9981529712677002]"
154,15,1.29%,3.1853,"[0.06478895246982574, 0.042390644550323486, 0.09437541663646698, 0.08031579852104187, 0.008633755147457123, 0.04110618308186531, 0.02428464964032173, 0.09439100325107574, 0.06425735354423523, 0.034195300191640854, 0.04170753434300423, 0.01794326864182949, 0.00400698883458972, 0.008863808587193489, 0.03940847888588905, 0.025218822062015533, 0.028154689818620682, 0.01237042248249054, 0.05333166942000389, 0.004643159918487072, 0.03065752051770687, 0.0346209742128849, 0.02004748396575451, 0.015098878182470798, 0.032858334481716156, 0.046477336436510086, 0.01687825284898281, 0.018973322585225105]","[0.0010000000474974513, 0.9998988509178162]"
155,18,1.28%,2.7972,"[0.06098060682415962, 0.03970392793416977, 0.031176645308732986, 0.05315835028886795, 0.011829978786408901, 0.024494826793670654, 0.014095870777964592, 0.04967688024044037, 0.0827142521739006, 0.04038391634821892, 0.07600463181734085, 0.019159868359565735, 0.01001037284731865, 0.017493836581707, 0.06388204544782639, 0.05902334675192833, 0.019699353724718094, 0.008598128333687782, 0.05723836272954941, 0.006978689227253199, 0.06549566984176636, 0.03262181207537651, 0.019553406164050102, 0.018578888848423958, 0.015005501918494701, 0.012355820275843143, 0.039046019315719604, 0.05103909596800804]","[0.0010000000474974513, 0.999496579170227]"
156,26,1.27%,3.5155,"[0.07482439279556274, 0.03508548066020012, 0.06723801046609879, 0.06970860809087753, 0.009761922992765903, 0.03545284643769264, 0.026905568316578865, 0.061621230095624924, 0.0691804587841034, 0.038515929132699966, 0.05320180952548981, 0.022448433563113213, 0.006429506000131369, 0.012623454444110394, 0.05675733461976051, 0.04541289061307907, 0.024043451994657516, 0.01031557284295559, 0.06623274087905884, 0.008117151446640491, 0.037689078599214554, 0.03154124692082405, 0.01961047761142254, 0.014780337922275066, 0.018270127475261688, 0.017879264429211617, 0.028216110542416573, 0.038136642426252365]","[0.0010000000474974513, 0.9999003410339355]"
157,11,1.27%,3.7094,"[0.08145227283239365, 0.03657148405909538, 0.06312300264835358, 0.06696794927120209, 0.009930448606610298, 0.04518546164035797, 0.030953332781791687, 0.06162693351507187, 0.06681342422962189, 0.04064871370792389, 0.049825649708509445, 0.024722274392843246, 0.0067078061401844025, 0.011607401072978973, 0.05122494697570801, 0.044979728758335114, 0.02683495730161667, 0.010552952066063881, 0.061230894178152084, 0.008423611521720886, 0.02879750356078148, 0.032775312662124634, 0.023345617577433586, 0.012598874047398567, 0.018147476017475128, 0.017596513032913208, 0.028490470722317696, 0.03886497765779495]","[0.0011064780410379171, 0.9988935589790344]"
158,19,1.26%,4.4349,"[0.06929267942905426, 0.03721163049340248, 0.05397285148501396, 0.059392694383859634, 0.013787039555609226, 0.03037240169942379, 0.027154618874192238, 0.04986315220594406, 0.0735829621553421, 0.04168342798948288, 0.05706549808382988, 0.026640938594937325, 0.007809414993971586, 0.013218048959970474, 0.05006890371441841, 0.04990961775183678, 0.024207208305597305, 0.010283315554261208, 0.07237988710403442, 0.011843227781355381, 0.03367463871836662, 0.0339486189186573, 0.020673519000411034, 0.017077293246984482, 0.017200762405991554, 0.01576843112707138, 0.04023072496056557, 0.0416865311563015]","[0.0010000000474974513, 1.0]"
159,7,1.25%,2.8507,"[0.07969912886619568, 0.03700236603617668, 0.06193234398961067, 0.0653616413474083, 0.00971057265996933, 0.04489240050315857, 0.03163731098175049, 0.05910202115774155, 0.06529147922992706, 0.04055133834481239, 0.049914684146642685, 0.026579497382044792, 0.007029845844954252, 0.010948613286018372, 0.050648193806409836, 0.04652150347828865, 0.025480709969997406, 0.010545007884502411, 0.06520532816648483, 0.009695859625935555, 0.0290099885314703, 0.033337950706481934, 0.022575298324227333, 0.013234843499958515, 0.017179274931550026, 0.017228364944458008, 0.03052368201315403, 0.0391608327627182]","[0.0014647594653069973, 0.9985352158546448]"
160,8,1.24%,3.2333,"[0.04485609754920006, 0.036783065646886826, 0.08560081571340561, 0.08236072957515717, 0.009339209645986557, 0.044896114617586136, 0.03357379510998726, 0.06309373676776886, 0.047384001314640045, 0.0442538745701313, 0.04431827366352081, 0.02392452023923397, 0.006706811022013426, 0.009934499859809875, 0.0468096025288105, 0.04571903124451637, 0.02037227898836136, 0.01367180421948433, 0.06763894110918045, 0.010632446967065334, 0.033515918999910355, 0.03197295591235161, 0.01516698021441698, 0.018090570345520973, 0.02366524189710617, 0.021954497322440147, 0.03921664133667946, 0.0345475934445858]","[0.0010000000474974513, 1.0]"
161,11,1.23%,3.5783,"[0.07524784654378891, 0.03731813281774521, 0.05718947574496269, 0.06380853801965714, 0.010657665319740772, 0.03962156921625137, 0.031802911311388016, 0.05657915398478508, 0.06530286371707916, 0.03914880007505417, 0.053524166345596313, 0.028851091861724854, 0.007383610121905804, 0.011100603267550468, 0.04722287133336067, 0.050135619938373566, 0.022794755175709724, 0.010407851077616215, 0.06878240406513214, 0.011407657526433468, 0.03168288990855217, 0.03335675969719887, 0.022032471373677254, 0.01469430048018694, 0.015783032402396202, 0.01601901464164257, 0.03581111505627632, 0.04233292490243912]","[0.001553123351186514, 0.9984468221664429]"
162,3,1.23%,2.7542,"[0.08027759194374084, 0.03653125464916229, 0.054070595651865005, 0.061344046145677567, 0.010172446258366108, 0.03938119113445282, 0.0324627161026001, 0.055041175335645676, 0.06479397416114807, 0.03807579725980759, 0.055181436240673065, 0.030584460124373436, 0.007710895501077175, 0.010770273394882679, 0.04811326786875725, 0.04866299405694008, 0.02179146371781826, 0.010276854038238525, 0.07080048322677612, 0.012296080589294434, 0.03126184269785881, 0.03482648357748985, 0.02328580804169178, 0.01481047086417675, 0.014664399437606335, 0.014981928281486034, 0.035688284784555435, 0.04214174300432205]","[0.0010000000474974513, 0.9993050694465637]"
163,12,1.22%,4.9730,"[0.05910381302237511, 0.03545011952519417, 0.06502039730548859, 0.06876066327095032, 0.011701792478561401, 0.036625493317842484, 0.03386474773287773, 0.05599050596356392, 0.06762329488992691, 0.03941600024700165, 0.049691855907440186, 0.03012334555387497, 0.006960037164390087, 0.01170477643609047, 0.04581503942608833, 0.05046040564775467, 0.022364258766174316, 0.010818417184054852, 0.07094614952802658, 0.01319814845919609, 0.03308902308344841, 0.03162352740764618, 0.017494523897767067, 0.016788674518465996, 0.017271049320697784, 0.01758677139878273, 0.039606209844350815, 0.04090099781751633]","[0.0010144764091819525, 0.9989855289459229]"
164,2,1.21%,2.8127,"[0.06188800558447838, 0.03599885478615761, 0.05802666023373604, 0.06602184474468231, 0.010748052038252354, 0.04550575092434883, 0.03429403901100159, 0.058238692581653595, 0.06864979863166809, 0.04320171847939491, 0.05047956481575966, 0.030828675255179405, 0.007490650285035372, 0.011146157048642635, 0.045755960047245026, 0.04844694584608078, 0.025173749774694443, 0.010892191901803017, 0.06292453408241272, 0.012114396318793297, 0.028669102117419243, 0.0344463549554348, 0.02037913165986538, 0.014499582350254059, 0.018716098740696907, 0.01711067371070385, 0.03763226047158241, 0.04072057455778122]","[0.0013808549847453833, 0.9986191391944885]"
165,4,1.20%,4.7563,"[0.036660242825746536, 0.039070043712854385, 0.07541153579950333, 0.07886122912168503, 0.007471922785043716, 0.06754745543003082, 0.03797657787799835, 0.06006684899330139, 0.04184810817241669, 0.05078335478901863, 0.04470338672399521, 0.03268180042505264, 0.00783513579517603, 0.006477597169578075, 0.036574773490428925, 0.03958693519234657, 0.019699467346072197, 0.014649529941380024, 0.0588436983525753, 0.013607874512672424, 0.023959331214427948, 0.04013065993785858, 0.017517460510134697, 0.01772300712764263, 0.028752630576491356, 0.02310061827301979, 0.04579855129122734, 0.032660163938999176]","[0.0010000000474974513, 0.9993248581886292]"
166,21,1.20%,3.4318,"[0.0606832429766655, 0.036925140768289566, 0.05292864888906479, 0.06386131048202515, 0.010478195734322071, 0.05452971160411835, 0.035350408405065536, 0.058724600821733475, 0.06784436851739883, 0.04701744392514229, 0.04992445558309555, 0.03215675428509712, 0.008198712021112442, 0.010421717539429665, 0.04345669969916344, 0.047208040952682495, 0.027555782347917557, 0.011063826270401478, 0.05733218044042587, 0.01206496637314558, 0.024815402925014496, 0.03724269941449165, 0.022557204589247704, 0.012991359457373619, 0.019726863130927086, 0.01712220348417759, 0.03787577897310257, 0.039942365139722824]","[0.0010000000474974513, 0.9992220401763916]"
167,2,1.19%,2.7599,"[0.0338367260992527, 0.03934875875711441, 0.05699191987514496, 0.06384611129760742, 0.008732570335268974, 0.10214352607727051, 0.027297358959913254, 0.04694807156920433, 0.04746512323617935, 0.09618909657001495, 0.03385810926556587, 0.023747427389025688, 0.008579636923968792, 0.007345140911638737, 0.04853055626153946, 0.042156919836997986, 0.026101961731910706, 0.013392707332968712, 0.05083471164107323, 0.011887258850038052, 0.013542902655899525, 0.03913739696145058, 0.016894305124878883, 0.0133140217512846, 0.0414559543132782, 0.017414353787899017, 0.04458148777484894, 0.024425918236374855]","[0.0010000000474974513, 0.9999939799308777]"
168,27,1.18%,3.2289,"[0.056982286274433136, 0.035952452570199966, 0.058263324201107025, 0.06668192148208618, 0.011252726428210735, 0.04852800816297531, 0.03710876405239105, 0.05811704695224762, 0.06729890406131744, 0.04351717606186867, 0.04913739114999771, 0.03409362584352493, 0.007945037446916103, 0.01043213065713644, 0.04206047207117081, 0.04740075394511223, 0.02478269673883915, 0.011175809428095818, 0.06183117628097534, 0.013742158189415932, 0.02689470537006855, 0.03612511605024338, 0.020159905776381493, 0.014650051482021809, 0.01886952854692936, 0.01763531006872654, 0.0397476926445961, 0.039613839238882065]","[0.0010000000474974513, 0.99904865026474]"
169,19,1.18%,4.3427,"[0.05234255641698837, 0.03461439535021782, 0.06612847000360489, 0.06934873014688492, 0.012113383039832115, 0.04388400912284851, 0.03798562288284302, 0.058884505182504654, 0.06862206757068634, 0.041510459035634995, 0.04690028354525566, 0.03407582268118858, 0.007318422198295593, 0.010868705809116364, 0.04160289838910103, 0.04709190875291824, 0.02422318235039711, 0.011380676180124283, 0.06370238214731216, 0.0142538296058774, 0.028060182929039, 0.03365427255630493, 0.017596332356333733, 0.015912340953946114, 0.01983954757452011, 0.018647953867912292, 0.040097009390592575, 0.03933999687433243]","[0.0013574273325502872, 0.9986425638198853]"
170,21,1.17%,3.3152,"[0.04048803448677063, 0.03239597752690315, 0.07501759380102158, 0.07180679589509964, 0.013317764736711979, 0.04524228349328041, 0.046437885612249374, 0.058561068028211594, 0.06916402280330658, 0.03889753296971321, 0.04247572273015976, 0.043573688715696335, 0.006632578559219837, 0.009173736907541752, 0.03387259691953659, 0.039881374686956406, 0.023468779399991035, 0.011899352073669434, 0.06128571555018425, 0.01924794912338257, 0.025325298309326172, 0.03573699668049812, 0.01524384692311287, 0.018695205450057983, 0.023023072630167007, 0.02309829369187355, 0.04160824418067932, 0.03442864865064621]","[0.0010000000474974513, 0.9999212026596069]"
171,3,1.16%,2.7360,"[0.04784032702445984, 0.03319689258933067, 0.0703410655260086, 0.06879767030477524, 0.013408607803285122, 0.039085932075977325, 0.03850965574383736, 0.05676351115107536, 0.06903810054063797, 0.04077797383069992, 0.045571330934762955, 0.034002043306827545, 0.00739802373573184, 0.011568325571715832, 0.04213627055287361, 0.047755226492881775, 0.024281561374664307, 0.011655658483505249, 0.06640034914016724, 0.01593993604183197, 0.02899061143398285, 0.03270149976015091, 0.015644917264580727, 0.017111513763666153, 0.02007678523659706, 0.018632490187883377, 0.042378030717372894, 0.03999572619795799]","[0.0010000000474974513, 0.9991222023963928]"
172,21,1.16%,3.3425,"[0.05281111225485802, 0.03518446162343025, 0.058361198753118515, 0.06640628725290298, 0.011475971899926662, 0.05400300770998001, 0.03945784643292427, 0.059405434876680374, 0.06648170948028564, 0.0446617491543293, 0.04841357097029686, 0.036852169781923294, 0.008143664337694645, 0.009654907509684563, 0.03876828774809837, 0.0445769727230072, 0.026012349873781204, 0.011482165195047855, 0.05670826882123947, 0.014492658898234367, 0.023947881534695625, 0.03896051272749901, 0.020880933851003647, 0.014012978412210941, 0.020782295614480972, 0.01806815341114998, 0.04013454169034958, 0.03985898196697235]","[0.0011143884621560574, 0.9988855719566345]"
173,27,1.15%,3.2344,"[0.047691572457551956, 0.03458983078598976, 0.0625174269080162, 0.06979817897081375, 0.012391762807965279, 0.04756903275847435, 0.04007641226053238, 0.05789904668927193, 0.0656309723854065, 0.04286951199173927, 0.047712888568639755, 0.03691243380308151, 0.008050605654716492, 0.009992617182433605, 0.03780863806605339, 0.045508552342653275, 0.024694062769412994, 0.011611961759626865, 0.06023383140563965, 0.015789609402418137, 0.025980059057474136, 0.03848322108387947, 0.018684953451156616, 0.015453390777111053, 0.020122062414884567, 0.01889226585626602, 0.04331948235630989, 0.03971560671925545]","[0.0015288054710254073, 0.998471200466156]"
174,3,1.71%,2.6641,"[0.04533592239022255, 0.033710479736328125, 0.064402274787426, 0.07036078721284866, 0.013034645467996597, 0.04566718265414238, 0.04056108370423317, 0.05794470012187958, 0.06625779718160629, 0.042567022144794464, 0.04732288792729378, 0.03698413819074631, 0.007921906188130379, 0.010289118625223637, 0.03731711581349373, 0.04525158554315567, 0.025077667087316513, 0.01176731288433075, 0.05966425687074661, 0.01608150452375412, 0.026023536920547485, 0.03823716193437576, 0.01798463612794876, 0.015794362872838974, 0.020964257419109344, 0.019067052751779556, 0.04414137825369835, 0.04026826098561287]","[0.0022122059017419815, 0.9977878332138062]"
175,2,1.70%,2.8107,"[0.04220926761627197, 0.033736661076545715, 0.06403370201587677, 0.07171031087636948, 0.013762079179286957, 0.04529213160276413, 0.04102570191025734, 0.05814263969659805, 0.06601650267839432, 0.04305603727698326, 0.04708941653370857, 0.03689652681350708, 0.007996811531484127, 0.01033751666545868, 0.03537314385175705, 0.04501495510339737, 0.026307767257094383, 0.011894140392541885, 0.05775778368115425, 0.015984531491994858, 0.025382667779922485, 0.03943178057670593, 0.017981158569455147, 0.015608680434525013, 0.02161613665521145, 0.019858185201883316, 0.0461130253970623, 0.04037071764469147]","[0.002440094016492367, 0.9975599646568298]"
176,10,1.69%,3.0524,"[0.03896436095237732, 0.03632573410868645, 0.057821646332740784, 0.07201243937015533, 0.015009663067758083, 0.04788215830922127, 0.03905129060149193, 0.059338465332984924, 0.06832479685544968, 0.045163244009017944, 0.0478631928563118, 0.03606284782290459, 0.008240298368036747, 0.010339204221963882, 0.031049484387040138, 0.04613863304257393, 0.02944820374250412, 0.011664108373224735, 0.051361359655857086, 0.014182987622916698, 0.02374710887670517, 0.04112708941102028, 0.019421234726905823, 0.014249303378164768, 0.022537915036082268, 0.021232780069112778, 0.049390505999326706, 0.04204992577433586]","[0.002039422979578376, 0.9979605674743652]"
177,17,1.69%,4.4551,"[0.037797197699546814, 0.03443846106529236, 0.06308890879154205, 0.07394631952047348, 0.015855126082897186, 0.03952379524707794, 0.038743045181035995, 0.05764782801270485, 0.069145567715168, 0.04089326784014702, 0.04850391298532486, 0.036338258534669876, 0.00801070686429739, 0.011375125497579575, 0.03219616040587425, 0.047638747841119766, 0.026491716504096985, 0.011741396971046925, 0.05549519136548042, 0.015524695627391338, 0.027983365580439568, 0.03797844052314758, 0.01709762215614319, 0.016370190307497978, 0.021513694897294044, 0.020918503403663635, 0.049900561571121216, 0.043842241168022156]","[0.0010000000474974513, 0.9991242289543152]"
178,7,1.68%,2.8452,"[0.03734687715768814, 0.03411317244172096, 0.06271513551473618, 0.07462986558675766, 0.015524967573583126, 0.040422532707452774, 0.039017803966999054, 0.05759806931018829, 0.06766558438539505, 0.04127126187086105, 0.04946238920092583, 0.03653569892048836, 0.008150729350745678, 0.011187774129211903, 0.031854912638664246, 0.04695263132452965, 0.026407549157738686, 0.011944769881665707, 0.05445823445916176, 0.015471965074539185, 0.02754143625497818, 0.03910630941390991, 0.017531251534819603, 0.016137050464749336, 0.021818801760673523, 0.020654194056987762, 0.05026162788271904, 0.044217467308044434]","[0.0010000000474974513, 0.9994189143180847]"
179,24,1.67%,3.8364,"[0.03824787586927414, 0.034004900604486465, 0.06004386395215988, 0.07437024265527725, 0.014323784038424492, 0.04597994685173035, 0.04012996330857277, 0.05904499068856239, 0.06493347138166428, 0.043320950120687485, 0.05065642669796944, 0.037033580243587494, 0.008421038277447224, 0.010381057858467102, 0.03148331865668297, 0.044649772346019745, 0.027109211310744286, 0.01218466367572546, 0.05151694640517235, 0.01493349950760603, 0.025023451074957848, 0.04239426180720329, 0.019373752176761627, 0.014854708686470985, 0.022561445832252502, 0.0200499314814806, 0.04929675534367561, 0.04367618262767792]","[0.0010000000474974513, 0.9993005394935608]"
180,7,1.66%,2.8443,"[0.03984099626541138, 0.03378641977906227, 0.05539410933852196, 0.07259365171194077, 0.012633648701012135, 0.055923942476511, 0.041721493005752563, 0.060603898018598557, 0.06089743226766586, 0.046351104974746704, 0.05207124352455139, 0.03803281486034393, 0.008893092162907124, 0.009265024214982986, 0.03101390227675438, 0.041416916996240616, 0.027969222515821457, 0.012497738935053349, 0.04721357300877571, 0.01435383502393961, 0.021764498203992844, 0.04730742797255516, 0.02243930846452713, 0.013180228881537914, 0.02377309836447239, 0.019040090963244438, 0.04729495197534561, 0.04272623732686043]","[0.0010000000474974513, 0.9992489218711853]"
181,5,1.65%,3.2088,"[0.04039018601179123, 0.03213503956794739, 0.05888883396983147, 0.07421106100082397, 0.011600596830248833, 0.05667625740170479, 0.0435982309281826, 0.06135805696249008, 0.057179879397153854, 0.04489065706729889, 0.052209097892045975, 0.03931128606200218, 0.008799610659480095, 0.008855700492858887, 0.03216059133410454, 0.03954459726810455, 0.025539619848132133, 0.012965137138962746, 0.04850137606263161, 0.015183782204985619, 0.02218838967382908, 0.04781936854124069, 0.02213418297469616, 0.013826625421643257, 0.024104001000523567, 0.018468022346496582, 0.045626476407051086, 0.041833341121673584]","[0.0011387792183086276, 0.9988611936569214]"
182,26,1.64%,3.1180,"[0.03721248731017113, 0.03005155734717846, 0.0717340037226677, 0.07832329720258713, 0.012182282283902168, 0.04632563889026642, 0.0447675995528698, 0.060495033860206604, 0.05475956201553345, 0.040792178362607956, 0.04971832409501076, 0.0386749729514122, 0.008182134479284286, 0.00943214911967516, 0.034225620329380035, 0.039974603801965714, 0.022489409893751144, 0.01367382612079382, 0.05542248487472534, 0.017202896997332573, 0.02564172074198723, 0.043077558279037476, 0.01776333525776863, 0.016818411648273468, 0.024106869474053383, 0.018966728821396828, 0.04692869260907173, 0.04105658084154129]","[0.0010000000474974513, 0.9991772174835205]"
183,16,1.63%,3.8209,"[0.03493308275938034, 0.02917456440627575, 0.0777471661567688, 0.0801161602139473, 0.012280306778848171, 0.044229812920093536, 0.04574783518910408, 0.06057920306921005, 0.05201245844364166, 0.039865367114543915, 0.048208821564912796, 0.038182925432920456, 0.007972544990479946, 0.009371158666908741, 0.03443240001797676, 0.03929655998945236, 0.021567167714238167, 0.014237568713724613, 0.05726039782166481, 0.017920292913913727, 0.026031317189335823, 0.042043283581733704, 0.01636658050119877, 0.017917141318321228, 0.024842223152518272, 0.01928366720676422, 0.0483010858297348, 0.04007888585329056]","[0.0010000000474974513, 0.9994461536407471]"
184,15,1.62%,3.3855,"[0.037520527839660645, 0.029346346855163574, 0.0694117620587349, 0.07693757116794586, 0.010125969536602497, 0.0631466954946518, 0.04861219599843025, 0.06363119930028915, 0.04712694510817528, 0.044817857444286346, 0.04844946786761284, 0.039965324103832245, 0.008524442091584206, 0.007681564427912235, 0.032908469438552856, 0.03453849256038666, 0.023880835622549057, 0.014790602028369904, 0.0486426055431366, 0.01632991060614586, 0.019793039187788963, 0.049501754343509674, 0.02113926038146019, 0.01451323926448822, 0.027961203828454018, 0.018669014796614647, 0.0444917269051075, 0.03754196688532829]","[0.0010000000474974513, 0.99941486120224]"
185,17,1.61%,4.1838,"[0.03767743706703186, 0.028845245018601418, 0.0683194249868393, 0.07579517364501953, 0.009384025819599628, 0.07051622867584229, 0.049857381731271744, 0.0639646127820015, 0.04385586455464363, 0.04644453153014183, 0.04765610024333, 0.040165092796087265, 0.008754466660320759, 0.007090291008353233, 0.032690029591321945, 0.032981351017951965, 0.024606147781014442, 0.015217727981507778, 0.04645557329058647, 0.016078801825642586, 0.01780455932021141, 0.05215064063668251, 0.022577349096536636, 0.013633351773023605, 0.02928333543241024, 0.018297476693987846, 0.043719712644815445, 0.03617803752422333]","[0.0010000000474974513, 0.9990466237068176]"
186,10,1.60%,3.0753,"[0.03108237497508526, 0.02832925133407116, 0.08178116381168365, 0.08056420087814331, 0.012480370700359344, 0.04623641446232796, 0.04798365384340286, 0.06201397627592087, 0.046114012598991394, 0.04104287549853325, 0.04592783749103546, 0.036873169243335724, 0.008153396658599377, 0.008990059606730938, 0.033652715384960175, 0.03811510279774666, 0.02276921644806862, 0.015737853944301605, 0.05549503490328789, 0.01811172254383564, 0.02376720681786537, 0.043163105845451355, 0.015796229243278503, 0.01792742870748043, 0.02740740217268467, 0.01954749971628189, 0.0521906279027462, 0.038746148347854614]","[0.0010000000474974513, 0.9990659952163696]"
187,27,1.60%,3.3177,"[0.033800069242715836, 0.02812808007001877, 0.07264230400323868, 0.07697446644306183, 0.010422454215586185, 0.0630032941699028, 0.05053019896149635, 0.06392727047204971, 0.042155150324106216, 0.045372672379016876, 0.0470869205892086, 0.03879242390394211, 0.008812516927719116, 0.007587336003780365, 0.03264612331986427, 0.034152060747146606, 0.024833470582962036, 0.016327131539583206, 0.047936178743839264, 0.016833165660500526, 0.018741551786661148, 0.05039820820093155, 0.02035374380648136, 0.014823311008512974, 0.030126256868243217, 0.018563812598586082, 0.04825073853135109, 0.03677915781736374]","[0.0013517248444259167, 0.9986483454704285]"
188,3,2.12%,2.6153,"[0.029744692146778107, 0.027783650904893875, 0.07940376549959183, 0.07956436276435852, 0.012742127291858196, 0.046955566853284836, 0.04851849377155304, 0.0628419741988182, 0.044397033751010895, 0.04158671945333481, 0.04718323051929474, 0.03649301826953888, 0.008449812419712543, 0.009055768139660358, 0.033016376197338104, 0.03798215836286545, 0.023807087913155556, 0.016492845490574837, 0.05299971625208855, 0.017803743481636047, 0.023050706833600998, 0.044428542256355286, 0.016234999522566795, 0.017542589455842972, 0.028593502938747406, 0.019086185842752457, 0.054550014436244965, 0.03969132527709007]","[0.0010644476860761642, 0.9989355802536011]"
189,17,2.11%,4.0956,"[0.03420445695519447, 0.027716750279068947, 0.06453198194503784, 0.07467710971832275, 0.01022564060986042, 0.06969396024942398, 0.05073406174778938, 0.06528214365243912, 0.04151015356183052, 0.046843573451042175, 0.049671463668346405, 0.03929727524518967, 0.009265538305044174, 0.007440723478794098, 0.03096550889313221, 0.03329441323876381, 0.02682674117386341, 0.01657530665397644, 0.042473092675209045, 0.01560288853943348, 0.01708497479557991, 0.05395793169736862, 0.023437686264514923, 0.013210768811404705, 0.031364332884550095, 0.01758611761033535, 0.04821184650063515, 0.038313474506139755]","[0.00114559312351048, 0.9988544583320618]"
190,7,2.09%,2.7507,"[0.02929181233048439, 0.027419019490480423, 0.07480919361114502, 0.07940274477005005, 0.012608649209141731, 0.04967935010790825, 0.04904809594154358, 0.0640648826956749, 0.04285798966884613, 0.04213406890630722, 0.04903764650225639, 0.036685992032289505, 0.008806307800114155, 0.008961017243564129, 0.03188367560505867, 0.03744907304644585, 0.02478371001780033, 0.017154578119516373, 0.04923081025481224, 0.01705249771475792, 0.022053346037864685, 0.04648997634649277, 0.01758330874145031, 0.01663387194275856, 0.029591232538223267, 0.01853758841753006, 0.055688582360744476, 0.04106087610125542]","[0.001079225679859519, 0.998920738697052]"
191,16,2.08%,3.6254,"[0.03327887877821922, 0.02725406363606453, 0.06135101243853569, 0.07515224814414978, 0.010581106878817081, 0.0681990310549736, 0.05145137012004852, 0.06746313720941544, 0.040376994758844376, 0.04534711688756943, 0.05209548398852348, 0.03943929448723793, 0.009432431310415268, 0.007594256661832333, 0.02944687381386757, 0.033212222158908844, 0.026857104152441025, 0.017275232821702957, 0.040306854993104935, 0.01510841865092516, 0.01733957976102829, 0.05498422682285309, 0.02449735999107361, 0.013075803406536579, 0.03131281957030296, 0.01712031103670597, 0.05019896849989891, 0.04024781659245491]","[0.0010000000474974513, 0.9993391633033752]"
192,20,2.07%,3.8427,"[0.02952457405626774, 0.02689584717154503, 0.06916765123605728, 0.07817215472459793, 0.012157149612903595, 0.05530001223087311, 0.050886090844869614, 0.0672539472579956, 0.04038887843489647, 0.042902518063783646, 0.050624214112758636, 0.037108227610588074, 0.009175339713692665, 0.008578983135521412, 0.03044815920293331, 0.03561081737279892, 0.026353275403380394, 0.018101278692483902, 0.04443091154098511, 0.016024818643927574, 0.020059773698449135, 0.04995077848434448, 0.020001381635665894, 0.01518637128174305, 0.030993804335594177, 0.017938703298568726, 0.055307786911726, 0.04145653545856476]","[0.0011761984787881374, 0.9988238215446472]"
193,15,2.06%,3.4434,"[0.027614295482635498, 0.026467496529221535, 0.07318706810474396, 0.07964065670967102, 0.01300562359392643, 0.04903114587068558, 0.05021276697516441, 0.06745360791683197, 0.04028257727622986, 0.04122334346175194, 0.04999656230211258, 0.03565157949924469, 0.009030832909047604, 0.009206396527588367, 0.0311043132096529, 0.03694403916597366, 0.026075957342982292, 0.018550895154476166, 0.046412691473960876, 0.016312528401613235, 0.02210395224392414, 0.047219838947057724, 0.017873333767056465, 0.016383744776248932, 0.03065563552081585, 0.018210342153906822, 0.05785028263926506, 0.042298417538404465]","[0.0010000000474974513, 0.9991276264190674]"
194,8,2.05%,3.2487,"[0.028480909764766693, 0.026195907965302467, 0.07057975232601166, 0.07939508557319641, 0.012570167891681194, 0.05092182010412216, 0.05019697919487953, 0.06870604306459427, 0.039837345480918884, 0.04117272049188614, 0.05106470733880997, 0.03583874925971031, 0.009188869036734104, 0.009101338684558868, 0.03114095702767372, 0.03695803880691528, 0.026605628430843353, 0.01860826276242733, 0.0448850616812706, 0.01575271040201187, 0.02200031839311123, 0.048412125557661057, 0.01893565058708191, 0.015696490183472633, 0.03050851821899414, 0.017728617414832115, 0.0566856823861599, 0.04283151775598526]","[0.0010000000474974513, 0.9993149638175964]"
195,7,2.04%,2.6596,"[0.03270338475704193, 0.02586892433464527, 0.06209425628185272, 0.07770063728094101, 0.010828434489667416, 0.06093781441450119, 0.05023447051644325, 0.0710546225309372, 0.03970632702112198, 0.042101819068193436, 0.053971219807863235, 0.03744994103908539, 0.00954211875796318, 0.008322520181536674, 0.030770322307944298, 0.035452116280794144, 0.02787134237587452, 0.01798023097217083, 0.04024071618914604, 0.014177786186337471, 0.02003544196486473, 0.0533914789557457, 0.02362539991736412, 0.013267407193779945, 0.03000045381486416, 0.01648113504052162, 0.05116875469684601, 0.04302092269062996]","[0.0010494834277778864, 0.9989505410194397]"
196,17,2.03%,4.0327,"[0.03215271234512329, 0.025807229802012444, 0.06330825388431549, 0.07847842574119568, 0.01150598470121622, 0.0554894395172596, 0.049387287348508835, 0.07254517823457718, 0.04124026745557785, 0.04020577669143677, 0.05433504655957222, 0.03679728880524635, 0.009370109997689724, 0.008913815021514893, 0.031141191720962524, 0.03686043247580528, 0.02769477292895317, 0.01798313483595848, 0.04124609753489494, 0.014147311449050903, 0.02193828485906124, 0.05101780965924263, 0.022182613611221313, 0.013932994566857815, 0.02915765531361103, 0.016619283705949783, 0.05207044631242752, 0.04447116330265999]","[0.0012853755615651608, 0.9987146258354187]"
197,24,2.02%,3.5389,"[0.03228799253702164, 0.025777414441108704, 0.06183422729372978, 0.07787353545427322, 0.011636856012046337, 0.0554189570248127, 0.04962655529379845, 0.07442547380924225, 0.04114871099591255, 0.03943736106157303, 0.0548100546002388, 0.03691679611802101, 0.00940510630607605, 0.008938043378293514, 0.030735017731785774, 0.036812327802181244, 0.027903160080313683, 0.018299806863069534, 0.040417399257421494, 0.013934195972979069, 0.022141210734844208, 0.05124157667160034, 0.022591443732380867, 0.013864808715879917, 0.028980273753404617, 0.016525711864233017, 0.052077628672122955, 0.044938262552022934]","[0.0010000000474974513, 0.9990479350090027]"
198,23,2.01%,4.0103,"[0.04006686061620712, 0.0280573982745409, 0.05003385618329048, 0.06427084654569626, 0.014928998425602913, 0.03794192150235176, 0.04265401139855385, 0.06723245233297348, 0.048553720116615295, 0.035680778324604034, 0.06536734849214554, 0.03924829512834549, 0.010405375622212887, 0.010146605782210827, 0.03282373026013374, 0.038568802177906036, 0.024772565811872482, 0.01704837754368782, 0.049752186983823776, 0.017245430499315262, 0.02709273062646389, 0.052538350224494934, 0.023952139541506767, 0.017799189314246178, 0.023839276283979416, 0.01465170830488205, 0.05779948830604553, 0.04752759262919426]","[0.0010000000474974513, 1.0]"
199,3,2.50%,2.5785,"[0.029076937586069107, 0.025439482182264328, 0.064710333943367, 0.07740100473165512, 0.012939703650772572, 0.04977685213088989, 0.04958781972527504, 0.07652654498815536, 0.040777675807476044, 0.038504257798194885, 0.05341503396630287, 0.035103507339954376, 0.00931303296238184, 0.009630538523197174, 0.031038688495755196, 0.037559874355793, 0.028425710275769234, 0.01963166706264019, 0.04118554666638374, 0.014214133843779564, 0.023710763081908226, 0.048686299473047256, 0.019990326836705208, 0.015296208672225475, 0.03062092326581478, 0.017005831003189087, 0.05526139959692955, 0.04516992345452309]","[0.0010000000474974513, 0.9990495443344116]"
200,16,2.49%,3.5551,"[0.03156162053346634, 0.025472313165664673, 0.0581015907227993, 0.07642951607704163, 0.01150811742991209, 0.058034587651491165, 0.049876440316438675, 0.07921703159809113, 0.039266712963581085, 0.03929046541452408, 0.05539778247475624, 0.03628696873784065, 0.009646597318351269, 0.008682513609528542, 0.029927819967269897, 0.035793352872133255, 0.02926017716526985, 0.019529463723301888, 0.03744897246360779, 0.013075956143438816, 0.021634401753544807, 0.053481440991163254, 0.02395009994506836, 0.013653174974024296, 0.030751951038837433, 0.01638515666127205, 0.051928434520959854, 0.04440735653042793]","[0.0010000000474974513, 0.9992366433143616]"
201,26,2.48%,2.9013,"[0.02774474397301674, 0.02522437274456024, 0.06495598703622818, 0.0782647505402565, 0.013432527892291546, 0.04808209463953972, 0.0494842529296875, 0.07891836762428284, 0.04040754213929176, 0.0375698059797287, 0.05304025113582611, 0.034393101930618286, 0.009214818477630615, 0.009850126691162586, 0.03042939119040966, 0.037573352456092834, 0.02899789810180664, 0.02035912126302719, 0.04030321538448334, 0.013873538002371788, 0.024343276396393776, 0.047892726957798004, 0.019419321790337563, 0.015942642465233803, 0.03159448504447937, 0.01731022261083126, 0.056115925312042236, 0.0452621765434742]","[0.0012260323856025934, 0.998773992061615]"
202,24,2.46%,3.4145,"[0.02774106152355671, 0.025233754888176918, 0.06150892376899719, 0.07740146666765213, 0.013001855462789536, 0.05232730880379677, 0.04983643814921379, 0.0806163027882576, 0.038856297731399536, 0.03877462446689606, 0.05333196371793747, 0.03433554992079735, 0.00945132877677679, 0.009344713762402534, 0.029374215751886368, 0.036477476358413696, 0.03074028342962265, 0.020820554345846176, 0.03763337805867195, 0.01314406469464302, 0.02248547412455082, 0.05057220533490181, 0.021206121891736984, 0.01495957002043724, 0.033024054020643234, 0.017214858904480934, 0.05615910515189171, 0.044427040964365005]","[0.0011524209985509515, 0.9988476037979126]"
203,22,2.45%,3.8886,"[0.025456231087446213, 0.02489672228693962, 0.06515873223543167, 0.07799088954925537, 0.014165370725095272, 0.04740835726261139, 0.04951372742652893, 0.07978861033916473, 0.03899719938635826, 0.03820578381419182, 0.051832009106874466, 0.03314604237675667, 0.00927066057920456, 0.010005815885961056, 0.02965300716459751, 0.03739709034562111, 0.030751274898648262, 0.02147824503481388, 0.03884942829608917, 0.01358440425246954, 0.023607162758708, 0.04751089587807655, 0.018834874033927917, 0.0162858497351408, 0.03424369543790817, 0.017476161941885948, 0.059572380036115646, 0.04491938650608063]","[0.0010000000474974513, 0.9990002512931824]"
204,25,2.44%,4.0879,"[0.024121351540088654, 0.02447444386780262, 0.06639430671930313, 0.0780448392033577, 0.014749250374734402, 0.045162152498960495, 0.04925612732768059, 0.07919763028621674, 0.038606010377407074, 0.03814493119716644, 0.05131290853023529, 0.032337769865989685, 0.009267513640224934, 0.010360379703342915, 0.02977576293051243, 0.037673573940992355, 0.031123854219913483, 0.02199154905974865, 0.038987379521131516, 0.013672128319740295, 0.023935837671160698, 0.0464387945830822, 0.018126914277672768, 0.01690586470067501, 0.03538217395544052, 0.017376186326146126, 0.06200987845659256, 0.04517045244574547]","[0.001001210417598486, 0.9989988207817078]"
205,1,2.43%,3.7174,"[0.02551259472966194, 0.02432519942522049, 0.05979634448885918, 0.07607701420783997, 0.012770152650773525, 0.05658731237053871, 0.050367411226034164, 0.07973108440637589, 0.03548993542790413, 0.04159334674477577, 0.05208674445748329, 0.03320778161287308, 0.00985824316740036, 0.008957514539361, 0.02858203835785389, 0.035023197531700134, 0.03342343866825104, 0.02249649539589882, 0.034706417471170425, 0.012753935530781746, 0.01980435475707054, 0.05268482118844986, 0.022548733279109, 0.014410433359444141, 0.03797001391649246, 0.01686307042837143, 0.05931179225444794, 0.04306060075759888]","[0.0010000000474974513, 0.999180793762207]"
206,17,2.42%,3.9612,"[0.033867765218019485, 0.03646112233400345, 0.09005878120660782, 0.09051603078842163, 0.010320981964468956, 0.050353191792964935, 0.03192473575472832, 0.12080831825733185, 0.04682515189051628, 0.02996780537068844, 0.037118781358003616, 0.022940870374441147, 0.00474636210128665, 0.007255286909639835, 0.023349983617663383, 0.0239108894020319, 0.033344902098178864, 0.019021648913621902, 0.03547905758023262, 0.005661586299538612, 0.024298448115587234, 0.04171944037079811, 0.019984379410743713, 0.01527889259159565, 0.04485787823796272, 0.05642595514655113, 0.023566512390971184, 0.019935185089707375]","[0.0010000000474974513, 1.0]"
207,9,2.40%,3.3273,"[0.03156013414263725, 0.02821173332631588, 0.0509592667222023, 0.0673658698797226, 0.015980347990989685, 0.039432913064956665, 0.04279015585780144, 0.07260225713253021, 0.04284602776169777, 0.036693718284368515, 0.06120963394641876, 0.035978175699710846, 0.010426880791783333, 0.009872895665466785, 0.029393935576081276, 0.03776770457625389, 0.028435278683900833, 0.02032557502388954, 0.04359519109129906, 0.015419884584844112, 0.02499721385538578, 0.05238448455929756, 0.02357964776456356, 0.01893462985754013, 0.030180510133504868, 0.016285568475723267, 0.0665571540594101, 0.04621328040957451]","[0.0010000000474974513, 1.0]"
208,11,2.39%,3.4715,"[0.024079155176877975, 0.025893116369843483, 0.05889296904206276, 0.0735345184803009, 0.01272789016366005, 0.061891838908195496, 0.050012800842523575, 0.07840409129858017, 0.03322545811533928, 0.04459515959024429, 0.04878358170390129, 0.031588613986968994, 0.010291735641658306, 0.008632569573819637, 0.02793511562049389, 0.03412773087620735, 0.035814668983221054, 0.024462714791297913, 0.03317122161388397, 0.012559901922941208, 0.01745934598147869, 0.05235069617629051, 0.022958150133490562, 0.014014052227139473, 0.041257623583078384, 0.017746759578585625, 0.06157003343105316, 0.04201849550008774]","[0.001034956774674356, 0.9989650249481201]"
209,24,2.38%,3.1953,"[0.02395884320139885, 0.02660888060927391, 0.056888267397880554, 0.07221459597349167, 0.012763584963977337, 0.06262136995792389, 0.048875223845243454, 0.0773831456899643, 0.03352045640349388, 0.04550348222255707, 0.04882162809371948, 0.03148004412651062, 0.01063581369817257, 0.00871782936155796, 0.02814386785030365, 0.03464273363351822, 0.03634257987141609, 0.02462690696120262, 0.03292116895318031, 0.012551792897284031, 0.01744232326745987, 0.052192628383636475, 0.023033566772937775, 0.013965737074613571, 0.0409029945731163, 0.017684530466794968, 0.06267163902521133, 0.04288436099886894]","[0.0011194515973329544, 0.9988805651664734]"
210,10,2.37%,3.0350,"[0.023009933531284332, 0.02750501036643982, 0.05380523204803467, 0.06985320150852203, 0.012784329243004322, 0.06661104410886765, 0.04810994118452072, 0.07553964853286743, 0.032392825931310654, 0.048065148293972015, 0.047957103699445724, 0.031234292313456535, 0.011203622445464134, 0.008480355143547058, 0.027450764551758766, 0.0347667895257473, 0.037501782178878784, 0.025299234315752983, 0.03164980560541153, 0.012604190967977047, 0.016410456970334053, 0.052955057471990585, 0.023532524704933167, 0.01356181688606739, 0.04230990260839462, 0.017677592113614082, 0.064837746322155, 0.04289064183831215]","[0.0010000000474974513, 0.9990097880363464]"
211,2,2.36%,2.7967,"[0.02020903304219246, 0.026957105845212936, 0.06044163182377815, 0.07321052253246307, 0.014617503620684147, 0.05414234846830368, 0.047591034322977066, 0.07593455165624619, 0.03306899964809418, 0.04538021981716156, 0.047544002532958984, 0.03042314015328884, 0.01034059189260006, 0.009195330552756786, 0.02707730419933796, 0.03580637648701668, 0.035954881459474564, 0.02563517540693283, 0.03406555950641632, 0.013094119727611542, 0.018654625862836838, 0.04903794825077057, 0.01978805474936962, 0.01590799354016781, 0.043851565569639206, 0.01899384707212448, 0.07045870274305344, 0.04261790215969086]","[0.0014931930927559733, 0.9985068440437317]"
212,16,2.35%,3.2879,"[0.020511800423264503, 0.02817712165415287, 0.054181426763534546, 0.06929560750722885, 0.01407848484814167, 0.060999203473329544, 0.04642200469970703, 0.07359769940376282, 0.032144732773303986, 0.0487690307199955, 0.048035603016614914, 0.030552400276064873, 0.011371181346476078, 0.008862912654876709, 0.02666369080543518, 0.035968147218227386, 0.03758620098233223, 0.026068199425935745, 0.031946904957294464, 0.012990578077733517, 0.017192987725138664, 0.05120376497507095, 0.021710824221372604, 0.01468835212290287, 0.04431583732366562, 0.018390091136097908, 0.07096855342388153, 0.043306656181812286]","[0.0011315488955006003, 0.9988684058189392]"
213,12,2.34%,4.3876,"[0.021564828231930733, 0.03082534484565258, 0.03890719264745712, 0.058599136769771576, 0.012332195416092873, 0.08636914193630219, 0.04339268058538437, 0.06701391935348511, 0.029794437810778618, 0.058536041527986526, 0.04780353233218193, 0.030436720699071884, 0.014471787959337234, 0.007885921746492386, 0.02552499622106552, 0.03572794795036316, 0.04283128306269646, 0.026297664269804955, 0.02611236460506916, 0.012425274588167667, 0.013236859813332558, 0.05719751492142677, 0.02777409367263317, 0.011169764213263988, 0.04394594579935074, 0.016270572319626808, 0.06911251693964005, 0.04444023221731186]","[0.0015693050809204578, 0.9984307289123535]"
214,26,2.33%,2.6034,"[0.02038787305355072, 0.030240118503570557, 0.0441134087741375, 0.06172556430101395, 0.013071339577436447, 0.07630982249975204, 0.044557392597198486, 0.06779378652572632, 0.03004978410899639, 0.05564136058092117, 0.04778874292969704, 0.030984532088041306, 0.013685191981494427, 0.008111267350614071, 0.025503309443593025, 0.03592453524470329, 0.04073019325733185, 0.026811091229319572, 0.028196830302476883, 0.013226094655692577, 0.01447546947747469, 0.054851215332746506, 0.024930328130722046, 0.012685374356806278, 0.045021746307611465, 0.01723438687622547, 0.07192794978618622, 0.04402133449912071]","[0.0012333738850429654, 0.9987666606903076]"
215,24,2.31%,3.0446,"[0.018949726596474648, 0.028338829055428505, 0.0529552660882473, 0.06666241586208344, 0.013774334453046322, 0.06403502821922302, 0.04629533737897873, 0.06980118900537491, 0.029670102521777153, 0.05170370638370514, 0.047461461275815964, 0.03072250820696354, 0.012292400933802128, 0.008337624371051788, 0.025616765022277832, 0.03498683497309685, 0.03916051983833313, 0.027431994676589966, 0.030663346871733665, 0.013497315347194672, 0.015705501660704613, 0.05264006927609444, 0.022069541737437248, 0.014459645375609398, 0.047463126480579376, 0.018424570560455322, 0.07477209717035294, 0.04210876300930977]","[0.00231874524615705, 0.997681200504303]"
216,14,2.30%,3.7101,"[0.01782834343612194, 0.028027664870023727, 0.05400650203227997, 0.06613802909851074, 0.013337447308003902, 0.06618797779083252, 0.04697207733988762, 0.06748193502426147, 0.027944495901465416, 0.05316249653697014, 0.046439580619335175, 0.031233029440045357, 0.012514876201748848, 0.007808005902916193, 0.02490054816007614, 0.033903539180755615, 0.03861377015709877, 0.028245769441127777, 0.030394215136766434, 0.014190473593771458, 0.014865843579173088, 0.05340544506907463, 0.021686004474759102, 0.014640327543020248, 0.050234582275152206, 0.018604392185807228, 0.07668204605579376, 0.04055057466030121]","[0.0010000000474974513, 0.9992059469223022]"
217,27,2.29%,3.2460,"[0.016774123534560204, 0.02725088596343994, 0.056817468255758286, 0.06666647642850876, 0.013556418940424919, 0.06357283145189285, 0.04727001488208771, 0.06713007390499115, 0.0269248615950346, 0.05333205685019493, 0.045497093349695206, 0.030540626496076584, 0.012321870774030685, 0.0077702971175313, 0.024950126186013222, 0.03326835855841637, 0.03913720324635506, 0.028934136033058167, 0.030580200254917145, 0.014206388033926487, 0.01463966816663742, 0.05300631374120712, 0.02077249065041542, 0.015028370544314384, 0.05315108597278595, 0.018948260694742203, 0.07881875336170197, 0.03913353756070137]","[0.0010000000474974513, 0.9995431900024414]"
218,10,2.28%,3.1031,"[0.01646280288696289, 0.02667495235800743, 0.056927938014268875, 0.06587057560682297, 0.01348210871219635, 0.0637042447924614, 0.047196559607982635, 0.06661143153905869, 0.026320897042751312, 0.05416147783398628, 0.045282214879989624, 0.030139843001961708, 0.012433947995305061, 0.007731280289590359, 0.025106819346547127, 0.03273558244109154, 0.040366172790527344, 0.029325906187295914, 0.029942447319626808, 0.01397590059787035, 0.014109523966908455, 0.05332410708069801, 0.020972048863768578, 0.014744754880666733, 0.0555005706846714, 0.018722381442785263, 0.07927753776311874, 0.03889597952365875]","[0.0010000000474974513, 0.999071478843689]"
219,7,2.27%,2.6864,"[0.01675858348608017, 0.026050692424178123, 0.054408829659223557, 0.06412704288959503, 0.013016757555305958, 0.06610164791345596, 0.046676624566316605, 0.06574517488479614, 0.026058437302708626, 0.05578706040978432, 0.04646160453557968, 0.030074266716837883, 0.012838738039135933, 0.0076567064970731735, 0.025421999394893646, 0.03206575661897659, 0.042069077491760254, 0.02934066392481327, 0.028623860329389572, 0.01354929804801941, 0.013403855264186859, 0.0549958162009716, 0.022350825369358063, 0.013915103860199451, 0.05751845985651016, 0.017951656132936478, 0.07801175862550735, 0.03901972249150276]","[0.0010000000474974513, 0.9994058012962341]"
220,14,2.26%,3.6638,"[0.016759494319558144, 0.025329239666461945, 0.05435118079185486, 0.06382230669260025, 0.013560507446527481, 0.06246441602706909, 0.04630626365542412, 0.06782839447259903, 0.026380319148302078, 0.054835110902786255, 0.047452162951231, 0.029161294922232628, 0.012654833495616913, 0.008067978546023369, 0.025791088119149208, 0.03185774385929108, 0.04401002079248428, 0.029435468837618828, 0.0280363280326128, 0.01272941567003727, 0.013511141762137413, 0.05460057407617569, 0.02264077588915825, 0.013776163570582867, 0.05911565199494362, 0.017717061564326286, 0.0783262625336647, 0.039478741586208344]","[0.0010000000474974513, 0.9994205236434937]"
221,7,2.25%,2.6890,"[0.017322367057204247, 0.024691808968782425, 0.05214608460664749, 0.06244198977947235, 0.013202578760683537, 0.0644012913107872, 0.0459335520863533, 0.06907691806554794, 0.026172928512096405, 0.05562340095639229, 0.04845311865210533, 0.028692875057458878, 0.012801681645214558, 0.008082081563770771, 0.02628769353032112, 0.030951041728258133, 0.04619016870856285, 0.0295085608959198, 0.026599787175655365, 0.011904719285666943, 0.012865561060607433, 0.05602744221687317, 0.02436148375272751, 0.01290769875049591, 0.06119668111205101, 0.017127079889178276, 0.07577020674943924, 0.03925921395421028]","[0.0010000000474974513, 0.9991575479507446]"
222,18,2.24%,3.6064,"[0.017087023705244064, 0.02429765649139881, 0.053389210253953934, 0.06297114491462708, 0.01397643331438303, 0.05935628339648247, 0.04582088813185692, 0.07215210050344467, 0.02652723155915737, 0.053418051451444626, 0.04909415543079376, 0.027990564703941345, 0.01240527257323265, 0.00853718351572752, 0.026644622907042503, 0.03092833235859871, 0.046519845724105835, 0.029733192175626755, 0.026694750413298607, 0.011420732364058495, 0.01342972181737423, 0.05450424179434776, 0.023730676621198654, 0.013364485464990139, 0.061893902719020844, 0.017226969823241234, 0.07704728096723557, 0.039837975054979324]","[0.0010000000474974513, 0.9990724325180054]"
223,21,2.23%,2.9027,"[0.017555376514792442, 0.02411428652703762, 0.05186553671956062, 0.06196823716163635, 0.013825063593685627, 0.060054801404476166, 0.04561726376414299, 0.0735807716846466, 0.026379242539405823, 0.0534115694463253, 0.049851689487695694, 0.027807636186480522, 0.012509634718298912, 0.008526940830051899, 0.02690827287733555, 0.03041256032884121, 0.04745630547404289, 0.02980015054345131, 0.02623886801302433, 0.011028306558728218, 0.013114416971802711, 0.05526109039783478, 0.024818774312734604, 0.012948098592460155, 0.06243543326854706, 0.01690465770661831, 0.07578414678573608, 0.039820797741413116]","[0.0010000000474974513, 0.9993101954460144]"
224,14,2.22%,3.5923,"[0.018046744167804718, 0.023738857358694077, 0.04986373707652092, 0.060791660100221634, 0.013367263600230217, 0.061947982758283615, 0.04551318287849426, 0.07484886050224304, 0.02599170058965683, 0.05366275832056999, 0.05071985349059105, 0.027733134105801582, 0.012679485604166985, 0.00838329829275608, 0.027123596519231796, 0.029454592615365982, 0.04852671176195145, 0.029893292114138603, 0.02542099729180336, 0.010580513626337051, 0.012604295276105404, 0.057226020842790604, 0.026403358206152916, 0.012367763556540012, 0.06342718750238419, 0.01650136522948742, 0.07376805692911148, 0.039413779973983765]","[0.0010000000474974513, 0.9992454051971436]"
225,1,2.21%,3.7553,"[0.017626862972974777, 0.02351491153240204, 0.052755262702703476, 0.06221164017915726, 0.013966131955385208, 0.05531774461269379, 0.04518117010593414, 0.07677295804023743, 0.02658110111951828, 0.05084405094385147, 0.051413532346487045, 0.027376621961593628, 0.012381346896290779, 0.008888729847967625, 0.028441226109862328, 0.03015735000371933, 0.04673723876476288, 0.02993788756430149, 0.027116909623146057, 0.010739319957792759, 0.014079815708100796, 0.05527162179350853, 0.024207506328821182, 0.01356411911547184, 0.06192881241440773, 0.01673099771142006, 0.07589198648929596, 0.040363162755966187]","[0.0011161353904753923, 0.998883843421936]"
226,13,2.20%,4.7332,"[0.017328262329101562, 0.023775512352585793, 0.05587243661284447, 0.06354546546936035, 0.014675046317279339, 0.049066007137298584, 0.04439637437462807, 0.07811439037322998, 0.027583882212638855, 0.048286322504282, 0.05190061032772064, 0.026936760172247887, 0.012024830095469952, 0.00945195835083723, 0.0297845471650362, 0.031239967793226242, 0.044806838035583496, 0.029656242579221725, 0.02926144376397133, 0.010987725108861923, 0.015831919386982918, 0.0527624636888504, 0.02188226766884327, 0.014889512211084366, 0.059647057205438614, 0.01702282764017582, 0.07784602791070938, 0.04142336919903755]","[0.0012164742220193148, 0.9987835884094238]"
227,24,2.19%,2.8152,"[0.019768601283431053, 0.02366333268582821, 0.04494134336709976, 0.058001209050416946, 0.01183606218546629, 0.0681694969534874, 0.04431675374507904, 0.07783449441194534, 0.02530066668987274, 0.05399506539106369, 0.05242682248353958, 0.02736886404454708, 0.0133821377530694, 0.008134952746331692, 0.02933090552687645, 0.02781854011118412, 0.050634369254112244, 0.02971797250211239, 0.023960616439580917, 0.009522090665996075, 0.011763066984713078, 0.0617714524269104, 0.030129939317703247, 0.011044486425817013, 0.06285673379898071, 0.015408094972372055, 0.0680086687207222, 0.038893263787031174]","[0.0010000000474974513, 0.9990500807762146]"
228,9,2.18%,2.9819,"[0.018947573378682137, 0.023769181221723557, 0.048595115542411804, 0.05981815606355667, 0.01285413559526205, 0.05870092287659645, 0.04356610029935837, 0.07904918491840363, 0.026502210646867752, 0.05158725753426552, 0.053008757531642914, 0.026704810559749603, 0.013006230816245079, 0.009063241071999073, 0.031069770455360413, 0.02933991700410843, 0.048629432916641235, 0.02969277650117874, 0.026231929659843445, 0.0098848482593894, 0.013645860366523266, 0.058242615312337875, 0.026371510699391365, 0.012499591335654259, 0.061826929450035095, 0.015739811584353447, 0.07136266678571701, 0.04028940945863724]","[0.0010718329576775432, 0.9989281296730042]"
229,6,2.17%,3.1559,"[0.018274765461683273, 0.023833515122532845, 0.05091888830065727, 0.06054913252592087, 0.01373903639614582, 0.052117861807346344, 0.04257442057132721, 0.07927855849266052, 0.02737182006239891, 0.0506749153137207, 0.05343816801905632, 0.025927362963557243, 0.012758459895849228, 0.009853404015302658, 0.03242965787649155, 0.03048490360379219, 0.04730290547013283, 0.029586881399154663, 0.02802487276494503, 0.010138846933841705, 0.015095720067620277, 0.05572950467467308, 0.02384050376713276, 0.013618712313473225, 0.061254166066646576, 0.015825970098376274, 0.07418671995401382, 0.041170328855514526]","[0.0012037322157993913, 0.9987962245941162]"
230,0,2.16%,4.0068,"[0.018241852521896362, 0.023747196421027184, 0.04889935255050659, 0.05892852321267128, 0.013338124379515648, 0.05471391975879669, 0.04287836328148842, 0.07883885502815247, 0.026453878730535507, 0.05257108062505722, 0.053124696016311646, 0.025568604469299316, 0.013192872516810894, 0.009744076058268547, 0.0328444242477417, 0.029728952795267105, 0.04853354021906853, 0.030030127614736557, 0.027157491073012352, 0.009971261024475098, 0.01428929902613163, 0.057478778064250946, 0.024787336587905884, 0.013039596378803253, 0.06295325607061386, 0.01547657698392868, 0.07321090996265411, 0.04025706276297569]","[0.0011677653528749943, 0.9988322257995605]"
231,16,2.16%,3.0090,"[0.01838252693414688, 0.023624563589692116, 0.048278775066137314, 0.058014798909425735, 0.013247286900877953, 0.05510207265615463, 0.04338739812374115, 0.07879578322172165, 0.026038315147161484, 0.053201109170913696, 0.05290422588586807, 0.025364473462104797, 0.013389654457569122, 0.009830362163484097, 0.033412035554647446, 0.029361490160226822, 0.04900894686579704, 0.03032439947128296, 0.02702968195080757, 0.009975597262382507, 0.014047907665371895, 0.0580795556306839, 0.024996599182486534, 0.012897747568786144, 0.06356369704008102, 0.015266015194356441, 0.07264742255210876, 0.03982754424214363]","[0.0010000000474974513, 0.999164342880249]"
232,26,2.15%,2.6388,"[0.0184631384909153, 0.023350007832050323, 0.04882614314556122, 0.05750187113881111, 0.013608961366117, 0.0527593195438385, 0.04382286220788956, 0.07903442531824112, 0.026281973347067833, 0.05291455239057541, 0.052777573466300964, 0.024979673326015472, 0.013348941691219807, 0.010264177806675434, 0.034330543130636215, 0.02946992591023445, 0.049997638911008835, 0.030391542240977287, 0.027507340535521507, 0.010031027719378471, 0.01427440531551838, 0.05739752948284149, 0.024364745244383812, 0.01304869819432497, 0.0634734109044075, 0.015105384401977062, 0.07272541522979736, 0.039948705583810806]","[0.0010000000474974513, 0.9991245865821838]"
233,6,2.14%,3.1208,"[0.018867142498493195, 0.023186296224594116, 0.044628869742155075, 0.05462437495589256, 0.012807841412723064, 0.05905020236968994, 0.04411911964416504, 0.07753350585699081, 0.024755630642175674, 0.05604633688926697, 0.052094243466854095, 0.0247518178075552, 0.014179050922393799, 0.009755189530551434, 0.03401864692568779, 0.02815861441195011, 0.05355732887983322, 0.030812324956059456, 0.025420553982257843, 0.009630712680518627, 0.012486393563449383, 0.061022110283374786, 0.027147790417075157, 0.011659882962703705, 0.06552741676568985, 0.01449575088918209, 0.07112523913383484, 0.03853759169578552]","[0.0014973462093621492, 0.9985026717185974]"
234,20,2.13%,4.3507,"[0.018081044778227806, 0.022895431146025658, 0.05147641524672508, 0.05697917193174362, 0.015099834650754929, 0.04518789052963257, 0.044900547713041306, 0.07943086326122284, 0.02728608250617981, 0.05076554790139198, 0.05247775837779045, 0.024253029376268387, 0.012941497378051281, 0.011475364677608013, 0.035786863416433334, 0.0302872471511364, 0.0505530908703804, 0.030410636216402054, 0.02935073897242546, 0.010413606651127338, 0.01547109056264162, 0.05402569845318794, 0.021794015541672707, 0.014103109948337078, 0.06231851503252983, 0.01497669517993927, 0.07622002810239792, 0.04103821888566017]","[0.0015969732776284218, 0.998403012752533]"
235,19,2.12%,4.5667,"[0.018834609538316727, 0.022671116515994072, 0.04540304094552994, 0.053623005747795105, 0.013547238893806934, 0.054622549563646317, 0.046216439455747604, 0.07793672382831573, 0.02504301629960537, 0.054772764444351196, 0.05176817998290062, 0.02445591427385807, 0.014124573208391666, 0.01048135757446289, 0.03513513132929802, 0.028227930888533592, 0.054841361939907074, 0.03111390769481659, 0.026099398732185364, 0.009907987900078297, 0.012989748269319534, 0.05959822237491608, 0.02587638422846794, 0.012015804648399353, 0.06495314836502075, 0.014254288747906685, 0.07254397124052048, 0.03894221410155296]","[0.0014572482323274016, 0.9985427856445312]"
236,0,2.11%,3.9729,"[0.019186703488230705, 0.022481538355350494, 0.04260006174445152, 0.05158238857984543, 0.012940384447574615, 0.05922822654247284, 0.047264207154512405, 0.07695578783750534, 0.024062713608145714, 0.05659392848610878, 0.051141560077667236, 0.024541029706597328, 0.014720064587891102, 0.01009867712855339, 0.03490706905722618, 0.027250071987509727, 0.05710170418024063, 0.03140484169125557, 0.024741359055042267, 0.00990130752325058, 0.012005075812339783, 0.062137406319379807, 0.02775704115629196, 0.011136801913380623, 0.06583663821220398, 0.01385426428169012, 0.07069461047649384, 0.03787457197904587]","[0.001652217237278819, 0.998347818851471]"
237,13,2.10%,4.5140,"[0.020334811881184578, 0.02219621278345585, 0.0385618731379509, 0.04885876551270485, 0.01175477635115385, 0.06870335340499878, 0.04841255024075508, 0.07555428892374039, 0.022815484553575516, 0.0593242421746254, 0.05010075494647026, 0.024770915508270264, 0.015428631566464901, 0.009351466782391071, 0.03425663709640503, 0.025695709511637688, 0.060550324618816376, 0.03139924630522728, 0.022531894966959953, 0.009604807011783123, 0.010360090993344784, 0.06599431484937668, 0.03154894337058067, 0.009625328704714775, 0.06660890579223633, 0.013201503083109856, 0.06616034358739853, 0.03629383072257042]","[0.002391613321378827, 0.9976084232330322]"
238,7,2.51%,2.5384,"[0.020148202776908875, 0.022090518847107887, 0.04651876166462898, 0.052759166806936264, 0.014474047347903252, 0.048359666019678116, 0.04859974607825279, 0.0790514200925827, 0.02682066150009632, 0.05178513750433922, 0.052559744566679, 0.02462002821266651, 0.013828039169311523, 0.011862806975841522, 0.03746802359819412, 0.029010562226176262, 0.05501621216535568, 0.030582820996642113, 0.027765341103076935, 0.010744833387434483, 0.014621318317949772, 0.05687940493226051, 0.02427082695066929, 0.012618428096175194, 0.06124962493777275, 0.01375733595341444, 0.07196216285228729, 0.04057517647743225]","[0.0023303634952753782, 0.9976696372032166]"
239,13,2.50%,4.5222,"[0.020927904173731804, 0.021748069673776627, 0.04396400973200798, 0.05109410732984543, 0.013797043822705746, 0.052666161209344864, 0.050338808447122574, 0.07941030710935593, 0.025807000696659088, 0.052792027592659, 0.05187093839049339, 0.02488323114812374, 0.0143095338717103, 0.011569238267838955, 0.03725088760256767, 0.027797836810350418, 0.05733843892812729, 0.030968962237238884, 0.026232531294226646, 0.010644834488630295, 0.013468736782670021, 0.059342727065086365, 0.026359111070632935, 0.01165145356208086, 0.06172239035367966, 0.013404007069766521, 0.0691896602511406, 0.039450034499168396]","[0.003618042217567563, 0.996381938457489]"
240,27,2.49%,3.2562,"[0.021414007991552353, 0.0212763249874115, 0.044580165296792984, 0.05102686583995819, 0.014335667714476585, 0.049090560525655746, 0.051375992596149445, 0.08100812882184982, 0.02654489316046238, 0.050748538225889206, 0.05243627727031708, 0.024867471307516098, 0.014140117913484573, 0.012506889179348946, 0.038345154374837875, 0.028002236038446426, 0.057208992540836334, 0.03087478131055832, 0.02687983773648739, 0.01085719931870699, 0.014353002421557903, 0.05815563350915909, 0.02565656043589115, 0.01203799620270729, 0.06002100184559822, 0.013236175291240215, 0.06886762380599976, 0.040151942521333694]","[0.003738951403647661, 0.9962610602378845]"
241,0,2.48%,3.7841,"[0.021775035187602043, 0.020964981988072395, 0.047709591686725616, 0.05209534242749214, 0.016100414097309113, 0.03971784934401512, 0.05065761134028435, 0.08333265781402588, 0.029643138870596886, 0.046124402433633804, 0.054314471781253815, 0.024639198556542397, 0.013273130171000957, 0.014739950187504292, 0.04045363888144493, 0.029850995168089867, 0.05423782020807266, 0.02988443337380886, 0.02952885441482067, 0.011283386498689651, 0.017564553767442703, 0.05277613550424576, 0.02241646870970726, 0.013737024739384651, 0.0560925230383873, 0.013158924877643585, 0.07025748491287231, 0.04366995766758919]","[0.0051314509473741055, 0.9948685169219971]"
242,27,2.47%,3.1243,"[0.02366834320127964, 0.020363572984933853, 0.04386410489678383, 0.050089359283447266, 0.014902139082551003, 0.045053377747535706, 0.05312098562717438, 0.0836864486336708, 0.02834293805062771, 0.047288019210100174, 0.054026711732149124, 0.025178058072924614, 0.013980119489133358, 0.014276865869760513, 0.04029613360762596, 0.02820192277431488, 0.05819248780608177, 0.030170178040862083, 0.027160165831446648, 0.010935942642390728, 0.015533193945884705, 0.056635983288288116, 0.026016516610980034, 0.012027431279420853, 0.0561433807015419, 0.01257266290485859, 0.06564442813396454, 0.04262849688529968]","[0.005754068959504366, 0.9942459464073181]"
243,6,2.46%,2.9156,"[0.024341393262147903, 0.020238375291228294, 0.04702777415513992, 0.05119013041257858, 0.016987379640340805, 0.03521064668893814, 0.05088867247104645, 0.0856436938047409, 0.032802093774080276, 0.042327169328927994, 0.056570835411548615, 0.024932678788900375, 0.012889293022453785, 0.017121408134698868, 0.04260152950882912, 0.030703432857990265, 0.05396725609898567, 0.02858847938477993, 0.03021283447742462, 0.011300679296255112, 0.019729679450392723, 0.04989277943968773, 0.022163135930895805, 0.014009010046720505, 0.05165109783411026, 0.012431367300450802, 0.06684981286525726, 0.047727350145578384]","[0.01081324927508831, 0.9891867637634277]"
244,13,2.45%,4.1212,"[0.026609793305397034, 0.019387712702155113, 0.04315492510795593, 0.04915514960885048, 0.015500267967581749, 0.0414937362074852, 0.0553223118185997, 0.08632636815309525, 0.030834747478365898, 0.04350481554865837, 0.055525194853544235, 0.025744544342160225, 0.013593512587249279, 0.01631711609661579, 0.041935618966817856, 0.028348686173558235, 0.059097256511449814, 0.029181858524680138, 0.027095414698123932, 0.010892706923186779, 0.016643758863210678, 0.05423900857567787, 0.026536066085100174, 0.011863729916512966, 0.05226193368434906, 0.011874303221702576, 0.06133175268769264, 0.04622773826122284]","[0.019553858786821365, 0.9804461598396301]"
245,8,2.44%,3.4259,"[0.02828599512577057, 0.01846594735980034, 0.04170089215040207, 0.04792523384094238, 0.015008735470473766, 0.043305691331624985, 0.058891311287879944, 0.08728618919849396, 0.02983422391116619, 0.04268277809023857, 0.054706551134586334, 0.02593066915869713, 0.01392375212162733, 0.016740869730710983, 0.04243350401520729, 0.027070118114352226, 0.06211037188768387, 0.029613535851240158, 0.025791378691792488, 0.010695455595850945, 0.015620878897607327, 0.05574460327625275, 0.028813837096095085, 0.01098242774605751, 0.05132586508989334, 0.011445662938058376, 0.057811204344034195, 0.04585229977965355]","[0.012411334551870823, 0.9875887036323547]"
246,6,2.43%,2.7932,"[0.03012603335082531, 0.017996598035097122, 0.04114518687129021, 0.04730484262108803, 0.0154725331813097, 0.04114088416099548, 0.0599515438079834, 0.08857458829879761, 0.03158299997448921, 0.040731336921453476, 0.05528493970632553, 0.02598348818719387, 0.013732045888900757, 0.018229641020298004, 0.043383561074733734, 0.027005350217223167, 0.063304603099823, 0.029043730348348618, 0.025710608810186386, 0.01054530031979084, 0.016139118000864983, 0.05450702831149101, 0.02923918515443802, 0.0108537208288908, 0.049131471663713455, 0.0111879613250494, 0.05537574365735054, 0.047315966337919235]","[0.027565577998757362, 0.972434401512146]"
247,1,2.42%,4.0914,"[0.02941802889108658, 0.018150942400097847, 0.04382799193263054, 0.04751986637711525, 0.01788446307182312, 0.032566070556640625, 0.0572902075946331, 0.08929511159658432, 0.036377228796482086, 0.037242591381073, 0.05704248696565628, 0.02555069513618946, 0.012855742126703262, 0.02171468548476696, 0.04559977725148201, 0.02921142801642418, 0.058144405484199524, 0.028046024963259697, 0.02845177799463272, 0.011132667772471905, 0.02029823325574398, 0.04768822342157364, 0.02405470795929432, 0.012996156699955463, 0.046616051346063614, 0.011195646598935127, 0.05753299966454506, 0.0522957369685173]","[0.04107353463768959, 0.9589264988899231]"
248,10,2.41%,2.9567,"[0.03215814381837845, 0.017362231388688087, 0.04059433937072754, 0.044909607619047165, 0.016106294468045235, 0.04004775732755661, 0.0643826276063919, 0.0901593491435051, 0.032803501933813095, 0.03878846392035484, 0.053428083658218384, 0.025690142065286636, 0.013685007579624653, 0.02029142528772354, 0.044882871210575104, 0.025835784152150154, 0.06720002740621567, 0.02948136441409588, 0.025034232065081596, 0.01052865944802761, 0.01570487767457962, 0.05277308449149132, 0.029521258547902107, 0.010490801185369492, 0.04791295900940895, 0.010931354947388172, 0.051369789987802505, 0.04792593792080879]","[0.021708231419324875, 0.9782918095588684]"
249,25,2.40%,4.5478,"[0.03509674593806267, 0.016754068434238434, 0.03704628720879555, 0.042213499546051025, 0.015063844621181488, 0.04494632035493851, 0.068428173661232, 0.0899471640586853, 0.03136606886982918, 0.03930284455418587, 0.05210752785205841, 0.025574393570423126, 0.014282174408435822, 0.01979023590683937, 0.0443098321557045, 0.023448433727025986, 0.07478078454732895, 0.029849175363779068, 0.02261674590408802, 0.009908070787787437, 0.013192021287977695, 0.05656875669956207, 0.03473220765590668, 0.008883114904165268, 0.047717414796352386, 0.010583281517028809, 0.046339597553014755, 0.04515117034316063]","[0.007947158068418503, 0.9920527935028076]"
250,6,2.39%,2.7614,"[0.0370715856552124, 0.017181135714054108, 0.03666899725794792, 0.042582280933856964, 0.016223490238189697, 0.03926180675625801, 0.06560584902763367, 0.09106361120939255, 0.03622811287641525, 0.036802005022764206, 0.055752288550138474, 0.026016026735305786, 0.013603021390736103, 0.02191391959786415, 0.044625964015722275, 0.024513306096196175, 0.07200022786855698, 0.027904855087399483, 0.023674700409173965, 0.009865834377706051, 0.015165102668106556, 0.053857117891311646, 0.03335133567452431, 0.009460413828492165, 0.04446669667959213, 0.01072484627366066, 0.04597556218504906, 0.048439908772706985]","[0.019594831392169, 0.9804051518440247]"
251,23,2.38%,4.3651,"[0.03677072376012802, 0.017233630642294884, 0.03734307363629341, 0.04248153045773506, 0.01643620990216732, 0.03838656097650528, 0.06705580651760101, 0.09195882827043533, 0.036949895322322845, 0.035984113812446594, 0.05556239187717438, 0.02602377161383629, 0.013435019180178642, 0.022658636793494225, 0.04496423155069351, 0.024131687358021736, 0.07086005061864853, 0.028234414756298065, 0.02383614331483841, 0.010019929148256779, 0.015640566125512123, 0.05271372199058533, 0.03211706504225731, 0.00979273859411478, 0.04459233954548836, 0.011051456443965435, 0.04521738737821579, 0.0485481321811676]","[0.018799690529704094, 0.9812002778053284]"
252,16,2.37%,2.8403,"[0.038177113980054855, 0.01719571277499199, 0.03753465786576271, 0.04244333505630493, 0.016428252682089806, 0.03805515170097351, 0.06775395572185516, 0.09335511922836304, 0.03949712589383125, 0.03513246774673462, 0.0557861402630806, 0.02629908174276352, 0.01281030010432005, 0.02331581339240074, 0.045059408992528915, 0.023555349558591843, 0.07071726769208908, 0.027555612847208977, 0.023626388981938362, 0.009835537523031235, 0.015727050602436066, 0.05154296010732651, 0.03186678886413574, 0.00982373021543026, 0.04443667456507683, 0.011263236403465271, 0.04268630966544151, 0.04851946979761124]","[0.016867320984601974, 0.9831326603889465]"
253,18,2.36%,3.7576,"[0.036823030561208725, 0.01795518398284912, 0.03795439377427101, 0.043603889644145966, 0.01828729547560215, 0.03273799642920494, 0.06484486162662506, 0.0941089615225792, 0.04450349137187004, 0.03285033255815506, 0.05891283601522446, 0.027164634317159653, 0.012069330550730228, 0.025299983099102974, 0.04372214153409004, 0.025598598644137383, 0.06416512280702591, 0.02604174055159092, 0.025022778660058975, 0.010292600840330124, 0.018976079300045967, 0.04741085693240166, 0.0281511303037405, 0.01136558037251234, 0.04212551191449165, 0.011524946428835392, 0.045314908027648926, 0.053171779960393906]","[0.013881898485124111, 0.9861180782318115]"
254,24,2.35%,3.1295,"[0.03569737821817398, 0.018709992989897728, 0.04027897119522095, 0.044685348868370056, 0.020383436232805252, 0.026965009048581123, 0.060837522149086, 0.09294170141220093, 0.049327097833156586, 0.03034260682761669, 0.060485903173685074, 0.0272353645414114, 0.011353617534041405, 0.02797425538301468, 0.04438015818595886, 0.028590742498636246, 0.056540656834840775, 0.024753257632255554, 0.028161251917481422, 0.011063044890761375, 0.023708874359726906, 0.041596412658691406, 0.02332504279911518, 0.013685310259461403, 0.03888911008834839, 0.01165201235562563, 0.048036471009254456, 0.05839943140745163]","[0.010079652070999146, 0.9899203181266785]"
255,22,2.34%,3.8516,"[0.03825470060110092, 0.01860705390572548, 0.03766145184636116, 0.044281672686338425, 0.01616198569536209, 0.03986107185482979, 0.06787160784006119, 0.09641683101654053, 0.04600658267736435, 0.034763235598802567, 0.05724475905299187, 0.028887413442134857, 0.010981868021190166, 0.021662091836333275, 0.04041539132595062, 0.023427005857229233, 0.06495831906795502, 0.025131886824965477, 0.023584522306919098, 0.00995028018951416, 0.015997264534235, 0.04952783137559891, 0.02989785000681877, 0.010306740179657936, 0.045783497393131256, 0.012316867709159851, 0.04099816083908081, 0.04904215782880783]","[0.007961555384099483, 0.9920384287834167]"
256,0,2.33%,3.2789,"[0.03825181722640991, 0.0190073624253273, 0.03731844574213028, 0.04398597031831741, 0.015902362763881683, 0.03960144892334938, 0.06649647653102875, 0.0938955545425415, 0.047424156218767166, 0.03538740426301956, 0.05875429883599281, 0.02941974811255932, 0.010952718555927277, 0.021235788241028786, 0.04010821133852005, 0.02392503432929516, 0.06369227916002274, 0.02448105812072754, 0.024168523028492928, 0.010262682102620602, 0.01617586985230446, 0.049315765500068665, 0.02955630049109459, 0.010466882027685642, 0.04592583701014519, 0.012180984951555729, 0.041742924600839615, 0.05036409571766853]","[0.004848778247833252, 0.9951512217521667]"
257,1,2.33%,3.9621,"[0.03685763105750084, 0.019097696989774704, 0.03904592618346214, 0.043472807854413986, 0.019872093573212624, 0.027069581672549248, 0.06097669526934624, 0.09069228172302246, 0.05131162330508232, 0.03057563491165638, 0.06189047172665596, 0.027713293209671974, 0.01126161776483059, 0.027742162346839905, 0.043795954436063766, 0.028596248477697372, 0.05648326501250267, 0.024043172597885132, 0.028588715940713882, 0.01131796557456255, 0.023440521210432053, 0.0412481464445591, 0.023659033700823784, 0.013715844601392746, 0.03905368968844414, 0.011549248360097408, 0.0471993051469326, 0.05972931906580925]","[0.0034280528780072927, 0.996571958065033]"
258,10,2.32%,2.7843,"[0.038943417370319366, 0.019671758636832237, 0.03840933367609978, 0.043096207082271576, 0.01935930922627449, 0.02791225165128708, 0.060794249176979065, 0.09094423800706863, 0.052839357405900955, 0.03063279017806053, 0.061964601278305054, 0.027855413034558296, 0.011100909672677517, 0.02722076326608658, 0.04326065257191658, 0.028261832892894745, 0.05774665251374245, 0.023539772257208824, 0.028423985466361046, 0.011047258973121643, 0.02266436442732811, 0.04142944514751434, 0.02465977892279625, 0.013172709383070469, 0.038656916469335556, 0.01174864824861288, 0.045271433889865875, 0.05937200039625168]","[0.003389659570530057, 0.9966103434562683]"
259,10,2.31%,2.7399,"[0.04436367005109787, 0.020442433655261993, 0.032700315117836, 0.04102984815835953, 0.016025137156248093, 0.03623667359352112, 0.060424648225307465, 0.08948121219873428, 0.05495382845401764, 0.03408744931221008, 0.0645652785897255, 0.02925112657248974, 0.011404666118323803, 0.02329736389219761, 0.040774766355752945, 0.025864558294415474, 0.06397280097007751, 0.022113030776381493, 0.024916892871260643, 0.010075073689222336, 0.018074005842208862, 0.04716658964753151, 0.03113934025168419, 0.010173737071454525, 0.040007151663303375, 0.011572456918656826, 0.03955153003334999, 0.05633443593978882]","[0.004183219280093908, 0.9958167672157288]"
260,15,2.30%,3.6086,"[0.039741482585668564, 0.019413327798247337, 0.036614567041397095, 0.04194570705294609, 0.02133086323738098, 0.022180873900651932, 0.056417711079120636, 0.08666183054447174, 0.05640435218811035, 0.027851680293679237, 0.06698952615261078, 0.02710057981312275, 0.011353814974427223, 0.03199461102485657, 0.0451359897851944, 0.030625633895397186, 0.05344853922724724, 0.022316496819257736, 0.030336914584040642, 0.011342115700244904, 0.027908632531762123, 0.03826780989766121, 0.023317130282521248, 0.014849504455924034, 0.034296900033950806, 0.010925241746008396, 0.04660303518176079, 0.06462514400482178]","[0.00245981034822762, 0.9975401759147644]"
261,11,2.29%,3.5565,"[0.04356256127357483, 0.01962185651063919, 0.031904350966215134, 0.040589671581983566, 0.019740667194128036, 0.02424456924200058, 0.05374493449926376, 0.08385661989450455, 0.06015077233314514, 0.02931511588394642, 0.07173323631286621, 0.02771274745464325, 0.011854077689349651, 0.031539902091026306, 0.04477612301707268, 0.030764853581786156, 0.0554703064262867, 0.02084636315703392, 0.028338639065623283, 0.010776053182780743, 0.026846542954444885, 0.04064573720097542, 0.02679656259715557, 0.013081636279821396, 0.03361080586910248, 0.010405480861663818, 0.0431315116584301, 0.06493819504976273]","[0.0015492563834413886, 0.998450756072998]"
262,9,2.28%,3.4894,"[0.04861972853541374, 0.019759781658649445, 0.02697056345641613, 0.03920900076627731, 0.017759544774889946, 0.02681160718202591, 0.05006822571158409, 0.08064238727092743, 0.06519370526075363, 0.030776677653193474, 0.07778511941432953, 0.028715061023831367, 0.012264897115528584, 0.030669288709759712, 0.04380476847290993, 0.03090200386941433, 0.05694464594125748, 0.018920935690402985, 0.02590010315179825, 0.009988217614591122, 0.02586841955780983, 0.043304476886987686, 0.031528543680906296, 0.011172905564308167, 0.03255103528499603, 0.009795060381293297, 0.03881324082612991, 0.06526004523038864]","[0.0010000000474974513, 0.9996833205223083]"
263,15,2.27%,3.4434,"[0.04784686863422394, 0.0198359377682209, 0.0289169754832983, 0.04023824632167816, 0.01867515966296196, 0.023459456861019135, 0.04897160083055496, 0.08047898858785629, 0.06504897028207779, 0.02904399298131466, 0.0783982053399086, 0.028328007087111473, 0.011837050318717957, 0.032130077481269836, 0.04458516463637352, 0.032357826828956604, 0.053271546959877014, 0.01885523647069931, 0.027920737862586975, 0.010165520012378693, 0.028764786198735237, 0.040583204478025436, 0.02901478111743927, 0.01249579805880785, 0.031324997544288635, 0.009849422611296177, 0.040532421320676804, 0.06706906855106354]","[0.0010612861951813102, 0.9989387392997742]"
264,16,2.26%,2.9883,"[0.04831534996628761, 0.020150773227214813, 0.02974487841129303, 0.04094826802611351, 0.018950205296278, 0.021237926557660103, 0.04638919234275818, 0.07858051359653473, 0.06645120680332184, 0.027883559465408325, 0.07994192093610764, 0.028317738324403763, 0.011548766866326332, 0.03291251137852669, 0.045149121433496475, 0.03474150970578194, 0.04949154704809189, 0.018121078610420227, 0.02968972735106945, 0.010302947834134102, 0.031885113567113876, 0.03825099393725395, 0.027341820299625397, 0.013451466336846352, 0.02951621450483799, 0.009716727770864964, 0.04139426350593567, 0.06957469880580902]","[0.0010000000474974513, 0.9991880655288696]"
265,5,2.26%,3.9419,"[0.05202564597129822, 0.020355015993118286, 0.02843181975185871, 0.04100668802857399, 0.017912765964865685, 0.020676391199231148, 0.04261644557118416, 0.07583726942539215, 0.07044310867786407, 0.027554232627153397, 0.08354533463716507, 0.02854098565876484, 0.011378894560039043, 0.03291785344481468, 0.045609649270772934, 0.036775290966033936, 0.047768447548151016, 0.0166471004486084, 0.029880385845899582, 0.009853889234364033, 0.0337383970618248, 0.037316516041755676, 0.028126433491706848, 0.013042092323303223, 0.02762300707399845, 0.009310303255915642, 0.03938668221235275, 0.07167936861515045]","[0.0010312977246940136, 0.9989686608314514]"
266,15,2.25%,3.2763,"[0.056284885853528976, 0.020665133371949196, 0.027000857517123222, 0.04093759134411812, 0.016816530376672745, 0.02072043903172016, 0.03884338214993477, 0.07332970201969147, 0.07491976022720337, 0.027442893013358116, 0.08659148216247559, 0.02859106846153736, 0.01115766353905201, 0.03283027932047844, 0.045886505395174026, 0.03890007361769676, 0.0463905930519104, 0.015263054519891739, 0.029592078179121017, 0.00924830511212349, 0.03511236980557442, 0.03612741827964783, 0.029117997735738754, 0.01239896658807993, 0.026103179901838303, 0.008922381326556206, 0.03698040544986725, 0.07382502406835556]","[0.0021031927317380905, 0.9978968501091003]"
267,9,2.24%,3.6228,"[0.05075817555189133, 0.02121030166745186, 0.030554993078112602, 0.041865214705467224, 0.018991664052009583, 0.01902901381254196, 0.04067803919315338, 0.07369881868362427, 0.0707123652100563, 0.026587819680571556, 0.08122982829809189, 0.028517374768853188, 0.010954069904983044, 0.03361857309937477, 0.04534448683261871, 0.04082423448562622, 0.045105207711458206, 0.016304101794958115, 0.03218410164117813, 0.010255444794893265, 0.03670644015073776, 0.0337490513920784, 0.025262733921408653, 0.014483188278973103, 0.026571987196803093, 0.009530993178486824, 0.04122615605592728, 0.07404568791389465]","[0.0010982946259900928, 0.9989017248153687]"
268,17,2.23%,4.2250,"[0.05643448606133461, 0.02177726849913597, 0.027524927631020546, 0.04122691974043846, 0.017666617408394814, 0.01964685693383217, 0.03556868061423302, 0.06908410042524338, 0.07687694579362869, 0.027338342741131783, 0.08418016135692596, 0.028572967275977135, 0.011008912697434425, 0.03369180113077164, 0.04570329934358597, 0.04518532380461693, 0.044032782316207886, 0.01440467406064272, 0.03129102289676666, 0.009543460793793201, 0.038063377141952515, 0.03249280899763107, 0.026891116052865982, 0.013162106275558472, 0.024452097713947296, 0.00887648481875658, 0.0380452498793602, 0.07725726068019867]","[0.0010000000474974513, 0.999487042427063]"
269,12,2.22%,4.4919,"[0.054200105369091034, 0.02224007621407509, 0.028429711237549782, 0.041315339505672455, 0.01816873997449875, 0.0203299168497324, 0.037009820342063904, 0.06950559467077255, 0.07324335724115372, 0.028459234163165092, 0.08153681457042694, 0.028297947719693184, 0.011205332353711128, 0.033283352851867676, 0.045474741607904434, 0.04575740173459053, 0.04556884989142418, 0.015191002748906612, 0.03170328587293625, 0.009837827645242214, 0.036336518824100494, 0.03267331421375275, 0.026331277564167976, 0.013323056511580944, 0.02526911534368992, 0.009112524800002575, 0.03994033858180046, 0.07625537365674973]","[0.0010000000474974513, 0.999154269695282]"
270,15,2.21%,3.1257,"[0.05443830043077469, 0.022650079801678658, 0.027520116418600082, 0.04074080288410187, 0.017975257709622383, 0.021601775661110878, 0.03710560500621796, 0.06839144229888916, 0.07166244834661484, 0.02993139810860157, 0.08078518509864807, 0.028193803504109383, 0.011741814203560352, 0.03273442015051842, 0.04523570090532303, 0.04697321355342865, 0.047472428530454636, 0.015333056449890137, 0.031141426414251328, 0.009829392656683922, 0.0344596691429615, 0.03324802592396736, 0.027209408581256866, 0.012678183615207672, 0.025349175557494164, 0.009012538939714432, 0.040404241532087326, 0.0761810839176178]","[0.0025091359857469797, 0.9974908828735352]"
271,26,2.21%,3.1411,"[0.050574079155921936, 0.023006651550531387, 0.028691759333014488, 0.04070831090211868, 0.018875211477279663, 0.021766357123851776, 0.03880744427442551, 0.06806748360395432, 0.06714947521686554, 0.03106217458844185, 0.07785394042730331, 0.02788614109158516, 0.012257721275091171, 0.03249649330973625, 0.045093778520822525, 0.04782170057296753, 0.048806674778461456, 0.01635959930717945, 0.03204643726348877, 0.01047462411224842, 0.033389270305633545, 0.033539410680532455, 0.025967851281166077, 0.013261249288916588, 0.02623489312827587, 0.009292777627706528, 0.04364510625600815, 0.07486332207918167]","[0.0023400355130434036, 0.9976599812507629]"
272,27,2.20%,2.6178,"[0.04929131641983986, 0.023274632170796394, 0.028609421104192734, 0.04043559357523918, 0.018895845860242844, 0.022595591843128204, 0.0392843596637249, 0.0673324391245842, 0.06411869078874588, 0.032607272267341614, 0.07660549134016037, 0.027417173609137535, 0.012787154875695705, 0.03196399286389351, 0.04505116119980812, 0.04890313372015953, 0.050691261887550354, 0.016846850514411926, 0.03198220208287239, 0.010576513595879078, 0.03190891817212105, 0.034192200750112534, 0.026169156655669212, 0.012980731204152107, 0.02681770920753479, 0.009307067841291428, 0.045460231602191925, 0.07389385998249054]","[0.0012179106706753373, 0.9987820386886597]"
273,13,2.19%,3.4600,"[0.054559845477342606, 0.02333058789372444, 0.025359967723488808, 0.03930458426475525, 0.017218144610524178, 0.024792997166514397, 0.03646739199757576, 0.06451163440942764, 0.06569403409957886, 0.034593407064676285, 0.07912249118089676, 0.027134746313095093, 0.013345896266400814, 0.031331028789281845, 0.044911470264196396, 0.05171946808695793, 0.05317706987261772, 0.015655463561415672, 0.029709139838814735, 0.009614439681172371, 0.030131762847304344, 0.03489217534661293, 0.029842372983694077, 0.010955443605780602, 0.025914419442415237, 0.008615854196250439, 0.04228135943412781, 0.07581283897161484]","[0.0010000000474974513, 0.9992080330848694]"
274,3,2.18%,3.2283,"[0.04579828679561615, 0.022990934550762177, 0.02919107675552368, 0.039875250309705734, 0.01934436522424221, 0.02352319471538067, 0.042046595364809036, 0.06770224869251251, 0.057392291724681854, 0.03486109897494316, 0.07415234297513962, 0.02633919008076191, 0.01353045366704464, 0.03173533082008362, 0.04427166283130646, 0.048429276794195175, 0.055427536368370056, 0.01841830648481846, 0.0313391275703907, 0.010661203414201736, 0.028712071478366852, 0.03569445013999939, 0.02657512202858925, 0.012563075870275497, 0.02896851859986782, 0.009434277191758156, 0.04898614063858986, 0.07203657180070877]","[0.0010000000474974513, 0.9993168711662292]"
275,21,2.17%,3.3322,"[0.045456696301698685, 0.022885970771312714, 0.028744909912347794, 0.04000004008412361, 0.01921815052628517, 0.02430528588593006, 0.04252680391073227, 0.06744308024644852, 0.0558951310813427, 0.03600470721721649, 0.07364150881767273, 0.02585005573928356, 0.013814122416079044, 0.03193560242652893, 0.04358318820595741, 0.048426494002342224, 0.05800400674343109, 0.018691252917051315, 0.030437186360359192, 0.010363269597291946, 0.027238696813583374, 0.036384742707014084, 0.027565503492951393, 0.01191963255405426, 0.029572028666734695, 0.009436280466616154, 0.04925147071480751, 0.07140417397022247]","[0.0010000000474974513, 0.9992433786392212]"
276,5,2.17%,3.7094,"[0.042555857449769974, 0.022965243086218834, 0.029125461354851723, 0.04025118798017502, 0.019810350611805916, 0.024149330332875252, 0.04357348009943962, 0.0671408474445343, 0.05349179357290268, 0.03653941676020622, 0.07250319421291351, 0.025625061243772507, 0.014149289578199387, 0.032065507024526596, 0.0426674410700798, 0.04824085161089897, 0.05863348767161369, 0.019436223432421684, 0.03046131692826748, 0.010626145638525486, 0.026730118319392204, 0.03702259808778763, 0.026915134862065315, 0.01225451473146677, 0.030331481248140335, 0.009635363705456257, 0.0522085465490818, 0.07089069485664368]","[0.0014939922839403152, 0.9985059499740601]"
277,0,2.16%,3.2114,"[0.045179106295108795, 0.023089494556188583, 0.026160603389143944, 0.039895035326480865, 0.018226545304059982, 0.027500934898853302, 0.042251769453287125, 0.0661359652876854, 0.05333736166357994, 0.03917858377099037, 0.07417389750480652, 0.025310447439551353, 0.014722641557455063, 0.031222613528370857, 0.04150509089231491, 0.04857254773378372, 0.06261637806892395, 0.01877695322036743, 0.027753228321671486, 0.00960573460906744, 0.0242867860943079, 0.039279501885175705, 0.03097558207809925, 0.010365098714828491, 0.030598517507314682, 0.00929250381886959, 0.049473050981760025, 0.07051404565572739]","[0.001119912602007389, 0.9988800883293152]"
278,26,2.15%,2.9839,"[0.041805416345596313, 0.023467695340514183, 0.027790158987045288, 0.04040810093283653, 0.019310561940073967, 0.026348676532506943, 0.04336186498403549, 0.06590117514133453, 0.051138535141944885, 0.038544829934835434, 0.07175896316766739, 0.025361860170960426, 0.014889783225953579, 0.03154129907488823, 0.04133082553744316, 0.04927283525466919, 0.06027750298380852, 0.019717443734407425, 0.02919401042163372, 0.010392749682068825, 0.025202585384249687, 0.0384274497628212, 0.028122952207922935, 0.011569821275770664, 0.0307764932513237, 0.00962900836020708, 0.053633689880371094, 0.07082364708185196]","[0.0017454252811148763, 0.9982545971870422]"
279,9,2.14%,3.1973,"[0.03931643068790436, 0.0236261785030365, 0.029151206836104393, 0.04079347476363182, 0.020086342468857765, 0.02565101347863674, 0.04424462839961052, 0.06545814126729965, 0.04901965707540512, 0.0383916012942791, 0.06947915256023407, 0.025137227028608322, 0.015042643994092941, 0.031772930175065994, 0.04124786704778671, 0.049785878509283066, 0.05927504971623421, 0.02050541341304779, 0.030208241194486618, 0.010942468419671059, 0.025504086166620255, 0.03787761181592941, 0.026208236813545227, 0.012394136749207973, 0.031075796112418175, 0.009859360754489899, 0.05736085772514343, 0.07058440148830414]","[0.0014046205906197429, 0.9985954165458679]"
280,16,2.14%,2.7761,"[0.040039028972387314, 0.0237747710198164, 0.02815479412674904, 0.04082321748137474, 0.01911834441125393, 0.02781021036207676, 0.04395396634936333, 0.06466922163963318, 0.0475417859852314, 0.040640752762556076, 0.06919123977422714, 0.024809997528791428, 0.015512350015342236, 0.030942976474761963, 0.04099930450320244, 0.050051767379045486, 0.06118500232696533, 0.020524099469184875, 0.029187671840190887, 0.010570183396339417, 0.023982275277376175, 0.0392133891582489, 0.027734300121665, 0.01150161400437355, 0.031559474766254425, 0.009733670391142368, 0.05713420733809471, 0.06964030116796494]","[0.0010000000474974513, 0.9990671277046204]"
281,21,2.13%,3.2141,"[0.03967393934726715, 0.023939091712236404, 0.027597829699516296, 0.04064570367336273, 0.018578989431262016, 0.029687199741601944, 0.04413609951734543, 0.06377104669809341, 0.04559420421719551, 0.04273408278822899, 0.06803019344806671, 0.024490011855959892, 0.016030266880989075, 0.030123665928840637, 0.04064536467194557, 0.050061292946338654, 0.06356215476989746, 0.0208315160125494, 0.028477903455495834, 0.010447904467582703, 0.022521262988448143, 0.040343593806028366, 0.028557177633047104, 0.010953904129564762, 0.03221525251865387, 0.009702339768409729, 0.05809508264064789, 0.06855294108390808]","[0.0010000000474974513, 0.999025285243988]"
282,18,2.12%,3.6158,"[0.03942008689045906, 0.02406979724764824, 0.026600703597068787, 0.04040026292204857, 0.017634138464927673, 0.032319650053977966, 0.044359948486089706, 0.06269311159849167, 0.04327007755637169, 0.04512130096554756, 0.06742163002490997, 0.024377895519137383, 0.016763167455792427, 0.028780275955796242, 0.04017172381281853, 0.04963124915957451, 0.06568391621112823, 0.021113645285367966, 0.027506262063980103, 0.010310372337698936, 0.020975643768906593, 0.042519960552453995, 0.030029233545064926, 0.01031068991869688, 0.03285423666238785, 0.009612434543669224, 0.058866746723651886, 0.06718176603317261]","[0.0010000000474974513, 0.9991025328636169]"
283,2,2.11%,3.6755,"[0.03860704228281975, 0.02443971298635006, 0.026448339223861694, 0.04025715962052345, 0.017296694219112396, 0.03375893831253052, 0.04463468864560127, 0.06174845993518829, 0.04154355451464653, 0.046693067997694016, 0.06615515053272247, 0.024277620017528534, 0.01726369373500347, 0.0278136245906353, 0.03990339860320091, 0.04937537759542465, 0.06641048192977905, 0.02151324227452278, 0.02770533226430416, 0.010484925471246243, 0.020109044387936592, 0.043779756873846054, 0.03008330427110195, 0.01022651232779026, 0.033155374228954315, 0.009691042825579643, 0.0606546625494957, 0.06596971303224564]","[0.0010000000474974513, 0.9990681409835815]"
284,22,2.11%,3.6163,"[0.04035976156592369, 0.025035729631781578, 0.024678336456418037, 0.03985811769962311, 0.015374531038105488, 0.0401882603764534, 0.04453663155436516, 0.06072226166725159, 0.03922691568732262, 0.050479233264923096, 0.06527837365865707, 0.02425168640911579, 0.018133878707885742, 0.025323031470179558, 0.03879404440522194, 0.04825717210769653, 0.06962147355079651, 0.021435031667351723, 0.025918111205101013, 0.009878858923912048, 0.017558319494128227, 0.047060467302799225, 0.03396046534180641, 0.008831408806145191, 0.033615946769714355, 0.009593861177563667, 0.058410897850990295, 0.06361721456050873]","[0.001199356629513204, 0.9988006353378296]"
285,19,2.10%,4.5160,"[0.03728795051574707, 0.025023525580763817, 0.027112459763884544, 0.04038096219301224, 0.0168945100158453, 0.03549714758992195, 0.04470442980527878, 0.059805963188409805, 0.03915238752961159, 0.04933179169893265, 0.06377017498016357, 0.023890560492873192, 0.017820455133914948, 0.026524145156145096, 0.03941486403346062, 0.049400076270103455, 0.06744766980409622, 0.022025294601917267, 0.028435328975319862, 0.01076266635209322, 0.018857011571526527, 0.04525190219283104, 0.029996655881404877, 0.010133272968232632, 0.033597420901060104, 0.009865851141512394, 0.06370101869106293, 0.06391454488039017]","[0.0010000000474974513, 0.9991061091423035]"
286,5,2.09%,3.4453,"[0.03703702241182327, 0.025198733434081078, 0.02708190307021141, 0.04017375037074089, 0.016507111489772797, 0.03672482445836067, 0.04468473792076111, 0.058511704206466675, 0.03808335214853287, 0.050920408219099045, 0.06288223713636398, 0.023793421685695648, 0.018233560025691986, 0.025806784629821777, 0.03934783488512039, 0.04932001233100891, 0.06805621832609177, 0.022167690098285675, 0.02865583263337612, 0.011053424328565598, 0.018165595829486847, 0.046275943517684937, 0.030458662658929825, 0.009957008995115757, 0.033693499863147736, 0.009846648201346397, 0.06455092132091522, 0.06281118839979172]","[0.0011713741114363074, 0.998828649520874]"
287,7,2.08%,2.8560,"[0.03640007600188255, 0.025446977466344833, 0.027402039617300034, 0.04011579975485802, 0.016244275495409966, 0.03818875923752785, 0.04480874910950661, 0.05757101997733116, 0.036920931190252304, 0.05247030407190323, 0.061459943652153015, 0.02361350879073143, 0.01852244697511196, 0.025137757882475853, 0.03929341956973076, 0.04931378364562988, 0.06839169561862946, 0.022458553314208984, 0.02896837145090103, 0.011371415108442307, 0.017564067617058754, 0.04686443880200386, 0.03039906546473503, 0.009892173111438751, 0.034026939421892166, 0.009908785112202168, 0.065615214407444, 0.06162945181131363]","[0.0010000000474974513, 0.9990213513374329]"
288,13,2.08%,3.6849,"[0.03675024211406708, 0.025835158303380013, 0.027004066854715347, 0.03991272300481796, 0.015431969426572323, 0.04175136983394623, 0.04509282112121582, 0.05745665356516838, 0.035585034638643265, 0.054562829434871674, 0.06014515459537506, 0.023527586832642555, 0.01888349838554859, 0.023918408900499344, 0.03884357586503029, 0.048557452857494354, 0.06948164850473404, 0.02267119102180004, 0.028427565470337868, 0.011344819329679012, 0.016392963007092476, 0.048221103847026825, 0.031726304441690445, 0.009370723739266396, 0.03442512825131416, 0.009957592003047466, 0.06477046757936478, 0.059951912611722946]","[0.0010025097290053964, 0.9989975094795227]"
289,0,2.07%,3.3516,"[0.035500746220350266, 0.025633040815591812, 0.028517652302980423, 0.04031939059495926, 0.016114618629217148, 0.039437729865312576, 0.04569011926651001, 0.05785727500915527, 0.035387732088565826, 0.05337889492511749, 0.0591871440410614, 0.02337639406323433, 0.018574245274066925, 0.024775084108114243, 0.03917189687490463, 0.048945240676403046, 0.06815274804830551, 0.02306888811290264, 0.029730377718806267, 0.011902439408004284, 0.017062315717339516, 0.04712077975273132, 0.02982511557638645, 0.01003011129796505, 0.03429300710558891, 0.010100298561155796, 0.06691315770149231, 0.05993355065584183]","[0.0010276335524395108, 0.9989723563194275]"
290,5,2.06%,3.3231,"[0.03535357490181923, 0.025464670732617378, 0.029684947803616524, 0.04060865193605423, 0.016502559185028076, 0.03805045783519745, 0.04613596946001053, 0.05825166776776314, 0.03533654659986496, 0.052385684102773666, 0.05836706608533859, 0.02330130524933338, 0.018290644511580467, 0.02541518025100231, 0.039527371525764465, 0.04927866905927658, 0.06719112396240234, 0.02325970120728016, 0.03076302818953991, 0.0123092420399189, 0.01753718964755535, 0.046270836144685745, 0.02870163507759571, 0.010456031188368797, 0.03392813354730606, 0.010185765102505684, 0.0676591768860817, 0.0597832165658474]","[0.0011243849294260144, 0.998875617980957]"
291,1,2.05%,3.6652,"[0.035740043967962265, 0.025575002655386925, 0.030026160180568695, 0.04067718982696533, 0.01624743640422821, 0.03958858549594879, 0.04650609940290451, 0.05847586691379547, 0.034870754927396774, 0.05293147265911102, 0.057151708751916885, 0.023228472098708153, 0.0182824544608593, 0.02529418095946312, 0.039632197469472885, 0.04919510707259178, 0.06727194041013718, 0.023419050499796867, 0.030869225040078163, 0.012442194856703281, 0.017181923612952232, 0.04623839259147644, 0.028732487931847572, 0.01033592689782381, 0.033917490392923355, 0.01024094969034195, 0.06695309281349182, 0.058974459767341614]","[0.001464168424718082, 0.9985358715057373]"
292,10,2.05%,2.8875,"[0.037914540618658066, 0.026520181447267532, 0.028429634869098663, 0.040156763046979904, 0.014893480576574802, 0.0462755411863327, 0.046388890594244, 0.05824720114469528, 0.03396635502576828, 0.055951714515686035, 0.05567951500415802, 0.023177340626716614, 0.018767263740301132, 0.023815158754587173, 0.03891747444868088, 0.04833802580833435, 0.06969835609197617, 0.02322525903582573, 0.02926626428961754, 0.011938950046896935, 0.015375331044197083, 0.04793291538953781, 0.031555164605379105, 0.00914126168936491, 0.03393332660198212, 0.010239515453577042, 0.06321991980075836, 0.05703466385602951]","[0.0013754527317360044, 0.9986245632171631]"
293,19,2.04%,4.3956,"[0.03902244567871094, 0.027031291276216507, 0.02765096351504326, 0.0398593433201313, 0.014259079471230507, 0.04977720230817795, 0.04613867029547691, 0.05811108648777008, 0.033554524183273315, 0.057300861924886703, 0.0553584098815918, 0.0231164637953043, 0.01897796429693699, 0.023224586620926857, 0.038523171097040176, 0.04782700166106224, 0.07052330672740936, 0.023088306188583374, 0.028560027480125427, 0.011729749850928783, 0.014647454023361206, 0.04875863716006279, 0.03295896202325821, 0.008642220869660378, 0.03383238613605499, 0.01023451704531908, 0.06135711073875427, 0.05593423545360565]","[0.0012817791430279613, 0.9987182021141052]"
294,15,2.03%,3.0140,"[0.03724559769034386, 0.027173219248652458, 0.029975714161992073, 0.04047397896647453, 0.015312958508729935, 0.045248765498399734, 0.04661092907190323, 0.058532509952783585, 0.033971719443798065, 0.0551031194627285, 0.05497805401682854, 0.02320249006152153, 0.018417948856949806, 0.02426377683877945, 0.03920464590191841, 0.04897478222846985, 0.06708704680204391, 0.023519417271018028, 0.03083028644323349, 0.01284592505544424, 0.01601661741733551, 0.046576038002967834, 0.029397835955023766, 0.009807933121919632, 0.03358108550310135, 0.010468048974871635, 0.064509317278862, 0.056670237332582474]","[0.00122853834182024, 0.9987714290618896]"
295,2,2.03%,3.5331,"[0.03653249889612198, 0.027467336505651474, 0.03137708827853203, 0.04082125425338745, 0.015909390524029732, 0.04284549504518509, 0.046412549912929535, 0.05839620158076286, 0.03429702669382095, 0.053800709545612335, 0.054595865309238434, 0.023248368874192238, 0.018094612285494804, 0.024873942136764526, 0.03962453827261925, 0.05065075308084488, 0.06457176059484482, 0.023549504578113556, 0.03247890621423721, 0.013672645203769207, 0.017006056383252144, 0.04498068615794182, 0.027349475771188736, 0.010555211454629898, 0.03293680027127266, 0.010579124093055725, 0.0661897361278534, 0.05718241259455681]","[0.0012397810351103544, 0.9987602233886719]"
296,25,2.02%,4.5415,"[0.037824325263500214, 0.028176307678222656, 0.031101899221539497, 0.04071115702390671, 0.015182586386799812, 0.046440836042165756, 0.04627806693315506, 0.058031387627124786, 0.033883415162563324, 0.055210378021001816, 0.05369866266846657, 0.023333746939897537, 0.01826472394168377, 0.024032864719629288, 0.03929724171757698, 0.05105127394199371, 0.0649670884013176, 0.02337338775396347, 0.032033514231443405, 0.013721379451453686, 0.01621561497449875, 0.045350756496191025, 0.028310449793934822, 0.009997700341045856, 0.032649487257003784, 0.010633857920765877, 0.0640384778380394, 0.0561893954873085]","[0.001437496510334313, 0.9985625147819519]"
297,21,2.01%,3.1210,"[0.037251099944114685, 0.028734400868415833, 0.03297840803861618, 0.04129762202501297, 0.015485343523323536, 0.04534349963068962, 0.04640614613890648, 0.05818307399749756, 0.03393241763114929, 0.05436335504055023, 0.05270296335220337, 0.023401040583848953, 0.017828186973929405, 0.024036677554249763, 0.03933977335691452, 0.052185360342264175, 0.06286005675792694, 0.023498021066188812, 0.03351275622844696, 0.014442539773881435, 0.016762740910053253, 0.04400854557752609, 0.026585422456264496, 0.010561208240687847, 0.03231944888830185, 0.011060944758355618, 0.06493796408176422, 0.0559810996055603]","[0.0015309822047129273, 0.9984690546989441]"
298,0,2.01%,3.2549,"[0.03586042672395706, 0.02891610562801361, 0.035400934517383575, 0.042051974684000015, 0.01605883799493313, 0.04230799525976181, 0.04660692811012268, 0.05829756334424019, 0.03389069810509682, 0.052614692598581314, 0.05224544182419777, 0.023477809503674507, 0.017328491434454918, 0.024310806766152382, 0.03952983021736145, 0.05316343158483505, 0.059811320155858994, 0.023721817880868912, 0.03561515361070633, 0.015407416969537735, 0.017889508977532387, 0.04291054233908653, 0.024359792470932007, 0.011593815870583057, 0.03195557743310928, 0.011458032764494419, 0.06724105030298233, 0.055974025279283524]","[0.0018280023941770196, 0.9981719851493835]"
299,25,2.00%,4.4627,"[0.03852282464504242, 0.0298335961997509, 0.03361498564481735, 0.041633665561676025, 0.014777091331779957, 0.048549801111221313, 0.04636889696121216, 0.057908106595277786, 0.03345058858394623, 0.055079538375139236, 0.051499322056770325, 0.02359115518629551, 0.017794782295823097, 0.022995801642537117, 0.03883018717169762, 0.05280483141541481, 0.06188025325536728, 0.023331331089138985, 0.033903397619724274, 0.014899715781211853, 0.016295410692691803, 0.04468529671430588, 0.02678912878036499, 0.010284073650836945, 0.03158936649560928, 0.011610294692218304, 0.06308647990226746, 0.05439002811908722]","[0.002258042339235544, 0.9977419376373291]"
300,6,1.99%,3.0738,"[0.04020530730485916, 0.030723905190825462, 0.0329180471599102, 0.0415082722902298, 0.01399655919522047, 0.05346996337175369, 0.04638028144836426, 0.05769442021846771, 0.03307238593697548, 0.05663873255252838, 0.0503222718834877, 0.023669585585594177, 0.017960932105779648, 0.02197364531457424, 0.03810250014066696, 0.05256079509854317, 0.06289014220237732, 0.023112734779715538, 0.03303211182355881, 0.014732974581420422, 0.015262790024280548, 0.045633718371391296, 0.02809060364961624, 0.009549839422106743, 0.03123055398464203, 0.012036697007715702, 0.06034224107861519, 0.05288797244429588]","[0.0028489220421761274, 0.9971510767936707]"
301,24,1.99%,3.4673,"[0.04009009525179863, 0.03104209527373314, 0.034214526414871216, 0.04188550263643265, 0.013914216309785843, 0.05428626760840416, 0.047773078083992004, 0.05810099467635155, 0.03255992755293846, 0.056207284331321716, 0.049136023968458176, 0.02385570853948593, 0.017712116241455078, 0.02154105342924595, 0.037876542657613754, 0.052279043942689896, 0.061880938708782196, 0.023428577929735184, 0.03364897519350052, 0.015273344703018665, 0.015189926140010357, 0.04550570622086525, 0.02733467146754265, 0.009728960692882538, 0.03119044564664364, 0.012584219686686993, 0.05994797125458717, 0.05181172490119934]","[0.0014845579862594604, 0.9985154867172241]"
302,14,1.98%,3.3047,"[0.04018404707312584, 0.031454961746931076, 0.03467041999101639, 0.04187556356191635, 0.013469832018017769, 0.05730760470032692, 0.04880692437291145, 0.058292511850595474, 0.03165416046977043, 0.057006388902664185, 0.04802078381180763, 0.023912811651825905, 0.01767531782388687, 0.020701197907328606, 0.03747472167015076, 0.051448602229356766, 0.061566419899463654, 0.023764606565237045, 0.0334378257393837, 0.015490366145968437, 0.014610126614570618, 0.04602113366127014, 0.027415985241532326, 0.009563312865793705, 0.031852684915065765, 0.013019212521612644, 0.058933939784765244, 0.050368521362543106]","[0.0010289575438946486, 0.9989710450172424]"
303,23,1.97%,4.6492,"[0.04039552062749863, 0.03175186365842819, 0.035471294075250626, 0.042035773396492004, 0.013045220635831356, 0.058879751712083817, 0.04925598204135895, 0.05835091322660446, 0.030925987288355827, 0.05746364966034889, 0.047337714582681656, 0.02379559725522995, 0.0175981093198061, 0.02011089026927948, 0.037982068955898285, 0.0510575994849205, 0.06049157679080963, 0.024011919274926186, 0.03384720906615257, 0.01570717804133892, 0.014425471425056458, 0.04622902721166611, 0.02710946835577488, 0.009579572826623917, 0.03223264962434769, 0.013322299346327782, 0.05828326568007469, 0.0493023507297039]","[0.0010014245053753257, 0.9989985823631287]"
304,5,2.30%,2.9178,"[0.04137617349624634, 0.032349519431591034, 0.03557327017188072, 0.04198198765516281, 0.012039505876600742, 0.0641372948884964, 0.04942640662193298, 0.05830417200922966, 0.02974022552371025, 0.05923881009221077, 0.04640139639377594, 0.02361619845032692, 0.017647521570324898, 0.018789011985063553, 0.03828873485326767, 0.049856431782245636, 0.059903115034103394, 0.024210309609770775, 0.0334973968565464, 0.01552877388894558, 0.01360276434570551, 0.047221262007951736, 0.027792947366833687, 0.009271202608942986, 0.03290082886815071, 0.01360401138663292, 0.05623245984315872, 0.04746822640299797]","[0.0010000000474974513, 0.9990147352218628]"
305,4,2.29%,4.4173,"[0.0379154235124588, 0.03171485289931297, 0.041908618062734604, 0.04391377046704292, 0.013747935183346272, 0.051386889070272446, 0.05072679743170738, 0.05964599549770355, 0.03073727712035179, 0.053299736231565475, 0.046639248728752136, 0.024208510294556618, 0.016159310936927795, 0.02005848102271557, 0.03944987431168556, 0.05151599273085594, 0.053400199860334396, 0.024753963574767113, 0.03863370046019554, 0.017692139372229576, 0.016468608751893044, 0.0435606949031353, 0.022488068789243698, 0.012133956886827946, 0.03276744484901428, 0.014236829243600368, 0.06185563653707504, 0.04898004233837128]","[0.001317845657467842, 0.9986821413040161]"
306,8,2.28%,3.5021,"[0.03946765512228012, 0.032672218978405, 0.040740448981523514, 0.0434124656021595, 0.01275879517197609, 0.059750474989414215, 0.05108865350484848, 0.05973348766565323, 0.029553918167948723, 0.05603300407528877, 0.045105207711458206, 0.024099024012684822, 0.016377849504351616, 0.018502037972211838, 0.03910892456769943, 0.05000848323106766, 0.054530028253793716, 0.024915166199207306, 0.036830365657806396, 0.017082687467336655, 0.014761555939912796, 0.04485396668314934, 0.024006281048059464, 0.011101794429123402, 0.03368275612592697, 0.01457542460411787, 0.058367546647787094, 0.046879809349775314]","[0.0012864340096712112, 0.9987135529518127]"
307,15,2.27%,2.9950,"[0.041470590978860855, 0.03339739888906479, 0.040398966521024704, 0.04317547380924225, 0.011958271265029907, 0.06733348220586777, 0.051451899111270905, 0.06088297814130783, 0.029172809794545174, 0.057650838047266006, 0.04387401416897774, 0.023993151262402534, 0.01597750000655651, 0.01712525449693203, 0.03841530904173851, 0.04796948656439781, 0.055816154927015305, 0.024885207414627075, 0.03518476337194443, 0.016145268455147743, 0.013331383466720581, 0.045694030821323395, 0.025492440909147263, 0.010216997936367989, 0.03494749590754509, 0.015089476481080055, 0.05424237251281738, 0.044707030057907104]","[0.0010000000474974513, 0.999090850353241]"
308,17,2.27%,3.6951,"[0.03892944008111954, 0.033002644777297974, 0.04433596134185791, 0.04410052299499512, 0.014049005694687366, 0.05550627410411835, 0.05196546018123627, 0.06120675429701805, 0.03115965612232685, 0.05276540666818619, 0.04406614229083061, 0.024533385410904884, 0.015141493640840054, 0.018826799467206, 0.03910798206925392, 0.05076184868812561, 0.05180877447128296, 0.0248591136187315, 0.039066143333911896, 0.018055090680718422, 0.015739215537905693, 0.04239349439740181, 0.021601270884275436, 0.01251818984746933, 0.03368973731994629, 0.015473268926143646, 0.05865657702088356, 0.046680301427841187]","[0.0010000000474974513, 0.9991134405136108]"
309,23,2.26%,4.4916,"[0.04040456935763359, 0.03400075435638428, 0.04353253170847893, 0.043718647211790085, 0.013477960601449013, 0.06132355332374573, 0.051900364458560944, 0.061823055148124695, 0.030746780335903168, 0.0541982501745224, 0.042979635298252106, 0.02438725344836712, 0.0150452246889472, 0.01778840646147728, 0.03845878317952156, 0.05008062347769737, 0.05273366719484329, 0.025029007345438004, 0.037648823112249374, 0.017326535657048225, 0.014546077698469162, 0.04284171760082245, 0.022662417963147163, 0.01173305232077837, 0.03438456729054451, 0.015881141647696495, 0.05599980056285858, 0.04534680396318436]","[0.0015693368623033166, 0.9984306693077087]"
310,9,2.25%,2.9409,"[0.04139130190014839, 0.03518558666110039, 0.043627552688121796, 0.04358846694231033, 0.013308324851095676, 0.06529562175273895, 0.05203907936811447, 0.06299098581075668, 0.030531777068972588, 0.05427055060863495, 0.041853517293930054, 0.02452779747545719, 0.014654573984444141, 0.01685412973165512, 0.03741660341620445, 0.04970249533653259, 0.05251222103834152, 0.02519356645643711, 0.03697817027568817, 0.016962895169854164, 0.013864720240235329, 0.04258936271071434, 0.023049362003803253, 0.01159306988120079, 0.03487379848957062, 0.016524340957403183, 0.05431747809052467, 0.044302646070718765]","[0.0014225157210603356, 0.9985774755477905]"
311,6,2.24%,2.9469,"[0.04062318056821823, 0.03591442108154297, 0.04450593888759613, 0.04358001425862312, 0.013477102853357792, 0.0672072023153305, 0.05235675349831581, 0.06339921057224274, 0.030029235407710075, 0.05470825359225273, 0.04055950045585632, 0.024611767381429672, 0.0144005436450243, 0.016302557662129402, 0.03682770952582359, 0.0498310849070549, 0.05141774192452431, 0.025646239519119263, 0.03702259436249733, 0.01726151816546917, 0.013652767054736614, 0.04192940890789032, 0.022404687479138374, 0.011965662240982056, 0.03555603325366974, 0.017076022922992706, 0.05429412052035332, 0.04343872889876366]","[0.0010000000474974513, 0.9992507100105286]"
312,6,2.24%,2.9296,"[0.039116181433200836, 0.03543252870440483, 0.046705957502126694, 0.04367724433541298, 0.014015929773449898, 0.06505721807479858, 0.05394195765256882, 0.06322340667247772, 0.030007317662239075, 0.05413244292140007, 0.03960651531815529, 0.024759165942668915, 0.014143223874270916, 0.016539933159947395, 0.03746936470270157, 0.04973304644227028, 0.04955513775348663, 0.02632216177880764, 0.03830466791987419, 0.01836518570780754, 0.014059657230973244, 0.040813591331243515, 0.020773576572537422, 0.01298545766621828, 0.03592577576637268, 0.01725415140390396, 0.05504640191793442, 0.04303278774023056]","[0.0010000000474974513, 0.9993910193443298]"
313,17,2.23%,3.5972,"[0.038277387619018555, 0.03648259863257408, 0.044768624007701874, 0.042904436588287354, 0.012709030881524086, 0.07895850390195847, 0.05634027346968651, 0.06357110291719437, 0.026989830657839775, 0.057211074978113174, 0.03740847483277321, 0.02509789727628231, 0.014480468817055225, 0.014331122860312462, 0.03543427586555481, 0.04693712666630745, 0.04931626096367836, 0.027430905029177666, 0.03512906655669212, 0.017982928082346916, 0.012168992310762405, 0.042623069137334824, 0.022252177819609642, 0.012042079120874405, 0.03820209950208664, 0.017897233366966248, 0.05290762707591057, 0.040145330131053925]","[0.0010815206915140152, 0.9989184737205505]"
314,25,2.22%,4.0254,"[0.03657415509223938, 0.03605595603585243, 0.04522235691547394, 0.04239149019122124, 0.013077894225716591, 0.078327976167202, 0.058645717799663544, 0.0630265399813652, 0.026320982724428177, 0.056969452649354935, 0.036756258457899094, 0.02539791353046894, 0.01469311024993658, 0.014376106671988964, 0.03564629331231117, 0.046309277415275574, 0.047672953456640244, 0.02860025316476822, 0.03551127761602402, 0.01916939578950405, 0.012310407124459743, 0.04243311285972595, 0.021281635388731956, 0.01285189762711525, 0.03852376341819763, 0.01788399927318096, 0.0541888102889061, 0.03978097811341286]","[0.0010000000474974513, 0.9995694160461426]"
315,27,2.22%,3.2256,"[0.035472266376018524, 0.03548366576433182, 0.04668263718485832, 0.042371634393930435, 0.013673178851604462, 0.07434234023094177, 0.060836199671030045, 0.06271498650312424, 0.026399752125144005, 0.0554925836622715, 0.03636040911078453, 0.02562456764280796, 0.014681898057460785, 0.01483776792883873, 0.03620780259370804, 0.046336978673934937, 0.04630109667778015, 0.029395148158073425, 0.03678891062736511, 0.020423606038093567, 0.012873499654233456, 0.04165567830204964, 0.0199899822473526, 0.013862772844731808, 0.037803828716278076, 0.018122157081961632, 0.055334895849227905, 0.03992972522974014]","[0.0015762177063152194, 0.9984238147735596]"
316,15,2.21%,3.0764,"[0.034908950328826904, 0.03570743650197983, 0.046314701437950134, 0.04181543365120888, 0.013368151150643826, 0.07905016094446182, 0.06261784583330154, 0.06291535496711731, 0.02546468935906887, 0.05620222166180611, 0.03535490110516548, 0.02571280114352703, 0.014699360355734825, 0.014187836088240147, 0.03542745113372803, 0.044832922518253326, 0.04611840099096298, 0.030311930924654007, 0.03560479357838631, 0.020393650978803635, 0.012150172144174576, 0.04189547523856163, 0.020193399861454964, 0.01367760356515646, 0.03885567933320999, 0.01857120357453823, 0.05443689599633217, 0.03921061009168625]","[0.0010262152645736933, 0.9989737868309021]"
317,16,2.20%,3.1140,"[0.03459139168262482, 0.03528744354844093, 0.04800346493721008, 0.04205631837248802, 0.014418873004615307, 0.0712030902504921, 0.06321845203638077, 0.0625569075345993, 0.02671518363058567, 0.053855717182159424, 0.0356493704020977, 0.025841055437922478, 0.014451387338340282, 0.015243754722177982, 0.03610863909125328, 0.046675823628902435, 0.045101337134838104, 0.030284466221928596, 0.037516120821237564, 0.0214146189391613, 0.013211710378527641, 0.04021398723125458, 0.01880616508424282, 0.014847627840936184, 0.03726647421717644, 0.01863471232354641, 0.05593946948647499, 0.04088648408651352]","[0.0010000000474974513, 0.9993308782577515]"
318,11,2.19%,3.6670,"[0.034479375928640366, 0.03523576259613037, 0.0480598621070385, 0.04167426377534866, 0.01480716373771429, 0.06978635489940643, 0.06371807307004929, 0.062177445739507675, 0.026989581063389778, 0.05345224589109421, 0.035330161452293396, 0.025679657235741615, 0.014463836327195168, 0.015566565096378326, 0.03619011864066124, 0.04739014059305191, 0.04580450803041458, 0.030458271503448486, 0.03767811134457588, 0.02159477211534977, 0.013262028805911541, 0.039636723697185516, 0.01847156323492527, 0.015010345727205276, 0.03674192726612091, 0.018767068162560463, 0.05613052845001221, 0.0414435938000679]","[0.0010000000474974513, 0.9990711808204651]"
319,12,2.19%,4.2335,"[0.03504261374473572, 0.03560890629887581, 0.046410929411649704, 0.04099610075354576, 0.014415929093956947, 0.07341393083333969, 0.06400573253631592, 0.06190505623817444, 0.026701925322413445, 0.054219696670770645, 0.03508993238210678, 0.025800252333283424, 0.014721701852977276, 0.015221063047647476, 0.0358678363263607, 0.04722394049167633, 0.046794090420007706, 0.03060012497007847, 0.03650660812854767, 0.021119916811585426, 0.012697875499725342, 0.040085047483444214, 0.01912630721926689, 0.014410777017474174, 0.036588143557310104, 0.018821021541953087, 0.0550764836370945, 0.041528064757585526]","[0.0010000000474974513, 0.9990280866622925]"
320,5,2.49%,2.6551,"[0.035493381321430206, 0.03587491437792778, 0.04422476515173912, 0.04012368619441986, 0.013657839968800545, 0.07985819876194, 0.06463117152452469, 0.061361417174339294, 0.02576560154557228, 0.05569097027182579, 0.03466165438294411, 0.025858672335743904, 0.015360970981419086, 0.014583783224225044, 0.035460829734802246, 0.04641024023294449, 0.047804128378629684, 0.030978946015238762, 0.03477677330374718, 0.02056420035660267, 0.011850169859826565, 0.04106614366173744, 0.02016446180641651, 0.013536526821553707, 0.036729130893945694, 0.01875447854399681, 0.05362258478999138, 0.041134316474199295]","[0.0010000000474974513, 0.9990512728691101]"
321,12,2.48%,4.1684,"[0.033473461866378784, 0.03486131131649017, 0.047417521476745605, 0.04059181734919548, 0.015530219301581383, 0.06787388026714325, 0.06549493968486786, 0.06075139343738556, 0.02704605832695961, 0.052237141877412796, 0.03465937077999115, 0.02626005932688713, 0.015116991475224495, 0.01611669734120369, 0.03613739460706711, 0.0487864688038826, 0.046463437378406525, 0.03116428852081299, 0.037611380219459534, 0.022562485188245773, 0.013486791402101517, 0.03868204727768898, 0.017714930698275566, 0.015609724447131157, 0.0354754738509655, 0.018935469910502434, 0.057038575410842896, 0.042900681495666504]","[0.0010161588434129953, 0.9989838004112244]"
322,17,2.48%,3.4473,"[0.03423332795500755, 0.035483527928590775, 0.04361594468355179, 0.03922583907842636, 0.0138416001573205, 0.08171705156564713, 0.06650583446025848, 0.06020538508892059, 0.024983592331409454, 0.055550768971443176, 0.033614009618759155, 0.026127012446522713, 0.01627786085009575, 0.014642969705164433, 0.035374127328395844, 0.04673397168517113, 0.04820069670677185, 0.0318940132856369, 0.034276947379112244, 0.021372610703110695, 0.011728649958968163, 0.04073333740234375, 0.01965535618364811, 0.013711963780224323, 0.036297377198934555, 0.01888454519212246, 0.053841251879930496, 0.04127049073576927]","[0.0010000000474974513, 0.999031662940979]"
323,12,2.47%,4.1018,"[0.0335623063147068, 0.03540033847093582, 0.042838286608457565, 0.038553375750780106, 0.013741759583353996, 0.08427629619836807, 0.06761534512042999, 0.05974297598004341, 0.02411673218011856, 0.0557389110326767, 0.03303489461541176, 0.026216575875878334, 0.016933593899011612, 0.014423534274101257, 0.03511008247733116, 0.04632875323295593, 0.04828977957367897, 0.03284325450658798, 0.03361505642533302, 0.021647246554493904, 0.011464666575193405, 0.04092734679579735, 0.019699832424521446, 0.013663308694958687, 0.0363597646355629, 0.018917705863714218, 0.05389409512281418, 0.04104418680071831]","[0.0011321112979203463, 0.9988678693771362]"
324,7,2.46%,2.8276,"[0.032696351408958435, 0.03509195148944855, 0.0425538495182991, 0.03801116347312927, 0.013876090757548809, 0.0846179649233818, 0.0689639002084732, 0.05915786325931549, 0.02340858057141304, 0.055373143404722214, 0.0325746051967144, 0.026416564360260963, 0.017687184736132622, 0.014404796995222569, 0.03495589271187782, 0.046176306903362274, 0.04810019209980965, 0.03380787745118141, 0.03341764211654663, 0.02230203151702881, 0.011433160863816738, 0.04091504216194153, 0.019459784030914307, 0.013901838101446629, 0.0362391322851181, 0.01892339065670967, 0.05449968948960304, 0.04103405773639679]","[0.0010535032488405704, 0.998946487903595]"
325,6,2.45%,2.6559,"[0.032096851617097855, 0.034972935914993286, 0.041891638189554214, 0.037529341876506805, 0.013704116456210613, 0.08712569624185562, 0.07035236060619354, 0.059499096125364304, 0.022483691573143005, 0.055074285715818405, 0.03209132328629494, 0.026555260643363, 0.018390029668807983, 0.014140098355710506, 0.03454742953181267, 0.04547489434480667, 0.04779877886176109, 0.03484021872282028, 0.0326908640563488, 0.022458208724856377, 0.01122648548334837, 0.0411432683467865, 0.019585497677326202, 0.013885551132261753, 0.03627278283238411, 0.01899668201804161, 0.0544113963842392, 0.04076126217842102]","[0.0012090157251805067, 0.998790979385376]"
326,5,2.75%,2.4788,"[0.030461754649877548, 0.03415723145008087, 0.04368380829691887, 0.037607207894325256, 0.014746611006557941, 0.07989470660686493, 0.07263529300689697, 0.059899695217609406, 0.022480664774775505, 0.052785102277994156, 0.031797971576452255, 0.026772236451506615, 0.018570173531770706, 0.014848965220153332, 0.03470327705144882, 0.045945726335048676, 0.047059230506420135, 0.03585924580693245, 0.03384089097380638, 0.023779846727848053, 0.011948865838348866, 0.040009014308452606, 0.01819167286157608, 0.015147876925766468, 0.035995449870824814, 0.019194673746824265, 0.05664852634072304, 0.04133427515625954]","[0.0011171860387548804, 0.9988828301429749]"
327,4,2.74%,4.3161,"[0.029023928567767143, 0.03358516842126846, 0.04483328387141228, 0.037432339042425156, 0.015503766015172005, 0.07641259580850601, 0.0745219886302948, 0.0600457489490509, 0.022216465324163437, 0.051364198327064514, 0.031159188598394394, 0.02677837572991848, 0.018845507875084877, 0.015303739346563816, 0.03475133702158928, 0.04616805538535118, 0.046585340052843094, 0.03683432564139366, 0.03444521129131317, 0.024819502606987953, 0.012365895323455334, 0.03905823826789856, 0.017121311277151108, 0.016045494005084038, 0.035821035504341125, 0.019374456256628036, 0.058123618364334106, 0.041459809988737106]","[0.0012218034826219082, 0.9987781643867493]"
328,22,2.74%,4.0602,"[0.029091158881783485, 0.033659759908914566, 0.04223158583045006, 0.036161646246910095, 0.014603557996451855, 0.08743738383054733, 0.07717819511890411, 0.06024178862571716, 0.020646551623940468, 0.05271130055189133, 0.03012525662779808, 0.026953956112265587, 0.01979791559278965, 0.014208197593688965, 0.033831141889095306, 0.04373013228178024, 0.04705803096294403, 0.038133654743433, 0.0319235622882843, 0.02428654581308365, 0.011119665578007698, 0.040313027799129486, 0.018304945901036263, 0.014861517585814, 0.03665228560566902, 0.01934625580906868, 0.055497173219919205, 0.039893779903650284]","[0.0012976706493645906, 0.9987022876739502]"
329,15,2.73%,3.1822,"[0.02791460044682026, 0.033005718141794205, 0.04309806972742081, 0.03596047684550285, 0.016023734584450722, 0.08047332614660263, 0.07806185632944107, 0.060199666768312454, 0.02098003588616848, 0.051175497472286224, 0.029992293566465378, 0.02675662562251091, 0.020063739269971848, 0.015161173418164253, 0.034144725650548935, 0.044743508100509644, 0.04757484048604965, 0.03862592950463295, 0.03276475891470909, 0.02512519806623459, 0.011714348569512367, 0.039290305227041245, 0.017416268587112427, 0.015779193490743637, 0.03613131493330002, 0.019341379404067993, 0.05779264122247696, 0.040688663721084595]","[0.0013003780040889978, 0.9986996054649353]"
330,16,2.72%,3.0329,"[0.028919005766510963, 0.0330796092748642, 0.03898077830672264, 0.0344061404466629, 0.014206741005182266, 0.09742125868797302, 0.08011776953935623, 0.06000359356403351, 0.019150113686919212, 0.053348395973443985, 0.029192842543125153, 0.02700953185558319, 0.021362176164984703, 0.013581570237874985, 0.03309544175863266, 0.0419887937605381, 0.04817608743906021, 0.03954616189002991, 0.02935107983648777, 0.023823751136660576, 0.010129294358193874, 0.04151325672864914, 0.0199323371052742, 0.013796856626868248, 0.036880798637866974, 0.018977053463459015, 0.053288087248802185, 0.03872142732143402]","[0.0010000000474974513, 0.9991965889930725]"
331,19,2.71%,3.6720,"[0.02833430841565132, 0.03269612789154053, 0.039019133895635605, 0.03401295095682144, 0.015286704525351524, 0.09226621687412262, 0.08030299842357635, 0.059689462184906006, 0.01944030448794365, 0.052612245082855225, 0.029027214273810387, 0.026664717122912407, 0.021828360855579376, 0.014349808916449547, 0.03338519483804703, 0.04343785345554352, 0.049996014684438705, 0.03969649598002434, 0.029700879007577896, 0.02416495978832245, 0.01039799116551876, 0.040791623294353485, 0.019480139017105103, 0.01410116907209158, 0.036228545010089874, 0.018888743594288826, 0.05476272851228714, 0.03943716734647751]","[0.0010000000474974513, 0.9992095828056335]"
332,4,2.70%,4.0980,"[0.02865617908537388, 0.032482024282217026, 0.03663109615445137, 0.03270719200372696, 0.014922101981937885, 0.0989631935954094, 0.08110807090997696, 0.058977723121643066, 0.018771734088659286, 0.05362846702337265, 0.028449269011616707, 0.026512883603572845, 0.02289239503443241, 0.013981776311993599, 0.03309207409620285, 0.04283183068037033, 0.05194680765271187, 0.03998418524861336, 0.02818208560347557, 0.024004964157938957, 0.009714213199913502, 0.041646845638751984, 0.020617758855223656, 0.013146933168172836, 0.03601253405213356, 0.01855556108057499, 0.05292380601167679, 0.038656387478113174]","[0.0011816364713013172, 0.9988183379173279]"
333,4,2.69%,4.1191,"[0.028452850878238678, 0.032319776713848114, 0.035527803003787994, 0.03179595619440079, 0.015726499259471893, 0.0985511839389801, 0.08130691945552826, 0.05836942419409752, 0.018825344741344452, 0.05373580381274223, 0.028038736432790756, 0.026258086785674095, 0.02358125150203705, 0.014328590594232082, 0.033029623329639435, 0.04351421445608139, 0.05414270609617233, 0.04003380984067917, 0.027748746797442436, 0.02433432638645172, 0.00954516977071762, 0.041438113898038864, 0.020738445222377777, 0.012914986349642277, 0.03551226109266281, 0.018390290439128876, 0.05306575447320938, 0.03877329081296921]","[0.0014840526273474097, 0.9985159635543823]"
334,19,2.69%,3.6599,"[0.028513452038168907, 0.03241082280874252, 0.03376271575689316, 0.03065318614244461, 0.016315823420882225, 0.10191938281059265, 0.0814133733510971, 0.057844918221235275, 0.01867649517953396, 0.05429336801171303, 0.027463478967547417, 0.026039978489279747, 0.024289041757583618, 0.014312050305306911, 0.03251342475414276, 0.04358331859111786, 0.056511908769607544, 0.04003545269370079, 0.02667849324643612, 0.024212734773755074, 0.009069588035345078, 0.04150248318910599, 0.02136528678238392, 0.012321495451033115, 0.03524113446474075, 0.018248356878757477, 0.05230007320642471, 0.038508106023073196]","[0.001503875944763422, 0.9984960556030273]"
335,8,2.68%,3.9465,"[0.027602672576904297, 0.032241277396678925, 0.03479897230863571, 0.030478941276669502, 0.0187316183000803, 0.09169790893793106, 0.08186550438404083, 0.057562246918678284, 0.01949232444167137, 0.05250093340873718, 0.02728896215558052, 0.02607331983745098, 0.024229910224676132, 0.015471454709768295, 0.03258344158530235, 0.045728135854005814, 0.05750076845288277, 0.04006143659353256, 0.027897067368030548, 0.026004042476415634, 0.009659698233008385, 0.039820168167352676, 0.01994377188384533, 0.013264229521155357, 0.03440377116203308, 0.018396496772766113, 0.05497334524989128, 0.03972756117582321]","[0.001282727112993598, 0.9987172484397888]"
336,11,2.67%,3.6446,"[0.028021859005093575, 0.032345086336135864, 0.033026035875082016, 0.029383879154920578, 0.01912366971373558, 0.0958545058965683, 0.08215905725955963, 0.05714965611696243, 0.019689377397298813, 0.05312485247850418, 0.026785729452967644, 0.026048855856060982, 0.02473965659737587, 0.015345431864261627, 0.03206520900130272, 0.045459505170583725, 0.05974453315138817, 0.03982380032539368, 0.026790466159582138, 0.026108020916581154, 0.00914597325026989, 0.03996814414858818, 0.020626075565814972, 0.012548320926725864, 0.03413308411836624, 0.018282821401953697, 0.053233206272125244, 0.039273232221603394]","[0.0012016843538731337, 0.9987983107566833]"
337,27,2.66%,3.2149,"[0.02704680897295475, 0.03197731450200081, 0.035248737782239914, 0.02993084117770195, 0.022385792806744576, 0.08108334243297577, 0.08240904659032822, 0.05709575489163399, 0.02131005749106407, 0.04974455013871193, 0.027168305590748787, 0.026736803352832794, 0.024017736315727234, 0.016990888863801956, 0.03216882795095444, 0.04815993085503578, 0.05883597955107689, 0.039432067424058914, 0.028956027701497078, 0.02847464755177498, 0.010316592641174793, 0.037733230739831924, 0.01867576129734516, 0.014253933914005756, 0.032909028232097626, 0.018490316346287727, 0.057049237191677094, 0.04139845818281174]","[0.0011633412213996053, 0.9988366961479187]"
338,14,2.65%,3.4780,"[0.027288071811199188, 0.032002221792936325, 0.03412681072950363, 0.029308047145605087, 0.023349523544311523, 0.08077617734670639, 0.08250837028026581, 0.056838229298591614, 0.02192261815071106, 0.04911305010318756, 0.02719857357442379, 0.02731412835419178, 0.024249034002423286, 0.01724483072757721, 0.031607963144779205, 0.04853636398911476, 0.05979113280773163, 0.03902479633688927, 0.02840385027229786, 0.028960369527339935, 0.010249474085867405, 0.037448327988386154, 0.01895098201930523, 0.014092452824115753, 0.03238051384687424, 0.018372375518083572, 0.05661012977361679, 0.042331621050834656]","[0.0012478941353037953, 0.9987521171569824]"
339,0,2.65%,3.5769,"[0.02741255797445774, 0.03182673826813698, 0.03374115005135536, 0.028975240886211395, 0.024593506008386612, 0.07780636847019196, 0.08223618566989899, 0.056582920253276825, 0.022668708115816116, 0.048065949231386185, 0.02737491764128208, 0.02776079624891281, 0.024345185607671738, 0.017823519185185432, 0.031801436096429825, 0.04938783124089241, 0.05997833237051964, 0.03863019123673439, 0.028540993109345436, 0.02973262220621109, 0.01052183285355568, 0.036855705082416534, 0.018786223605275154, 0.014345633797347546, 0.031681664288043976, 0.018183371052145958, 0.05684017390012741, 0.043500177562236786]","[0.0011401810916140676, 0.9988598227500916]"
340,2,2.64%,3.4115,"[0.02849128469824791, 0.03183203563094139, 0.03260938450694084, 0.02841976471245289, 0.024988999590277672, 0.07846318185329437, 0.08196675032377243, 0.05635622888803482, 0.023251762613654137, 0.04765112325549126, 0.027480212971568108, 0.02820056863129139, 0.024642152711749077, 0.018038645386695862, 0.031972359865903854, 0.049852155148983, 0.06063316762447357, 0.03809338063001633, 0.028114240616559982, 0.029928075149655342, 0.010469408705830574, 0.036667030304670334, 0.019262421876192093, 0.014012254774570465, 0.030888183042407036, 0.01788848452270031, 0.05549048259854317, 0.044336263090372086]","[0.0010742363519966602, 0.9989257454872131]"
341,13,2.63%,3.9891,"[0.030283160507678986, 0.03217649087309837, 0.030572783201932907, 0.027416808530688286, 0.02388063073158264, 0.08680425584316254, 0.08232245594263077, 0.05613131821155548, 0.02309066243469715, 0.04849538207054138, 0.027070073410868645, 0.028534093871712685, 0.025295976549386978, 0.017351379618048668, 0.03165443614125252, 0.049083441495895386, 0.06225729361176491, 0.03771087899804115, 0.026429390534758568, 0.029149163514375687, 0.00966307520866394, 0.03714654967188835, 0.02078629471361637, 0.012701136991381645, 0.03034808859229088, 0.017579689621925354, 0.05190902203321457, 0.04415600746870041]","[0.0010000000474974513, 0.9990074038505554]"
342,25,2.62%,4.0412,"[0.03096258081495762, 0.03188499063253403, 0.031041355803608894, 0.027407681569457054, 0.025102347135543823, 0.08246135711669922, 0.08206813037395477, 0.05609610304236412, 0.02408471517264843, 0.047154124826192856, 0.027261987328529358, 0.028871476650238037, 0.025048404932022095, 0.01833764649927616, 0.03207879140973091, 0.05016852170228958, 0.062231458723545074, 0.0372188501060009, 0.026902487501502037, 0.029756033793091774, 0.010048472322523594, 0.0362098291516304, 0.020455719903111458, 0.012997394427657127, 0.029563874006271362, 0.0174266267567873, 0.05175047740340233, 0.0454084537923336]","[0.0012568228412419558, 0.9987431168556213]"
343,23,2.62%,4.3139,"[0.03165096417069435, 0.031867075711488724, 0.03138909861445427, 0.027367236092686653, 0.026071906089782715, 0.07990577816963196, 0.0818401575088501, 0.056067097932100296, 0.02496754564344883, 0.04612160474061966, 0.02724131941795349, 0.029180476441979408, 0.024757960811257362, 0.019030075520277023, 0.03219681978225708, 0.05093369260430336, 0.06228536367416382, 0.03673381730914116, 0.02720542810857296, 0.030209634453058243, 0.010264585725963116, 0.03540109097957611, 0.02022516168653965, 0.013131950981914997, 0.028853436931967735, 0.01761968620121479, 0.051233913749456406, 0.046247102320194244]","[0.0013320914003998041, 0.9986678957939148]"
344,22,2.61%,3.9957,"[0.032082125544548035, 0.03185507655143738, 0.032020024955272675, 0.027440229430794716, 0.027168957516551018, 0.07652769982814789, 0.08164756000041962, 0.05627327412366867, 0.025865450501441956, 0.04481801390647888, 0.027309589087963104, 0.029628068208694458, 0.024311698973178864, 0.01967490278184414, 0.032297879457473755, 0.051540862768888474, 0.061521124094724655, 0.03636232018470764, 0.027747299522161484, 0.030899835750460625, 0.010634513571858406, 0.034590329974889755, 0.019770460203289986, 0.01370203960686922, 0.028291644528508186, 0.0178799107670784, 0.051111966371536255, 0.047027185559272766]","[0.001418653642758727, 0.9985813498497009]"
345,11,2.60%,3.5060,"[0.0322570875287056, 0.03150590881705284, 0.03298680856823921, 0.027741385623812675, 0.02866639569401741, 0.07047586143016815, 0.08093925565481186, 0.05633237585425377, 0.02693612314760685, 0.043158434331417084, 0.027800533920526505, 0.030012236908078194, 0.023829419165849686, 0.020702941343188286, 0.0326039157807827, 0.05246145278215408, 0.060412436723709106, 0.03589565306901932, 0.02872183918952942, 0.03169090300798416, 0.011343487538397312, 0.033835168927907944, 0.019353434443473816, 0.014610706828534603, 0.02768876403570175, 0.018018027767539024, 0.05186263471841812, 0.048156797885894775]","[0.001480516279116273, 0.9985195398330688]"
346,15,2.59%,2.9692,"[0.03221381828188896, 0.031073682010173798, 0.03412105515599251, 0.02813013456761837, 0.030124438926577568, 0.06447441130876541, 0.08022110164165497, 0.056294601410627365, 0.028021521866321564, 0.04129454866051674, 0.028376014903187752, 0.030834918841719627, 0.023272251710295677, 0.02165810391306877, 0.03282487764954567, 0.05326947942376137, 0.05860673636198044, 0.03538741543889046, 0.029829131439328194, 0.03272366523742676, 0.012204451486468315, 0.033066194504499435, 0.01879812404513359, 0.015752306208014488, 0.027102340012788773, 0.018133364617824554, 0.05282917991280556, 0.04936213418841362]","[0.0015992408152669668, 0.9984007477760315]"
347,21,2.59%,3.4057,"[0.03461833670735359, 0.03151942044496536, 0.031580884009599686, 0.027325063943862915, 0.028394239023327827, 0.07166437804698944, 0.08068376779556274, 0.05627972260117531, 0.027891093865036964, 0.0419498011469841, 0.028417931869626045, 0.03173629567027092, 0.02394203282892704, 0.020832795649766922, 0.03227601945400238, 0.05301091447472572, 0.059694740921258926, 0.034804731607437134, 0.028017014265060425, 0.0317121185362339, 0.011372910812497139, 0.03391005098819733, 0.020830150693655014, 0.014352343045175076, 0.026421329006552696, 0.01788795180618763, 0.049482256174087524, 0.04939170926809311]","[0.0015816368395462632, 0.998418390750885]"
348,10,2.58%,3.5442,"[0.03489379212260246, 0.031220195814967155, 0.03190065920352936, 0.02757464535534382, 0.02909287065267563, 0.06776745617389679, 0.07975748926401138, 0.056069761514663696, 0.02863703854382038, 0.0407874658703804, 0.02905411832034588, 0.032453183084726334, 0.02374422922730446, 0.021395890042185783, 0.03241526335477829, 0.054049309343099594, 0.05846336856484413, 0.03423498943448067, 0.02862732671201229, 0.03226543962955475, 0.011972113512456417, 0.033942192792892456, 0.02077140286564827, 0.014972160570323467, 0.025844693183898926, 0.01789090968668461, 0.049936339259147644, 0.050265680998563766]","[0.0015879786806181073, 0.998412013053894]"
349,9,2.57%,3.1968,"[0.03580581024289131, 0.030966080725193024, 0.03118245117366314, 0.027562079951167107, 0.029046684503555298, 0.06640516966581345, 0.07895155996084213, 0.055971913039684296, 0.02924291044473648, 0.04011068493127823, 0.03019019216299057, 0.03322749212384224, 0.02383613772690296, 0.02165556699037552, 0.03234623745083809, 0.05448475107550621, 0.05785679072141647, 0.0335833802819252, 0.028490209951996803, 0.03215043246746063, 0.012285825796425343, 0.034571677446365356, 0.021513761952519417, 0.015029512345790863, 0.02530171535909176, 0.017711421474814415, 0.04949801042675972, 0.05102157965302467]","[0.001184116117656231, 0.9988158941268921]"
350,6,2.85%,2.5675,"[0.03542520850896835, 0.030564086511731148, 0.03167835623025894, 0.027900896966457367, 0.02998999133706093, 0.061688218265771866, 0.07719376683235168, 0.05551864206790924, 0.030034035444259644, 0.0396391935646534, 0.031208718195557594, 0.03353803977370262, 0.02360357530415058, 0.022393032908439636, 0.03259320184588432, 0.055540211498737335, 0.056738920509815216, 0.033064376562833786, 0.02928364835679531, 0.03260737285017967, 0.013039674609899521, 0.034603480249643326, 0.02115730568766594, 0.015828033909201622, 0.025078725069761276, 0.017695564776659012, 0.05065646022558212, 0.05173730105161667]","[0.0010806454811245203, 0.9989193677902222]"
351,9,2.84%,3.2313,"[0.03593746945261955, 0.03032543696463108, 0.030849961563944817, 0.02771969884634018, 0.02944919839501381, 0.06267639249563217, 0.07777699083089828, 0.055346474051475525, 0.02997589483857155, 0.039930637925863266, 0.0318194143474102, 0.034059252589941025, 0.02384425699710846, 0.02220771834254265, 0.03241037204861641, 0.055178768932819366, 0.05669091269373894, 0.032828494906425476, 0.028692251071333885, 0.03237104043364525, 0.012899333611130714, 0.03541119024157524, 0.02197911962866783, 0.015543553046882153, 0.02494862489402294, 0.01755228079855442, 0.04989272356033325, 0.051682621240615845]","[0.0010000000474974513, 0.9991462230682373]"
352,26,2.83%,2.9898,"[0.03615246340632439, 0.03019106388092041, 0.03002888523042202, 0.02749578095972538, 0.02877991460263729, 0.06454499810934067, 0.07799405604600906, 0.054959844797849655, 0.029698198661208153, 0.041091691702604294, 0.032193370163440704, 0.03428010269999504, 0.024167818948626518, 0.021849114447832108, 0.0322696715593338, 0.0547720342874527, 0.05699065327644348, 0.032689228653907776, 0.028033221140503883, 0.0320342555642128, 0.012572738341987133, 0.036306507885456085, 0.02276463434100151, 0.015136348083615303, 0.025077786296606064, 0.017435988411307335, 0.049257513135671616, 0.05123209208250046]","[0.0010000000474974513, 0.9990668892860413]"
353,5,2.82%,2.8025,"[0.033761657774448395, 0.02934645116329193, 0.0325583890080452, 0.028334854170680046, 0.0315774567425251, 0.05409722030162811, 0.0760883092880249, 0.05402801185846329, 0.03071661852300167, 0.03977585583925247, 0.03299093246459961, 0.034032806754112244, 0.023295808583498, 0.02352036163210869, 0.03281412646174431, 0.05639458820223808, 0.054601576179265976, 0.03245843946933746, 0.030397336930036545, 0.03369379788637161, 0.014165849424898624, 0.03509008139371872, 0.020530417561531067, 0.017385149374604225, 0.02508331462740898, 0.017605938017368317, 0.053529247641563416, 0.052125412970781326]","[0.0010000000474974513, 0.999156653881073]"
354,25,2.82%,4.0493,"[0.03454665467143059, 0.029718762263655663, 0.030294233933091164, 0.02760692872107029, 0.029435640200972557, 0.062017086893320084, 0.07736328989267349, 0.053813230246305466, 0.02945944108068943, 0.04214010387659073, 0.03282969444990158, 0.03438015654683113, 0.024221010506153107, 0.022001175209879875, 0.0320964977145195, 0.0548727922141552, 0.056101515889167786, 0.03264990076422691, 0.02828099951148033, 0.0325889028608799, 0.012778228148818016, 0.03688900172710419, 0.022461863234639168, 0.015785817056894302, 0.025495244190096855, 0.017489105463027954, 0.05183156952261925, 0.05085118114948273]","[0.0011812093434855342, 0.9988188147544861]"
355,24,2.81%,3.6616,"[0.03367988392710686, 0.029739126563072205, 0.03072243183851242, 0.02775416150689125, 0.0297769233584404, 0.06135888025164604, 0.07711045444011688, 0.05334412679076195, 0.029361268505454063, 0.04259364679455757, 0.032781343907117844, 0.0343938022851944, 0.024074263870716095, 0.021930107846856117, 0.0318690687417984, 0.05491675063967705, 0.05548134818673134, 0.03266983851790428, 0.028529681265354156, 0.032975684851408005, 0.012830951251089573, 0.03688503056764603, 0.022048845887184143, 0.016152402386069298, 0.025678817182779312, 0.01788165792822838, 0.05299723893404007, 0.050462327897548676]","[0.0010970465373247862, 0.9989029765129089]"
356,27,2.80%,3.0190,"[0.032968807965517044, 0.02979239635169506, 0.030669158324599266, 0.027691122144460678, 0.02945307455956936, 0.06312080472707748, 0.0772470161318779, 0.0530213788151741, 0.028850825503468513, 0.04366877302527428, 0.03261581063270569, 0.03439444303512573, 0.024100517854094505, 0.021413670852780342, 0.03150477260351181, 0.05425740033388138, 0.05543702095746994, 0.032889474183321, 0.028133045881986618, 0.03290208429098129, 0.012457379139959812, 0.03730203956365585, 0.0221333559602499, 0.01606087014079094, 0.02647777833044529, 0.018185483291745186, 0.05352821946144104, 0.04972333088517189]","[0.0010000000474974513, 0.9990326166152954]"
357,2,2.79%,3.5103,"[0.03195152431726456, 0.029565099626779556, 0.03152313828468323, 0.027944765985012054, 0.030290089547634125, 0.060172438621520996, 0.07637890428304672, 0.05255497619509697, 0.029157066717743874, 0.04353394731879234, 0.03286762535572052, 0.03434693440794945, 0.023701472207903862, 0.02181583270430565, 0.03145189210772514, 0.05459071323275566, 0.0544583685696125, 0.032829392701387405, 0.028683658689260483, 0.03331930562853813, 0.012827107682824135, 0.03678598999977112, 0.02134786546230316, 0.016809936612844467, 0.026950694620609283, 0.018410000950098038, 0.05526568740606308, 0.05046551674604416]","[0.0010000000474974513, 0.9990101456642151]"
358,25,2.79%,3.9860,"[0.03344118222594261, 0.03033515065908432, 0.028672028332948685, 0.026868192479014397, 0.02687089517712593, 0.07469061017036438, 0.07800392061471939, 0.052694328129291534, 0.027470989152789116, 0.046792831271886826, 0.03213665634393692, 0.03471667692065239, 0.02463158592581749, 0.01943371817469597, 0.030078550800681114, 0.05187608674168587, 0.05694092810153961, 0.033023424446582794, 0.025480173528194427, 0.031076990067958832, 0.01079045981168747, 0.0389939621090889, 0.024363530799746513, 0.014232114888727665, 0.027917226776480675, 0.018487000837922096, 0.051152974367141724, 0.048827867954969406]","[0.0011319852201268077, 0.9988679885864258]"
359,27,2.78%,3.0067,"[0.03167494013905525, 0.030078617855906487, 0.031693629920482635, 0.027859048917889595, 0.029009835794568062, 0.06534232944250107, 0.07664672285318375, 0.052289705723524094, 0.028445091098546982, 0.045290783047676086, 0.032372940331697464, 0.03458520397543907, 0.023522119969129562, 0.02053765393793583, 0.030406713485717773, 0.053341932594776154, 0.05448498576879501, 0.03297414258122444, 0.02759692631661892, 0.032583046704530716, 0.011910168454051018, 0.037230540066957474, 0.0219240952283144, 0.016117563471198082, 0.028156500309705734, 0.019223062321543694, 0.05462837219238281, 0.050073329359292984]","[0.0010889964178204536, 0.9989110231399536]"
360,12,2.77%,3.7572,"[0.03208601847290993, 0.030556995421648026, 0.030945802107453346, 0.02755834348499775, 0.027911297976970673, 0.07023865729570389, 0.07664206624031067, 0.05226324871182442, 0.028127072378993034, 0.04643817991018295, 0.0321432463824749, 0.03477101773023605, 0.02358744479715824, 0.019706284627318382, 0.029645422473549843, 0.05249933898448944, 0.055096305906772614, 0.03288668021559715, 0.02645581215620041, 0.03162253275513649, 0.011212359182536602, 0.037657905369997025, 0.022817296907305717, 0.015261397697031498, 0.028658123686909676, 0.019609790295362473, 0.053308844566345215, 0.050292499363422394]","[0.0010646824957802892, 0.9989352822303772]"
361,24,2.76%,3.5513,"[0.03216994181275368, 0.030822226777672768, 0.030361229553818703, 0.027280623093247414, 0.027206266298890114, 0.0733865424990654, 0.07635170221328735, 0.05194135010242462, 0.027784930542111397, 0.04730856418609619, 0.03204187750816345, 0.03478431701660156, 0.02402489446103573, 0.019215192645788193, 0.029146285727620125, 0.05197596177458763, 0.05548597499728203, 0.03284887596964836, 0.025689471513032913, 0.0310239065438509, 0.01078369002789259, 0.03800347447395325, 0.02342999167740345, 0.014726405031979084, 0.02896955981850624, 0.01986468955874443, 0.05272773280739784, 0.05064426735043526]","[0.0010547414422035217, 0.9989452362060547]"
362,12,2.75%,3.7574,"[0.029911408200860023, 0.030099201947450638, 0.033578190952539444, 0.02825499139726162, 0.029593216255307198, 0.06243896484375, 0.07491977512836456, 0.05130019038915634, 0.028429554775357246, 0.0453767254948616, 0.032495852559804916, 0.034529320895671844, 0.02331402339041233, 0.02052605338394642, 0.029637955129146576, 0.053352829068899155, 0.05276516452431679, 0.03299962729215622, 0.02793610841035843, 0.03274150565266609, 0.012104976922273636, 0.03633757308125496, 0.020895836874842644, 0.017003508284687996, 0.02949903905391693, 0.02030782960355282, 0.05727734416723251, 0.05237318575382233]","[0.0010739635908976197, 0.9989259839057922]"
363,10,2.75%,3.4309,"[0.03039592318236828, 0.030550410971045494, 0.0313553623855114, 0.02741730958223343, 0.027705218642950058, 0.07059688866138458, 0.07528314739465714, 0.051065023988485336, 0.027326565235853195, 0.04754452034831047, 0.03221913054585457, 0.03454366698861122, 0.02456730231642723, 0.01930702105164528, 0.028816314414143562, 0.05179079249501228, 0.05449473112821579, 0.03322625532746315, 0.025849148631095886, 0.031318359076976776, 0.010933700017631054, 0.03773558512330055, 0.02266843058168888, 0.015386945568025112, 0.030402980744838715, 0.02035844698548317, 0.05522949621081352, 0.051911331713199615]","[0.0012815719237551093, 0.9987184405326843]"
364,17,2.74%,3.4034,"[0.030556879937648773, 0.030570749193429947, 0.02996991202235222, 0.026941906660795212, 0.02673167921602726, 0.07431262731552124, 0.0748877078294754, 0.050719574093818665, 0.02683381550014019, 0.04869267717003822, 0.03278736770153046, 0.034541063010692596, 0.025481276214122772, 0.018802745267748833, 0.02831404097378254, 0.05083472281694412, 0.05527631565928459, 0.03319871053099632, 0.024683820083737373, 0.030391857028007507, 0.010449978522956371, 0.038747236132621765, 0.023858927190303802, 0.014606722630560398, 0.03103470616042614, 0.020277319476008415, 0.0544251948595047, 0.05207056924700737]","[0.0012380809057503939, 0.9987619519233704]"
365,10,2.73%,3.3946,"[0.0292886383831501, 0.030007828027009964, 0.031052110716700554, 0.0272280965000391, 0.027688074856996536, 0.06878648698329926, 0.07428491860628128, 0.05030648037791252, 0.02677794173359871, 0.04787924885749817, 0.03354847431182861, 0.03435966745018959, 0.02568785473704338, 0.019400646910071373, 0.028501978144049644, 0.05098729208111763, 0.05402419716119766, 0.03377769887447357, 0.02542673423886299, 0.031074903905391693, 0.011014532297849655, 0.038409873843193054, 0.022889913991093636, 0.015606537461280823, 0.03158974647521973, 0.020365657284855843, 0.05698227137327194, 0.053052205592393875]","[0.0015490729128941894, 0.9984509348869324]"
366,16,2.72%,2.9348,"[0.027924630790948868, 0.029209215193986893, 0.03252937272191048, 0.027740348130464554, 0.028810828924179077, 0.06184171885251999, 0.07338127493858337, 0.04988585412502289, 0.026872806251049042, 0.04654165729880333, 0.03486757352948189, 0.03418509289622307, 0.025687796995043755, 0.02022681012749672, 0.02882567048072815, 0.05128219723701477, 0.05222523957490921, 0.03421217203140259, 0.02651931717991829, 0.031862810254096985, 0.011905953288078308, 0.03795330971479416, 0.02170141413807869, 0.01699787564575672, 0.03200925141572952, 0.02036016806960106, 0.06014601141214371, 0.05429360270500183]","[0.0012326878495514393, 0.9987672567367554]"
367,13,2.72%,3.8989,"[0.0286575760692358, 0.029197396710515022, 0.03014611266553402, 0.02691345289349556, 0.02739792689681053, 0.06705441325902939, 0.07319387048482895, 0.049796633422374725, 0.026334574446082115, 0.048223238438367844, 0.03579215705394745, 0.034016020596027374, 0.026843372732400894, 0.019606029614806175, 0.028269071131944656, 0.04975152760744095, 0.05480840057134628, 0.0344003327190876, 0.024664295837283134, 0.030151009559631348, 0.011031964793801308, 0.039650335907936096, 0.023746373131871223, 0.015462366864085197, 0.032736483961343765, 0.02008104883134365, 0.05803713947534561, 0.05403686687350273]","[0.0010000000474974513, 0.999119222164154]"
368,24,2.71%,3.4071,"[0.028251249343156815, 0.028628898784518242, 0.02994813397526741, 0.026852736249566078, 0.027627287432551384, 0.0649411529302597, 0.072682686150074, 0.049589067697525024, 0.02628754824399948, 0.04797964170575142, 0.03685023635625839, 0.03372015431523323, 0.027281781658530235, 0.02023431658744812, 0.02827705256640911, 0.04940750449895859, 0.055515605956315994, 0.034643203020095825, 0.024430403485894203, 0.029700065031647682, 0.011177281849086285, 0.03995238244533539, 0.023929817602038383, 0.015526200644671917, 0.03313252329826355, 0.019910579547286034, 0.05878930911421776, 0.05473314970731735]","[0.0010000000474974513, 0.9990561604499817]"
369,8,2.70%,3.6422,"[0.02854696474969387, 0.028398767113685608, 0.028293557465076447, 0.02626141905784607, 0.026652637869119644, 0.06812965124845505, 0.07228527963161469, 0.049454983323812485, 0.025830207392573357, 0.04908495768904686, 0.03778952360153198, 0.033473316580057144, 0.028190525248646736, 0.020052330568432808, 0.027866650372743607, 0.04814789816737175, 0.05743905156850815, 0.03483595326542854, 0.02306916005909443, 0.028346218168735504, 0.010622194968163967, 0.04124182090163231, 0.02553042769432068, 0.014538310468196869, 0.03408395126461983, 0.019594496116042137, 0.057533301413059235, 0.05470651760697365]","[0.0010000000474974513, 0.999111533164978]"
370,20,2.70%,4.4191,"[0.02694370038807392, 0.027543270960450172, 0.03045131079852581, 0.026949383318424225, 0.02845439314842224, 0.05931666120886803, 0.07140541076660156, 0.04912745952606201, 0.026532888412475586, 0.04706674441695213, 0.03877368941903114, 0.03318871930241585, 0.027624770998954773, 0.021534211933612823, 0.028370326384902, 0.04884196072816849, 0.055815644562244415, 0.03517270088195801, 0.02449527010321617, 0.029300203546881676, 0.011680598370730877, 0.03987165912985802, 0.02340855449438095, 0.016240399330854416, 0.03462592512369156, 0.01965850591659546, 0.06133374571800232, 0.056271832436323166]","[0.0010000000474974513, 0.9992226362228394]"
371,2,2.69%,3.5417,"[0.027395470067858696, 0.027405569329857826, 0.029458172619342804, 0.02684742584824562, 0.027716537937521935, 0.060034118592739105, 0.07061583548784256, 0.04937759041786194, 0.026854056864976883, 0.04712117835879326, 0.04013887047767639, 0.03322918713092804, 0.028017837554216385, 0.021625738590955734, 0.028187869116663933, 0.048291560262441635, 0.05634795129299164, 0.034996550530195236, 0.02379969321191311, 0.028237544000148773, 0.011806394904851913, 0.04063565656542778, 0.024394197389483452, 0.015764527022838593, 0.03496816009283066, 0.019466839730739594, 0.06037259101867676, 0.056892793625593185]","[0.0010000000474974513, 0.9990308880805969]"
372,18,2.68%,3.7909,"[0.026867002248764038, 0.026968304067850113, 0.03043932281434536, 0.02715400792658329, 0.028462577611207962, 0.05611729994416237, 0.06947533786296844, 0.04924307018518448, 0.02757648378610611, 0.04622790589928627, 0.041045669466257095, 0.032976020127534866, 0.02772551402449608, 0.022587401792407036, 0.028446072712540627, 0.0486740916967392, 0.055754318833351135, 0.03492351621389389, 0.02430901490151882, 0.02825564704835415, 0.012544197961688042, 0.039931826293468475, 0.02357514202594757, 0.01645190268754959, 0.03532262519001961, 0.019423943012952805, 0.06160884350538254, 0.05791294574737549]","[0.001346535049378872, 0.9986534118652344]"
373,14,2.67%,3.5690,"[0.027381926774978638, 0.026972079649567604, 0.03050718456506729, 0.027275623753666878, 0.0280481968075037, 0.055418889969587326, 0.06838454306125641, 0.049338988959789276, 0.028148354962468147, 0.045951828360557556, 0.042081527411937714, 0.03293628618121147, 0.027716267853975296, 0.02279304340481758, 0.028555914759635925, 0.04875174164772034, 0.05560571327805519, 0.034593481570482254, 0.024583278223872185, 0.027723262086510658, 0.012897944077849388, 0.04001495987176895, 0.023839520290493965, 0.016373811289668083, 0.03525793179869652, 0.019379466772079468, 0.06095806881785393, 0.05851021409034729]","[0.0013830596581101418, 0.9986169338226318]"
374,8,2.67%,3.5662,"[0.02966655045747757, 0.027748912572860718, 0.02824312634766102, 0.026825133711099625, 0.025398626923561096, 0.06159466132521629, 0.067066490650177, 0.0499824658036232, 0.028023770079016685, 0.047034721821546555, 0.043455954641103745, 0.033019714057445526, 0.02871200256049633, 0.02161259949207306, 0.02858101762831211, 0.04817143455147743, 0.05674025043845177, 0.03400808572769165, 0.023405155166983604, 0.025689342990517616, 0.012397242709994316, 0.04179248958826065, 0.02655731700360775, 0.014707108959555626, 0.03464174270629883, 0.01912994496524334, 0.05712301284074783, 0.05867115035653114]","[0.0015505809569731355, 0.9984493851661682]"
375,26,2.66%,2.8535,"[0.029047001153230667, 0.027050504460930824, 0.03066427633166313, 0.02762117236852646, 0.026920951902866364, 0.05403470993041992, 0.06605009734630585, 0.05003725364804268, 0.029657980427145958, 0.04512530565261841, 0.04431605711579323, 0.03279101103544235, 0.02748827636241913, 0.023167625069618225, 0.029603058472275734, 0.049027781933546066, 0.05489317700266838, 0.033762432634830475, 0.025310957804322243, 0.02646821364760399, 0.013788892887532711, 0.0401468351483345, 0.024414539337158203, 0.016233399510383606, 0.034674566239118576, 0.019228870049118996, 0.058874353766441345, 0.05960061401128769]","[0.00135888927616179, 0.9986411333084106]"
376,2,2.65%,3.4751,"[0.029049888253211975, 0.026791764423251152, 0.031351346522569656, 0.027857881039381027, 0.02729983627796173, 0.05115288868546486, 0.06488067656755447, 0.0498734749853611, 0.030643310397863388, 0.04440942779183388, 0.04520907998085022, 0.03261933848261833, 0.027128029614686966, 0.023827215656638145, 0.030087636783719063, 0.04926266521215439, 0.0541670136153698, 0.03343522921204567, 0.026090435683727264, 0.02646251767873764, 0.014453070238232613, 0.03970881924033165, 0.023890649899840355, 0.01673353835940361, 0.03459736704826355, 0.01916705071926117, 0.05975683033466339, 0.06009303778409958]","[0.001337237423285842, 0.9986627697944641]"
377,11,2.65%,3.4204,"[0.0313543900847435, 0.027764128521084785, 0.02987208589911461, 0.027542486786842346, 0.025204302743077278, 0.05514519289135933, 0.06367555260658264, 0.050544895231723785, 0.03075440227985382, 0.04473748058080673, 0.04643484950065613, 0.03277735412120819, 0.02776583470404148, 0.022663969546556473, 0.030001850798726082, 0.0490068756043911, 0.05452350154519081, 0.032906919717788696, 0.02542625553905964, 0.024967284873127937, 0.014124647714197636, 0.040888018906116486, 0.025964412838220596, 0.015502751804888248, 0.033600784838199615, 0.01911996118724346, 0.05721624940633774, 0.060513515025377274]","[0.0015145668294280767, 0.9984854459762573]"
378,27,2.64%,2.7967,"[0.03052316978573799, 0.02730743959546089, 0.03133220225572586, 0.028000319376587868, 0.02610345371067524, 0.05095478892326355, 0.06269140541553497, 0.04997118562459946, 0.031783170998096466, 0.04377971589565277, 0.04703265056014061, 0.03295913338661194, 0.027200626209378242, 0.023582564666867256, 0.03040221519768238, 0.049462199211120605, 0.053037021309137344, 0.03267933055758476, 0.026521896943449974, 0.025556521490216255, 0.015026792883872986, 0.039934806525707245, 0.02463957667350769, 0.01648818328976631, 0.03368337079882622, 0.019115107133984566, 0.0591137669980526, 0.06111738458275795]","[0.0010000000474974513, 0.9991621375083923]"
379,25,2.63%,3.9619,"[0.03142756596207619, 0.027626439929008484, 0.030814679339528084, 0.027924342080950737, 0.025550343096256256, 0.050840992480516434, 0.061277709901332855, 0.05004723742604256, 0.03253604844212532, 0.04333336278796196, 0.04829341918230057, 0.0332803949713707, 0.027285778895020485, 0.023538677021861076, 0.03036332316696644, 0.04960740730166435, 0.05257335305213928, 0.03215038776397705, 0.02644510380923748, 0.024870486930012703, 0.015322072431445122, 0.04003062844276428, 0.02526962384581566, 0.01625370979309082, 0.033119041472673416, 0.01898238994181156, 0.058628786355257034, 0.06260669976472855]","[0.0010000000474974513, 0.9994441866874695]"
380,0,2.62%,3.5157,"[0.030409326776862144, 0.027182966470718384, 0.03241795301437378, 0.028364190831780434, 0.026578575372695923, 0.04746179282665253, 0.06059897691011429, 0.049543023109436035, 0.03371620923280716, 0.0425858311355114, 0.04837730899453163, 0.0334518738090992, 0.026418084278702736, 0.024350976571440697, 0.03043544851243496, 0.04973502457141876, 0.05160868167877197, 0.03191869333386421, 0.027316957712173462, 0.025388965383172035, 0.015968358144164085, 0.038927558809518814, 0.023897331207990646, 0.017132358625531197, 0.033598627895116806, 0.019299637526273727, 0.06011779233813286, 0.06319748610258102]","[0.0010867336532101035, 0.9989132881164551]"
381,0,2.62%,3.5048,"[0.031240349635481834, 0.027390863746404648, 0.032689619809389114, 0.02852456085383892, 0.026397818699479103, 0.04670082405209541, 0.059644173830747604, 0.049608293920755386, 0.03461381793022156, 0.04194973036646843, 0.049005601555109024, 0.03376828506588936, 0.02607349306344986, 0.024417778477072716, 0.03041505441069603, 0.04998936131596565, 0.050910111516714096, 0.0314347967505455, 0.027640843763947487, 0.025102494284510612, 0.0163449477404356, 0.03854692727327347, 0.02391039952635765, 0.017188983038067818, 0.03310957923531532, 0.01950274035334587, 0.059712741523981094, 0.064165860414505]","[0.0012091291137039661, 0.9987908601760864]"
382,27,2.87%,2.7312,"[0.032309986650943756, 0.027389731258153915, 0.03348706290125847, 0.028842026367783546, 0.02642889693379402, 0.04509657993912697, 0.0588517002761364, 0.0496416874229908, 0.03568373620510101, 0.04094802588224411, 0.049500539898872375, 0.034125786274671555, 0.025474008172750473, 0.024718021973967552, 0.030579913407564163, 0.05043685436248779, 0.049809716641902924, 0.030900856480002403, 0.028335265815258026, 0.025075221434235573, 0.016959892585873604, 0.03781004622578621, 0.023587917909026146, 0.01751011051237583, 0.03248559311032295, 0.01966463401913643, 0.05925692617893219, 0.06508925557136536]","[0.0010000000474974513, 0.9992759823799133]"
383,7,2.86%,3.0023,"[0.03323262929916382, 0.027196042239665985, 0.03439167141914368, 0.029116956517100334, 0.026653213426470757, 0.04320675879716873, 0.058084771037101746, 0.0495670810341835, 0.03700092062354088, 0.03988601639866829, 0.049940742552280426, 0.03449566289782524, 0.0247323140501976, 0.025222430005669594, 0.030695486813783646, 0.05081614479422569, 0.048859063535928726, 0.030327798798680305, 0.02894536592066288, 0.025061920285224915, 0.017569396644830704, 0.036851633340120316, 0.023147162050008774, 0.01786232553422451, 0.032066307961940765, 0.019737964496016502, 0.05872432887554169, 0.06660789996385574]","[0.0010751801310107112, 0.9989248514175415]"
384,27,3.12%,2.6858,"[0.03547757863998413, 0.027836550027132034, 0.03344867378473282, 0.02903110720217228, 0.025715939700603485, 0.04416928067803383, 0.05725707486271858, 0.050700731575489044, 0.03763134032487869, 0.039079368114471436, 0.05098262056708336, 0.034967437386512756, 0.02466069720685482, 0.02478383481502533, 0.030354874208569527, 0.050949953496456146, 0.04830664396286011, 0.02977716736495495, 0.02856249175965786, 0.024080511182546616, 0.017732718959450722, 0.03687199950218201, 0.024185581132769585, 0.01729036495089531, 0.03098936565220356, 0.01983196847140789, 0.056884340941905975, 0.06843981891870499]","[0.0010000000474974513, 0.9993122220039368]"
385,0,3.11%,3.3544,"[0.036828622221946716, 0.027848638594150543, 0.033594969660043716, 0.02911289595067501, 0.0255863219499588, 0.04335026070475578, 0.05662817880511284, 0.05138840898871422, 0.03876875340938568, 0.038050781935453415, 0.0516064278781414, 0.03540140762925148, 0.02406628429889679, 0.024987848475575447, 0.030159875750541687, 0.05103219673037529, 0.04762417823076248, 0.02925257198512554, 0.028575563803315163, 0.023627957329154015, 0.01811172068119049, 0.03618178516626358, 0.024301795288920403, 0.01726062409579754, 0.030521757900714874, 0.01986571215093136, 0.05571824312210083, 0.0705462396144867]","[0.0013976566260680556, 0.9986023306846619]"
386,3,3.10%,3.5298,"[0.03823019564151764, 0.02756374515593052, 0.0345303975045681, 0.029421210289001465, 0.02569647878408432, 0.04158968850970268, 0.056204378604888916, 0.05187711864709854, 0.03999429568648338, 0.03673294931650162, 0.05191623419523239, 0.03586351126432419, 0.023229796439409256, 0.02543969638645649, 0.030219649896025658, 0.05130245164036751, 0.04643114283680916, 0.028732802718877792, 0.02910529635846615, 0.023577535524964333, 0.018793921917676926, 0.03512204810976982, 0.023890972137451172, 0.017608514055609703, 0.02999749965965748, 0.019879525527358055, 0.054702069610357285, 0.07234693318605423]","[0.0018371138721704483, 0.9981629252433777]"
387,14,3.09%,3.4857,"[0.03993241861462593, 0.027570314705371857, 0.034861139953136444, 0.03000626526772976, 0.025370365008711815, 0.04091278836131096, 0.05569896474480629, 0.05249415338039398, 0.04099466651678085, 0.03567368909716606, 0.05244797468185425, 0.0363590344786644, 0.022604569792747498, 0.025520246475934982, 0.0299704447388649, 0.05154542624950409, 0.04537142440676689, 0.028147773817181587, 0.029237855225801468, 0.023167628794908524, 0.019288869574666023, 0.0344834066927433, 0.024026652798056602, 0.017580784857273102, 0.029307333752512932, 0.01996610313653946, 0.05339541658759117, 0.07406427711248398]","[0.0023783438373357058, 0.9976217150688171]"
388,17,3.08%,3.5843,"[0.04094637185335159, 0.027126867324113846, 0.03613462299108505, 0.030787337571382523, 0.02523438259959221, 0.0393114872276783, 0.05535925552248955, 0.05290636047720909, 0.0417805090546608, 0.034614041447639465, 0.05267240107059479, 0.03660449758172035, 0.0218464694917202, 0.025911845266819, 0.030469387769699097, 0.05168447270989418, 0.04392118752002716, 0.027786927297711372, 0.02990640699863434, 0.023142777383327484, 0.0201059952378273, 0.033623162657022476, 0.02348950132727623, 0.01803266815841198, 0.02896566316485405, 0.019944289699196815, 0.052549298852682114, 0.07514176517724991]","[0.0019583823159337044, 0.9980416297912598]"
389,3,3.08%,3.4627,"[0.04086560755968094, 0.026405896991491318, 0.03788492828607559, 0.03137384355068207, 0.025547930970788002, 0.03727135807275772, 0.05511442944407463, 0.05278842896223068, 0.042342692613601685, 0.03392143175005913, 0.05236160755157471, 0.03652442991733551, 0.021203013136982918, 0.026621218770742416, 0.03131590411067009, 0.05158081650733948, 0.04269466921687126, 0.027933882549405098, 0.030834367498755455, 0.023572416976094246, 0.020878437906503677, 0.03266732022166252, 0.022391002625226974, 0.018845319747924805, 0.029139604419469833, 0.019823063164949417, 0.05251731351017952, 0.07557903975248337]","[0.002770277438685298, 0.9972296953201294]"
390,25,3.07%,3.9152,"[0.04221520200371742, 0.0264598298817873, 0.037932734936475754, 0.03217208757996559, 0.024798061698675156, 0.03761117532849312, 0.05491620674729347, 0.05347912758588791, 0.04240173473954201, 0.03341933339834213, 0.05279116705060005, 0.03674038127064705, 0.02095082774758339, 0.026338743045926094, 0.03133667632937431, 0.051447972655296326, 0.04193353280425072, 0.02786746621131897, 0.030694743618369102, 0.023006891831755638, 0.021111074835062027, 0.03260582312941551, 0.02279837802052498, 0.018596895039081573, 0.02870732918381691, 0.019897520542144775, 0.051398202776908875, 0.07637085020542145]","[0.001531135756522417, 0.998468816280365]"
391,4,3.06%,3.7024,"[0.04360774904489517, 0.0268232524394989, 0.03775973618030548, 0.03285285457968712, 0.0240471214056015, 0.03859865292906761, 0.05468672513961792, 0.05431590974330902, 0.042565811425447464, 0.033221516758203506, 0.052983567118644714, 0.03689301386475563, 0.0206974558532238, 0.025764845311641693, 0.03110271878540516, 0.05118563398718834, 0.04169734939932823, 0.02776278182864189, 0.030370119959115982, 0.022300757467746735, 0.020963020622730255, 0.03270665183663368, 0.023341936990618706, 0.018110772594809532, 0.02839410863816738, 0.0203471127897501, 0.050195347517728806, 0.07670346647500992]","[0.0010000000474974513, 0.9994420409202576]"
392,0,3.05%,3.1296,"[0.0443815179169178, 0.02700727991759777, 0.03761550039052963, 0.0331849679350853, 0.02422501891851425, 0.038930315524339676, 0.054159000515937805, 0.05469362810254097, 0.04325685277581215, 0.033245012164115906, 0.05279989540576935, 0.03674877807497978, 0.020433994010090828, 0.025721019133925438, 0.031054135411977768, 0.05103599280118942, 0.04206297919154167, 0.027618715539574623, 0.0301071684807539, 0.021784253418445587, 0.02072448469698429, 0.03255011886358261, 0.023476867005228996, 0.017772579565644264, 0.028367547318339348, 0.020694434642791748, 0.049461424350738525, 0.07688650488853455]","[0.001525519648566842, 0.9984744787216187]"
393,6,3.05%,2.9260,"[0.04583209380507469, 0.027104420587420464, 0.0377904437482357, 0.03363367170095444, 0.024270476773381233, 0.03898368403315544, 0.053779784590005875, 0.05514274910092354, 0.04390287399291992, 0.03294255584478378, 0.05257507413625717, 0.03671233728528023, 0.02006562240421772, 0.02567935362458229, 0.03110489249229431, 0.05102274566888809, 0.04206955060362816, 0.02740168198943138, 0.03008980117738247, 0.021360181272029877, 0.02069590426981449, 0.03224077820777893, 0.02355967089533806, 0.01753116212785244, 0.02806209586560726, 0.02100309729576111, 0.0484209768474102, 0.07702232152223587]","[0.0011775795137509704, 0.9988223910331726]"
394,5,3.04%,3.2986,"[0.04456501454114914, 0.026021288707852364, 0.04112287238240242, 0.03423672169446945, 0.02594674378633499, 0.034975335001945496, 0.053748492151498795, 0.05398344621062279, 0.044882096350193024, 0.03201642259955406, 0.050918448716402054, 0.03609494864940643, 0.01930837519466877, 0.027418866753578186, 0.032665301114320755, 0.05137770622968674, 0.040559325367212296, 0.027623601257801056, 0.032216161489486694, 0.022727426141500473, 0.022073863074183464, 0.030344879254698753, 0.021028270944952965, 0.0192779041826725, 0.02815142273902893, 0.020969673991203308, 0.049148205667734146, 0.07659715414047241]","[0.001263930695131421, 0.9987360835075378]"
395,1,3.03%,3.6228,"[0.04576859995722771, 0.026235051453113556, 0.04122518002986908, 0.03455503657460213, 0.025612352415919304, 0.03655477985739708, 0.054617740213871, 0.054636575281620026, 0.04479179158806801, 0.03202405571937561, 0.05019468069076538, 0.03627317026257515, 0.01909893937408924, 0.026881838217377663, 0.032540950924158096, 0.05090385675430298, 0.04064801335334778, 0.0277448408305645, 0.03181549161672592, 0.022406309843063354, 0.021495724096894264, 0.030239401385188103, 0.02126952074468136, 0.018800904974341393, 0.028131594881415367, 0.02133682370185852, 0.04792236164212227, 0.07627441734075546]","[0.0014368353877216578, 0.9985631108283997]"
396,24,3.02%,3.5691,"[0.04769377410411835, 0.027278313413262367, 0.04028601571917534, 0.034715842455625534, 0.024711603298783302, 0.040080804377794266, 0.05554049834609032, 0.05581354722380638, 0.04461492598056793, 0.032442230731248856, 0.049581073224544525, 0.03666481748223305, 0.01898026280105114, 0.02555638924241066, 0.03177478536963463, 0.05019024759531021, 0.04133432358503342, 0.027746766805648804, 0.030657174065709114, 0.021558156237006187, 0.020220357924699783, 0.030613061040639877, 0.022268598899245262, 0.01764087751507759, 0.02813449501991272, 0.02194468304514885, 0.046167027205228806, 0.07578936964273453]","[0.0010342387249693274, 0.9989657402038574]"
397,11,3.02%,3.3159,"[0.04663240537047386, 0.027149641886353493, 0.04296037182211876, 0.03514189273118973, 0.025785941630601883, 0.03789881244301796, 0.055385321378707886, 0.05514492467045784, 0.04490933567285538, 0.03194284066557884, 0.04804278165102005, 0.03612660616636276, 0.018429119139909744, 0.02632078528404236, 0.0327034629881382, 0.05041384696960449, 0.040012821555137634, 0.02807849831879139, 0.03221315145492554, 0.02249324694275856, 0.020945288240909576, 0.02918451651930809, 0.020428504794836044, 0.018898526206612587, 0.028510412201285362, 0.02214812859892845, 0.046794719994068146, 0.07530415058135986]","[0.0010000000474974513, 0.9990832805633545]"
398,10,3.01%,3.0418,"[0.046660635620355606, 0.027413876727223396, 0.043958548456430435, 0.0354125052690506, 0.0259116031229496, 0.038151055574417114, 0.05576258525252342, 0.05519017204642296, 0.04491278901696205, 0.03174073249101639, 0.047176867723464966, 0.03652433678507805, 0.01809092052280903, 0.026060717180371284, 0.03275236114859581, 0.050088196992874146, 0.03931383788585663, 0.02824372425675392, 0.03250596299767494, 0.02277197688817978, 0.02085886336863041, 0.028647530823946, 0.01989668607711792, 0.019200429320335388, 0.028841372579336166, 0.022435704246163368, 0.046522777527570724, 0.07495326548814774]","[0.0011001282837241888, 0.9988999366760254]"
399,9,3.00%,3.4393,"[0.047342732548713684, 0.02773108147084713, 0.04384801536798477, 0.035639747977256775, 0.025439223274588585, 0.03936251252889633, 0.056184425950050354, 0.05564461275935173, 0.044841401278972626, 0.031725723296403885, 0.04743867740035057, 0.03710954636335373, 0.01788938231766224, 0.025431521236896515, 0.03247034177184105, 0.0494023822247982, 0.03899853304028511, 0.02827424183487892, 0.032086603343486786, 0.02250586450099945, 0.02048557437956333, 0.02871938794851303, 0.02013511024415493, 0.018933909013867378, 0.02920028567314148, 0.022618645802140236, 0.04578847438097, 0.07475212216377258]","[0.0010000000474974513, 0.9990971684455872]"
400,10,2.99%,3.0368,"[0.048199381679296494, 0.028242167085409164, 0.043158650398254395, 0.035723086446523666, 0.02467258647084236, 0.0417194664478302, 0.056529451161623, 0.05613461509346962, 0.04462726414203644, 0.032476093620061874, 0.04770345613360405, 0.03756481036543846, 0.017814313992857933, 0.024510474875569344, 0.032045379281044006, 0.04864434525370598, 0.03920714929699898, 0.028298206627368927, 0.03127031773328781, 0.021979577839374542, 0.019660362973809242, 0.029105868190526962, 0.020731570199131966, 0.018227802589535713, 0.029772045090794563, 0.02282145619392395, 0.04487810283899307, 0.07428193837404251]","[0.0011389311403036118, 0.9988610148429871]"
401,2,2.99%,3.1519,"[0.04863431677222252, 0.02840343862771988, 0.0427369587123394, 0.035844720900058746, 0.0242781899869442, 0.04241364449262619, 0.0563637837767601, 0.05622420459985733, 0.044664304703474045, 0.03286129981279373, 0.04868149012327194, 0.03783923760056496, 0.017729291692376137, 0.024129530414938927, 0.03189649060368538, 0.04809429869055748, 0.039008285850286484, 0.02822556160390377, 0.030935371294617653, 0.021677305921912193, 0.019460612908005714, 0.029356056824326515, 0.021018413826823235, 0.017988797277212143, 0.030154436826705933, 0.02281043492257595, 0.04447474703192711, 0.07409477233886719]","[0.0010000000474974513, 0.9990238547325134]"
402,27,3.23%,2.6097,"[0.04985402151942253, 0.028876913711428642, 0.04201064631342888, 0.035921987146139145, 0.023225443437695503, 0.04522056132555008, 0.05662144348025322, 0.05688265338540077, 0.04445064812898636, 0.03362174332141876, 0.049543943256139755, 0.038266412913799286, 0.017631342634558678, 0.023092806339263916, 0.031314339488744736, 0.047109752893447876, 0.03936918079853058, 0.02813868038356304, 0.029908712953329086, 0.02089948020875454, 0.01857396960258484, 0.02998584322631359, 0.02198624238371849, 0.017069848254323006, 0.03073856793344021, 0.022967223078012466, 0.04322148114442825, 0.07349607348442078]","[0.0010000000474974513, 0.9990949630737305]"
403,7,3.22%,2.8847,"[0.04895167797803879, 0.0284587312489748, 0.04389864578843117, 0.03627057746052742, 0.02392677403986454, 0.042333077639341354, 0.05605379119515419, 0.055887043476104736, 0.04471568390727043, 0.03308488801121712, 0.049767978489398956, 0.03825083747506142, 0.01733631081879139, 0.023761944845318794, 0.03181147575378418, 0.04743810370564461, 0.037998564541339874, 0.028151173144578934, 0.031040756031870842, 0.021619800478219986, 0.019458182156085968, 0.029078418388962746, 0.020808851346373558, 0.01808701828122139, 0.0307198204100132, 0.022811703383922577, 0.04397344961762428, 0.0743047297000885]","[0.0010109610157087445, 0.9989890456199646]"
404,14,3.21%,3.4489,"[0.049150872975587845, 0.028471818193793297, 0.04429563134908676, 0.03643728420138359, 0.023725230246782303, 0.042417995631694794, 0.05607180297374725, 0.056444019079208374, 0.04468485713005066, 0.032998036593198776, 0.05026691406965256, 0.03850386664271355, 0.017098460346460342, 0.023554278537631035, 0.03164137154817581, 0.04692671447992325, 0.03748958557844162, 0.02815796434879303, 0.030886763706803322, 0.021457545459270477, 0.019443901255726814, 0.028933092951774597, 0.020792458206415176, 0.01810631901025772, 0.03101152367889881, 0.022826191037893295, 0.04356600344181061, 0.07463949918746948]","[0.0010000000474974513, 0.9990155696868896]"
405,9,3.20%,3.4049,"[0.05033130571246147, 0.028636956587433815, 0.043684057891368866, 0.036430489271879196, 0.02289859764277935, 0.04415881261229515, 0.056204892694950104, 0.057445935904979706, 0.04454461857676506, 0.03331679850816727, 0.051046788692474365, 0.03875727951526642, 0.01697772741317749, 0.022950641810894012, 0.03162257373332977, 0.04611111432313919, 0.0375269390642643, 0.028091205283999443, 0.03011423721909523, 0.020801996812224388, 0.018956221640110016, 0.029279304668307304, 0.021486904472112656, 0.01747577264904976, 0.03137637674808502, 0.022751454263925552, 0.042363762855529785, 0.07465723901987076]","[0.0010000000474974513, 0.9992206692695618]"
406,9,3.19%,3.4021,"[0.04912623018026352, 0.028343018144369125, 0.045346662402153015, 0.03672198951244354, 0.023360557854175568, 0.04220329597592354, 0.05570738762617111, 0.057040777057409286, 0.04423936828970909, 0.033327531069517136, 0.05088053643703461, 0.03842644765973091, 0.016825396567583084, 0.023369891569018364, 0.0324140265583992, 0.046350330114364624, 0.0364767350256443, 0.02828899770975113, 0.031054038554430008, 0.02134447544813156, 0.019623195752501488, 0.028630873188376427, 0.020425479859113693, 0.018346726894378662, 0.03153195232152939, 0.022665919736027718, 0.04315406456589699, 0.07477413862943649]","[0.0010000000474974513, 0.9991939067840576]"
407,24,3.19%,3.4295,"[0.049581822007894516, 0.02872864343225956, 0.04453430324792862, 0.0366172157227993, 0.022551152855157852, 0.044677622616291046, 0.05557044968008995, 0.057556185871362686, 0.04368727281689644, 0.03478353098034859, 0.05128227174282074, 0.0383400097489357, 0.016897274181246758, 0.022575726732611656, 0.032311707735061646, 0.04575394466519356, 0.03683881834149361, 0.028358062729239464, 0.03022146411240101, 0.020748483017086983, 0.018791507929563522, 0.02915741689503193, 0.02107331156730652, 0.017582567408680916, 0.032265178859233856, 0.022672303020954132, 0.04250950366258621, 0.07433228939771652]","[0.0010000000474974513, 0.9990523457527161]"
408,27,3.42%,2.6051,"[0.046895407140254974, 0.028051843866705894, 0.04749000817537308, 0.03691622614860535, 0.023669209331274033, 0.041143886744976044, 0.0549464114010334, 0.05637352541089058, 0.043144769966602325, 0.034933045506477356, 0.05042382329702377, 0.03760674595832825, 0.016726216301321983, 0.02347269468009472, 0.03354708105325699, 0.04627280682325363, 0.0355885811150074, 0.028828732669353485, 0.03187473118305206, 0.021899305284023285, 0.019784821197390556, 0.028074797242879868, 0.019192568957805634, 0.019158612936735153, 0.03296525403857231, 0.022530583664774895, 0.044338684529066086, 0.07414965331554413]","[0.0011173265520483255, 0.9988826513290405]"
409,19,3.41%,3.8971,"[0.047049377113580704, 0.028180062770843506, 0.046781983226537704, 0.036686163395643234, 0.02308463491499424, 0.042851559817790985, 0.05468551069498062, 0.056556425988674164, 0.04273737967014313, 0.03622053563594818, 0.050833553075790405, 0.03747929632663727, 0.01678687520325184, 0.022973818704485893, 0.0335194356739521, 0.045750316232442856, 0.03594881668686867, 0.02892213501036167, 0.03105952776968479, 0.02138368971645832, 0.01905740052461624, 0.028384748846292496, 0.019654907286167145, 0.01852577179670334, 0.03405699133872986, 0.022342247888445854, 0.043910492211580276, 0.0745762512087822]","[0.0010000000474974513, 0.9992659091949463]"
410,26,3.41%,3.1551,"[0.047771528363227844, 0.02852349542081356, 0.04549926146864891, 0.036300379782915115, 0.02202262356877327, 0.04626592621207237, 0.05483083799481392, 0.056871794164180756, 0.04212810844182968, 0.03784504160284996, 0.05115223303437233, 0.03769003972411156, 0.016907500103116035, 0.021942002698779106, 0.033226121217012405, 0.044902313500642776, 0.03640298545360565, 0.029004856944084167, 0.029906656593084335, 0.02102988213300705, 0.01792253367602825, 0.029016166925430298, 0.020529992878437042, 0.017520587891340256, 0.03521626070141792, 0.022196762263774872, 0.04287835955619812, 0.07449577003717422]","[0.0011316314339637756, 0.9988683462142944]"
411,21,3.40%,3.5631,"[0.047489505261182785, 0.028648342937231064, 0.045066919177770615, 0.036022402346134186, 0.02159888669848442, 0.0478564128279686, 0.054724499583244324, 0.0566370002925396, 0.04145175591111183, 0.03904658555984497, 0.05122069641947746, 0.0377042293548584, 0.017011011019349098, 0.02136964537203312, 0.03312387689948082, 0.044390611350536346, 0.03645806387066841, 0.029175667092204094, 0.02941921167075634, 0.021090609952807426, 0.01729259453713894, 0.029296724125742912, 0.020788230001926422, 0.017184607684612274, 0.0362091064453125, 0.02205902710556984, 0.04315852001309395, 0.0745052844285965]","[0.0012019878486171365, 0.9987979531288147]"
412,11,3.39%,3.2841,"[0.04563676193356514, 0.028196297585964203, 0.04623937979340553, 0.03609206900000572, 0.02206030674278736, 0.04595281556248665, 0.05449053645133972, 0.055742137134075165, 0.0407680943608284, 0.039357539266347885, 0.0510539747774601, 0.03746574744582176, 0.0170776154845953, 0.021616250276565552, 0.033634673804044724, 0.04432440921664238, 0.03578686714172363, 0.02951318956911564, 0.030089126899838448, 0.021938711404800415, 0.017635710537433624, 0.02926783263683319, 0.01993456669151783, 0.017969990149140358, 0.03683224320411682, 0.021915186196565628, 0.04483509808778763, 0.07457283139228821]","[0.0010000000474974513, 0.9991593956947327]"
413,11,3.38%,3.2711,"[0.04426468908786774, 0.027831442654132843, 0.04688278213143349, 0.03610089421272278, 0.02225860394537449, 0.044846389442682266, 0.05441069230437279, 0.05507021024823189, 0.04023826867341995, 0.03955788165330887, 0.05110175907611847, 0.03784065693616867, 0.01711394637823105, 0.021608605980873108, 0.03383802995085716, 0.044037751853466034, 0.03511467203497887, 0.02971261367201805, 0.03041517548263073, 0.022657355293631554, 0.017836686223745346, 0.02937973290681839, 0.01941101625561714, 0.018552569672465324, 0.03738579899072647, 0.02176961675286293, 0.04606892541050911, 0.07469314336776733]","[0.0010000000474974513, 0.9992801547050476]"
414,17,3.37%,3.5141,"[0.04329391196370125, 0.02755012921988964, 0.04709184169769287, 0.036069970577955246, 0.022233404219150543, 0.04438486695289612, 0.05447521060705185, 0.05457253381609917, 0.03984233736991882, 0.03965248167514801, 0.051323384046554565, 0.038789667189121246, 0.017119528725743294, 0.02137772925198078, 0.033777981996536255, 0.04358512908220291, 0.03439265489578247, 0.029794752597808838, 0.03046656772494316, 0.023289740085601807, 0.017920169979333878, 0.029595838859677315, 0.01914108172059059, 0.018974296748638153, 0.037873417139053345, 0.021621381863951683, 0.046913113445043564, 0.07487694919109344]","[0.001218409393914044, 0.9987815618515015]"
415,26,3.37%,3.0758,"[0.044889241456985474, 0.02819100022315979, 0.04385731741786003, 0.03540927916765213, 0.02021598443388939, 0.05173062905669212, 0.05552813410758972, 0.055571600794792175, 0.03874880075454712, 0.04169322922825813, 0.051984090358018875, 0.04020536318421364, 0.017409754917025566, 0.019434932619333267, 0.03255897015333176, 0.0416594035923481, 0.03524262085556984, 0.03008766658604145, 0.028022099286317825, 0.022165078669786453, 0.01595037244260311, 0.031436167657375336, 0.021307306364178658, 0.01699923165142536, 0.03938738629221916, 0.021489743143320084, 0.04489359259605408, 0.073931023478508]","[0.0013735858956351876, 0.9986263513565063]"
416,11,3.36%,3.2006,"[0.04322577640414238, 0.027890820056200027, 0.044257089495658875, 0.03532325476408005, 0.020428286865353584, 0.050756096839904785, 0.055806051939725876, 0.055001407861709595, 0.03778395056724548, 0.041712164878845215, 0.05194810777902603, 0.04088135436177254, 0.017546994611620903, 0.019268659874796867, 0.03242573142051697, 0.04117000102996826, 0.03458147868514061, 0.03070567362010479, 0.028154805302619934, 0.022899681702256203, 0.016025125980377197, 0.03167501091957092, 0.020878255367279053, 0.017583824694156647, 0.04005361720919609, 0.021431662142276764, 0.04670810326933861, 0.0738770067691803]","[0.0011195071274414659, 0.9988805055618286]"
417,8,3.35%,3.2974,"[0.04132823273539543, 0.02744951844215393, 0.04503726214170456, 0.03532695025205612, 0.020878782495856285, 0.048739954829216, 0.056126613169908524, 0.054285209625959396, 0.03701753914356232, 0.04115140065550804, 0.051885779947042465, 0.04206358641386032, 0.017595041543245316, 0.019257979467511177, 0.03227443993091583, 0.040791358798742294, 0.03350359946489334, 0.03125619888305664, 0.028552833944559097, 0.024004004895687103, 0.01642056182026863, 0.03163609281182289, 0.02013278752565384, 0.01858164556324482, 0.04044609144330025, 0.02138184756040573, 0.048813946545124054, 0.07406072318553925]","[0.0010000000474974513, 0.9990291595458984]"
418,22,3.34%,3.9391,"[0.040521495044231415, 0.02720445580780506, 0.045184679329395294, 0.03527124226093292, 0.020942365750670433, 0.048159532248973846, 0.05647266283631325, 0.054007258266210556, 0.03707505390048027, 0.04082720726728439, 0.05203975364565849, 0.043403420597314835, 0.017467785626649857, 0.018995610997080803, 0.031874265521764755, 0.04009624943137169, 0.032860420644283295, 0.031454235315322876, 0.02850036695599556, 0.024580523371696472, 0.016421325504779816, 0.0318080373108387, 0.019925400614738464, 0.018993070349097252, 0.040858976542949677, 0.021372590214014053, 0.04971235245466232, 0.07396963238716125]","[0.001100011053495109, 0.9988999962806702]"
419,1,3.33%,3.6096,"[0.0395490862429142, 0.02672642096877098, 0.04536468908190727, 0.03518712893128395, 0.021282725036144257, 0.046331845223903656, 0.0564403273165226, 0.05336606502532959, 0.03722229599952698, 0.04034172371029854, 0.052496686577796936, 0.044408202171325684, 0.017435217276215553, 0.01913219690322876, 0.03172815218567848, 0.03967900201678276, 0.03227758780121803, 0.03159571439027786, 0.02864888869225979, 0.025218548253178596, 0.016700366511940956, 0.03186643868684769, 0.019779138267040253, 0.01960047520697117, 0.04105733707547188, 0.021172350272536278, 0.05106225609779358, 0.07432913035154343]","[0.0011616982519626617, 0.9988383054733276]"
420,1,3.33%,3.6188,"[0.04021875187754631, 0.027165474370121956, 0.04417974129319191, 0.03496170789003372, 0.020458467304706573, 0.04914626106619835, 0.05719872564077377, 0.053658392280340195, 0.03728463500738144, 0.040775492787361145, 0.05280637741088867, 0.046090755611658096, 0.017304662615060806, 0.018132556229829788, 0.030800513923168182, 0.038434095680713654, 0.032347023487091064, 0.031519196927547455, 0.027674026787281036, 0.024923214688897133, 0.015761371701955795, 0.032751597464084625, 0.02088388055562973, 0.01881607063114643, 0.041679445654153824, 0.021238643676042557, 0.05023467540740967, 0.07355424761772156]","[0.0013189660385251045, 0.9986810088157654]"
421,20,3.32%,4.1848,"[0.040529441088438034, 0.02786063216626644, 0.043740492314100266, 0.03476760536432266, 0.020048383623361588, 0.05114217475056648, 0.057829152792692184, 0.053773604333400726, 0.037621334195137024, 0.04097507894039154, 0.05250968039035797, 0.04764242842793465, 0.017018429934978485, 0.01734115369617939, 0.029944701120257378, 0.037407249212265015, 0.032336343079805374, 0.03141213580965996, 0.027121292427182198, 0.02494950033724308, 0.015002639964222908, 0.03316797316074371, 0.02145805023610592, 0.01839439384639263, 0.042178552597761154, 0.021504845470190048, 0.04968475550413132, 0.07263797521591187]","[0.0013561210362240672, 0.9986438751220703]"
422,27,3.55%,2.6109,"[0.03983977064490318, 0.02822442352771759, 0.0439923033118248, 0.03482915461063385, 0.020402561873197556, 0.04924027621746063, 0.05710551515221596, 0.053395532071590424, 0.0381489135324955, 0.04043756052851677, 0.052767276763916016, 0.04825916886329651, 0.01689649000763893, 0.01749807968735695, 0.02985205128788948, 0.03748566284775734, 0.031627267599105835, 0.03131399676203728, 0.02749098837375641, 0.025389235466718674, 0.015628157183527946, 0.03288769721984863, 0.021041974425315857, 0.019024401903152466, 0.04189484938979149, 0.021542826667428017, 0.05070657655596733, 0.07307729125022888]","[0.0015191405545920134, 0.9984807968139648]"
423,16,3.54%,3.4737,"[0.03938492015004158, 0.02852022647857666, 0.0441201888024807, 0.034786440432071686, 0.020762119442224503, 0.0475848950445652, 0.05645947903394699, 0.05304696038365364, 0.038847967982292175, 0.0398249588906765, 0.052992843091487885, 0.048978786915540695, 0.016700828447937965, 0.017654940485954285, 0.029618775472044945, 0.03748695179820061, 0.03109687566757202, 0.031123006716370583, 0.027664221823215485, 0.025686344131827354, 0.016111625358462334, 0.032504018396139145, 0.020744483917951584, 0.019504107534885406, 0.04168469458818436, 0.021537069231271744, 0.051403529942035675, 0.07416876405477524]","[0.0013742441078647971, 0.9986256957054138]"
424,23,3.53%,3.9612,"[0.03937015309929848, 0.028846340253949165, 0.04381687939167023, 0.034566596150398254, 0.020930683240294456, 0.04705621674656868, 0.05601360276341438, 0.05290940776467323, 0.0395166352391243, 0.03966588154435158, 0.05312730744481087, 0.04944250360131264, 0.016548708081245422, 0.017666060477495193, 0.0293264202773571, 0.03727467730641365, 0.03150563687086105, 0.03091288171708584, 0.02745874412357807, 0.025523273274302483, 0.016121136024594307, 0.032441042363643646, 0.020866304636001587, 0.019417086616158485, 0.04174743965268135, 0.02155749686062336, 0.05154874920845032, 0.07482203841209412]","[0.0018131692195311189, 0.9981868863105774]"
425,3,3.52%,3.3702,"[0.04009809345006943, 0.029377300292253494, 0.04338512197136879, 0.03434324264526367, 0.02055809646844864, 0.04910511150956154, 0.05663399025797844, 0.053456101566553116, 0.04041994735598564, 0.03971797972917557, 0.05277387052774429, 0.050974659621715546, 0.016032740473747253, 0.016949305310845375, 0.028436508029699326, 0.036172110587358475, 0.032035063952207565, 0.03056863695383072, 0.0266940388828516, 0.025147611275315285, 0.015338690020143986, 0.03267059475183487, 0.021479511633515358, 0.01896275393664837, 0.042475465685129166, 0.021871129050850868, 0.05016228184103966, 0.07416000962257385]","[0.0014962456189095974, 0.9985038042068481]"
426,3,3.51%,3.3637,"[0.036774080246686935, 0.029377233237028122, 0.044331710785627365, 0.03467554971575737, 0.02249383181333542, 0.041218917816877365, 0.053083572536706924, 0.05119961127638817, 0.03991038352251053, 0.03836730495095253, 0.053461987525224686, 0.049091581255197525, 0.016728945076465607, 0.01865290105342865, 0.02956673502922058, 0.03849809616804123, 0.030202403664588928, 0.030878251418471336, 0.028835171833634377, 0.026738597080111504, 0.018222322687506676, 0.03129994496703148, 0.019244953989982605, 0.02205723337829113, 0.04052284359931946, 0.02144204080104828, 0.055741578340530396, 0.07738221436738968]","[0.001277217292226851, 0.9987227916717529]"
427,27,3.74%,2.5871,"[0.038454484194517136, 0.030096737667918205, 0.04357440024614334, 0.035381708294153214, 0.021011436358094215, 0.046345509588718414, 0.05478859692811966, 0.05262758582830429, 0.04067043960094452, 0.03909691050648689, 0.05317062512040138, 0.051243290305137634, 0.016002487391233444, 0.017101289704442024, 0.028100108727812767, 0.03654208034276962, 0.03116617351770401, 0.030405504629015923, 0.027194762602448463, 0.025470254942774773, 0.016376139596104622, 0.03236722573637962, 0.020847627893090248, 0.02031111717224121, 0.04193490371108055, 0.02207854948937893, 0.05237744376063347, 0.07526259869337082]","[0.0018922851886600256, 0.9981077313423157]"
428,1,3.73%,3.5008,"[0.03813949227333069, 0.030355580151081085, 0.043176036328077316, 0.035910334438085556, 0.02121535688638687, 0.0451088510453701, 0.053794436156749725, 0.05228497460484505, 0.04131924360990524, 0.038628026843070984, 0.053760264068841934, 0.05156692862510681, 0.015899287536740303, 0.017261333763599396, 0.027704866603016853, 0.036708276718854904, 0.03095395676791668, 0.030025595799088478, 0.027093132957816124, 0.02524552494287491, 0.016791129484772682, 0.0321810320019722, 0.020859012380242348, 0.02064005471765995, 0.041537925601005554, 0.02207019552588463, 0.05295984819531441, 0.07680933177471161]","[0.0029902507085353136, 0.9970097541809082]"
429,1,3.72%,3.4795,"[0.03761657699942589, 0.03102824091911316, 0.042867254465818405, 0.036303840577602386, 0.02176808752119541, 0.04306276515126228, 0.052310336381196976, 0.05162942782044411, 0.04222334176301956, 0.03798921778798103, 0.054178304970264435, 0.051664989441633224, 0.01584012806415558, 0.01760850101709366, 0.027383150532841682, 0.03727339580655098, 0.030551617965102196, 0.029569905251264572, 0.02733745612204075, 0.025302447378635406, 0.017505906522274017, 0.03166778013110161, 0.02048357017338276, 0.021304860711097717, 0.040662478655576706, 0.022130168974399567, 0.05405136197805405, 0.07868489623069763]","[0.005227206274867058, 0.994772732257843]"
430,26,3.71%,2.9178,"[0.03716113790869713, 0.03212772309780121, 0.042532045394182205, 0.03653491660952568, 0.02246713638305664, 0.04124448448419571, 0.050830941647291183, 0.05091099068522453, 0.04352831095457077, 0.037343841046094894, 0.054261159151792526, 0.051934145390987396, 0.015702761709690094, 0.01789005473256111, 0.026894014328718185, 0.037833258509635925, 0.03020724281668663, 0.02899906411767006, 0.02760952338576317, 0.02548535168170929, 0.01811276376247406, 0.031020287424325943, 0.02000357024371624, 0.021954813972115517, 0.03967921435832977, 0.02236279845237732, 0.05498548597097397, 0.08038288354873657]","[0.0038422138895839453, 0.9961578249931335]"
431,7,3.70%,2.9809,"[0.037790510803461075, 0.033324141055345535, 0.041164331138134, 0.03641146048903465, 0.022935986518859863, 0.04114631190896034, 0.049902256578207016, 0.05065406858921051, 0.0459786057472229, 0.03708338737487793, 0.05469248816370964, 0.05296195298433304, 0.015306688845157623, 0.01779698207974434, 0.025706417858600616, 0.03759671375155449, 0.03097512759268284, 0.028010882437229156, 0.026885341852903366, 0.02484026364982128, 0.01760326884686947, 0.030881771817803383, 0.020497115328907967, 0.021366465836763382, 0.03930704668164253, 0.022708667442202568, 0.0547834150493145, 0.0816882997751236]","[0.003431888297200203, 0.9965680837631226]"
432,17,3.70%,3.5870,"[0.03855434060096741, 0.034405313432216644, 0.03977800905704498, 0.03633921593427658, 0.02331443876028061, 0.041131194680929184, 0.04950874298810959, 0.05111250281333923, 0.04853663966059685, 0.036380618810653687, 0.05526202544569969, 0.05461415648460388, 0.014789368957281113, 0.017551958560943604, 0.024337973445653915, 0.03694021701812744, 0.031422827392816544, 0.027045637369155884, 0.02606620080769062, 0.024257270619273186, 0.017119327560067177, 0.03083956614136696, 0.02110510692000389, 0.02085113525390625, 0.038815878331661224, 0.023136284202337265, 0.05414847657084465, 0.08263560384511948]","[0.0022247459273785353, 0.9977752566337585]"
433,4,3.69%,3.7621,"[0.03645307198166847, 0.03518935292959213, 0.04107396677136421, 0.0373142808675766, 0.023213215172290802, 0.0387757234275341, 0.04818529635667801, 0.0508602038025856, 0.045127738267183304, 0.03555504232645035, 0.05484120175242424, 0.05296359211206436, 0.015375393442809582, 0.01772219128906727, 0.025182807818055153, 0.03809821605682373, 0.029091132804751396, 0.028166688978672028, 0.027546467259526253, 0.025098923593759537, 0.019094476476311684, 0.03029133751988411, 0.019781392067670822, 0.023067614063620567, 0.037597134709358215, 0.023060966283082962, 0.05777808278799057, 0.08349450677633286]","[0.001634678803384304, 0.9983652830123901]"
434,27,3.91%,2.4799,"[0.035965632647275925, 0.036228109151124954, 0.0407923087477684, 0.03749345615506172, 0.023593077436089516, 0.03871994465589523, 0.04782622307538986, 0.05118609592318535, 0.04455585032701492, 0.03523702174425125, 0.05444381758570671, 0.05298171937465668, 0.015376877039670944, 0.017480021342635155, 0.024722905829548836, 0.0380222387611866, 0.028702404350042343, 0.028455764055252075, 0.027463650330901146, 0.025019224733114243, 0.01916947215795517, 0.0301621463149786, 0.019715476781129837, 0.023435387760400772, 0.037317074835300446, 0.02335452474653721, 0.058879949152469635, 0.08369966596364975]","[0.002842269605025649, 0.9971576929092407]"
435,3,3.90%,3.2898,"[0.03721768036484718, 0.03732592239975929, 0.03856056183576584, 0.03677472844719887, 0.024243855848908424, 0.040156736969947815, 0.048126813024282455, 0.05183309689164162, 0.04725150391459465, 0.03504122793674469, 0.054884351789951324, 0.05499481409788132, 0.01483238860964775, 0.017026908695697784, 0.022965876385569572, 0.036789584904909134, 0.030073439702391624, 0.027642037719488144, 0.025798963382840157, 0.02402663044631481, 0.017601430416107178, 0.03045215643942356, 0.021011900156736374, 0.02190569043159485, 0.03752569481730461, 0.02379581332206726, 0.05733460560441017, 0.08480551838874817]","[0.0035779487807303667, 0.9964220523834229]"
436,25,3.89%,3.7326,"[0.03598703071475029, 0.03816590830683708, 0.038857754319906235, 0.03756595030426979, 0.024584438651800156, 0.039272893220186234, 0.04707428812980652, 0.05186983942985535, 0.04580603539943695, 0.034783411771059036, 0.05443258583545685, 0.053806740790605545, 0.015022549778223038, 0.01711665466427803, 0.022996263578534126, 0.037374503910541534, 0.0293025691062212, 0.02813020348548889, 0.026084380224347115, 0.023872939869761467, 0.01829933561384678, 0.03005874529480934, 0.020499547943472862, 0.022710392251610756, 0.03720768913626671, 0.023953482508659363, 0.059355612844228745, 0.08580833673477173]","[0.002897429745644331, 0.9971025586128235]"
437,10,3.88%,2.9277,"[0.03426911309361458, 0.039070699363946915, 0.0401223823428154, 0.038659173995256424, 0.02488633804023266, 0.03812991827726364, 0.04590222239494324, 0.051829468458890915, 0.043772246688604355, 0.034509606659412384, 0.05319705978035927, 0.052041422575712204, 0.01522129401564598, 0.01724017970263958, 0.023365959525108337, 0.038287632167339325, 0.02811826393008232, 0.028886565938591957, 0.026890641078352928, 0.024013856425881386, 0.01939968205988407, 0.029307248070836067, 0.01939360238611698, 0.024100758135318756, 0.036856990307569504, 0.024462774395942688, 0.06184147298336029, 0.08622342348098755]","[0.0010000000474974513, 0.9990812540054321]"
438,6,3.87%,3.0856,"[0.033948659896850586, 0.04000202938914299, 0.03967560455203056, 0.03924855962395668, 0.02486043982207775, 0.03854123502969742, 0.04540929198265076, 0.05227527394890785, 0.043381400406360626, 0.03445274010300636, 0.05353222414851189, 0.051801618188619614, 0.015160610899329185, 0.016943803057074547, 0.022834377363324165, 0.038130808621644974, 0.027976565062999725, 0.028952566906809807, 0.026509622111916542, 0.0234118290245533, 0.01930580660700798, 0.029407761991024017, 0.019627025350928307, 0.02396082691848278, 0.03685825318098068, 0.024996843189001083, 0.06234332546591759, 0.08645090460777283]","[0.0010000000474974513, 0.9991610050201416]"
439,17,3.86%,3.5277,"[0.0336608849465847, 0.04089336842298508, 0.03890245035290718, 0.039550796151161194, 0.02461591176688671, 0.04009039327502251, 0.04601406306028366, 0.05303293094038963, 0.042613912373781204, 0.03473125025629997, 0.05366092920303345, 0.05170091986656189, 0.015180322341620922, 0.016428835690021515, 0.022127795964479446, 0.037379346787929535, 0.028408551588654518, 0.029271084815263748, 0.025673162192106247, 0.022690286859869957, 0.01856859214603901, 0.0299411341547966, 0.02026265673339367, 0.023254215717315674, 0.037370335310697556, 0.025646120309829712, 0.062391556799411774, 0.08593816310167313]","[0.001231015776284039, 0.9987689852714539]"
440,10,3.85%,2.9260,"[0.032685842365026474, 0.04102381318807602, 0.04000352323055267, 0.04025811329483986, 0.02469652146100998, 0.038852620869874954, 0.045860737562179565, 0.05302058160305023, 0.0409943163394928, 0.03427872806787491, 0.053136322647333145, 0.05039316043257713, 0.015371357090771198, 0.01664748042821884, 0.02269325591623783, 0.03775225952267647, 0.0274956077337265, 0.030201544985175133, 0.02640065923333168, 0.02295343577861786, 0.019511381164193153, 0.02943447232246399, 0.019439401105046272, 0.024387268349528313, 0.03694445639848709, 0.025755207985639572, 0.06378725171089172, 0.08602064847946167]","[0.0010000000474974513, 0.999412477016449]"
441,21,3.85%,3.5036,"[0.03286479413509369, 0.041478801518678665, 0.0390319861471653, 0.04037876054644585, 0.024121198803186417, 0.04021243378520012, 0.04651574417948723, 0.05370814725756645, 0.0402308851480484, 0.03442498669028282, 0.05418357625603676, 0.05046096444129944, 0.015474407002329826, 0.0161728598177433, 0.02222900278866291, 0.03686029464006424, 0.027769174426794052, 0.030664166435599327, 0.02565777115523815, 0.022311031818389893, 0.018909389153122902, 0.030179500579833984, 0.02027599699795246, 0.02364422380924225, 0.03724487125873566, 0.02599285915493965, 0.06335903704166412, 0.08564312756061554]","[0.0015149307437241077, 0.9984850883483887]"
442,27,4.06%,2.4697,"[0.032365620136260986, 0.04129878804087639, 0.03906866908073425, 0.04081980139017105, 0.02391812764108181, 0.03983355686068535, 0.04683244600892067, 0.053781647235155106, 0.03933976963162422, 0.03415605053305626, 0.05489074066281319, 0.050214361399412155, 0.015589689835906029, 0.016121279448270798, 0.02227502502501011, 0.03647175058722496, 0.02734459936618805, 0.031195737421512604, 0.02567729353904724, 0.022311514243483543, 0.019202833995223045, 0.030620969831943512, 0.02026078663766384, 0.02396819368004799, 0.03717556968331337, 0.026001935824751854, 0.06386905908584595, 0.08539415150880814]","[0.0017530376790091395, 0.998246967792511]"
443,16,4.05%,3.5760,"[0.03227661922574043, 0.041273873299360275, 0.038207218050956726, 0.04087330400943756, 0.023665888234972954, 0.04026922211050987, 0.04724925383925438, 0.05403704568743706, 0.038931407034397125, 0.03405357524752617, 0.05597768723964691, 0.0503452904522419, 0.015664149075746536, 0.015943583101034164, 0.021867530420422554, 0.03578414022922516, 0.027502819895744324, 0.03147614002227783, 0.025030314922332764, 0.021864691749215126, 0.018895456567406654, 0.03131335228681564, 0.0208701491355896, 0.02351009100675583, 0.03736480325460434, 0.026012742891907692, 0.06372459977865219, 0.08601506054401398]","[0.0016949393320828676, 0.998305082321167]"
444,7,4.04%,2.9274,"[0.03180641308426857, 0.040801096707582474, 0.03835807368159294, 0.041040487587451935, 0.023920226842164993, 0.03901546075940132, 0.04716885834932327, 0.053688276559114456, 0.038564298301935196, 0.03369894623756409, 0.056413985788822174, 0.04976493865251541, 0.01577647775411606, 0.016281645745038986, 0.02209613472223282, 0.0358220674097538, 0.02759249322116375, 0.03180510178208351, 0.025155821815133095, 0.02189689502120018, 0.019311629235744476, 0.03129978105425835, 0.020594818517565727, 0.023868607357144356, 0.037103038281202316, 0.025815261527895927, 0.06436941772699356, 0.08696970343589783]","[0.001732712029479444, 0.9982672929763794]"
445,11,4.04%,3.0177,"[0.03147473186254501, 0.04039957374334335, 0.03840683028101921, 0.04120737686753273, 0.0241220835596323, 0.03796811401844025, 0.04722294211387634, 0.05407534912228584, 0.038269270211458206, 0.03318613022565842, 0.056864362210035324, 0.049319300800561905, 0.015805598348379135, 0.016570040956139565, 0.02221815101802349, 0.035700369626283646, 0.027622507885098457, 0.03211101517081261, 0.025162382051348686, 0.0217964518815279, 0.019723765552043915, 0.031285759061574936, 0.020412951707839966, 0.024172740057110786, 0.03682788088917732, 0.02570820227265358, 0.06461889296770096, 0.08774716407060623]","[0.001079551875591278, 0.9989204406738281]"
446,13,4.03%,4.1262,"[0.031449560075998306, 0.040105871856212616, 0.0379505418241024, 0.04124550148844719, 0.023916095495224, 0.0379350520670414, 0.04763804376125336, 0.05468050763010979, 0.037932101637125015, 0.032783858478069305, 0.05759783461689949, 0.04979546368122101, 0.015828698873519897, 0.01652124710381031, 0.022056231275200844, 0.035192523151636124, 0.02772841788828373, 0.03234456479549408, 0.02477451227605343, 0.021549880504608154, 0.019719218835234642, 0.03164435923099518, 0.020717397332191467, 0.024021979421377182, 0.03676370158791542, 0.025615649297833443, 0.06421631574630737, 0.08827480673789978]","[0.001278120675124228, 0.9987218379974365]"
447,21,4.02%,3.4527,"[0.03181830048561096, 0.03976685553789139, 0.03688015788793564, 0.041117891669273376, 0.023498671129345894, 0.038709238171577454, 0.04838438332080841, 0.05557502433657646, 0.03773026913404465, 0.03258039802312851, 0.058685511350631714, 0.05041206628084183, 0.015888415277004242, 0.016532154753804207, 0.021734490990638733, 0.034379228949546814, 0.028261100873351097, 0.032501522451639175, 0.023947823792696, 0.020964985713362694, 0.019284948706626892, 0.03240584209561348, 0.021613840013742447, 0.023246925324201584, 0.03687019646167755, 0.025467952713370323, 0.06310983002185822, 0.08863197267055511]","[0.0020446490962058306, 0.9979553818702698]"
448,22,4.01%,3.8318,"[0.03145453706383705, 0.03906155005097389, 0.036635175347328186, 0.04123317822813988, 0.023528117686510086, 0.03804129734635353, 0.048797059804201126, 0.05585276708006859, 0.037433695048093796, 0.03216211870312691, 0.0593225359916687, 0.05064000189304352, 0.01596606895327568, 0.016865937039256096, 0.021776888519525528, 0.03395649418234825, 0.028331097215414047, 0.0327419713139534, 0.023749085143208504, 0.020913712680339813, 0.01952316425740719, 0.032954663038253784, 0.021677635610103607, 0.023369330912828445, 0.03675300255417824, 0.025272324681282043, 0.06313660740852356, 0.08884993195533752]","[0.001531367190182209, 0.9984685778617859]"
449,3,4.00%,3.1886,"[0.031203309074044228, 0.03816497325897217, 0.03634968400001526, 0.04130583256483078, 0.02360907755792141, 0.036849457770586014, 0.048886291682720184, 0.05584309250116348, 0.03719455748796463, 0.031696025282144547, 0.060263507068157196, 0.050580285489559174, 0.016124378889799118, 0.017406011000275612, 0.022005608305335045, 0.033778294920921326, 0.02837960235774517, 0.032886654138565063, 0.02367505244910717, 0.02084817737340927, 0.02000891976058483, 0.03340963274240494, 0.021927036345005035, 0.023548109456896782, 0.03640088438987732, 0.024841202422976494, 0.06329365819692612, 0.08952070027589798]","[0.0024023070000112057, 0.9975976943969727]"
450,27,4.21%,2.4090,"[0.031042147427797318, 0.03752768784761429, 0.03580678626894951, 0.04179941862821579, 0.023399516940116882, 0.03661349415779114, 0.049254391342401505, 0.0561385415494442, 0.03690246492624283, 0.03142470866441727, 0.0612771213054657, 0.05079934373497963, 0.016207760199904442, 0.017603453248739243, 0.02185264602303505, 0.03328195586800575, 0.028597328811883926, 0.032958853989839554, 0.023252887651324272, 0.020508812740445137, 0.020044298842549324, 0.03423056751489639, 0.02261410653591156, 0.023266350850462914, 0.036349114030599594, 0.024677088484168053, 0.06303834915161133, 0.08953077346086502]","[0.002733191940933466, 0.9972668290138245]"
451,3,4.20%,3.1696,"[0.0316290520131588, 0.037119247019290924, 0.034101296216249466, 0.041866056621074677, 0.022618740797042847, 0.03820270299911499, 0.05012648552656174, 0.05691157281398773, 0.0366569422185421, 0.031474895775318146, 0.06300920993089676, 0.05166523531079292, 0.01628999039530754, 0.017272265627980232, 0.02110549807548523, 0.03215857222676277, 0.029459774494171143, 0.03283407539129257, 0.02195940539240837, 0.019562015309929848, 0.019052118062973022, 0.0358508937060833, 0.024661613628268242, 0.021809905767440796, 0.03673901781439781, 0.024494372308254242, 0.06150120124220848, 0.08986777812242508]","[0.004471257794648409, 0.9955287575721741]"
452,10,4.19%,2.7640,"[0.030707722529768944, 0.03638823702931404, 0.03469030559062958, 0.042940687388181686, 0.023328058421611786, 0.03568441793322563, 0.04927793890237808, 0.0563841350376606, 0.03698889538645744, 0.03081117756664753, 0.06320810317993164, 0.0509696863591671, 0.016209043562412262, 0.018240051344037056, 0.02136666141450405, 0.032671209424734116, 0.02914820797741413, 0.03269685432314873, 0.022315988317131996, 0.019615836441516876, 0.020153092220425606, 0.03525270149111748, 0.02383868768811226, 0.022603074088692665, 0.03617866709828377, 0.024343200027942657, 0.06252128630876541, 0.09146597236394882]","[0.0037051872350275517, 0.9962947964668274]"
453,6,4.19%,3.0313,"[0.03039231151342392, 0.035633623600006104, 0.03446684032678604, 0.04381965845823288, 0.023468025028705597, 0.03405483812093735, 0.04854342341423035, 0.05608941242098808, 0.03729941323399544, 0.030239665880799294, 0.0648597776889801, 0.05066660791635513, 0.016186432912945747, 0.018931539729237556, 0.021428721025586128, 0.03282839432358742, 0.028903774917125702, 0.03235200420022011, 0.0222794096916914, 0.01933557540178299, 0.021002672612667084, 0.03528900071978569, 0.023885635659098625, 0.02281944453716278, 0.03562941774725914, 0.023985780775547028, 0.06264905631542206, 0.09295959025621414]","[0.003942685667425394, 0.9960573315620422]"
454,2,4.18%,3.3671,"[0.030282897874712944, 0.035073909908533096, 0.033348169177770615, 0.044308505952358246, 0.022946041077375412, 0.03488356992602348, 0.04964273050427437, 0.05659438669681549, 0.03681240975856781, 0.03023715317249298, 0.06646853685379028, 0.05102859064936638, 0.016287896782159805, 0.01877623423933983, 0.0208353903144598, 0.031886156648397446, 0.029545843601226807, 0.03240654617547989, 0.021293599158525467, 0.018658902496099472, 0.020351700484752655, 0.03661610186100006, 0.025333765894174576, 0.021841414272785187, 0.03605107590556145, 0.023928159847855568, 0.061840303242206573, 0.09271997213363647]","[0.0024228135589510202, 0.9975771903991699]"
455,4,4.17%,3.7732,"[0.030039457604289055, 0.03448187932372093, 0.03361349180340767, 0.04509837552905083, 0.022765817120671272, 0.03426111117005348, 0.05002203211188316, 0.05665195360779762, 0.03657097369432449, 0.029851282015442848, 0.06735529005527496, 0.05084714666008949, 0.016260161995887756, 0.019075017422437668, 0.020805582404136658, 0.031676214188337326, 0.02946558967232704, 0.03242437168955803, 0.021150782704353333, 0.01842835545539856, 0.020665425807237625, 0.03682168945670128, 0.025539938360452652, 0.0217969361692667, 0.035868510603904724, 0.02379700541496277, 0.06149562820792198, 0.09316994994878769]","[0.002915529301390052, 0.9970844984054565]"
456,10,4.16%,2.6971,"[0.02958633378148079, 0.03390803933143616, 0.034345608204603195, 0.04577018320560455, 0.02333931438624859, 0.032841965556144714, 0.05002323538064957, 0.05639861896634102, 0.036619093269109726, 0.029328661039471626, 0.06749214977025986, 0.05037619546055794, 0.01616397500038147, 0.019730383530259132, 0.021016817539930344, 0.031856488436460495, 0.029245542362332344, 0.032433755695819855, 0.02136911079287529, 0.018475061282515526, 0.02134241908788681, 0.0363188274204731, 0.024969490244984627, 0.022252846509218216, 0.03548773378133774, 0.02365974895656109, 0.06167905777692795, 0.09396924823522568]","[0.0027455780655145645, 0.9972544312477112]"
457,6,4.15%,2.9760,"[0.02963447943329811, 0.033455561846494675, 0.03362908214330673, 0.04607546329498291, 0.023159204050898552, 0.033174946904182434, 0.050450511276721954, 0.0566398948431015, 0.03641587868332863, 0.029314514249563217, 0.06931886821985245, 0.05035500228404999, 0.016220519319176674, 0.01975109428167343, 0.02065899223089218, 0.03131760284304619, 0.02971687726676464, 0.03233679011464119, 0.02068200148642063, 0.01788412407040596, 0.020971057936549187, 0.037152890115976334, 0.026063542813062668, 0.021493732929229736, 0.035697657614946365, 0.023480171337723732, 0.06090190261602402, 0.09404761344194412]","[0.0033589776139706373, 0.9966410398483276]"
458,5,4.14%,3.4483,"[0.029346097260713577, 0.032911267131567, 0.033269841223955154, 0.04633142426609993, 0.02296644076704979, 0.03366025909781456, 0.051777150481939316, 0.05694086477160454, 0.03572898730635643, 0.029273368418216705, 0.07034696638584137, 0.050335731357336044, 0.016335655003786087, 0.019699539989233017, 0.02038724720478058, 0.030618881806731224, 0.030129529535770416, 0.03262842446565628, 0.020087208598852158, 0.017544103786349297, 0.020551243796944618, 0.037947315722703934, 0.02688419632613659, 0.02095520682632923, 0.03607925772666931, 0.02339545078575611, 0.06032280623912811, 0.09354548156261444]","[0.002692596986889839, 0.9973074197769165]"
459,17,4.13%,3.4153,"[0.0291045643389225, 0.032641489058732986, 0.032669249922037125, 0.046449851244688034, 0.022450748831033707, 0.035587433725595474, 0.053304579108953476, 0.05743435397744179, 0.0348472036421299, 0.029634157195687294, 0.07088804990053177, 0.05038316920399666, 0.016494423151016235, 0.019288308918476105, 0.020002974197268486, 0.029773704707622528, 0.030756231397390366, 0.03303604573011398, 0.019260186702013016, 0.017089921981096268, 0.019625475630164146, 0.0390012152493, 0.028051268309354782, 0.02007114514708519, 0.03688568249344826, 0.023421065881848335, 0.059398069977760315, 0.09244942665100098]","[0.0026202434673905373, 0.997379720211029]"
460,6,4.12%,2.9184,"[0.028692789375782013, 0.0316537581384182, 0.0348447747528553, 0.04714545980095863, 0.023551397025585175, 0.0320451557636261, 0.05333808436989784, 0.056390292942523956, 0.0352352075278759, 0.02823808416724205, 0.07049844413995743, 0.05009298026561737, 0.016204288229346275, 0.02062578871846199, 0.020990237593650818, 0.03047047182917595, 0.02910587191581726, 0.03330409526824951, 0.020627204328775406, 0.01815336011350155, 0.021628422662615776, 0.036951061338186264, 0.02559327520430088, 0.022032782435417175, 0.0354149267077446, 0.022901730611920357, 0.06013532355427742, 0.09413473308086395]","[0.003656805260106921, 0.996343195438385]"
461,7,4.11%,2.8656,"[0.028231889009475708, 0.03129276633262634, 0.03470702841877937, 0.04709310457110405, 0.023207059130072594, 0.03362207114696503, 0.05586634948849678, 0.05685962364077568, 0.03400346636772156, 0.02842826396226883, 0.07012548297643661, 0.050251465290784836, 0.016380826011300087, 0.020193446427583694, 0.020704202353954315, 0.02947123348712921, 0.02959783934056759, 0.034339647740125656, 0.019993159919977188, 0.018058596178889275, 0.020644547417759895, 0.0377914197742939, 0.02627059631049633, 0.021473290398716927, 0.03624191880226135, 0.02300429344177246, 0.05957942083477974, 0.09256696701049805]","[0.003901897231116891, 0.9960981011390686]"
462,14,4.10%,3.8893,"[0.027923060581088066, 0.030946245416998863, 0.03459446504712105, 0.04709436371922493, 0.022905198857188225, 0.03486309573054314, 0.05814813822507858, 0.05792839825153351, 0.032994091510772705, 0.028361624106764793, 0.06985925883054733, 0.050324324518442154, 0.016456617042422295, 0.019890274852514267, 0.020463014021515846, 0.02859380468726158, 0.029855798929929733, 0.03524772450327873, 0.01945577561855316, 0.01788785122334957, 0.020003557205200195, 0.03838435932993889, 0.026831839233636856, 0.02106977440416813, 0.03680916503071785, 0.02308954857289791, 0.05879318341612816, 0.0912255346775055]","[0.00415665190666914, 0.9958433508872986]"
463,9,4.09%,3.5778,"[0.027892746031284332, 0.03065299615263939, 0.03406413272023201, 0.046955328434705734, 0.022243335843086243, 0.036644380539655685, 0.060161761939525604, 0.05915292724967003, 0.03190520405769348, 0.028488313779234886, 0.06995249539613724, 0.05016201362013817, 0.016661662608385086, 0.019487755373120308, 0.020504921674728394, 0.02775806188583374, 0.03020663745701313, 0.03611283376812935, 0.018825747072696686, 0.017496688291430473, 0.0193328857421875, 0.039303168654441833, 0.027796199545264244, 0.020411765202879906, 0.037378884851932526, 0.02301943302154541, 0.057638078927993774, 0.08978961408138275]","[0.002722843550145626, 0.9972771406173706]"
464,27,4.30%,2.4246,"[0.027829501777887344, 0.030305398628115654, 0.034141235053539276, 0.04692016541957855, 0.021879184991121292, 0.037290383130311966, 0.061354588717222214, 0.05975557863712311, 0.031122993677854538, 0.028734346851706505, 0.06984846293926239, 0.0496026910841465, 0.01684420369565487, 0.01947822794318199, 0.02096589095890522, 0.027432966977357864, 0.03017842210829258, 0.036838386207818985, 0.018726753070950508, 0.017414947971701622, 0.019250579178333282, 0.03956196457147598, 0.02791404351592064, 0.02029053121805191, 0.03752455487847328, 0.022778090089559555, 0.05701948329806328, 0.08899641782045364]","[0.003293311921879649, 0.9967066645622253]"
465,6,4.29%,2.7790,"[0.027606386691331863, 0.02949201688170433, 0.035705722868442535, 0.047132693231105804, 0.02275647409260273, 0.03448804095387459, 0.06160560995340347, 0.059180352836847305, 0.031463123857975006, 0.028118792921304703, 0.06932014971971512, 0.0488973893225193, 0.016655365005135536, 0.020654752850532532, 0.021968677639961243, 0.027893025428056717, 0.02950701117515564, 0.037054575979709625, 0.01961715891957283, 0.018073173239827156, 0.0204242542386055, 0.038023486733436584, 0.026128383353352547, 0.021422911435365677, 0.0365484282374382, 0.02231603115797043, 0.05735522508621216, 0.09059079736471176]","[0.004799491725862026, 0.995200514793396]"
466,24,4.28%,3.2844,"[0.027273807674646378, 0.028985528275370598, 0.036225248128175735, 0.047070395201444626, 0.022853173315525055, 0.034416213631629944, 0.06341931968927383, 0.059432465583086014, 0.030933527275919914, 0.02808360941708088, 0.06855177134275436, 0.0485607385635376, 0.01665954478085041, 0.020869022235274315, 0.02230815216898918, 0.027556128799915314, 0.029520582407712936, 0.03773311898112297, 0.019596446305513382, 0.01822163350880146, 0.020328667014837265, 0.03778519481420517, 0.02577301487326622, 0.021533701568841934, 0.03668805584311485, 0.022169746458530426, 0.05702224746346474, 0.0904289111495018]","[0.0033011327031999826, 0.9966988563537598]"
467,19,4.27%,4.0958,"[0.027227958664298058, 0.029011255130171776, 0.03470068797469139, 0.04638931155204773, 0.02166992612183094, 0.038064077496528625, 0.06534694880247116, 0.06078896299004555, 0.029644455760717392, 0.02913534641265869, 0.06856382638216019, 0.04810578376054764, 0.017034946009516716, 0.019946996122598648, 0.021970612928271294, 0.026541398838162422, 0.030645186081528664, 0.03870644047856331, 0.01827489770948887, 0.017237462103366852, 0.018750255927443504, 0.03924103081226349, 0.027633508667349815, 0.019976701587438583, 0.038678620010614395, 0.02209659479558468, 0.055517349392175674, 0.08909948170185089]","[0.0013240037951618433, 0.9986760020256042]"
468,26,4.26%,2.8934,"[0.027333375066518784, 0.029037490487098694, 0.033148664981126785, 0.045616697520017624, 0.020409265533089638, 0.042159631848335266, 0.06726162880659103, 0.06180979683995247, 0.028497418388724327, 0.030093491077423096, 0.06852518767118454, 0.04811879247426987, 0.017387742176651955, 0.018921812996268272, 0.021597230806946754, 0.02558252215385437, 0.03137011080980301, 0.039450861513614655, 0.017117610201239586, 0.01668844372034073, 0.017365772277116776, 0.040651559829711914, 0.029529286548495293, 0.018602902069687843, 0.04036752134561539, 0.02193957008421421, 0.053725164383649826, 0.08769040554761887]","[0.0010000000474974513, 0.999180257320404]"
469,27,4.47%,2.4290,"[0.02676435187458992, 0.0283756535500288, 0.034568265080451965, 0.04569588601589203, 0.021169181913137436, 0.03995199501514435, 0.06882041692733765, 0.06093175709247589, 0.028408333659172058, 0.029583487659692764, 0.0674578920006752, 0.048295795917510986, 0.01718110591173172, 0.019449513405561447, 0.022021396085619926, 0.025582995265722275, 0.03067028522491455, 0.039916519075632095, 0.017721347510814667, 0.01773316226899624, 0.017782792448997498, 0.03956177830696106, 0.02794727124273777, 0.0195523202419281, 0.040174733847379684, 0.021746855229139328, 0.05485199764370918, 0.08808289468288422]","[0.00135665328707546, 0.9986433386802673]"
470,6,4.46%,2.6610,"[0.02647135779261589, 0.027943752706050873, 0.0348774753510952, 0.04537605494260788, 0.02149820141494274, 0.039256397634744644, 0.06987610459327698, 0.06041853502392769, 0.028231119737029076, 0.02942209504544735, 0.06697437167167664, 0.04832179844379425, 0.017131900414824486, 0.0196950975805521, 0.02211654931306839, 0.025454353541135788, 0.030522553250193596, 0.040223684161901474, 0.01773771271109581, 0.018170315772294998, 0.0177236907184124, 0.039020296186208725, 0.027496084570884705, 0.019748283550143242, 0.04038208723068237, 0.021478701382875443, 0.05529030039906502, 0.0891411304473877]","[0.0016450469847768545, 0.9983549118041992]"
471,15,4.45%,3.6765,"[0.025834495201706886, 0.027497271075844765, 0.035320550203323364, 0.045020945370197296, 0.02175460197031498, 0.039069145917892456, 0.07212850451469421, 0.060025155544281006, 0.027597155421972275, 0.02929758094251156, 0.0657956451177597, 0.04839228093624115, 0.017151236534118652, 0.019710248336195946, 0.02211361564695835, 0.025075115263462067, 0.03040812350809574, 0.040969766676425934, 0.01767788827419281, 0.018725421279668808, 0.017449896782636642, 0.03867774456739426, 0.026987159624695778, 0.019978461787104607, 0.040893346071243286, 0.02137293480336666, 0.05585726350545883, 0.08921845257282257]","[0.0013083397643640637, 0.9986916780471802]"
472,7,4.44%,2.8060,"[0.025431722402572632, 0.027216428890824318, 0.03562250733375549, 0.04476320743560791, 0.02196790836751461, 0.03890322521328926, 0.07379397749900818, 0.05954896658658981, 0.027094323188066483, 0.029201289638876915, 0.06480854749679565, 0.048415470868349075, 0.01719469204545021, 0.019732316955924034, 0.02210920676589012, 0.02514365129172802, 0.030271824449300766, 0.04142889380455017, 0.01765720173716545, 0.0191939789801836, 0.017282074317336082, 0.03828488662838936, 0.026600301265716553, 0.020111171528697014, 0.041039854288101196, 0.02126849815249443, 0.056320562958717346, 0.08959335088729858]","[0.0012786807492375374, 0.9987213611602783]"
473,11,4.43%,3.0245,"[0.025709977373480797, 0.02741527557373047, 0.03403433412313461, 0.04406426101922989, 0.020862527191638947, 0.042490649968385696, 0.07576625049114227, 0.0609484538435936, 0.026149572804570198, 0.029628876596689224, 0.06458794325590134, 0.04871496185660362, 0.017437146976590157, 0.018735617399215698, 0.021517455577850342, 0.024597158655524254, 0.030667057260870934, 0.04189862683415413, 0.016622336581349373, 0.018561748787760735, 0.01622476987540722, 0.039241328835487366, 0.028308309614658356, 0.018893221393227577, 0.04200061410665512, 0.021229133009910583, 0.0547734871506691, 0.08891884237527847]","[0.0011213941033929586, 0.9988785982131958]"
474,0,4.42%,3.6752,"[0.02481209672987461, 0.02672932855784893, 0.036114852875471115, 0.04442255571484566, 0.022113889455795288, 0.0389721542596817, 0.07719763368368149, 0.060171496123075485, 0.02620016224682331, 0.028693266212940216, 0.06299111247062683, 0.04911145195364952, 0.017081042751669884, 0.01954888366162777, 0.021951379254460335, 0.025003982707858086, 0.029716987162828445, 0.042230863124132156, 0.01748676598072052, 0.01989663392305374, 0.017041102051734924, 0.037586759775877, 0.026001811027526855, 0.0203801691532135, 0.04130750149488449, 0.02120928280055523, 0.05638978257775307, 0.08963704854249954]","[0.0010000000474974513, 0.9992480278015137]"
475,17,4.41%,3.1644,"[0.025325573980808258, 0.02663552388548851, 0.03570101410150528, 0.04417118430137634, 0.02161519229412079, 0.04007149115204811, 0.07875432819128036, 0.060963843017816544, 0.02589617669582367, 0.028478942811489105, 0.06275655329227448, 0.04993606358766556, 0.017013536766171455, 0.019142979755997658, 0.021762680262327194, 0.02481651119887829, 0.02952815778553486, 0.04227316379547119, 0.017154155299067497, 0.019837182015180588, 0.016742892563343048, 0.03764631599187851, 0.026523692533373833, 0.01999611034989357, 0.04130728542804718, 0.021112047135829926, 0.055232495069503784, 0.08960498124361038]","[0.0010000000474974513, 0.9990234971046448]"
476,15,4.40%,3.6907,"[0.02526102401316166, 0.02628020942211151, 0.036455512046813965, 0.0440417155623436, 0.021965881809592247, 0.0390668548643589, 0.08013729751110077, 0.060919005423784256, 0.0256828423589468, 0.028015954419970512, 0.06178984418511391, 0.05027420446276665, 0.016873612999916077, 0.019353976473212242, 0.021938372403383255, 0.024869125336408615, 0.029113952070474625, 0.042874958366155624, 0.017399147152900696, 0.02042531594634056, 0.01690545678138733, 0.0369231291115284, 0.025764359161257744, 0.020473545417189598, 0.04101830720901489, 0.021010681986808777, 0.05539092421531677, 0.0897747278213501]","[0.0010000000474974513, 0.9990542531013489]"
477,27,4.60%,2.4125,"[0.02564491331577301, 0.02620517462491989, 0.036362405866384506, 0.04384797438979149, 0.02170129492878914, 0.03960973396897316, 0.08127100765705109, 0.061313457787036896, 0.025350702926516533, 0.027808230370283127, 0.061274636536836624, 0.050774648785591125, 0.01685156673192978, 0.01913326047360897, 0.021897824481129646, 0.025080326944589615, 0.02888273261487484, 0.04321964457631111, 0.017277678474783897, 0.020530659705400467, 0.016780436038970947, 0.03671465069055557, 0.02591792866587639, 0.02030135691165924, 0.04078049212694168, 0.02091369591653347, 0.05468497425317764, 0.08986864238977432]","[0.001133724581450224, 0.9988663196563721]"
478,4,4.59%,3.7835,"[0.026371080428361893, 0.026195837184786797, 0.03546199947595596, 0.043400753289461136, 0.02117752656340599, 0.04088559374213219, 0.08211599290370941, 0.06183342635631561, 0.025135930627584457, 0.027677461504936218, 0.061344098299741745, 0.05142327770590782, 0.016891226172447205, 0.018811579793691635, 0.021649597212672234, 0.025189783424139023, 0.02887520007789135, 0.04326627776026726, 0.016816068440675735, 0.020239681005477905, 0.016432225704193115, 0.03675710782408714, 0.026776330545544624, 0.019645795226097107, 0.0405612476170063, 0.02067868784070015, 0.05340427905321121, 0.09098189324140549]","[0.0011336111929267645, 0.9988663792610168]"
479,14,4.58%,3.8225,"[0.026462800800800323, 0.026071643456816673, 0.03560018166899681, 0.04302217811346054, 0.021927960216999054, 0.03998003900051117, 0.08230302482843399, 0.061524685472249985, 0.025218695402145386, 0.027422120794653893, 0.060636889189481735, 0.051477108150720596, 0.016830245032906532, 0.019162585958838463, 0.021696802228689194, 0.025679457932710648, 0.028891323134303093, 0.043400052934885025, 0.016887476667761803, 0.02051098830997944, 0.01648763380944729, 0.035983823239803314, 0.02632223442196846, 0.019789909943938255, 0.040169890969991684, 0.02053741179406643, 0.053605817258358, 0.09239701181650162]","[0.001477403799071908, 0.9985225796699524]"
480,26,4.57%,2.9328,"[0.025851987302303314, 0.025734376162290573, 0.037121500819921494, 0.04291436821222305, 0.023643145337700844, 0.036700889468193054, 0.08140599727630615, 0.06040787324309349, 0.025457991287112236, 0.02699482999742031, 0.05925882235169411, 0.050637196749448776, 0.016709789633750916, 0.020270856097340584, 0.02253241278231144, 0.026687487959861755, 0.028606534004211426, 0.04369964823126793, 0.017722835764288902, 0.0214467104524374, 0.01730796881020069, 0.03441248834133148, 0.024334201589226723, 0.021027978509664536, 0.03946809843182564, 0.020405732095241547, 0.05534405633807182, 0.09389425814151764]","[0.0013978881761431694, 0.9986021518707275]"
481,18,4.56%,4.0823,"[0.027105208486318588, 0.025999031960964203, 0.03468644991517067, 0.04205779731273651, 0.02238466404378414, 0.040240392088890076, 0.08241359889507294, 0.061609964817762375, 0.0249502994120121, 0.02732515148818493, 0.06005463749170303, 0.05142560973763466, 0.017008714377880096, 0.01927870698273182, 0.022077690809965134, 0.02630721591413021, 0.029117615893483162, 0.0436619408428669, 0.016594169661402702, 0.020379608497023582, 0.016253642737865448, 0.03553028032183647, 0.026663193479180336, 0.019370488822460175, 0.03969550505280495, 0.020109137520194054, 0.05345642566680908, 0.09424296021461487]","[0.0014544156147167087, 0.9985455274581909]"
482,18,4.55%,4.0418,"[0.026391305029392242, 0.02582303248345852, 0.03645958751440048, 0.04204005002975464, 0.024232691153883934, 0.03658056631684303, 0.08092114329338074, 0.06014476343989372, 0.025221390649676323, 0.026981940492987633, 0.058605749160051346, 0.05038269981741905, 0.016891812905669212, 0.020357375964522362, 0.02295456826686859, 0.027445804327726364, 0.028773119673132896, 0.043867502361536026, 0.017828624695539474, 0.021470626816153526, 0.01714779995381832, 0.03396612033247948, 0.024411920458078384, 0.020780200138688087, 0.03887016698718071, 0.020098572596907616, 0.055998221039772034, 0.09535261243581772]","[0.0015340190147981048, 0.9984660148620605]"
483,3,4.55%,3.1775,"[0.026758607476949692, 0.02598768286406994, 0.03672688454389572, 0.041864316910505295, 0.024546459317207336, 0.03606810048222542, 0.08029122650623322, 0.059884827584028244, 0.025227999314665794, 0.02692905254662037, 0.05814134702086449, 0.05014254152774811, 0.016875820234417915, 0.020391160622239113, 0.02333073504269123, 0.027975784614682198, 0.02861303836107254, 0.04380161315202713, 0.018476860597729683, 0.021703340113162994, 0.017295537516474724, 0.03358537703752518, 0.02408161573112011, 0.02094835601747036, 0.03828191012144089, 0.020072171464562416, 0.05635065212845802, 0.0956469401717186]","[0.0017197340494021773, 0.9982802271842957]"
484,0,4.54%,3.5793,"[0.027310535311698914, 0.02620338648557663, 0.0367298386991024, 0.04221178591251373, 0.024358253926038742, 0.036305852234363556, 0.07989191263914108, 0.059962816536426544, 0.025173958390951157, 0.026923857629299164, 0.05799486115574837, 0.050121404230594635, 0.016833297908306122, 0.020153747871518135, 0.023502515628933907, 0.02832621894776821, 0.028411930426955223, 0.043602246791124344, 0.018890371546149254, 0.021634532138705254, 0.017304841428995132, 0.033515240997076035, 0.02421281859278679, 0.020791705697774887, 0.0377909354865551, 0.02009846828877926, 0.056105826050043106, 0.09563689678907394]","[0.0013373148394748569, 0.9986626505851746]"
485,9,4.53%,3.6208,"[0.02936880849301815, 0.026580721139907837, 0.03537638485431671, 0.042307280004024506, 0.02286401018500328, 0.03887292370200157, 0.0803493782877922, 0.06123199313879013, 0.02506626956164837, 0.026963796466588974, 0.05895718187093735, 0.050880756229162216, 0.016802333295345306, 0.01920672319829464, 0.02326875366270542, 0.02812120132148266, 0.028408899903297424, 0.04304958134889603, 0.018550407141447067, 0.020727697759866714, 0.016725562512874603, 0.03427094966173172, 0.026058604940772057, 0.01950351893901825, 0.037315960973501205, 0.019971933215856552, 0.05358995497226715, 0.09560845792293549]","[0.0010874473955482244, 0.9989125728607178]"
486,8,4.52%,3.6743,"[0.030324192717671394, 0.026837604120373726, 0.035400234162807465, 0.042578019201755524, 0.02256084978580475, 0.0393218956887722, 0.07973140478134155, 0.06132039800286293, 0.025064237415790558, 0.027298452332615852, 0.0588495135307312, 0.050686970353126526, 0.01673780381679535, 0.018943024799227715, 0.02350238710641861, 0.028476662933826447, 0.02832612954080105, 0.04276455566287041, 0.018933063372969627, 0.020575450733304024, 0.016648467630147934, 0.0342402346432209, 0.026276271790266037, 0.01923234574496746, 0.036923445761203766, 0.019970417022705078, 0.05309545621275902, 0.09538055956363678]","[0.0010256331879645586, 0.9989743232727051]"
487,6,4.51%,2.5627,"[0.031185807660222054, 0.027030861005187035, 0.035839054733514786, 0.042968105524778366, 0.022675273939967155, 0.03873404115438461, 0.07856625318527222, 0.06119212135672569, 0.025722110643982887, 0.027452431619167328, 0.05870272219181061, 0.05039279907941818, 0.016520123928785324, 0.019052479416131973, 0.023904280737042427, 0.029027121141552925, 0.028165148571133614, 0.04220626875758171, 0.019577881321310997, 0.020585455000400543, 0.016890721395611763, 0.03380753844976425, 0.025928178802132607, 0.01929532364010811, 0.03632017970085144, 0.019996969029307365, 0.05278848484158516, 0.09547223895788193]","[0.0010520322248339653, 0.9989479184150696]"
488,7,4.50%,2.8023,"[0.03162817656993866, 0.027121443301439285, 0.03641277551651001, 0.04325836896896362, 0.022867968305945396, 0.03827376291155815, 0.07856906205415726, 0.061035215854644775, 0.02609219402074814, 0.02758404053747654, 0.05807157978415489, 0.050087884068489075, 0.016344470903277397, 0.019111938774585724, 0.024233795702457428, 0.02936229668557644, 0.028056902810931206, 0.04200681671500206, 0.020153433084487915, 0.020730968564748764, 0.016995463520288467, 0.033408887684345245, 0.025449562817811966, 0.019426804035902023, 0.03596159815788269, 0.02008727379143238, 0.05268431454896927, 0.09498303383588791]","[0.0011625901097431779, 0.998837411403656]"
489,16,4.49%,3.5864,"[0.03142522647976875, 0.027110828086733818, 0.03765752166509628, 0.04366341605782509, 0.023814963176846504, 0.036373745650053024, 0.07787087559700012, 0.060850173234939575, 0.0266400333493948, 0.02752544730901718, 0.05699518695473671, 0.04932106286287308, 0.0161092858761549, 0.019678277894854546, 0.024831274524331093, 0.030020294710993767, 0.027771972119808197, 0.041863586753606796, 0.02116994746029377, 0.02122533693909645, 0.017577046528458595, 0.03249914199113846, 0.024074610322713852, 0.020214224234223366, 0.03542931750416756, 0.02024143375456333, 0.05350462347269058, 0.09454120695590973]","[0.0010000000474974513, 0.9990378618240356]"
490,16,4.48%,3.5668,"[0.03157733753323555, 0.027124745771288872, 0.03824327513575554, 0.043765775859355927, 0.024384303018450737, 0.035542260855436325, 0.0775999128818512, 0.06099061295390129, 0.027060389518737793, 0.027637716382741928, 0.05616632476449013, 0.0486261360347271, 0.015969689935445786, 0.020009299740195274, 0.02522352710366249, 0.030400127172470093, 0.02818974293768406, 0.041728708893060684, 0.02172979898750782, 0.021309399977326393, 0.017693758010864258, 0.03202483430504799, 0.02346167340874672, 0.020384743809700012, 0.03512665256857872, 0.020357705652713776, 0.05367213487625122, 0.09399937838315964]","[0.0010000000474974513, 0.9991583228111267]"
491,5,4.47%,3.3202,"[0.033305440098047256, 0.027359366416931152, 0.03685833513736725, 0.04341573268175125, 0.022913390770554543, 0.03871774300932884, 0.07944132387638092, 0.0631372332572937, 0.02678789384663105, 0.028006814420223236, 0.05639810487627983, 0.048912033438682556, 0.015935039147734642, 0.018980180844664574, 0.024762863293290138, 0.029583320021629333, 0.029486684128642082, 0.04169837757945061, 0.020774424076080322, 0.020114349201321602, 0.016513310372829437, 0.03299259394407272, 0.025363756343722343, 0.01875643990933895, 0.03553558886051178, 0.020432334393262863, 0.051047857850790024, 0.09276943653821945]","[0.0011613888200372458, 0.9988386034965515]"
492,1,4.46%,3.5996,"[0.03264613822102547, 0.027370300143957138, 0.037974435836076736, 0.043417610228061676, 0.02423664927482605, 0.037245310842990875, 0.07855388522148132, 0.06243300437927246, 0.027294917032122612, 0.028314564377069473, 0.05477376654744148, 0.047658372670412064, 0.015872392803430557, 0.019740499556064606, 0.025390749797225, 0.030320003628730774, 0.030332786962389946, 0.04175074025988579, 0.021610192954540253, 0.020553935319185257, 0.016724811866879463, 0.03209679201245308, 0.023910939693450928, 0.019290361553430557, 0.035323236137628555, 0.020640630275011063, 0.052284080535173416, 0.09223886579275131]","[0.0010000000474974513, 0.9990441203117371]"
493,15,4.45%,3.4860,"[0.0325649157166481, 0.027869880199432373, 0.03849262371659279, 0.04328905791044235, 0.024953432381153107, 0.03703687712550163, 0.07806838303804398, 0.06226305291056633, 0.0276641808450222, 0.028657756745815277, 0.053483422845602036, 0.04680873081088066, 0.015806352719664574, 0.020010700449347496, 0.02565857768058777, 0.03074388951063156, 0.031171051785349846, 0.041727930307388306, 0.022075869143009186, 0.020675791427493095, 0.016586309298872948, 0.03156159073114395, 0.023211799561977386, 0.01934734359383583, 0.035130470991134644, 0.02091318927705288, 0.05266498029232025, 0.09156189858913422]","[0.0010000000474974513, 0.9990710616111755]"
494,1,4.44%,3.5536,"[0.033783361315727234, 0.028616148978471756, 0.03768031671643257, 0.04304422810673714, 0.024035286158323288, 0.03967933729290962, 0.078681580722332, 0.06348931789398193, 0.02753051556646824, 0.0290849432349205, 0.0530238039791584, 0.04676344245672226, 0.01579321175813675, 0.019246267154812813, 0.025332903489470482, 0.030767269432544708, 0.03217204287648201, 0.041578128933906555, 0.021573765203356743, 0.019961513578891754, 0.015802975744009018, 0.03191423416137695, 0.024200376123189926, 0.018274245783686638, 0.03515977784991264, 0.021158495917916298, 0.0509851910173893, 0.09066737443208694]","[0.0010000000474974513, 0.9991312623023987]"
495,6,4.44%,2.5630,"[0.03382756561040878, 0.029566096141934395, 0.03811722621321678, 0.04296110197901726, 0.024731263518333435, 0.039411913603544235, 0.07745982706546783, 0.0630321279168129, 0.027988050132989883, 0.029471157118678093, 0.051824215799570084, 0.04590292647480965, 0.015756776556372643, 0.019487686455249786, 0.025570010766386986, 0.03170017525553703, 0.032828737050294876, 0.04131950065493584, 0.0221275445073843, 0.020096275955438614, 0.015774041414260864, 0.03126603364944458, 0.023458974435925484, 0.01834130845963955, 0.034683190286159515, 0.021471139043569565, 0.05144216865301132, 0.09038291126489639]","[0.0010310030775144696, 0.9989689588546753]"
496,4,4.43%,3.7095,"[0.03361784294247627, 0.030338464304804802, 0.03859209641814232, 0.04283607006072998, 0.025294218212366104, 0.03944887965917587, 0.07755517959594727, 0.06273145973682404, 0.02809322252869606, 0.029756780713796616, 0.05043996497988701, 0.04522954300045967, 0.015736190602183342, 0.019571926444768906, 0.02568766474723816, 0.032290685921907425, 0.033412329852581024, 0.04136982187628746, 0.02252832055091858, 0.020294204354286194, 0.015618876554071903, 0.030754851177334785, 0.022801904007792473, 0.01839938573539257, 0.03440868854522705, 0.021811075508594513, 0.05179809033870697, 0.08958222717046738]","[0.0010297809494659305, 0.9989702105522156]"
497,2,4.42%,3.2520,"[0.03378811478614807, 0.031160417944192886, 0.03844587504863739, 0.04244929924607277, 0.025849292054772377, 0.04020744189620018, 0.07787898182868958, 0.06279744952917099, 0.028208144009113312, 0.030069829896092415, 0.049315743148326874, 0.04476704075932503, 0.01572810299694538, 0.019479909911751747, 0.025567729026079178, 0.03264074772596359, 0.034285854548215866, 0.04133816063404083, 0.02253563702106476, 0.02021111734211445, 0.015203042887151241, 0.03047272004187107, 0.022666985169053078, 0.018088478595018387, 0.03423884138464928, 0.022120198234915733, 0.051611918956041336, 0.08887296169996262]","[0.0010000000474974513, 0.9992058873176575]"
498,0,4.41%,3.4071,"[0.03385049104690552, 0.031936708837747574, 0.0389925055205822, 0.042262498289346695, 0.026442786678671837, 0.04062696546316147, 0.07802166789770126, 0.06267129629850388, 0.028338046744465828, 0.030312038958072662, 0.04808998852968216, 0.044270407408475876, 0.015646876767277718, 0.01943781226873398, 0.025511495769023895, 0.03306657448410988, 0.03493191674351692, 0.041291676461696625, 0.022725123912096024, 0.0202325452119112, 0.014898115769028664, 0.030012428760528564, 0.02229694090783596, 0.017939159646630287, 0.03402191773056984, 0.022459596395492554, 0.05154261738061905, 0.08816975355148315]","[0.0010829755337908864, 0.9989169836044312]"
499,2,4.40%,3.2176,"[0.03414672613143921, 0.03261196240782738, 0.039952076971530914, 0.04218662530183792, 0.027364643290638924, 0.040043290704488754, 0.07760217785835266, 0.06230511888861656, 0.02867840975522995, 0.03035912476480007, 0.04691261798143387, 0.04364844784140587, 0.015488093718886375, 0.01965656317770481, 0.02567867562174797, 0.0337551049888134, 0.03533228486776352, 0.041091933846473694, 0.023279603570699692, 0.020414860919117928, 0.014884399250149727, 0.029300738126039505, 0.0216007549315691, 0.018090587109327316, 0.03354213014245033, 0.022760355845093727, 0.05168125405907631, 0.08763152360916138]","[0.0010000000474974513, 0.9991136789321899]"
500,17,4.39%,3.1968,"[0.03471909463405609, 0.03331660106778145, 0.04119573533535004, 0.0422310046851635, 0.02777368761599064, 0.04019036516547203, 0.07761850953102112, 0.06229082867503166, 0.028881322592496872, 0.030371112748980522, 0.045783862471580505, 0.043261025100946426, 0.015252138487994671, 0.019575705751776695, 0.02568063884973526, 0.03418830409646034, 0.035641808062791824, 0.0409068800508976, 0.023655757308006287, 0.020435402169823647, 0.014702467247843742, 0.028702517971396446, 0.021187681704759598, 0.018023867160081863, 0.03318340331315994, 0.02312084101140499, 0.051217857748270035, 0.08689150959253311]","[0.0010642224224284291, 0.9989357590675354]"
501,17,4.38%,3.1865,"[0.03564449027180672, 0.03406086564064026, 0.04164324700832367, 0.042051009833812714, 0.027388129383325577, 0.0417906679213047, 0.07856220006942749, 0.06294355541467667, 0.028602272272109985, 0.030412282794713974, 0.04491790384054184, 0.04315292835235596, 0.015131434425711632, 0.019053690135478973, 0.025392847135663033, 0.0340711809694767, 0.03606219217181206, 0.04127417877316475, 0.023463252931833267, 0.020140638574957848, 0.014197634533047676, 0.02854694426059723, 0.021462980657815933, 0.01750970259308815, 0.03303542733192444, 0.023440556600689888, 0.050056394189596176, 0.08599136769771576]","[0.0011479725362733006, 0.9988520741462708]"
502,16,4.37%,3.3180,"[0.03554637357592583, 0.034586675465106964, 0.04294506832957268, 0.04192304238677025, 0.027937158942222595, 0.04170464724302292, 0.07891301810741425, 0.06285668909549713, 0.028237931430339813, 0.030405960977077484, 0.04364385828375816, 0.04250355809926987, 0.0150375384837389, 0.019015749916434288, 0.02543012797832489, 0.03425928205251694, 0.03622782602906227, 0.0422205850481987, 0.023823518306016922, 0.020304160192608833, 0.014034218154847622, 0.027999598532915115, 0.02089809812605381, 0.01766045205295086, 0.032941900193691254, 0.023764971643686295, 0.05021112412214279, 0.08496690541505814]","[0.00106135627720505, 0.9989386200904846]"
503,25,4.37%,3.7269,"[0.03505170717835426, 0.0349416621029377, 0.0445222482085228, 0.04171415790915489, 0.029009245336055756, 0.04085247591137886, 0.07882585376501083, 0.062366385012865067, 0.0279671773314476, 0.03049652837216854, 0.0422305092215538, 0.04149576649069786, 0.01496182568371296, 0.01925240457057953, 0.02560856193304062, 0.03461168706417084, 0.037011727690696716, 0.04315504431724548, 0.024338550865650177, 0.020535055547952652, 0.013905363157391548, 0.02735579013824463, 0.02008781023323536, 0.017926473170518875, 0.03294297307729721, 0.02409491315484047, 0.05087876692414284, 0.08385934680700302]","[0.0010000000474974513, 0.999193549156189]"
504,25,4.36%,3.6977,"[0.03516698256134987, 0.03556094691157341, 0.04534611850976944, 0.04146452248096466, 0.029109975323081017, 0.041837237775325775, 0.07956966757774353, 0.06267812848091125, 0.027538077905774117, 0.03066842630505562, 0.041023679077625275, 0.04094216600060463, 0.014873976819217205, 0.018905408680438995, 0.025376712903380394, 0.034447938203811646, 0.03799400478601456, 0.044005218893289566, 0.024274103343486786, 0.020368555560708046, 0.01339993067085743, 0.027134940028190613, 0.01998058520257473, 0.017604893073439598, 0.03307359293103218, 0.02479572966694832, 0.05044343322515488, 0.08241506665945053]","[0.0010000000474974513, 0.9992290735244751]"
505,21,4.35%,3.6180,"[0.03553064912557602, 0.03636026382446289, 0.045865997672080994, 0.041237134486436844, 0.02871870994567871, 0.04380578547716141, 0.08071695268154144, 0.06341343373060226, 0.02705407701432705, 0.030873605981469154, 0.0398620180785656, 0.040606990456581116, 0.014742046594619751, 0.01824892684817314, 0.024899166077375412, 0.03400295972824097, 0.03906084969639778, 0.04477337747812271, 0.023939482867717743, 0.02001313306391239, 0.012725697830319405, 0.027095943689346313, 0.020167911425232887, 0.01701708696782589, 0.03328677639365196, 0.025853188708424568, 0.04944780468940735, 0.08068007230758667]","[0.001296575996093452, 0.9987034201622009]"
506,0,4.34%,3.3659,"[0.03590869531035423, 0.036987025290727615, 0.04591413959860802, 0.04099368304014206, 0.028117571026086807, 0.04583319276571274, 0.08177459239959717, 0.06407597661018372, 0.026551056653261185, 0.031123176217079163, 0.03912466764450073, 0.040334150195121765, 0.0147068677470088, 0.017604103311896324, 0.024469884112477303, 0.03345976769924164, 0.04010441154241562, 0.04541884735226631, 0.02353128232061863, 0.01962018385529518, 0.01213075127452612, 0.027529675513505936, 0.020557641983032227, 0.016397248953580856, 0.03346767649054527, 0.026738669723272324, 0.04851146414875984, 0.07901350408792496]","[0.0013318693963810802, 0.9986680746078491]"
507,5,4.33%,3.1437,"[0.035315465182065964, 0.037313319742679596, 0.04807809367775917, 0.04107573628425598, 0.029375329613685608, 0.04400549456477165, 0.08101005852222443, 0.06324944645166397, 0.026516396552324295, 0.031157763674855232, 0.03784365952014923, 0.0393243171274662, 0.014549595303833485, 0.01789696514606476, 0.024776561185717583, 0.033916182816028595, 0.040529001504182816, 0.04600432887673378, 0.024475926533341408, 0.02007182501256466, 0.01223318837583065, 0.02702529914677143, 0.019397372379899025, 0.01695334166288376, 0.03328852355480194, 0.027646273374557495, 0.049472250044345856, 0.07749827951192856]","[0.0014902132097631693, 0.9985097646713257]"
508,27,4.32%,2.5773,"[0.03555552661418915, 0.037856776267290115, 0.04876456409692764, 0.04094267264008522, 0.029217086732387543, 0.045314330607652664, 0.08140368014574051, 0.0633840560913086, 0.02615169808268547, 0.03135133162140846, 0.03691693767905235, 0.03889327123761177, 0.014479782432317734, 0.017524413764476776, 0.024631712585687637, 0.03372630476951599, 0.04113583639264107, 0.04656285420060158, 0.02449868991971016, 0.019989680498838425, 0.011885225772857666, 0.02706991881132126, 0.019268130883574486, 0.016719883307814598, 0.03330819308757782, 0.028466256335377693, 0.049007683992385864, 0.0759735107421875]","[0.0012090718373656273, 0.9987909197807312]"
509,18,4.31%,3.7157,"[0.03626946732401848, 0.03838753327727318, 0.04860975220799446, 0.040682174265384674, 0.02866005338728428, 0.047201208770275116, 0.0817498043179512, 0.06374841183423996, 0.025894468650221825, 0.0314689464867115, 0.03641794994473457, 0.03871602937579155, 0.01444112416356802, 0.017096010968089104, 0.02433863654732704, 0.033459801226854324, 0.04179217293858528, 0.04684207960963249, 0.02414563111960888, 0.019632259383797646, 0.011491004377603531, 0.027222124859690666, 0.019567640498280525, 0.01621139980852604, 0.033258505165576935, 0.029031898826360703, 0.048055313527584076, 0.07560855895280838]","[0.0012619619956240058, 0.9987380504608154]"
510,1,4.31%,3.2466,"[0.03620666265487671, 0.03883005306124687, 0.050054553896188736, 0.040723275393247604, 0.02919960953295231, 0.046547289937734604, 0.08087965101003647, 0.06316772103309631, 0.02589486539363861, 0.031487297266721725, 0.03558056056499481, 0.038081079721450806, 0.014306105673313141, 0.017146369442343712, 0.024524684995412827, 0.033821240067481995, 0.04187513887882233, 0.047062452882528305, 0.025011485442519188, 0.01986737549304962, 0.011531500145792961, 0.026828985661268234, 0.018867118284106255, 0.01648755371570587, 0.032956842333078384, 0.029708603397011757, 0.048335038125514984, 0.07501690089702606]","[0.001206377288326621, 0.9987936615943909]"
511,6,4.49%,2.5279,"[0.037053320556879044, 0.0400223471224308, 0.05012182518839836, 0.040570177137851715, 0.028596604242920876, 0.04825786128640175, 0.08061631768941879, 0.06340696662664413, 0.025765415281057358, 0.031620707362890244, 0.035072214901447296, 0.03790042921900749, 0.014213388785719872, 0.016625329852104187, 0.024267109110951424, 0.033725809305906296, 0.04214897006750107, 0.047056373208761215, 0.02515220455825329, 0.019617808982729912, 0.011224399320781231, 0.026882875710725784, 0.019015198573470116, 0.01610470563173294, 0.032674212008714676, 0.030419452115893364, 0.04744858667254448, 0.07441944628953934]","[0.0010083019733428955, 0.9989917278289795]"
512,7,4.48%,2.7722,"[0.03637870028614998, 0.04065633565187454, 0.05195498466491699, 0.040565360337495804, 0.029508093371987343, 0.047065649181604385, 0.0804775133728981, 0.06252338737249374, 0.025646815076470375, 0.03154749423265457, 0.03395489230751991, 0.03724885731935501, 0.014073599129915237, 0.01673596166074276, 0.024402065202593803, 0.03402767330408096, 0.04203008487820625, 0.047471459954977036, 0.026143154129385948, 0.02012033201754093, 0.011282892897725105, 0.02632206864655018, 0.018037643283605576, 0.016598882153630257, 0.032404229044914246, 0.031209496781229973, 0.04812854528427124, 0.07348380237817764]","[0.0010000000474974513, 0.9990071654319763]"
513,7,4.47%,2.7547,"[0.036681585013866425, 0.04139659181237221, 0.05244126543402672, 0.04046493023633957, 0.029186416417360306, 0.04805389419198036, 0.0812196359038353, 0.06329534947872162, 0.025384658947587013, 0.03139183297753334, 0.03330199792981148, 0.037041593343019485, 0.01392940804362297, 0.016380075365304947, 0.024201111868023872, 0.03372412919998169, 0.04204912111163139, 0.04775099456310272, 0.026302915066480637, 0.02001097984611988, 0.0110909603536129, 0.026235628873109818, 0.017930755391716957, 0.01646176166832447, 0.03222666680812836, 0.03191499412059784, 0.047393035143613815, 0.07253766804933548]","[0.0010000000474974513, 0.9990129470825195]"
514,27,4.47%,2.6375,"[0.036673493683338165, 0.04198303446173668, 0.05336534231901169, 0.04047014191746712, 0.02925337851047516, 0.04809940233826637, 0.08162306994199753, 0.06442524492740631, 0.025215623900294304, 0.03106224536895752, 0.032603245228528976, 0.03668268397450447, 0.01372793409973383, 0.01623360998928547, 0.02414185367524624, 0.033539772033691406, 0.041828811168670654, 0.04804915189743042, 0.026689313352108, 0.019992919638752937, 0.01108506415039301, 0.025955811142921448, 0.017535658553242683, 0.01660391129553318, 0.0319983996450901, 0.03264743089675903, 0.04695337638258934, 0.07156001776456833]","[0.0010000000474974513, 0.9991501569747925]"
515,1,4.46%,3.1630,"[0.03661582991480827, 0.042423319071531296, 0.05418776348233223, 0.040431223809719086, 0.029592476785182953, 0.04749137908220291, 0.08151501417160034, 0.06517050415277481, 0.025222888216376305, 0.03068019263446331, 0.03206731379032135, 0.03632732480764389, 0.013550237752497196, 0.01628769002854824, 0.024144096300005913, 0.03357839584350586, 0.04157736524939537, 0.04817185178399086, 0.027113674208521843, 0.02000851184129715, 0.011178702116012573, 0.025549180805683136, 0.01708989590406418, 0.016831615939736366, 0.03168727830052376, 0.03314795345067978, 0.04677152633666992, 0.07158684730529785]","[0.0010000000474974513, 0.9990375638008118]"
516,17,4.45%,3.0326,"[0.0369219034910202, 0.0435781367123127, 0.05441634729504585, 0.04031262919306755, 0.02944251336157322, 0.04799691215157509, 0.0814313068985939, 0.06616603583097458, 0.025180671364068985, 0.030408630147576332, 0.0315968357026577, 0.036130838096141815, 0.013387498445808887, 0.01604805327951908, 0.023918841034173965, 0.03347468003630638, 0.04137817770242691, 0.048163048923015594, 0.02725307270884514, 0.019834501668810844, 0.011108609847724438, 0.025304052978754044, 0.016938284039497375, 0.016781924292445183, 0.031371407210826874, 0.0337831974029541, 0.04618174210190773, 0.07149013876914978]","[0.0010993242030963302, 0.9989006519317627]"
517,23,4.44%,4.1117,"[0.03657048940658569, 0.04447740316390991, 0.0551815889775753, 0.0401519350707531, 0.0298052616417408, 0.04762165993452072, 0.0812859982252121, 0.06669467687606812, 0.024968694895505905, 0.03013697825372219, 0.03091602399945259, 0.03567811846733093, 0.01326880045235157, 0.016006531193852425, 0.023830439895391464, 0.03343450278043747, 0.04109203442931175, 0.04883798211812973, 0.027628298848867416, 0.019905047491192818, 0.01112070307135582, 0.024900684133172035, 0.016467798501253128, 0.0170282032340765, 0.031159181147813797, 0.0343896821141243, 0.04623940587043762, 0.07120190560817719]","[0.0014386583352461457, 0.9985613226890564]"
518,0,4.43%,3.2887,"[0.03771215304732323, 0.045696914196014404, 0.053802404552698135, 0.03975009173154831, 0.028217123821377754, 0.05093741416931152, 0.0826423168182373, 0.0687936320900917, 0.024465158581733704, 0.02983759716153145, 0.030816350132226944, 0.036129675805568695, 0.013193600811064243, 0.015136136673390865, 0.023202983662486076, 0.032499052584171295, 0.04084804281592369, 0.0493205264210701, 0.026777686551213264, 0.019314970821142197, 0.01069569867104292, 0.025233494117856026, 0.017188385128974915, 0.016535762697458267, 0.031106360256671906, 0.03482753783464432, 0.04445044323801994, 0.07086845487356186]","[0.0015064942417666316, 0.998493492603302]"
519,4,4.42%,3.5225,"[0.03717146813869476, 0.04635375738143921, 0.05581118166446686, 0.03984970971941948, 0.029544083401560783, 0.04800596088171005, 0.08125201612710953, 0.06846293807029724, 0.02466215379536152, 0.029362179338932037, 0.030098892748355865, 0.03546348959207535, 0.012982895597815514, 0.015556205995380878, 0.023565664887428284, 0.03306484967470169, 0.0399339497089386, 0.049672335386276245, 0.028096117079257965, 0.01986004039645195, 0.011152942664921284, 0.024390848353505135, 0.016041018068790436, 0.017686856910586357, 0.030536923557519913, 0.035361871123313904, 0.045350782573223114, 0.07070887088775635]","[0.0014483906561508775, 0.9985516667366028]"
520,5,4.41%,3.0487,"[0.03855906426906586, 0.047369275242090225, 0.05464240163564682, 0.03934083506464958, 0.028961962088942528, 0.0499313622713089, 0.08192425221204758, 0.07002915441989899, 0.024513596668839455, 0.029006876051425934, 0.029993006959557533, 0.035757116973400116, 0.012879385612905025, 0.015055167488753796, 0.02312919683754444, 0.03251238912343979, 0.039902929216623306, 0.0498255118727684, 0.02753261849284172, 0.019410518929362297, 0.0108546307310462, 0.02446594275534153, 0.016524918377399445, 0.017332004383206367, 0.03028891421854496, 0.035633016377687454, 0.0439349040389061, 0.07068905979394913]","[0.0016243618447333574, 0.9983755946159363]"
521,20,4.41%,4.5099,"[0.038662366569042206, 0.04817555844783783, 0.05492447689175606, 0.03904080390930176, 0.02950173057615757, 0.05016113817691803, 0.08162420243024826, 0.07037890702486038, 0.02445899322628975, 0.028775298967957497, 0.02941943146288395, 0.035526975989341736, 0.012770269997417927, 0.01500531192868948, 0.023063743487000465, 0.03249560296535492, 0.03956976160407066, 0.050165992230176926, 0.027763396501541138, 0.019497957080602646, 0.010833457112312317, 0.024073397740721703, 0.016170481219887733, 0.017663702368736267, 0.03004281036555767, 0.03602290898561478, 0.04378408566117287, 0.07042724639177322]","[0.002065591746941209, 0.9979344606399536]"
522,25,4.40%,3.3190,"[0.03927454352378845, 0.048922572284936905, 0.054666437208652496, 0.03886809200048447, 0.029488462954759598, 0.05081997439265251, 0.08139321208000183, 0.07121255993843079, 0.02446925826370716, 0.028424765914678574, 0.02921110950410366, 0.035537853837013245, 0.012674273923039436, 0.014867442660033703, 0.022989781573414803, 0.03243805468082428, 0.03904574364423752, 0.05021930858492851, 0.02781037427484989, 0.01940513774752617, 0.011020244099199772, 0.023875834420323372, 0.01609741523861885, 0.01782984659075737, 0.029649129137396812, 0.0362691730260849, 0.0431402251124382, 0.07037915289402008]","[0.0016404661582782865, 0.9983595609664917]"
523,24,4.39%,3.5326,"[0.039753906428813934, 0.04986361786723137, 0.05457112938165665, 0.038772378116846085, 0.029343288391828537, 0.051795050501823425, 0.08122802525758743, 0.07211307436227798, 0.024424122646450996, 0.028101036325097084, 0.02886183373630047, 0.03553566336631775, 0.012537107802927494, 0.014603360556066036, 0.022776363417506218, 0.032286155968904495, 0.03856775164604187, 0.05024879053235054, 0.02781698666512966, 0.019277166575193405, 0.011122629046440125, 0.023684946820139885, 0.016006173565983772, 0.01792450249195099, 0.029300469905138016, 0.03710426390171051, 0.042430002242326736, 0.06995023787021637]","[0.001350073958747089, 0.9986499547958374]"
524,17,4.38%,2.9854,"[0.038835715502500534, 0.050378747284412384, 0.05601130425930023, 0.03883806988596916, 0.0304616317152977, 0.050395600497722626, 0.0801311656832695, 0.07178100943565369, 0.024458836764097214, 0.027968429028987885, 0.02817714959383011, 0.034955207258462906, 0.012370063923299313, 0.014797259122133255, 0.0229127686470747, 0.0325595997273922, 0.03801252320408821, 0.05057589337229729, 0.02858204022049904, 0.01961624063551426, 0.01145109161734581, 0.023110313341021538, 0.015169449150562286, 0.01872861385345459, 0.029432857409119606, 0.037957627326250076, 0.04305171221494675, 0.06927912682294846]","[0.0014603849267587066, 0.9985395669937134]"
525,6,4.56%,2.5299,"[0.038427114486694336, 0.0508861280977726, 0.05637649819254875, 0.03864317759871483, 0.0306868813931942, 0.05083676055073738, 0.08009228110313416, 0.0721629410982132, 0.02413945086300373, 0.027848541736602783, 0.02766363136470318, 0.03468480706214905, 0.012282288633286953, 0.014637812972068787, 0.02276945672929287, 0.032294128090143204, 0.0376906655728817, 0.05145787447690964, 0.028613146394491196, 0.019645027816295624, 0.011468816548585892, 0.022882454097270966, 0.01488860510289669, 0.01900050975382328, 0.029744107276201248, 0.03864562138915062, 0.042976014316082, 0.0685553178191185]","[0.0013171638129279017, 0.9986828565597534]"
526,27,4.55%,2.6917,"[0.037837639451026917, 0.05102189630270004, 0.05682794377207756, 0.038393355906009674, 0.03093598410487175, 0.05119297280907631, 0.08113890886306763, 0.072408527135849, 0.023701747879385948, 0.027665799483656883, 0.02707762084901333, 0.03446987643837929, 0.012215354479849339, 0.014502780511975288, 0.02262873388826847, 0.03185996040701866, 0.037410348653793335, 0.052510034292936325, 0.028589017689228058, 0.019785145297646523, 0.01143556647002697, 0.02268155664205551, 0.014599056914448738, 0.01927744597196579, 0.03006909415125847, 0.03923559933900833, 0.0428873747587204, 0.06764068454504013]","[0.0011090366169810295, 0.9988909959793091]"
527,10,4.55%,3.6157,"[0.0381009541451931, 0.05119020864367485, 0.05597517266869545, 0.0379604808986187, 0.03040385991334915, 0.05291635915637016, 0.08249619603157043, 0.07319027930498123, 0.023344624787569046, 0.02744228206574917, 0.026899458840489388, 0.034698594361543655, 0.01219125185161829, 0.014172433875501156, 0.022275997325778008, 0.03123566135764122, 0.03732897341251373, 0.0532112643122673, 0.027913017198443413, 0.019566133618354797, 0.011228502728044987, 0.022723488509655, 0.01484160777181387, 0.0190061517059803, 0.03037537820637226, 0.039433203637599945, 0.042080458253622055, 0.06779801100492477]","[0.0010842632036656141, 0.9989157319068909]"
528,12,4.54%,4.4075,"[0.03892586752772331, 0.051211562007665634, 0.054272864013910294, 0.037508074194192886, 0.029332121834158897, 0.05529149994254112, 0.08393950015306473, 0.07430621981620789, 0.02308717742562294, 0.027216486632823944, 0.027339918538928032, 0.03522690013051033, 0.012207875959575176, 0.013749291189014912, 0.021861612796783447, 0.03047935664653778, 0.03730466216802597, 0.05356760695576668, 0.02694098837673664, 0.019139541313052177, 0.010994631797075272, 0.023058174178004265, 0.015472262166440487, 0.01844361424446106, 0.030653465539216995, 0.03928317502140999, 0.04090582951903343, 0.06827974319458008]","[0.0010278469417244196, 0.9989721179008484]"
529,9,4.53%,3.6077,"[0.03830365091562271, 0.05098866671323776, 0.0542585626244545, 0.037292856723070145, 0.029970375820994377, 0.05411628261208534, 0.08386939018964767, 0.07372918725013733, 0.02293027751147747, 0.02711295522749424, 0.027407873421907425, 0.03491530194878578, 0.012431491166353226, 0.013989883475005627, 0.021991631016135216, 0.03055703081190586, 0.03709017112851143, 0.054237812757492065, 0.02713971585035324, 0.019360827282071114, 0.011223242618143559, 0.022921426221728325, 0.015184787102043629, 0.018862709403038025, 0.03068455681204796, 0.03920486569404602, 0.04148000851273537, 0.06874451041221619]","[0.0010000000474974513, 0.9990409016609192]"
530,4,4.52%,3.4875,"[0.036935966461896896, 0.05069255456328392, 0.05509929358959198, 0.03717288002371788, 0.03139903023838997, 0.051641661673784256, 0.0829048678278923, 0.07224263995885849, 0.02280704863369465, 0.027467280626296997, 0.027233855798840523, 0.03410825878381729, 0.012662101536989212, 0.014490650035440922, 0.022359441965818405, 0.030985813587903976, 0.03692322596907616, 0.05503071844577789, 0.02785531058907509, 0.019847258925437927, 0.011566933244466782, 0.022590890526771545, 0.0144816217944026, 0.019667675718665123, 0.030821513384580612, 0.03918259218335152, 0.04291432723402977, 0.06891456991434097]","[0.0010184935526922345, 0.9989814758300781]"
531,10,4.51%,3.5874,"[0.03679090738296509, 0.05066685751080513, 0.05397173762321472, 0.03663342073559761, 0.03187296912074089, 0.052055519074201584, 0.0830371156334877, 0.07198921591043472, 0.022650033235549927, 0.027793683111667633, 0.027375563979148865, 0.0339641198515892, 0.012916378676891327, 0.014516233466565609, 0.022257691249251366, 0.030836815014481544, 0.03728511929512024, 0.055500421673059464, 0.027451643720269203, 0.019771084189414978, 0.011452745646238327, 0.022700507193803787, 0.014619037508964539, 0.01950560323894024, 0.03108477033674717, 0.03897610679268837, 0.04301959276199341, 0.06930510699748993]","[0.0010063349036499858, 0.9989936947822571]"
532,17,4.50%,2.8898,"[0.036910515278577805, 0.05049213021993637, 0.052565671503543854, 0.0361807756125927, 0.03210808336734772, 0.05233471095561981, 0.08300364017486572, 0.0718352198600769, 0.022617172449827194, 0.028069395571947098, 0.02800365909934044, 0.033956777304410934, 0.01317815762013197, 0.014560912735760212, 0.022182965651154518, 0.03068849816918373, 0.03758122771978378, 0.055700428783893585, 0.02701527439057827, 0.019612597301602364, 0.011416844092309475, 0.02295074053108692, 0.014907559379935265, 0.019290156662464142, 0.031281277537345886, 0.03854488953948021, 0.043028682470321655, 0.06998202949762344]","[0.0010304497554898262, 0.9989694952964783]"
533,27,4.49%,2.6529,"[0.03680917248129845, 0.05024160444736481, 0.05127706006169319, 0.03565150871872902, 0.032278817147016525, 0.05280563235282898, 0.0832899957895279, 0.07169938832521439, 0.02236659824848175, 0.02833041362464428, 0.02846486121416092, 0.03387658670544624, 0.013464285992085934, 0.014554365538060665, 0.022080371156334877, 0.030389390885829926, 0.03789099305868149, 0.05657648667693138, 0.02651771903038025, 0.019484151154756546, 0.011305337771773338, 0.023201899603009224, 0.015178845264017582, 0.019080055877566338, 0.03158864751458168, 0.03814144432544708, 0.04308231547474861, 0.0703720673918724]","[0.0010000000474974513, 0.9991256594657898]"
534,15,4.49%,3.4946,"[0.03644607216119766, 0.04984533041715622, 0.05046137049794197, 0.03519423305988312, 0.03307579830288887, 0.0519380047917366, 0.08292453736066818, 0.07100412249565125, 0.02229544147849083, 0.028495997190475464, 0.028878161683678627, 0.033645812422037125, 0.013724674470722675, 0.014826754108071327, 0.022120539098978043, 0.030415020883083344, 0.038085129112005234, 0.05729260295629501, 0.026343844830989838, 0.01951535977423191, 0.011373285204172134, 0.023196853697299957, 0.015176977962255478, 0.019177334383130074, 0.03173864260315895, 0.037616439163684845, 0.04361584037542343, 0.07157581299543381]","[0.00106995168607682, 0.998930037021637]"
535,19,4.48%,3.9531,"[0.03643311932682991, 0.04964720085263252, 0.04942682012915611, 0.034782301634550095, 0.03360939398407936, 0.0514565072953701, 0.08225855976343155, 0.07039764523506165, 0.022267892956733704, 0.028676312416791916, 0.029346445575356483, 0.033481109887361526, 0.013992350548505783, 0.015033423900604248, 0.02213478833436966, 0.03084348887205124, 0.038303475826978683, 0.05763997510075569, 0.026114847511053085, 0.01944313570857048, 0.011445804499089718, 0.023210875689983368, 0.015302073210477829, 0.019104093313217163, 0.031727343797683716, 0.0370832234621048, 0.04390816017985344, 0.07292961329221725]","[0.0011838811915367842, 0.9988161325454712]"
536,11,4.47%,3.3830,"[0.03660634160041809, 0.04953445494174957, 0.04816420376300812, 0.03430439159274101, 0.0336972251534462, 0.05173848941922188, 0.08209392428398132, 0.06988629698753357, 0.022161992266774178, 0.02882334031164646, 0.02981088124215603, 0.033626314252614975, 0.014273890294134617, 0.01502761710435152, 0.022028351202607155, 0.031085597351193428, 0.03834044560790062, 0.057924579828977585, 0.025767235085368156, 0.019654633477330208, 0.011431263759732246, 0.02333863452076912, 0.01555679365992546, 0.01891709491610527, 0.03167392313480377, 0.036569222807884216, 0.0438777394592762, 0.07408516854047775]","[0.0010036877356469631, 0.9989963173866272]"
537,20,4.46%,4.4678,"[0.036874134093523026, 0.04936211556196213, 0.04688115045428276, 0.03388550877571106, 0.03358158469200134, 0.05218540132045746, 0.0821707621216774, 0.06948576122522354, 0.02211272343993187, 0.028824329376220703, 0.030342480167746544, 0.034291092306375504, 0.014499840326607227, 0.01493456307798624, 0.021831000223755836, 0.031211046501994133, 0.03814900293946266, 0.05801311507821083, 0.025362316519021988, 0.01989729329943657, 0.011426199227571487, 0.023490913212299347, 0.015863608568906784, 0.018745901063084602, 0.031583771109580994, 0.03605170175433159, 0.04366886243224144, 0.07527383416891098]","[0.0012972551630809903, 0.9987027645111084]"
538,10,4.45%,3.4764,"[0.03643057495355606, 0.04895348101854324, 0.046826887875795364, 0.03377649560570717, 0.03464369475841522, 0.05011314898729324, 0.08126773685216904, 0.06840312480926514, 0.022257857024669647, 0.028664544224739075, 0.03066919930279255, 0.034511443227529526, 0.014651200734078884, 0.015315632335841656, 0.02203826792538166, 0.03187016025185585, 0.03748439624905586, 0.058073896914720535, 0.02579762041568756, 0.02054973691701889, 0.01200278103351593, 0.023245511576533318, 0.015476003289222717, 0.019363004714250565, 0.03120391257107258, 0.03562480956315994, 0.04439298063516617, 0.07639193534851074]","[0.0012760948156937957, 0.9987238645553589]"
539,13,4.44%,4.1943,"[0.036910369992256165, 0.04862125217914581, 0.04560164362192154, 0.03365224972367287, 0.034409936517477036, 0.049729567021131516, 0.08075695484876633, 0.06822086870670319, 0.022445421665906906, 0.02849447913467884, 0.03181316331028938, 0.035153113305568695, 0.014835176058113575, 0.015379181131720543, 0.02199459634721279, 0.03215218335390091, 0.036989279091358185, 0.057671476155519485, 0.0255891103297472, 0.02067647874355316, 0.012425214983522892, 0.023463157936930656, 0.015793005004525185, 0.01933969184756279, 0.03087375871837139, 0.03499623388051987, 0.0441555418074131, 0.07785689830780029]","[0.0015341497492045164, 0.9984657764434814]"
540,16,4.44%,3.3070,"[0.03715497627854347, 0.048033468425273895, 0.0446782261133194, 0.03354393318295479, 0.034879397600889206, 0.0482926070690155, 0.07988112419843674, 0.06771492213010788, 0.022812603041529655, 0.028292875736951828, 0.03286321833729744, 0.03547153249382973, 0.015010613948106766, 0.01595146209001541, 0.02214410901069641, 0.032635245472192764, 0.03665803745388985, 0.05723760649561882, 0.02558240108191967, 0.020848212763667107, 0.012991444207727909, 0.02348642796278, 0.015883689746260643, 0.01950928568840027, 0.030443713068962097, 0.03428583964705467, 0.04424062371253967, 0.07947233319282532]","[0.0014615673571825027, 0.9985384345054626]"
541,14,4.43%,3.8010,"[0.038195692002773285, 0.04753786325454712, 0.04270099103450775, 0.0331830270588398, 0.03425318002700806, 0.048774294555187225, 0.07972423732280731, 0.06798183917999268, 0.023076267912983894, 0.028191454708576202, 0.03420616313815117, 0.03602619841694832, 0.015270860865712166, 0.016178740188479424, 0.022011419758200645, 0.03266439586877823, 0.037263549864292145, 0.05665680766105652, 0.024820003658533096, 0.020473912358283997, 0.013151763007044792, 0.023919643834233284, 0.016676761209964752, 0.01886645331978798, 0.03016863949596882, 0.03350603207945824, 0.043365802615880966, 0.08115393668413162]","[0.001537127885967493, 0.9984629154205322]"
542,21,4.42%,3.7258,"[0.038748715072870255, 0.0468120314180851, 0.041618362069129944, 0.032916340976953506, 0.03435363620519638, 0.047909896820783615, 0.07901758700609207, 0.06767768412828445, 0.02336329035460949, 0.02814507856965065, 0.03523791953921318, 0.03611084446310997, 0.015520867891609669, 0.016714127734303474, 0.022458860650658607, 0.03298911824822426, 0.037702009081840515, 0.056259192526340485, 0.024652404710650444, 0.02040662057697773, 0.013540900312364101, 0.024107594043016434, 0.016969110816717148, 0.01871594786643982, 0.02983110584318638, 0.0327007956802845, 0.04310448095202446, 0.08241549134254456]","[0.0018032991793006659, 0.9981966614723206]"
543,18,4.41%,3.7021,"[0.03940955176949501, 0.04583672806620598, 0.041080232709646225, 0.032963842153549194, 0.03398076817393303, 0.047058913856744766, 0.07865222543478012, 0.06755091995000839, 0.02353527396917343, 0.027979765087366104, 0.036254968494176865, 0.036219220608472824, 0.01571076549589634, 0.017181411385536194, 0.023075200617313385, 0.03320501372218132, 0.0377776063978672, 0.05589364096522331, 0.02468552067875862, 0.02036844752728939, 0.014049333520233631, 0.024519016966223717, 0.017221631482243538, 0.018667805939912796, 0.029423711821436882, 0.031936585903167725, 0.04261220619082451, 0.08314968645572662]","[0.0016868447419255972, 0.9983131289482117]"
544,1,4.40%,3.0966,"[0.039131857454776764, 0.045307356864213943, 0.04029612988233566, 0.03259644657373428, 0.03486814349889755, 0.04526887089014053, 0.07732133567333221, 0.06638678908348083, 0.023747120052576065, 0.028225021436810493, 0.037097152322530746, 0.03591887652873993, 0.016059111803770065, 0.01779056340456009, 0.023576892912387848, 0.03366696462035179, 0.03829895332455635, 0.05564749240875244, 0.02514674887061119, 0.020645279437303543, 0.014461206272244453, 0.024924788624048233, 0.01715788058936596, 0.018849652260541916, 0.029172049835324287, 0.03134797886013985, 0.043399471789598465, 0.08368982374668121]","[0.0015707010170444846, 0.9984292984008789]"
545,17,4.40%,2.8968,"[0.03941529244184494, 0.04545396566390991, 0.03980076313018799, 0.03248019888997078, 0.03499632701277733, 0.04433363676071167, 0.07617425918579102, 0.06581830978393555, 0.023953035473823547, 0.028273964300751686, 0.037785571068525314, 0.03579775616526604, 0.016239071264863014, 0.018118349835276604, 0.023988036438822746, 0.03405389189720154, 0.038373950868844986, 0.05519217625260353, 0.02558245323598385, 0.020743172615766525, 0.01485909428447485, 0.02520192600786686, 0.017177550122141838, 0.01891908049583435, 0.028756771236658096, 0.03099917061626911, 0.043479301035404205, 0.08403294533491135]","[0.0015048726927489042, 0.9984951019287109]"
546,21,4.39%,3.6578,"[0.03963274508714676, 0.04553374648094177, 0.03916867449879646, 0.03224358707666397, 0.034816838800907135, 0.044045161455869675, 0.07564257830381393, 0.06549059599637985, 0.02388271503150463, 0.028330085799098015, 0.038343049585819244, 0.03571423143148422, 0.01647118292748928, 0.018266864120960236, 0.0242738239467144, 0.034128010272979736, 0.03852171450853348, 0.05545661225914955, 0.025753919035196304, 0.0207782331854105, 0.015055829659104347, 0.025564564391970634, 0.017336703836917877, 0.018844913691282272, 0.028517799451947212, 0.030660495162010193, 0.04340576007962227, 0.08411955088376999]","[0.0017471994506195188, 0.998252809047699]"
547,11,4.38%,3.3482,"[0.03994705155491829, 0.04548213630914688, 0.038242775946855545, 0.03202858567237854, 0.03423691540956497, 0.04413466528058052, 0.07534172385931015, 0.06532236933708191, 0.023741254583001137, 0.028432266786694527, 0.039173200726509094, 0.035748280584812164, 0.01677171140909195, 0.0182782169431448, 0.024486880749464035, 0.03400474414229393, 0.03871769458055496, 0.055646006017923355, 0.025729751214385033, 0.020704446360468864, 0.015186861157417297, 0.026371140033006668, 0.017737502232193947, 0.018618011847138405, 0.028339846059679985, 0.03025904856622219, 0.043221615254879, 0.08409523218870163]","[0.0014759543118998408, 0.998524010181427]"
548,16,4.37%,3.2575,"[0.03934890031814575, 0.045236412435770035, 0.03825237974524498, 0.03193783015012741, 0.0347655825316906, 0.04276648536324501, 0.07468074560165405, 0.0643620640039444, 0.02368372119963169, 0.0284560639411211, 0.03947792947292328, 0.03584451228380203, 0.016955800354480743, 0.018586112186312675, 0.024890465661883354, 0.03419370576739311, 0.03854325786232948, 0.055945225059986115, 0.026309041306376457, 0.02116158790886402, 0.015576887875795364, 0.026737241074442863, 0.017426203936338425, 0.019042082130908966, 0.028151167556643486, 0.029993973672389984, 0.04390566796064377, 0.08376901596784592]","[0.0013993147294968367, 0.9986006617546082]"
549,8,4.36%,3.7465,"[0.03853905200958252, 0.04489918053150177, 0.038358598947525024, 0.03174060955643654, 0.03572521731257439, 0.04118451848626137, 0.07388356328010559, 0.06321166455745697, 0.023637544363737106, 0.028587739914655685, 0.039531126618385315, 0.03563513234257698, 0.017150716856122017, 0.01904192939400673, 0.025324435904622078, 0.03444838523864746, 0.03911081328988075, 0.056295305490493774, 0.02687866985797882, 0.021571505814790726, 0.01585214026272297, 0.026997199282050133, 0.017027778550982475, 0.01941557414829731, 0.02805645391345024, 0.029774446040391922, 0.04480190575122833, 0.08331887423992157]","[0.0013037247117608786, 0.9986963272094727]"
550,11,4.36%,3.3252,"[0.039055660367012024, 0.044750019907951355, 0.037399306893348694, 0.0315057598054409, 0.03535193204879761, 0.04115695133805275, 0.07348036766052246, 0.06309658288955688, 0.024078140035271645, 0.02859596349298954, 0.040362607687711716, 0.036000173538923264, 0.01729675754904747, 0.019149091094732285, 0.025410663336515427, 0.03430771827697754, 0.03975587710738182, 0.055922724306583405, 0.026687955483794212, 0.021380314603447914, 0.01591353304684162, 0.02762097865343094, 0.0174250528216362, 0.019082313403487206, 0.027868326753377914, 0.029416635632514954, 0.044343799352645874, 0.08358480781316757]","[0.00110541470348835, 0.9988945722579956]"
551,16,4.35%,3.2149,"[0.040410611778497696, 0.04461227357387543, 0.03570886701345444, 0.031222227960824966, 0.0338255800306797, 0.04249191656708717, 0.07383890450000763, 0.06369562447071075, 0.02447584457695484, 0.028414854779839516, 0.04174615070223808, 0.0372682623565197, 0.017446666955947876, 0.018804339691996574, 0.025114472955465317, 0.03373836725950241, 0.0401894710958004, 0.05524338409304619, 0.02586401253938675, 0.020902663469314575, 0.01576843298971653, 0.0285967867821455, 0.01848817616701126, 0.018301015719771385, 0.027658814564347267, 0.0289304256439209, 0.042955927550792694, 0.08428589254617691]","[0.0010458444012328982, 0.9989541172981262]"
552,0,4.34%,3.2276,"[0.0399017333984375, 0.044257622212171555, 0.03563125059008598, 0.030997442081570625, 0.034777455031871796, 0.041056662797927856, 0.07299265265464783, 0.0627124086022377, 0.02493629977107048, 0.02847684919834137, 0.04186118021607399, 0.03739394620060921, 0.017518041655421257, 0.019277917221188545, 0.025399865582585335, 0.03394649177789688, 0.04119137302041054, 0.05506172776222229, 0.02620306983590126, 0.021147243678569794, 0.01594565622508526, 0.028751978650689125, 0.01817321963608265, 0.0184930469840765, 0.027548499405384064, 0.028743911534547806, 0.04348689690232277, 0.08411560207605362]","[0.0010420409962534904, 0.9989579319953918]"
553,8,4.33%,3.6684,"[0.04060099646449089, 0.04396810755133629, 0.03514586761593819, 0.030759619548916817, 0.03500547260046005, 0.0402589812874794, 0.07225942611694336, 0.06224372610449791, 0.025498267263174057, 0.02839094214141369, 0.042384304106235504, 0.03774307295680046, 0.017554685473442078, 0.019582301378250122, 0.025604233145713806, 0.034054357558488846, 0.042087722569704056, 0.054476961493492126, 0.026296107098460197, 0.021100817248225212, 0.016081690788269043, 0.029032042250037193, 0.018290437757968903, 0.01836692914366722, 0.02724233642220497, 0.028421469032764435, 0.04324046149849892, 0.08430866152048111]","[0.0010000000474974513, 0.9990313649177551]"
554,21,4.32%,3.5452,"[0.04147949069738388, 0.04373715817928314, 0.03464215248823166, 0.03057239018380642, 0.035307928919792175, 0.039328113198280334, 0.07121407985687256, 0.06182009354233742, 0.0265791155397892, 0.028266768902540207, 0.04301866888999939, 0.03810136765241623, 0.0174860879778862, 0.019983304664492607, 0.025814097374677658, 0.03421568498015404, 0.04290977865457535, 0.05351685732603073, 0.026415560394525528, 0.020987575873732567, 0.016290420666337013, 0.029206417500972748, 0.018372951075434685, 0.018246090039610863, 0.02686203084886074, 0.0281169842928648, 0.04284145310521126, 0.08466740697622299]","[0.0011394607136026025, 0.9988605380058289]"
555,14,4.32%,3.6533,"[0.042187586426734924, 0.04337750002741814, 0.03403681516647339, 0.030405385419726372, 0.03540491312742233, 0.03852361440658569, 0.07033412158489227, 0.061377741396427155, 0.027497002854943275, 0.028218036517500877, 0.04380841180682182, 0.038427114486694336, 0.017508791759610176, 0.020300406962633133, 0.02602139487862587, 0.034239623695611954, 0.043711334466934204, 0.05267242714762688, 0.026479335501790047, 0.020878221839666367, 0.016476832330226898, 0.02980562299489975, 0.018554432317614555, 0.018100807443261147, 0.026555510237812996, 0.02777855657041073, 0.04256170615553856, 0.08475670218467712]","[0.0012096840655431151, 0.9987903237342834]"
556,14,4.31%,3.6208,"[0.04260443150997162, 0.04289675131440163, 0.03382834047079086, 0.030285995453596115, 0.035834699869155884, 0.037244658917188644, 0.06916706264019012, 0.06070490553975105, 0.028389988467097282, 0.028225943446159363, 0.0443262904882431, 0.03840728476643562, 0.01752999797463417, 0.020827163010835648, 0.02676011435687542, 0.03445887193083763, 0.04435452073812485, 0.05196508765220642, 0.02689550630748272, 0.020928669720888138, 0.016837134957313538, 0.03019305318593979, 0.01839926466345787, 0.018210677430033684, 0.026232603937387466, 0.027397291734814644, 0.042557183653116226, 0.08453647047281265]","[0.0012837722897529602, 0.9987162351608276]"
557,5,4.30%,3.2709,"[0.04518095776438713, 0.042435962706804276, 0.03204750269651413, 0.029969125986099243, 0.0338074192404747, 0.038470592349767685, 0.06896571815013885, 0.06155632063746452, 0.029168130829930305, 0.02812410145998001, 0.046141549944877625, 0.03914064168930054, 0.017718620598316193, 0.020613104104995728, 0.02723858878016472, 0.03393232822418213, 0.0452088788151741, 0.05077708885073662, 0.02602916769683361, 0.020088568329811096, 0.016750263050198555, 0.031481415033340454, 0.019775543361902237, 0.0172234158962965, 0.025855207815766335, 0.02663666568696499, 0.04063368961215019, 0.08502943068742752]","[0.0014147005276754498, 0.9985852837562561]"
558,24,4.29%,3.6616,"[0.04489237070083618, 0.04201493412256241, 0.03239145874977112, 0.02992922253906727, 0.034479059278964996, 0.037426989525556564, 0.06783213466405869, 0.060642264783382416, 0.02977948822081089, 0.028327101841568947, 0.0459631122648716, 0.0387510247528553, 0.01774837262928486, 0.021181294694542885, 0.028406789526343346, 0.03427198901772499, 0.04558277130126953, 0.05053810402750969, 0.026737313717603683, 0.020384835079312325, 0.017121976241469383, 0.03156757727265358, 0.01914946548640728, 0.017590519040822983, 0.02569747529923916, 0.026381514966487885, 0.04100998863577843, 0.08420079946517944]","[0.0012598588364198804, 0.9987401366233826]"
559,26,4.29%,3.1989,"[0.04462026432156563, 0.04155883565545082, 0.03252890333533287, 0.029823824763298035, 0.03473932296037674, 0.0370267890393734, 0.06709405779838562, 0.06004762277007103, 0.030185429379343987, 0.02861628495156765, 0.04592753201723099, 0.03849915415048599, 0.01776791177690029, 0.021504178643226624, 0.029335103929042816, 0.03430042043328285, 0.046057987958192825, 0.05047136917710304, 0.02706065960228443, 0.020503884181380272, 0.017233386635780334, 0.03180636465549469, 0.018811816349625587, 0.017746374011039734, 0.026033364236354828, 0.02608751319348812, 0.0411844402551651, 0.08342725783586502]","[0.001424708985723555, 0.9985752701759338]"
560,18,4.28%,3.5974,"[0.04496445134282112, 0.041273798793554306, 0.0318622961640358, 0.029586421325802803, 0.03405784070491791, 0.03777460381388664, 0.06673334538936615, 0.05992104858160019, 0.030343089252710342, 0.028944404795765877, 0.04644262045621872, 0.038587942719459534, 0.017933716997504234, 0.021363839507102966, 0.02979397401213646, 0.03397829830646515, 0.04671912640333176, 0.05029479041695595, 0.02671392634510994, 0.0202484168112278, 0.017005207017064095, 0.032546963542699814, 0.019203657284379005, 0.017406366765499115, 0.02641448751091957, 0.025714857503771782, 0.041176460683345795, 0.08299398422241211]","[0.0016286605969071388, 0.9983713626861572]"
561,13,4.27%,3.8290,"[0.044954534620046616, 0.04112078621983528, 0.03182486817240715, 0.02949388697743416, 0.033920835703611374, 0.03770233690738678, 0.06597026437520981, 0.05939875915646553, 0.03055359050631523, 0.029242483898997307, 0.046556632965803146, 0.03843821957707405, 0.01799570769071579, 0.021365083754062653, 0.030469587072730064, 0.033976469188928604, 0.04698779806494713, 0.050117045640945435, 0.027189353480935097, 0.020303815603256226, 0.01702098175883293, 0.03293445706367493, 0.019086793065071106, 0.01744731143116951, 0.02662665769457817, 0.025511447340250015, 0.04156721755862236, 0.08222316205501556]","[0.001864726422354579, 0.9981352686882019]"
562,3,4.26%,3.5281,"[0.04463791102170944, 0.040752336382865906, 0.03192799165844917, 0.029409164562821388, 0.03440864384174347, 0.03686387836933136, 0.06497403979301453, 0.05862104147672653, 0.030941708013415337, 0.029446054250001907, 0.046544793993234634, 0.038032956421375275, 0.01804305799305439, 0.02199576050043106, 0.03130808472633362, 0.03416964039206505, 0.04732834920287132, 0.04991745203733444, 0.027804911136627197, 0.02041780948638916, 0.0172323789447546, 0.03303121402859688, 0.018725695088505745, 0.01765269599854946, 0.026717467233538628, 0.02524479106068611, 0.042183347046375275, 0.08166685700416565]","[0.002235917141661048, 0.9977640509605408]"
563,10,4.26%,3.0504,"[0.045644115656614304, 0.04050873965024948, 0.03120190091431141, 0.02962024137377739, 0.033221423625946045, 0.0377594530582428, 0.06465385109186172, 0.05886397883296013, 0.031223053112626076, 0.02957993932068348, 0.04738391190767288, 0.03820161521434784, 0.018125737085938454, 0.021971162408590317, 0.031610459089279175, 0.03387874737381935, 0.04763573780655861, 0.049328867346048355, 0.027541937306523323, 0.019930275157094002, 0.01713712327182293, 0.033796463161706924, 0.01937725581228733, 0.01715325191617012, 0.026771171018481255, 0.024928709492087364, 0.041543275117874146, 0.08140759915113449]","[0.002189250895753503, 0.9978107810020447]"
564,1,4.25%,3.2169,"[0.04580335319042206, 0.04005645960569382, 0.031008457764983177, 0.029922552406787872, 0.03297517076134682, 0.037225596606731415, 0.0637308731675148, 0.05846059322357178, 0.0316438302397728, 0.02964755706489086, 0.04838159307837486, 0.03808106482028961, 0.018139107152819633, 0.02236863784492016, 0.03218156099319458, 0.03393545746803284, 0.04759342968463898, 0.04876811429858208, 0.02784360945224762, 0.01977796107530594, 0.017437081784009933, 0.03419268876314163, 0.019433261826634407, 0.017161423340439796, 0.026773421093821526, 0.024598674848675728, 0.04169666767120361, 0.08116183429956436]","[0.002026768634095788, 0.9979732036590576]"
565,16,4.24%,3.0489,"[0.04565982148051262, 0.04024023190140724, 0.031058641150593758, 0.030210204422473907, 0.03307262435555458, 0.03654253110289574, 0.06255912035703659, 0.05787266045808792, 0.03207813948392868, 0.029763905331492424, 0.048929329961538315, 0.03782269358634949, 0.018101627007126808, 0.022733567282557487, 0.03268836811184883, 0.03416469320654869, 0.04741523414850235, 0.04827011004090309, 0.028376957401633263, 0.019765742123126984, 0.017740925773978233, 0.0343056246638298, 0.01919989101588726, 0.017323778942227364, 0.026721470057964325, 0.02447739988565445, 0.04212420806288719, 0.08078058063983917]","[0.0019613842014223337, 0.9980385899543762]"
566,14,4.23%,3.4017,"[0.04640907794237137, 0.04041164740920067, 0.03026512823998928, 0.030244529247283936, 0.032247308641672134, 0.03721962124109268, 0.06198970600962639, 0.05788210406899452, 0.03232364356517792, 0.029970683157444, 0.04991082847118378, 0.03781847283244133, 0.018216237425804138, 0.02266019582748413, 0.032741647213697433, 0.03394978865981102, 0.04830719158053398, 0.04766613245010376, 0.028024733066558838, 0.019280212000012398, 0.01752784289419651, 0.03501325845718384, 0.019827520474791527, 0.01680508255958557, 0.026753267273306847, 0.02426159381866455, 0.041716333478689194, 0.08055625110864639]","[0.0020573758520185947, 0.9979426264762878]"
567,19,4.23%,3.9582,"[0.04546502232551575, 0.04026256874203682, 0.030884141102433205, 0.030438097193837166, 0.033303625881671906, 0.03547046706080437, 0.06053023040294647, 0.056744206696748734, 0.032750196754932404, 0.030162790790200233, 0.04972716048359871, 0.03699275478720665, 0.018170461058616638, 0.023549335077404976, 0.03397312015295029, 0.03448640555143356, 0.04871997982263565, 0.0474558062851429, 0.029043646529316902, 0.01952284388244152, 0.017993072047829628, 0.03463778272271156, 0.01896199956536293, 0.01730109192430973, 0.026728441938757896, 0.02411675453186035, 0.042734865099191666, 0.07987311482429504]","[0.0020868971478194, 0.9979130625724792]"
568,18,4.22%,3.5482,"[0.04663507640361786, 0.04039314389228821, 0.02991947904229164, 0.030353182926774025, 0.031983669847249985, 0.03669438511133194, 0.060438115149736404, 0.05691760405898094, 0.03280536085367203, 0.03034418635070324, 0.050705984234809875, 0.037262022495269775, 0.018373630940914154, 0.02317648194730282, 0.03423754498362541, 0.0341048501431942, 0.04924984648823738, 0.04692026972770691, 0.028578080236911774, 0.019327936694025993, 0.017708158120512962, 0.035523831844329834, 0.019763661548495293, 0.016708040609955788, 0.02664114348590374, 0.023827049881219864, 0.04190395399928093, 0.07950334995985031]","[0.0022796764969825745, 0.9977203607559204]"
569,8,4.21%,3.4079,"[0.0469396635890007, 0.04054223373532295, 0.029931142926216125, 0.030434630811214447, 0.03174315392971039, 0.03646000847220421, 0.05974310636520386, 0.05640863627195358, 0.0330069363117218, 0.03047720529139042, 0.05092327669262886, 0.037093665450811386, 0.018407097086310387, 0.023242270573973656, 0.03496696427464485, 0.034226901829242706, 0.04930620267987251, 0.04651535302400589, 0.029306916519999504, 0.01958886906504631, 0.01783989556133747, 0.035704296082258224, 0.01963738724589348, 0.01674441061913967, 0.026428205892443657, 0.023714451119303703, 0.041899312287569046, 0.07876790314912796]","[0.0019146959530189633, 0.9980853199958801]"
570,0,4.20%,3.0732,"[0.04712076857686043, 0.04065299779176712, 0.030144864693284035, 0.030561674386262894, 0.03199039772152901, 0.03552938997745514, 0.058552082628011703, 0.05572047084569931, 0.033962275832891464, 0.030525067821145058, 0.05107064172625542, 0.0367969311773777, 0.018278658390045166, 0.023645909503102303, 0.035823579877614975, 0.03455907478928566, 0.04929061233997345, 0.04580814391374588, 0.030283944681286812, 0.01987236551940441, 0.018189338967204094, 0.03551530838012695, 0.019204383715987206, 0.016953619197010994, 0.02612948790192604, 0.023625215515494347, 0.041989270597696304, 0.07820354402065277]","[0.0018342984840273857, 0.9981657266616821]"
571,12,4.20%,4.0152,"[0.04769262298941612, 0.04067746922373772, 0.03059861809015274, 0.03070618212223053, 0.0325157530605793, 0.034085825085639954, 0.05710555240511894, 0.05488217622041702, 0.035081665962934494, 0.030431143939495087, 0.051075585186481476, 0.036377109587192535, 0.018059544265270233, 0.024267954751849174, 0.036883383989334106, 0.03509799391031265, 0.04907951503992081, 0.04498694837093353, 0.031577181071043015, 0.02021687850356102, 0.01873348467051983, 0.035017065703868866, 0.018579130992293358, 0.017314113676548004, 0.025675034150481224, 0.02349814400076866, 0.04208884760737419, 0.07769502699375153]","[0.0018650973215699196, 0.9981349110603333]"
572,6,4.19%,2.8638,"[0.04930531606078148, 0.04076901450753212, 0.029946789145469666, 0.030617456883192062, 0.031745295971632004, 0.034260474145412445, 0.05635060742497444, 0.054635610431432724, 0.035782475024461746, 0.03043549135327339, 0.05187563970685005, 0.03641578555107117, 0.018327856436371803, 0.024252180010080338, 0.037410661578178406, 0.035141680389642715, 0.04918408393859863, 0.04412868618965149, 0.03181132674217224, 0.020131412893533707, 0.01881985366344452, 0.035400498658418655, 0.01896904967725277, 0.016994856297969818, 0.025205332785844803, 0.023190660402178764, 0.04137734696269035, 0.07751458883285522]","[0.0017749470425769687, 0.9982250332832336]"
573,17,4.18%,3.1384,"[0.04905516654253006, 0.04056746885180473, 0.030490325763821602, 0.030655307695269585, 0.032400161027908325, 0.03299844637513161, 0.05598365142941475, 0.05369178578257561, 0.036228813230991364, 0.03034815937280655, 0.051382213830947876, 0.03597334399819374, 0.018445661291480064, 0.02484888583421707, 0.03841662034392357, 0.03545980527997017, 0.04901808872818947, 0.043956782668828964, 0.03301345184445381, 0.02069217711687088, 0.019232122227549553, 0.03497156873345375, 0.018263468518853188, 0.01743338443338871, 0.02487906441092491, 0.02309260703623295, 0.041788212954998016, 0.07671315222978592]","[0.0016515786992385983, 0.9983484148979187]"
574,7,4.17%,2.9061,"[0.050152529031038284, 0.04051601141691208, 0.02994072623550892, 0.030478373169898987, 0.03151605278253555, 0.03372307866811752, 0.056582361459732056, 0.053774286061525345, 0.036207277327775955, 0.030328281223773956, 0.05173000693321228, 0.0361311137676239, 0.018747659400105476, 0.024573251605033875, 0.03864997997879982, 0.03501346707344055, 0.04918113723397255, 0.044096484780311584, 0.03286324813961983, 0.020670147612690926, 0.018989361822605133, 0.03546524792909622, 0.018707679584622383, 0.017076412215828896, 0.024706292897462845, 0.022885626181960106, 0.04107648506760597, 0.07621743530035019]","[0.001741894637234509, 0.998258113861084]"
575,10,4.17%,2.9529,"[0.051688093692064285, 0.0404767245054245, 0.029107553884387016, 0.030299101024866104, 0.030165456235408783, 0.03506152704358101, 0.05747389793395996, 0.05479006469249725, 0.036095377057790756, 0.030214224010705948, 0.05238481983542442, 0.036498378962278366, 0.018993016332387924, 0.02401542291045189, 0.03859177231788635, 0.0342782586812973, 0.04924754425883293, 0.04418256878852844, 0.03223766013979912, 0.020375244319438934, 0.01864364929497242, 0.03620864450931549, 0.019503382965922356, 0.016533175483345985, 0.024609774351119995, 0.022686142474412918, 0.03990498557686806, 0.07573354989290237]","[0.0018242623191326857, 0.9981757402420044]"
576,10,4.16%,2.9451,"[0.05151757225394249, 0.04011770337820053, 0.029290251433849335, 0.03031400591135025, 0.030293161049485207, 0.034284498542547226, 0.05748210847377777, 0.05477533116936684, 0.03618604689836502, 0.03001827746629715, 0.05269136652350426, 0.03625942021608353, 0.019095253199338913, 0.024329550564289093, 0.039215683937072754, 0.03416769579052925, 0.04893824830651283, 0.044418804347515106, 0.03279907628893852, 0.02062724158167839, 0.018951496109366417, 0.0361296720802784, 0.01918606646358967, 0.016790593042969704, 0.024487778544425964, 0.02253122813999653, 0.04000002518296242, 0.0751018151640892]","[0.0019351739902049303, 0.9980648159980774]"
577,3,4.15%,3.4949,"[0.052447784692049026, 0.03968396410346031, 0.028650712221860886, 0.030238859355449677, 0.029496625065803528, 0.03436115384101868, 0.05766332894563675, 0.05520147830247879, 0.03632315248250961, 0.029778387397527695, 0.054366230964660645, 0.03646089881658554, 0.01928025297820568, 0.02423783950507641, 0.039386507123708725, 0.033703338354825974, 0.04860953241586685, 0.044240325689315796, 0.032570306211709976, 0.020465878769755363, 0.019084732979536057, 0.03671427071094513, 0.019680291414260864, 0.016590511426329613, 0.024318428710103035, 0.022163420915603638, 0.03938738629221916, 0.07489443570375443]","[0.002203485695645213, 0.9977964758872986]"
578,7,4.15%,2.8964,"[0.05239681899547577, 0.03924007713794708, 0.028792524710297585, 0.03067813441157341, 0.029322173446416855, 0.033581528812646866, 0.05748451501131058, 0.0552063062787056, 0.036487698554992676, 0.029528746381402016, 0.055379193276166916, 0.03632386773824692, 0.019304633140563965, 0.024481741711497307, 0.03985518962144852, 0.03360981121659279, 0.0479920394718647, 0.04416827857494354, 0.03303500637412071, 0.020549794659018517, 0.0195416659116745, 0.03678668662905693, 0.01952042430639267, 0.016798214986920357, 0.024148613214492798, 0.021995367482304573, 0.03937245160341263, 0.07441843301057816]","[0.002371948678046465, 0.9976280927658081]"
579,13,4.14%,3.7185,"[0.05267401784658432, 0.0388459786772728, 0.02873564325273037, 0.03107541985809803, 0.02881545200943947, 0.03332017362117767, 0.05763143301010132, 0.05603170022368431, 0.03654300794005394, 0.029199648648500443, 0.05646299943327904, 0.03634531795978546, 0.019284022971987724, 0.024491293355822563, 0.04009557142853737, 0.03326660767197609, 0.04734738543629646, 0.04412709176540375, 0.03313243389129639, 0.0204458050429821, 0.019882995635271072, 0.03702273219823837, 0.019608668982982635, 0.016860147938132286, 0.02403428964316845, 0.021866144612431526, 0.03897908702492714, 0.07387492805719376]","[0.002647468587383628, 0.9973525404930115]"
580,24,4.13%,3.7352,"[0.05301252380013466, 0.038294024765491486, 0.028534313663840294, 0.03138748183846474, 0.028492026031017303, 0.032851479947566986, 0.057645007967948914, 0.05673690512776375, 0.0367862731218338, 0.02883218415081501, 0.05760837718844414, 0.03626805543899536, 0.019281461834907532, 0.024991806596517563, 0.04040158540010452, 0.032982707023620605, 0.046906471252441406, 0.04396835342049599, 0.03310550004243851, 0.02025647461414337, 0.02028634585440159, 0.03717347979545593, 0.01973096653819084, 0.01687336526811123, 0.023856159299612045, 0.021631773561239243, 0.0385354720056057, 0.07356943935155869]","[0.0023186656180769205, 0.9976813197135925]"
581,9,4.12%,3.5508,"[0.05147457867860794, 0.03767355531454086, 0.02944551408290863, 0.03180359676480293, 0.029410408809781075, 0.03117450885474682, 0.057082317769527435, 0.05658470094203949, 0.036983344703912735, 0.028700200840830803, 0.05744749680161476, 0.03548666462302208, 0.01911991462111473, 0.026123417541384697, 0.041331905871629715, 0.0331464447081089, 0.04662768915295601, 0.04432184249162674, 0.03403859585523605, 0.02049972116947174, 0.020906345918774605, 0.0364491268992424, 0.018763799220323563, 0.017508231103420258, 0.02418159320950508, 0.021554119884967804, 0.03923889622092247, 0.07292143255472183]","[0.0022502706851810217, 0.9977497458457947]"
582,18,4.12%,3.4200,"[0.05318388715386391, 0.03735123202204704, 0.027928240597248077, 0.031763941049575806, 0.027501627802848816, 0.03319378197193146, 0.058091070502996445, 0.058231133967638016, 0.03668105974793434, 0.028954800218343735, 0.059660039842128754, 0.03612257540225983, 0.01933669112622738, 0.025334598496556282, 0.040520261973142624, 0.032038699835538864, 0.04674356058239937, 0.04410576447844505, 0.03229120373725891, 0.01967743970453739, 0.020252376794815063, 0.037936870008707047, 0.020340733230113983, 0.016523050144314766, 0.02457985281944275, 0.02120024338364601, 0.03774935007095337, 0.07270592451095581]","[0.002379063982516527, 0.9976209402084351]"
583,4,4.11%,3.5794,"[0.05308997258543968, 0.03709555044770241, 0.02800189144909382, 0.032007791101932526, 0.027226226404309273, 0.03303380683064461, 0.05787556245923042, 0.058553051203489304, 0.036663930863142014, 0.02921620011329651, 0.06019997596740723, 0.03582616150379181, 0.019314266741275787, 0.025507554411888123, 0.04085785895586014, 0.031867895275354385, 0.04652082920074463, 0.04411020129919052, 0.03266685828566551, 0.019583458080887794, 0.02035120129585266, 0.038064271211624146, 0.020285623148083687, 0.01652972772717476, 0.024826733395457268, 0.021093549206852913, 0.03761767968535423, 0.07201217114925385]","[0.002099802950397134, 0.9979002475738525]"
584,9,4.10%,3.5231,"[0.052121419459581375, 0.03690839186310768, 0.028532471507787704, 0.0321778729557991, 0.02815922722220421, 0.031953442841768265, 0.057178717106580734, 0.05827988684177399, 0.03689808025956154, 0.029481466859579086, 0.059892840683460236, 0.03515418991446495, 0.019205035641789436, 0.026226453483104706, 0.041440654546022415, 0.032069772481918335, 0.046572089195251465, 0.04422779381275177, 0.03355846554040909, 0.019733861088752747, 0.02059749700129032, 0.03752603381872177, 0.019585154950618744, 0.016869114711880684, 0.025073278695344925, 0.021094735711812973, 0.038123756647109985, 0.071358323097229]","[0.002106520114466548, 0.9978934526443481]"
585,2,4.10%,3.5549,"[0.051969192922115326, 0.03685644268989563, 0.028297197073698044, 0.03218386322259903, 0.0281816553324461, 0.03221466392278671, 0.05696369707584381, 0.05846719816327095, 0.03683587908744812, 0.030155682936310768, 0.060236744582653046, 0.03486275672912598, 0.01926257088780403, 0.026239944621920586, 0.04144273325800896, 0.03188348561525345, 0.046854015439748764, 0.04423898085951805, 0.03354360908269882, 0.019563913345336914, 0.020330097526311874, 0.03778593987226486, 0.01971142366528511, 0.01666833646595478, 0.025438474491238594, 0.021026920527219772, 0.038064826279878616, 0.07071977108716965]","[0.0017831831937655807, 0.9982168078422546]"
586,24,4.09%,3.6563,"[0.050313569605350494, 0.036777060478925705, 0.029718084260821342, 0.03249658644199371, 0.029464181512594223, 0.030877238139510155, 0.0560295470058918, 0.05770142748951912, 0.03694692999124527, 0.030813664197921753, 0.059026360511779785, 0.03387533500790596, 0.019042134284973145, 0.02704996056854725, 0.04229109361767769, 0.032334811985492706, 0.046920955181121826, 0.044562991708517075, 0.0349692702293396, 0.019915351644158363, 0.02055925689637661, 0.036817651242017746, 0.01853431575000286, 0.017220262438058853, 0.025828836485743523, 0.02118692547082901, 0.038985639810562134, 0.06974053382873535]","[0.001558526186272502, 0.9984415173530579]"
587,21,4.08%,3.2854,"[0.05150030925869942, 0.03682991489768028, 0.02884606458246708, 0.03240586072206497, 0.027941936627030373, 0.03312712535262108, 0.05703544244170189, 0.059037305414676666, 0.036382757127285004, 0.03148132562637329, 0.06022801622748375, 0.03438457474112511, 0.019116999581456184, 0.025828681886196136, 0.04129825904965401, 0.03134404867887497, 0.04722306504845619, 0.044605012983083725, 0.0335722491145134, 0.01927543431520462, 0.01956837624311447, 0.03808159381151199, 0.019799144938588142, 0.01632438600063324, 0.026668203994631767, 0.021097010001540184, 0.037835124880075455, 0.06916166841983795]","[0.0017034816555678844, 0.9982964992523193]"
588,2,4.07%,3.5105,"[0.04990055784583092, 0.03658762946724892, 0.02981061115860939, 0.03259837627410889, 0.02868533506989479, 0.03235868364572525, 0.056556012481451035, 0.058494340628385544, 0.03616230934858322, 0.03223063051700592, 0.059556446969509125, 0.03366575017571449, 0.01901991106569767, 0.026208775117993355, 0.041816044598817825, 0.031389135867357254, 0.04743506759405136, 0.04505449905991554, 0.03436841443181038, 0.01948709413409233, 0.01952243596315384, 0.03798086196184158, 0.019063495099544525, 0.01664154790341854, 0.027486076578497887, 0.021157020702958107, 0.03861686959862709, 0.06814604252576828]","[0.0014314305735751987, 0.998568594455719]"
589,14,4.07%,3.1844,"[0.04954683408141136, 0.03649862855672836, 0.03039713017642498, 0.0327850840985775, 0.028316451236605644, 0.03295233100652695, 0.05685081332921982, 0.058781228959560394, 0.035709891468286514, 0.03286897763609886, 0.05948249250650406, 0.03351038321852684, 0.018917957320809364, 0.025761926546692848, 0.041666314005851746, 0.030968083068728447, 0.04753559082746506, 0.045356862246990204, 0.034339115023612976, 0.01936941407620907, 0.019081370905041695, 0.03850725665688515, 0.01913926750421524, 0.01647152006626129, 0.02828926220536232, 0.02124009281396866, 0.03849053382873535, 0.0671650692820549]","[0.0014619461726397276, 0.998538076877594]"
590,15,4.06%,3.4940,"[0.048633791506290436, 0.03623118996620178, 0.0315374918282032, 0.033013805747032166, 0.028575800359249115, 0.032501887530088425, 0.056505054235458374, 0.05849295109510422, 0.035436540842056274, 0.033467140048742294, 0.058846354484558105, 0.03290072828531265, 0.018782218918204308, 0.025935156270861626, 0.04257988929748535, 0.03094620071351528, 0.047520071268081665, 0.04569001495838165, 0.035069432109594345, 0.019480600953102112, 0.01905113272368908, 0.0384087972342968, 0.018584948033094406, 0.016687924042344093, 0.028948357328772545, 0.021253760904073715, 0.038802579045295715, 0.06611613929271698]","[0.0014835395850241184, 0.9985164403915405]"
591,9,4.05%,3.3804,"[0.04862000793218613, 0.036150556057691574, 0.03202268108725548, 0.03317279741168022, 0.02823406457901001, 0.03280755877494812, 0.05622442811727524, 0.05853370204567909, 0.03515378385782242, 0.03403482958674431, 0.05874862149357796, 0.03259899839758873, 0.018735695630311966, 0.025706622749567032, 0.04306641221046448, 0.031115366145968437, 0.04752061888575554, 0.04566061496734619, 0.035247381776571274, 0.019348518922924995, 0.018884196877479553, 0.03868516534566879, 0.01858280785381794, 0.016547201201319695, 0.02940390445291996, 0.021219342947006226, 0.038606829941272736, 0.06536728888750076]","[0.0015338443918153644, 0.9984661936759949]"
592,11,4.05%,3.4461,"[0.048590876162052155, 0.03616385534405708, 0.03223994001746178, 0.03325450420379639, 0.02768583968281746, 0.033584244549274445, 0.05599499121308327, 0.05853746458888054, 0.034730348736047745, 0.035076532512903214, 0.05870625749230385, 0.032319068908691406, 0.018776487559080124, 0.02525491453707218, 0.043368350714445114, 0.03119019605219364, 0.04768722131848335, 0.04566130042076111, 0.03516116738319397, 0.01916409097611904, 0.018506372347474098, 0.0392104834318161, 0.018756510689854622, 0.016253085806965828, 0.029994389042258263, 0.021178552880883217, 0.03841086104512215, 0.06454203277826309]","[0.0013124124379828572, 0.9986876249313354]"
593,19,4.04%,3.9565,"[0.047628339380025864, 0.036025889217853546, 0.03321309760212898, 0.03343414515256882, 0.028038037940859795, 0.03306996077299118, 0.05536715313792229, 0.05783701315522194, 0.03456093370914459, 0.035867974162101746, 0.0580340176820755, 0.03207236900925636, 0.018691640347242355, 0.02538885548710823, 0.04405761882662773, 0.03161557763814926, 0.04751899093389511, 0.045740190893411636, 0.035903967916965485, 0.01940751075744629, 0.018549416214227676, 0.03894464299082756, 0.018176469951868057, 0.016493596136569977, 0.030469434335827827, 0.02118082158267498, 0.03887811675667763, 0.06383420526981354]","[0.0012306331191211939, 0.9987693428993225]"
594,8,4.03%,3.3745,"[0.047900181263685226, 0.03609968721866608, 0.03312758356332779, 0.033425092697143555, 0.027203930541872978, 0.034270841628313065, 0.05567668750882149, 0.057920679450035095, 0.034117475152015686, 0.0366191603243351, 0.05815451219677925, 0.032535258680582047, 0.018751174211502075, 0.0245720986276865, 0.043936580419540405, 0.031462669372558594, 0.047191426157951355, 0.04568348079919815, 0.03562414273619652, 0.019603433087468147, 0.01814068853855133, 0.0396374948322773, 0.018510697409510612, 0.01620754972100258, 0.030873237177729607, 0.021144436672329903, 0.038445115089416504, 0.06316456198692322]","[0.0010000000474974513, 0.9990468621253967]"
595,0,4.03%,3.0590,"[0.04818568006157875, 0.03616057336330414, 0.0332169272005558, 0.03345222398638725, 0.02680201455950737, 0.0347554087638855, 0.055412378162145615, 0.05777106434106827, 0.03451276198029518, 0.03721250221133232, 0.05823051556944847, 0.03281563147902489, 0.018661383539438248, 0.024214647710323334, 0.04405081272125244, 0.03152061998844147, 0.04689430072903633, 0.04526221379637718, 0.03568076714873314, 0.019781295210123062, 0.017978528514504433, 0.03987303003668785, 0.018559034913778305, 0.01606493629515171, 0.031064176931977272, 0.021105317398905754, 0.03806029632687569, 0.06270097941160202]","[0.0010552693856880069, 0.9989446997642517]"
596,2,4.02%,3.3806,"[0.04866853356361389, 0.036123957484960556, 0.033765051513910294, 0.033517103642225266, 0.026930950582027435, 0.03418676555156708, 0.05459504947066307, 0.05721287056803703, 0.0351954810321331, 0.03757026419043541, 0.05802799388766289, 0.03279203921556473, 0.01847728341817856, 0.024369914084672928, 0.04465698450803757, 0.031936630606651306, 0.04649388790130615, 0.044710271060466766, 0.03639288619160652, 0.02008683606982231, 0.018158195540308952, 0.03949118033051491, 0.01818692497909069, 0.016191139817237854, 0.03096267580986023, 0.021021239459514618, 0.03789615258574486, 0.06238165497779846]","[0.0010000000474974513, 0.9990753531455994]"
597,24,4.01%,3.4765,"[0.048763737082481384, 0.03609507158398628, 0.03507872670888901, 0.03372815251350403, 0.027276383712887764, 0.0333050861954689, 0.053804438561201096, 0.05650734901428223, 0.03579096496105194, 0.03783158212900162, 0.05736042559146881, 0.03265535086393356, 0.01818542182445526, 0.02459341287612915, 0.045307476073503494, 0.03242683783173561, 0.04596538469195366, 0.04432111978530884, 0.037475116550922394, 0.020521089434623718, 0.01839878410100937, 0.03877205401659012, 0.01754547283053398, 0.016490763053297997, 0.030897945165634155, 0.021058954298496246, 0.03791721910238266, 0.06192568689584732]","[0.0010000000474974513, 0.9990302920341492]"
598,8,4.01%,3.3178,"[0.049914173781871796, 0.03618686646223068, 0.035210125148296356, 0.03374218940734863, 0.026615116745233536, 0.033941514790058136, 0.05349581316113472, 0.05649758130311966, 0.03623426333069801, 0.03828154876828194, 0.05771532654762268, 0.032934557646512985, 0.01801634393632412, 0.02415703423321247, 0.04521843418478966, 0.03241261839866638, 0.04564840719103813, 0.04377687722444534, 0.03732331097126007, 0.020458437502384186, 0.01815769635140896, 0.0389142706990242, 0.017796281725168228, 0.016183456405997276, 0.0312187559902668, 0.020944705232977867, 0.03721882402896881, 0.06178555637598038]","[0.0010000000474974513, 0.9991434216499329]"
599,15,4.00%,3.4233,"[0.05064637213945389, 0.03619632497429848, 0.03580270707607269, 0.0338420644402504, 0.026651859283447266, 0.03341307118535042, 0.05261041969060898, 0.05613609030842781, 0.037483591586351395, 0.03848574683070183, 0.057869214564561844, 0.03298891708254814, 0.017668580636382103, 0.02424793131649494, 0.04540902003645897, 0.03266732767224312, 0.0452321358025074, 0.04299496114253998, 0.037811554968357086, 0.020542705431580544, 0.018285928294062614, 0.03850250691175461, 0.01757560484111309, 0.01621365174651146, 0.03135828301310539, 0.020888062193989754, 0.036832861602306366, 0.06164251267910004]","[0.0011709225364029408, 0.9988290667533875]"
600,18,3.99%,3.2578,"[0.05072023719549179, 0.03619154542684555, 0.036884233355522156, 0.0340794175863266, 0.026992587372660637, 0.03252912312746048, 0.0515572763979435, 0.05547160655260086, 0.038503650575876236, 0.03866608440876007, 0.057415470480918884, 0.03287799283862114, 0.017336634919047356, 0.024466801434755325, 0.04585381597280502, 0.03345402330160141, 0.04472038894891739, 0.04234742000699043, 0.03872302547097206, 0.020810730755329132, 0.01858176849782467, 0.03776611015200615, 0.017021924257278442, 0.01647036336362362, 0.03144869953393936, 0.020909134298563004, 0.03682674840092659, 0.061373114585876465]","[0.0014106157468631864, 0.9985893964767456]"
601,13,3.99%,3.7318,"[0.05099206045269966, 0.036229457706213, 0.03819701448082924, 0.03435243293642998, 0.027189122512936592, 0.0316639207303524, 0.050569213926792145, 0.0548371747136116, 0.039419740438461304, 0.03874078765511513, 0.056796468794345856, 0.03276596590876579, 0.01696906052529812, 0.02453700453042984, 0.04643167927861214, 0.034193627536296844, 0.04400533437728882, 0.041699543595314026, 0.040211159735918045, 0.021159276366233826, 0.01891341246664524, 0.037018854171037674, 0.016434375196695328, 0.016787946224212646, 0.03139109909534454, 0.020977817475795746, 0.03669378533959389, 0.060822710394859314]","[0.0010810948442667723, 0.9989189505577087]"
602,10,3.98%,2.8512,"[0.05430922657251358, 0.03640412166714668, 0.03753839060664177, 0.034482408314943314, 0.025934213772416115, 0.03215575963258743, 0.04970083758234978, 0.05519226938486099, 0.04111500084400177, 0.03846410661935806, 0.058163005858659744, 0.0332329161465168, 0.01667742244899273, 0.024374671280384064, 0.04643882438540459, 0.034533821046352386, 0.0432889498770237, 0.040093936026096344, 0.04025169461965561, 0.02062850259244442, 0.019086521118879318, 0.03712373599410057, 0.017057109624147415, 0.01621917635202408, 0.030591564252972603, 0.020704258233308792, 0.03501088172197342, 0.06122668832540512]","[0.0010514134773984551, 0.9989486336708069]"
603,1,3.97%,3.3214,"[0.05376943573355675, 0.03596733510494232, 0.03852924332022667, 0.03464401140809059, 0.02657312899827957, 0.030787868425250053, 0.04863380268216133, 0.05426976457238197, 0.04209902510046959, 0.038553059101104736, 0.058036237955093384, 0.0328548438847065, 0.016453325748443604, 0.025241781026124954, 0.04720987379550934, 0.03526829928159714, 0.04297501966357231, 0.039583709090948105, 0.04142150655388832, 0.02089129388332367, 0.019554918631911278, 0.03637043014168739, 0.016425160691142082, 0.016570815816521645, 0.03064778447151184, 0.020557088777422905, 0.03520756587386131, 0.0609036460518837]","[0.0010000000474974513, 0.9994513988494873]"
604,21,3.97%,3.3145,"[0.055672336369752884, 0.03636596351861954, 0.03824593126773834, 0.034695789217948914, 0.026036975905299187, 0.030769318342208862, 0.04767990857362747, 0.054189033806324005, 0.04354003444314003, 0.03847724571824074, 0.05901340767741203, 0.03300927206873894, 0.01619703508913517, 0.02528098225593567, 0.04718295484781265, 0.035672128200531006, 0.04248659685254097, 0.03843433037400246, 0.04168197885155678, 0.020598936825990677, 0.019704874604940414, 0.03621046245098114, 0.0166399497538805, 0.01628650724887848, 0.03019828535616398, 0.02040819264948368, 0.03430047258734703, 0.0610211081802845]","[0.0010739942081272602, 0.9989259839057922]"
605,20,3.96%,3.9207,"[0.054504234343767166, 0.03642889857292175, 0.03901705890893936, 0.03476409241557121, 0.02665518969297409, 0.02992541529238224, 0.0469362847507, 0.05337497219443321, 0.04395381733775139, 0.038821227848529816, 0.058583296835422516, 0.032624661922454834, 0.01610078103840351, 0.025776326656341553, 0.04752141237258911, 0.03617452085018158, 0.04243939742445946, 0.03827347606420517, 0.04255402833223343, 0.02086540125310421, 0.019855652004480362, 0.03602129966020584, 0.016108708456158638, 0.016573019325733185, 0.03046443499624729, 0.020442180335521698, 0.03480607643723488, 0.060434091836214066]","[0.0010000000474974513, 0.9993398189544678]"
606,1,3.95%,3.3051,"[0.055595047771930695, 0.036558136343955994, 0.03865291178226471, 0.03490068390965462, 0.02623988501727581, 0.029657434672117233, 0.04607656970620155, 0.05325188860297203, 0.04508322477340698, 0.038683488965034485, 0.059619151055812836, 0.03270561620593071, 0.015958454459905624, 0.02592790313065052, 0.04760071262717247, 0.03654743358492851, 0.04188995063304901, 0.037315938621759415, 0.04278175160288811, 0.020641054958105087, 0.02043217606842518, 0.03625066205859184, 0.016242362558841705, 0.016438469290733337, 0.030035516247153282, 0.0202805045992136, 0.03422323614358902, 0.06040985509753227]","[0.0010000000474974513, 0.9994178414344788]"
607,25,3.95%,3.9039,"[0.05773618072271347, 0.037303514778614044, 0.03776436671614647, 0.034949153661727905, 0.02542497217655182, 0.030107134953141212, 0.04535180702805519, 0.05358484759926796, 0.04645369201898575, 0.03852127864956856, 0.06085258722305298, 0.03301658108830452, 0.01576198637485504, 0.025624427944421768, 0.047140900045633316, 0.03673579916357994, 0.04145753011107445, 0.036161988973617554, 0.04247087240219116, 0.02015434205532074, 0.02068834751844406, 0.03664364293217659, 0.01672106795012951, 0.015988722443580627, 0.029475346207618713, 0.020224297419190407, 0.03318110108375549, 0.06050353869795799]","[0.0011481941910460591, 0.9988518357276917]"
608,27,3.94%,2.8158,"[0.056297026574611664, 0.03808458149433136, 0.038631975650787354, 0.03510119765996933, 0.025999529287219048, 0.02960469201207161, 0.0447729229927063, 0.053146734833717346, 0.0465896874666214, 0.03882555291056633, 0.05991455540060997, 0.03263861685991287, 0.01562567427754402, 0.02570665068924427, 0.047018278390169144, 0.03717036172747612, 0.04129086807370186, 0.036162395030260086, 0.04340147599577904, 0.020431991666555405, 0.020954694598913193, 0.03639049455523491, 0.016120726242661476, 0.016318246722221375, 0.029679344967007637, 0.02078038454055786, 0.033715829253196716, 0.0596255399286747]","[0.0010000000474974513, 0.9990415573120117]"
609,0,3.93%,2.8366,"[0.05629921332001686, 0.03880320489406586, 0.038715410977602005, 0.035151999443769455, 0.02606281451880932, 0.02940320409834385, 0.04415111616253853, 0.05297422036528587, 0.04721812903881073, 0.03881978616118431, 0.05992843583226204, 0.032574694603681564, 0.015470783226191998, 0.025669394060969353, 0.046608321368694305, 0.03746895119547844, 0.04101155325770378, 0.03573455289006233, 0.04370779171586037, 0.020382484421133995, 0.02119395323097706, 0.036293867975473404, 0.01598387584090233, 0.016332093626260757, 0.029560411348938942, 0.02110537514090538, 0.033645883202552795, 0.05972849577665329]","[0.00124528503511101, 0.9987546801567078]"
610,1,3.93%,3.2324,"[0.05815170332789421, 0.039454009383916855, 0.03835347667336464, 0.03517787158489227, 0.025631234049797058, 0.02947697974741459, 0.04355233907699585, 0.05307500809431076, 0.048303429037332535, 0.03848865628242493, 0.06046273931860924, 0.03277355805039406, 0.01524423062801361, 0.0254799984395504, 0.04615870118141174, 0.03768486902117729, 0.040589772164821625, 0.034901589155197144, 0.04370876029133797, 0.020098865032196045, 0.021413257345557213, 0.03624901548027992, 0.01617247611284256, 0.016089685261249542, 0.029045244678854942, 0.021262800320982933, 0.03290429711341858, 0.06009545177221298]","[0.0010873967548832297, 0.9989126324653625]"
611,17,3.92%,3.3661,"[0.05768745392560959, 0.04052656516432762, 0.03918451443314552, 0.03524193912744522, 0.026167836040258408, 0.028642404824495316, 0.04263642430305481, 0.0523938424885273, 0.04861273244023323, 0.038447171449661255, 0.05962446331977844, 0.03238074108958244, 0.015087041072547436, 0.025624973699450493, 0.046148881316185, 0.03831368684768677, 0.04002400487661362, 0.03468514606356621, 0.04498778656125069, 0.020392047241330147, 0.021870223805308342, 0.03563351184129715, 0.01556409616023302, 0.01648903079330921, 0.028801564127206802, 0.02166750468313694, 0.03330875560641289, 0.05985568091273308]","[0.0010000000474974513, 0.999079167842865]"
612,22,3.92%,4.1664,"[0.059260543435811996, 0.04164275527000427, 0.03883809223771095, 0.03512028977274895, 0.025730378925800323, 0.029054827988147736, 0.0423581600189209, 0.052666205912828445, 0.04914046823978424, 0.03824606165289879, 0.05978042259812355, 0.03253661468625069, 0.014924316667020321, 0.025175657123327255, 0.045507751405239105, 0.03827416151762009, 0.03974176198244095, 0.03444407880306244, 0.04485602676868439, 0.020156271755695343, 0.021773040294647217, 0.035646598786115646, 0.015765544027090073, 0.0162322036921978, 0.028478149324655533, 0.021936656907200813, 0.032701484858989716, 0.06001150608062744]","[0.0010273820953443646, 0.9989726543426514]"
613,8,3.91%,3.0169,"[0.06020469218492508, 0.042466264218091965, 0.03852437436580658, 0.03497800603508949, 0.025511877611279488, 0.029063573107123375, 0.04196951165795326, 0.05258035659790039, 0.049291640520095825, 0.038116373121738434, 0.06003260612487793, 0.03249441459774971, 0.01489994302392006, 0.02498210407793522, 0.04512019082903862, 0.03835611417889595, 0.03954584151506424, 0.03433480113744736, 0.04489262402057648, 0.020008394494652748, 0.021814780309796333, 0.03572080656886101, 0.016057709231972694, 0.016091981902718544, 0.028186747804284096, 0.022067338228225708, 0.032492801547050476, 0.060194142162799835]","[0.0011541103012859821, 0.9988459348678589]"
614,11,3.90%,3.4386,"[0.05990372598171234, 0.0431271530687809, 0.03880035877227783, 0.03497506305575371, 0.025950320065021515, 0.028224404901266098, 0.04111095145344734, 0.0519767627120018, 0.05010916665196419, 0.03796692565083504, 0.059792183339595795, 0.03215944766998291, 0.014802039600908756, 0.025302628055214882, 0.045072972774505615, 0.03880927711725235, 0.03916172683238983, 0.03417140990495682, 0.04562557861208916, 0.020077962428331375, 0.02225833758711815, 0.03528696298599243, 0.01582922413945198, 0.016340961679816246, 0.027916990220546722, 0.02223191224038601, 0.03277473524212837, 0.06024083122611046]","[0.0010524604003876448, 0.9989475607872009]"
615,14,3.90%,3.1126,"[0.06313033401966095, 0.043905109167099, 0.03717366233468056, 0.03467211499810219, 0.02492683380842209, 0.028980206698179245, 0.04083983972668648, 0.05251900851726532, 0.05180470645427704, 0.03744207322597504, 0.06142235919833183, 0.03303224965929985, 0.014650939963757992, 0.02470787800848484, 0.043992459774017334, 0.038425005972385406, 0.03891197592020035, 0.03327867016196251, 0.04440303146839142, 0.019463490694761276, 0.022064410150051117, 0.0357428677380085, 0.016810864210128784, 0.01566729135811329, 0.027300894260406494, 0.022131776437163353, 0.03151996433734894, 0.0610799677670002]","[0.0010000000474974513, 0.9990265965461731]"
616,24,3.89%,3.6094,"[0.060479842126369476, 0.04401017352938652, 0.03853561729192734, 0.03491806238889694, 0.02600577101111412, 0.02730531431734562, 0.039856694638729095, 0.05114307999610901, 0.05174737051129341, 0.03740726038813591, 0.060199446976184845, 0.032534074038267136, 0.014654209837317467, 0.025528958067297935, 0.04514458775520325, 0.039358340203762054, 0.03801819309592247, 0.03356408327817917, 0.046267569065093994, 0.020130852237343788, 0.023090587928891182, 0.034842077642679214, 0.015804115682840347, 0.01658969558775425, 0.02722528576850891, 0.02220766991376877, 0.03269992396235466, 0.060731105506420135]","[0.0010000000474974513, 0.9990763068199158]"
617,26,3.88%,3.4623,"[0.06304118037223816, 0.04447980597615242, 0.03700890764594078, 0.034548319876194, 0.02491871826350689, 0.02819378487765789, 0.039666105061769485, 0.0516929104924202, 0.05271952599287033, 0.03725925832986832, 0.06171262264251709, 0.03312380611896515, 0.014622803777456284, 0.02493988163769245, 0.04475195333361626, 0.038898713886737823, 0.037948209792375565, 0.03300902992486954, 0.04493554309010506, 0.019513892009854317, 0.022787144407629967, 0.035425085574388504, 0.01671874150633812, 0.015932941809296608, 0.027168482542037964, 0.021959573030471802, 0.031651463359594345, 0.061371706426143646]","[0.001003623940050602, 0.9989964365959167]"
618,17,3.88%,3.3932,"[0.06015307828783989, 0.044606246054172516, 0.03810862824320793, 0.03464382141828537, 0.02585701271891594, 0.027255062013864517, 0.03923090547323227, 0.05064919963479042, 0.05209393426775932, 0.037594009190797806, 0.060492560267448425, 0.032770633697509766, 0.014664712361991405, 0.02534644678235054, 0.04536180570721626, 0.03932853415608406, 0.03758808225393295, 0.033603012561798096, 0.046024221926927567, 0.020073899999260902, 0.02311285026371479, 0.034934934228658676, 0.015971461310982704, 0.016616567969322205, 0.02778126485645771, 0.022096216678619385, 0.03311869129538536, 0.060922179371118546]","[0.0010694084921851754, 0.9989305734634399]"
619,2,3.87%,3.3005,"[0.06041066721081734, 0.04500054940581322, 0.03744182363152504, 0.034326743334531784, 0.02544100396335125, 0.02795189432799816, 0.039475440979003906, 0.05080283433198929, 0.05171455815434456, 0.03779012709856033, 0.06080580875277519, 0.033085957169532776, 0.014778300188481808, 0.024876151233911514, 0.045057982206344604, 0.03884582966566086, 0.03766210377216339, 0.0340651273727417, 0.04521072655916214, 0.019947584718465805, 0.022626586258411407, 0.03539542853832245, 0.016403058543801308, 0.01635776460170746, 0.028177771717309952, 0.022057121619582176, 0.0332285612821579, 0.061062514781951904]","[0.0010023425566032529, 0.9989976286888123]"
620,17,3.86%,3.3581,"[0.05992070585489273, 0.04534999653697014, 0.03781398385763168, 0.034251559525728226, 0.0252652820199728, 0.02838427759706974, 0.039765067398548126, 0.05080544203519821, 0.05105193331837654, 0.03794800117611885, 0.06043525040149689, 0.0332680344581604, 0.01479109562933445, 0.02447306178510189, 0.04485611617565155, 0.03849218413233757, 0.037547893822193146, 0.03469355031847954, 0.044959865510463715, 0.02001352608203888, 0.022252297028899193, 0.035518795251846313, 0.016491254791617393, 0.016344143077731133, 0.028674477711319923, 0.022179875522851944, 0.03355759382247925, 0.06089475378394127]","[0.001060589449480176, 0.9989393949508667]"
621,24,3.86%,3.5312,"[0.05933448299765587, 0.04562276601791382, 0.0381624810397625, 0.03410389646887779, 0.025068163871765137, 0.028953421860933304, 0.04027841240167618, 0.05091888830065727, 0.05007053539156914, 0.03812405467033386, 0.059987012296915054, 0.03344035521149635, 0.014844548888504505, 0.024029189720749855, 0.044631581753492355, 0.03797885775566101, 0.03752522170543671, 0.03570680320262909, 0.044586703181266785, 0.02010020613670349, 0.021769601851701736, 0.03571595251560211, 0.016610585153102875, 0.016314592212438583, 0.029276378452777863, 0.02229628898203373, 0.03388064727187157, 0.06066839396953583]","[0.0010645383736118674, 0.9989354610443115]"
622,6,3.85%,3.1993,"[0.05741474777460098, 0.045620281249284744, 0.03921535611152649, 0.034011904150247574, 0.025401562452316284, 0.02900228276848793, 0.040696658194065094, 0.05067130923271179, 0.04886500537395477, 0.03847772255539894, 0.058912958949804306, 0.033319152891635895, 0.01486012153327465, 0.023887338116765022, 0.04469412565231323, 0.03760381415486336, 0.03756861761212349, 0.03702472522854805, 0.044674403965473175, 0.020417002961039543, 0.021382011473178864, 0.03557838127017021, 0.01629435271024704, 0.01659361459314823, 0.030459437519311905, 0.02244523912668228, 0.034730613231658936, 0.060177281498909]","[0.0010000000474974513, 0.9990993142127991]"
623,7,3.85%,2.9827,"[0.05710149556398392, 0.04575735330581665, 0.039113350212574005, 0.03374933451414108, 0.02487771399319172, 0.03024211712181568, 0.04195938631892204, 0.05115719512104988, 0.04765361174941063, 0.03874373808503151, 0.058716606348752975, 0.033712439239025116, 0.014948192052543163, 0.023176807910203934, 0.0440952442586422, 0.03666176274418831, 0.037769872695207596, 0.03816694766283035, 0.043573345988988876, 0.020377183333039284, 0.020549574866890907, 0.03612881898880005, 0.01671859808266163, 0.016311438754200935, 0.03150232136249542, 0.02252296172082424, 0.0347466878592968, 0.05996599793434143]","[0.0010000000474974513, 0.9990016222000122]"
624,7,3.84%,2.9656,"[0.05610892176628113, 0.045745763927698135, 0.039576224982738495, 0.0336468443274498, 0.024688487872481346, 0.031024163588881493, 0.043151795864105225, 0.05195995420217514, 0.04642558842897415, 0.038807135075330734, 0.0580425038933754, 0.03391570225358009, 0.014931412413716316, 0.02270733378827572, 0.043707333505153656, 0.035837575793266296, 0.037767454981803894, 0.03943778574466705, 0.04290718585252762, 0.020431851968169212, 0.02000531367957592, 0.03632747381925583, 0.01679769717156887, 0.016314296051859856, 0.032600365579128265, 0.022703630849719048, 0.034941356629133224, 0.05948888137936592]","[0.0010227893944829702, 0.9989772439002991]"
625,11,3.83%,3.3780,"[0.053144969046115875, 0.04527194797992706, 0.041708920150995255, 0.033801525831222534, 0.02554030530154705, 0.03029412403702736, 0.044018637388944626, 0.05241923779249191, 0.04504499211907387, 0.03866813704371452, 0.0560435876250267, 0.03350650146603584, 0.014783311635255814, 0.02296416275203228, 0.04412718117237091, 0.03545568883419037, 0.03752833232283592, 0.04117623344063759, 0.04359397292137146, 0.020969199016690254, 0.02004268206655979, 0.03561415523290634, 0.01589967869222164, 0.0170680470764637, 0.03388189896941185, 0.023039918392896652, 0.035965077579021454, 0.05842752009630203]","[0.0010000000474974513, 0.999030351638794]"
626,3,3.83%,3.3916,"[0.05416533723473549, 0.04551166668534279, 0.04063984751701355, 0.033536870032548904, 0.024416958913207054, 0.03221229463815689, 0.045497994869947433, 0.05426967516541481, 0.044319819658994675, 0.03843323513865471, 0.05665469542145729, 0.034591760486364365, 0.014767156913876534, 0.021922219544649124, 0.0429823100566864, 0.03424692526459694, 0.037375885993242264, 0.04181210696697235, 0.041795745491981506, 0.020579131320118904, 0.01929018273949623, 0.03645307943224907, 0.01676749624311924, 0.01652529090642929, 0.03456844761967659, 0.023090725764632225, 0.0351204052567482, 0.058452703058719635]","[0.0011114970548078418, 0.9988885521888733]"
627,18,3.82%,3.1612,"[0.05316280573606491, 0.04532969743013382, 0.04135706648230553, 0.033937301486730576, 0.024212155491113663, 0.03264676034450531, 0.0465422198176384, 0.05526728928089142, 0.04342395067214966, 0.03812580183148384, 0.05603902414441109, 0.035050421953201294, 0.014630409888923168, 0.021550610661506653, 0.042585305869579315, 0.033599723130464554, 0.03693079575896263, 0.042769789695739746, 0.04142920300364494, 0.020656434819102287, 0.01911984011530876, 0.036451488733291626, 0.016688670963048935, 0.01669299602508545, 0.03536783903837204, 0.02332974039018154, 0.0351828932762146, 0.05791975557804108]","[0.001267062732949853, 0.9987329840660095]"
628,8,3.82%,3.1559,"[0.0504770502448082, 0.0448325090110302, 0.04395945370197296, 0.03455749526619911, 0.02502158097922802, 0.03134284168481827, 0.04689555987715721, 0.055130474269390106, 0.04249319061636925, 0.0377836637198925, 0.05407340079545975, 0.03477373719215393, 0.014395590871572495, 0.021860431879758835, 0.043167438358068466, 0.03359546884894371, 0.0362323559820652, 0.044016141444444656, 0.043065767735242844, 0.021345529705286026, 0.019518114626407623, 0.03546200692653656, 0.015577047131955624, 0.017641175538301468, 0.03613119572401047, 0.023685678839683533, 0.036156848073005676, 0.05680827423930168]","[0.0011331437854096293, 0.998866856098175]"
629,26,3.81%,3.3485,"[0.050466910004615784, 0.044848404824733734, 0.044336337596178055, 0.03488459810614586, 0.024698123335838318, 0.0315936915576458, 0.04737118259072304, 0.05595710128545761, 0.042711205780506134, 0.03740184009075165, 0.05386447161436081, 0.03520593047142029, 0.01417926512658596, 0.021531105041503906, 0.042820900678634644, 0.03312843665480614, 0.0357462577521801, 0.04422246664762497, 0.0431334525346756, 0.021284213289618492, 0.019468287006020546, 0.035395629703998566, 0.015577082522213459, 0.017691543325781822, 0.03639650344848633, 0.023870401084423065, 0.035812873393297195, 0.056401755660772324]","[0.0012905048206448555, 0.998709499835968]"
630,12,3.80%,4.2611,"[0.049522582441568375, 0.04478161782026291, 0.04513731598854065, 0.03519301861524582, 0.024809179827570915, 0.031352173537015915, 0.04762130230665207, 0.056219954043626785, 0.04262371361255646, 0.03717489540576935, 0.05325546860694885, 0.035363394767045975, 0.014028269797563553, 0.02140156179666519, 0.04263393208384514, 0.032857008278369904, 0.03534209728240967, 0.04467715322971344, 0.0435551293194294, 0.021433863788843155, 0.019473252817988396, 0.03515032306313515, 0.015301993116736412, 0.01798250898718834, 0.03682367876172066, 0.024070391431450844, 0.03631655126810074, 0.05589768663048744]","[0.0012640341883525252, 0.9987359642982483]"
631,9,3.80%,3.2951,"[0.05006234347820282, 0.04501018300652504, 0.04419490694999695, 0.035213835537433624, 0.024070460349321365, 0.032371051609516144, 0.048234812915325165, 0.057094380259513855, 0.04241908714175224, 0.03706396371126175, 0.053820446133613586, 0.03595713898539543, 0.014199280180037022, 0.020773764699697495, 0.041882529854774475, 0.032267287373542786, 0.035171400755643845, 0.044815968722105026, 0.0427827388048172, 0.021164488047361374, 0.019118336960673332, 0.03579629585146904, 0.015844430774450302, 0.017616702243685722, 0.03697466477751732, 0.024107161909341812, 0.03612252324819565, 0.055849723517894745]","[0.0010839184978976846, 0.9989160895347595]"
632,17,3.79%,3.0939,"[0.04954604431986809, 0.04509773105382919, 0.043988801538944244, 0.0352679044008255, 0.023787304759025574, 0.03292052075266838, 0.04852496087551117, 0.05732837691903114, 0.04202258214354515, 0.037524640560150146, 0.05369085446000099, 0.036103568971157074, 0.014373469166457653, 0.020414462313055992, 0.04153885692358017, 0.03193908929824829, 0.03511707857251167, 0.045197028666734695, 0.0425318107008934, 0.02113228850066662, 0.018819456920027733, 0.03611701726913452, 0.01597343012690544, 0.01750510185956955, 0.037431634962558746, 0.024173244833946228, 0.03644992783665657, 0.05548278987407684]","[0.0012336578220129013, 0.998766303062439]"
633,24,3.79%,3.2690,"[0.04842346906661987, 0.045024748891592026, 0.04421776533126831, 0.03526407852768898, 0.023799018934369087, 0.03319840133190155, 0.04896553233265877, 0.057364046573638916, 0.04128759726881981, 0.03795890882611275, 0.05308143422007561, 0.036068111658096313, 0.014557670801877975, 0.0202034879475832, 0.04134099930524826, 0.03159547597169876, 0.03509737178683281, 0.04623202979564667, 0.04247507080435753, 0.02128339372575283, 0.01852520927786827, 0.036232639104127884, 0.01587805710732937, 0.0175804253667593, 0.03807559236884117, 0.024264663457870483, 0.037053246051073074, 0.054951559752225876]","[0.0012528459774330258, 0.9987471103668213]"
634,9,3.78%,3.2565,"[0.04796886816620827, 0.045048899948596954, 0.04365386441349983, 0.03509801626205444, 0.02335469052195549, 0.03429657220840454, 0.04961966723203659, 0.05781892314553261, 0.04050983488559723, 0.038522012531757355, 0.05307098105549812, 0.03628047555685043, 0.014751050621271133, 0.019658925011754036, 0.040729694068431854, 0.030967578291893005, 0.035227786749601364, 0.04710984230041504, 0.041640471667051315, 0.02114233374595642, 0.017932472750544548, 0.036799076944589615, 0.01622762903571129, 0.017295856028795242, 0.03917999193072319, 0.024272434413433075, 0.037232909351587296, 0.054589156061410904]","[0.0010635897051542997, 0.9989364147186279]"
635,11,3.77%,3.3272,"[0.04609738662838936, 0.044822122901678085, 0.04421963542699814, 0.035026777535676956, 0.023614242672920227, 0.034439973533153534, 0.04980296641588211, 0.057352226227521896, 0.0396052785217762, 0.039604008197784424, 0.05205705389380455, 0.03590605407953262, 0.014944392256438732, 0.01957053132355213, 0.04072447121143341, 0.030740810558199883, 0.035422854125499725, 0.04834311455488205, 0.041650187224149704, 0.021383197978138924, 0.017545470967888832, 0.03674660623073578, 0.015900922939181328, 0.017451617866754532, 0.040595006197690964, 0.024317776784300804, 0.03822033479809761, 0.05389505252242088]","[0.0010000000474974513, 0.9990061521530151]"
636,20,3.77%,4.0656,"[0.04645892232656479, 0.04507264867424965, 0.04270201548933983, 0.034724004566669464, 0.022666865959763527, 0.0364677719771862, 0.050525814294815063, 0.05799191817641258, 0.03896086663007736, 0.040480345487594604, 0.05269003286957741, 0.036714423447847366, 0.015165540389716625, 0.018662642687559128, 0.03968998044729233, 0.02997518889605999, 0.035514574497938156, 0.04870530962944031, 0.04021912068128586, 0.02107168920338154, 0.01678205095231533, 0.03782736882567406, 0.016707144677639008, 0.016831928864121437, 0.04155026748776436, 0.02425585314631462, 0.03789747506380081, 0.053688205778598785]","[0.0010000000474974513, 0.9992939233779907]"
637,14,3.76%,3.2052,"[0.04381334409117699, 0.04439213499426842, 0.04440045356750488, 0.03493744879961014, 0.02356196567416191, 0.03500192612409592, 0.05026127025485039, 0.056918688118457794, 0.038395948708057404, 0.04096350818872452, 0.051186271011829376, 0.036352794617414474, 0.015239891596138477, 0.01915438286960125, 0.0403255894780159, 0.03021472506225109, 0.03517216071486473, 0.04990551993250847, 0.041260603815317154, 0.021761013194918633, 0.01724863424897194, 0.036940302699804306, 0.015666667371988297, 0.017638597637414932, 0.04257179796695709, 0.02426687814295292, 0.03936374932527542, 0.05308368429541588]","[0.0010577981593087316, 0.9989422559738159]"
638,10,3.76%,2.9651,"[0.042557042092084885, 0.04385758191347122, 0.045018237084150314, 0.034994784742593765, 0.02375129424035549, 0.034492127597332, 0.05013071745634079, 0.05646761134266853, 0.03793053701519966, 0.041406020522117615, 0.05055907741189003, 0.03623993694782257, 0.015355446375906467, 0.019305827096104622, 0.0410463809967041, 0.03021097369492054, 0.034856248646974564, 0.05062287673354149, 0.04165903106331825, 0.02206476591527462, 0.017548559233546257, 0.036670345813035965, 0.015242820605635643, 0.018008176237344742, 0.043253615498542786, 0.02411026321351528, 0.04001770541071892, 0.05262203887104988]","[0.0013477159664034843, 0.9986522793769836]"
639,16,3.75%,3.3620,"[0.04286034777760506, 0.04360669106245041, 0.04390157759189606, 0.03490292280912399, 0.02302253432571888, 0.03522063046693802, 0.05018430948257446, 0.05681437999010086, 0.03770677000284195, 0.041845839470624924, 0.05175398662686348, 0.03667592257261276, 0.015529590658843517, 0.018924960866570473, 0.041070424020290375, 0.029837314039468765, 0.03460436314344406, 0.05058074742555618, 0.040952492505311966, 0.0218055360019207, 0.01758085936307907, 0.037415917962789536, 0.015705522149801254, 0.01772725023329258, 0.043664537370204926, 0.023802269250154495, 0.03974192589521408, 0.05256035551428795]","[0.001269235392101109, 0.9987307786941528]"
640,22,3.74%,4.1632,"[0.04202971234917641, 0.04301069304347038, 0.043880246579647064, 0.03481582924723625, 0.023124298080801964, 0.03479299694299698, 0.04998423904180527, 0.056432537734508514, 0.03742712363600731, 0.04230142757296562, 0.05191708728671074, 0.03653334826231003, 0.015691878274083138, 0.019094888120889664, 0.04157533496618271, 0.029777610674500465, 0.03491595387458801, 0.05098988860845566, 0.04090869054198265, 0.021836932748556137, 0.01773625984787941, 0.03746907785534859, 0.015573092736303806, 0.017807098105549812, 0.044279057532548904, 0.02355121821165085, 0.04021408408880234, 0.052329421043395996]","[0.0014561453135684133, 0.9985438585281372]"
641,10,3.74%,2.9264,"[0.04252127930521965, 0.042680446058511734, 0.04237183928489685, 0.03459930792450905, 0.022342868149280548, 0.035755109041929245, 0.050079599022865295, 0.05673274025321007, 0.037117645144462585, 0.04286055639386177, 0.05331089720129967, 0.036855608224868774, 0.01596429944038391, 0.01872221566736698, 0.041432205587625504, 0.02937484160065651, 0.03535069525241852, 0.05085575953125954, 0.03979576751589775, 0.02135595679283142, 0.01752804033458233, 0.03850990906357765, 0.016451986506581306, 0.017247706651687622, 0.04471776634454727, 0.02317938022315502, 0.03987205773591995, 0.05241360142827034]","[0.0019025478977710009, 0.9980974197387695]"
642,18,3.73%,3.2411,"[0.0429462231695652, 0.042181145399808884, 0.04088284820318222, 0.034411896020174026, 0.021639840677380562, 0.03636101260781288, 0.049959175288677216, 0.05684507265686989, 0.03694259747862816, 0.04332796111702919, 0.055259622633457184, 0.03714617341756821, 0.01623390056192875, 0.018473008647561073, 0.04135431349277496, 0.029031841084361076, 0.03565680980682373, 0.0505463145673275, 0.038798604160547256, 0.020904619246721268, 0.01746448688209057, 0.03955838084220886, 0.017322560772299767, 0.01677669771015644, 0.045063093304634094, 0.02271129935979843, 0.039605751633644104, 0.05259482562541962]","[0.002438222523778677, 0.9975617527961731]"
643,15,3.73%,3.5340,"[0.04166819155216217, 0.041203778237104416, 0.041766803711652756, 0.03447584807872772, 0.022306935861706734, 0.03436774015426636, 0.04931728169322014, 0.05572526156902313, 0.036877673119306564, 0.043421655893325806, 0.05536006763577461, 0.03662927448749542, 0.01632259227335453, 0.019183561205863953, 0.04242051765322685, 0.029320430010557175, 0.035708893090486526, 0.05093879997730255, 0.03996645286679268, 0.021249031648039818, 0.01804836094379425, 0.038989294320344925, 0.016785649582743645, 0.017283685505390167, 0.045307014137506485, 0.02235100232064724, 0.040588296949863434, 0.05241595208644867]","[0.002179158851504326, 0.9978208541870117]"
644,21,3.72%,3.2352,"[0.042310040444135666, 0.041026510298252106, 0.04068456217646599, 0.03438553959131241, 0.02166900597512722, 0.03473815321922302, 0.04882306605577469, 0.05559929087758064, 0.036821480840444565, 0.043817173689603806, 0.05689098685979843, 0.036789052188396454, 0.016536874696612358, 0.018937818706035614, 0.04250641539692879, 0.029522409662604332, 0.035789214074611664, 0.05035431683063507, 0.03973536565899849, 0.020925866439938545, 0.01812509447336197, 0.03966778144240379, 0.017432929947972298, 0.016907483339309692, 0.04514515399932861, 0.021998513489961624, 0.040285464376211166, 0.05257439613342285]","[0.00145993591286242, 0.9985401034355164]"
645,5,3.72%,3.3696,"[0.041927844285964966, 0.040427375584840775, 0.040541891008615494, 0.03440285101532936, 0.02166241593658924, 0.0339481383562088, 0.04830256104469299, 0.054953936487436295, 0.03665803372859955, 0.04405008628964424, 0.05769411474466324, 0.03658519312739372, 0.016712995246052742, 0.019139671698212624, 0.04303929954767227, 0.029821500182151794, 0.03585643321275711, 0.05023098364472389, 0.04017123952507973, 0.02093791961669922, 0.01844731904566288, 0.04010419547557831, 0.017503276467323303, 0.016961630433797836, 0.04511880502104759, 0.021669376641511917, 0.04067792370915413, 0.05245289206504822]","[0.0012929203221574426, 0.998707115650177]"
646,20,3.71%,3.9974,"[0.04142792150378227, 0.040057044476270676, 0.040322527289390564, 0.03439804166555405, 0.02160402201116085, 0.03387046977877617, 0.04795460402965546, 0.05446945130825043, 0.03633497282862663, 0.04442286491394043, 0.05816872790455818, 0.036415621638298035, 0.016889376565814018, 0.019176656380295753, 0.043305717408657074, 0.030037712305784225, 0.03595374524593353, 0.05023680627346039, 0.040349990129470825, 0.020930537953972816, 0.0185809675604105, 0.040552444756031036, 0.017594940960407257, 0.016947844997048378, 0.045269157737493515, 0.02147613652050495, 0.04103494808077812, 0.05221685767173767]","[0.0010000000474974513, 0.9991028904914856]"
647,9,3.70%,3.1114,"[0.04117750748991966, 0.039685770869255066, 0.04004654288291931, 0.03450153023004532, 0.021463986486196518, 0.03358224406838417, 0.04743647575378418, 0.054155800491571426, 0.036224544048309326, 0.04453321173787117, 0.05894186347723007, 0.036288078874349594, 0.01702044904232025, 0.019265882670879364, 0.04367305710911751, 0.030339477583765984, 0.03580016642808914, 0.04996410012245178, 0.040624506771564484, 0.020867617800831795, 0.0191405788064003, 0.04095768183469772, 0.017680328339338303, 0.016988644376397133, 0.045083414763212204, 0.021264562383294106, 0.041200555860996246, 0.052091386169195175]","[0.0010439858306199312, 0.998956024646759]"
648,8,3.70%,3.3246,"[0.04115944728255272, 0.039637431502342224, 0.03916511312127113, 0.03449264168739319, 0.020952627062797546, 0.03426631540060043, 0.04695924371480942, 0.053979936987161636, 0.03589823469519615, 0.04538193717598915, 0.059907980263233185, 0.03624861687421799, 0.017252041026949883, 0.018968084827065468, 0.04363548010587692, 0.030493147671222687, 0.03575759753584862, 0.04958920180797577, 0.04031454771757126, 0.020628903061151505, 0.01931092143058777, 0.04182244837284088, 0.018122801557183266, 0.01673153229057789, 0.04514074698090553, 0.021084381267428398, 0.04118020460009575, 0.051918432116508484]","[0.0010000000474974513, 0.9990258812904358]"
649,19,3.69%,3.8910,"[0.04050910100340843, 0.03917234018445015, 0.03953404724597931, 0.034607209265232086, 0.02138429321348667, 0.03302622213959694, 0.04610813781619072, 0.05329832807183266, 0.036520641297101974, 0.04566490650177002, 0.06006356328725815, 0.03581764176487923, 0.017200985923409462, 0.019490472972393036, 0.04431845620274544, 0.03097466751933098, 0.03569313883781433, 0.049265313893556595, 0.04112900048494339, 0.02071578986942768, 0.020023288205266, 0.041504502296447754, 0.017693694680929184, 0.017019962891936302, 0.04498252645134926, 0.02091382071375847, 0.04163573309779167, 0.05173215642571449]","[0.0010000000474974513, 0.9994357824325562]"
650,11,3.69%,3.3220,"[0.04188418760895729, 0.039813149720430374, 0.03742002695798874, 0.03444662690162659, 0.01993204839527607, 0.03568889945745468, 0.04588007181882858, 0.05398891866207123, 0.03658657893538475, 0.0466739758849144, 0.06191215664148331, 0.03642150014638901, 0.017410386353731155, 0.018353551626205444, 0.043363191187381744, 0.030676234513521194, 0.035629596561193466, 0.04816100001335144, 0.03965121507644653, 0.020193854346871376, 0.019581357017159462, 0.043256957083940506, 0.01901957206428051, 0.01615321822464466, 0.04493950307369232, 0.020852355286478996, 0.04043607413768768, 0.0516737699508667]","[0.0010000000474974513, 0.9991722702980042]"
651,20,3.68%,3.8985,"[0.04137180745601654, 0.03937134891748428, 0.03779822587966919, 0.03453865274786949, 0.02024315483868122, 0.03456416726112366, 0.04540177062153816, 0.05326791852712631, 0.03714222088456154, 0.04664010927081108, 0.06198343634605408, 0.03661607578396797, 0.01735510863363743, 0.018696481361985207, 0.04389174282550812, 0.031040914356708527, 0.03522377833724022, 0.04785618185997009, 0.04050931707024574, 0.020709441974759102, 0.020274722948670387, 0.04292188212275505, 0.018552731722593307, 0.016514506191015244, 0.04453899711370468, 0.020696120336651802, 0.040745340287685394, 0.05153379589319229]","[0.0011287473607808352, 0.9988712668418884]"
652,18,3.68%,3.1896,"[0.04106683284044266, 0.038914941251277924, 0.03804183006286621, 0.034719035029411316, 0.020416099578142166, 0.03345382213592529, 0.044844452291727066, 0.052726149559020996, 0.03775390237569809, 0.0463985949754715, 0.062370285391807556, 0.03683502972126007, 0.01728661172091961, 0.019039329141378403, 0.04444760084152222, 0.03144197165966034, 0.0346025675535202, 0.047371551394462585, 0.04133850708603859, 0.02114218659698963, 0.02135104313492775, 0.042633235454559326, 0.018162423744797707, 0.01688358373939991, 0.04391822591423988, 0.02050851285457611, 0.04085508733987808, 0.05147656798362732]","[0.001266483566723764, 0.9987335801124573]"
653,9,3.67%,3.0745,"[0.04150551185011864, 0.03885669261217117, 0.037811823189258575, 0.03486877307295799, 0.020084364339709282, 0.0331871435046196, 0.044298216700553894, 0.05250167474150658, 0.038250088691711426, 0.046238046139478683, 0.06313830614089966, 0.03722773492336273, 0.0172466691583395, 0.01892813667654991, 0.044692620635032654, 0.03171133995056152, 0.03389257565140724, 0.046582385897636414, 0.04214227944612503, 0.021370653063058853, 0.022202396765351295, 0.04279207065701485, 0.01817236840724945, 0.016993800178170204, 0.04306920990347862, 0.020385771989822388, 0.04048607870936394, 0.05136330798268318]","[0.0014707916416227818, 0.9985291957855225]"
654,0,3.66%,3.1649,"[0.04232058301568031, 0.039197586476802826, 0.03682491555809975, 0.03490602970123291, 0.01921367086470127, 0.03426612913608551, 0.04378705471754074, 0.05261056497693062, 0.03835926204919815, 0.04691776633262634, 0.0642823576927185, 0.03768244758248329, 0.0173402838408947, 0.01829192414879799, 0.04445618763566017, 0.031761519610881805, 0.03337165713310242, 0.04569077119231224, 0.042063161730766296, 0.021227143704891205, 0.022481968626379967, 0.04364639148116112, 0.018720537424087524, 0.016683364287018776, 0.042571231722831726, 0.02029818296432495, 0.03981895372271538, 0.05120832845568657]","[0.0011629705550149083, 0.9988370537757874]"
655,3,3.66%,3.3514,"[0.04263952001929283, 0.03897078335285187, 0.0371108241379261, 0.03501809760928154, 0.01931731589138508, 0.03320291265845299, 0.04304907098412514, 0.051919445395469666, 0.03893446922302246, 0.046947989612817764, 0.06444130092859268, 0.03775402158498764, 0.017252899706363678, 0.01852349378168583, 0.04507768899202347, 0.03226752579212189, 0.03271881118416786, 0.04507341980934143, 0.04338739812374115, 0.021654468029737473, 0.023481307551264763, 0.043213989585638046, 0.018323611468076706, 0.01701056770980358, 0.04171593859791756, 0.02012077532708645, 0.03981717303395271, 0.05105520784854889]","[0.0013790077064186335, 0.9986209273338318]"
656,27,3.65%,2.9771,"[0.04193199798464775, 0.03821077570319176, 0.03845297545194626, 0.035532742738723755, 0.02013072557747364, 0.030805300921201706, 0.042287349700927734, 0.05055969953536987, 0.03971929848194122, 0.04670334607362747, 0.06372436136007309, 0.037488505244255066, 0.01702866517007351, 0.019380129873752594, 0.046137262135744095, 0.03300832211971283, 0.03204383701086044, 0.04472776874899864, 0.045675333589315414, 0.02253633551299572, 0.024959808215498924, 0.04199220612645149, 0.017251212149858475, 0.01779138669371605, 0.040879055857658386, 0.019955111667513847, 0.04040972888469696, 0.05067668855190277]","[0.0013845263747498393, 0.9986154437065125]"
657,12,3.65%,4.0749,"[0.043704189360141754, 0.03870594874024391, 0.03733903542160988, 0.03591867908835411, 0.019121482968330383, 0.031822070479393005, 0.04167361930012703, 0.05106810852885246, 0.04015186056494713, 0.04680027812719345, 0.06527619063854218, 0.03796856105327606, 0.016979455947875977, 0.018757568672299385, 0.0456383042037487, 0.03312492370605469, 0.031528290361166, 0.043532878160476685, 0.04522206261754036, 0.021933840587735176, 0.02528351917862892, 0.0426165796816349, 0.017994506284594536, 0.017299482598900795, 0.040078215301036835, 0.019889671355485916, 0.03931570425629616, 0.05125495791435242]","[0.0011231715325266123, 0.9988768100738525]"
658,20,3.64%,3.6534,"[0.04380466416478157, 0.03838026151061058, 0.03732302039861679, 0.036158498376607895, 0.019145026803016663, 0.03113712929189205, 0.04116373136639595, 0.05036495253443718, 0.04044643044471741, 0.04687240719795227, 0.06552277505397797, 0.03798756003379822, 0.017157388851046562, 0.018982648849487305, 0.045970264822244644, 0.03351389989256859, 0.031154775992035866, 0.04307788982987404, 0.045948825776576996, 0.022201336920261383, 0.026041904464364052, 0.042408380657434464, 0.017824716866016388, 0.017428113147616386, 0.03944841027259827, 0.019678549841046333, 0.03934536874294281, 0.05151111260056496]","[0.0015808549942448735, 0.9984191060066223]"
659,1,3.64%,3.2507,"[0.04464397951960564, 0.03826358914375305, 0.03678156062960625, 0.03648211434483528, 0.018701769411563873, 0.030984394252300262, 0.04055853560566902, 0.0502123162150383, 0.040776681154966354, 0.046736523509025574, 0.06653915345668793, 0.03812263533473015, 0.01732105202972889, 0.01894637756049633, 0.046133872121572495, 0.03383728861808777, 0.030608637258410454, 0.04227052628993988, 0.04620000347495079, 0.022069385275244713, 0.027101701125502586, 0.04257170855998993, 0.01803610287606716, 0.0173393152654171, 0.038562431931495667, 0.019466185942292213, 0.03883569687604904, 0.05189644545316696]","[0.0013900251360610127, 0.9986100196838379]"
660,25,3.63%,3.9398,"[0.04482414945960045, 0.038417134433984756, 0.036776814609766006, 0.03673639893531799, 0.01872378960251808, 0.03027374856173992, 0.039891745895147324, 0.049624159932136536, 0.041214585304260254, 0.04661019518971443, 0.06667914986610413, 0.03807862475514412, 0.017420243471860886, 0.019150827080011368, 0.0464145764708519, 0.034329604357481, 0.030086655169725418, 0.04169407859444618, 0.047052934765815735, 0.022292891517281532, 0.028240757063031197, 0.04218532517552376, 0.01778407208621502, 0.01752408780157566, 0.03772730380296707, 0.019350284710526466, 0.03878527134656906, 0.052110593765974045]","[0.001085577649064362, 0.9989144206047058]"
661,5,3.63%,3.5312,"[0.04553490877151489, 0.03902788832783699, 0.0364554263651371, 0.03704134747385979, 0.01833399012684822, 0.03056441992521286, 0.03945112228393555, 0.04966576397418976, 0.041494809091091156, 0.046612128615379333, 0.06694196164608002, 0.038176488131284714, 0.01747419871389866, 0.018882710486650467, 0.04615243896842003, 0.03455878794193268, 0.029713254421949387, 0.041050754487514496, 0.04724879562854767, 0.02214929834008217, 0.028837958350777626, 0.04223031923174858, 0.017915332689881325, 0.0173785500228405, 0.03702181950211525, 0.019599271938204765, 0.038285065442323685, 0.05220106616616249]","[0.0012988384114578366, 0.9987011551856995]"
662,2,3.62%,3.3225,"[0.0464971549808979, 0.039861008524894714, 0.03596293926239014, 0.037324294447898865, 0.017748193815350533, 0.03172674402594566, 0.039205726236104965, 0.05005710944533348, 0.04163016378879547, 0.04672328755259514, 0.06710341572761536, 0.03835540637373924, 0.017511526122689247, 0.0184010062366724, 0.04565194249153137, 0.03463286906480789, 0.029413331300020218, 0.04047840088605881, 0.046952925622463226, 0.021823067218065262, 0.02903236448764801, 0.042404234409332275, 0.018238138407468796, 0.01705099828541279, 0.036475881934165955, 0.01991916447877884, 0.037531547248363495, 0.05228713899850845]","[0.0010148468427360058, 0.9989851713180542]"
663,2,3.61%,3.3030,"[0.046516094356775284, 0.040396496653556824, 0.0365217886865139, 0.037652309983968735, 0.017665589228272438, 0.03196277841925621, 0.03898494690656662, 0.0498504638671875, 0.04169352725148201, 0.04670353978872299, 0.06635800004005432, 0.038384731858968735, 0.017481748014688492, 0.01826251670718193, 0.04546372964978218, 0.034906063228845596, 0.02900787442922592, 0.040258925408124924, 0.047527652233839035, 0.022011423483490944, 0.029520735144615173, 0.041937146335840225, 0.01796839013695717, 0.017141779884696007, 0.03601804003119469, 0.020248906686902046, 0.037361860275268555, 0.05219292640686035]","[0.0010000000474974513, 0.9991665482521057]"
664,24,3.61%,3.3343,"[0.04699629172682762, 0.04115300998091698, 0.03725426644086838, 0.038052015006542206, 0.01736772619187832, 0.032608240842819214, 0.03884647414088249, 0.050036028027534485, 0.04168599098920822, 0.04656345024704933, 0.06567905098199844, 0.038476262241601944, 0.017355699092149734, 0.017911802977323532, 0.045037802308797836, 0.0350823849439621, 0.028604013845324516, 0.03997877985239029, 0.04784611985087395, 0.02196313627064228, 0.029790261760354042, 0.04152580723166466, 0.017880920320749283, 0.017084598541259766, 0.03556979447603226, 0.020676467567682266, 0.03686819598078728, 0.05210541561245918]","[0.0010000000474974513, 0.9991382360458374]"
665,8,3.60%,3.1882,"[0.04564305767416954, 0.04119718447327614, 0.03888993337750435, 0.03836855664849281, 0.017723988741636276, 0.032095301896333694, 0.03874705359339714, 0.04922832176089287, 0.041310425847768784, 0.046757858246564865, 0.06405268609523773, 0.03828124329447746, 0.017300207167863846, 0.01800047606229782, 0.04517561197280884, 0.035360198467969894, 0.028235355392098427, 0.040338050574064255, 0.04906265437602997, 0.02264905720949173, 0.030262814834713936, 0.040686000138521194, 0.01708926074206829, 0.01757543534040451, 0.035914987325668335, 0.020966557785868645, 0.03744862228631973, 0.0516391359269619]","[0.0013723470037803054, 0.9986276030540466]"
666,6,3.60%,3.2558,"[0.044967688620090485, 0.04140598699450493, 0.04016046226024628, 0.03868793323636055, 0.017957717180252075, 0.031707316637039185, 0.038477081805467606, 0.048784516751766205, 0.041745707392692566, 0.04672205075621605, 0.06295058131217957, 0.03818432614207268, 0.01710437797009945, 0.018045365810394287, 0.045095838606357574, 0.03556911274790764, 0.02789054624736309, 0.040260281413793564, 0.04995204508304596, 0.023003706708550453, 0.030729271471500397, 0.03991415351629257, 0.016523320227861404, 0.01790498197078705, 0.036050938069820404, 0.0212789848446846, 0.03760245069861412, 0.05132324993610382]","[0.0010000000474974513, 0.9992194175720215]"
667,21,3.59%,3.2198,"[0.04590350016951561, 0.04228565841913223, 0.040031980723142624, 0.03886052593588829, 0.01740100421011448, 0.03323850780725479, 0.038919802755117416, 0.04967593401670456, 0.041999317705631256, 0.046605877578258514, 0.06291079521179199, 0.03857266530394554, 0.01694619469344616, 0.017435835674405098, 0.04407578706741333, 0.03523118793964386, 0.027786068618297577, 0.03997030109167099, 0.04898962751030922, 0.022512398660182953, 0.030262742191553116, 0.04004133120179176, 0.01693260669708252, 0.01746443845331669, 0.036158278584480286, 0.021727439016103745, 0.036673612892627716, 0.051386553794145584]","[0.0010623617563396692, 0.9989376664161682]"
668,0,3.59%,3.0772,"[0.045102059841156006, 0.04229054972529411, 0.040853023529052734, 0.03911174461245537, 0.017476145178079605, 0.03328463435173035, 0.03936084359884262, 0.04940446466207504, 0.04190308228135109, 0.046592943370342255, 0.0621449314057827, 0.0387125164270401, 0.016888877376914024, 0.017321204766631126, 0.04372093826532364, 0.03502928093075752, 0.02752421423792839, 0.040152885019779205, 0.04927444830536842, 0.02287234179675579, 0.030344057828187943, 0.040092963725328445, 0.01664922572672367, 0.017659835517406464, 0.03642244264483452, 0.022004084661602974, 0.03683854267001152, 0.0509677417576313]","[0.0010000000474974513, 0.9991001486778259]"
669,3,3.58%,3.2356,"[0.04506203159689903, 0.04225147143006325, 0.04151967912912369, 0.039300788193941116, 0.01749744825065136, 0.033166997134685516, 0.03959335386753082, 0.04907401651144028, 0.04202877730131149, 0.04640868678689003, 0.061588384211063385, 0.038833677768707275, 0.016827045008540154, 0.017286788672208786, 0.043597739189863205, 0.03497068211436272, 0.02721438743174076, 0.04009833186864853, 0.049684297293424606, 0.02316630817949772, 0.030583685263991356, 0.04001743346452713, 0.016421230509877205, 0.017813799902796745, 0.036336977034807205, 0.022138094529509544, 0.03679963946342468, 0.050718165934085846]","[0.0011207112111151218, 0.9988793134689331]"
670,4,3.58%,4.0573,"[0.04631802812218666, 0.04324039816856384, 0.040480099618434906, 0.03960346058011055, 0.016999376937747, 0.0346984937787056, 0.039860013872385025, 0.049756765365600586, 0.042285602539777756, 0.046179432421922684, 0.06213771179318428, 0.03935623914003372, 0.016844218596816063, 0.016784101724624634, 0.0422871969640255, 0.03476480394601822, 0.0270602535456419, 0.03961069509387016, 0.04833681136369705, 0.02260124310851097, 0.030170058831572533, 0.0405876561999321, 0.017069855704903603, 0.017278451472520828, 0.035953983664512634, 0.02246966026723385, 0.03609677404165268, 0.051168616861104965]","[0.0010000000474974513, 0.9990429282188416]"
671,8,3.57%,3.1647,"[0.043646086007356644, 0.04168208688497543, 0.04367914795875549, 0.0404270738363266, 0.018077552318572998, 0.03197556361556053, 0.039795611053705215, 0.04767768830060959, 0.042167264968156815, 0.04623151570558548, 0.05991464853286743, 0.0386594757437706, 0.01669607311487198, 0.017595719546079636, 0.043687619268894196, 0.03508410602807999, 0.026584044098854065, 0.04015978053212166, 0.051238369196653366, 0.02408442087471485, 0.031418126076459885, 0.03946107253432274, 0.015521394088864326, 0.018473444506525993, 0.03630664199590683, 0.022385872900485992, 0.03744005039334297, 0.04992951452732086]","[0.0012040463043376803, 0.9987959265708923]"
672,9,3.57%,3.0767,"[0.04519617184996605, 0.04311389848589897, 0.04185911640524864, 0.04045138135552406, 0.017829598858952522, 0.03381700813770294, 0.03997369110584259, 0.04866626113653183, 0.04319797083735466, 0.04612109437584877, 0.06062830612063408, 0.03927064687013626, 0.01667594350874424, 0.017093293368816376, 0.04192200303077698, 0.03487744554877281, 0.026761358603835106, 0.03947228193283081, 0.049196142703294754, 0.02320197969675064, 0.03057350590825081, 0.040057770907878876, 0.016348006203770638, 0.017676621675491333, 0.03594059869647026, 0.02284332551062107, 0.03661138564348221, 0.05062321200966835]","[0.0010000000474974513, 0.9992640614509583]"
673,24,3.56%,3.3226,"[0.045471612364053726, 0.043320558965206146, 0.04197634384036064, 0.04069163277745247, 0.017924044281244278, 0.03403499722480774, 0.03988490253686905, 0.048625826835632324, 0.0440383218228817, 0.046536900103092194, 0.06032555550336838, 0.0391724556684494, 0.01653091050684452, 0.017047865316271782, 0.041627105325460434, 0.03481479361653328, 0.02688993513584137, 0.03909064084291458, 0.04901524633169174, 0.023004645481705666, 0.030355179682374, 0.04005485400557518, 0.0163367111235857, 0.017487049102783203, 0.03599398583173752, 0.023041658103466034, 0.03630601242184639, 0.05040023848414421]","[0.0010000000474974513, 0.9993071556091309]"
674,3,3.56%,3.1917,"[0.0448334664106369, 0.04279167205095291, 0.04312179982662201, 0.04103526100516319, 0.018172184005379677, 0.03362460061907768, 0.039878178387880325, 0.04811345413327217, 0.044490307569503784, 0.047172993421554565, 0.05950668081641197, 0.038849085569381714, 0.016326863318681717, 0.01714731566607952, 0.04191792756319046, 0.034656211733818054, 0.02698165737092495, 0.03908170387148857, 0.04951174929738045, 0.02318907156586647, 0.030225923284888268, 0.03983113169670105, 0.01593564823269844, 0.01761065609753132, 0.03682317957282066, 0.0230827946215868, 0.03636665269732475, 0.049721859395504]","[0.0015647121472284198, 0.9984352588653564]"
675,8,3.55%,3.1035,"[0.044430721551179886, 0.042892780154943466, 0.04332348331809044, 0.041600409895181656, 0.01826915703713894, 0.03392960876226425, 0.039804499596357346, 0.04795185849070549, 0.04488345608115196, 0.04781968519091606, 0.059114404022693634, 0.03864287585020065, 0.01624578796327114, 0.017093675211071968, 0.04152212664484978, 0.034586455672979355, 0.02712925337255001, 0.03893055394291878, 0.04913921281695366, 0.022997774183750153, 0.02991376258432865, 0.03987860679626465, 0.015888163819909096, 0.01745632477104664, 0.03740798309445381, 0.023293452337384224, 0.03638584539294243, 0.04946810379624367]","[0.0018858826952055097, 0.9981141090393066]"
676,5,3.55%,3.3600,"[0.04483724758028984, 0.04365929216146469, 0.04260872304439545, 0.04204638674855232, 0.018134329468011856, 0.035032037645578384, 0.03969541937112808, 0.048483747988939285, 0.04599304869771004, 0.048262160271406174, 0.059277597814798355, 0.038739390671253204, 0.01607036404311657, 0.01677905023097992, 0.04041186720132828, 0.03438044711947441, 0.02739059180021286, 0.03839821368455887, 0.04786891117691994, 0.02230243757367134, 0.02925633080303669, 0.0401616208255291, 0.016245899721980095, 0.016962407156825066, 0.037811797112226486, 0.023717066273093224, 0.03593137860298157, 0.049542177468538284]","[0.0030469615012407303, 0.9969530701637268]"
677,26,3.54%,3.3285,"[0.04400210827589035, 0.043078258633613586, 0.04407884553074837, 0.04283330962061882, 0.018582865595817566, 0.03419236093759537, 0.0394471175968647, 0.0479622520506382, 0.04717198759317398, 0.048362188041210175, 0.05830391123890877, 0.03840881586074829, 0.015705427154898643, 0.017125561833381653, 0.04069449007511139, 0.034436024725437164, 0.0272264052182436, 0.03818539157509804, 0.04864323139190674, 0.02249016799032688, 0.029664378613233566, 0.0393846370279789, 0.015607214532792568, 0.01729843020439148, 0.03831500560045242, 0.023827197030186653, 0.035985954105854034, 0.04898642748594284]","[0.0017511527985334396, 0.998248815536499]"
678,19,3.53%,3.8131,"[0.044081512838602066, 0.04412800073623657, 0.04309543967247009, 0.04310287535190582, 0.018361007794737816, 0.03610362857580185, 0.03952455148100853, 0.04861747473478317, 0.04755289480090141, 0.048995304852724075, 0.05827781930565834, 0.038574155420064926, 0.015647560358047485, 0.01657472550868988, 0.039275046437978745, 0.03413204848766327, 0.027598468586802483, 0.037951286882162094, 0.04695821925997734, 0.021785784512758255, 0.028586920350790024, 0.03988097235560417, 0.016079893335700035, 0.016733359545469284, 0.0389697328209877, 0.02438422292470932, 0.035978250205516815, 0.049048829823732376]","[0.0013761589070782065, 0.9986238479614258]"
679,1,3.53%,3.1480,"[0.04355144128203392, 0.04354343190789223, 0.044281598180532455, 0.04350007697939873, 0.01848832331597805, 0.03590107336640358, 0.03971725329756737, 0.04800759628415108, 0.047975603491067886, 0.04930813983082771, 0.05734623223543167, 0.038548387587070465, 0.015451785176992416, 0.01656215824186802, 0.03957117721438408, 0.03386145085096359, 0.027428431436419487, 0.037961505353450775, 0.04765808582305908, 0.02242153137922287, 0.02845318429172039, 0.03961005434393883, 0.015648694708943367, 0.016949163749814034, 0.03947409242391586, 0.0243916604667902, 0.03612512722611427, 0.04826267063617706]","[0.0011661263415589929, 0.9988338947296143]"
680,7,3.52%,3.0263,"[0.043821390718221664, 0.04446016624569893, 0.04418060928583145, 0.04360230267047882, 0.018225563690066338, 0.03734846040606499, 0.03997858613729477, 0.048226211220026016, 0.04824232682585716, 0.049722690135240555, 0.05675949901342392, 0.038814324885606766, 0.015306488610804081, 0.01601366139948368, 0.03884279355406761, 0.03343860059976578, 0.027470894157886505, 0.037803247570991516, 0.04712492600083351, 0.022480493411421776, 0.027549561113119125, 0.039801955223083496, 0.01577918417751789, 0.016672544181346893, 0.039851728826761246, 0.024798983708024025, 0.03586944565176964, 0.04781339317560196]","[0.0014455378986895084, 0.9985544681549072]"
681,7,3.52%,3.0474,"[0.04321770370006561, 0.04445130378007889, 0.04524483531713486, 0.04395882040262222, 0.018510479480028152, 0.0369124673306942, 0.03992713615298271, 0.047996681183576584, 0.04878025874495506, 0.04975296929478645, 0.05575084686279297, 0.038689468055963516, 0.015091055072844028, 0.01610526815056801, 0.0390075147151947, 0.03335539996623993, 0.02715580351650715, 0.03779001161456108, 0.04782842472195625, 0.02300620824098587, 0.027656754478812218, 0.039199765771627426, 0.01527195144444704, 0.016991402953863144, 0.04009319841861725, 0.02489195019006729, 0.03609641641378403, 0.0472659096121788]","[0.0018606422236189246, 0.9981393814086914]"
682,8,3.51%,3.0206,"[0.043150391429662704, 0.045205552130937576, 0.04526078328490257, 0.04419028386473656, 0.01844654604792595, 0.03781391307711601, 0.0401758998632431, 0.04903401434421539, 0.04891947656869888, 0.049604661762714386, 0.055201511830091476, 0.03886285424232483, 0.014883525669574738, 0.015764692798256874, 0.038276806473731995, 0.03298894315958023, 0.02697097696363926, 0.037793565541505814, 0.04729972034692764, 0.0229520034044981, 0.027284225448966026, 0.03911062702536583, 0.015271788462996483, 0.016944315284490585, 0.04040317237377167, 0.025338081642985344, 0.03592948243021965, 0.04692219942808151]","[0.002997164847329259, 0.9970028400421143]"
683,26,3.51%,3.3203,"[0.042713068425655365, 0.04534627124667168, 0.04610469564795494, 0.04453340917825699, 0.018827732652425766, 0.0370962917804718, 0.03993513062596321, 0.04937344789505005, 0.0501692108809948, 0.04923534020781517, 0.054413363337516785, 0.03869108483195305, 0.0145700229331851, 0.015933576971292496, 0.03826376795768738, 0.03293372690677643, 0.02667919546365738, 0.037584587931632996, 0.04785054549574852, 0.023194577544927597, 0.027620552107691765, 0.03839660808444023, 0.014793258160352707, 0.017271196469664574, 0.04043608903884888, 0.02556915581226349, 0.03598039969801903, 0.04648369923233986]","[0.0024306594859808683, 0.9975693225860596]"
684,3,3.50%,3.1079,"[0.042345572263002396, 0.045742232352495193, 0.04636259377002716, 0.04470401257276535, 0.019017314538359642, 0.03711741790175438, 0.0398380421102047, 0.049795880913734436, 0.050918351858854294, 0.04914530739188194, 0.05386759340763092, 0.038663700222969055, 0.014376306906342506, 0.015851348638534546, 0.03788493946194649, 0.0327305868268013, 0.02654734067618847, 0.03746272996068001, 0.04781382903456688, 0.023277699947357178, 0.027482569217681885, 0.03812093287706375, 0.014599008485674858, 0.017383279278874397, 0.04066310077905655, 0.025843720883131027, 0.03630879148840904, 0.046135805547237396]","[0.003265446051955223, 0.9967345595359802]"
685,15,3.50%,3.4283,"[0.042169395834207535, 0.046463243663311005, 0.04636048898100853, 0.045327574014663696, 0.01899327151477337, 0.03760644048452377, 0.039800893515348434, 0.05063227191567421, 0.051470011472702026, 0.04889807850122452, 0.053563233464956284, 0.03874795511364937, 0.014137458987534046, 0.015566932037472725, 0.03706066682934761, 0.03246570751070976, 0.02638300321996212, 0.03724315017461777, 0.04734917730093002, 0.023042671382427216, 0.027260007336735725, 0.03804397210478783, 0.01460457406938076, 0.017345869913697243, 0.040843985974788666, 0.026360375806689262, 0.03643020987510681, 0.04582943394780159]","[0.0030833566561341286, 0.996916651725769]"
686,10,3.64%,2.9275,"[0.042345330119132996, 0.04729882627725601, 0.04614206776022911, 0.04593280702829361, 0.01882929354906082, 0.038317471742630005, 0.03966422751545906, 0.05149471014738083, 0.05196673050522804, 0.04863891750574112, 0.053392212837934494, 0.03889623284339905, 0.013915687799453735, 0.015214145183563232, 0.03621174022555351, 0.03256285563111305, 0.026222163811326027, 0.03685451298952103, 0.04677216336131096, 0.022689873352646828, 0.02703678235411644, 0.037995971739292145, 0.014724111184477806, 0.017179805785417557, 0.04083418846130371, 0.026851272210478783, 0.03635522723197937, 0.04566069692373276]","[0.002003129804506898, 0.9979968667030334]"
687,4,3.63%,3.9618,"[0.041372355073690414, 0.046566274017095566, 0.046775344759225845, 0.046476442366838455, 0.01932118646800518, 0.03680086135864258, 0.03885359689593315, 0.05030303820967674, 0.053131721913814545, 0.048951659351587296, 0.053196828812360764, 0.038332246243953705, 0.013953590765595436, 0.015842413529753685, 0.03698646277189255, 0.03327496722340584, 0.026030583307147026, 0.03650185093283653, 0.047669682651758194, 0.02314690127968788, 0.02776317484676838, 0.037314437329769135, 0.014163683168590069, 0.01752404123544693, 0.04057729244232178, 0.026377923786640167, 0.03716494143009186, 0.045626457780599594]","[0.001646432327106595, 0.9983535408973694]"
688,16,3.63%,3.6421,"[0.04152102768421173, 0.047084491699934006, 0.04587564989924431, 0.046634700149297714, 0.01941593922674656, 0.037426453083753586, 0.038659412413835526, 0.05072871223092079, 0.053848251700401306, 0.04905032366514206, 0.05365292355418205, 0.03846518322825432, 0.013901076279580593, 0.01567833498120308, 0.03627867251634598, 0.033363085240125656, 0.026181822642683983, 0.036104653030633926, 0.04672503098845482, 0.02279048226773739, 0.02736184559762478, 0.03746933490037918, 0.014404435642063618, 0.01720554009079933, 0.040658511221408844, 0.02652175910770893, 0.037215784192085266, 0.04577650502324104]","[0.001053574145771563, 0.9989464282989502]"
689,16,3.62%,3.6227,"[0.04072488471865654, 0.04655560851097107, 0.04613739624619484, 0.04673144221305847, 0.020106086507439613, 0.036461248993873596, 0.03816938027739525, 0.049856606870889664, 0.05464519187808037, 0.049539461731910706, 0.0532645657658577, 0.037883441895246506, 0.013987417332828045, 0.016193583607673645, 0.036769747734069824, 0.03384097293019295, 0.02666643261909485, 0.035985179245471954, 0.04705433547496796, 0.02302957884967327, 0.02743537910282612, 0.0370524562895298, 0.014062443748116493, 0.01728137955069542, 0.04071731120347977, 0.02621358260512352, 0.03794923424720764, 0.045685626566410065]","[0.0010000000474974513, 0.9992503523826599]"
690,1,3.62%,3.0644,"[0.0412219800055027, 0.04696362465620041, 0.0450264997780323, 0.04653388634324074, 0.019967176020145416, 0.037862103432416916, 0.03836750239133835, 0.05051272362470627, 0.05491163581609726, 0.05006813630461693, 0.05359457805752754, 0.03792361170053482, 0.01400636974722147, 0.015870142728090286, 0.03605806455016136, 0.033605046570301056, 0.027796775102615356, 0.035771436989307404, 0.04556238278746605, 0.022406738251447678, 0.02626555785536766, 0.03764692321419716, 0.014584413729608059, 0.016561435535550117, 0.04119444265961647, 0.026398878544569016, 0.03766040876507759, 0.04565754532814026]","[0.0010190197499468923, 0.9989809393882751]"
691,2,3.61%,3.1057,"[0.041711874306201935, 0.04782997816801071, 0.044164661318063736, 0.04635121300816536, 0.019899068400263786, 0.03900851309299469, 0.038341619074344635, 0.050890687853097916, 0.05538882315158844, 0.050493866205215454, 0.053672172129154205, 0.037915442138910294, 0.013981841504573822, 0.015590837225317955, 0.035427916795015335, 0.0334969200193882, 0.02870144136250019, 0.03545398265123367, 0.04452664405107498, 0.02193400077521801, 0.02529466338455677, 0.0379435196518898, 0.014954308047890663, 0.016002243384718895, 0.04137223958969116, 0.026604168117046356, 0.03742777183651924, 0.04561953246593475]","[0.0010000000474974513, 0.9991226196289062]"
692,1,3.61%,3.0248,"[0.040373947471380234, 0.047701820731163025, 0.045510370284318924, 0.04648873955011368, 0.02106192149221897, 0.036965761333703995, 0.037595126777887344, 0.04963552579283714, 0.05600952357053757, 0.05067969858646393, 0.052553486078977585, 0.03698839619755745, 0.014023750089108944, 0.01631627231836319, 0.036017823964357376, 0.034263815730810165, 0.029210451990365982, 0.03552791103720665, 0.04567727819085121, 0.02238905243575573, 0.025727713480591774, 0.036928050220012665, 0.014206239022314548, 0.016407759860157967, 0.04118037968873978, 0.026499729603528976, 0.038633011281490326, 0.045426446944475174]","[0.0010683316504582763, 0.9989316463470459]"
693,26,3.60%,3.2693,"[0.04177048057317734, 0.049588341265916824, 0.04444737732410431, 0.04629652574658394, 0.020463382825255394, 0.039130136370658875, 0.037721700966358185, 0.0506107360124588, 0.05640563368797302, 0.05080617591738701, 0.052883729338645935, 0.03738744556903839, 0.013874171301722527, 0.01555543951690197, 0.0347680039703846, 0.03391549363732338, 0.029880208894610405, 0.03498603031039238, 0.04421530291438103, 0.021623779088258743, 0.02443940006196499, 0.03740466758608818, 0.01490022148936987, 0.015613634139299393, 0.041089411824941635, 0.027001533657312393, 0.03774077072739601, 0.045480288565158844]","[0.0011017345823347569, 0.9988982677459717]"
694,19,3.60%,3.8425,"[0.040470898151397705, 0.05036351829767227, 0.04527309164404869, 0.04628394916653633, 0.021419581025838852, 0.03794773668050766, 0.03706342354416847, 0.049757279455661774, 0.05651964619755745, 0.05111374706029892, 0.05180032551288605, 0.03663152828812599, 0.013918501324951649, 0.015889935195446014, 0.03476512059569359, 0.034500062465667725, 0.030417194589972496, 0.0351041741669178, 0.04480826482176781, 0.02185594104230404, 0.02445843257009983, 0.03668306767940521, 0.014361269772052765, 0.015859246253967285, 0.04111846536397934, 0.027220087125897408, 0.03913673758506775, 0.04525883123278618]","[0.0012177865719422698, 0.998782217502594]"
695,12,3.59%,4.2759,"[0.04010009765625, 0.05152208358049393, 0.04529402405023575, 0.04608152434229851, 0.02168961800634861, 0.03831494227051735, 0.03693408891558647, 0.04953915253281593, 0.056312285363674164, 0.051384832710027695, 0.05119127780199051, 0.036527227610349655, 0.01393885351717472, 0.015669934451580048, 0.03421824797987938, 0.0345987044274807, 0.030854180455207825, 0.03510180115699768, 0.04460866004228592, 0.022091366350650787, 0.023912619799375534, 0.03656185418367386, 0.014306685887277126, 0.015749068930745125, 0.04115116223692894, 0.027558937668800354, 0.039743561297655106, 0.045043107122182846]","[0.0011899833334609866, 0.9988099932670593]"
696,21,3.59%,3.2985,"[0.04059328883886337, 0.05293112248182297, 0.04423697665333748, 0.04565201699733734, 0.021239059045910835, 0.04014606028795242, 0.03716448321938515, 0.049791645258665085, 0.05565692484378815, 0.05183376371860504, 0.051264986395835876, 0.036807913333177567, 0.014193759299814701, 0.01505934726446867, 0.03337652236223221, 0.03433570638298988, 0.0313851498067379, 0.03500549867749214, 0.043550044298172, 0.02201124280691147, 0.022908218204975128, 0.03718104586005211, 0.014805934391915798, 0.015222495421767235, 0.041107308119535446, 0.02782953344285488, 0.03971397876739502, 0.04499595984816551]","[0.001468050293624401, 0.9985319375991821]"
697,24,3.58%,3.1904,"[0.03946738317608833, 0.053310371935367584, 0.044522520154714584, 0.04546472802758217, 0.021781979128718376, 0.03961249440908432, 0.037033017724752426, 0.04905629903078079, 0.054936278611421585, 0.05221492797136307, 0.050576791167259216, 0.036413680762052536, 0.014505253173410892, 0.015139495953917503, 0.03333193436264992, 0.03452466428279877, 0.03180552273988724, 0.03530271351337433, 0.04383111745119095, 0.022551417350769043, 0.02277129702270031, 0.03735404834151268, 0.014530045911669731, 0.015364022925496101, 0.04115799814462662, 0.027934042736887932, 0.04089093953371048, 0.04461504518985748]","[0.001266365754418075, 0.998733639717102]"
698,1,3.58%,2.9295,"[0.03785551339387894, 0.053301554173231125, 0.04507507011294365, 0.04520176723599434, 0.022601569071412086, 0.03862433135509491, 0.0367874912917614, 0.04808547720313072, 0.054074883460998535, 0.052772752940654755, 0.04969549551606178, 0.035782620310783386, 0.014839915558695793, 0.015403023920953274, 0.03349382430315018, 0.03477172181010246, 0.03228957951068878, 0.03580598905682564, 0.04422400891780853, 0.02318313717842102, 0.02272307686507702, 0.03730301558971405, 0.014081383123993874, 0.01564197614789009, 0.04181428253650665, 0.02789478935301304, 0.04244984686374664, 0.044221870601177216]","[0.001333835069090128, 0.9986661672592163]"
699,5,3.57%,3.2082,"[0.03800125792622566, 0.05489128455519676, 0.044094305485486984, 0.0447702519595623, 0.022166069597005844, 0.04038655012845993, 0.03697989135980606, 0.04832452908158302, 0.053298208862543106, 0.053307317197322845, 0.04969662427902222, 0.03600126877427101, 0.015029028058052063, 0.014773531816899776, 0.03259265422821045, 0.034366630017757416, 0.032743290066719055, 0.03578765317797661, 0.04313421621918678, 0.023041434586048126, 0.021741453558206558, 0.038105905055999756, 0.014510075561702251, 0.015191608108580112, 0.04231328144669533, 0.028220104053616524, 0.04248660057783127, 0.04404500499367714]","[0.0015489968936890364, 0.9984509944915771]"
700,3,3.57%,3.1130,"[0.03722177445888519, 0.056099213659763336, 0.04391651228070259, 0.044428158551454544, 0.02232680283486843, 0.041442468762397766, 0.037036266177892685, 0.04809225723147392, 0.05241331085562706, 0.053836748003959656, 0.04893578961491585, 0.0358642116189003, 0.015220864675939083, 0.014494872651994228, 0.03203393518924713, 0.03422906622290611, 0.03309938311576843, 0.03607778623700142, 0.04264921322464943, 0.023269381374120712, 0.021118633449077606, 0.03829989209771156, 0.01445983536541462, 0.015100331977009773, 0.04292721301317215, 0.028556980192661285, 0.04314989224076271, 0.043699175119400024]","[0.0017139529809355736, 0.9982860088348389]"
701,11,3.56%,3.3456,"[0.035859156399965286, 0.05675886571407318, 0.04453955218195915, 0.04473681002855301, 0.022907856851816177, 0.04115193709731102, 0.03680803254246712, 0.047449298202991486, 0.05167069658637047, 0.05415128916501999, 0.047906916588544846, 0.03536339849233627, 0.015376516617834568, 0.014573775231838226, 0.03185940906405449, 0.03442605584859848, 0.03324098512530327, 0.036419425159692764, 0.04288402199745178, 0.023688165470957756, 0.021050788462162018, 0.03802931308746338, 0.014033913612365723, 0.015327163971960545, 0.04335942491889, 0.02884647622704506, 0.04432125762104988, 0.043259408324956894]","[0.0011659562587738037, 0.9988340139389038]"
702,19,3.56%,3.7290,"[0.03547152876853943, 0.05772765725851059, 0.04424184188246727, 0.04490377753973007, 0.022684143856167793, 0.042446788400411606, 0.036987174302339554, 0.04736628010869026, 0.050943970680236816, 0.05432739853858948, 0.04755665361881256, 0.03579041734337807, 0.015488596633076668, 0.014183342456817627, 0.031226953491568565, 0.03417959436774254, 0.033221933990716934, 0.036471642553806305, 0.04228910803794861, 0.023833299055695534, 0.02055695652961731, 0.038358479738235474, 0.014130661264061928, 0.015198097564280033, 0.04368501529097557, 0.02912786416709423, 0.04456658288836479, 0.04303421080112457]","[0.0013714281376451254, 0.998628556728363]"
703,27,3.55%,3.1520,"[0.03465664014220238, 0.05832454934716225, 0.044421564787626266, 0.04500732570886612, 0.022830260917544365, 0.042900171130895615, 0.03711181879043579, 0.04687619209289551, 0.05017012730240822, 0.05443800240755081, 0.04685411974787712, 0.036062151193618774, 0.01563950628042221, 0.014001219533383846, 0.030889270827174187, 0.034117668867111206, 0.03307100385427475, 0.036697495728731155, 0.04225775972008705, 0.024576740339398384, 0.02034066990017891, 0.038364019244909286, 0.013926072977483273, 0.01532502006739378, 0.043912097811698914, 0.029325006529688835, 0.045204780995845795, 0.04269882291555405]","[0.0013428087113425136, 0.9986572265625]"
704,10,3.55%,3.0733,"[0.03398548439145088, 0.058797840029001236, 0.044434357434511185, 0.04503200575709343, 0.023067018017172813, 0.04309835284948349, 0.037139251828193665, 0.04639074578881264, 0.0497276708483696, 0.05438781902194023, 0.04636838287115097, 0.03636317327618599, 0.015762561932206154, 0.013923777267336845, 0.030523210763931274, 0.034130219370126724, 0.03296215087175369, 0.036828696727752686, 0.042085278779268265, 0.02519777975976467, 0.020187795162200928, 0.0382344126701355, 0.013765225186944008, 0.015423116274178028, 0.04409963637590408, 0.02938879281282425, 0.0458051934838295, 0.04288997873663902]","[0.001171250594779849, 0.9988287687301636]"
705,26,3.54%,3.0687,"[0.034202344715595245, 0.059537626802921295, 0.04328196868300438, 0.044891539961099625, 0.02255125716328621, 0.044721052050590515, 0.03736934810876846, 0.04644271358847618, 0.04938463121652603, 0.05439061298966408, 0.04707491397857666, 0.03715946152806282, 0.015886472538113594, 0.013493666425347328, 0.029754430055618286, 0.0337580181658268, 0.03284306451678276, 0.03661408647894859, 0.04101599007844925, 0.02530454657971859, 0.01968548633158207, 0.038839828222990036, 0.014185423031449318, 0.015107065439224243, 0.0442521758377552, 0.029350263997912407, 0.04557305946946144, 0.04332905262708664]","[0.0012571074767038226, 0.9987428784370422]"
706,15,3.54%,3.3918,"[0.032709043473005295, 0.05908701568841934, 0.04404747113585472, 0.04505600780248642, 0.023521097376942635, 0.04266222193837166, 0.03689451515674591, 0.045274123549461365, 0.048983894288539886, 0.0542568564414978, 0.0466960184276104, 0.03682004660367966, 0.016088644042611122, 0.013915309682488441, 0.02996162697672844, 0.03417956084012985, 0.03269873559474945, 0.03692997992038727, 0.04175258427858353, 0.026226015761494637, 0.020169159397482872, 0.03828331083059311, 0.013577267527580261, 0.015646370127797127, 0.04440878704190254, 0.02912711910903454, 0.04758948087692261, 0.04343780502676964]","[0.0012720024678856134, 0.9987280368804932]"
707,3,3.53%,3.1040,"[0.03303631767630577, 0.06006753444671631, 0.04256318137049675, 0.044802892953157425, 0.02295154705643654, 0.04444487765431404, 0.0369260236620903, 0.04525532200932503, 0.04853581637144089, 0.05443903058767319, 0.04744237661361694, 0.03754911571741104, 0.016273587942123413, 0.01342795416712761, 0.02909810282289982, 0.03421635925769806, 0.03266841173171997, 0.03658413514494896, 0.040551502257585526, 0.026143930852413177, 0.01959795132279396, 0.038953997194767, 0.014106363989412785, 0.015214702114462852, 0.04443308338522911, 0.029087519273161888, 0.04767288267612457, 0.04395546391606331]","[0.0014650655211880803, 0.9985349178314209]"
708,12,3.53%,4.1102,"[0.03263101726770401, 0.06034329533576965, 0.04228909686207771, 0.0452866330742836, 0.022962357848882675, 0.044394560158252716, 0.03664684295654297, 0.04476802796125412, 0.04817068204283714, 0.05436854809522629, 0.04767747223377228, 0.0377216562628746, 0.01640518568456173, 0.013360797427594662, 0.02875836379826069, 0.03462710976600647, 0.032443538308143616, 0.03639725223183632, 0.04035414382815361, 0.02638322301208973, 0.019648004323244095, 0.039007917046546936, 0.014113499782979488, 0.015220845118165016, 0.04429657757282257, 0.029029425233602524, 0.04846339672803879, 0.04423045739531517]","[0.0015602356288582087, 0.9984397292137146]"
709,21,3.52%,3.2445,"[0.03190143406391144, 0.060174550861120224, 0.04226003959774971, 0.045698266476392746, 0.023179255425930023, 0.04373160004615784, 0.03631023317575455, 0.043979838490486145, 0.047533661127090454, 0.05441805347800255, 0.047697942703962326, 0.03758228197693825, 0.016825731843709946, 0.013484753668308258, 0.02878132089972496, 0.03518326207995415, 0.0322871096432209, 0.03643440827727318, 0.04050048813223839, 0.02684859372675419, 0.019892754033207893, 0.03897649794816971, 0.013949636369943619, 0.015368428081274033, 0.04410013556480408, 0.028803793713450432, 0.04967477545142174, 0.044421128928661346]","[0.0019309802446514368, 0.9980690479278564]"
710,2,3.52%,3.1665,"[0.03128644451498985, 0.059853002429008484, 0.04197084903717041, 0.04602877050638199, 0.023217162117362022, 0.043345652520656586, 0.03611551225185394, 0.04334891960024834, 0.046835076063871384, 0.054528363049030304, 0.04795707017183304, 0.03751719370484352, 0.017259007319808006, 0.013523989357054234, 0.028739338740706444, 0.0354926623404026, 0.0322350338101387, 0.03644835203886032, 0.04042663797736168, 0.027187831699848175, 0.020022988319396973, 0.03952958062291145, 0.013936098664999008, 0.015415629372000694, 0.044001296162605286, 0.028572194278240204, 0.05070566013455391, 0.04449973627924919]","[0.0018559966702014208, 0.9981440305709839]"
711,20,3.51%,3.9310,"[0.03072832152247429, 0.05966486409306526, 0.0422714464366436, 0.04648524522781372, 0.02320803515613079, 0.042994797229766846, 0.035961590707302094, 0.04282684624195099, 0.046091414988040924, 0.05449093505740166, 0.04801143333315849, 0.03744145482778549, 0.017569703981280327, 0.013502361252903938, 0.02862688899040222, 0.03577186167240143, 0.03207316994667053, 0.03648050129413605, 0.0404723696410656, 0.027493927627801895, 0.020140305161476135, 0.03988898545503616, 0.013871761970221996, 0.01548739243298769, 0.04389416053891182, 0.02849651873111725, 0.05157642066478729, 0.04447729513049126]","[0.0018616515444591641, 0.9981383681297302]"
712,0,3.51%,3.4866,"[0.03076224774122238, 0.05980634316802025, 0.04183635115623474, 0.04691590741276741, 0.02267739363014698, 0.04356800392270088, 0.03589719533920288, 0.04271877929568291, 0.04549914225935936, 0.05433768406510353, 0.04865414276719093, 0.03773806616663933, 0.01786009408533573, 0.013262146152555943, 0.028313657268881798, 0.03590450808405876, 0.031700123101472855, 0.036228302866220474, 0.04007408395409584, 0.027483273297548294, 0.020370787009596825, 0.040636561810970306, 0.014140097424387932, 0.01535171177238226, 0.04352035000920296, 0.02840820699930191, 0.05169625207781792, 0.04463861137628555]","[0.0017418405041098595, 0.998258113861084]"
713,19,3.50%,3.5883,"[0.030915144830942154, 0.059520743787288666, 0.04209783673286438, 0.04742826148867607, 0.02252156287431717, 0.04287184029817581, 0.035629261285066605, 0.0424068309366703, 0.045208413153886795, 0.05387154221534729, 0.04904458299279213, 0.03774382546544075, 0.018056321889162064, 0.013294676318764687, 0.028433576226234436, 0.036300480365753174, 0.031275369226932526, 0.036005135625600815, 0.04041982814669609, 0.027692805975675583, 0.020984813570976257, 0.040867045521736145, 0.01410176232457161, 0.015466287732124329, 0.042912233620882034, 0.028199845924973488, 0.05199647322297096, 0.04473338648676872]","[0.0021922362502664328, 0.9978077411651611]"
714,0,3.50%,3.4632,"[0.03171529993414879, 0.05993834137916565, 0.0411316379904747, 0.047483596950769424, 0.02172051928937435, 0.044262077659368515, 0.03575955703854561, 0.04248861223459244, 0.04475783184170723, 0.05370552837848663, 0.049860164523124695, 0.03840353712439537, 0.018317222595214844, 0.012875997461378574, 0.028001075610518456, 0.03624800220131874, 0.03088373877108097, 0.03561156988143921, 0.03976697474718094, 0.02784767560660839, 0.02092096395790577, 0.041780877858400345, 0.014611487276852131, 0.015140584670007229, 0.04234567657113075, 0.02805904857814312, 0.05138912424445152, 0.04497333616018295]","[0.002099750330671668, 0.9979002475738525]"
715,12,3.49%,3.9938,"[0.03161071613430977, 0.0590059831738472, 0.04254523292183876, 0.04802478477358818, 0.02221955731511116, 0.041747063398361206, 0.035330794751644135, 0.04176075756549835, 0.04475293681025505, 0.052863601595163345, 0.04956365004181862, 0.038052964955568314, 0.018370607867836952, 0.013268147595226765, 0.028656654059886932, 0.03694471716880798, 0.030371448025107384, 0.03557151183485985, 0.04123036935925484, 0.028869541361927986, 0.02204303629696369, 0.04115917906165123, 0.01400075014680624, 0.015699047595262527, 0.04160488024353981, 0.027774497866630554, 0.05214470997452736, 0.04481278732419014]","[0.0024149452801793814, 0.9975849986076355]"
716,7,3.49%,3.1885,"[0.032290954142808914, 0.0588662214577198, 0.0421227365732193, 0.04803101345896721, 0.021838901564478874, 0.04186581075191498, 0.03527975454926491, 0.04152556136250496, 0.044347282499074936, 0.0525948740541935, 0.05006329342722893, 0.03828486427664757, 0.01882028952240944, 0.013161878101527691, 0.028711214661598206, 0.03716576471924782, 0.03008352965116501, 0.0353522002696991, 0.04123147577047348, 0.029258016496896744, 0.022326990962028503, 0.0416446328163147, 0.014200990088284016, 0.015605886466801167, 0.040918588638305664, 0.02745938114821911, 0.051974549889564514, 0.04497336596250534]","[0.003060318296775222, 0.9969396591186523]"
717,8,3.48%,3.1236,"[0.03295324370265007, 0.05880579352378845, 0.041655272245407104, 0.048062894493341446, 0.02148328348994255, 0.042056966572999954, 0.03528957813978195, 0.041777051985263824, 0.0439964160323143, 0.052160199731588364, 0.05055711045861244, 0.038518790155649185, 0.019182201474905014, 0.013059383258223534, 0.028689619153738022, 0.037283193320035934, 0.029762789607048035, 0.03517409414052963, 0.041091691702604294, 0.029473064467310905, 0.02263549715280533, 0.04207025468349457, 0.014408848248422146, 0.015526249073445797, 0.04029174894094467, 0.027240963652729988, 0.051664743572473526, 0.04512897878885269]","[0.0028798722196370363, 0.9971201419830322]"
718,2,3.48%,3.1660,"[0.033952295780181885, 0.058977097272872925, 0.04080474004149437, 0.04798826947808266, 0.02105969749391079, 0.04254399612545967, 0.035221584141254425, 0.042174022644758224, 0.044506561011075974, 0.05172848701477051, 0.05131400376558304, 0.038906484842300415, 0.019405368715524673, 0.012927690520882607, 0.028513330966234207, 0.0372995026409626, 0.029546460136771202, 0.03470364585518837, 0.04065534472465515, 0.029376037418842316, 0.022791337221860886, 0.04253292456269264, 0.014755742624402046, 0.015293884091079235, 0.039629362523555756, 0.027057157829403877, 0.05091157183051109, 0.045423369854688644]","[0.0030616375152021646, 0.9969383478164673]"
719,10,3.47%,2.9781,"[0.034280527383089066, 0.05866833031177521, 0.04153547063469887, 0.048278216272592545, 0.021136919036507607, 0.041546303778886795, 0.03500205650925636, 0.04219632223248482, 0.04495614767074585, 0.051037807017564774, 0.05129195749759674, 0.03884444013237953, 0.01945212297141552, 0.013065722770988941, 0.02871052920818329, 0.037583205848932266, 0.029209155589342117, 0.034488122910261154, 0.04119257256388664, 0.029717687517404556, 0.023394765332341194, 0.04220001772046089, 0.014542069286108017, 0.015471034683287144, 0.039040833711624146, 0.026956554502248764, 0.05078645423054695, 0.045414604246616364]","[0.0029975948855280876, 0.9970024228096008]"
720,10,3.47%,2.9572,"[0.03483504429459572, 0.058278899639844894, 0.04170423373579979, 0.048490818589925766, 0.020986901596188545, 0.04084405303001404, 0.03477310761809349, 0.04227638989686966, 0.045438408851623535, 0.05040306597948074, 0.052134934812784195, 0.0389392264187336, 0.0195412989705801, 0.0131383640691638, 0.028806447982788086, 0.03773260861635208, 0.0288530420511961, 0.03413030877709389, 0.04139203950762749, 0.02982216887176037, 0.023955004289746284, 0.04223553463816643, 0.014567730948328972, 0.015517277643084526, 0.038449667394161224, 0.026709746569395065, 0.05046876147389412, 0.04557495191693306]","[0.002954648807644844, 0.9970453381538391]"
721,4,3.46%,3.8628,"[0.03521134331822395, 0.05746343731880188, 0.042002301663160324, 0.04876000061631203, 0.02093937061727047, 0.039542537182569504, 0.03442354127764702, 0.0421716645359993, 0.04600450024008751, 0.049707960337400436, 0.053411807864904404, 0.038924187421798706, 0.019618753343820572, 0.013339496217668056, 0.02907891944050789, 0.03791973739862442, 0.02845289744436741, 0.033760152757167816, 0.04181252792477608, 0.029991688206791878, 0.024772724136710167, 0.04221802204847336, 0.0145016610622406, 0.01567649468779564, 0.037886932492256165, 0.026308763772249222, 0.05035815387964249, 0.04574053734540939]","[0.0035724553745239973, 0.9964275360107422]"
722,16,3.46%,3.5661,"[0.0354909710586071, 0.05678774043917656, 0.042158082127571106, 0.04880014806985855, 0.021278904750943184, 0.03831155598163605, 0.03408677875995636, 0.042033273726701736, 0.04666406661272049, 0.049114786088466644, 0.054426297545433044, 0.03887368366122246, 0.019683383405208588, 0.01358865574002266, 0.029253432527184486, 0.03811557590961456, 0.028268201276659966, 0.033440712839365005, 0.042073387652635574, 0.030136002227663994, 0.025402279570698738, 0.04207753762602806, 0.014423875138163567, 0.015797970816493034, 0.037456292659044266, 0.02596062421798706, 0.05036685988306999, 0.04592886194586754]","[0.002479428891092539, 0.9975205659866333]"
723,5,3.45%,3.2724,"[0.03578028082847595, 0.05610884353518486, 0.04218472167849541, 0.04865133762359619, 0.0216229110956192, 0.03736528754234314, 0.033840809017419815, 0.041914667934179306, 0.04721376672387123, 0.048760417848825455, 0.055266715586185455, 0.03871135041117668, 0.019800381734967232, 0.013831564225256443, 0.02942514233291149, 0.038235634565353394, 0.028618020936846733, 0.033200740814208984, 0.042116593569517136, 0.030128391459584236, 0.02571759559214115, 0.042068641632795334, 0.014426800422370434, 0.01576855033636093, 0.03719538077712059, 0.025647034868597984, 0.05033939704298973, 0.04605899006128311]","[0.003257485805079341, 0.9967424869537354]"
724,2,3.45%,3.1635,"[0.03672231361269951, 0.05641934648156166, 0.040707431733608246, 0.04826156795024872, 0.021296346560120583, 0.03875888139009476, 0.03387957438826561, 0.04231410101056099, 0.04748329520225525, 0.04877239093184471, 0.05668887868523598, 0.03909137099981308, 0.020051492378115654, 0.01363251730799675, 0.02886183373630047, 0.03803678974509239, 0.028948428109288216, 0.03281758353114128, 0.04079936072230339, 0.02950414828956127, 0.025272389873862267, 0.0427948459982872, 0.015087353065609932, 0.015227614901959896, 0.03695092350244522, 0.025484740734100342, 0.049579113721847534, 0.046555448323488235]","[0.0038901425432413816, 0.9961099028587341]"
725,21,3.44%,3.1479,"[0.03645222261548042, 0.05574468523263931, 0.04191770777106285, 0.04840100184082985, 0.021769704297184944, 0.03787493333220482, 0.033741459250450134, 0.04208623617887497, 0.047644659876823425, 0.048440489917993546, 0.05648799240589142, 0.03871803730726242, 0.020010802894830704, 0.01388544775545597, 0.029136789962649345, 0.03818437084555626, 0.029146399348974228, 0.032876044511795044, 0.041285157203674316, 0.029788117855787277, 0.0255849938839674, 0.04225168004631996, 0.014728693291544914, 0.015406974591314793, 0.0369253009557724, 0.025398895144462585, 0.04977971315383911, 0.04633137583732605]","[0.004427638836205006, 0.9955723285675049]"
726,25,3.44%,3.6771,"[0.036674223840236664, 0.05547086149454117, 0.04182678833603859, 0.048316482454538345, 0.02174447290599346, 0.03814483433961868, 0.03375748544931412, 0.042162321507930756, 0.047625597566366196, 0.04833456873893738, 0.05714286491274834, 0.03870737925171852, 0.02014242485165596, 0.01386011578142643, 0.028967227786779404, 0.03802924603223801, 0.02939535677433014, 0.03276028856635094, 0.040852610021829605, 0.02960165962576866, 0.025476161390542984, 0.04281165078282356, 0.014926227740943432, 0.015222304500639439, 0.03684431314468384, 0.025296101346611977, 0.04956859350204468, 0.046337880194187164]","[0.0029013389721512794, 0.9970986843109131]"
727,3,3.43%,3.0333,"[0.03658958151936531, 0.055240288376808167, 0.042343683540821075, 0.0483882874250412, 0.021844174712896347, 0.03815650939941406, 0.03381630405783653, 0.042205795645713806, 0.04753895476460457, 0.048159994184970856, 0.05715978890657425, 0.03856353834271431, 0.0201527439057827, 0.01383606344461441, 0.0288714449852705, 0.037865057587623596, 0.02965034730732441, 0.03275299817323685, 0.0408107154071331, 0.029606806114315987, 0.025401592254638672, 0.04308946803212166, 0.014879436232149601, 0.015174985863268375, 0.036803580820560455, 0.025617271661758423, 0.049464479088783264, 0.046015962958335876]","[0.003975206520408392, 0.9960247874259949]"
728,3,3.43%,3.0175,"[0.03594604879617691, 0.054487355053424835, 0.04402904957532883, 0.049173854291439056, 0.022224556654691696, 0.03711613640189171, 0.03376823291182518, 0.04196900501847267, 0.04744637757539749, 0.047777704894542694, 0.05654149129986763, 0.038094278424978256, 0.01999964378774166, 0.014019694179296494, 0.02914469875395298, 0.037865929305553436, 0.029758568853139877, 0.03285646438598633, 0.04157669097185135, 0.029941173270344734, 0.025769541040062904, 0.04281238839030266, 0.014394172467291355, 0.015443684533238411, 0.036785852164030075, 0.025963546708226204, 0.049731481820344925, 0.04536236822605133]","[0.005543913692235947, 0.9944560527801514]"
729,21,3.42%,3.1268,"[0.03627564758062363, 0.054693181067705154, 0.043679527938365936, 0.050079621374607086, 0.0218584593385458, 0.037969209253787994, 0.033843982964754105, 0.04231034591794014, 0.047423671931028366, 0.047586437314748764, 0.057191379368305206, 0.0382373072206974, 0.019984504207968712, 0.013809711672365665, 0.028577977791428566, 0.03766201063990593, 0.029806282371282578, 0.032549478113651276, 0.04081917926669121, 0.0293666273355484, 0.025570876896381378, 0.04344189912080765, 0.014751052483916283, 0.01511797308921814, 0.03653477504849434, 0.026354394853115082, 0.049154773354530334, 0.04534966126084328]","[0.006426896899938583, 0.9935730695724487]"
730,9,3.42%,3.0502,"[0.036461204290390015, 0.054715611040592194, 0.04313004016876221, 0.05084199085831642, 0.021492915228009224, 0.0387437604367733, 0.03394218161702156, 0.04260333254933357, 0.047246303409338, 0.047481317073106766, 0.05798492580652237, 0.03832400590181351, 0.020059585571289062, 0.013610857538878918, 0.028055019676685333, 0.03735421970486641, 0.02994503825902939, 0.03229214623570442, 0.04001568630337715, 0.02880513109266758, 0.025356313213706017, 0.044574812054634094, 0.01515844278037548, 0.014790937304496765, 0.03635047376155853, 0.02667524851858616, 0.04873291403055191, 0.045255567878484726]","[0.0056807659566402435, 0.9943192005157471]"
731,11,3.42%,3.2772,"[0.03627912700176239, 0.05449758097529411, 0.04310186579823494, 0.05154429003596306, 0.02126924879848957, 0.03919006884098053, 0.03393939509987831, 0.04261091724038124, 0.046895384788513184, 0.04796363785862923, 0.058268237859010696, 0.03810573369264603, 0.0201405081897974, 0.013485662639141083, 0.027821261435747147, 0.037124741822481155, 0.030153479427099228, 0.03217455744743347, 0.03961148113012314, 0.02849176898598671, 0.02514064498245716, 0.04547405615448952, 0.015327959321439266, 0.014582954347133636, 0.03639179468154907, 0.026931442320346832, 0.04860445857048035, 0.04487772285938263]","[0.002769836923107505, 0.9972301721572876]"
732,16,3.41%,3.5055,"[0.03579284995794296, 0.05375038459897041, 0.04404979199171066, 0.05241323262453079, 0.02121407352387905, 0.03884417563676834, 0.034008417278528214, 0.04238131642341614, 0.046571940183639526, 0.048097264021635056, 0.058052707463502884, 0.03817812725901604, 0.020065870136022568, 0.013452434912323952, 0.027910510078072548, 0.03690337389707565, 0.03010142780840397, 0.032169047743082047, 0.03990123048424721, 0.028706640005111694, 0.02524459734559059, 0.04588264226913452, 0.01511832233518362, 0.014686357229948044, 0.03646602854132652, 0.02711358480155468, 0.04864099994301796, 0.04428264871239662]","[0.00163162499666214, 0.9983683824539185]"
733,5,3.41%,3.2847,"[0.035366423428058624, 0.05296032130718231, 0.044890426099300385, 0.05304105952382088, 0.021228987723588943, 0.03855272755026817, 0.03410543501377106, 0.04214584082365036, 0.046262506395578384, 0.04836757481098175, 0.057742584496736526, 0.03810923174023628, 0.02004152536392212, 0.013462217524647713, 0.028034096583724022, 0.03667474165558815, 0.03057760000228882, 0.0322054885327816, 0.04004819691181183, 0.028801636770367622, 0.025128547102212906, 0.046320170164108276, 0.014969929121434689, 0.014676055870950222, 0.03664804995059967, 0.027258411049842834, 0.04866882041096687, 0.04371131956577301]","[0.002229441422969103, 0.9977706074714661]"
734,0,3.40%,3.3468,"[0.03485652431845665, 0.052448444068431854, 0.045469898730516434, 0.05353290215134621, 0.02121923491358757, 0.03897493705153465, 0.034285590052604675, 0.04196958616375923, 0.045786891132593155, 0.04874352365732193, 0.05723772943019867, 0.03808478266000748, 0.020074160769581795, 0.013413410633802414, 0.028009245172142982, 0.03642599284648895, 0.031010717153549194, 0.032332487404346466, 0.03991799056529999, 0.02888738363981247, 0.024840569123625755, 0.046710412949323654, 0.014863046817481518, 0.014619756489992142, 0.03689881041646004, 0.027461830526590347, 0.04870997741818428, 0.04321420192718506]","[0.0022593270987272263, 0.997740626335144]"
735,2,3.40%,3.0907,"[0.03506673872470856, 0.052147381007671356, 0.04563472047448158, 0.05386694520711899, 0.021098697558045387, 0.039496492594480515, 0.034378908574581146, 0.041924405843019485, 0.04559256136417389, 0.048962485045194626, 0.05707862973213196, 0.03815574198961258, 0.020075373351573944, 0.013344734907150269, 0.02794414944946766, 0.03625870868563652, 0.03138349950313568, 0.032267797738313675, 0.039694417268037796, 0.028773797675967216, 0.024574577808380127, 0.047098949551582336, 0.01492100115865469, 0.01446437742561102, 0.03688585013151169, 0.027578946202993393, 0.04839562252163887, 0.042934346944093704]","[0.0029620248824357986, 0.9970380067825317]"
736,14,3.39%,3.5728,"[0.03551395982503891, 0.05227724090218544, 0.04565112292766571, 0.054168619215488434, 0.020778827369213104, 0.04066208750009537, 0.03454117849469185, 0.0421154648065567, 0.04529932141304016, 0.04917187988758087, 0.05704650282859802, 0.038350850343704224, 0.020046621561050415, 0.013116550631821156, 0.027569245547056198, 0.03602046146988869, 0.031718187034130096, 0.03214847669005394, 0.0390920527279377, 0.028388353064656258, 0.02408020570874214, 0.04761344939470291, 0.015191551297903061, 0.014158124104142189, 0.03685789182782173, 0.027836885303258896, 0.04781726747751236, 0.04276763275265694]","[0.0019522636430338025, 0.9980477690696716]"
737,14,3.39%,3.5773,"[0.03551138937473297, 0.05155078321695328, 0.04719000309705734, 0.0547141470015049, 0.020785821601748466, 0.0402957983314991, 0.03456296771764755, 0.04192613065242767, 0.04505954682826996, 0.049181580543518066, 0.05633575841784477, 0.0380842350423336, 0.019900517538189888, 0.013197856023907661, 0.0281805582344532, 0.03598016873002052, 0.03188398852944374, 0.03222224861383438, 0.03966560959815979, 0.028563033789396286, 0.02417854219675064, 0.04739305004477501, 0.014870555140078068, 0.01425909623503685, 0.03684704378247261, 0.02786392718553543, 0.047580476850271225, 0.042215198278427124]","[0.0013205154100432992, 0.998679518699646]"
738,13,3.38%,4.3336,"[0.03568027541041374, 0.05073598027229309, 0.04859321191906929, 0.055156998336315155, 0.020670708268880844, 0.039986830204725266, 0.03455350920557976, 0.04180154204368591, 0.04482434689998627, 0.04922570660710335, 0.05576057359576225, 0.03774572163820267, 0.019791467115283012, 0.013291130773723125, 0.02915356121957302, 0.035938046872615814, 0.03201955184340477, 0.03226807340979576, 0.0402645468711853, 0.02866189181804657, 0.024332653731107712, 0.04725103825330734, 0.01460140012204647, 0.014336024411022663, 0.03678327798843384, 0.027749057859182358, 0.047163404524326324, 0.04165942594408989]","[0.0012653644662350416, 0.9987346529960632]"
739,0,3.38%,3.2945,"[0.03661873936653137, 0.05049363523721695, 0.048116233199834824, 0.05521424859762192, 0.020127588883042336, 0.04115039110183716, 0.03466275334358215, 0.04217851907014847, 0.0447443425655365, 0.04948066174983978, 0.05612502619624138, 0.03771121799945831, 0.01984756998717785, 0.013299616053700447, 0.02960570901632309, 0.03570107743144035, 0.03240828961133957, 0.032064445316791534, 0.0396558940410614, 0.02800998091697693, 0.02400944195687771, 0.04793357849121094, 0.015002701431512833, 0.01394786685705185, 0.036616019904613495, 0.027614302933216095, 0.0461142361164093, 0.04154592007398605]","[0.0013204851420596242, 0.998679518699646]"
740,0,3.37%,3.2819,"[0.03720580041408539, 0.049504466354846954, 0.04946029931306839, 0.05556889623403549, 0.020209720358252525, 0.040147390216588974, 0.034503497183322906, 0.04198417440056801, 0.0450119748711586, 0.04925940930843353, 0.05574006214737892, 0.037281084805727005, 0.019695110619068146, 0.013724935241043568, 0.03073151595890522, 0.035846807062625885, 0.03257284313440323, 0.03197696805000305, 0.04041377082467079, 0.02805210091173649, 0.024422423914074898, 0.04746551066637039, 0.014698594808578491, 0.014045893214643002, 0.0363084152340889, 0.027314290404319763, 0.04563568904995918, 0.04121847450733185]","[0.001380164292640984, 0.9986198544502258]"
741,9,3.37%,3.0139,"[0.038853876292705536, 0.049146540462970734, 0.04947054758667946, 0.055636655539274216, 0.019876478239893913, 0.04028937593102455, 0.034365035593509674, 0.042199525982141495, 0.04538987576961517, 0.049071986228227615, 0.05604105070233345, 0.037160396575927734, 0.01958853006362915, 0.013885668478906155, 0.03142440319061279, 0.0358937531709671, 0.03274931758642197, 0.03161599487066269, 0.040448859333992004, 0.027571165934205055, 0.024494152516126633, 0.047538481652736664, 0.01490083523094654, 0.013820106163620949, 0.035778943449258804, 0.027050744742155075, 0.04455673322081566, 0.041181083768606186]","[0.0012329324381425977, 0.998767077922821]"
742,10,3.50%,2.8769,"[0.04042709618806839, 0.04895424470305443, 0.0490913912653923, 0.055532898753881454, 0.019450228661298752, 0.040914762765169144, 0.03419430926442146, 0.042359210550785065, 0.04555880278348923, 0.04956692084670067, 0.0563417449593544, 0.036977481096982956, 0.01957171969115734, 0.013929510489106178, 0.031974777579307556, 0.03588727489113808, 0.03303105756640434, 0.03127108886837959, 0.04021754488348961, 0.027019012719392776, 0.024291718378663063, 0.047849301248788834, 0.015211658552289009, 0.013492797501385212, 0.03543805703520775, 0.0267974603921175, 0.04356341436505318, 0.04108450934290886]","[0.0011550133349373937, 0.9988450407981873]"
743,9,3.49%,3.0002,"[0.041240181773900986, 0.048042040318250656, 0.04974690452218056, 0.055654238909482956, 0.019479570910334587, 0.03987060859799385, 0.033811766654253006, 0.042026668787002563, 0.04595156013965607, 0.0497669018805027, 0.05674682557582855, 0.03653886541724205, 0.01948659121990204, 0.014330715872347355, 0.03296234831213951, 0.03607804700732231, 0.03314726799726486, 0.031021013855934143, 0.04076248034834862, 0.02692469209432602, 0.02468758448958397, 0.04756566137075424, 0.015052959322929382, 0.013510380871593952, 0.03514745458960533, 0.026339324191212654, 0.04318781569600105, 0.04091949388384819]","[0.0010328252101317048, 0.998967170715332]"
744,15,3.49%,3.3217,"[0.04204514995217323, 0.047415174543857574, 0.04986869916319847, 0.05559157952666283, 0.019354280084371567, 0.03953542187809944, 0.03341919183731079, 0.04171499237418175, 0.0461239218711853, 0.050663549453020096, 0.05715632438659668, 0.036074213683605194, 0.019497474655508995, 0.014574903063476086, 0.03376023471355438, 0.03620212525129318, 0.03338804468512535, 0.030763275921344757, 0.0409424714744091, 0.026681631803512573, 0.024739978834986687, 0.047598257660865784, 0.015062843449413776, 0.013378140516579151, 0.03501691669225693, 0.02592870593070984, 0.04279506206512451, 0.040707480162382126]","[0.0010000000474974513, 0.9990558624267578]"
745,6,3.49%,3.4128,"[0.04350009560585022, 0.04731366038322449, 0.04899468645453453, 0.055395081639289856, 0.018883652985095978, 0.04019546881318092, 0.032999198883771896, 0.04164579138159752, 0.04621525853872299, 0.0516311377286911, 0.05793127417564392, 0.035832758992910385, 0.019579868763685226, 0.014547349885106087, 0.03416143357753754, 0.03661512956023216, 0.03362538665533066, 0.030275877565145493, 0.04056425392627716, 0.026087649166584015, 0.02452795021235943, 0.04804156720638275, 0.015460141003131866, 0.013002070598304272, 0.0346900038421154, 0.025594346225261688, 0.04200993850827217, 0.04067900776863098]","[0.0010000000474974513, 0.9993278980255127]"
746,16,3.48%,3.3864,"[0.04434152692556381, 0.046804942190647125, 0.04893951863050461, 0.05530377849936485, 0.018654095008969307, 0.04031205549836159, 0.03304379805922508, 0.04145822301506996, 0.046094268560409546, 0.052330370992422104, 0.058158989995718, 0.035566940903663635, 0.019626159220933914, 0.01465474534779787, 0.03473586216568947, 0.03688574954867363, 0.0338241346180439, 0.030087444931268692, 0.04052182659506798, 0.025885771960020065, 0.02444211207330227, 0.04816048592329025, 0.015572032891213894, 0.012818953022360802, 0.03451617434620857, 0.025282884016633034, 0.041490327566862106, 0.040486838668584824]","[0.0010000000474974513, 0.9991775751113892]"
747,6,3.48%,3.4081,"[0.04427002742886543, 0.04587652161717415, 0.0498504713177681, 0.05517492815852165, 0.019017241895198822, 0.03914406895637512, 0.03295512497425079, 0.04089108109474182, 0.046115048229694366, 0.05297308415174484, 0.05769149214029312, 0.03490234538912773, 0.019657859578728676, 0.01515289768576622, 0.03566955402493477, 0.03736351430416107, 0.034599341452121735, 0.030124099925160408, 0.04101228713989258, 0.025995606556534767, 0.024578344076871872, 0.047634221613407135, 0.015226953662931919, 0.012836882844567299, 0.03453681990504265, 0.02495552785694599, 0.041596636176109314, 0.04019797965884209]","[0.0010000000474974513, 0.9992596507072449]"
748,17,3.47%,3.5047,"[0.04549760743975639, 0.04560648277401924, 0.04891412705183029, 0.054779618978500366, 0.018452702090144157, 0.04055172577500343, 0.033608242869377136, 0.04110023006796837, 0.04560009390115738, 0.05375131964683533, 0.05806685984134674, 0.03491216152906418, 0.019813792780041695, 0.014946411363780499, 0.035767652094364166, 0.03713173046708107, 0.035344596952199936, 0.030025223270058632, 0.040143970400094986, 0.025499360635876656, 0.023847781121730804, 0.04847351089119911, 0.015791211277246475, 0.012377430684864521, 0.034519631415605545, 0.024777982383966446, 0.040687400847673416, 0.0400112122297287]","[0.0010000000474974513, 0.9990749955177307]"
749,8,3.47%,3.1032,"[0.04536872357130051, 0.04486214742064476, 0.049448587000370026, 0.05448276549577713, 0.018606800585985184, 0.04033278301358223, 0.034192148596048355, 0.04090569168329239, 0.04500703513622284, 0.0542684905230999, 0.057499371469020844, 0.03451366350054741, 0.01993096061050892, 0.0152022959664464, 0.036332085728645325, 0.03711371123790741, 0.036104779690504074, 0.030544748529791832, 0.04010532796382904, 0.025585249066352844, 0.023600345477461815, 0.048334427177906036, 0.015662407502532005, 0.01231431681662798, 0.03474554419517517, 0.02458808571100235, 0.0406402125954628, 0.03970736265182495]","[0.0010367244249209762, 0.9989632964134216]"
750,17,3.46%,3.4830,"[0.046706411987543106, 0.044727616012096405, 0.048314884305000305, 0.053975824266672134, 0.018042517825961113, 0.04186498746275902, 0.03481288626790047, 0.04124320298433304, 0.04501553624868393, 0.05482387915253639, 0.05791883170604706, 0.03460923582315445, 0.02001209929585457, 0.014965081587433815, 0.03627024218440056, 0.03670565038919449, 0.03679967671632767, 0.03055020049214363, 0.03913171961903572, 0.025015147402882576, 0.022851167246699333, 0.049123816192150116, 0.016273917630314827, 0.011865608394145966, 0.034713055938482285, 0.0244534220546484, 0.039618443697690964, 0.03959490731358528]","[0.0010000000474974513, 0.9990060925483704]"
751,10,3.59%,2.8659,"[0.04635702073574066, 0.04407263919711113, 0.048878900706768036, 0.05362687259912491, 0.018377110362052917, 0.04130138084292412, 0.03530270978808403, 0.0410786010324955, 0.04498056694865227, 0.05507998913526535, 0.05728408321738243, 0.034221820533275604, 0.020056281238794327, 0.015324637293815613, 0.03675296530127525, 0.03665383905172348, 0.037511423230171204, 0.03122691437602043, 0.039130955934524536, 0.025129497051239014, 0.02272001840174198, 0.04870146885514259, 0.016022445634007454, 0.011878694407641888, 0.03494364023208618, 0.02430763468146324, 0.03967500105500221, 0.0394027940928936]","[0.0010000000474974513, 0.9990901350975037]"
752,0,3.59%,3.0790,"[0.045786257833242416, 0.04321378469467163, 0.0494544543325901, 0.053367916494607925, 0.018857715651392937, 0.040052205324172974, 0.03558063507080078, 0.04076742008328438, 0.04518036171793938, 0.05511758103966713, 0.057297155261039734, 0.03382490947842598, 0.02007933333516121, 0.0158532727509737, 0.03728332370519638, 0.03669518232345581, 0.03805280104279518, 0.03179429844021797, 0.039261382073163986, 0.02528994344174862, 0.02289624698460102, 0.048178959637880325, 0.01569077931344509, 0.011981762014329433, 0.03512239456176758, 0.02403440698981285, 0.03993788734078407, 0.03934769332408905]","[0.0010000000474974513, 0.9990474581718445]"
753,19,3.58%,3.6781,"[0.04661157727241516, 0.04270552098751068, 0.04918184503912926, 0.052981168031692505, 0.018839942291378975, 0.03980943188071251, 0.035858914256095886, 0.04076819494366646, 0.04539172351360321, 0.055109478533267975, 0.057802680879831314, 0.03367441147565842, 0.020088914781808853, 0.016053685918450356, 0.037583377212285995, 0.036593325436115265, 0.03848527744412422, 0.03203977271914482, 0.03902271017432213, 0.025082683190703392, 0.02280937135219574, 0.04815778508782387, 0.015810765326023102, 0.011858787387609482, 0.03502429276704788, 0.02375214733183384, 0.03953421488404274, 0.03936801105737686]","[0.0011452060425654054, 0.9988548159599304]"
754,2,3.58%,3.0369,"[0.04718291014432907, 0.042251795530319214, 0.04905945435166359, 0.05255177244544029, 0.018871495500206947, 0.03957672789692879, 0.03622353449463844, 0.04065287113189697, 0.045460645109415054, 0.05505475029349327, 0.05805172398686409, 0.0336635522544384, 0.02011827565729618, 0.016191726550459862, 0.037820421159267426, 0.03648330271244049, 0.03870883211493492, 0.0323362834751606, 0.03893677890300751, 0.025366906076669693, 0.022740300744771957, 0.04806894436478615, 0.015821833163499832, 0.011814577504992485, 0.0349070280790329, 0.02351999655365944, 0.03924519941210747, 0.03931838646531105]","[0.0010262863943353295, 0.9989736676216125]"
755,21,3.57%,3.0380,"[0.04797402024269104, 0.041968364268541336, 0.04933660849928856, 0.052275314927101135, 0.018688982352614403, 0.039799369871616364, 0.03666464239358902, 0.04068698361515999, 0.045334592461586, 0.054975900799036026, 0.05817241221666336, 0.03371583670377731, 0.020061444491147995, 0.01612628437578678, 0.0378919318318367, 0.03627007082104683, 0.038829103112220764, 0.03258948400616646, 0.03879179060459137, 0.025521228089928627, 0.022510187700390816, 0.04804159328341484, 0.015922585502266884, 0.011712027713656425, 0.0348147451877594, 0.023408889770507812, 0.0387360043823719, 0.039179541170597076]","[0.0011970789637416601, 0.9988029599189758]"
756,27,3.57%,3.2453,"[0.04814781993627548, 0.041444242000579834, 0.049810875207185745, 0.052061695605516434, 0.018701735883951187, 0.03944149985909462, 0.03703053668141365, 0.040525536984205246, 0.04514910280704498, 0.05490408092737198, 0.05824064463376999, 0.033642202615737915, 0.020058590918779373, 0.01621059887111187, 0.03809793293476105, 0.03607805818319321, 0.038964565843343735, 0.03290918096899986, 0.038838647305965424, 0.025825858116149902, 0.022459503263235092, 0.04829001799225807, 0.015858804807066917, 0.011714576743543148, 0.034794874489307404, 0.023254793137311935, 0.03858998790383339, 0.03895406797528267]","[0.001164523302577436, 0.9988354444503784]"
757,1,3.56%,3.1854,"[0.04900001734495163, 0.04114152863621712, 0.0493953563272953, 0.051705699414014816, 0.018392184749245644, 0.039865024387836456, 0.037419602274894714, 0.04057422652840614, 0.04498952254652977, 0.05480984225869179, 0.0588364340364933, 0.03381198272109032, 0.020106829702854156, 0.016087833791971207, 0.037979744374752045, 0.03577316552400589, 0.039090462028980255, 0.03302811458706856, 0.038351722061634064, 0.025784168392419815, 0.022189229726791382, 0.04889599606394768, 0.016180822625756264, 0.011535278521478176, 0.03469221666455269, 0.02304754965007305, 0.03809665888547897, 0.03921869397163391]","[0.0011843686224892735, 0.9988155961036682]"
758,17,3.56%,3.4087,"[0.04938835650682449, 0.04130189120769501, 0.049441758543252945, 0.05139197036623955, 0.018364500254392624, 0.03980731964111328, 0.03758985176682472, 0.04046500101685524, 0.04495954141020775, 0.05467943102121353, 0.05892621725797653, 0.03381853923201561, 0.020102910697460175, 0.016078045591711998, 0.03790818527340889, 0.0356864370405674, 0.039142906665802, 0.03318659961223602, 0.03824252262711525, 0.025923242792487144, 0.022067252546548843, 0.04898388311266899, 0.01620134525001049, 0.01148989051580429, 0.034539029002189636, 0.022970711812376976, 0.037920158356428146, 0.03942258283495903]","[0.001163257984444499, 0.9988366961479187]"
759,7,3.55%,3.2051,"[0.049103911966085434, 0.0412895567715168, 0.04998086020350456, 0.05106464773416519, 0.018588894978165627, 0.0393613763153553, 0.03786766156554222, 0.040280021727085114, 0.04466380923986435, 0.05451182648539543, 0.05856698378920555, 0.033680595457553864, 0.020131494849920273, 0.016217201948165894, 0.037974584847688675, 0.035591915249824524, 0.03924766555428505, 0.03384038060903549, 0.038310036063194275, 0.026277758181095123, 0.022018076851963997, 0.048763252794742584, 0.015984797850251198, 0.011567920446395874, 0.03458245098590851, 0.022910431027412415, 0.038075853139162064, 0.03954601660370827]","[0.001164975925348699, 0.998835027217865]"
760,24,3.55%,3.3646,"[0.05037933588027954, 0.04175203666090965, 0.04889912158250809, 0.050569530576467514, 0.017911551520228386, 0.04116230085492134, 0.0385320708155632, 0.04112058877944946, 0.04399007558822632, 0.05443095788359642, 0.059004563838243484, 0.03398660197854042, 0.0201944001019001, 0.015677206218242645, 0.037434957921504974, 0.034934695810079575, 0.03929602727293968, 0.03419946879148483, 0.03733811527490616, 0.025874286890029907, 0.02135695330798626, 0.049740780144929886, 0.01663026586174965, 0.011251849122345448, 0.03453860059380531, 0.0229529719799757, 0.03720834106206894, 0.03963242471218109]","[0.0010541059309616685, 0.9989458918571472]"
761,2,3.54%,2.9836,"[0.04951680824160576, 0.04152245447039604, 0.049814559519290924, 0.05030207335948944, 0.018306927755475044, 0.04042532294988632, 0.038829345256090164, 0.04124928638339043, 0.043673016130924225, 0.05424600467085838, 0.05839502066373825, 0.03374024108052254, 0.02012118138372898, 0.01591419242322445, 0.03758242726325989, 0.03476057946681976, 0.039452698081731796, 0.035003893077373505, 0.037411145865917206, 0.026214221492409706, 0.02136066183447838, 0.04924025759100914, 0.016231069341301918, 0.011420671828091145, 0.03518154099583626, 0.022907931357622147, 0.03752477839589119, 0.039651814848184586]","[0.0010000000474974513, 0.9990286827087402]"
762,26,3.54%,3.2908,"[0.048628468066453934, 0.041297540068626404, 0.05149541422724724, 0.05022328346967697, 0.018694065511226654, 0.03962119668722153, 0.03911992162466049, 0.04133763164281845, 0.04331101477146149, 0.053970225155353546, 0.05751943215727806, 0.033464282751083374, 0.019940217956900597, 0.016118498519062996, 0.03773060813546181, 0.03461870551109314, 0.03949661925435066, 0.03579695150256157, 0.037671830505132675, 0.026589281857013702, 0.021376503631472588, 0.04850774258375168, 0.015744073316454887, 0.0116210225969553, 0.0358017198741436, 0.022942107170820236, 0.03779887035489082, 0.039562758058309555]","[0.0010243923170492053, 0.9989755749702454]"
763,24,3.53%,3.3133,"[0.0487901009619236, 0.04155787080526352, 0.05146963149309158, 0.04987211152911186, 0.01837151311337948, 0.040727924555540085, 0.039625536650419235, 0.041801657527685165, 0.042474210262298584, 0.054067037999629974, 0.05739973112940788, 0.0335497185587883, 0.019950052723288536, 0.01571638137102127, 0.03722500801086426, 0.0340871699154377, 0.03963349759578705, 0.036345016211271286, 0.03699835389852524, 0.02639804221689701, 0.020761292427778244, 0.04898796230554581, 0.01602880284190178, 0.011461278423666954, 0.036375731229782104, 0.023027997463941574, 0.03779130056500435, 0.03950502723455429]","[0.0010000000474974513, 0.9990732669830322]"
764,9,3.53%,2.9162,"[0.048150695860385895, 0.04151361435651779, 0.052089717239141464, 0.0495472215116024, 0.018407005816698074, 0.0410676971077919, 0.04001210629940033, 0.04201829805970192, 0.04172047600150108, 0.054226022213697433, 0.05693870410323143, 0.033440444618463516, 0.01990414969623089, 0.01556221954524517, 0.03693428263068199, 0.033653706312179565, 0.0398627407848835, 0.037080634385347366, 0.03657585382461548, 0.02642192505300045, 0.020301183685660362, 0.0489988811314106, 0.015985526144504547, 0.011452952399849892, 0.037506766617298126, 0.02305157296359539, 0.038171276450157166, 0.03940428048372269]","[0.0010000000474974513, 0.9991236329078674]"
765,26,3.52%,3.2572,"[0.04801012575626373, 0.04172889515757561, 0.051733143627643585, 0.049028679728507996, 0.018056437373161316, 0.04257375746965408, 0.040392834693193436, 0.04234040528535843, 0.04075861722230911, 0.0551975853741169, 0.05673780292272568, 0.033378154039382935, 0.019973963499069214, 0.015112785622477531, 0.03639204800128937, 0.03307955712080002, 0.04023877531290054, 0.03762780874967575, 0.035681672394275665, 0.026119831949472427, 0.019483136013150215, 0.049632277339696884, 0.0163290873169899, 0.011217063292860985, 0.03866618871688843, 0.02308572456240654, 0.03820832446217537, 0.039215296506881714]","[0.0010222975397482514, 0.9989777207374573]"
766,15,3.52%,3.4138,"[0.04710955545306206, 0.04177025705575943, 0.05192432180047035, 0.048579953610897064, 0.01810562051832676, 0.043066464364528656, 0.040557149797677994, 0.04228134825825691, 0.0398767925798893, 0.05607348307967186, 0.056263942271471024, 0.03314695134758949, 0.020070677623152733, 0.014919397421181202, 0.03602239117026329, 0.032725002616643906, 0.040606606751680374, 0.03830232098698616, 0.03518427163362503, 0.026118258014321327, 0.01892710290849209, 0.04983467981219292, 0.016334855929017067, 0.011164192110300064, 0.03985116630792618, 0.02308693341910839, 0.039052002131938934, 0.039044253528118134]","[0.0010000000474974513, 0.9990170001983643]"
767,10,3.52%,2.8897,"[0.04535207152366638, 0.04142140969634056, 0.053628116846084595, 0.04843951389193535, 0.01888222061097622, 0.041389621794223785, 0.04019612446427345, 0.04161383584141731, 0.03949422761797905, 0.056597739458084106, 0.05517476424574852, 0.03255083039402962, 0.020057180896401405, 0.01531221903860569, 0.03629125654697418, 0.03324826806783676, 0.04081561043858528, 0.039010368287563324, 0.03566934913396835, 0.02667190693318844, 0.019047215580940247, 0.04877301678061485, 0.015596647746860981, 0.01145337987691164, 0.040808092802762985, 0.022986285388469696, 0.040570925921201706, 0.03894779831171036]","[0.0010000000474974513, 0.9990747570991516]"
768,17,3.51%,3.2405,"[0.04528709128499031, 0.041561778634786606, 0.05284595862030983, 0.04800693318247795, 0.0186166912317276, 0.04221973195672035, 0.04013051837682724, 0.04165501520037651, 0.03884871304035187, 0.057348303496837616, 0.05574437230825424, 0.032480403780937195, 0.020198391750454903, 0.015007522888481617, 0.035799358040094376, 0.03319578617811203, 0.04105415567755699, 0.039192963391542435, 0.034934449940919876, 0.026327455416321754, 0.018577372655272484, 0.04936441034078598, 0.015948377549648285, 0.011249080300331116, 0.041572991758584976, 0.022882867604494095, 0.04096988961100578, 0.03897937014698982]","[0.0010074260644614697, 0.9989925622940063]"
769,2,3.51%,2.9472,"[0.04476366937160492, 0.04153277352452278, 0.052554693073034286, 0.047559790313243866, 0.018560100346803665, 0.04266142100095749, 0.040199097245931625, 0.04161639139056206, 0.03803689032793045, 0.057951074093580246, 0.055892638862133026, 0.032302651554346085, 0.02035524696111679, 0.014837317168712616, 0.03545743227005005, 0.03310573846101761, 0.041290998458862305, 0.0399051159620285, 0.034386664628982544, 0.026202861219644547, 0.01819056086242199, 0.04964949190616608, 0.01608818583190441, 0.011157359927892685, 0.04243866726756096, 0.02278323844075203, 0.04157743975520134, 0.038942549377679825]","[0.0010000000474974513, 0.9990407228469849]"
770,22,3.50%,4.1419,"[0.04446207359433174, 0.04161728918552399, 0.05271049216389656, 0.047239840030670166, 0.018351955339312553, 0.04343922436237335, 0.04035283997654915, 0.04169405996799469, 0.03717677295207977, 0.05845608934760094, 0.055886588990688324, 0.032176192849874496, 0.02041429467499256, 0.014540235511958599, 0.03500625118613243, 0.03293853625655174, 0.0414418987929821, 0.04054339975118637, 0.0338422954082489, 0.025993233546614647, 0.01772908680140972, 0.049911439418792725, 0.01627947948873043, 0.01102523598819971, 0.04325374215841293, 0.02279219776391983, 0.04191122576594353, 0.038813915103673935]","[0.0010065173264592886, 0.998993456363678]"
771,4,3.50%,3.9804,"[0.04340696707367897, 0.04109456390142441, 0.05409293994307518, 0.04716838523745537, 0.018732979893684387, 0.042245905846357346, 0.04024318978190422, 0.04126855358481407, 0.03665488585829735, 0.058611247688531876, 0.055591583251953125, 0.03177819401025772, 0.020408829674124718, 0.014764172956347466, 0.03512353450059891, 0.03310241550207138, 0.04153755307197571, 0.04130958765745163, 0.03401139751076698, 0.026223361492156982, 0.017760081216692924, 0.049354188144207, 0.016076592728495598, 0.01117248646914959, 0.044017694890499115, 0.022611204534769058, 0.042888909578323364, 0.03874853998422623]","[0.0010525420075282454, 0.9989474415779114]"
772,11,3.49%,3.4567,"[0.04370390996336937, 0.04130199924111366, 0.05302484333515167, 0.04659212753176689, 0.018499452620744705, 0.043714869767427444, 0.04048365354537964, 0.04152672365307808, 0.03588287904858589, 0.059154242277145386, 0.0560387521982193, 0.03180890530347824, 0.02056930772960186, 0.014354090206325054, 0.03436804190278053, 0.032762620598077774, 0.04204205051064491, 0.04168862849473953, 0.03296083211898804, 0.025650208815932274, 0.017067620530724525, 0.05017869919538498, 0.016869565472006798, 0.01083394791930914, 0.04471728950738907, 0.02258508838713169, 0.042863547801971436, 0.038756150752305984]","[0.0010000000474974513, 0.9991855025291443]"
773,17,3.49%,3.1611,"[0.042443521320819855, 0.04066803678870201, 0.05471993610262871, 0.04650646075606346, 0.019403504207730293, 0.04175504297018051, 0.04036309942603111, 0.04094698652625084, 0.035783395171165466, 0.058865223079919815, 0.05551855266094208, 0.0317593477666378, 0.02046031504869461, 0.014778892509639263, 0.03452969342470169, 0.03303628787398338, 0.04203905165195465, 0.04238821938633919, 0.033364735543727875, 0.026204248890280724, 0.017285622656345367, 0.04911430552601814, 0.016361447051167488, 0.011125663295388222, 0.04533768445253372, 0.022395428270101547, 0.044028427451848984, 0.03881687670946121]","[0.0010234101209789515, 0.9989765286445618]"
774,23,3.48%,4.4968,"[0.04210707172751427, 0.04054241254925728, 0.054559141397476196, 0.046046774834394455, 0.0194997601211071, 0.04223481938242912, 0.040728166699409485, 0.04098119959235191, 0.03506585583090782, 0.058937326073646545, 0.05547362565994263, 0.031987447291612625, 0.020557142794132233, 0.01460044365376234, 0.034054845571517944, 0.03274514898657799, 0.04224146902561188, 0.04329082369804382, 0.03277023881673813, 0.02613985165953636, 0.01688406802713871, 0.0493023544549942, 0.016679808497428894, 0.011035358533263206, 0.04604007676243782, 0.022328974679112434, 0.04434989020228386, 0.03881589695811272]","[0.0011673542903736234, 0.998832643032074]"
775,7,3.48%,3.2024,"[0.041756272315979004, 0.04045427218079567, 0.054585229605436325, 0.045683424919843674, 0.019562024623155594, 0.042576052248477936, 0.04107661917805672, 0.04106708616018295, 0.03440546989440918, 0.058770421892404556, 0.05541563779115677, 0.03229162469506264, 0.020594246685504913, 0.014396540820598602, 0.03367812931537628, 0.03243273124098778, 0.04205295443534851, 0.04415864869952202, 0.03239011764526367, 0.02621547132730484, 0.016636593267321587, 0.049393180757761, 0.016879064962267876, 0.011188268661499023, 0.046623487025499344, 0.022283336147665977, 0.04466019198298454, 0.03877292200922966]","[0.001173548516817391, 0.9988264441490173]"
776,25,3.47%,3.8050,"[0.041098032146692276, 0.04017966613173485, 0.05532814562320709, 0.04548691213130951, 0.019912922754883766, 0.042079634964466095, 0.04135991260409355, 0.0413949154317379, 0.03395847976207733, 0.058256570249795914, 0.05506310984492302, 0.032446082681417465, 0.02050173655152321, 0.014426038600504398, 0.033565737307071686, 0.03223384544253349, 0.04175500571727753, 0.04510587826371193, 0.03234456479549408, 0.026442108675837517, 0.016652779653668404, 0.04896032065153122, 0.01673133671283722, 0.011494932696223259, 0.04716185852885246, 0.022250916808843613, 0.04511471465229988, 0.03869380056858063]","[0.0010854826541617513, 0.9989145398139954]"
777,0,3.47%,3.1968,"[0.04050260782241821, 0.0401587150990963, 0.05602896958589554, 0.04534846171736717, 0.020179325714707375, 0.041925787925720215, 0.04166686162352562, 0.041784923523664474, 0.033511191606521606, 0.05777773633599281, 0.05452943965792656, 0.032594945281744, 0.02037777192890644, 0.014345670118927956, 0.03328737989068031, 0.03200390189886093, 0.0414980910718441, 0.045962121337652206, 0.03227430209517479, 0.026606809347867966, 0.016585199162364006, 0.04858053848147392, 0.016604723408818245, 0.011753728613257408, 0.047579437494277954, 0.02258719876408577, 0.04543561860918999, 0.03850854933261871]","[0.0010434904834255576, 0.9989565014839172]"
778,0,3.47%,3.1894,"[0.04067302495241165, 0.04021325334906578, 0.05647341161966324, 0.04519055038690567, 0.020308861508965492, 0.04185493662953377, 0.04187494516372681, 0.04223265126347542, 0.033238302916288376, 0.05721977725625038, 0.05423937737941742, 0.03277627006173134, 0.020220840349793434, 0.014240448363125324, 0.03306427225470543, 0.03183392062783241, 0.04122142866253853, 0.046534035354852676, 0.03223193436861038, 0.026633761823177338, 0.016533808782696724, 0.048262689262628555, 0.016604647040367126, 0.011937669478356838, 0.04769758880138397, 0.022857297211885452, 0.045429401099681854, 0.038400840014219284]","[0.0010046346578747034, 0.9989953637123108]"
779,9,3.59%,2.8684,"[0.041654713451862335, 0.04039250686764717, 0.05647601932287216, 0.04498882591724396, 0.020211275666952133, 0.04211746156215668, 0.04203766584396362, 0.04279889166355133, 0.033076025545597076, 0.05663726478815079, 0.05424435809254646, 0.033031389117240906, 0.020051442086696625, 0.014047174714505672, 0.03282632678747177, 0.03166530653834343, 0.040939729660749435, 0.04681107774376869, 0.03211735934019089, 0.02646707370877266, 0.016435785219073296, 0.048141032457351685, 0.016815433278679848, 0.012003977783024311, 0.047546904534101486, 0.02307523414492607, 0.04502791538834572, 0.03836173936724663]","[0.0010000000474974513, 0.9991207122802734]"
780,4,3.59%,3.8869,"[0.04220738634467125, 0.04047255590558052, 0.056715626269578934, 0.044768769294023514, 0.02028314396739006, 0.042054492980241776, 0.04197308421134949, 0.043046459555625916, 0.03292669728398323, 0.05675134435296059, 0.05399998277425766, 0.03305219113826752, 0.01992354355752468, 0.01396561972796917, 0.032738879323005676, 0.0316266305744648, 0.04077568277716637, 0.04709748923778534, 0.032135117799043655, 0.026420190930366516, 0.016354888677597046, 0.047839246690273285, 0.016835935413837433, 0.012101479806005955, 0.04755368083715439, 0.02322692982852459, 0.04492199048399925, 0.03823094442486763]","[0.0010128022404387593, 0.9989871978759766]"
781,0,3.58%,3.1624,"[0.04236450791358948, 0.04045707359910011, 0.057305384427309036, 0.044482678174972534, 0.02096700854599476, 0.04123701900243759, 0.041785433888435364, 0.043084610253572464, 0.033011678606271744, 0.05671864002943039, 0.053488291800022125, 0.03295949101448059, 0.019763603806495667, 0.014120292849838734, 0.03272804617881775, 0.031750284135341644, 0.04080266132950783, 0.04744050279259682, 0.03231830522418022, 0.026550758630037308, 0.01637851446866989, 0.04710014909505844, 0.016597306355834007, 0.012298133224248886, 0.04758555069565773, 0.02335583046078682, 0.04517069086432457, 0.03817752003669739]","[0.0010000000474974513, 0.9990118741989136]"
782,6,3.58%,3.1782,"[0.04280921071767807, 0.04032454639673233, 0.058348216116428375, 0.0442727766931057, 0.021835505962371826, 0.039774954319000244, 0.04140733927488327, 0.04297931492328644, 0.03334265947341919, 0.05642632767558098, 0.0529417023062706, 0.032782502472400665, 0.019528435543179512, 0.014446408487856388, 0.03295966237783432, 0.03206634521484375, 0.040730204433202744, 0.04764269292354584, 0.03283259645104408, 0.026794034987688065, 0.016604412347078323, 0.046010665595531464, 0.016178198158740997, 0.012584192678332329, 0.04735095798969269, 0.023392261937260628, 0.04544348269701004, 0.03819036856293678]","[0.0010000000474974513, 0.9990385174751282]"
783,15,3.57%,3.4609,"[0.04400216415524483, 0.040469083935022354, 0.05787073075771332, 0.0438927561044693, 0.021851176396012306, 0.04030266031622887, 0.04194535315036774, 0.04343438893556595, 0.033190932124853134, 0.05628795176744461, 0.05286768823862076, 0.03300126641988754, 0.01942775957286358, 0.014254623092710972, 0.0326559916138649, 0.03181710094213486, 0.040749482810497284, 0.04780110344290733, 0.032513558864593506, 0.02658035233616829, 0.016332270577549934, 0.04603172093629837, 0.016482412815093994, 0.012500129640102386, 0.04720638692378998, 0.023525124415755272, 0.04488293454051018, 0.03812285140156746]","[0.0010000000474974513, 0.9990153908729553]"
784,24,3.57%,3.0603,"[0.04513046517968178, 0.04064386337995529, 0.057567644864320755, 0.04359889402985573, 0.021967969834804535, 0.040509071201086044, 0.042189329862594604, 0.04370850697159767, 0.03313484415411949, 0.05615735426545143, 0.052719131112098694, 0.033118534833192825, 0.019336778670549393, 0.014152941294014454, 0.03245915099978447, 0.03207087889313698, 0.04073982685804367, 0.04778813198208809, 0.03236717730760574, 0.026418546214699745, 0.016201164573431015, 0.04582095891237259, 0.016673484817147255, 0.012443373911082745, 0.046875208616256714, 0.02362344041466713, 0.04445481672883034, 0.03812844678759575]","[0.0010000000474974513, 0.9991177916526794]"
785,15,3.56%,3.4421,"[0.04567014425992966, 0.04057750850915909, 0.057702235877513885, 0.04329196736216545, 0.02229473926126957, 0.04033181816339493, 0.04235738143324852, 0.043818578124046326, 0.0330490842461586, 0.05611191689968109, 0.05236407741904259, 0.03310634195804596, 0.019205626100301743, 0.014159868471324444, 0.03234850987792015, 0.032280728220939636, 0.04080260545015335, 0.04796695336699486, 0.03226213902235031, 0.026361824944615364, 0.016083847731351852, 0.04537481069564819, 0.016662705689668655, 0.012471313588321209, 0.04728822782635689, 0.023649539798498154, 0.04431706666946411, 0.038088392466306686]","[0.0010000000474974513, 0.9990083575248718]"
786,1,3.56%,3.2044,"[0.04692048579454422, 0.04085010290145874, 0.05687703937292099, 0.042946506291627884, 0.02212025597691536, 0.04115748032927513, 0.04248853027820587, 0.04414113983511925, 0.03284503519535065, 0.05626389756798744, 0.052383214235305786, 0.03323708474636078, 0.019153958186507225, 0.013896326534450054, 0.031994663178920746, 0.03267497196793556, 0.04089617356657982, 0.04779418185353279, 0.031811486929655075, 0.025965390726923943, 0.01579080894589424, 0.045443255454301834, 0.017077738419175148, 0.012262389995157719, 0.04745882377028465, 0.023708349093794823, 0.04373564571142197, 0.03810510039329529]","[0.0010809743544086814, 0.9989190101623535]"
787,15,3.55%,3.3936,"[0.046788301318883896, 0.04116252809762955, 0.057976529002189636, 0.04279578849673271, 0.023005705326795578, 0.039817020297050476, 0.04208074137568474, 0.04378475993871689, 0.03305590897798538, 0.05608268082141876, 0.0514918677508831, 0.03293376415967941, 0.01897951401770115, 0.014195617288351059, 0.032160434871912, 0.03360091894865036, 0.04081162437796593, 0.047892771661281586, 0.03233013674616814, 0.026271075010299683, 0.01601867564022541, 0.04418014734983444, 0.016506345942616463, 0.012525111436843872, 0.047473616898059845, 0.02378193847835064, 0.04416726529598236, 0.0381292887032032]","[0.001078834873624146, 0.9989211559295654]"
788,21,3.55%,3.1333,"[0.04795378819108009, 0.04197951406240463, 0.057309094816446304, 0.0425206758081913, 0.02292712591588497, 0.040419984608888626, 0.041848018765449524, 0.04392879083752632, 0.0329778827726841, 0.05623678117990494, 0.051310036331415176, 0.03295385465025902, 0.018928227946162224, 0.013964884914457798, 0.031835418194532394, 0.03446860611438751, 0.040807463228702545, 0.047523658722639084, 0.03211228922009468, 0.025949500501155853, 0.01583588868379593, 0.043971046805381775, 0.016758080571889877, 0.012355987913906574, 0.04727381467819214, 0.023920651525259018, 0.04373745620250702, 0.038191478699445724]","[0.001291347318328917, 0.9987086057662964]"
789,9,3.54%,2.8775,"[0.048224836587905884, 0.042323194444179535, 0.05738872289657593, 0.04235012084245682, 0.023304903879761696, 0.039858415722846985, 0.041472069919109344, 0.043695565313100815, 0.03298540413379669, 0.0562637634575367, 0.050964318215847015, 0.03276640549302101, 0.018900424242019653, 0.014033429324626923, 0.031835880130529404, 0.035424042493104935, 0.040779780596494675, 0.047343261539936066, 0.03229143097996712, 0.025979159399867058, 0.015931906178593636, 0.04375171288847923, 0.016609877347946167, 0.012412046082317829, 0.047108639031648636, 0.023949550464749336, 0.043875906616449356, 0.03817523643374443]","[0.0011073427740484476, 0.998892605304718]"
790,9,3.67%,2.8660,"[0.04896976798772812, 0.042893894016742706, 0.05646192282438278, 0.04203082621097565, 0.023124421015381813, 0.04051049053668976, 0.04118550941348076, 0.043630532920360565, 0.03274437412619591, 0.05715565383434296, 0.050902921706438065, 0.03264642506837845, 0.018974827602505684, 0.013792741112411022, 0.03158216178417206, 0.036073993891477585, 0.04091431573033333, 0.04700954258441925, 0.031998712569475174, 0.025673333555459976, 0.01568027399480343, 0.04416961967945099, 0.016904253512620926, 0.012206717394292355, 0.0470898412168026, 0.023992719128727913, 0.04363248497247696, 0.03804761543869972]","[0.0010000000474974513, 0.9990531206130981]"
791,0,3.66%,3.0304,"[0.04770006984472275, 0.042758602648973465, 0.057769063860177994, 0.0418635755777359, 0.024320878088474274, 0.03853235021233559, 0.04030320793390274, 0.042636938393116, 0.03290388733148575, 0.05825977027416229, 0.04982957988977432, 0.03190714493393898, 0.018963240087032318, 0.014313168823719025, 0.03208692744374275, 0.03739853575825691, 0.041029635816812515, 0.04710447043180466, 0.03274199366569519, 0.026192955672740936, 0.016018010675907135, 0.04310184717178345, 0.016037072986364365, 0.012538529932498932, 0.047266244888305664, 0.02387304976582527, 0.04467598348855972, 0.0378732793033123]","[0.0010037871543318033, 0.9989962577819824]"
792,9,3.78%,2.8204,"[0.05012352764606476, 0.043726418167352676, 0.0552658811211586, 0.041365813463926315, 0.023162322118878365, 0.0409085638821125, 0.04018218070268631, 0.04300810769200325, 0.03247932717204094, 0.05980332940816879, 0.05044551193714142, 0.032037898898124695, 0.01911187171936035, 0.013596834614872932, 0.03146090731024742, 0.03756554797291756, 0.04128199443221092, 0.04633544385433197, 0.03180744871497154, 0.025291185826063156, 0.015329571440815926, 0.04445011541247368, 0.017104778438806534, 0.011924088932573795, 0.047081831842660904, 0.02391430363059044, 0.04352039843797684, 0.03771491348743439]","[0.0010000000474974513, 0.999144434928894]"
793,15,3.78%,3.2495,"[0.05042528733611107, 0.04394868016242981, 0.05509190633893013, 0.04105217009782791, 0.02341434545814991, 0.040561288595199585, 0.03949132561683655, 0.04245225340127945, 0.032456621527671814, 0.06152406334877014, 0.05002430081367493, 0.03155406937003136, 0.019163450226187706, 0.013657450675964355, 0.03161152824759483, 0.038429077714681625, 0.04148850217461586, 0.0460241362452507, 0.03194054961204529, 0.025240864604711533, 0.015254858881235123, 0.04427025094628334, 0.016965700313448906, 0.011867430992424488, 0.047103967517614365, 0.023797398433089256, 0.043681371957063675, 0.03750712051987648]","[0.0010000000474974513, 0.999014139175415]"
794,8,3.77%,3.4264,"[0.05021895840764046, 0.04398567974567413, 0.05565324053168297, 0.040875956416130066, 0.024108000099658966, 0.039247095584869385, 0.03852737322449684, 0.04163048416376114, 0.0326397679746151, 0.06296751648187637, 0.049334120005369186, 0.030914269387722015, 0.019168363884091377, 0.013985792174935341, 0.032031189650297165, 0.039998121559619904, 0.04159356653690338, 0.045697957277297974, 0.03247871622443199, 0.02542729116976261, 0.015477101318538189, 0.04348035156726837, 0.016439422965049744, 0.011981522664427757, 0.04693039506673813, 0.02362692542374134, 0.04418577998876572, 0.03739510104060173]","[0.0010184142738580704, 0.9989815950393677]"
795,23,3.77%,4.4190,"[0.0518265925347805, 0.044653747230768204, 0.0540834441781044, 0.04051082953810692, 0.023666884750127792, 0.04013730213046074, 0.03789972886443138, 0.041507821530103683, 0.03304098919034004, 0.0645560547709465, 0.04962221160531044, 0.030790314078330994, 0.01920141652226448, 0.013724873773753643, 0.03175658360123634, 0.04084290191531181, 0.041833166033029556, 0.04476310312747955, 0.03206200525164604, 0.02485276572406292, 0.015174707397818565, 0.04392378032207489, 0.01693141646683216, 0.01161437202244997, 0.04656049981713295, 0.023569637909531593, 0.04352884367108345, 0.03736405819654465]","[0.001288063358515501, 0.9987119436264038]"
796,8,3.76%,3.3912,"[0.05146362632513046, 0.04461726173758507, 0.05491316318511963, 0.040450744330883026, 0.0244943518191576, 0.03838595375418663, 0.03695843741297722, 0.0408124104142189, 0.033827830106019974, 0.06531297415494919, 0.049063414335250854, 0.030338481068611145, 0.01904914900660515, 0.014147472567856312, 0.03226037696003914, 0.04228506237268448, 0.041527703404426575, 0.04434267058968544, 0.03281927853822708, 0.025185763835906982, 0.015623080544173717, 0.04287775233387947, 0.01621081493794918, 0.012032627128064632, 0.04624210298061371, 0.023407557979226112, 0.04400980472564697, 0.0373401939868927]","[0.0013272217474877834, 0.9986727833747864]"
797,27,3.76%,3.2862,"[0.0529143325984478, 0.04522255063056946, 0.053660690784454346, 0.040186308324337006, 0.024223633110523224, 0.0387604795396328, 0.03632383421063423, 0.040756482630968094, 0.03481530398130417, 0.0662597194314003, 0.04943515360355377, 0.030361035838723183, 0.018941882997751236, 0.013992010615766048, 0.0320679172873497, 0.04300527647137642, 0.04141530022025108, 0.043355777859687805, 0.0326237827539444, 0.02477841265499592, 0.015533380210399628, 0.043030109256505966, 0.016486605629324913, 0.011952554807066917, 0.04574982821941376, 0.023356102406978607, 0.043393101543188095, 0.03739836439490318]","[0.0012032095110043883, 0.9987967610359192]"
798,18,3.75%,3.4160,"[0.05301135405898094, 0.04521767795085907, 0.05384210869669914, 0.04007533937692642, 0.024917399510741234, 0.03726112097501755, 0.03542940318584442, 0.04021220654249191, 0.03617570176720619, 0.06659534573554993, 0.049342066049575806, 0.030124537646770477, 0.01875227317214012, 0.014421402476727962, 0.03236887603998184, 0.0442672073841095, 0.041146185249090195, 0.04267109930515289, 0.033078283071517944, 0.024880006909370422, 0.015955016016960144, 0.04209653660655022, 0.016007008031010628, 0.012246447615325451, 0.04528694599866867, 0.023128654807806015, 0.04357460141181946, 0.037915151566267014]","[0.0012340035755187273, 0.9987660050392151]"
799,18,3.75%,3.3897,"[0.054545190185308456, 0.04579037055373192, 0.052803631871938705, 0.039864666759967804, 0.02463134564459324, 0.03737178444862366, 0.034791626036167145, 0.04010991379618645, 0.03717940300703049, 0.06708643585443497, 0.04977085441350937, 0.030181411653757095, 0.01862635463476181, 0.014293087646365166, 0.032218337059020996, 0.044991910457611084, 0.04083580896258354, 0.041705869138240814, 0.03329697996377945, 0.024547381326556206, 0.0159712266176939, 0.04208371415734291, 0.01622287556529045, 0.012192890979349613, 0.0445849671959877, 0.02303963527083397, 0.042968567460775375, 0.038293756544589996]","[0.001272377441637218, 0.9987276196479797]"
800,17,3.75%,3.2008,"[0.05506245046854019, 0.045980725437402725, 0.053199902176856995, 0.039853185415267944, 0.024989334866404533, 0.03608153760433197, 0.033946920186281204, 0.039629433304071426, 0.03835679963231087, 0.06713796406984329, 0.04963047802448273, 0.029961006715893745, 0.018398620188236237, 0.014529912732541561, 0.032564375549554825, 0.04613645374774933, 0.04023948684334755, 0.04095582664012909, 0.0345635861158371, 0.024707943201065063, 0.01642022281885147, 0.041276585310697556, 0.015778612345457077, 0.01248215138912201, 0.0437629334628582, 0.02291722781956196, 0.04290223866701126, 0.03853410854935646]","[0.0014449219452217221, 0.9985551238059998]"
801,10,3.74%,2.9967,"[0.05621274560689926, 0.04645802453160286, 0.052630357444286346, 0.039644818753004074, 0.024735787883400917, 0.03613058477640152, 0.03353142738342285, 0.03954476863145828, 0.0389370433986187, 0.06738349795341492, 0.04972706735134125, 0.02994641475379467, 0.018302198499441147, 0.014381843619048595, 0.03249434381723404, 0.04663567990064621, 0.039849329739809036, 0.04062825068831444, 0.03513409569859505, 0.024555213749408722, 0.016434121876955032, 0.041178252547979355, 0.01586107723414898, 0.012495732866227627, 0.04315456375479698, 0.022882450371980667, 0.042427822947502136, 0.038702577352523804]","[0.0012209457345306873, 0.9987789988517761]"
802,26,3.74%,3.1628,"[0.05796860530972481, 0.0469440259039402, 0.05130690336227417, 0.039404939860105515, 0.02411177195608616, 0.036588553339242935, 0.033162809908390045, 0.03961551561951637, 0.039483871310949326, 0.06759743392467499, 0.05075626075267792, 0.030096344649791718, 0.01825171895325184, 0.01408917922526598, 0.03222031891345978, 0.04683759808540344, 0.03946511447429657, 0.040083013474941254, 0.03530238941311836, 0.024146471172571182, 0.016353020444512367, 0.041573621332645416, 0.016305534169077873, 0.012347745709121227, 0.042530640959739685, 0.02276746742427349, 0.04171798750758171, 0.038971103727817535]","[0.0012588133104145527, 0.9987411499023438]"
803,10,3.73%,2.9797,"[0.057921815663576126, 0.04690169170498848, 0.05127160623669624, 0.03928538039326668, 0.02438766323029995, 0.03554552420973778, 0.032596688717603683, 0.03918205946683884, 0.040071167051792145, 0.06758081912994385, 0.05113177001476288, 0.029925614595413208, 0.018201440572738647, 0.014252228662371635, 0.032360952347517014, 0.04747385531663895, 0.03903453052043915, 0.039909522980451584, 0.036091726273298264, 0.024250725284218788, 0.01666250452399254, 0.04119769483804703, 0.01605018600821495, 0.012581206858158112, 0.04210257530212402, 0.022583503276109695, 0.042250365018844604, 0.03919515013694763]","[0.001057505956850946, 0.998942494392395]"
804,8,3.73%,3.2016,"[0.058173488825559616, 0.04675500467419624, 0.0508200041949749, 0.039171360433101654, 0.024466345086693764, 0.03462023660540581, 0.032040342688560486, 0.038821108639240265, 0.04069061577320099, 0.06747141480445862, 0.05225466191768646, 0.029846422374248505, 0.018172305077314377, 0.014373655430972576, 0.03242572769522667, 0.04793630167841911, 0.038576118648052216, 0.039583150297403336, 0.036669518798589706, 0.02421167492866516, 0.016981326043605804, 0.04110191389918327, 0.01599069871008396, 0.012740732170641422, 0.0416581891477108, 0.02231280505657196, 0.04263360798358917, 0.03950125724077225]","[0.0011342507787048817, 0.9988657236099243]"
805,0,3.72%,2.8413,"[0.05892287194728851, 0.04674706608057022, 0.04999340698122978, 0.03902241960167885, 0.024441825225949287, 0.03390767425298691, 0.03145768120884895, 0.0385732427239418, 0.04196406528353691, 0.06725285947322845, 0.05357247218489647, 0.029877644032239914, 0.01806746795773506, 0.014462651684880257, 0.03235700726509094, 0.04826900735497475, 0.03818894550204277, 0.038969337940216064, 0.03703564777970314, 0.024006327614188194, 0.01723567396402359, 0.04107145592570305, 0.01606426015496254, 0.012795147486031055, 0.04110279306769371, 0.022067058831453323, 0.04269326850771904, 0.03988076373934746]","[0.0011898489901795983, 0.9988101720809937]"
806,7,3.72%,3.2672,"[0.06002116948366165, 0.046566836535930634, 0.049607668071985245, 0.038903187960386276, 0.024606814607977867, 0.032748084515333176, 0.030797552317380905, 0.03822961822152138, 0.043381087481975555, 0.06672435253858566, 0.054672081023454666, 0.029814554378390312, 0.017895083874464035, 0.01469967421144247, 0.032507337629795074, 0.04879593849182129, 0.037724584341049194, 0.03833191841840744, 0.03769974410533905, 0.023907935246825218, 0.017657512798905373, 0.040693193674087524, 0.01595238596200943, 0.012937369756400585, 0.0403873436152935, 0.021763736382126808, 0.042728375643491745, 0.04024484381079674]","[0.0012697483180090785, 0.9987303018569946]"
807,11,3.71%,3.5182,"[0.06170399859547615, 0.04664494842290878, 0.048706550151109695, 0.03873821720480919, 0.024383336305618286, 0.03235740587115288, 0.030371058732271194, 0.038531024008989334, 0.04455208778381348, 0.06614266335964203, 0.05593262240290642, 0.029902812093496323, 0.01772117055952549, 0.014691747725009918, 0.032401617616415024, 0.048907287418842316, 0.03732016310095787, 0.037707239389419556, 0.03789447247982025, 0.02354516088962555, 0.0178605318069458, 0.04069364070892334, 0.01615384966135025, 0.012912647798657417, 0.03975250571966171, 0.02157277800142765, 0.04234287142753601, 0.040555622428655624]","[0.0010000000474974513, 0.9990108609199524]"
808,7,3.71%,3.2576,"[0.06178384646773338, 0.046132031828165054, 0.04907544329762459, 0.03874322399497032, 0.024886559695005417, 0.030855601653456688, 0.029909569770097733, 0.038418710231781006, 0.045892246067523956, 0.06512170284986496, 0.056499045342206955, 0.030077015981078148, 0.017479008063673973, 0.01509226392954588, 0.03270788490772247, 0.04936793074011803, 0.0366651825606823, 0.03737245127558708, 0.0387616790831089, 0.023766029626131058, 0.01852387562394142, 0.03992374986410141, 0.015687517821788788, 0.01329477597028017, 0.03923686221241951, 0.021311523392796516, 0.04257410392165184, 0.04084021598100662]","[0.0010714457603171468, 0.9989285469055176]"
809,3,3.70%,3.2547,"[0.06390541791915894, 0.04638325795531273, 0.04776756092905998, 0.03856143355369568, 0.024310925975441933, 0.031166624277830124, 0.029808692634105682, 0.03928123787045479, 0.046801719814538956, 0.06431519240140915, 0.05789906904101372, 0.03066578134894371, 0.017292916774749756, 0.014820121228694916, 0.0322868712246418, 0.04900197312235832, 0.03620414435863495, 0.03678590804338455, 0.038457125425338745, 0.023296266794204712, 0.018528373911976814, 0.040262095630168915, 0.016158737242221832, 0.013150042854249477, 0.03870762139558792, 0.02122499607503414, 0.04181066155433655, 0.04114518687129021]","[0.0012523442273959517, 0.9987476468086243]"
810,26,3.70%,3.1718,"[0.06400913000106812, 0.04598536714911461, 0.04817112535238266, 0.03904096782207489, 0.024522224441170692, 0.03014516457915306, 0.029522476717829704, 0.03962358087301254, 0.047835782170295715, 0.06325686722993851, 0.058356933295726776, 0.03083753027021885, 0.017014777287840843, 0.015071725472807884, 0.03245270252227783, 0.049216002225875854, 0.03550276160240173, 0.03648814558982849, 0.03909531235694885, 0.02333521656692028, 0.01913282461464405, 0.03967929258942604, 0.01581498049199581, 0.013458982110023499, 0.03825945034623146, 0.02111731842160225, 0.04178532585501671, 0.04126802459359169]","[0.0012972032418474555, 0.9987028241157532]"
811,16,3.69%,3.3540,"[0.06571786105632782, 0.046293705701828, 0.046891674399375916, 0.03923512622714043, 0.02386571280658245, 0.030617667362093925, 0.029456622898578644, 0.04035327956080437, 0.04832857847213745, 0.06264060735702515, 0.05970859155058861, 0.031381502747535706, 0.01689121499657631, 0.014704955741763115, 0.03185874596238136, 0.048776060342788696, 0.035068247467279434, 0.03596039488911629, 0.038630660623311996, 0.02282741479575634, 0.019034724682569504, 0.040212202817201614, 0.01636124588549137, 0.013272005133330822, 0.03782151639461517, 0.021112510934472084, 0.041498418897390366, 0.0414787158370018]","[0.0011448609875515103, 0.9988551735877991]"
812,4,3.69%,3.7106,"[0.0647929236292839, 0.04575418680906296, 0.04742135852575302, 0.039486389607191086, 0.024460161104798317, 0.0294259674847126, 0.029148686677217484, 0.04035922512412071, 0.04903203621506691, 0.06204063445329666, 0.059662774205207825, 0.0312565341591835, 0.01675821840763092, 0.015094304457306862, 0.032076623290777206, 0.04906643554568291, 0.03515021875500679, 0.035930681973695755, 0.03918062150478363, 0.02292950637638569, 0.0194756668061018, 0.039588455110788345, 0.015893876552581787, 0.013576840981841087, 0.03768972307443619, 0.021007517352700233, 0.04222467169165611, 0.0415157787501812]","[0.0010871253907680511, 0.9989128708839417]"
813,17,3.69%,3.3282,"[0.06517384201288223, 0.04571792483329773, 0.04677562043070793, 0.03944147005677223, 0.024839192628860474, 0.029163992032408714, 0.028998665511608124, 0.04068971052765846, 0.049673184752464294, 0.061599597334861755, 0.06011311709880829, 0.03139365091919899, 0.016670729964971542, 0.01514764316380024, 0.03176447004079819, 0.04895603284239769, 0.035507459193468094, 0.035692453384399414, 0.03893682360649109, 0.02264482155442238, 0.01941647380590439, 0.039556678384542465, 0.016010547056794167, 0.013521872460842133, 0.0375199094414711, 0.020986052230000496, 0.04242797568440437, 0.041660062968730927]","[0.0012939804000779986, 0.998706042766571]"
814,12,3.68%,4.0947,"[0.06488756835460663, 0.045554857701063156, 0.04651552066206932, 0.03936239331960678, 0.02535867691040039, 0.028858771547675133, 0.028998736292123795, 0.04097495973110199, 0.049879610538482666, 0.06122033670544624, 0.06013895943760872, 0.03142790123820305, 0.0166364423930645, 0.015259635634720325, 0.03157270327210426, 0.04876762628555298, 0.03587363660335541, 0.03601390868425369, 0.038780465722084045, 0.02253110520541668, 0.01935502141714096, 0.039410147815942764, 0.01597270555794239, 0.013564023189246655, 0.03755835071206093, 0.020979253575205803, 0.0428350456058979, 0.041711606085300446]","[0.0012214198941364884, 0.9987785816192627]"
815,21,3.68%,3.2379,"[0.06417518109083176, 0.045273132622241974, 0.046255793422460556, 0.03921610116958618, 0.025939153507351875, 0.02848356030881405, 0.028988508507609367, 0.041065678000450134, 0.04981367290019989, 0.061018433421850204, 0.06003958359360695, 0.031342048197984695, 0.016886504366993904, 0.015454412437975407, 0.031544845551252365, 0.04870133846998215, 0.03628169745206833, 0.03645078465342522, 0.038689516484737396, 0.02253562957048416, 0.019353725016117096, 0.03929293900728226, 0.01587086357176304, 0.013640773482620716, 0.03757700324058533, 0.02090618945658207, 0.043446462601423264, 0.04175645112991333]","[0.0015640840865671635, 0.998435914516449]"
816,18,3.67%,3.2776,"[0.06384752690792084, 0.04501792788505554, 0.045486241579055786, 0.03903447091579437, 0.02614595927298069, 0.028460705652832985, 0.02908250130712986, 0.04125311225652695, 0.04952000826597214, 0.06094391271471977, 0.06042850390076637, 0.031375590711832047, 0.017198596149683, 0.015461615286767483, 0.03135799616575241, 0.04832272231578827, 0.03672322630882263, 0.03679003193974495, 0.03829871863126755, 0.022407647222280502, 0.019206151366233826, 0.039950668811798096, 0.01606077514588833, 0.013575377874076366, 0.03759685903787613, 0.020827412605285645, 0.04387596994638443, 0.041749779134988785]","[0.0016114715253934264, 0.9983885288238525]"
817,9,3.67%,2.8016,"[0.0625523179769516, 0.04452427476644516, 0.04586523398756981, 0.03902190923690796, 0.026848357170820236, 0.027613528072834015, 0.02895474061369896, 0.04104841500520706, 0.04937116056680679, 0.06069474667310715, 0.060028307139873505, 0.0311052817851305, 0.017404139041900635, 0.01575886271893978, 0.03164489567279816, 0.0484028197824955, 0.03685895353555679, 0.03722007945179939, 0.039076585322618484, 0.02267642877995968, 0.019476652145385742, 0.03988294303417206, 0.01565433293581009, 0.013850755989551544, 0.03750305250287056, 0.02074129693210125, 0.04469708725810051, 0.04152281954884529]","[0.0013610237510874867, 0.998638927936554]"
818,17,3.66%,3.2842,"[0.06439346075057983, 0.04504993185400963, 0.043717771768569946, 0.038644518703222275, 0.025840595364570618, 0.029006419703364372, 0.029161429032683372, 0.04163489490747452, 0.04876693710684776, 0.06142232567071915, 0.0613238550722599, 0.03147941827774048, 0.01774379052221775, 0.0150675717741251, 0.030844086781144142, 0.04750155285000801, 0.03731444850564003, 0.037056874483823776, 0.038107141852378845, 0.022023163735866547, 0.018699895590543747, 0.041527457535266876, 0.016707584261894226, 0.013256615959107876, 0.03732966631650925, 0.02077348157763481, 0.04411240294575691, 0.041492678225040436]","[0.0016089631244540215, 0.9983910322189331]"
819,9,3.66%,2.7826,"[0.06208762153983116, 0.04439562186598778, 0.04456982761621475, 0.03858128562569618, 0.02678476832807064, 0.02806408330798149, 0.029095016419887543, 0.04123855009675026, 0.04820505529642105, 0.06188761442899704, 0.060270681977272034, 0.030977534130215645, 0.017988044768571854, 0.015462351962924004, 0.031298648566007614, 0.04760310426354408, 0.03754177689552307, 0.03807464614510536, 0.03894425556063652, 0.02248034067451954, 0.018917037174105644, 0.04118369147181511, 0.01603056490421295, 0.013631659559905529, 0.03761270269751549, 0.020689034834504128, 0.04528091102838516, 0.041103556752204895]","[0.001361018163152039, 0.9986389875411987]"
820,3,3.65%,3.2631,"[0.06172021105885506, 0.044389862567186356, 0.04382357746362686, 0.038273345679044724, 0.02663414366543293, 0.028572147712111473, 0.029201412573456764, 0.04129014164209366, 0.04736071825027466, 0.06318753957748413, 0.06025644391775131, 0.03084973804652691, 0.01832386665046215, 0.015229539014399052, 0.031067505478858948, 0.04711185768246651, 0.03798956796526909, 0.038669075816869736, 0.038659438490867615, 0.02234979160130024, 0.018459977582097054, 0.04194166883826256, 0.01628657802939415, 0.013446832075715065, 0.037864819169044495, 0.020673444494605064, 0.04555941000580788, 0.040807321667671204]","[0.0015996178844943643, 0.9984003901481628]"
821,6,3.65%,3.5312,"[0.060042254626750946, 0.043936315923929214, 0.04430510848760605, 0.03858344256877899, 0.027066217735409737, 0.028157763183116913, 0.029149087145924568, 0.040999460965394974, 0.04673871397972107, 0.06414910405874252, 0.05955207347869873, 0.030451010912656784, 0.018522735685110092, 0.015390113927423954, 0.031256772577762604, 0.047065526247024536, 0.03813205659389496, 0.039396487176418304, 0.039102863520383835, 0.02254895493388176, 0.018492622300982475, 0.04191013425588608, 0.015917861834168434, 0.013618395663797855, 0.03812139481306076, 0.020649386569857597, 0.04634437337517738, 0.04039979353547096]","[0.0015841126441955566, 0.9984158873558044]"
822,27,3.65%,3.2153,"[0.06000392511487007, 0.04395406320691109, 0.043568965047597885, 0.03871059790253639, 0.026557771489024162, 0.02904355525970459, 0.029743967577815056, 0.04128154739737511, 0.04575300216674805, 0.06505517661571503, 0.05965075269341469, 0.03055746667087078, 0.018789028748869896, 0.015008422546088696, 0.030816802754998207, 0.04630224034190178, 0.03839427977800369, 0.039938490837812424, 0.038560062646865845, 0.02235463447868824, 0.01798226498067379, 0.04287020117044449, 0.016355004161596298, 0.013357892632484436, 0.0383114367723465, 0.020741097629070282, 0.04624585434794426, 0.040091533213853836]","[0.0014305692166090012, 0.9985694289207458]"
823,16,3.64%,3.2556,"[0.05881015956401825, 0.04350966960191727, 0.043732382357120514, 0.03890625759959221, 0.026799283921718597, 0.028890378773212433, 0.03007407858967781, 0.041135624051094055, 0.04516696557402611, 0.06559426337480545, 0.059211645275354385, 0.030408043414354324, 0.01898108422756195, 0.015109472908079624, 0.030815983191132545, 0.04605337232351303, 0.038507070392370224, 0.04062443599104881, 0.038603514432907104, 0.022482015192508698, 0.017922475934028625, 0.0429084338247776, 0.016189364716410637, 0.01343060377985239, 0.038531869649887085, 0.020679103210568428, 0.046731363981962204, 0.04019109159708023]","[0.001252721413038671, 0.9987472891807556]"
824,8,3.64%,3.1146,"[0.05750648304820061, 0.04297637939453125, 0.04390053078532219, 0.03895718604326248, 0.02723557874560356, 0.028614427894353867, 0.030351579189300537, 0.04091445729136467, 0.044659435749053955, 0.06621354073286057, 0.05859532579779625, 0.03011704608798027, 0.019187582656741142, 0.01530928909778595, 0.03085162118077278, 0.04584815725684166, 0.039271313697099686, 0.041323475539684296, 0.03856289014220238, 0.022544050589203835, 0.017776064574718475, 0.042868100106716156, 0.015998475253582, 0.013447579927742481, 0.0388348214328289, 0.02061174064874649, 0.04727667570114136, 0.040246255695819855]","[0.0014209351502358913, 0.9985790848731995]"
825,8,3.63%,3.1061,"[0.05861830338835716, 0.04322972148656845, 0.04227709770202637, 0.03877172991633415, 0.026527510955929756, 0.02977111004292965, 0.0307602658867836, 0.04130348935723305, 0.044710397720336914, 0.06681624799966812, 0.05932345241308212, 0.030387528240680695, 0.01937737874686718, 0.014887404628098011, 0.030117185786366463, 0.04504657909274101, 0.040133606642484665, 0.041215818375349045, 0.037427838891744614, 0.021941307932138443, 0.017093518748879433, 0.04398592188954353, 0.016835203394293785, 0.012906011193990707, 0.03879683092236519, 0.020655397325754166, 0.04658152163028717, 0.04050168767571449]","[0.0016111360164359212, 0.9983888864517212]"
826,26,3.63%,3.0578,"[0.057703517377376556, 0.042744338512420654, 0.042409636080265045, 0.038825809955596924, 0.027170268818736076, 0.029054617509245872, 0.030708353966474533, 0.0410255528986454, 0.04587884247303009, 0.06698562949895859, 0.05893659219145775, 0.0301513634622097, 0.019337855279445648, 0.015278030186891556, 0.03021179884672165, 0.04499794915318489, 0.040738288313150406, 0.04131178930401802, 0.03754253685474396, 0.02194427326321602, 0.01715892367064953, 0.043534789234399796, 0.0164960790425539, 0.012967203743755817, 0.03881330415606499, 0.02055915631353855, 0.04683339595794678, 0.04068014398217201]","[0.0016814132686704397, 0.998318612575531]"
827,6,3.62%,3.4881,"[0.05703166127204895, 0.04248951002955437, 0.04205213487148285, 0.03876557573676109, 0.027552824467420578, 0.028752751648426056, 0.030689798295497894, 0.040800146758556366, 0.04667564108967781, 0.06728217750787735, 0.05882701277732849, 0.030025018379092216, 0.019395040348172188, 0.015450247563421726, 0.03003605641424656, 0.04478154703974724, 0.04137183725833893, 0.041361596435308456, 0.03732533007860184, 0.021824195981025696, 0.017023947089910507, 0.0435018315911293, 0.016440117731690407, 0.012910443358123302, 0.03885586932301521, 0.020497528836131096, 0.047418590635061264, 0.040861599147319794]","[0.001658095745369792, 0.9983419179916382]"
828,4,3.62%,3.5902,"[0.05619894340634346, 0.04212619364261627, 0.04188361018896103, 0.038726650178432465, 0.027919121086597443, 0.028556406497955322, 0.031114209443330765, 0.040656205266714096, 0.04717155545949936, 0.06741861999034882, 0.058520473539829254, 0.029973000288009644, 0.019457709044218063, 0.01560685783624649, 0.029868509620428085, 0.044391896575689316, 0.04194467142224312, 0.04163670912384987, 0.03708165884017944, 0.021818000823259354, 0.01686158962547779, 0.04348008707165718, 0.016358837485313416, 0.012884313240647316, 0.03898467496037483, 0.020466364920139313, 0.04793770983815193, 0.04095533490180969]","[0.001510751317255199, 0.998489260673523]"
