round,ground_truth,agent0_pred,agent1_pred,hedge0,hedge1,fused_B0_pred,acc_B0,fused_M1_pred,acc_M1,cos_sim_beliefs,p_b0_gt,p_m1_gt,loss_b0,loss_m1,pi0,pi1,m1_conf_top1,m1_margin
0,26,26,26,0.5,0.5,26,1,26,1,0.9999663829803467,0.9874370098114014,0.6747201681137085,0.012642571774129413,0.3934572398232169,0.5696119666099548,0.43038806319236755,0.6747201681137085,0.635162852704525
1,27,27,27,0.49976256489753723,0.5002374649047852,27,1,9,0,0.8198628425598145,0.6602113842964172,0.2504957914352417,0.4151952160031162,1.384313159256068,0.40515387058258057,0.5948461890220642,0.29496780037879944,0.04447200894355774
2,27,14,27,0.5094125866889954,0.49058738350868225,27,1,27,1,0.7116828560829163,0.4993053674697876,0.21015606820583344,0.6945374115437936,1.5599048423550723,0.7498003840446472,0.250199556350708,0.21015606820583344,0.003096058964729309
3,11,21,11,0.5044974684715271,0.4955025315284729,11,1,11,1,0.31466662883758545,0.42469677329063416,0.24324992299079895,0.8563798393121311,1.4136658745006607,0.6987748742103577,0.3012251555919647,0.24324992299079895,0.12547026574611664
4,21,0,24,0.4875827133655548,0.5124173164367676,24,0,24,0,0.07505976408720016,0.15437524020671844,0.07405687123537064,1.8683690156061687,2.6029219507383754,0.3086773455142975,0.6913226842880249,0.1776726394891739,0.003136768937110901
5,2,2,2,0.4976896643638611,0.5023103356361389,2,1,2,1,0.9960943460464478,0.8807672262191772,0.2585534453392029,0.12696190337223567,1.3526528546081045,0.38859009742736816,0.6114099025726318,0.2585534453392029,0.1573438048362732
6,24,24,24,0.49770480394363403,0.502295196056366,24,1,24,1,0.9628334641456604,0.6013579964637756,0.22614838182926178,0.5085648537937171,1.4865639383823066,0.3938151001930237,0.6061849594116211,0.22614838182926178,0.15454445034265518
7,24,24,24,0.5031452775001526,0.496854692697525,24,1,24,1,0.7421531677246094,0.6376477479934692,0.26437079906463623,0.4499692672437339,1.3304026193706846,0.4768790900707245,0.5231209397315979,0.26437079906463623,0.13788223266601562
8,9,27,14,0.5194547772407532,0.48054519295692444,14,0,9,1,0.15694616734981537,0.19593772292137146,0.2203563004732132,1.629958410438816,1.5125094950772129,0.12446902692317963,0.875531017780304,0.2203563004732132,0.03032110631465912
9,8,5,8,0.5049349069595337,0.4950650632381439,8,1,8,1,0.24042589962482452,0.37730029225349426,0.20169556140899658,0.9747138774203508,1.6009958401689306,0.1399688571691513,0.8600311279296875,0.20169556140899658,0.0847017765045166
10,17,17,27,0.48227810859680176,0.5177218914031982,27,0,17,1,0.3934432566165924,0.34103891253471375,0.317353218793869,1.0757586952039884,1.1477398705558106,0.2553706467151642,0.7446293234825134,0.317353218793869,0.05192399024963379
11,18,18,16,0.49498188495635986,0.5050181150436401,16,0,18,1,0.012764264829456806,0.2914152443408966,0.13510845601558685,1.2330060724476517,2.0016774451857575,0.8263051509857178,0.17369478940963745,0.13510845601558685,0.0014733821153640747
12,17,17,9,0.5765665769577026,0.42343342304229736,17,1,17,1,0.6394972205162048,0.6965782642364502,0.38479363918304443,0.3615751241835459,0.9550480905168042,0.27237871289253235,0.7276212573051453,0.38479363918304443,0.21186889708042145
13,23,23,23,0.5875889658927917,0.41241103410720825,23,1,23,1,0.9575986862182617,0.7414044737815857,0.2560187876224518,0.29920895404903924,1.3625044480452242,0.441712886095047,0.5582870244979858,0.2560187876224518,0.14159729331731796
14,5,5,5,0.5934497714042664,0.40655022859573364,5,1,5,1,0.9994531869888306,0.9352490305900574,0.4933641254901886,0.0669424422793507,0.7065077863057507,0.4512537121772766,0.5487462878227234,0.4933641254901886,0.400678426027298
15,4,4,4,0.5926520228385925,0.4073479473590851,4,1,4,1,0.9998841881752014,0.9791250228881836,0.707237184047699,0.021095939918573763,0.34638918978797584,0.24091947078704834,0.7590805292129517,0.707237184047699,0.6680716723203659
16,1,8,1,0.5931247472763062,0.40687522292137146,1,1,1,1,0.009737825021147728,0.38565513491630554,0.21265076100826263,0.9528117417256341,1.548104078599678,0.5439514517784119,0.45604854822158813,0.21265076100826263,0.02266007661819458
17,9,14,9,0.5249871611595154,0.475012868642807,9,1,9,1,0.1550258845090866,0.3769925534725189,0.2525436282157898,0.9755298437914849,1.3761712601793048,0.7370783090591431,0.26292166113853455,0.2525436282157898,0.1216115951538086
18,3,3,3,0.4792745113372803,0.5207254886627197,3,1,3,1,0.9990044236183167,0.9095059037208557,0.4032164216041565,0.09485378987311376,0.9082818348694363,0.4803101122379303,0.5196899175643921,0.4032164216041565,0.04119428992271423
19,6,3,3,0.4789203107357025,0.5210796594619751,3,0,6,1,0.8947378993034363,0.30328959226608276,0.3283417224884033,1.1930671798579673,1.1137003760784707,0.3581109642982483,0.6418890357017517,0.3283417224884033,0.17874284088611603
20,15,15,15,0.481566458940506,0.5184335112571716,15,1,15,1,0.8962646126747131,0.7343221306800842,0.2362259328365326,0.308807476506598,1.4429665893889443,0.47912493348121643,0.5208750367164612,0.2362259328365326,0.03927874565124512
21,6,6,6,0.47597363591194153,0.5240263342857361,6,1,6,1,0.7324748635292053,0.4158145487308502,0.26989099383354187,0.8775159144376664,1.3097371280457022,0.46244433522224426,0.5375556349754333,0.26989099383354187,0.14703202992677689
22,4,4,4,0.48514416813850403,0.5148558020591736,4,1,4,1,0.9138815402984619,0.7251614928245544,0.45338204503059387,0.3213609002087524,0.7910201424193622,0.5305857062339783,0.46941426396369934,0.45338204503059387,0.2674744427204132
23,9,9,9,0.49176761507987976,0.5082324147224426,9,1,9,1,0.9817639589309692,0.8624118566513062,0.5708727240562439,0.14802233048579755,0.5605889942486717,0.4603850543498993,0.5396149754524231,0.5708727240562439,0.43822576105594635
24,3,3,3,0.4902321696281433,0.5097678303718567,3,1,6,0,0.9661770462989807,0.8640593886375427,0.3457707464694977,0.1461137756913426,1.0619793059872784,0.4902319610118866,0.5097680687904358,0.43426376581192017,0.08849301934242249
25,4,4,13,0.4935622215270996,0.5064377784729004,4,1,4,1,0.5058996677398682,0.5788540244102478,0.3345242142677307,0.546704949931232,1.0950460125936914,0.4177487790584564,0.582251250743866,0.3345242142677307,0.21127163618803024
26,10,10,24,0.5140782594680786,0.4859217405319214,10,1,24,0,0.06544634699821472,0.5341057777404785,0.1356867402791977,0.6271613739819886,1.9974064304071302,0.655537486076355,0.34446245431900024,0.3032315671443939,0.16754482686519623
27,26,26,26,0.5532714128494263,0.4467286169528961,26,1,26,1,0.9999967813491821,0.9953543543815613,0.7597638964653015,0.004656470167735691,0.2747475565130213,0.3733377456665039,0.6266623139381409,0.7597638964653015,0.7253231778740883
28,11,11,24,0.5532246232032776,0.4467753767967224,11,1,11,1,0.07293131947517395,0.5362632870674133,0.36526116728782654,0.6231300312987835,1.0071426544509485,0.2400180995464325,0.7599818706512451,0.36526116728782654,0.15781672298908234
29,1,1,1,0.5906449556350708,0.4093550443649292,1,1,1,1,0.9219386577606201,0.6363348364830017,0.2825864255428314,0.4520303817224672,1.263770844057959,0.3217798173427582,0.6782202124595642,0.2825864255428314,0.15174584090709686
30,4,4,4,0.5903199911117554,0.409680038690567,4,1,4,1,0.989951491355896,0.8074597120285034,0.5230607986450195,0.21386211735474747,0.6480575718744259,0.4292467534542084,0.5707533359527588,0.5230607986450195,0.41515200585126877
31,2,2,2,0.5891952514648438,0.41080474853515625,2,1,2,1,0.8769682049751282,0.6758162975311279,0.20779365301132202,0.3918339890839892,1.5712097445211022,0.03197653591632843,0.9680234789848328,0.20779365301132202,0.04703208804130554
32,13,13,13,0.5798631906509399,0.42013677954673767,13,1,13,1,0.9695156216621399,0.8603777289390564,0.4088268578052521,0.15038376646674279,0.8944635431185145,0.4810679852962494,0.5189319849014282,0.4088268578052521,0.2357681691646576
33,3,3,3,0.5845439434051514,0.415456086397171,3,1,3,1,0.6913676857948303,0.714211642742157,0.32274964451789856,0.3365759421594266,1.1308783506722626,0.534854531288147,0.4651455283164978,0.32274964451789856,0.12233071029186249
34,7,1,26,0.5963274836540222,0.4036725163459778,1,0,1,0,0.007302086800336838,0.03607075288891792,0.03521265089511871,3.3222729112898524,3.346349860517441,0.2755506634712219,0.7244493365287781,0.1921788454055786,0.10348764806985855
35,0,0,0,0.5235705971717834,0.47642940282821655,0,1,0,1,0.9994944334030151,0.9556543231010437,0.5212719440460205,0.045359018033364035,0.6514834078660112,0.3091762959957123,0.6908237338066101,0.5212719440460205,0.47107985615730286
36,17,17,17,0.5235108733177185,0.4764890968799591,17,1,17,1,0.8754187226295471,0.3925788104534149,0.24813656508922577,0.9350179709513671,1.3937760186955028,0.263523131608963,0.7364768981933594,0.24813656508922577,0.14327792078256607
37,27,27,27,0.5194376111030579,0.4805624186992645,27,1,27,1,0.9770702719688416,0.8540229797363281,0.4791736900806427,0.1577971771992344,0.73569213752656,0.2960474491119385,0.7039526104927063,0.4791736900806427,0.33306455612182617
38,26,26,8,0.5165437459945679,0.4834562838077545,26,1,26,1,0.06005460396409035,0.46158263087272644,0.24340464174747467,0.7730941925882154,1.4130300281607764,0.6476642489433289,0.35233575105667114,0.24340464174747467,0.048467591404914856
39,11,11,20,0.5939820408821106,0.4060179591178894,11,1,11,1,0.2564917802810669,0.6248626708984375,0.40418604016304016,0.47022337995165336,0.9058800115634094,0.4595300853252411,0.5404699444770813,0.40418604016304016,0.2774767428636551
40,21,21,21,0.6155958771705627,0.38440412282943726,21,1,21,1,0.9408620595932007,0.8275783658027649,0.3329160511493683,0.18925147433840567,1.0998649194344454,0.37442097067832947,0.6255789995193481,0.3329160511493683,0.17077943682670593
41,6,0,6,0.6192271709442139,0.38077279925346375,6,1,6,1,0.09647369384765625,0.34548208117485046,0.23344840109348297,1.0628145005785563,1.4547942066206314,0.11347644031047821,0.8865236043930054,0.23344840109348297,0.12955734878778458
42,6,15,3,0.5796499848365784,0.42034998536109924,15,0,6,1,0.1556117832660675,0.2608955204486847,0.4255518317222595,1.343635256597108,0.8543685247040563,0.2653558552265167,0.7346441149711609,0.4255518317222595,0.2741210162639618
43,2,6,2,0.5691868662834167,0.43081316351890564,2,1,2,1,0.21192309260368347,0.25343436002731323,0.1756826937198639,1.3726504242838016,1.7390757876736502,0.023244144394993782,0.9767558574676514,0.1756826937198639,0.09269721060991287
44,11,11,15,0.548015296459198,0.4519846737384796,11,1,11,1,0.23641322553157806,0.4314269721508026,0.27974215149879456,0.8406570246106315,1.2738869875945849,0.4925551116466522,0.5074447989463806,0.27974215149879456,0.16356703639030457
45,2,2,2,0.5837689638137817,0.41623106598854065,2,1,2,1,0.9976766109466553,0.9404162168502808,0.4464980959892273,0.06143271783466627,0.806320142976518,0.18583032488822937,0.8141696453094482,0.4464980959892273,0.3709617108106613
46,3,3,20,0.5847411751747131,0.41525882482528687,3,1,4,0,0.42174550890922546,0.3475707471370697,0.15988032519817352,1.0567870458150408,1.8333297111269877,0.568804144859314,0.43119585514068604,0.2567412257194519,0.09686090052127838
47,27,17,27,0.5969429016113281,0.4030570685863495,17,0,17,0,0.025978855788707733,0.39734676480293274,0.2532058358192444,0.9229459165620685,1.3735525407184639,0.09823063760995865,0.9017692804336548,0.5926694869995117,0.33946365118026733
48,0,1,0,0.5363836884498596,0.4636163115501404,0,1,0,1,0.0033178662415593863,0.464867502450943,0.3036157786846161,0.766002854963885,1.191992262859194,0.4988338351249695,0.5011661648750305,0.3036157786846161,0.0884406715631485
49,7,7,7,0.4613187611103058,0.5386812686920166,7,1,7,1,0.998661458492279,0.9691908955574036,0.6482699513435364,0.0312936838546232,0.43344807780051087,0.4159168004989624,0.5840831398963928,0.6482699513435364,0.49272093176841736
50,4,13,13,0.4619406759738922,0.5380593538284302,13,0,13,0,0.9862426519393921,0.07140487432479858,0.18221521377563477,2.63938914411242,1.7025667972271252,0.5842036008834839,0.4157964289188385,0.4584794044494629,0.2762641906738281
51,15,15,15,0.41122493147850037,0.5887750387191772,15,1,15,1,0.9519567489624023,0.8761889338493347,0.36772412061691284,0.13217353339068294,1.000422294194607,0.502135157585144,0.49786487221717834,0.36772412061691284,0.1785244345664978
52,12,26,12,0.40714994072914124,0.5928500294685364,12,1,12,1,0.4411800503730774,0.6711554527282715,0.3674418032169342,0.3987544956260508,1.001190331462668,0.6003401279449463,0.3996598422527313,0.3674418032169342,0.20995980501174927
53,2,2,2,0.388812780380249,0.611187219619751,2,1,2,1,0.8583379983901978,0.6243885159492493,0.2883826494216919,0.4709824826476508,1.2434670368870417,0.10797689855098724,0.8920230269432068,0.2883826494216919,0.2172505110502243
54,24,24,24,0.38104698061943054,0.6189529895782471,24,1,24,1,0.9987572431564331,0.9351279139518738,0.6330717206001282,0.06707195268494709,0.45717156057039887,0.49752277135849,0.5024771690368652,0.6330717206001282,0.5626518204808235
55,6,6,11,0.382285475730896,0.617714524269104,6,1,6,1,0.11396851390600204,0.3162001669406891,0.2790926992893219,1.1513798262477362,1.2762112968281298,0.5103327631950378,0.48966720700263977,0.2790926992893219,0.020958513021469116
56,1,12,1,0.4120602607727051,0.5879397392272949,1,1,1,1,0.23222194612026215,0.6335480213165283,0.2906539738178253,0.456419478910705,1.235621812752685,0.6008706092834473,0.39912936091423035,0.2906539738178253,0.14229214191436768
57,24,24,24,0.3874025344848633,0.6125974655151367,24,1,24,1,0.9859507083892822,0.8932218551635742,0.6947712302207947,0.11292029092813796,0.36417265275401983,0.3530251681804657,0.6469748020172119,0.6947712302207947,0.6268037334084511
58,2,2,2,0.3891229033470154,0.6108770966529846,2,1,2,1,0.9927554726600647,0.8274584412574768,0.5356550812721252,0.18939639503743347,0.6242648301389214,0.35600876808166504,0.643991231918335,0.5356550812721252,0.4559176117181778
59,1,1,1,0.38691574335098267,0.6130842566490173,1,1,1,1,0.6773576140403748,0.44202205538749695,0.21264125406742096,0.8163954990826208,1.5481487864263301,0.6776043772697449,0.32239559292793274,0.21264125406742096,0.07673227787017822
60,25,25,25,0.3839571177959442,0.6160428524017334,25,1,25,1,0.8368622064590454,0.6150324940681458,0.20384281873703003,0.48608017668822145,1.5904060785099299,0.2878553867340088,0.7121445536613464,0.20384281873703003,0.05123285949230194
61,9,9,9,0.3899472653865814,0.6100527048110962,9,1,9,1,0.9766975045204163,0.7823502421379089,0.4757201373577118,0.2454527587333723,0.7429255443866678,0.4804946780204773,0.5195053219795227,0.4757201373577118,0.3672088533639908
62,19,19,22,0.3935321569442749,0.6064678430557251,19,1,2,0,0.454814076423645,0.5208150148391724,0.1627093106508255,0.6523603581670112,1.8157900405135643,0.13938701152801514,0.8606129884719849,0.21128030121326447,0.048570990562438965
63,24,24,10,0.4109868109226227,0.5890132188796997,24,1,24,1,0.6599645018577576,0.6773470044136047,0.6878069043159485,0.38957157547405896,0.37424714277330673,0.48870259523391724,0.511297345161438,0.6878069043159485,0.5442571043968201
64,25,2,25,0.4204506278038025,0.5795493721961975,2,0,2,0,0.19083547592163086,0.30401358008384705,0.1752963662147522,1.1906829072452052,1.7412772162215804,0.9350543022155762,0.06494570523500443,0.37063130736351013,0.19533494114875793
65,17,17,17,0.3894318640232086,0.610568106174469,17,1,17,1,0.9998827576637268,0.975587010383606,0.7474741339683533,0.024715927218959235,0.2910555777028249,0.4140937626361847,0.5859062075614929,0.7474741339683533,0.691102359443903
66,5,5,5,0.3893859386444092,0.6106140613555908,5,1,5,1,0.9818227887153625,0.7755018472671509,0.3685024678707123,0.2542449143346593,0.9983078703040387,0.4564042091369629,0.5435957908630371,0.3685024678707123,0.2739938050508499
67,12,1,19,0.3905296325683594,0.6094703674316406,5,0,1,0,0.13084515929222107,0.1326613873243332,0.07977890223264694,2.019955357195302,2.5284961925312706,0.47948217391967773,0.520517885684967,0.1406068652868271,0.022698350250720978
68,26,26,26,0.4118597209453583,0.5881402492523193,26,1,26,1,0.9999918341636658,0.9941834211349487,0.7888521552085876,0.005833561044039104,0.23717635819317814,0.5043489933013916,0.495650976896286,0.7888521552085876,0.76003940962255
69,1,1,1,0.41194406151771545,0.5880559086799622,1,1,1,1,0.997684895992279,0.9563690423965454,0.6393970847129822,0.04461141280877561,0.4472296017772027,0.5041878819465637,0.49581214785575867,0.6393970847129822,0.5465044900774956
70,0,0,0,0.4108089506626129,0.5891910195350647,0,1,0,1,0.9981675744056702,0.9717615842819214,0.7585036754608154,0.028644788269229747,0.2764076345087639,0.44927090406417847,0.5507290959358215,0.7585036754608154,0.6741011068224907
71,23,23,23,0.40995916724205017,0.5900408029556274,23,1,23,1,0.918705403804779,0.7036483883857727,0.27485886216163635,0.3514764959056129,1.2914975415655339,0.5619450807571411,0.4380548894405365,0.27485886216163635,0.16704092174768448
72,27,1,27,0.4092027246952057,0.5907972455024719,27,1,27,1,0.15080538392066956,0.474446564912796,0.18495117127895355,0.745606280734441,1.6876634277745324,0.42950892448425293,0.5704910755157471,0.18495117127895355,0.03357008099555969
73,5,7,1,0.37790676951408386,0.6220932006835938,1,0,1,0,0.2222200632095337,0.16463802754878998,0.08419620245695114,1.8040059873569507,2.4746054602123455,0.41307511925697327,0.5869249105453491,0.17369964718818665,0.0895034447312355
74,6,3,6,0.36946210265159607,0.6305378675460815,3,0,6,1,0.6968836784362793,0.44910728931427,0.5238088369369507,0.8004934680821333,0.6466284762280973,0.50594162940979,0.49405837059020996,0.5238088369369507,0.3077074736356735
75,4,4,4,0.3588322103023529,0.6411677598953247,4,1,4,1,0.9699692130088806,0.732965886592865,0.46114715933799744,0.310656117615225,0.7740380692716805,0.4254003167152405,0.5745996832847595,0.46114715933799744,0.3688880726695061
76,21,21,21,0.3540090322494507,0.6459909677505493,21,1,21,1,1.0,0.9997384548187256,0.9310634732246399,0.000261579390180251,0.07142782655897299,0.4753139019012451,0.5246860980987549,0.9310634732246399,0.9203720185905695
77,16,0,16,0.3540126383304596,0.645987331867218,16,1,0,0,0.02829277142882347,0.6373963952064514,0.2643113136291504,0.45036353248014044,1.3306276522753684,0.5720175504684448,0.42798247933387756,0.3562140464782715,0.0919027328491211
78,3,3,3,0.31086692214012146,0.6891330480575562,3,1,3,1,0.9842491149902344,0.7847564816474915,0.36022940278053284,0.24238182378798237,1.0210142205308483,0.45093974471092224,0.5490602850914001,0.36022940278053284,0.09839755296707153
79,25,25,18,0.3138338625431061,0.6861661076545715,18,0,2,0,0.2613983750343323,0.08513561636209488,0.07940499484539032,2.463509807315512,2.5331940053349586,0.5475284457206726,0.4524714946746826,0.1390528380870819,0.01166948676109314
80,0,0,0,0.3505457639694214,0.6494542360305786,0,1,0,1,0.9999995231628418,0.9990379214286804,0.9194769263267517,0.0009625416659543848,0.08395032897012153,0.5571631789207458,0.44283679127693176,0.9194769263267517,0.9063833504915237
81,23,23,23,0.35051965713500977,0.6494803428649902,23,1,23,1,0.7211995124816895,0.5930224657058716,0.299670934677124,0.522522995869188,1.2050702907534963,0.5941601395606995,0.40583983063697815,0.299670934677124,0.18347033858299255
82,13,13,13,0.3421972393989563,0.6578027606010437,13,1,13,1,0.9654388427734375,0.8092237114906311,0.40182724595069885,0.2116798717320016,0.9117330191673302,0.5292582511901855,0.47074171900749207,0.40182724595069885,0.14589932560920715
83,24,24,24,0.3457753360271454,0.6542246341705322,24,1,24,1,0.9998205304145813,0.9729122519493103,0.7677096128463745,0.027461383854321557,0.26434372560837177,0.5668010711669922,0.4331989288330078,0.7677096128463745,0.7348851002752781
84,24,24,24,0.34625059366226196,0.653749406337738,24,1,24,1,0.9994106292724609,0.9450646042823792,0.6939918398857117,0.05650198950514999,0.36529507663421207,0.37694478034973145,0.6230552196502686,0.6939918398857117,0.6265514343976974
85,27,14,27,0.3472393751144409,0.6527606248855591,27,1,27,1,0.383550763130188,0.7456955909729004,0.5475901365280151,0.2934378170515834,0.6022281979141129,0.6754552125930786,0.3245448172092438,0.5475901365280151,0.39837823808193207
86,11,11,11,0.332827091217041,0.667172908782959,11,1,11,1,0.812599241733551,0.43066415190696716,0.24449454247951508,0.8424267225500564,1.4085622914635085,0.5471476912498474,0.4528522789478302,0.24449454247951508,0.029106125235557556
87,7,7,7,0.3307829797267914,0.669217050075531,7,1,7,1,0.8972553014755249,0.7645666003227234,0.32858410477638245,0.268446141223342,1.1129624471101813,0.41527941823005676,0.5847206115722656,0.32858410477638245,0.14539127051830292
88,5,1,5,0.32580462098121643,0.6741953492164612,5,1,5,1,0.10970623791217804,0.698517382144928,0.38302725553512573,0.35879521563421923,0.9596491290563862,0.6940891742706299,0.30591076612472534,0.38302725553512573,0.10263827443122864
89,16,16,16,0.29858899116516113,0.7014110088348389,16,1,16,1,0.999988317489624,0.9830577969551086,0.6110453009605408,0.017087364067883994,0.4925841802340041,0.3668362498283386,0.6331637501716614,0.6110453009605408,0.5762497708201408
90,9,27,27,0.29853570461273193,0.7014642953872681,27,0,27,0,0.9611522555351257,0.15630196034908295,0.28815382719039917,1.8559654994127388,1.2442608192497893,0.4172745645046234,0.5827254056930542,0.46830588579177856,0.1801520586013794
91,1,1,1,0.2674858570098877,0.7325141429901123,1,1,1,1,0.983342170715332,0.6735871434211731,0.3104929029941559,0.3951379026061596,1.1695942345714134,0.4577837288379669,0.5422162413597107,0.3104929029941559,0.24945903196930885
92,14,12,14,0.27218374609947205,0.7278162837028503,14,1,12,0,0.0023095307406038046,0.7051123380661011,0.1708112359046936,0.3493981440892871,1.7671962158060135,0.05660690367221832,0.9433931112289429,0.1987883597612381,0.027977123856544495
93,26,26,26,0.19567550718784332,0.8043245077133179,26,1,26,1,0.999941349029541,0.992279052734375,0.7556185126304626,0.007750908095927444,0.28021864308522015,0.4094313383102417,0.5905686616897583,0.7556185126304626,0.730687951669097
94,26,26,26,0.19538965821266174,0.8046103715896606,26,1,26,1,0.9944509863853455,0.8729150295257568,0.5263158082962036,0.13591705946517746,0.6418538504096085,0.6232595443725586,0.3767404556274414,0.5263158082962036,0.41076792776584625
95,0,0,0,0.1967439204454422,0.803256094455719,0,1,0,1,0.9967964291572571,0.9725461602210999,0.6874762773513794,0.02783773909300613,0.3747279557074659,0.3688657581806183,0.6311343312263489,0.6874762773513794,0.6383673436939716
96,15,15,15,0.1955750584602356,0.8044249415397644,15,1,15,1,0.9997748136520386,0.9907211065292358,0.6675249338150024,0.00932221056749559,0.40417853537541065,0.4403829276561737,0.5596170425415039,0.6675249338150024,0.5929365158081055
97,25,25,25,0.19536849856376648,0.8046314716339111,25,1,25,1,0.7889482378959656,0.5328183770179749,0.21361218392848969,0.6295746689506694,1.5435931326591497,0.3433000147342682,0.6566999554634094,0.21361218392848969,0.08855247497558594
98,6,6,6,0.20175203680992126,0.7982479333877563,6,1,6,1,0.7172845005989075,0.4322872757911682,0.33096879720687866,0.8386649214887407,1.1057311763057698,0.4227614998817444,0.5772385001182556,0.33096879720687866,0.2096199318766594
99,5,5,5,0.20273132622241974,0.7972686886787415,5,1,5,1,0.9821127653121948,0.9608997106552124,0.6625202894210815,0.03988523481748204,0.41170409604945696,0.5483583807945251,0.45164161920547485,0.6625202894210815,0.5314190238714218
100,18,18,25,0.2010916918516159,0.7989082932472229,18,1,25,0,0.46706682443618774,0.4141434133052826,0.17093224823474884,0.8815429561925924,1.7664880101445781,0.555965006351471,0.44403499364852905,0.25021326541900635,0.07928101718425751
101,24,24,24,0.19827814400196075,0.8017218708992004,24,1,24,1,0.998304545879364,0.922130823135376,0.7106486558914185,0.08106817488870256,0.34157712617803887,0.4862646162509918,0.5137353539466858,0.7106486558914185,0.6745625659823418
102,15,15,15,0.1990729123353958,0.8009271025657654,15,1,15,1,0.9999987483024597,0.9966738820075989,0.7595012784004211,0.003331661819212253,0.27509327373453174,0.5056627988815308,0.49433720111846924,0.7595012784004211,0.7259515151381493
103,8,8,9,0.1990957409143448,0.8009042739868164,9,0,9,0,0.008736892603337765,0.20016412436962128,0.1093156710267067,1.6086176271120083,2.2135155178034194,0.6243543028831482,0.3756456673145294,0.23471875488758087,0.12540308386087418
104,4,1,12,0.24910320341587067,0.7508968114852905,12,0,4,1,0.2803208827972412,0.1242595762014389,0.11210572719573975,2.0853825449315226,2.1883128601489528,0.38123461604118347,0.6187654137611389,0.11210572719573975,0.017436668276786804
105,0,0,0,0.25897395610809326,0.7410260438919067,0,1,0,1,0.9995627403259277,0.9817324876785278,0.7298017144203186,0.018436423545576713,0.31498240581795794,0.5937708616256714,0.4062291085720062,0.7298017144203186,0.6724302209913731
106,23,18,23,0.25868117809295654,0.7413188219070435,23,1,23,1,0.7582131624221802,0.3944697380065918,0.16691406071186066,0.9302128513810305,1.790276205536563,0.6088453531265259,0.39115461707115173,0.16691406071186066,0.08239616453647614
107,0,0,0,0.25681746006011963,0.7431825399398804,0,1,0,1,0.9999927282333374,0.9969075918197632,0.8668990731239319,0.0030971995548872778,0.14283271829264282,0.5085244178771973,0.49147555232048035,0.8668990731239319,0.8444988280534744
108,10,10,10,0.25673773884773254,0.7432622909545898,10,1,10,1,0.9997047185897827,0.9766079783439636,0.5566068291664124,0.02366995787743789,0.5858961605326073,0.5599832534790039,0.4400167465209961,0.5566068291664124,0.3594110310077667
109,14,14,14,0.2570214569568634,0.7429785132408142,14,1,14,1,0.973706066608429,0.7409588098526001,0.15901510417461395,0.2998102424745329,1.8387560864647339,0.6627123951911926,0.33728766441345215,0.15901510417461395,0.04774109274148941
110,13,13,11,0.2581627666950226,0.7418372631072998,11,0,11,0,0.2287440299987793,0.37771815061569214,0.20444470643997192,0.9736069947771323,1.5874577242162835,0.6981409788131714,0.301859050989151,0.48799076676368713,0.2835460603237152
111,10,10,10,0.27528271079063416,0.7247173190116882,10,1,10,1,0.9999694228172302,0.9895557761192322,0.5599634051322937,0.010499147545077445,0.5798838453662613,0.4494217336177826,0.5505782961845398,0.5599634051322937,0.45663681626319885
112,8,26,8,0.27539756894111633,0.7246024012565613,8,1,8,1,0.22805380821228027,0.6234516501426697,0.25012025237083435,0.4724840627507282,1.385813467284531,0.43074333667755127,0.5692566633224487,0.25012025237083435,0.17377199977636337
113,21,21,6,0.2539424002170563,0.7460576295852661,21,1,11,0,0.37896764278411865,0.3146205246448517,0.13517838716506958,1.1563880500383084,2.0011599863984917,0.8730959296226501,0.12690402567386627,0.18871329724788666,0.03713139891624451
114,24,26,21,0.27066197991371155,0.7293380498886108,21,0,6,0,0.18138867616653442,0.10875880718231201,0.11830003559589386,2.218622626708021,2.1345312071027114,0.5275793671607971,0.4724206030368805,0.1327238380908966,0.014423802495002747
115,20,20,6,0.24732935428619385,0.7526706457138062,6,0,6,0,0.23118145763874054,0.21721740067005157,0.07591596245765686,1.5268565805490888,2.5781283076323653,0.4310932755470276,0.5689067244529724,0.30008643865585327,0.14522451162338257
116,16,16,16,0.2621040642261505,0.7378959655761719,16,1,16,1,0.9721068739891052,0.7999175786972046,0.4424576163291931,0.22324658325031166,0.8154106014284791,0.46559855341911316,0.5344014763832092,0.4424576163291931,0.26124243438243866
117,16,16,16,0.2630769908428192,0.7369230389595032,16,1,16,1,0.927710235118866,0.6955888867378235,0.3715706169605255,0.3629964731422521,0.9900163468573594,0.41771984100341797,0.582280158996582,0.3715706169605255,0.19694533944129944
118,18,18,18,0.26820075511932373,0.7317992448806763,18,1,18,1,0.9062948226928711,0.6479326486587524,0.2814086377620697,0.4339685252867248,1.2679474391010614,0.5115720629692078,0.488427996635437,0.2814086377620697,0.16086909919977188
119,14,21,14,0.27413085103034973,0.7258691191673279,14,1,26,0,0.3290168046951294,0.2956187427043915,0.057179518043994904,1.2186846862875893,2.861559520874894,0.3719821870326996,0.628017783164978,0.0925416424870491,0.002226017415523529
120,3,3,15,0.2632876932621002,0.7367123365402222,15,0,11,0,0.027183830738067627,0.27366936206817627,0.22055880725383759,1.295834609032523,1.5115909200893538,0.6874485015869141,0.3125515580177307,0.24304021894931793,0.022481411695480347
121,16,16,16,0.30459117889404297,0.695408821105957,16,1,16,1,0.9999877214431763,0.9892289638519287,0.7399011254310608,0.010829463686771299,0.3012387159934553,0.4800593852996826,0.5199405550956726,0.7399011254310608,0.6995905451476574
122,14,14,14,0.30462533235549927,0.6953746676445007,14,1,14,1,0.9111241102218628,0.8657384514808655,0.33811089396476746,0.1441724351118609,1.0843813486552731,0.6074537038803101,0.39254632592201233,0.33811089396476746,0.152617946267128
123,27,27,9,0.3001600205898285,0.6998400092124939,9,0,9,0,0.36255934834480286,0.39404505491256714,0.289143830537796,0.9312900236519926,1.2408310311512885,0.6477383375167847,0.35226166248321533,0.4916868209838867,0.2025429904460907
124,0,0,0,0.3128717541694641,0.6871282458305359,0,1,0,1,0.9998860955238342,0.9847542643547058,0.7822518944740295,0.015363146747295775,0.24557847460925866,0.35070106387138367,0.649298906326294,0.7822518944740295,0.7496681958436966
125,10,10,10,0.3126179575920105,0.6873820424079895,10,1,10,1,0.9999988079071045,0.9981521368026733,0.780026376247406,0.0018495726026807667,0.24842754416843502,0.481486439704895,0.5185135006904602,0.780026376247406,0.731639675796032
126,2,2,2,0.3126131296157837,0.6873868703842163,2,1,2,1,0.9979848861694336,0.9418534636497498,0.5409920811653137,0.05990557526451997,0.614350637645161,0.36054545640945435,0.6394545435905457,0.5409920811653137,0.5033791549503803
127,16,16,10,0.3106313645839691,0.6893686056137085,10,0,16,1,0.12298871576786041,0.3669908344745636,0.2965275049209595,1.0024184054231773,1.2156152995147218,0.08298435062170029,0.9170156717300415,0.2965275049209595,0.037338823080062866
128,19,19,19,0.3347415626049042,0.6652584671974182,19,1,19,1,0.9972376823425293,0.9116778373718262,0.2662584185600281,0.0924685998105574,1.323287943453572,0.4665534198284149,0.5334466099739075,0.2662584185600281,0.13157446682453156
129,19,19,19,0.3362748920917511,0.6637250781059265,19,1,19,1,0.9983829259872437,0.9277672171592712,0.25625696778297424,0.07497442124082061,1.361574557551005,0.45241791009902954,0.5475820899009705,0.25625696778297424,0.1280241757631302
130,7,0,12,0.33704674243927,0.66295325756073,12,0,12,0,0.024687916040420532,0.16846735775470734,0.10560676455497742,1.7810132704803445,2.248032851475849,0.12213274836540222,0.8778672218322754,0.19979581236839294,0.09418904781341553
131,13,6,21,0.31200915575027466,0.6879908442497253,21,0,21,0,0.06270439177751541,0.13222233951091766,0.11536701023578644,2.0232703831558143,2.1596368389510903,0.16622933745384216,0.8337706327438354,0.23631516098976135,0.0061724185943603516
132,8,26,8,0.29810383915901184,0.7018961310386658,8,1,8,1,0.033066559582948685,0.6781385540962219,0.41993486881256104,0.38840365484573036,0.8676556539857857,0.5216172933578491,0.4783826768398285,0.41993486881256104,0.20880578458309174
133,7,7,7,0.2625822424888611,0.7374177575111389,7,1,7,1,0.993843138217926,0.86356520652771,0.41204020380973816,0.14668587002791805,0.8866343523309591,0.39115026593208313,0.6088497042655945,0.41204020380973816,0.30682148039340973
134,21,21,21,0.26369360089302063,0.7363064289093018,21,1,21,1,0.9999974966049194,0.9978016018867493,0.8421012163162231,0.0022008181378184006,0.17185506256269129,0.5559664964675903,0.44403350353240967,0.8421012163162231,0.8164939936250448
135,7,7,7,0.263639897108078,0.7363600730895996,7,1,7,1,0.9993788599967957,0.9771358966827393,0.652687132358551,0.023129540724123297,0.426657388015839,0.5562619566917419,0.44373807311058044,0.652687132358551,0.534488171339035
136,10,10,10,0.2630082368850708,0.7369917631149292,10,1,10,1,0.823697030544281,0.8654670119285583,0.353458434343338,0.14448601955954035,1.0399893837461172,0.5017759799957275,0.4982239603996277,0.353458434343338,0.1912887692451477
137,0,0,0,0.25738170742988586,0.7426183223724365,0,1,0,1,0.9999918937683105,0.9977713227272034,0.9017813205718994,0.0022311644701170103,0.10338322670280611,0.5026993751525879,0.4973006546497345,0.9017813205718994,0.8874632408842444
138,23,23,23,0.25732868909835815,0.7426713109016418,23,1,23,1,0.4670284688472748,0.30050384998321533,0.19492608308792114,1.2022947131647692,1.6351348533677887,0.2570456862449646,0.7429543137550354,0.19492608308792114,0.08693089336156845
139,10,10,10,0.25811246037483215,0.7418875694274902,10,1,10,1,0.9999901056289673,0.995326578617096,0.7204638123512268,0.004684375960177571,0.3278600905482222,0.4858202338218689,0.5141798257827759,0.7204638123512268,0.6682396344840527
140,14,14,14,0.2580663561820984,0.7419336438179016,14,1,27,0,0.9657876491546631,0.510330855846405,0.2188069224357605,0.6726960266488831,1.5195655707457545,0.555579423904419,0.44442063570022583,0.34494760632514954,0.12614068388938904
141,15,15,15,0.26008981466293335,0.7399101853370667,15,1,15,1,0.9999050498008728,0.9780431985855103,0.5795043110847473,0.022201439589967575,0.5455821769120603,0.4406382739543915,0.5593617558479309,0.5795043110847473,0.5098331943154335
142,3,3,20,0.260364294052124,0.739635705947876,3,1,6,0,0.29927706718444824,0.306002140045166,0.13571159541606903,1.1841631834425579,1.9972232668893648,0.4077187180519104,0.5922812819480896,0.21132750809192657,0.07561591267585754
143,17,27,27,0.2816759943962097,0.7183240056037903,27,0,27,0,0.9176466464996338,0.10703159868717194,0.12137371301651001,2.2346311732836908,2.108880955792384,0.515927255153656,0.484072744846344,0.29941102862358093,0.17542839795351028
144,17,27,17,0.2687159478664398,0.7312840223312378,17,1,17,1,0.3338770270347595,0.750985860824585,0.4545988440513611,0.2863684545262803,0.7883399103487989,0.8204954862594604,0.17950448393821716,0.4545988440513611,0.28635039925575256
145,0,0,0,0.25165820121765137,0.7483417987823486,0,1,0,1,1.0,0.9998729825019836,0.9752795696258545,0.00012702556542190026,0.025031111007996303,0.5051788091659546,0.4948212504386902,0.9752795696258545,0.9718483206816018
146,13,21,4,0.2516575753688812,0.7483424544334412,4,0,4,0,0.2421712428331375,0.10245800763368607,0.09515802562236786,2.278302245968692,2.3522163417411024,0.4530578553676605,0.5469421148300171,0.2921082079410553,0.19695018231868744
147,3,11,6,0.23660390079021454,0.7633960843086243,6,0,6,0,0.08001536875963211,0.13665932416915894,0.11100596934556961,1.9902641349866845,2.198171301227767,0.4864572584629059,0.5135427713394165,0.4127115309238434,0.18383507430553436
148,6,6,6,0.23214665055274963,0.7678533792495728,6,1,6,1,0.8801741003990173,0.40279123187065125,0.4301791489124298,0.9093368863223927,0.84355353168104,0.5322676301002502,0.46773242950439453,0.4301791489124298,0.25695523619651794
149,27,27,9,0.23589067161083221,0.7641093134880066,27,1,9,0,0.7378158569335938,0.5308243632316589,0.2600298523902893,0.6333240784974247,1.3469588376718353,0.8171194791793823,0.18288056552410126,0.42147305607795715,0.16144320368766785
150,7,7,7,0.24158495664596558,0.7584150433540344,7,1,7,1,0.9915651679039001,0.8432501554489136,0.4437079131603241,0.17049162069540352,0.8125887862728167,0.4236733615398407,0.5763266086578369,0.4437079131603241,0.3219001963734627
151,26,26,26,0.2411687672138214,0.7588312029838562,26,1,26,1,0.9764550924301147,0.7421950697898865,0.44413167238235474,0.29814317307524174,0.8116342010952472,0.7281761169433594,0.271823912858963,0.44413167238235474,0.35742419958114624
152,10,10,21,0.24495257437229156,0.7550474405288696,21,0,21,0,0.0008450105669908226,0.2433304637670517,0.18566776812076569,1.4133348263154886,1.683796395312737,0.6803346276283264,0.3196653723716736,0.27733150124549866,0.08458977937698364
153,0,0,0,0.3207199275493622,0.6792801022529602,0,1,0,1,0.9971543550491333,0.9611091613769531,0.7390724420547485,0.03966728501962457,0.3023593357005971,0.5968756675720215,0.40312427282333374,0.7390724420547485,0.6925471089780331
154,5,5,5,0.3194064497947693,0.6805935502052307,5,1,5,1,0.9966849088668823,0.9572495222091675,0.6125234365463257,0.04369118775343701,0.4901680735461904,0.48847129940986633,0.511528730392456,0.6125234365463257,0.5086152106523514
155,18,18,22,0.31842660903930664,0.6815733909606934,18,1,18,1,0.3633419871330261,0.41331350803375244,0.229688823223114,0.8835488746359643,1.4710298286201948,0.6507244110107422,0.3492755889892578,0.229688823223114,0.09639185667037964
156,10,16,10,0.33619314432144165,0.6638068556785583,10,1,10,1,0.10805938392877579,0.6780220866203308,0.2924281060695648,0.38857541543615115,1.2295364337370003,0.08822956681251526,0.9117704033851624,0.2924281060695648,0.1266394704580307
157,25,25,25,0.3078048527240753,0.6921951770782471,25,1,25,1,0.8140164613723755,0.6454687118530273,0.43554866313934326,0.4377785410506434,0.8311487480840329,0.24505460262298584,0.7549453973770142,0.43554866313934326,0.22261254489421844
158,22,2,16,0.31377074122428894,0.6862292885780334,16,0,16,0,0.019761258736252785,0.11305836588144302,0.08998868614435196,2.1798510813911616,2.4080713260611746,0.987608015537262,0.012392028234899044,0.2675159275531769,0.028177767992019653
159,8,8,8,0.3576389253139496,0.642361044883728,8,1,8,1,0.9550809264183044,0.874688982963562,0.5532106757164001,0.13388690385279467,0.5920163812642185,0.4178875982761383,0.5821124315261841,0.5532106757164001,0.47261738032102585
160,7,27,7,0.35360708832740784,0.6463929414749146,7,1,7,1,0.5359053611755371,0.7635601758956909,0.44813472032546997,0.269763341586831,0.802661376760639,0.5887396931648254,0.4112602770328522,0.44813472032546997,0.12335240840911865
161,3,3,15,0.3426443338394165,0.6573556661605835,15,0,15,0,0.007193354889750481,0.30740147829055786,0.24691113829612732,1.1796006388763296,1.3987267710680376,0.7359104752540588,0.26408958435058594,0.25757554173469543,0.010664403438568115
162,7,8,12,0.39998871088027954,0.6000112891197205,8,0,8,0,0.10201967507600784,0.11848259717226028,0.04918016865849495,2.1329891884976555,3.012264812787711,0.6366410851478577,0.36335891485214233,0.14735980331897736,0.08326563239097595
163,11,11,11,0.42507195472717285,0.5749280452728271,11,1,11,1,0.9237813353538513,0.7444929480552673,0.46209314465522766,0.295051898957645,0.7719887964134754,0.5840797424316406,0.41592031717300415,0.46209314465522766,0.38560326397418976
164,25,25,25,0.43176785111427307,0.5682321190834045,25,1,25,1,0.9995039701461792,0.9595993161201477,0.6801736950874329,0.04123946068864422,0.38540707947757513,0.35190582275390625,0.6480941772460938,0.6801736950874329,0.596821017563343
165,2,2,2,0.43232622742652893,0.5676737427711487,2,1,2,1,0.9982056021690369,0.9109164476394653,0.5222935080528259,0.09330410092335449,0.6495255731541294,0.21877871453762054,0.7812212705612183,0.5222935080528259,0.4565480574965477
166,10,10,10,0.4308377802371979,0.5691622495651245,10,1,10,1,0.9698145985603333,0.8130733370780945,0.356489360332489,0.20693396799448735,1.0314508843628032,0.48866328597068787,0.5113366842269897,0.356489360332489,0.1324664205312729
167,21,21,21,0.43444934487342834,0.5655506253242493,21,1,21,1,0.9107421040534973,0.7071620225906372,0.2935261130332947,0.3464954701885583,1.2257886725190617,0.5189986228942871,0.4810013473033905,0.2935261130332947,0.0798962265253067
168,19,19,19,0.4382716417312622,0.5617283582687378,19,1,19,1,0.9611225724220276,0.7339391112327576,0.16163352131843567,0.3093292085323184,1.8224237205053682,0.42448803782463074,0.5755120515823364,0.16163352131843567,0.03387363255023956
169,5,5,5,0.4357917904853821,0.5642082095146179,5,1,5,1,0.9136178493499756,0.7595943212509155,0.4200846254825592,0.27497077604494313,0.8672990987567659,0.5661776661872864,0.433822363615036,0.4200846254825592,0.3240099996328354
170,26,26,26,0.4281623959541321,0.5718376040458679,26,1,26,1,0.9999949336051941,0.995292603969574,0.8531444072723389,0.0047185107136477195,0.1588264524164614,0.6248618364334106,0.3751381039619446,0.8531444072723389,0.8362048082053661
171,3,3,1,0.42804232239723206,0.5719577074050903,3,1,3,1,0.05750368908047676,0.42211687564849854,0.2554428279399872,0.8624730467784708,1.364756659778815,0.32711485028266907,0.6728851795196533,0.2554428279399872,0.04282774031162262
172,1,6,1,0.4690500497817993,0.5309499502182007,1,1,1,1,0.17132410407066345,0.5295665860176086,0.23315384984016418,0.6356963692168304,1.4560567435752028,0.4721459448337555,0.5278541445732117,0.23315384984016418,0.1006186455488205
173,17,17,17,0.43609344959259033,0.5639065504074097,17,1,17,1,0.8165042996406555,0.5606011748313904,0.3403525948524475,0.5787455445858063,1.0777731550465846,0.1999986320734024,0.8000013828277588,0.3403525948524475,0.22520648688077927
174,16,16,16,0.4423203766345978,0.5576796531677246,16,1,16,1,0.9999750256538391,0.9867367148399353,0.7966227531433105,0.013352028081945416,0.22737404582137483,0.3705388307571411,0.6294612288475037,0.7966227531433105,0.7761333975940943
175,2,22,2,0.44221770763397217,0.5577822923660278,2,1,2,1,0.2087520807981491,0.46931618452072144,0.37120357155799866,0.7564785702630479,0.9910046564622882,0.10289304703474045,0.8971068859100342,0.37120357155799866,0.24120600521564484
176,21,21,21,0.4098654091358185,0.5901345610618591,21,1,21,1,0.9999857544898987,0.9936078190803528,0.8043628931045532,0.006412698389087152,0.21770475205248874,0.4991318881511688,0.5008680820465088,0.8043628931045532,0.7463578954339027
177,27,17,27,0.4099680483341217,0.5900319814682007,27,1,27,1,0.4988691508769989,0.7244699001312256,0.4149085581302643,0.3223150637970411,0.8796971248850566,0.38257259130477905,0.617427408695221,0.4149085581302643,0.0064504146575927734
178,13,13,13,0.3975439667701721,0.6024560332298279,13,1,13,1,0.977921724319458,0.880183756351471,0.639923095703125,0.1276245792727387,0.44640727281243403,0.38502246141433716,0.6149775385856628,0.639923095703125,0.5283744558691978
179,11,21,4,0.4001217782497406,0.599878191947937,21,0,21,0,0.20418603718280792,0.038931943476200104,0.060713451355695724,3.245940196278594,2.801590001584237,0.6987051963806152,0.30129474401474,0.19677285850048065,0.12039655447006226
180,14,14,14,0.3382580876350403,0.6617419123649597,14,1,14,1,0.9937877058982849,0.9120563864707947,0.46550941467285156,0.09205346354842438,0.7646229576084146,0.569485604763031,0.430514395236969,0.46550941467285156,0.32578545808792114
181,17,17,17,0.3394121825695038,0.6605878472328186,17,1,17,1,0.9937482476234436,0.8912321329116821,0.6849567890167236,0.11515035467849871,0.3783995244370584,0.4363114535808563,0.5636885762214661,0.6849567890167236,0.5315787196159363
182,3,3,3,0.3405195474624634,0.6594804525375366,3,1,3,1,0.9393302202224731,0.7089617848396301,0.40964603424072266,0.34395365398781924,0.8924618232889147,0.6547900438308716,0.3452099859714508,0.40964603424072266,0.26268158853054047
183,18,18,25,0.3462131917476654,0.653786838054657,25,0,25,0,0.07992074638605118,0.3581331968307495,0.2422284632921219,1.0268503035914698,1.4178739349822496,0.7006911635398865,0.2993088662624359,0.3776019215583801,0.13537345826625824
184,12,12,12,0.3822471797466278,0.6177527904510498,12,1,12,1,0.5014353394508362,0.6711020469665527,0.23430441319942474,0.39883407165637147,1.4511340979674803,0.25675925612449646,0.7432407140731812,0.23430441319942474,0.11919762194156647
185,18,18,25,0.3617806136608124,0.6382193565368652,18,1,25,0,0.7700098752975464,0.4952085018157959,0.25745880603790283,0.7027763893104275,1.3568955482277933,0.5068828463554382,0.49311715364456177,0.3390159606933594,0.08155715465545654
186,0,0,0,0.3676152527332306,0.6323847770690918,0,1,0,1,0.999997615814209,0.998611569404602,0.942448079586029,0.0013893953582646548,0.059274449149752266,0.42858028411865234,0.5714197158813477,0.942448079586029,0.9280299041420221
187,21,21,21,0.3675746023654938,0.6324253678321838,21,1,21,1,0.9997391104698181,0.9806931614875793,0.7203071117401123,0.019495649701292382,0.32807761383261413,0.6168791651725769,0.3831207752227783,0.7203071117401123,0.6744137816131115
188,24,24,24,0.36699214577674866,0.633007824420929,24,1,24,1,0.9886260032653809,0.8173102140426636,0.5338665843009949,0.20173655723891007,0.6276093133706557,0.5636947154998779,0.43630534410476685,0.5338665843009949,0.4717732109129429
189,17,17,17,0.37094905972480774,0.6290509104728699,17,1,17,1,0.9978122711181641,0.9268614649772644,0.7607376575469971,0.07595116905318966,0.2734667143958241,0.470498263835907,0.529501736164093,0.7607376575469971,0.6558562889695168
190,26,26,26,0.3704301714897156,0.6295698285102844,26,1,26,1,0.9999919533729553,0.9944514036178589,0.8399161696434021,0.005564047022463418,0.17445319016850278,0.4606412649154663,0.5393587350845337,0.8399161696434021,0.8234367072582245
191,3,3,3,0.3702920079231262,0.6297079920768738,3,1,3,1,0.9616955518722534,0.5964552760124207,0.3000956177711487,0.5167510176022654,1.2036541292044178,0.4175563156604767,0.5824437141418457,0.3000956177711487,0.0642523467540741
192,25,26,22,0.37517017126083374,0.6248298287391663,25,1,25,1,0.2665790617465973,0.3275785744190216,0.18699949979782104,1.1160273307933422,1.6766493370090902,0.3142406642436981,0.6857593655586243,0.18699949979782104,0.04356883466243744
193,10,10,10,0.36366087198257446,0.6363391280174255,10,1,10,1,0.8642956018447876,0.7366111278533936,0.43625327944755554,0.3056951680347889,0.8295322881354619,0.7684113383293152,0.2315886914730072,0.43625327944755554,0.26699233055114746
194,6,2,6,0.36986467242240906,0.6301352977752686,6,1,2,0,0.257680743932724,0.6429762244224548,0.18165023624897003,0.44164753144299207,1.7056722197434073,0.9086598753929138,0.09134012460708618,0.31715044379234314,0.1355002075433731
195,26,26,26,0.3493204414844513,0.6506795883178711,26,1,26,1,0.9999913573265076,0.9912093281745911,0.8112379908561707,0.008829537720172828,0.20919381433236423,0.5139092206954956,0.4860907196998596,0.8112379908561707,0.7864557765424252
196,1,1,1,0.3494558036327362,0.6505441665649414,1,1,1,1,0.7581013441085815,0.7426830530166626,0.3521982729434967,0.29748590264092306,1.0435609865564246,0.44646838307380676,0.5535316467285156,0.3521982729434967,0.22690588235855103
197,6,6,6,0.33761489391326904,0.662385106086731,6,1,6,1,0.7763303518295288,0.579905092716217,0.3759971261024475,0.5448908220789542,0.9781737789660075,0.4571742117404938,0.5428258180618286,0.3759971261024475,0.2555632144212723
198,6,4,4,0.3366619050502777,0.6633381247520447,4,0,4,0,0.7834557890892029,0.04609578847885132,0.06170137599110603,3.0770336893598964,2.7854490470049433,0.41685134172439575,0.5831485986709595,0.3788145184516907,0.24586041271686554
199,24,24,10,0.3654513955116272,0.6345486044883728,10,0,24,1,0.11748306453227997,0.4318216145038605,0.49247393012046814,0.8397427054060558,0.7083137535365817,0.3178950846195221,0.6821048855781555,0.49247393012046814,0.1092061996459961
200,2,22,2,0.39196088910102844,0.608039140701294,2,1,2,1,0.09178237617015839,0.6018297076225281,0.4470960795879364,0.5077807513942022,0.8049817643157915,0.1653527468442917,0.8346472382545471,0.4470960795879364,0.2934725731611252
201,26,26,26,0.3613048791885376,0.6386951208114624,26,1,26,1,0.9999977350234985,0.9971416592597961,0.8896884322166443,0.0028624335971444686,0.11688395370798939,0.567883312702179,0.43211668729782104,0.8896884322166443,0.8765917075797915
202,16,16,16,0.3612267076969147,0.6387733221054077,16,1,16,1,0.9999838471412659,0.9895800948143005,0.8136759996414185,0.010474572481357225,0.20619302705504208,0.4317595362663269,0.5682404637336731,0.8136759996414185,0.7855316027998924
203,4,4,13,0.36130207777023315,0.6386979222297668,4,1,4,1,0.21567119657993317,0.41558459401130676,0.31196945905685425,0.8780690897143426,1.16484998360225,0.7124515175819397,0.2875485122203827,0.31196945905685425,0.024132490158081055
204,11,11,13,0.3838212490081787,0.6161787509918213,13,0,13,0,0.10100693255662918,0.29854050278663635,0.26228979229927063,1.2088496676268023,1.3383053089959145,0.4632919728755951,0.5367080569267273,0.3649362027645111,0.10264641046524048
205,10,10,10,0.40779587626457214,0.5922041535377502,10,1,10,1,0.7531003355979919,0.5909697413444519,0.29486140608787537,0.525990461965518,1.2212498429091618,0.7152201533317566,0.2847798466682434,0.29486140608787537,0.21085170656442642
206,14,14,14,0.420767605304718,0.579232394695282,14,1,14,1,0.9337610602378845,0.7656589150428772,0.3805558383464813,0.2670184890312772,0.966122362522064,0.475612610578537,0.5243874192237854,0.3805558383464813,0.21278195083141327
207,18,18,23,0.41740846633911133,0.5825915336608887,18,1,18,1,0.30331793427467346,0.5063626170158386,0.35692548751831055,0.6805022319358496,1.030228237423327,0.8570922613143921,0.1429077386856079,0.35692548751831055,0.11477623879909515
208,4,4,4,0.4391828775405884,0.5608171224594116,4,1,4,1,0.9999967217445374,0.9903736710548401,0.7890563011169434,0.009672961558199245,0.23691760311942672,0.45419782400131226,0.5458022356033325,0.7890563011169434,0.7558322250843048
209,13,3,13,0.43919727206230164,0.5608027577400208,13,1,3,0,0.031368330121040344,0.4744901657104492,0.24418166279792786,0.7455143867308118,1.4098428110425731,0.24052558839321136,0.7594743967056274,0.24917657673358917,0.004994913935661316
210,5,5,5,0.38240036368370056,0.6175996661186218,5,1,5,1,0.9168216586112976,0.7395268678665161,0.3195836842060089,0.3017446650145958,1.1407361170627064,0.568769633769989,0.4312303364276886,0.3195836842060089,0.20124755054712296
211,23,18,23,0.37356552481651306,0.6264345049858093,23,1,18,0,0.5021823644638062,0.34567999839782715,0.14697788655757904,1.0622417919933034,1.9174731351004608,0.6913186311721802,0.3086814284324646,0.19488386809825897,0.04103602468967438
212,19,19,19,0.37565717101097107,0.6243427991867065,19,1,19,1,0.9994470477104187,0.9581916332244873,0.378217488527298,0.042707486334452455,0.9722858823480424,0.4146685302257538,0.5853314995765686,0.378217488527298,0.2655242383480072
213,17,17,17,0.37584176659584045,0.6241582036018372,17,1,17,1,0.9857537746429443,0.794988214969635,0.5020943284034729,0.22942798837524683,0.6889672717561751,0.5340836048126221,0.46591630578041077,0.5020943284034729,0.4230602830648422
214,4,4,4,0.3751106560230255,0.6248893141746521,4,1,4,1,0.9952629208564758,0.9321131110191345,0.6579223871231079,0.07030110790609433,0.4186683073142306,0.6214866638183594,0.37851327657699585,0.6579223871231079,0.5574134886264801
215,5,5,5,0.37431764602661133,0.6256823539733887,5,1,5,1,0.7376710772514343,0.7446208000183105,0.4177100956439972,0.29488018344763406,0.8729676381661147,0.6278949975967407,0.3721050024032593,0.4177100956439972,0.26815061271190643
216,17,9,27,0.36394861340522766,0.6360514163970947,27,0,27,0,0.7526567578315735,0.015796763822436333,0.08988030254840851,4.1479501812927655,2.409276465533508,0.4769452214241028,0.5230547785758972,0.4939784109592438,0.20944416522979736
217,23,23,23,0.3524605631828308,0.6475394368171692,23,1,23,1,0.9904729723930359,0.8148492574691772,0.36897581815719604,0.20475214300903302,0.9970241705383533,0.434343159198761,0.565656840801239,0.36897581815719604,0.19768737256526947
218,1,1,1,0.3530028164386749,0.6469971537590027,1,1,1,1,0.8778105974197388,0.8426126837730408,0.5766421556472778,0.17124787641375017,0.5505333857196704,0.43947023153305054,0.5605297684669495,0.5766421556472778,0.4062715321779251
219,7,7,7,0.34650856256484985,0.6534914374351501,7,1,7,1,0.9154833555221558,0.7521555423736572,0.5838843584060669,0.2848121381575395,0.538052332189719,0.43984851241111755,0.5601515173912048,0.5838843584060669,0.41857510805130005
220,4,4,4,0.3490845859050751,0.6509154438972473,4,1,4,1,0.9556710720062256,0.658283531665802,0.36940252780914307,0.41811954127906575,0.9958683682270294,0.43770965933799744,0.562290370464325,0.36940252780914307,0.2594541236758232
221,16,16,10,0.3478600084781647,0.6521400213241577,10,0,10,0,0.1619160920381546,0.43310436606407166,0.25286126136779785,0.8367765498516859,1.3749143147069762,0.11342057585716248,0.8865794539451599,0.44168412685394287,0.18882286548614502
222,8,8,8,0.3712010383605957,0.6287989616394043,8,1,8,1,0.9999890327453613,0.9940720200538635,0.8573407530784607,0.005945620167725114,0.15391982788408123,0.36249351501464844,0.6375065445899963,0.8573407530784607,0.8432010915130377
223,20,20,11,0.37112942337989807,0.6288705468177795,20,1,11,0,0.6724411845207214,0.5872608423233032,0.21619033813476562,0.5322861927386207,1.5315960642540536,0.6368640065193176,0.36313596367836,0.40416818857192993,0.1879778504371643
224,4,4,4,0.37964874505996704,0.620351254940033,4,1,4,1,0.9979420304298401,0.9515233635902405,0.7074903845787048,0.04969103806474029,0.34603124025857607,0.5807044506072998,0.4192955791950226,0.7074903845787048,0.6582228504121304
225,22,25,22,0.37840959429740906,0.6215904355049133,25,0,25,0,0.5688562989234924,0.20330777764320374,0.0929592177271843,1.5930343021036995,2.375594401069018,0.17394348978996277,0.8260565400123596,0.29329970479011536,0.19001159071922302
226,6,3,23,0.3326820731163025,0.6673179268836975,3,0,3,0,0.1458432972431183,0.11562813818454742,0.13634346425533295,2.1573759424623145,1.9925781044269744,0.3876863718032837,0.6123136281967163,0.1532777100801468,0.016934245824813843
227,8,8,8,0.34250372648239136,0.6574962735176086,8,1,8,1,0.9746217727661133,0.8752354979515076,0.556893527507782,0.1332622883203254,0.5853812108139358,0.4729486107826233,0.5270513892173767,0.556893527507782,0.4969670809805393
228,12,12,12,0.3384098708629608,0.6615901589393616,12,1,12,1,0.8843370676040649,0.8397248983383179,0.3908276855945587,0.17468094276345553,0.9394885179385493,0.5184606909751892,0.48153936862945557,0.3908276855945587,0.2671557366847992
229,2,2,2,0.3317840099334717,0.6682159900665283,2,1,2,1,0.9814478754997253,0.7961474061012268,0.48121845722198486,0.22797092673785524,0.7314339389630445,0.7111433148384094,0.28885671496391296,0.48121845722198486,0.3614031672477722
230,1,8,1,0.3353826403617859,0.6646173596382141,1,1,1,1,0.009922238998115063,0.6530552506446838,0.4047393202781677,0.4260935428030661,0.9045120727436814,0.642253577709198,0.3577464520931244,0.4047393202781677,0.1406255066394806
231,5,5,5,0.28279605507850647,0.7172039151191711,5,1,5,1,0.835993230342865,0.8435247540473938,0.4943394362926483,0.17016603060112348,0.7045328797503951,0.5614147186279297,0.4385852515697479,0.4943394362926483,0.363156333565712
232,3,3,3,0.2749011814594269,0.7250988483428955,3,1,3,1,0.7420685291290283,0.6281416416168213,0.4201521873474121,0.464989593969327,0.867138282510758,0.6584485173225403,0.34155145287513733,0.4201521873474121,0.005479097366333008
233,13,13,13,0.28182268142700195,0.718177318572998,13,1,13,1,0.7770822644233704,0.5218392014503479,0.3105183243751526,0.6503957817531174,1.169512363648987,0.6460670232772827,0.3539329171180725,0.3105183243751526,0.18422365188598633
234,24,24,23,0.2926112115383148,0.7073887586593628,24,1,24,1,0.13011501729488373,0.29773661494255066,0.24482284486293793,1.2115460257704536,1.4072204121795175,0.6284626126289368,0.3715374171733856,0.24482284486293793,0.06601166725158691
235,27,14,27,0.32551977038383484,0.6744802594184875,27,1,27,1,0.21551506221294403,0.6027765870094299,0.29581955075263977,0.5062086533798742,1.2180056363911387,0.8906736969947815,0.1093263179063797,0.29581955075263977,0.13524581491947174
236,7,12,26,0.3053933382034302,0.6946066617965698,26,0,24,0,0.18871276080608368,0.13243286311626434,0.08564043045043945,2.0216794554305273,2.4575977889953857,0.3291608691215515,0.6708390712738037,0.14409367740154266,0.027899421751499176
237,24,24,4,0.29191482067108154,0.7080851793289185,4,0,24,1,0.0673479363322258,0.31551283597946167,0.2825115919113159,1.153555913265986,1.2640356959230923,0.6395910382270813,0.3604089617729187,0.2825115919113159,0.10721994936466217
238,0,0,0,0.3271544575691223,0.6728455424308777,0,1,0,1,0.7575357556343079,0.7868368625640869,0.4949871599674225,0.23973434231397267,0.7032234562096329,0.3057377338409424,0.6942622661590576,0.4949871599674225,0.40696869790554047
239,0,0,0,0.3159874677658081,0.6840125322341919,0,1,0,1,0.891361653804779,0.6304849982261658,0.3905666768550873,0.46126591731595595,0.9401565768898849,0.5875999331474304,0.41240012645721436,0.3905666768550873,0.32293304055929184
240,0,0,0,0.32416728138923645,0.6758326888084412,0,1,0,1,0.9999882578849792,0.9968600273132324,0.9125100374221802,0.0031449127448130616,0.0915561936712711,0.5549270510673523,0.4450729489326477,0.9125100374221802,0.8950439728796482
241,4,4,4,0.324076771736145,0.675923228263855,4,1,4,1,0.9969812631607056,0.9030976295471191,0.65728360414505,0.10192461452440052,0.4196396882728446,0.7331205010414124,0.26687949895858765,0.65728360414505,0.5717418640851974
242,4,4,4,0.32516708970069885,0.6748329401016235,4,1,4,1,0.9982067346572876,0.9534162878990173,0.7075331211090088,0.04770365234326872,0.3459708362721473,0.5165205597877502,0.48347949981689453,0.7075331211090088,0.6695853918790817
243,15,15,15,0.3236370086669922,0.6763629913330078,15,1,15,1,0.8941365480422974,0.6857157945632935,0.21318495273590088,0.377292030739086,1.545595167343019,0.4727945625782013,0.5272054672241211,0.21318495273590088,0.030312970280647278
244,10,10,25,0.33048030734062195,0.6695197224617004,10,1,10,1,0.0665808916091919,0.3500820994377136,0.22714290022850037,1.049587582183838,1.4821759431379693,0.5673408508300781,0.4326591193675995,0.22714290022850037,0.0064828842878341675
245,16,16,16,0.36707475781440735,0.6329252123832703,16,1,16,1,0.5893375873565674,0.3779454827308655,0.17313361167907715,0.9730053193437793,1.7536916607270276,0.5221760869026184,0.477823942899704,0.17313361167907715,0.06651671230792999
246,1,7,1,0.36456841230392456,0.6354315876960754,1,1,1,1,0.427824467420578,0.6100524067878723,0.3534226417541504,0.4942104127380667,1.0400906528009228,0.2811770737171173,0.7188228964805603,0.3534226417541504,0.21748261153697968
247,11,11,11,0.34757348895072937,0.652426540851593,11,1,11,1,0.9398339986801147,0.5811253190040588,0.40311139822006226,0.5427888500292996,0.9085423328507933,0.5367280840873718,0.4632719159126282,0.40311139822006226,0.2791948765516281
248,27,14,14,0.35137712955474854,0.6486228704452515,14,0,14,0,0.9708755016326904,0.08920019865036011,0.14661619067192078,2.416872012376679,1.919937054482325,0.757389485836029,0.24261049926280975,0.44426730275154114,0.28593413531780243
249,14,14,14,0.3672420084476471,0.6327580213546753,14,1,14,1,0.7893341779708862,0.745255708694458,0.37434858083724976,0.2940278863466754,0.9825678813177048,0.3924238383769989,0.6075761914253235,0.37434858083724976,0.18404264748096466
250,15,15,15,0.3592109978199005,0.6407890319824219,15,1,15,1,0.9999956488609314,0.9950320720672607,0.7068750858306885,0.004980309109595906,0.3469013106890349,0.545410692691803,0.4545893371105194,0.7068750858306885,0.6619693003594875
251,5,5,5,0.35924214124679565,0.6407578587532043,5,1,5,1,0.9988418817520142,0.966633677482605,0.7373211979866028,0.03393567900014464,0.30473166357031245,0.5743857026100159,0.4256143271923065,0.7373211979866028,0.6787390597164631
252,7,7,26,0.3583889603614807,0.6416110396385193,7,1,7,1,0.2488935887813568,0.42532140016555786,0.33269578218460083,0.8549101601761792,1.1005267735715778,0.5663683414459229,0.43363165855407715,0.33269578218460083,0.1225881576538086
253,14,14,14,0.38134923577308655,0.6186507940292358,14,1,14,1,0.984885573387146,0.8834709525108337,0.5109604001045227,0.12389686550952204,0.6714631866844044,0.5881041884422302,0.41189584136009216,0.5109604001045227,0.37329526245594025
254,11,11,11,0.3799189627170563,0.6200810670852661,11,1,11,1,0.9814327955245972,0.7980019450187683,0.47881484031677246,0.22564424416842108,0.7364413109650049,0.4291384816169739,0.5708615183830261,0.47881484031677246,0.42959415912628174
255,10,10,24,0.3775652348995209,0.6224347949028015,24,0,24,0,0.14105527102947235,0.44463038444519043,0.27906137704849243,0.8105119387048866,1.276323531933776,0.744918942451477,0.25508102774620056,0.36293908953666687,0.08387771248817444
256,11,9,11,0.40377122163772583,0.5962287783622742,11,1,11,1,0.006425659637898207,0.3935108184814453,0.25440722703933716,0.9326467185383208,1.3688190397461795,0.41088685393333435,0.589113175868988,0.25440722703933716,0.11461907625198364
257,9,17,27,0.33910611271858215,0.6608938574790955,27,0,27,0,0.35856109857559204,0.04297236353158951,0.08556607365608215,3.14719807848195,2.4584664101896627,0.21985679864883423,0.780143141746521,0.33493277430534363,0.03665456175804138
258,27,17,14,0.3457605242729187,0.6542394757270813,14,0,17,0,0.6335353255271912,0.13611987233161926,0.15227147936820984,1.9942193672603974,1.8820903027487674,0.4108331501483917,0.5891668200492859,0.2470180094242096,0.0798557847738266
259,0,0,0,0.3437630236148834,0.656237006187439,0,1,0,1,0.9999036192893982,0.9846763610839844,0.8582733273506165,0.015442259227578968,0.1528326668789969,0.3976118266582489,0.6023882031440735,0.8582733273506165,0.8389979507774115
260,22,2,22,0.3435434401035309,0.6564565300941467,19,0,2,0,0.4978216886520386,0.14686694741249084,0.0550294890999794,1.9182282217144426,2.899886071980835,0.9564487934112549,0.04355119168758392,0.1673911213874817,0.05356296896934509
261,9,17,9,0.32529062032699585,0.6747093796730042,9,1,17,0,0.24294379353523254,0.3581303358078003,0.20513781905174255,1.0268582923353298,1.5840732376708302,0.24392952024936676,0.7560704946517944,0.23141732811927795,0.0262795090675354
262,1,1,1,0.3069188594818115,0.6930811405181885,1,1,1,1,0.7984068989753723,0.7250746488571167,0.3959701657295227,0.32148066548703436,0.9264164096326484,0.43081098794937134,0.5691889524459839,0.3959701657295227,0.27239640802145004
263,13,13,11,0.3001810908317566,0.6998189091682434,13,1,13,1,0.3094851076602936,0.3612003028392792,0.26216375827789307,1.0183226190141899,1.3387859388769214,0.7484409213066101,0.2515591084957123,0.26216375827789307,0.036763399839401245
264,3,15,6,0.3212288022041321,0.6787711977958679,15,0,6,0,0.0364084467291832,0.029429880902171135,0.03637757897377014,3.525744763562099,3.313802656381193,0.42708975076675415,0.5729102492332458,0.24553100764751434,0.07286311686038971
265,9,5,9,0.3034055531024933,0.6965944170951843,9,1,9,1,0.5285237431526184,0.7063094973564148,0.3867934048175812,0.3477017560253355,0.9498645661750905,0.3724362552165985,0.6275637149810791,0.3867934048175812,0.23346197605133057
266,0,0,0,0.2918465733528137,0.7081534266471863,0,1,0,1,0.998475193977356,0.9713884592056274,0.8067920804023743,0.029028829719997196,0.21468928901077594,0.5413119792938232,0.45868799090385437,0.8067920804023743,0.7738291248679161
267,19,19,19,0.2907913029193878,0.7092087268829346,19,1,19,1,0.6976838707923889,0.5194839239120483,0.15910835564136505,0.6549194142305288,1.8381698268441706,0.37894511222839355,0.6210548877716064,0.15910835564136505,0.0364302322268486
268,5,1,5,0.3024049699306488,0.6975950598716736,5,1,5,1,0.054999664425849915,0.6199989318847656,0.4362841546535492,0.47803752371099084,0.8294615170606635,0.6976708173751831,0.30232927203178406,0.4362841546535492,0.10849890112876892
269,17,17,17,0.2719579041004181,0.7280421257019043,17,1,17,1,0.7489069700241089,0.7972114086151123,0.5982236862182617,0.22663537988900723,0.5137905377522932,0.6701346635818481,0.3298652768135071,0.5982236862182617,0.465046763420105
270,5,26,1,0.26365241408348083,0.7363475561141968,1,0,1,0,0.19946137070655823,0.3588489592075348,0.18818961083889008,1.024853705465467,1.6703052561235023,0.724233090877533,0.27576693892478943,0.20947954058647156,0.021289929747581482
271,14,14,14,0.2572600543498993,0.7427399754524231,14,1,14,1,0.971502959728241,0.8645643591880798,0.5174992680549622,0.14552952991138463,0.6587471682301597,0.7029320001602173,0.2970679998397827,0.5174992680549622,0.39982157945632935
272,26,8,26,0.25450021028518677,0.7454997897148132,26,1,27,0,0.200434148311615,0.23702175915241241,0.08338909596204758,1.439603331291684,2.4842377220255005,0.7244860529899597,0.2755139470100403,0.09330569207668304,0.003452904522418976
273,21,21,21,0.2139601707458496,0.7860398292541504,21,1,21,1,0.9999660849571228,0.9871375560760498,0.7889916300773621,0.012945881401246691,0.2369995664594991,0.5399832129478455,0.4600168466567993,0.7889916300773621,0.7359294593334198
274,21,21,21,0.21409206092357635,0.7859079241752625,21,1,21,1,0.9948246479034424,0.8728835582733154,0.47702908515930176,0.13595311316881173,0.7401778147759731,0.6308299899101257,0.36917006969451904,0.47702908515930176,0.3169746547937393
275,14,14,14,0.21440330147743225,0.7855967283248901,14,1,14,1,0.6439652442932129,0.4104337990283966,0.22018684446811676,0.8905406322096625,1.5132788000381443,0.8894646763801575,0.11053537577390671,0.22018684446811676,0.08155494928359985
276,26,26,26,0.22280365228652954,0.7771963477134705,26,1,26,1,0.9999983310699463,0.9975050687789917,0.90067058801651,0.0024980487483307746,0.10461569530925847,0.83451247215271,0.16548748314380646,0.90067058801651,0.8892750730738044
277,9,9,9,0.2227676957845688,0.77723228931427,9,1,9,1,0.99976646900177,0.9768896102905273,0.7567591071128845,0.023381621766706606,0.2787102966461033,0.573938250541687,0.4260617196559906,0.7567591071128845,0.7116990238428116
278,6,6,6,0.2225765883922577,0.7774233818054199,6,1,6,1,0.9240351915359497,0.6419073939323425,0.6329969167709351,0.4433112319079656,0.45728972766983117,0.5713030099868774,0.42869699001312256,0.6329969167709351,0.48065364360809326
279,13,13,13,0.22503292560577393,0.7749670743942261,13,1,13,1,0.9889554381370544,0.7927168607711792,0.5013495683670044,0.2322891693120217,0.6904516799540226,0.6835886836051941,0.3164112865924835,0.5013495683670044,0.3653048872947693
280,13,4,11,0.22607529163360596,0.773924708366394,11,0,4,0,0.31236007809638977,0.09451470524072647,0.11911061406135559,2.358999845575599,2.1277026876886667,0.8561714887619019,0.14382852613925934,0.3053636848926544,0.07258503139019012
281,8,5,8,0.2209664136171341,0.7790336012840271,8,1,8,1,0.5584097504615784,0.6793944239616394,0.4157761335372925,0.3865534305874799,0.8776083041058149,0.29931145906448364,0.7006885409355164,0.4157761335372925,0.27026115357875824
282,15,15,20,0.21303574740886688,0.7869642376899719,20,0,11,0,0.10685741901397705,0.2495613694190979,0.10755521804094315,1.3880504244205072,2.2297509070957853,0.45336341857910156,0.5466365814208984,0.1310393214225769,0.006561443209648132
283,0,0,0,0.2397809624671936,0.7602190375328064,0,1,0,1,0.9998757839202881,0.9925323724746704,0.9141669273376465,0.00749564984977523,0.08974209035488952,0.599270761013031,0.4007292687892914,0.9141669273376465,0.8929186835885048
284,6,6,6,0.2395051121711731,0.7604948878288269,6,1,6,1,0.9421218037605286,0.5677244067192078,0.4201146960258484,0.5661191774463363,0.8672275192100269,0.7732890844345093,0.2267109453678131,0.4201146960258484,0.33110545575618744
285,16,16,16,0.24397800862789154,0.7560219764709473,16,1,16,1,0.9910591244697571,0.8548867702484131,0.6228439211845398,0.1567862512733255,0.4734593193756901,0.5902929306030273,0.40970706939697266,0.6228439211845398,0.4913284033536911
286,6,3,6,0.2452421486377716,0.754757821559906,6,1,6,1,0.47405824065208435,0.7660456299781799,0.6437511444091797,0.26651354185360304,0.4404430492827737,0.7639033198356628,0.23609665036201477,0.6437511444091797,0.4228266477584839
287,10,10,10,0.23526278138160706,0.7647372484207153,10,1,10,1,0.7978729009628296,0.5686609148979187,0.41671133041381836,0.5644709541317459,0.8753615501054942,0.8054173588752747,0.19458264112472534,0.41671133041381836,0.27682843804359436
288,11,11,4,0.24274173378944397,0.7572582364082336,4,0,4,0,0.29555249214172363,0.17652516067028046,0.12775658071041107,1.7342918593958583,2.0576285388147793,0.49032828211784363,0.509671688079834,0.21818718314170837,0.06709927320480347
289,2,2,2,0.2641933262348175,0.7358067035675049,2,1,2,1,0.9943562746047974,0.8895424604415894,0.6077109575271606,0.11704803783668205,0.49805590885782036,0.6738964319229126,0.3261035680770874,0.6077109575271606,0.5057490542531013
290,24,24,24,0.26572901010513306,0.7342709898948669,24,1,24,1,0.9186242818832397,0.7733938694000244,0.7826687693595886,0.2569668266569799,0.24504570013058494,0.53023362159729,0.46976637840270996,0.7826687693595886,0.6883451342582703
291,21,9,21,0.2692873775959015,0.7307126522064209,21,1,21,1,0.4013773798942566,0.7852287888526917,0.4709479510784149,0.2417801528954931,0.7530076983366087,0.1740403026342392,0.8259596228599548,0.4709479510784149,0.3319232165813446
292,20,20,11,0.2543881833553314,0.7456117868423462,11,0,11,0,0.0782470777630806,0.23674798011779785,0.1449352502822876,1.440759078661752,1.931468186071933,0.6516391634941101,0.34836089611053467,0.675718367099762,0.5307831168174744
293,15,15,15,0.30369874835014343,0.6963012218475342,15,1,15,1,0.9999301433563232,0.9821392893791199,0.6398271918296814,0.018022138141445196,0.4465571518545525,0.44833987951278687,0.5516601204872131,0.6398271918296814,0.5623272061347961
294,17,17,17,0.3037865459918976,0.69621342420578,17,1,17,1,0.9038182497024536,0.7528495788574219,0.5194531679153442,0.2838898336109673,0.6549786208888626,0.5299547910690308,0.47004514932632446,0.5194531679153442,0.36767762899398804
295,0,0,0,0.3004709482192993,0.6995290517807007,0,1,0,1,0.9999997615814209,0.9988893866539001,0.9557160139083862,0.0011112305341159378,0.04529446664196756,0.5490134954452515,0.4509865343570709,0.9557160139083862,0.9491193504072726
296,20,11,6,0.30047842860221863,0.699521541595459,11,0,11,0,0.27186936140060425,0.10483471304178238,0.04430260881781578,2.255370330625459,3.1167117138723017,0.6516620516777039,0.34833791851997375,0.20811909437179565,0.0448615700006485
297,14,17,14,0.29910120368003845,0.7008988261222839,14,1,14,1,0.25910770893096924,0.6418054103851318,0.4080600440502167,0.44347012032456823,0.8963409486161983,0.11447889357805252,0.8855211138725281,0.4080600440502167,0.25583167374134064
298,6,21,24,0.28186362981796265,0.7181363701820374,24,0,24,0,0.18710672855377197,0.060556963086128235,0.08495501428842545,2.804170818301105,2.4656334062562655,0.5054261684417725,0.49457380175590515,0.2080949991941452,0.11657857149839401
299,27,27,27,0.30134934186935425,0.6986506581306458,27,1,27,1,0.8908085823059082,0.7978382706642151,0.5069445371627808,0.22584937041291428,0.679353675531182,0.42134958505630493,0.5786504149436951,0.5069445371627808,0.2966935336589813
300,11,21,23,0.29551148414611816,0.7044885158538818,21,0,21,0,0.09601426869630814,0.02249773032963276,0.04348254203796387,3.7943408490984547,3.135395753903525,0.9332206845283508,0.06677927076816559,0.14166834950447083,0.029960229992866516
301,24,24,24,0.2750774621963501,0.7249225378036499,24,1,24,1,0.9986635446548462,0.9592236876487732,0.8978851437568665,0.04163098036027101,0.10771312113533536,0.6008312702178955,0.3991686701774597,0.8978851437568665,0.8664506934583187
302,6,12,6,0.27564606070518494,0.7243539690971375,6,1,6,1,0.13400055468082428,0.42755162715911865,0.24895472824573517,0.849680232612374,1.3904842133218043,0.7624242901802063,0.23757575452327728,0.24895472824573517,0.1065138727426529
303,0,0,0,0.25225532054901123,0.7477446794509888,0,1,0,1,0.9999994039535522,0.9990127086639404,0.9554024338722229,0.0009877790291739142,0.0456226305392306,0.6776528358459473,0.3223472237586975,0.9554024338722229,0.9501570211723447
304,8,8,8,0.2522263824939728,0.7477736473083496,8,1,8,1,0.9715781807899475,0.8396728038787842,0.4872592091560364,0.1747429822190075,0.7189590405041442,0.4519488513469696,0.5480511784553528,0.4872592091560364,0.42189469188451767
305,2,18,2,0.24843356013298035,0.751566469669342,2,1,2,1,0.004636471159756184,0.7494964003562927,0.5462034940719604,0.28835376417777864,0.6047636729070425,0.3445819914340973,0.6554179787635803,0.5462034940719604,0.24153539538383484
306,2,22,2,0.1970791518688202,0.8029208779335022,2,1,2,1,0.19760733842849731,0.8115415573120117,0.6240516901016235,0.20881968284947156,0.4715220773421597,0.5111796855926514,0.488820344209671,0.6240516901016235,0.48234906792640686
307,6,6,6,0.18253758549690247,0.8174624443054199,6,1,6,1,0.941649317741394,0.7560446858406067,0.5858561992645264,0.27965479629465734,0.5346809132656385,0.676778256893158,0.3232218325138092,0.5858561992645264,0.5295615158975124
308,7,17,7,0.17936888337135315,0.8206311464309692,7,1,7,1,0.6026561856269836,0.39259523153305054,0.18749217689037323,0.9349761430794307,1.6740181576934534,0.5888524055480957,0.4111475944519043,0.18749217689037323,0.045699745416641235
309,17,17,27,0.1767299622297287,0.8232700228691101,17,1,17,1,0.6133995056152344,0.4855763018131256,0.36356469988822937,0.7224188422952322,1.0117980064077392,0.6821022629737854,0.317897766828537,0.36356469988822937,0.020369112491607666
310,27,14,8,0.17886270582675934,0.8211373090744019,8,0,14,0,0.0415382944047451,0.06386403739452362,0.08238755166530609,2.75099887110512,2.4963209255022227,0.9725687503814697,0.027431264519691467,0.1977047622203827,0.05878278613090515
311,27,27,14,0.1680103838443756,0.831989586353302,27,1,9,0,0.5228847861289978,0.37617382407188416,0.212205171585083,0.977703944355548,1.5502016818217408,0.6956301331520081,0.30436989665031433,0.3199000060558319,0.1076948344707489
312,8,8,8,0.17551440000534058,0.8244855999946594,8,1,8,1,0.9999798536300659,0.9874002933502197,0.8581910133361816,0.012679756063819596,0.15292857800577858,0.5958487391471863,0.40415117144584656,0.8581910133361816,0.8383576534688473
313,1,1,1,0.17550727725028992,0.8244926929473877,1,1,1,1,0.982694685459137,0.9266939759254456,0.5957880020141602,0.0761318909766657,0.51787037651203,0.5781341791152954,0.421865850687027,0.5957880020141602,0.5342800877988338
314,13,13,13,0.17230243980884552,0.8276975750923157,13,1,13,1,0.9950294494628906,0.8628023266792297,0.6078202128410339,0.14756966780963388,0.49787614330868285,0.7065465450286865,0.29345351457595825,0.6078202128410339,0.5136884897947311
315,27,17,27,0.17158830165863037,0.8284116983413696,27,1,27,1,0.27048906683921814,0.8204770088195801,0.49892696738243103,0.19786938978354926,0.6952955518930285,0.17582859098911285,0.8241714239120483,0.49892696738243103,0.2785768210887909
316,4,11,11,0.15805454552173615,0.841945469379425,11,0,11,0,0.8661569356918335,0.22486484050750732,0.19423028826713562,1.4922557661310925,1.63871077098569,0.5683301091194153,0.4316698908805847,0.23462435603141785,0.034459128975868225
317,15,15,15,0.15691803395748138,0.8430819511413574,15,1,15,1,0.9984728097915649,0.9424980282783508,0.5836644172668457,0.059221451674519344,0.5384290892835647,0.6201604008674622,0.379839688539505,0.5836644172668457,0.4161736071109772
318,8,8,8,0.15737831592559814,0.8426216840744019,8,1,8,1,0.7969141602516174,0.5926551818847656,0.6416774392127991,0.5231425299113451,0.44366953268570253,0.8381921052932739,0.16180795431137085,0.6416774392127991,0.5097560584545135
319,13,13,20,0.16132484376430511,0.8386751413345337,20,0,13,1,0.8545002937316895,0.29150187969207764,0.31381547451019287,1.232708824869061,1.1589501266097315,0.7475348711013794,0.252465158700943,0.31381547451019287,0.117431640625
320,3,3,10,0.16311754286289215,0.836882472038269,10,0,3,1,0.058163005858659744,0.17708025872707367,0.134844109416008,1.7311522100447574,2.003635912842104,0.7622020840644836,0.23779787123203278,0.134844109416008,0.008054360747337341
321,14,14,14,0.19194775819778442,0.8080522418022156,14,1,14,1,0.808104395866394,0.8266368508338928,0.5892777442932129,0.190389796681314,0.5288576541958904,0.7351445555686951,0.26485541462898254,0.5892777442932129,0.4411047548055649
322,22,18,25,0.18766629695892334,0.8123337030410767,25,0,25,0,0.108022540807724,0.14900128543376923,0.08902870863676071,1.9038003460016142,2.418796392311809,0.7654336094856262,0.23456643521785736,0.19989605247974396,0.07297384738922119
323,24,24,25,0.1711094081401825,0.8288905620574951,25,0,24,1,0.208710178732872,0.3043195903301239,0.5539401173591614,1.1896768458072615,0.5906986894866066,0.8904048204421997,0.1095951646566391,0.5539401173591614,0.297978937625885
324,17,17,17,0.18446151912212372,0.8155384659767151,17,1,17,1,0.9999785423278809,0.9555281400680542,0.8080357909202576,0.045491065114796135,0.21314892574867886,0.46332645416259766,0.5366735458374023,0.8080357909202576,0.702820286154747
325,13,13,13,0.1844249963760376,0.8155750036239624,13,1,13,1,0.9393891096115112,0.9083046913146973,0.7280059456825256,0.09617539354764294,0.31744606367247563,0.5299338698387146,0.4700661599636078,0.7280059456825256,0.6403227970004082
326,25,25,19,0.18185915052890778,0.8181408643722534,19,0,25,1,0.179022878408432,0.2162952572107315,0.16323699057102203,1.5311108731672136,1.8125522042244797,0.2796725332736969,0.7203274369239807,0.16323699057102203,0.020061850547790527
327,3,21,6,0.20167884230613708,0.7983211278915405,6,0,6,0,0.03521352261304855,0.30928122997283936,0.1432924121618271,1.1735042866390537,1.9428678962699282,0.9231950640678406,0.07680492848157883,0.28473493456840515,0.12406687438488007
328,18,18,18,0.17034468054771423,0.8296552896499634,18,1,18,1,0.820557177066803,0.6273282170295715,0.3664112687110901,0.46628540317648176,1.0039988914392366,0.8281552195549011,0.1718447208404541,0.3664112687110901,0.22563296556472778
329,9,12,16,0.16976550221443176,0.8302344679832458,16,0,16,0,0.12659938633441925,0.07926037907600403,0.05960450693964958,2.535016908541353,2.820024087977087,0.8924239277839661,0.10757610946893692,0.17267577350139618,0.08075223863124847
330,0,26,0,0.1556328982114792,0.8443670868873596,0,1,0,1,0.21768897771835327,0.8597778081893921,0.28343987464904785,0.15108128568641666,1.2607552606736498,0.9717345237731934,0.028265496715903282,0.28343987464904785,0.08440859615802765
331,7,7,7,0.14106322824954987,0.8589367866516113,7,1,7,1,0.9774336218833923,0.9644583463668823,0.7468823194503784,0.036188634332140084,0.2918476438093572,0.46874114871025085,0.5312588214874268,0.7468823194503784,0.6767356470227242
332,26,26,26,0.1394176036119461,0.8605824112892151,26,1,26,1,0.9996378421783447,0.9546396136283875,0.7532854676246643,0.04642137765099189,0.283311015953905,0.7655479907989502,0.2344519942998886,0.7532854676246643,0.7133670449256897
333,24,24,24,0.13959607481956482,0.8604038953781128,24,1,24,1,0.8607556819915771,0.6411991119384766,0.7004889249801636,0.444415243246955,0.35597672349399223,0.6097738146781921,0.39022618532180786,0.7004889249801636,0.5954059287905693
334,5,8,5,0.1428215652704239,0.8571784496307373,5,1,5,1,0.35520413517951965,0.8293548226356506,0.44894739985466003,0.18710720258871083,0.8008495476466135,0.8073491454124451,0.19265080988407135,0.44894739985466003,0.25183287262916565
335,16,5,16,0.1342572718858719,0.8657427430152893,16,1,16,1,0.2961770296096802,0.8370311856269836,0.5393650531768799,0.17789395037315356,0.6173626587015021,0.5082803964614868,0.4917195737361908,0.5393650531768799,0.41006359457969666
336,17,1,17,0.12511412799358368,0.8748858571052551,17,1,17,1,0.1283264011144638,0.3600735068321228,0.2795700430870056,1.0214470827302473,1.2745024163976297,0.7432766556739807,0.2567233145236969,0.2795700430870056,0.09045056998729706
337,1,1,1,0.11884764581918716,0.881152331829071,1,1,1,1,0.9963415265083313,0.9642937183380127,0.7289618253707886,0.03635934370664397,0.31613391409113023,0.5994962453842163,0.4005037248134613,0.7289618253707886,0.6594458818435669
338,24,24,25,0.11847125738859177,0.8815287351608276,25,0,24,1,0.06890776008367538,0.1600959450006485,0.36936184763908386,1.8319819872162244,0.9959784985241912,0.8324453234672546,0.16755469143390656,0.36936184763908386,0.10093370079994202
339,19,19,19,0.13533958792686462,0.864660382270813,19,1,19,1,0.9990325570106506,0.9296289086341858,0.4344378709793091,0.07296979543967982,0.833702334191579,0.6539139151573181,0.3460861146450043,0.4344378709793091,0.330155111849308
340,14,6,27,0.13576975464820862,0.864230215549469,27,0,27,0,0.07276469469070435,0.253138929605484,0.09060907363891602,1.3738168120952743,2.401200920408022,0.23670384287834167,0.7632961869239807,0.2188233882188797,0.06332267820835114
341,9,5,9,0.12123259902000427,0.8787673711776733,9,1,9,1,0.011936246417462826,0.7233831286430359,0.4882688820362091,0.3238162820432197,0.7168890370879046,0.39790982007980347,0.6020902395248413,0.4882688820362091,0.33418814837932587
342,10,10,10,0.0987110286951065,0.9012889862060547,10,1,10,1,0.9999383687973022,0.9893091320991516,0.8254896998405457,0.0107484258261096,0.19177849317945272,0.7140244841575623,0.28597551584243774,0.8254896998405457,0.8094894010573626
343,3,3,3,0.09857269376516342,0.9014273285865784,3,1,3,1,0.9955751299858093,0.8496881127357483,0.5910948514938354,0.1628859230248994,0.5257787812323182,0.5416523814201355,0.4583475887775421,0.5910948514938354,0.2978432774543762
344,10,10,10,0.09900355339050293,0.9009964466094971,10,1,10,1,0.9999966621398926,0.9958227872848511,0.915766179561615,0.004185961640765054,0.08799420938034065,0.5527228713035583,0.4472770690917969,0.915766179561615,0.9041918758302927
345,27,17,9,0.09901929646730423,0.9009807109832764,9,0,9,0,0.24294379353523254,0.10698094964027405,0.1440248340368271,2.235104501116468,1.9377695356863325,0.25690585374832153,0.7430941462516785,0.25563138723373413,0.07894134521484375
346,21,21,21,0.10033706575632095,0.8996629118919373,21,1,21,1,1.0,0.9992475509643555,0.9437642693519592,0.0007527322675074264,0.057878858690070666,0.6608316898345947,0.3391682803630829,0.9437642693519592,0.9299831353127956
347,0,0,0,0.10033686459064484,0.8996631503105164,0,1,0,1,0.995621383190155,0.9724429845809937,0.7918953895568848,0.027943832888417494,0.23332597978437902,0.6562221050262451,0.3437778949737549,0.7918953895568848,0.7744453195482492
348,22,18,2,0.09890212118625641,0.9010978937149048,18,0,18,0,0.518368661403656,0.1661636233329773,0.1263282150030136,1.7947822933630515,2.0688718778765733,0.7811673879623413,0.21883265674114227,0.2404405176639557,0.10286588966846466
349,2,19,2,0.0950208380818367,0.9049791693687439,2,1,2,1,0.07427551597356796,0.6546457409858704,0.4024122655391693,0.4236610431175611,0.9102781796989923,0.277474582195282,0.722525417804718,0.4024122655391693,0.31830035895109177
350,6,0,6,0.08145742863416672,0.9185425639152527,6,1,6,1,0.21492648124694824,0.3127836585044861,0.18674416840076447,1.162243514308392,1.6780156822264443,0.44663459062576294,0.5533653497695923,0.18674416840076447,0.036398693919181824
351,27,27,27,0.07001541554927826,0.9299845695495605,27,1,27,1,0.9704968929290771,0.7096112966537476,0.4124264419078827,0.3430379283646865,0.8856974117563322,0.6850113868713379,0.3149886429309845,0.4124264419078827,0.20140576362609863
352,12,5,12,0.07092050462961197,0.9290794730186462,12,1,12,1,0.459231972694397,0.9384973645210266,0.533825695514679,0.06347523114169379,0.6276859062000859,0.10179946571588516,0.898200511932373,0.533825695514679,0.46827229112386703
353,4,4,4,0.06625118851661682,0.9337488412857056,4,1,4,1,0.9856913089752197,0.7117862701416016,0.49785637855529785,0.3399775950193031,0.6974436400270504,0.8845407962799072,0.11545917391777039,0.49785637855529785,0.3949935957789421
354,3,3,3,0.06727220118045807,0.9327278137207031,3,1,3,1,0.9084136486053467,0.5583674907684326,0.43802180886268616,0.5827379477666464,0.8254865779213266,0.8367727994918823,0.1632271707057953,0.43802180886268616,0.2919103354215622
355,4,4,4,0.06919252127408981,0.9308074712753296,4,1,4,1,0.9473662972450256,0.5290263891220093,0.3188468813896179,0.6367169634493167,1.1430442870759088,0.7960748672485352,0.20392514765262604,0.3188468813896179,0.1582503467798233
356,18,2,18,0.06940601021051407,0.9305939674377441,18,1,18,1,0.09731537848711014,0.3562869131565094,0.21817927062511444,1.03201893688911,1.522438211814198,0.9634388089179993,0.036561138927936554,0.21817927062511444,0.05647258460521698
357,8,8,8,0.05917380377650261,0.9408261775970459,8,1,8,1,0.9974621534347534,0.9775583148002625,0.7762321829795837,0.022697331817361853,0.25330359868117136,0.6039056181907654,0.39609432220458984,0.7762321829795837,0.7408579848706722
358,18,2,22,0.058743081986904144,0.9412569403648376,22,0,22,0,0.006739619188010693,0.2303546667098999,0.16743944585323334,1.4681351285916215,1.787133510374276,0.9581353068351746,0.04186462610960007,0.20989643037319183,0.042456984519958496
359,7,7,7,0.048431940376758575,0.951568067073822,7,1,7,1,0.9999759793281555,0.9947629570960999,0.9026806950569153,0.005250804280060693,0.1023863926861294,0.8257043361663818,0.1742956042289734,0.9026806950569153,0.8801516033709049
360,11,15,19,0.048417262732982635,0.9515827298164368,19,0,4,0,0.19149063527584076,0.03394494578242302,0.03333358094096184,3.383015308448155,3.4011899534608894,0.5618448257446289,0.4381551742553711,0.12119914591312408,0.012041762471199036
361,16,16,16,0.04946601018309593,0.9505339860916138,16,1,16,1,0.9949813485145569,0.8462883234024048,0.5538476705551147,0.16689516963344095,0.5908655929409863,0.7093310952186584,0.29066887497901917,0.5538476705551147,0.4288783147931099
362,4,4,22,0.04984375461935997,0.9501562714576721,22,0,22,0,0.030074940994381905,0.0630660355091095,0.1399584263563156,2.763572918866223,1.9664098550703255,0.797990620136261,0.2020094096660614,0.16397595405578613,0.02401752769947052
363,8,9,12,0.060934096574783325,0.9390659332275391,12,0,12,0,0.05823967605829239,0.26232418417930603,0.21196885406970978,1.338174195904664,1.5513159298686758,0.5174141526222229,0.4825858771800995,0.28984424471855164,0.07787539064884186
364,19,19,19,0.0576811209321022,0.942318856716156,19,1,19,1,0.9800263047218323,0.785520076751709,0.3673709034919739,0.24140926241295324,1.0013833050586143,0.7117577195167542,0.28824225068092346,0.3673709034919739,0.19671300053596497
365,7,7,7,0.05837387964129448,0.9416261315345764,7,1,7,1,0.950563371181488,0.8271551728248596,0.5791276097297668,0.18976296815569152,0.546232428923051,0.6280484795570374,0.37195152044296265,0.5791276097297668,0.49969542026519775
366,7,7,7,0.05727626383304596,0.9427237510681152,7,1,7,1,0.9618560075759888,0.9755049347877502,0.827923595905304,0.02480006020521573,0.18883440433120713,0.7795306444168091,0.22046932578086853,0.827923595905304,0.7769626267254353
367,6,18,6,0.05657721683382988,0.943422794342041,6,1,6,1,0.20203186571598053,0.7924578785896301,0.3337032198905945,0.2326159246878458,1.0975032442135408,0.9578015804290771,0.04219842329621315,0.3337032198905945,0.20258212089538574
368,17,14,14,0.051407553255558014,0.9485924243927002,14,0,14,0,0.9322764277458191,0.006210630759596825,0.02727704495191574,5.081492816601103,3.6017097747512112,0.617260217666626,0.3827398717403412,0.7116258144378662,0.6221304163336754
369,21,21,21,0.059615541249513626,0.9403844475746155,21,1,21,1,0.9999969601631165,0.9953567385673523,0.8814770579338074,0.004654074857035448,0.12615630364987843,0.7007945775985718,0.2992054522037506,0.8814770579338074,0.8448253870010376
370,27,27,27,0.05962715670466423,0.9403728246688843,27,1,27,1,0.9994849562644958,0.9273315072059631,0.6321827173233032,0.07544416439313627,0.4585768169306615,0.5893460512161255,0.41065388917922974,0.6321827173233032,0.4743836969137192
371,8,8,8,0.05972452834248543,0.9402754902839661,8,1,8,1,0.9999327063560486,0.9973529577255249,0.9164710640907288,0.002650551885637382,0.08722478438766466,0.717626690864563,0.2823732793331146,0.9164710640907288,0.9077521935105324
372,17,17,17,0.05963731184601784,0.9403626918792725,17,1,17,1,0.9731493592262268,0.7368353605270386,0.5918048024177551,0.3053908031635237,0.5245784241152681,0.5995813012123108,0.40041863918304443,0.5918048024177551,0.4387744069099426
373,21,21,21,0.060411062091588974,0.9395889639854431,21,1,21,1,0.9999465346336365,0.9899395108222961,0.8182463645935059,0.010111437899692292,0.2005918085150788,0.5942515134811401,0.4057484567165375,0.8182463645935059,0.7601732090115547
374,3,3,6,0.06039707362651825,0.9396029114723206,6,0,6,0,0.4163457453250885,0.20476418733596802,0.16033229231834412,1.585896267631311,1.8305067903825445,0.7071005702018738,0.29289939999580383,0.2240782082080841,0.06374591588973999
375,21,21,21,0.06584050506353378,0.934159517288208,21,1,21,1,0.9992913603782654,0.9955409169197083,0.8716604113578796,0.0044690544443851486,0.13735536743944374,0.6592910289764404,0.3407089412212372,0.8716604113578796,0.8460825495421886
376,16,16,12,0.06569906324148178,0.93430095911026,16,1,16,1,0.6687369346618652,0.36474868655204773,0.3035864233970642,1.0085466925396727,1.1920889531790713,0.5618054866790771,0.4381944239139557,0.3035864233970642,0.19642963260412216
377,8,8,8,0.06788419187068939,0.9321157932281494,8,1,8,1,0.9936658143997192,0.8880477547645569,0.7925663590431213,0.11872975954793126,0.232479042927826,0.6855380535125732,0.31446197628974915,0.7925663590431213,0.7402116768062115
378,0,0,0,0.0677884966135025,0.9322115182876587,0,1,0,1,0.999839723110199,0.9662890434265137,0.7817302346229553,0.034292272728404155,0.24624556646499593,0.5542544722557068,0.445745587348938,0.7817302346229553,0.7466537468135357
379,26,26,26,0.0677141323685646,0.9322858452796936,26,1,26,1,0.9999997615814209,0.998315691947937,0.9313121438026428,0.001685728093619069,0.0711607799146686,0.8363850116729736,0.16361495852470398,0.9313121438026428,0.9204837828874588
380,20,20,15,0.06771858036518097,0.9322814345359802,15,0,15,0,0.06494780629873276,0.10463589429855347,0.153364896774292,2.2572686284865053,1.874935250823016,0.8280594348907471,0.17194055020809174,0.18814481794834137,0.020227134227752686
381,27,27,9,0.07854616641998291,0.9214538335800171,9,0,17,0,0.2667675316333771,0.06720893830060959,0.12386726588010788,2.6999490298723976,2.0885447231541168,0.6413052678108215,0.3586946427822113,0.334642618894577,0.07910507917404175
382,16,9,16,0.09355678409337997,0.9064432382583618,16,1,16,1,0.5396928191184998,0.8955650329589844,0.6317993402481079,0.11030043816513557,0.45918343485637536,0.6279339790344238,0.3720659911632538,0.6317993402481079,0.5298235043883324
383,8,12,14,0.08873709291219711,0.9112629294395447,14,0,14,0,0.018388651311397552,0.01943066157400608,0.03638102486729622,3.9409029670728017,3.313707935115343,0.4647310972213745,0.5352689027786255,0.4161939024925232,0.3414469435811043
384,14,26,17,0.10104517638683319,0.8989548087120056,17,0,17,0,0.16262421011924744,0.08097870647907257,0.055444203317165375,2.513569041843897,2.892378109565296,0.8044080138206482,0.1955920159816742,0.17369818687438965,0.006148636341094971
385,8,26,8,0.08075954020023346,0.9192404747009277,8,1,8,1,0.10591673851013184,0.9147750735282898,0.5660066604614258,0.08907706520617674,0.5691494332484995,0.7203277945518494,0.279672235250473,0.5660066604614258,0.42149364948272705
386,21,21,21,0.07138589024543762,0.92861407995224,21,1,21,1,0.9999982714653015,0.9978254437446594,0.9090492129325867,0.002176924035998642,0.0953560466303463,0.6495117545127869,0.35048821568489075,0.9090492129325867,0.878884132951498
387,3,3,13,0.07138212025165558,0.9286178946495056,13,0,13,0,0.24754168093204498,0.19077648222446442,0.21029651165008545,1.6566527863465719,1.5592367839047068,0.6785431504249573,0.32145678997039795,0.23254822194576263,0.022251710295677185
388,15,15,15,0.07843567430973053,0.9215643405914307,15,1,15,1,0.996006429195404,0.8974196910858154,0.5249378085136414,0.10823164330766659,0.6444754833814667,0.6748277544975281,0.3251723349094391,0.5249378085136414,0.31513065099716187
389,4,4,4,0.0788213312625885,0.9211786985397339,4,1,4,1,0.9999433755874634,0.9763321280479431,0.8434796333312988,0.0239524553252113,0.17021952271583676,0.8373807072639465,0.16261924803256989,0.8434796333312988,0.8192868288606405
390,7,7,7,0.07887699455022812,0.9211230278015137,7,1,7,1,0.988288164138794,0.9803702235221863,0.8372853398323059,0.0198249995538068,0.1775903587840965,0.7204228639602661,0.27957719564437866,0.8372853398323059,0.8041161894798279
391,4,26,25,0.07795804738998413,0.9220419526100159,25,0,25,0,0.012468945235013962,0.0215575210750103,0.05655301734805107,3.8370305175197963,2.872576720671902,0.9106817245483398,0.08931831270456314,0.39303332567214966,0.3364803083240986
392,3,6,1,0.08655385673046112,0.9134461283683777,1,0,1,0,0.061159830540418625,0.043669044971466064,0.06026209890842438,3.1311157809368533,2.809051915013274,0.46412110328674316,0.5358788371086121,0.29735949635505676,0.11811329424381256
393,14,27,14,0.0935349389910698,0.9064650535583496,14,1,14,1,0.6088300943374634,0.8127570748329163,0.513204038143158,0.20732301502774533,0.6670817777151864,0.6482446193695068,0.35175541043281555,0.513204038143158,0.3102084547281265
394,16,16,16,0.08981785923242569,0.9101821184158325,16,1,16,1,0.9936587810516357,0.8545141220092773,0.7052095532417297,0.15722224992844117,0.34926028169576995,0.5910757184028625,0.40892431139945984,0.7052095532417297,0.6411675810813904
395,21,21,21,0.09023720771074295,0.9097627997398376,21,1,21,1,0.9998443126678467,0.9669808149337769,0.7505479454994202,0.0335766235045815,0.28695174520643196,0.7555114030838013,0.24448855221271515,0.7505479454994202,0.6948838979005814
396,8,14,16,0.09036450833082199,0.9096354842185974,16,0,16,0,0.08976636826992035,0.0750989317893982,0.0776912197470665,2.588948944156108,2.555013029961995,0.9766789078712463,0.02332117222249508,0.17128464579582214,0.07331278175115585
397,3,6,6,0.09340139478445053,0.9065986275672913,6,0,6,0,0.7688639163970947,0.24487857520580292,0.1209406852722168,1.4069928026982226,2.1124550579366788,0.6639906764030457,0.33600932359695435,0.4270995259284973,0.3061588406562805
398,14,14,14,0.08546596020460129,0.9145340323448181,14,1,14,1,0.9632045030593872,0.9310436844825745,0.7373555898666382,0.07144908069784923,0.30468502029183286,0.772161066532135,0.22783896327018738,0.7373555898666382,0.669880174100399
399,13,15,13,0.08419446647167206,0.9158055186271667,13,1,13,1,0.0065699550323188305,0.5996116995811462,0.3548223674297333,0.51147300063394,1.0361379881726565,0.34798404574394226,0.6520159840583801,0.3548223674297333,0.20575934648513794
400,10,10,10,0.062272749841213226,0.9377272725105286,10,1,10,1,0.9991715550422668,0.9291960597038269,0.6571455597877502,0.07343551862024326,0.4198497328482317,0.5871245265007019,0.4128754734992981,0.6571455597877502,0.6081531792879105
401,22,22,16,0.06249924376606941,0.9375007748603821,16,0,16,0,0.016840867698192596,0.06572037190198898,0.12687531113624573,2.722346326943065,2.0645504768837073,0.98680579662323,0.013194194063544273,0.2439253032207489,0.030528679490089417
402,4,4,4,0.07719725370407104,0.922802746295929,4,1,4,1,0.9983882308006287,0.9368038177490234,0.8287990689277649,0.06528139139841148,0.18777753087551652,0.737318754196167,0.262681245803833,0.8287990689277649,0.7601393088698387
403,9,27,9,0.07744269073009491,0.9225572943687439,9,1,9,1,0.3302662670612335,0.37586209177970886,0.2265009582042694,0.9785329800530699,1.485006103585571,0.5214403867721558,0.47855958342552185,0.2265009582042694,0.11428730934858322
404,20,20,15,0.07575186342000961,0.9242481589317322,15,0,15,0,0.1888854056596756,0.1778683066368103,0.2509739100933075,1.7267118528693919,1.3824062891042541,0.8111141920089722,0.18888574838638306,0.3052160441875458,0.05424213409423828
405,3,6,3,0.08344264328479767,0.9165573716163635,3,1,3,1,0.6671499609947205,0.6205136775970459,0.3262191116809845,0.47720763171652203,1.1201860016672631,0.7650594711303711,0.23494048416614532,0.3262191116809845,0.022092163562774658
406,12,8,12,0.0812068060040474,0.9187932014465332,12,1,12,1,0.37916767597198486,0.9097457528114319,0.4205227792263031,0.09459011102351136,0.8662566292734626,0.5523788928985596,0.44762104749679565,0.4205227792263031,0.2787524461746216
407,19,1,12,0.07480008155107498,0.9251999258995056,19,1,8,0,0.26988354325294495,0.2406657189130783,0.08811958879232407,1.4243463667994753,2.4290604235100393,0.40040624141693115,0.5995937585830688,0.13002368807792664,0.04190409928560257
408,12,17,16,0.07243593037128448,0.9275640845298767,16,0,16,0,0.17757189273834229,0.3211684226989746,0.0878782644867897,1.1357896121440128,2.431802780331767,0.6675424575805664,0.332457572221756,0.38643282651901245,0.25668907165527344
409,21,21,24,0.0681118369102478,0.9318881630897522,24,0,21,1,0.36709460616111755,0.21564026176929474,0.286956250667572,1.534143714481326,1.2484255115405256,0.9840874075889587,0.015912558883428574,0.286956250667572,0.16739729791879654
410,18,18,18,0.0740288719534874,0.9259711503982544,18,1,18,1,0.957305371761322,0.7495636940002441,0.5584715008735657,0.2882639830619315,0.5825516897541448,0.6559697389602661,0.3440302610397339,0.5584715008735657,0.3838001638650894
411,12,8,12,0.07419153302907944,0.9258084893226624,12,1,12,1,0.09176594763994217,0.8947641253471375,0.35117441415786743,0.11119514254009155,1.0464722725007192,0.5280631184577942,0.4719369113445282,0.35117441415786743,0.23349346220493317
412,2,2,2,0.06337569653987885,0.93662428855896,2,1,2,1,0.7307115793228149,0.3840634822845459,0.2186071276664734,0.9569474216086609,1.5204790977947142,0.9097594618797302,0.09024053066968918,0.2186071276664734,0.02566005289554596
413,12,6,12,0.06609814614057541,0.933901846408844,12,1,12,1,0.019868111237883568,0.9081120491027832,0.4224090874195099,0.09638750589867981,0.8617810330442546,0.3986012935638428,0.6013986468315125,0.4224090874195099,0.22061137855052948
414,27,17,27,0.053848717361688614,0.9461512565612793,27,1,27,1,0.448310911655426,0.8117188811302185,0.5131477117538452,0.2086012042680773,0.6671915381153122,0.33289721608161926,0.6671027541160583,0.5131477117538452,0.3306122124195099
415,15,15,20,0.050870537757873535,0.9491294622421265,20,0,20,0,0.43542349338531494,0.048495035618543625,0.07238838821649551,3.0262938446582197,2.6257093762033774,0.831853449344635,0.1681465357542038,0.17660582065582275,0.0054830461740493774
416,21,21,21,0.056913264095783234,0.9430867433547974,21,1,21,1,0.8933495879173279,0.5537950992584229,0.4276059567928314,0.5909605175830533,0.8495531691686171,0.46732595562934875,0.5326740145683289,0.4276059567928314,0.28241145610809326
417,3,3,3,0.0576680563390255,0.9423319697380066,3,1,3,1,0.726096510887146,0.4034576117992401,0.3960021138191223,0.9076838480934066,0.9263357298148266,0.9334761500358582,0.06652384251356125,0.3960021138191223,0.17060066759586334
418,8,17,8,0.06031803414225578,0.9396819472312927,8,1,8,1,0.0386384092271328,0.9380967617034912,0.7223329544067383,0.06390217782986939,0.32526909070091276,0.12042444944381714,0.8795755505561829,0.7223329544067383,0.6539637073874474
419,26,26,26,0.04997846484184265,0.950021505355835,26,1,26,1,0.9999982118606567,0.99708092212677,0.9072104096412659,0.002923346690408785,0.09738087160218585,0.7600004076957703,0.23999954760074615,0.9072104096412659,0.8861523400992155
420,1,26,1,0.04998369514942169,0.9500163197517395,1,1,1,1,0.6379503607749939,0.9608271718025208,0.6794952154159546,0.03996072822228192,0.38640508674618573,0.6176860928535461,0.38231396675109863,0.6794952154159546,0.6179186441004276
421,25,25,25,0.047692228108644485,0.9523077607154846,25,1,25,1,0.9836803078651428,0.9361780285835266,0.5243287086486816,0.06594961911242614,0.6456364847541691,0.4189213216304779,0.5810786485671997,0.5243287086486816,0.42509232461452484
422,24,24,10,0.04657118394970894,0.9534288048744202,10,0,24,1,0.21430610120296478,0.20449218153953552,0.37193310260772705,1.5872255363106562,0.9890412725803078,0.35262182354927063,0.6473782062530518,0.37193310260772705,0.03294092416763306
423,13,13,13,0.050659049302339554,0.9493409395217896,13,1,13,1,0.7196876406669617,0.47399282455444336,0.5330499410629272,0.7465630954724369,0.6291401611514085,0.7371916174888611,0.2628083825111389,0.5330499410629272,0.3061884790658951
424,19,19,26,0.052547432482242584,0.9474525451660156,26,0,20,0,0.3274867534637451,0.10413116961717606,0.05509538576006889,2.2621039282247617,2.8986893093413637,0.689473032951355,0.310526967048645,0.08904930204153061,0.0008001253008842468
425,6,6,6,0.05716453865170479,0.9428354501724243,6,1,6,1,0.9690818190574646,0.9318349361419678,0.7444958686828613,0.07059958712567949,0.2950479759898414,0.7595891356468201,0.24041078984737396,0.7444958686828613,0.6608434990048409
426,12,12,19,0.05664503574371338,0.9433549642562866,19,0,19,0,0.4462112486362457,0.07137620449066162,0.0596872940659523,2.6397907356224457,2.8186361109510805,0.8729782700538635,0.12702172994613647,0.1447242796421051,0.059989482164382935
427,1,7,1,0.06138850003480911,0.9386115074157715,1,1,1,1,0.00777159258723259,0.8748762011528015,0.24642235040664673,0.13367288703118232,1.4007083436172947,0.8251860737800598,0.17481394112110138,0.24642235040664673,0.11013716459274292
428,1,1,1,0.04777958244085312,0.9522204399108887,1,1,1,1,0.9803053140640259,0.9237184524536133,0.6789403557777405,0.07934795890927754,0.38722199655160744,0.4992266297340393,0.5007734298706055,0.6789403557777405,0.6281974017620087
429,25,25,25,0.04739540070295334,0.9526045918464661,25,1,25,1,0.8354750871658325,0.5067290663719177,0.3468836545944214,0.6797788040801684,1.058765844610573,0.5597478747367859,0.4402521252632141,0.3468836545944214,0.13873550295829773
430,4,4,19,0.048110052943229675,0.9518899321556091,19,0,4,1,0.3955674171447754,0.16916516423225403,0.24954812228679657,1.7768797381594346,1.388103507491555,0.9238296747207642,0.07617031782865524,0.24954812228679657,0.14407984912395477
431,15,15,15,0.05282417684793472,0.9471758008003235,15,1,15,1,0.8431696891784668,0.5491886138916016,0.3545818328857422,0.5993133374743908,1.0368161193511916,0.5094249248504639,0.49057504534721375,0.3545818328857422,0.05044177174568176
432,2,5,2,0.054461557418107986,0.9455384612083435,2,1,2,1,0.3679555058479309,0.9424561858177185,0.6139122843742371,0.059265847936589046,0.48790322036570677,0.06958266347646713,0.9304172992706299,0.6139122843742371,0.5835468005388975
433,5,5,5,0.049127619713544846,0.9508723616600037,5,1,5,1,0.8198866844177246,0.9493252635002136,0.6202545166015625,0.052003795680970404,0.4776253745317618,0.7846840620040894,0.21531589329242706,0.6202545166015625,0.539844386279583
434,14,27,14,0.04723471403121948,0.9527652859687805,14,1,14,1,0.3078632354736328,0.9225187301635742,0.6697443723678589,0.08064759957322068,0.40085917317897113,0.5666993260383606,0.43330058455467224,0.6697443723678589,0.5689617246389389
435,0,0,0,0.043972354382276535,0.956027626991272,0,1,0,1,0.9997904300689697,0.9984495639801025,0.9610264897346497,0.001551639189609278,0.03975330563144417,0.6456140279769897,0.35438600182533264,0.9610264897346497,0.953668019734323
436,16,16,16,0.043901458382606506,0.9560985565185547,16,1,16,1,0.9985331892967224,0.9114587903022766,0.7556973695755005,0.09270889674418112,0.2801142877402683,0.6869536638259888,0.31304633617401123,0.7556973695755005,0.725098505616188
437,10,10,10,0.04407382756471634,0.9559261798858643,10,1,10,1,0.9998075366020203,0.9757957458496094,0.8783547878265381,0.024501991263921413,0.12970468060512785,0.7500404119491577,0.24995960295200348,0.8783547878265381,0.8481397870928049
438,9,27,14,0.04412151500582695,0.955878496170044,14,0,14,0,0.20297008752822876,0.1342679262161255,0.17677579820156097,2.007918025895579,1.732873026148832,0.7988452315330505,0.20115479826927185,0.3539084494113922,0.17713265120983124
439,6,3,6,0.043465081602334976,0.9565349221229553,6,1,6,1,0.745486855506897,0.8377575278282166,0.5881285667419434,0.17702656663580638,0.5308097040624666,0.8632755279541016,0.13672445714473724,0.5881285667419434,0.4168509393930435
440,10,10,10,0.042206473648548126,0.9577935338020325,10,1,10,1,0.9191476106643677,0.7018275260925293,0.6924788355827332,0.35406759446977437,0.3674776037230846,0.8277691006660461,0.17223089933395386,0.6924788355827332,0.5622385740280151
441,27,14,27,0.04296199977397919,0.9570379853248596,27,1,27,1,0.072707399725914,0.9172989726066589,0.44482067227363586,0.08632182648605886,0.8100840616903816,0.8549422025680542,0.1450577825307846,0.44482067227363586,0.35131532698869705
442,4,2,4,0.036508236080408096,0.9634917378425598,4,1,4,1,0.05393039062619209,0.9520131349563599,0.49526602029800415,0.04917644706288546,0.7026602460255904,0.8769082427024841,0.12309174984693527,0.49526602029800415,0.4190337508916855
443,2,2,2,0.030712202191352844,0.9692878127098083,2,1,2,1,0.9985095262527466,0.9294531345367432,0.6677231192588806,0.07315889317058641,0.4038816834985219,0.7261219620704651,0.2738780975341797,0.6677231192588806,0.5502741858363152
444,8,14,8,0.03070705197751522,0.969292938709259,8,1,8,1,0.2696782648563385,0.676898717880249,0.36388692259788513,0.3902336215744819,1.0109121118114,0.8786998391151428,0.12130018323659897,0.36388692259788513,0.23395387828350067
445,19,19,19,0.0275165606290102,0.9724834561347961,19,1,19,1,0.9919617772102356,0.8271961808204651,0.5222094655036926,0.18971339223516714,0.6496864966774555,0.7382680773735046,0.26173192262649536,0.5222094655036926,0.4175657704472542
446,1,1,1,0.027775397524237633,0.9722245931625366,1,1,1,1,0.9998025894165039,0.9427072405815125,0.665708601474762,0.058999499924780166,0.40690323951143703,0.7139373421669006,0.28606265783309937,0.665708601474762,0.6245731338858604
447,4,4,4,0.0278420802205801,0.972157895565033,4,1,4,1,0.8816329836845398,0.9840604662895203,0.9052678942680359,0.016067934336605878,0.09952436332044798,0.5874817967414856,0.412518173456192,0.9052678942680359,0.8820674419403076
448,24,24,24,0.027061399072408676,0.972938597202301,24,1,24,1,0.9995107054710388,0.9689739346504211,0.9437097907066345,0.03151756667873305,0.05793658520032336,0.7557352185249329,0.24426481127738953,0.9437097907066345,0.925603061914444
449,9,9,9,0.02710326761007309,0.9728967547416687,9,1,9,1,0.9998025894165039,0.9389112591743469,0.657900333404541,0.06303430991143852,0.4187018281194651,0.6485224962234497,0.3514775037765503,0.657900333404541,0.5965319126844406
450,0,0,0,0.027082128450274467,0.9729178547859192,0,1,0,1,1.0,0.9997114539146423,0.9803053140640259,0.00028858772278909147,0.01989121087428262,0.719266414642334,0.28073355555534363,0.9803053140640259,0.9772922911215574
451,14,14,14,0.027082262560725212,0.9729177355766296,14,1,14,1,0.7732433080673218,0.3005353808403015,0.20405606925487518,1.2021897920365032,1.589360473613463,0.928713858127594,0.07128611952066422,0.20405606925487518,0.10801976919174194
452,27,9,27,0.02865206077694893,0.9713479280471802,27,1,27,1,0.17208190262317657,0.8368950486183167,0.5040943026542664,0.17805660629691178,0.6849919199723649,0.5356889367103577,0.46431106328964233,0.5040943026542664,0.15937256813049316
453,10,10,10,0.023908142000436783,0.9760918617248535,10,1,10,1,0.8938624858856201,0.617836594581604,0.5627788305282593,0.4815312665490793,0.57486856900468,0.8056527376174927,0.19434726238250732,0.5627788305282593,0.43962839990854263
454,1,2,10,0.024494294077157974,0.9755057096481323,10,0,10,0,0.019817987456917763,0.0028898408636450768,0.011550379917025566,5.846553842856573,4.461036949306338,0.9582529664039612,0.041746996343135834,0.35234037041664124,0.28373655676841736
455,3,4,3,0.03034806065261364,0.9696519374847412,3,1,3,1,0.07148122787475586,0.5607059001922607,0.3303512632846832,0.578558753003897,1.1075987564339924,0.9426001906394958,0.057399868965148926,0.3303512632846832,0.14189206063747406
456,27,14,27,0.027162255719304085,0.9728377461433411,27,1,27,1,0.18818211555480957,0.6465087532997131,0.35606831312179565,0.4361685413418321,1.0326326757472288,0.6002740859985352,0.39972588419914246,0.35606831312179565,0.18728968501091003
457,14,14,14,0.01981290429830551,0.9801871180534363,14,1,14,1,0.7496035099029541,0.9851765632629395,0.829910933971405,0.014934401830182775,0.18643689241764574,0.7603310942649841,0.23966893553733826,0.829910933971405,0.7943015731871128
458,24,24,24,0.01908881776034832,0.9809111952781677,24,1,24,1,0.711355447769165,0.33311906456947327,0.42082324624061584,1.0992553016482327,0.8655423761172305,0.8372880220413208,0.1627119481563568,0.42082324624061584,0.3036215677857399
459,17,17,17,0.020184151828289032,0.9798158407211304,17,1,17,1,0.7134412527084351,0.9402530789375305,0.7327645421028137,0.061606207042497564,0.3109308536613299,0.7391555905342102,0.2608444392681122,0.7327645421028137,0.6141592338681221
460,10,10,10,0.019165243953466415,0.9808347821235657,10,1,10,1,0.999995768070221,0.9964050054550171,0.9469436407089233,0.003601472066969403,0.05451570107400256,0.6146558523178101,0.38534417748451233,0.9469436407089233,0.9351944951340556
461,5,5,5,0.019168537110090256,0.9808314442634583,5,1,5,1,0.7602634429931641,0.920954704284668,0.607261061668396,0.08234442495181739,0.4987964952618189,0.7135242223739624,0.2864757776260376,0.607261061668396,0.4452977478504181
462,21,21,21,0.018497750163078308,0.9815022349357605,21,1,21,1,0.9999989867210388,0.9977961778640747,0.9543642401695251,0.0022062541257009396,0.0467098772894022,0.777106761932373,0.22289323806762695,0.9543642401695251,0.9431232372298837
463,2,2,2,0.01849963702261448,0.9815003871917725,2,1,2,1,0.9970465302467346,0.9831183552742004,0.8045105934143066,0.01702576397265114,0.21752114493681934,0.6321420073509216,0.3678579330444336,0.8045105934143066,0.7732647638767958
464,9,9,9,0.01832035928964615,0.9816796183586121,9,1,9,1,0.7399948239326477,0.9742044806480408,0.8220615386962891,0.026134058310026468,0.19594002213414538,0.8276705145835876,0.17232948541641235,0.8220615386962891,0.7839974723756313
465,14,27,14,0.017577873542904854,0.9824221134185791,14,1,14,1,0.5505817532539368,0.9446766376495361,0.6651097536087036,0.0569125924275873,0.4078032089237769,0.7636604309082031,0.23633956909179688,0.6651097536087036,0.6038885377347469
466,24,24,10,0.01659969985485077,0.983400285243988,10,0,10,0,0.0768556222319603,0.08684390038251877,0.31926634907722473,2.4436430203961668,1.1417295744888663,0.32360151410102844,0.676398515701294,0.6014525294303894,0.2821861803531647
467,16,16,16,0.01889626309275627,0.9811037182807922,16,1,16,1,0.9993407726287842,0.9452946186065674,0.8346317410469055,0.05625863435599281,0.1807646800993771,0.7213843464851379,0.27861568331718445,0.8346317410469055,0.8075440712273121
468,21,21,21,0.01893044263124466,0.9810695648193359,21,1,21,1,0.726520299911499,0.5011669993400574,0.5683254599571228,0.6908159014239637,0.5650610314764672,0.9640849232673645,0.0359150692820549,0.5683254599571228,0.35574615001678467
469,19,19,2,0.019556155428290367,0.9804438352584839,2,0,2,0,0.2995799481868744,0.1777307391166687,0.1866430789232254,1.7274855755699856,1.6785571548168097,0.679176926612854,0.3208230435848236,0.19068700075149536,0.0040439218282699585
470,21,21,21,0.021376630291342735,0.9786233901977539,21,1,21,1,0.9999080300331116,0.9929026961326599,0.921816349029541,0.0071226095341896355,0.0814092628695633,0.7332553267478943,0.2667447328567505,0.921816349029541,0.9037805292755365
471,6,15,24,0.021352466195821762,0.9786475300788879,24,0,24,0,0.05237860605120659,0.013864739798009396,0.07282890379428864,4.278406366912752,2.6196423724337805,0.5274069309234619,0.4725930690765381,0.3079383969306946,0.18347585201263428
472,25,25,25,0.023275461047887802,0.9767245650291443,25,1,25,1,0.9898994565010071,0.7613755464553833,0.48925313353538513,0.27262855210401443,0.7148752679530636,0.8499862551689148,0.1500137746334076,0.48925313353538513,0.3790179491043091
473,2,2,2,0.023435356095433235,0.9765646457672119,2,1,2,1,0.9922654032707214,0.8606628775596619,0.6776528358459473,0.15005239877891724,0.3891201637049221,0.7253589034080505,0.27464112639427185,0.6776528358459473,0.5712062120437622
474,6,3,6,0.023483481258153915,0.9765165448188782,6,1,6,1,0.26640164852142334,0.9090688824653625,0.583568274974823,0.09533440938596,0.5385938247178602,0.9509877562522888,0.049012281000614166,0.583568274974823,0.32718753814697266
475,26,26,26,0.02168390527367592,0.978316068649292,26,1,26,1,0.9998781681060791,0.9346656799316406,0.6111624240875244,0.06756637520426842,0.4923925219341229,0.8565517663955688,0.14344821870326996,0.6111624240875244,0.5661505237221718
476,6,0,6,0.02174636721611023,0.9782536625862122,6,1,6,1,0.013066684827208519,0.43467095494270325,0.2606557607650757,0.8331659595465856,1.344554666477342,0.6436381340026855,0.35636189579963684,0.2606557607650757,0.1569739356637001
477,15,15,16,0.017673254013061523,0.9823267459869385,16,0,16,0,0.1787932813167572,0.11481893062591553,0.13082177937030792,2.1643989077687245,2.033919344872807,0.5291303992271423,0.47086963057518005,0.28656432032585144,0.15574254095554352
478,24,24,24,0.01979712024331093,0.980202853679657,24,1,24,1,0.9991195201873779,0.9544438719749451,0.9192206263542175,0.04662644113365719,0.0842291132365393,0.6858044862747192,0.31419554352760315,0.9192206263542175,0.8999808970838785
479,10,10,10,0.019841184839606285,0.980158805847168,10,1,10,1,0.9999547004699707,0.9857136607170105,0.9115718007087708,0.01438937150750736,0.09258491593201469,0.7898029088973999,0.2101970911026001,0.9115718007087708,0.8915141317993402
480,15,15,15,0.01985381729900837,0.9801461696624756,15,1,15,1,0.999992847442627,0.9949092864990234,0.8546652793884277,0.005103715327437014,0.1570453727914702,0.6569888591766357,0.34301111102104187,0.8546652793884277,0.8317919000983238
481,11,11,4,0.019841013476252556,0.9801589846611023,4,0,4,0,0.5628113746643066,0.04978292062878609,0.04925582930445671,3.0000833130368307,3.010727556856399,0.5664737820625305,0.4335261583328247,0.5715219378471375,0.46012410521507263
482,1,1,1,0.022720739245414734,0.9772792458534241,1,1,1,1,0.9932811856269836,0.9263849854469299,0.649241030216217,0.07646537971386498,0.43195124414316066,0.621410608291626,0.3785894513130188,0.649241030216217,0.5944806337356567
483,18,18,18,0.02261926233768463,0.9773807525634766,18,1,18,1,0.7153067588806152,0.4528171718120575,0.34977665543556213,0.7922668291990448,1.0504604555155437,0.9210730195045471,0.0789269357919693,0.34977665543556213,0.07198208570480347
484,2,2,2,0.022203372791409492,0.9777966141700745,2,1,2,1,0.9928385019302368,0.9235664010047913,0.6878777146339417,0.07951258046061083,0.3741441972041257,0.6780480742454529,0.3219519257545471,0.6878777146339417,0.6043395176529884
485,25,25,25,0.022097747772932053,0.9779022336006165,25,1,25,1,0.8999348282814026,0.575481116771698,0.5402278900146484,0.5525488632235112,0.6157642099029523,0.7342044711112976,0.26579549908638,0.5402278900146484,0.4041733592748642
486,4,4,20,0.02256125770509243,0.977438747882843,20,0,20,0,0.04505885764956474,0.03802543506026268,0.13425150513648987,3.2694999994752068,2.008040334211021,0.9903046488761902,0.009695332497358322,0.1532399207353592,0.018988415598869324
487,21,21,21,0.027576778084039688,0.9724231958389282,21,1,21,1,0.7768360376358032,0.8143478035926819,0.5726721882820129,0.20536772709559376,0.5574418232165346,0.7701175212860107,0.22988246381282806,0.5726721882820129,0.4701012521982193
488,7,7,7,0.026875155046582222,0.9731248617172241,7,1,7,1,0.9897823333740234,0.9942229986190796,0.9232361912727356,0.005793752799866384,0.07987018201148081,0.7214537262916565,0.2785463035106659,0.9232361912727356,0.9013187829405069
489,15,15,15,0.026630138978362083,0.973369836807251,15,1,15,1,0.9999957084655762,0.992795467376709,0.8444232940673828,0.007230610597015466,0.16910137685675472,0.7109742164611816,0.28902575373649597,0.8444232940673828,0.8141197375953197
490,13,21,13,0.026638180017471313,0.9733618497848511,13,1,13,1,0.4386218190193176,0.7958330512046814,0.48719027638435364,0.2283658498026309,0.7191005209458102,0.9224949479103088,0.07750503718852997,0.48719027638435364,0.3567717671394348
491,2,2,2,0.02526688203215599,0.9747331142425537,2,1,2,1,0.9225703477859497,0.9105958938598633,0.7054010629653931,0.09365606536038637,0.3489887542839674,0.6722642183303833,0.3277357518672943,0.7054010629653931,0.6537494175136089
492,0,0,0,0.02458835020661354,0.9754116535186768,0,1,0,1,1.0,0.9998762011528015,0.9857782125473022,0.00012380651090828233,0.014323886246127172,0.7425310015678406,0.2574689984321594,0.9857782125473022,0.9841518615139648
493,0,0,0,0.02458796463906765,0.9754120111465454,0,1,0,1,0.9998605847358704,0.9877553582191467,0.9356226921081543,0.012320225033979391,0.06654299049595795,0.6812065243721008,0.31879350543022156,0.9356226921081543,0.9185744076967239
494,12,8,12,0.024581817910075188,0.975418210029602,12,1,12,1,0.13656024634838104,0.9096547365188599,0.47832247614860535,0.09469016188442045,0.7374701376612941,0.45923715829849243,0.5407629013061523,0.47832247614860535,0.43610774725675583
495,23,12,23,0.021274909377098083,0.9787250757217407,23,1,23,1,0.038938552141189575,0.6376595497131348,0.29946041107177734,0.4499507592030646,1.2057730535633704,0.7927160263061523,0.20728397369384766,0.29946041107177734,0.2212403491139412
496,3,3,3,0.017233842983841896,0.9827661514282227,3,1,3,1,0.9802654981613159,0.8107288479804993,0.676086962223053,0.2098216235824714,0.3914335688710951,0.7811892628669739,0.21881070733070374,0.676086962223053,0.4647587835788727
497,9,9,14,0.017397532239556313,0.9826024770736694,14,0,9,1,0.520322322845459,0.34541216492652893,0.2882177233695984,1.063016894067733,1.2440391005358835,0.43862244486808777,0.5613775253295898,0.2882177233695984,0.032171040773391724
498,0,0,0,0.017679158598184586,0.9823208451271057,0,1,0,1,0.9140486121177673,0.6221474409103394,0.6612987518310547,0.47457817106906197,0.41354957175067086,0.7962720394134521,0.20372799038887024,0.6612987518310547,0.5649987906217575
499,26,26,26,0.01808418706059456,0.9819158315658569,26,1,26,1,0.9980645179748535,0.9256393909454346,0.7979390025138855,0.07727054680699807,0.2257231224063819,0.8853625059127808,0.11463750898838043,0.7979390025138855,0.7448654696345329
500,8,8,8,0.018152669072151184,0.98184734582901,8,1,8,1,0.9000933170318604,0.6281366348266602,0.6366912722587585,0.46499756479912646,0.45147039982952175,0.8208938837051392,0.17910614609718323,0.6366912722587585,0.4736342579126358
501,14,14,14,0.018556803464889526,0.9814431667327881,14,1,14,1,0.9906463623046875,0.970413863658905,0.8686832189559937,0.030032634913844378,0.14077675532428766,0.7601875066757202,0.23981250822544098,0.8686832189559937,0.8251215927302837
502,17,8,1,0.018438642844557762,0.9815613627433777,1,0,1,0,0.02231965959072113,0.006412141490727663,0.044384077191352844,5.04956197792688,3.114874495680517,0.7073817253112793,0.2926182746887207,0.7516530752182007,0.7046720124781132
503,6,6,3,0.02268552966415882,0.9773144721984863,6,1,6,1,0.5851123332977295,0.3903471529483795,0.36858734488487244,0.940718800029269,0.998077567258015,0.8283586502075195,0.17164140939712524,0.36858734488487244,0.18398284912109375
504,19,19,2,0.022667618468403816,0.977332353591919,2,0,19,1,0.3211141526699066,0.20913061499595642,0.31772783398628235,1.5647962700848246,1.1465601306337263,0.6504421830177307,0.3495577871799469,0.31772783398628235,0.12867756187915802
505,8,8,8,0.02450777404010296,0.9754922389984131,8,1,8,1,0.9999958872795105,0.9892740249633789,0.8990594744682312,0.010783912973213905,0.10640609044932202,0.831279456615448,0.1687205731868744,0.8990594744682312,0.8728224113583565
506,11,11,4,0.02451418898999691,0.9754858016967773,4,0,4,0,0.29146498441696167,0.09997387230396271,0.09108659625053406,2.30284640409319,2.3959446178076043,0.6074122786521912,0.3925877511501312,0.3470296263694763,0.14084629714488983
507,14,27,14,0.026998860761523247,0.9730011224746704,14,1,14,1,0.7221803069114685,0.8262197971343994,0.5488637089729309,0.1908944426333473,0.5999051215294622,0.910316526889801,0.08968345075845718,0.5488637089729309,0.48268667608499527
508,7,7,7,0.026084065437316895,0.9739159345626831,7,1,7,1,0.9999573230743408,0.9910939335823059,0.9317658543586731,0.008945962481854579,0.07067372508878665,0.7261751294136047,0.2738248407840729,0.9317658543586731,0.8936188779771328
509,22,22,25,0.026086486876010895,0.9739134907722473,25,0,25,0,0.00980992242693901,0.028406569734215736,0.13479554653167725,3.5611348318977596,2.0039961186485176,0.9973554611206055,0.0026445086114108562,0.49700868129730225,0.3387199342250824
510,11,11,11,0.03461795300245285,0.9653820395469666,11,1,11,1,0.973118245601654,0.7658970952033997,0.4646393060684204,0.26670745873157004,0.7664938602690976,0.8052551746368408,0.19474484026432037,0.4646393060684204,0.29998038709163666
511,27,8,27,0.03505019471049309,0.9649497866630554,27,1,27,1,0.4878557622432709,0.6528045535087585,0.25430771708488464,0.42647750000614076,1.3692102606327332,0.9185180068016052,0.08148197084665298,0.25430771708488464,0.03705671429634094
512,6,3,6,0.0337979756295681,0.9662020206451416,6,1,6,1,0.238191157579422,0.6155218482017517,0.3427051901817322,0.48528483731540034,1.0708847052447603,0.9548640847206116,0.04513588920235634,0.3427051901817322,0.0866830050945282
513,4,4,4,0.028089294210076332,0.9719107151031494,4,1,4,1,0.6612544655799866,0.2795070707798004,0.36049556732177734,1.2747276887470413,1.0202756182501285,0.9566594362258911,0.04334056377410889,0.36049556732177734,0.24545235931873322
514,24,24,24,0.029965540394186974,0.9700344800949097,24,1,24,1,0.9996150732040405,0.9682885408401489,0.9446308016777039,0.03222515674207311,0.05696111388141441,0.7334609627723694,0.2665390372276306,0.9446308016777039,0.9312150990590453
515,25,25,25,0.030012665316462517,0.9699873328208923,25,1,25,1,0.9843223094940186,0.811097264289856,0.5696855187416077,0.2093673007510576,0.5626707919138066,0.923077404499054,0.07692264020442963,0.5696855187416077,0.4820965453982353
516,15,15,15,0.029791133478283882,0.9702088832855225,15,1,15,1,0.9997214674949646,0.9572905898094177,0.7319560050964355,0.04364828700667413,0.3120348691543166,0.7308873534202576,0.2691126763820648,0.7319560050964355,0.6669407039880753
517,7,1,0,0.02985571324825287,0.9701442718505859,0,0,0,0,0.3516407012939453,0.09350650012493134,0.05831166356801987,2.3697243250511613,2.8419531444342367,0.7093294858932495,0.2906704843044281,0.1188003271818161,0.04118781536817551
518,5,5,5,0.030817529186606407,0.9691824913024902,5,1,5,1,0.9999973773956299,0.9970327019691467,0.9177764654159546,0.0029717091879616028,0.08580141973854495,0.7430660724639893,0.25693392753601074,0.9177764654159546,0.8832140900194645
519,7,5,7,0.030812285840511322,0.9691877365112305,7,1,8,0,0.33369481563568115,0.32756268978118896,0.10440897941589355,1.1160758230459409,2.2594395975014425,0.7255023717880249,0.2744976282119751,0.18200886249542236,0.07759988307952881
520,7,7,7,0.029033025726675987,0.9709669947624207,7,1,7,1,0.9395211935043335,0.7060298323631287,0.6323910355567932,0.34809778690977866,0.45824734902117825,0.9098163843154907,0.09018360078334808,0.6323910355567932,0.4998379200696945
521,14,14,9,0.029512915760278702,0.9704870581626892,9,0,14,1,0.7369499206542969,0.38974282145500183,0.5150963068008423,0.9422681895461303,0.6634013923045942,0.961660623550415,0.03833930939435959,0.5150963068008423,0.27241678535938263
522,9,27,9,0.03001335822045803,0.969986617565155,9,1,9,1,0.24030958116054535,0.9399300217628479,0.7082862854003906,0.061949851422389575,0.34490690910888927,0.5560646057128906,0.44393545389175415,0.7082862854003906,0.6083964630961418
523,10,10,10,0.027299271896481514,0.9727007150650024,10,1,10,1,0.9999986290931702,0.9972658157348633,0.9519169330596924,0.0027379289743087016,0.04927750318712599,0.7380333542823792,0.2619667053222656,0.9519169330596924,0.9422623291611671
524,18,18,22,0.027301181107759476,0.9726988077163696,22,0,18,1,0.32153621315956116,0.1280604600906372,0.24468116462230682,2.0552527821239446,1.4077992848418126,0.9624617695808411,0.03753817826509476,0.24468116462230682,0.03875236213207245
525,11,4,4,0.029619386419653893,0.9703806042671204,4,0,4,0,0.6235415935516357,0.18682122230529785,0.13459506630897522,1.6776031498690944,2.0054845169085667,0.8935057520866394,0.10649427026510239,0.2302534431219101,0.09530997276306152
526,27,27,27,0.029920754954218864,0.970079243183136,27,1,27,1,0.9973242878913879,0.8851948976516724,0.6325860023498535,0.12194743488458365,0.45793909552919904,0.7709014415740967,0.22909855842590332,0.6325860023498535,0.37599268555641174
527,27,27,27,0.02992975153028965,0.9700702428817749,27,1,27,1,0.9065530896186829,0.9157564043998718,0.6934455037117004,0.08800488373601484,0.3660826238409674,0.6710849404335022,0.3289150595664978,0.6934455037117004,0.5529006868600845
528,4,4,4,0.02916746400296688,0.9708325266838074,4,1,4,1,0.9885544776916504,0.9640423655509949,0.8351840972900391,0.036620037670254735,0.1801031026360442,0.9142177700996399,0.08578220754861832,0.8351840972900391,0.8122653719037771
529,11,11,15,0.0289273913949728,0.9710726141929626,15,0,15,0,0.051064010709524155,0.051269255578517914,0.1529991775751114,2.9706640129229527,1.877322732930218,0.9056439995765686,0.094356007874012,0.3445325791835785,0.1915334016084671
530,16,16,16,0.03418940305709839,0.9658105969429016,16,1,16,1,0.9884524941444397,0.8546812534332275,0.7612866759300232,0.15702668255576488,0.27274528255697306,0.8239322900772095,0.17606769502162933,0.7612866759300232,0.6980123445391655
531,10,10,10,0.03443904221057892,0.9655609726905823,10,1,10,1,0.999840259552002,0.9830535650253296,0.8795266151428223,0.017091668940803093,0.1283714535877863,0.6330946683883667,0.3669053614139557,0.8795266151428223,0.8566040508449078
532,15,15,15,0.03439769893884659,0.9656022787094116,15,1,15,1,0.9964345693588257,0.9124546051025391,0.6867632865905762,0.09161694259578887,0.37576560713809765,0.7091477513313293,0.29085224866867065,0.6867632865905762,0.534378856420517
533,12,14,12,0.03455270826816559,0.9654473066329956,12,1,12,1,0.024168189615011215,0.8992257118225098,0.6010794043540955,0.10622120614285116,0.5090282327845496,0.41771450638771057,0.5822855234146118,0.6010794043540955,0.5471517406404018
534,5,26,5,0.027212167158722878,0.9727878570556641,5,1,1,0,0.2177799940109253,0.46113696694374084,0.17427028715610504,0.7740601717755978,1.7471478105453786,0.9357686042785645,0.06423135846853256,0.2309534251689911,0.05668313801288605
535,20,20,15,0.02400803193449974,0.97599196434021,15,0,20,1,0.5818060636520386,0.2739308774471283,0.2822025716304779,1.294879476510796,1.2651301268109054,0.9307155609130859,0.06928443163633347,0.2822025716304779,0.14812804758548737
536,24,24,24,0.025635842233896255,0.974364161491394,24,1,24,1,0.8754585981369019,0.5652643442153931,0.720085084438324,0.5704617913828526,0.3283859011228895,0.8446944952011108,0.15530548989772797,0.720085084438324,0.6170083060860634
537,25,25,25,0.026356764137744904,0.9736432433128357,25,1,25,1,0.9998394250869751,0.9857192635536194,0.8656280040740967,0.014383687482918014,0.1443000192019468,0.9109976887702942,0.08900225907564163,0.8656280040740967,0.8418317623436451
538,8,8,8,0.02629384957253933,0.9737061262130737,8,1,8,1,0.861012876033783,0.8229487538337708,0.506193220615387,0.1948613477604515,0.6808368236605455,0.8688269257545471,0.13117314875125885,0.506193220615387,0.3373516649007797
539,25,25,25,0.025588009506464005,0.9744119644165039,25,1,25,1,0.991773247718811,0.8255316615104675,0.6565927863121033,0.19172766201407448,0.42069126040188715,0.778530478477478,0.22146955132484436,0.6565927863121033,0.5214633047580719
540,22,22,2,0.025747088715434074,0.9742529392242432,2,0,2,0,0.3851150572299957,0.114023357629776,0.09133624285459518,2.1713519600857727,2.3932076056973606,0.9707687497138977,0.029231274500489235,0.13458982110023499,0.028789885342121124
541,5,1,18,0.02861388958990574,0.9713861346244812,18,0,1,0,0.56891930103302,0.2885632812976837,0.25155109167099,1.2428408711676007,1.380109162276886,0.6833827495574951,0.31661728024482727,0.3177264332771301,0.06617534160614014
542,0,0,0,0.027319828048348427,0.9726801514625549,0,1,0,1,0.9999997019767761,0.9995700120925903,0.9823687672615051,0.0004300803787185737,0.017788514377314227,0.7485512495040894,0.25144878029823303,0.9823687672615051,0.97971773869358
543,15,15,15,0.027316585183143616,0.9726834297180176,15,1,15,1,0.9999994039535522,0.9961410760879517,0.8861997127532959,0.0038663887693270384,0.12081294434984503,0.6131185293197632,0.3868814706802368,0.8861997127532959,0.869536679238081
544,3,3,6,0.027319777756929398,0.9726802110671997,6,0,6,0,0.5608923435211182,0.20310541987419128,0.2180725336074829,1.5940301250099,1.5229275485629554,0.9220849871635437,0.07791506499052048,0.5914231538772583,0.3733506202697754
545,12,6,12,0.028831804171204567,0.9711682200431824,12,1,12,1,0.026240050792694092,0.948652446269989,0.6766366958618164,0.05271277898983035,0.39062078842515374,0.5973778367042542,0.40262213349342346,0.6766366958618164,0.5919064655900002
546,4,4,11,0.022884856909513474,0.9771151542663574,11,0,4,1,0.6386535167694092,0.28773730993270874,0.44174590706825256,1.2457073333684054,0.8170204330923677,0.9857131242752075,0.014286833815276623,0.44174590706825256,0.2985389530658722
547,19,5,19,0.024173881858587265,0.9758261442184448,19,1,19,1,0.1970953792333603,0.5101866126060486,0.2571338415145874,0.6729787131207485,1.3581585455444423,0.1663680225610733,0.8336319923400879,0.2571338415145874,0.13594385236501694
548,24,24,24,0.021378815174102783,0.9786211848258972,24,1,24,1,0.9977314472198486,0.9297366142272949,0.9261108040809631,0.07285394345479,0.07676139265977158,0.7846035957336426,0.21539641916751862,0.9261108040809631,0.9062317106872797
549,27,27,27,0.021455928683280945,0.9785440564155579,27,1,27,1,0.9663739800453186,0.8633264899253845,0.6596373915672302,0.14696233971543382,0.4160650016571555,0.5886209011077881,0.4113790988922119,0.6596373915672302,0.5378780364990234
550,5,1,5,0.021091781556606293,0.9789082407951355,5,1,5,1,0.7090808153152466,0.9471355676651001,0.7618503570556641,0.05431304116835014,0.27200512439763846,0.8172841668128967,0.18271584808826447,0.7618503570556641,0.6389695256948471
551,4,4,4,0.020385347306728363,0.9796146750450134,4,1,4,1,0.9984070062637329,0.9736064076423645,0.875648021697998,0.026748155939387636,0.1327910705042981,0.8935996890068054,0.10640036314725876,0.875648021697998,0.8526733499020338
552,21,21,21,0.020322564989328384,0.9796774387359619,21,1,21,1,0.9999985694885254,0.9994494915008545,0.9660670161247253,0.0005506600845845915,0.03452207230562799,0.7945295572280884,0.2054705023765564,0.9660670161247253,0.9611200247891247
553,6,6,21,0.020318197086453438,0.9796817898750305,21,0,21,0,0.13024501502513885,0.10694554448127747,0.24212642014026642,2.2354355041506198,1.4182952919535763,0.30693134665489197,0.6930686831474304,0.4449714124202728,0.2028449922800064
554,11,4,22,0.022753534838557243,0.9772464632987976,22,0,4,0,0.24752375483512878,0.03295055404305458,0.033026762306690216,3.4127472035147557,3.410437067190824,0.9811509251594543,0.018849093466997147,0.24808596074581146,0.15437613427639008
555,4,4,4,0.019277682527899742,0.9807223081588745,4,1,4,1,0.9917312860488892,0.5196601152420044,0.5195037722587585,0.6545803056469143,0.6548812071434078,0.8484411239624023,0.15155886113643646,0.5195037722587585,0.3171485513448715
556,21,21,21,0.01938946731388569,0.9806105494499207,21,1,21,1,0.9245727062225342,0.9876192808151245,0.8911423683166504,0.012457998802608911,0.11525107940839781,0.8970291018486023,0.1029708981513977,0.8911423683166504,0.8763302098959684
557,4,21,4,0.018891310319304466,0.9811086654663086,4,1,4,1,0.3483486473560333,0.9746777415275574,0.7017844915390015,0.025648384128760658,0.35412891419773446,0.9235987663269043,0.07640120387077332,0.7017844915390015,0.6039935871958733
558,11,11,11,0.017461998388171196,0.9825379848480225,11,1,11,1,0.9975367188453674,0.9339545965194702,0.7452605366706848,0.06832745379841161,0.2940214080862179,0.8200312256813049,0.17996880412101746,0.7452605366706848,0.6858542189002037
559,10,10,10,0.017456503584980965,0.9825434684753418,10,1,10,1,0.9999876022338867,0.9937376379966736,0.9346615672111511,0.00628205284274476,0.06757077541883309,0.7358337044715881,0.2641662657260895,0.9346615672111511,0.9218026455491781
560,6,6,6,0.017461523413658142,0.9825384616851807,6,1,6,1,0.7688639163970947,0.3798193335533142,0.4803225100040436,0.9680595773357897,0.7332975048593972,0.8446609973907471,0.15533900260925293,0.4803225100040436,0.3597845137119293
561,21,21,21,0.0182206928730011,0.9817793369293213,21,1,21,1,0.9999187588691711,0.9969654679298401,0.9382418394088745,0.0030391455982322563,0.06374753867722775,0.8900573253631592,0.10994262993335724,0.9382418394088745,0.9294823240488768
562,11,11,4,0.01819062978029251,0.9818093776702881,4,0,4,0,0.3958284258842468,0.085966557264328,0.12080469727516174,2.4537969273772355,2.113580109509254,0.7801322340965271,0.21986781060695648,0.39281705021858215,0.13453409075737
563,7,7,8,0.020082524046301842,0.9799174666404724,8,0,8,0,0.24906416237354279,0.11899778991937637,0.13705673813819885,2.128650358149152,1.987360291895056,0.3594585657119751,0.6405414938926697,0.6182294487953186,0.48117271065711975
564,1,1,1,0.021592609584331512,0.9784073829650879,1,1,1,1,0.8998174071311951,0.9761847853660583,0.746725857257843,0.02410338122106623,0.2920571528299258,0.6751341819763184,0.32486575841903687,0.746725857257843,0.6483602002263069
565,9,9,27,0.02115287445485592,0.9788471460342407,27,0,27,0,0.6932669281959534,0.4470480680465698,0.36832982301712036,0.80508915537022,0.9987764840140684,0.6249818801879883,0.37501809000968933,0.3864414393901825,0.018111616373062134
566,17,4,14,0.021953226998448372,0.9780467748641968,14,0,14,0,0.0697108805179596,0.01888527348637581,0.07558735460042953,3.9693728412505704,2.582466276977452,0.49893370270729065,0.501066267490387,0.4795750677585602,0.3941853418946266
567,14,14,14,0.02367103099822998,0.97632896900177,14,1,14,1,0.995107114315033,0.905305027961731,0.8348731994628906,0.0994833445984243,0.18047542259338262,0.8404585719108582,0.15954136848449707,0.8348731994628906,0.7728837169706821
568,7,7,27,0.023704346269369125,0.9762956500053406,27,0,27,0,0.07477184385061264,0.04033461958169937,0.07500376552343369,3.210545132106639,2.590216959727039,0.5493902564048767,0.4506097435951233,0.1577012836933136,0.05797182023525238
569,11,11,11,0.02830679342150688,0.971693217754364,11,1,11,1,0.9898462891578674,0.8795956373214722,0.5942193865776062,0.1282929801575416,0.5205066901351235,0.9305192828178406,0.0694807767868042,0.5942193865776062,0.44694897532463074
570,13,13,13,0.027833418920636177,0.9721665978431702,13,1,13,1,0.991126298904419,0.8540956974029541,0.6943538188934326,0.15771203362268654,0.3647736228973357,0.922903835773468,0.07709614932537079,0.6943538188934326,0.6292213425040245
571,0,0,0,0.02772112935781479,0.972278892993927,0,1,0,1,0.8366858959197998,0.9846944212913513,0.9015565514564514,0.015423918133530983,0.10363250790528997,0.9568578004837036,0.04314215108752251,0.9015565514564514,0.8715287521481514
572,9,14,16,0.026692140847444534,0.9733078479766846,16,0,16,0,0.03399988263845444,0.1427430361509323,0.06715958565473557,1.9467092151670948,2.7006836163163137,0.9776451587677002,0.02235487848520279,0.18804477155208588,0.06970861554145813
573,10,21,10,0.025339730083942413,0.9746602773666382,10,1,10,1,0.04505132511258125,0.9574995636940002,0.6725843548774719,0.04343001359950222,0.3966277406103848,0.8796430826187134,0.12035694718360901,0.6725843548774719,0.5392036437988281
574,7,7,7,0.02160852588713169,0.9783914685249329,7,1,7,1,0.9979795813560486,0.9254873991012573,0.7994967699050903,0.07743476229492256,0.22377278686001645,0.9001451134681702,0.09985486418008804,0.7994967699050903,0.7489634305238724
575,10,10,10,0.021680066362023354,0.9783199429512024,10,1,10,1,0.9999404549598694,0.9952643513679504,0.929557740688324,0.004746897343379338,0.07304635359044162,0.8382552266120911,0.16174475848674774,0.929557740688324,0.9187539210543036
576,5,5,1,0.02164388634264469,0.978356122970581,1,0,1,0,0.01448703370988369,0.021113695576786995,0.10272640734910965,3.8578333695925076,2.2756860641448196,0.3814409673213959,0.6185590028762817,0.6050904393196106,0.502364031970501
577,15,11,15,0.025834135711193085,0.9741658568382263,15,1,15,1,0.19640159606933594,0.7302765250205994,0.2763208746910095,0.31433201516875553,1.2861924990885996,0.9401583671569824,0.059841595590114594,0.2763208746910095,0.015454262495040894
578,17,17,17,0.02165447548031807,0.978345513343811,17,1,17,1,0.8702861666679382,0.637042224407196,0.6550559997558594,0.450919339253291,0.42303455119097133,0.7083516120910645,0.29164838790893555,0.6550559997558594,0.4134398102760315
579,26,26,26,0.022135069593787193,0.9778649210929871,26,1,26,1,0.9847475290298462,0.643178403377533,0.41272810101509094,0.4413331385195078,0.8849662538823699,0.944719135761261,0.055280912667512894,0.41272810101509094,0.28700245916843414
580,18,0,16,0.022630566731095314,0.9773694276809692,16,0,25,0,0.041651368141174316,0.013002712279558182,0.06212514266371727,4.342597306393158,2.7786044981701177,0.868950366973877,0.13104960322380066,0.1470484882593155,0.03306494653224945
581,9,9,9,0.021266430616378784,0.9787335395812988,9,1,9,1,0.9833050966262817,0.8036945462226868,0.6413225531578064,0.21853599962363296,0.44422274557136726,0.7890644669532776,0.2109355926513672,0.6413225531578064,0.5318876951932907
582,27,27,27,0.02145800180733204,0.9785419702529907,27,1,27,1,0.9916431307792664,0.9184204339981079,0.6977933049201965,0.08510000410195319,0.35983234482952325,0.7449644207954407,0.25503551959991455,0.6977933049201965,0.5478269457817078
583,6,6,6,0.021400902420282364,0.9785990715026855,6,1,6,1,0.749247133731842,0.3408486843109131,0.35027217864990234,1.0763166412045184,1.0490447734288895,0.9791470170021057,0.02085300348699093,0.35027217864990234,0.24366410076618195
584,10,10,10,0.02180619165301323,0.9781938195228577,10,1,10,1,0.98867267370224,0.806598424911499,0.6629548072814941,0.21492934929521104,0.411048455099191,0.9250008463859558,0.0749991312623024,0.6629548072814941,0.6214090064167976
585,17,8,27,0.022036440670490265,0.9779635667800903,27,0,27,0,0.22332806885242462,0.3623092770576477,0.213181734085083,1.0152570753983137,1.5456102653838248,0.9651505351066589,0.034849487245082855,0.25957268476486206,0.04639095067977905
586,20,20,20,0.020261241123080254,0.9797387719154358,20,1,20,1,0.7704648375511169,0.3769323527812958,0.3717298209667206,0.9756895432279983,0.9895879763075626,0.9311433434486389,0.0688566043972969,0.3717298209667206,0.17569728195667267
587,18,18,1,0.02128509245812893,0.9787148833274841,1,0,1,0,0.29025799036026,0.18840520083904266,0.1586086004972458,1.6691603119181195,1.8413157436523726,0.9392179250717163,0.06078208610415459,0.15921464562416077,0.000606045126914978
588,16,16,16,0.02168731950223446,0.9783126711845398,16,1,16,1,0.9981565475463867,0.9106178879737854,0.7626803517341614,0.0936319121125441,0.2709162716041652,0.8423088788986206,0.1576911062002182,0.7626803517341614,0.705302719026804
589,0,0,16,0.02177329920232296,0.9782267212867737,16,0,24,0,0.0038778260350227356,0.02086150273680687,0.1200321689248085,3.869849792847597,2.1199954977522015,0.8185867071151733,0.18141324818134308,0.29528188705444336,0.10211719572544098
590,5,5,5,0.03037654049694538,0.9696234464645386,5,1,5,1,0.9763071537017822,0.6710010766983032,0.47648143768310547,0.3989845373943012,0.7413265121910418,0.5999685525894165,0.4000313878059387,0.47648143768310547,0.3898497149348259
591,27,27,17,0.03084254078567028,0.9691574573516846,17,0,17,0,0.7999430298805237,0.30416589975357056,0.19541727006435394,1.190182003554903,1.6326181601451655,0.9266367554664612,0.07336322963237762,0.3464062809944153,0.15098901093006134
592,6,6,6,0.03190159052610397,0.9680984020233154,6,1,6,1,0.7767689824104309,0.5506809949874878,0.7189396619796753,0.5965995939547715,0.3299778441431911,0.6562044024467468,0.3437955975532532,0.7189396619796753,0.5772403478622437
593,16,16,16,0.03287143632769585,0.967128574848175,16,1,16,1,0.9999665021896362,0.9766749143600464,0.8412750363349915,0.023601420937541487,0.17283663759235582,0.9086806178092957,0.09131938964128494,0.8412750363349915,0.821442250162363
594,17,17,17,0.03289976716041565,0.9671002626419067,17,1,17,1,0.8894944787025452,0.5918061137199402,0.6179707050323486,0.5245762083496526,0.4813142255082747,0.7974310517311096,0.20256897807121277,0.6179707050323486,0.4048718065023422
595,14,27,9,0.033560119569301605,0.9664399027824402,9,0,9,0,0.05945884436368942,0.2294980138540268,0.12927410006523132,1.4718609037498054,2.045820322122409,0.9117910265922546,0.08820894360542297,0.5835766792297363,0.4486444294452667
596,0,0,0,0.028127551078796387,0.9718724489212036,0,1,0,1,0.9995745420455933,0.9970867037773132,0.9480706453323364,0.0029175481301793177,0.053326259110861834,0.8294534087181091,0.17054665088653564,0.9480706453323364,0.9428899306803942
597,3,3,1,0.027995439246296883,0.9720045328140259,1,0,1,0,0.02710038237273693,0.026715293526649475,0.07808813452720642,3.622519086297952,2.549917160346814,0.9103422164916992,0.08965776860713959,0.14517679810523987,0.007838398218154907
598,14,27,14,0.03513648360967636,0.9648635387420654,14,1,14,1,0.17232584953308105,0.8894580602645874,0.5938208699226379,0.11714292277469407,0.5211775708864026,0.9191855788230896,0.08081446588039398,0.5938208699226379,0.43764999508857727
599,7,7,7,0.031934164464473724,0.9680658578872681,7,1,7,1,0.8526524305343628,0.4431617259979248,0.3801085650920868,0.8138205055860878,0.9672983694547418,0.9515964388847351,0.048403527587652206,0.3801085650920868,0.26050877571105957
600,26,26,14,0.03325718268752098,0.9667428135871887,14,0,14,0,0.12250053137540817,0.13417643308639526,0.37020134925842285,2.0085996802504007,0.9937082341750899,0.9366086721420288,0.06339140236377716,0.4089601933956146,0.03875884413719177
601,4,4,3,0.03706996887922287,0.9629300236701965,3,0,4,1,0.13606932759284973,0.06574006378650665,0.30378061532974243,2.7220467404619795,1.1914494981974428,0.9950482249259949,0.0049517531879246235,0.30378061532974243,0.12777794897556305
602,12,7,8,0.04282297566533089,0.9571770429611206,8,0,7,0,0.14027413725852966,0.155639186501503,0.1404036432504654,1.8602148576752355,1.963233838649709,0.8873449563980103,0.11265505105257034,0.332279235124588,0.09838315844535828
603,8,17,8,0.031824901700019836,0.9681751132011414,8,1,8,1,0.09571273624897003,0.9658079147338867,0.7210825085639954,0.034790310573285445,0.3270017119560388,0.5763044357299805,0.42369556427001953,0.7210825085639954,0.6379468217492104
604,9,5,9,0.027328968048095703,0.9726710319519043,9,1,9,1,0.14590317010879517,0.6366341710090637,0.3150745928287506,0.45156008821207155,1.1549458655588671,0.8864651322364807,0.11353486031293869,0.3150745928287506,0.10402405261993408
605,15,15,15,0.023035136982798576,0.9769648909568787,15,1,15,1,0.999343991279602,0.9370660781860352,0.6920629143714905,0.06500147822056172,0.3680784107753351,0.8428395986557007,0.15716040134429932,0.6920629143714905,0.6113860085606575
606,16,16,16,0.023109978064894676,0.9768900275230408,16,1,16,1,0.8488872647285461,0.9841237664222717,0.7916624546051025,0.0160036109549618,0.2336201716944769,0.9605368971824646,0.03946312144398689,0.7916624546051025,0.7405328340828419
607,0,0,0,0.022146087139844894,0.9778538942337036,0,1,0,1,0.9999905228614807,0.9993754625320435,0.9791874885559082,0.0006247325727187023,0.021032144515765728,0.8970667123794556,0.10293327271938324,0.9791874885559082,0.9769855949562043
608,20,16,11,0.02212982438504696,0.9778701663017273,11,0,11,0,0.41588646173477173,0.2058255970478058,0.10256282985210419,1.580726085047302,2.2772796940287314,0.965528130531311,0.03447183221578598,0.20062938332557678,0.015942811965942383
609,9,7,14,0.017823511734604836,0.9821764826774597,14,0,14,0,0.04295851290225983,0.05404329299926758,0.059965427964925766,2.917969831416786,2.8139870834119587,0.8257623910903931,0.17423765361309052,0.5697405338287354,0.44921794533729553
610,3,3,3,0.016248606145381927,0.9837514162063599,3,1,3,1,0.9362612962722778,0.5826284885406494,0.46008941531181335,0.54020553668107,0.7763344272759193,0.9354118704795837,0.06458810716867447,0.46008941531181335,0.2592245489358902
611,2,22,19,0.01665368676185608,0.9833463430404663,19,0,19,0,0.7725332975387573,0.3191349506378174,0.21601413190364838,1.1421412229028702,1.5324114479582718,0.9915422201156616,0.008457770571112633,0.27083849906921387,0.05482436716556549
612,10,10,10,0.016744030639529228,0.9832559823989868,10,1,10,1,0.9995593428611755,0.9636428952217102,0.8912664651870728,0.03703449364305472,0.11511183316108323,0.9123390316963196,0.08766097575426102,0.8912664651870728,0.869249165058136
613,7,8,7,0.01677355170249939,0.9832264184951782,7,1,7,1,0.7418378591537476,0.8359746336936951,0.557830810546875,0.17915700882943414,0.5836995694825756,0.986077070236206,0.013922913931310177,0.557830810546875,0.4572720602154732
614,10,10,24,0.016108063980937004,0.9838919639587402,24,0,10,1,0.5620704889297485,0.2266225516796112,0.30024266242980957,1.4844694133648781,1.203164256522795,0.9919405579566956,0.008059468120336533,0.30024266242980957,0.23957807198166847
615,16,16,16,0.017363201826810837,0.9826368093490601,16,1,16,1,0.9985281229019165,0.9268220067024231,0.7554291486740112,0.07599374188231621,0.28046928237647756,0.9305018186569214,0.06949818879365921,0.7554291486740112,0.6405410394072533
616,23,23,23,0.01742693781852722,0.9825730323791504,23,1,23,1,0.7925035953521729,0.7799298167228699,0.35135844349861145,0.24855134190723638,1.0459483700442072,0.9536004662513733,0.04639948531985283,0.35135844349861145,0.1775246262550354
617,2,22,2,0.01703774183988571,0.9829622507095337,2,1,2,1,0.6842851638793945,0.8905435800552368,0.6916413307189941,0.11592323858943084,0.368687765942145,0.8287569284439087,0.1712430864572525,0.6916413307189941,0.5884518101811409
618,18,21,5,0.016448630020022392,0.9835513830184937,5,0,5,0,0.00934066716581583,0.01633443869650364,0.0261582899838686,4.114479596533348,3.6435891221188137,0.9927345514297485,0.00726541830226779,0.3482581377029419,0.2144509255886078
619,13,21,11,0.017648281529545784,0.9823517203330994,11,0,11,0,0.13399827480316162,0.18831704556941986,0.2223120480775833,1.6696283239459322,1.5036732621005693,0.9893256425857544,0.010674343444406986,0.2315826714038849,0.009270623326301575
620,26,26,26,0.014272628352046013,0.9857273697853088,26,1,26,1,0.9999918341636658,0.9876161813735962,0.8835917711257935,0.012461137103421805,0.12376012037474908,0.9136622548103333,0.08633777499198914,0.8835917711257935,0.8631429895758629
621,14,14,14,0.014280819334089756,0.9857192039489746,14,1,14,1,0.8208299875259399,0.8485713005065918,0.8119000196456909,0.16420116659892894,0.208378074916556,0.9759544730186462,0.02404547668993473,0.8119000196456909,0.7195709496736526
622,11,11,11,0.013947823084890842,0.9860521554946899,11,1,11,1,0.9309695959091187,0.5626052618026733,0.39600804448127747,0.5751770303169466,0.9263207535873298,0.8462107181549072,0.15378926694393158,0.39600804448127747,0.13605979084968567
623,14,26,14,0.014269080944359303,0.9857309460639954,14,1,14,1,0.2010292112827301,0.4684505760669708,0.3074255883693695,0.7583246768557976,1.1795222100623382,0.9476624727249146,0.05233752354979515,0.3074255883693695,0.1587035208940506
624,5,7,5,0.012915333732962608,0.987084686756134,5,1,5,1,0.5746679902076721,0.8756747245788574,0.5991169810295105,0.13276057597561317,0.5122984060617488,0.9390338063240051,0.060966141521930695,0.5991169810295105,0.5455195344984531
625,16,16,16,0.012238102033734322,0.987761914730072,16,1,16,1,0.9998283982276917,0.9704451560974121,0.8612034320831299,0.030000388946268927,0.14942452826632402,0.8976536989212036,0.10234629362821579,0.8612034320831299,0.8190986290574074
626,23,6,23,0.012250497005879879,0.9877495169639587,23,1,23,1,0.005432928446680307,0.7771317958831787,0.44628891348838806,0.25214532152731234,0.8067887485956556,0.7816436290740967,0.21835635602474213,0.44628891348838806,0.30275215208530426
627,5,19,5,0.010142243467271328,0.9898577332496643,5,1,5,1,0.10006053000688553,0.46614518761634827,0.24561163783073425,0.7632581319731954,1.404003698527505,0.992104172706604,0.007895777933299541,0.24561163783073425,0.12945174425840378
628,0,0,16,0.010381648316979408,0.9896183609962463,16,0,0,1,0.13537368178367615,0.12441030144691467,0.4106655716896057,2.084170293046739,0.8899760899005822,0.9464908242225647,0.0535091757774353,0.4106655716896057,0.09009414911270142
629,14,14,14,0.011375939473509789,0.9886240363121033,14,1,14,1,0.9834511876106262,0.9857360124588013,0.8764879703521729,0.014366696070141799,0.13183229935602095,0.9516523480415344,0.048347607254981995,0.8764879703521729,0.8596001099795103
630,0,0,0,0.011237313970923424,0.9887626767158508,0,1,0,1,0.9966393113136292,0.9977220296859741,0.9587739109992981,0.0022805688353880484,0.04209998684707455,0.853676974773407,0.14632301032543182,0.9587739109992981,0.9543821741826832
631,17,7,9,0.011115163564682007,0.9888848662376404,9,0,9,0,0.2195124626159668,0.3407859802246094,0.1988847255706787,1.076500622711748,1.6150298905875073,0.9541165232658386,0.04588345065712929,0.23373888432979584,0.034854158759117126
632,14,27,14,0.010775158181786537,0.9892248511314392,14,1,14,1,0.14569643139839172,0.5810971856117249,0.2679049074649811,0.5428372631209886,1.317123184327679,0.9424200654029846,0.057579927146434784,0.2679049074649811,0.05061770975589752
633,26,26,26,0.010274890810251236,0.9897251129150391,26,1,26,1,0.999999463558197,0.9996715188026428,0.9813986420631409,0.00032853515912296017,0.018776539000471593,0.9192104339599609,0.08078959584236145,0.9813986420631409,0.9793427269905806
634,12,5,16,0.010273335501551628,0.9897266626358032,16,0,16,0,0.24554982781410217,0.3500364422798157,0.15389308333396912,1.0497180091193985,1.8714971817465433,0.8891720175743103,0.11082801222801208,0.23506785929203033,0.0551096647977829
635,12,12,12,0.010532138869166374,0.9894678592681885,12,1,12,1,0.9936068058013916,0.9629256725311279,0.8143594264984131,0.03777905341188008,0.20535345454185708,0.9043077230453491,0.09569228440523148,0.8143594264984131,0.7769356556236744
636,19,19,19,0.010424361564218998,0.9895756244659424,19,1,19,1,0.8179131150245667,0.47745001316070557,0.4548090994358063,0.7392958090213525,0.7878775097513613,0.9466390609741211,0.053360894322395325,0.4548090994358063,0.2953145503997803
637,19,19,19,0.010672301985323429,0.9893276691436768,19,1,19,1,0.6220017671585083,0.803670346736908,0.47779279947280884,0.218566110379301,0.7385781143739111,0.783421516418457,0.21657846868038177,0.47779279947280884,0.4066397324204445
638,20,20,11,0.010111913084983826,0.989888072013855,11,0,11,0,0.2364092618227005,0.13121597468852997,0.24494889378547668,2.030910651587366,1.40670568699072,0.9434245228767395,0.05657548829913139,0.48711830377578735,0.24216940999031067
639,3,3,3,0.01112754363566637,0.9888724684715271,3,1,3,1,0.9850383400917053,0.7652212381362915,0.6697073578834534,0.2675902867877531,0.40091444129140696,0.9232438206672668,0.07675618678331375,0.6697073578834534,0.5064418166875839
640,1,5,1,0.01125404518097639,0.988745927810669,1,1,1,1,0.274917334318161,0.9729913473129272,0.6302787661552429,0.02738008962814253,0.4615930715038993,0.5579065680503845,0.4420934021472931,0.6302787661552429,0.5341031923890114
641,9,27,9,0.010229222476482391,0.989770770072937,9,1,9,1,0.8197943568229675,0.7453621625900269,0.5800489783287048,0.2938850544407919,0.5446427336126649,0.8449522256851196,0.15504778921604156,0.5800489783287048,0.2732745110988617
642,15,15,15,0.010146619752049446,0.9898533821105957,15,1,15,1,0.919745683670044,0.9954662322998047,0.8568446636199951,0.004544076394926984,0.1544986327992121,0.8184444308280945,0.18155553936958313,0.8568446636199951,0.7752317413687706
643,2,2,2,0.01000218652188778,0.9899978041648865,2,1,2,1,0.9930759072303772,0.888727605342865,0.7730575203895569,0.1179644961086124,0.2574018212749704,0.8775662183761597,0.1224338486790657,0.7730575203895569,0.7047297433018684
644,0,0,0,0.010058112442493439,0.9899418950080872,0,1,0,1,1.0,0.9995515942573547,0.9890912175178528,0.00044850630656369825,0.010968719541911141,0.8515854477882385,0.1484145224094391,0.9890912175178528,0.9872692684875801
645,5,1,1,0.010057767853140831,0.9899422526359558,1,0,1,0,0.7757973670959473,0.01985214091837406,0.11814028769731522,3.919443422834924,2.1358824818824207,0.7395386695861816,0.26046130061149597,0.4592846930027008,0.3411444053053856
646,6,6,6,0.012276645749807358,0.9877233505249023,6,1,6,1,0.934291422367096,0.7249690294265747,0.652777373790741,0.32162634307221416,0.42651913617994675,0.8170020580291748,0.18299788236618042,0.652777373790741,0.5510891303420067
647,1,5,1,0.012134849093854427,0.987865149974823,1,1,1,1,0.12877623736858368,0.8606760501861572,0.3743477463722229,0.15003709368555845,0.9825701104324915,0.6885582804679871,0.31144168972969055,0.3743477463722229,0.2758856415748596
648,1,1,1,0.010636307299137115,0.9893636703491211,1,1,1,1,0.887962818145752,0.5218949913978577,0.38514795899391174,0.6502888772405601,0.9541277094470755,0.8637623190879822,0.1362377256155014,0.38514795899391174,0.1302371621131897
649,25,25,25,0.010978544130921364,0.9890214800834656,25,1,25,1,0.9702014923095703,0.7076217532157898,0.6254303455352783,0.3458455749194785,0.469315313333049,0.9825679659843445,0.017432060092687607,0.6254303455352783,0.5379690304398537
650,22,22,19,0.011122415773570538,0.9888775944709778,19,0,19,0,0.4660016894340515,0.10645968466997147,0.10675280541181564,2.2399889131997233,2.2372393470143597,0.9943692088127136,0.005630807485431433,0.2777644991874695,0.11156424880027771
651,7,7,7,0.012131191790103912,0.9878687858581543,7,1,7,1,0.9967581033706665,0.9792641401290894,0.8998481035232544,0.020953866786464076,0.10552930376478808,0.9295925498008728,0.07040740549564362,0.8998481035232544,0.8860949231311679
652,26,17,26,0.012085231952369213,0.9879147410392761,26,1,26,1,0.08393526822328568,0.9836857914924622,0.7474274635314941,0.016448750511561697,0.29111801717971403,0.4146110713481903,0.5853888988494873,0.7474274635314941,0.6629767343401909
653,19,19,5,0.01062367670238018,0.9893763065338135,5,0,5,0,0.41652336716651917,0.2772785425186157,0.30017152428627014,1.2827327093810226,1.2034012200904327,0.9831792116165161,0.01682078279554844,0.33765026926994324,0.037478744983673096
654,1,5,1,0.011167969554662704,0.9888320565223694,1,1,1,1,0.09408124536275864,0.979646623134613,0.7208760380744934,0.020563360983385032,0.3272880870274919,0.6246313452720642,0.3753686249256134,0.7208760380744934,0.5998133793473244
655,9,9,9,0.010016661137342453,0.989983320236206,9,1,9,1,0.9991485476493835,0.9039273858070374,0.735717236995697,0.10100624725091424,0.30690942293725243,0.8149647116661072,0.18503527343273163,0.735717236995697,0.6145830750465393
656,6,6,3,0.010050118900835514,0.9899498820304871,3,0,6,1,0.6489232182502747,0.3120989501476288,0.6034854054450989,1.1644349935443554,0.5050334219265317,0.777084469795227,0.22291557490825653,0.6034854054450989,0.29446062445640564
657,21,21,21,0.01059939619153738,0.9894006252288818,21,1,21,1,0.9998922348022461,0.9925143122673035,0.8975085020065308,0.007513846104307944,0.10813268567679357,0.7455758452415466,0.25442418456077576,0.8975085020065308,0.8718208558857441
658,0,0,0,0.010581500828266144,0.9894185066223145,0,1,0,1,0.9989348649978638,0.9984171986579895,0.9703473448753357,0.0015840552954020479,0.030101184082390077,0.9522138833999634,0.04778614267706871,0.9703473448753357,0.9673679827246815
659,16,16,16,0.010527764447033405,0.9894722104072571,16,1,16,1,0.9999386072158813,0.9889035820960999,0.9267743229866028,0.011158442409081848,0.07604519182863632,0.9023755192756653,0.09762450307607651,0.9267743229866028,0.9030349366366863
660,12,12,12,0.010520447976887226,0.9894795417785645,12,1,12,1,0.981370210647583,0.9625054001808167,0.8045915365219116,0.038215602258465146,0.21742053838591452,0.7037433981895447,0.2962566018104553,0.8045915365219116,0.7742211483418941
661,20,15,24,0.010371113196015358,0.9896289110183716,24,0,24,0,0.03180496767163277,0.10834473371505737,0.07394347339868546,2.222437156564412,2.604454350668336,0.8139482140541077,0.18605180084705353,0.2552940547466278,0.16036858409643173
662,24,24,24,0.011161727830767632,0.988838255405426,24,1,24,1,0.9558687806129456,0.7029898166656494,0.8212394118309021,0.35241287281600536,0.19694060201418898,0.9021067023277283,0.09789329022169113,0.8212394118309021,0.7729541026055813
663,17,17,27,0.011355342343449593,0.9886446595191956,27,0,27,0,0.03398682922124863,0.0326913446187973,0.06442133337259293,3.4206449266723147,2.7423104371779052,0.6517605781555176,0.3482394218444824,0.644656777381897,0.580235444009304
664,17,9,27,0.012424997054040432,0.9875749945640564,27,0,27,0,0.17208190262317657,0.006408986635506153,0.02858513593673706,5.050054111731974,3.554868418750588,0.8395642638206482,0.160435751080513,0.5440475344657898,0.21898987889289856
665,5,5,5,0.01286531426012516,0.9871346950531006,5,1,5,1,0.8635459542274475,0.9637717008590698,0.8187127709388733,0.03690083725401078,0.20002196367550457,0.8294985890388489,0.17050138115882874,0.8187127709388733,0.7186384052038193
666,18,18,18,0.01255045086145401,0.9874495267868042,18,1,18,1,0.9754332900047302,0.7649437189102173,0.5863773822784424,0.26795301791401377,0.5337916996200583,0.8792458176612854,0.12075424194335938,0.5863773822784424,0.4118264764547348
667,22,22,22,0.012628545984625816,0.9873714447021484,22,1,22,1,0.6425580978393555,0.2803835868835449,0.2491036355495453,1.2715966601870439,1.389886262081262,0.9877122044563293,0.012287811376154423,0.2491036355495453,0.07879136502742767
668,4,4,4,0.013434321619570255,0.9865656495094299,4,1,4,1,0.9940672516822815,0.7574169635772705,0.6715471744537354,0.27784136664712583,0.3981710131353678,0.9780394434928894,0.021960528567433357,0.6715471744537354,0.6318005286157131
669,14,27,14,0.013579591177403927,0.9864203929901123,14,1,14,1,0.6851301789283752,0.8644248247146606,0.7051806449890137,0.14569093574899336,0.3493012749652303,0.9469316601753235,0.0530683659017086,0.7051806449890137,0.623460128903389
670,23,4,23,0.013044754974544048,0.9869552254676819,23,1,23,1,0.05478677526116371,0.7688184380531311,0.3412015438079834,0.2629004387141453,1.0752819387324595,0.9840604066848755,0.015939587727189064,0.3412015438079834,0.2294653207063675
671,3,3,3,0.010392550379037857,0.9896074533462524,3,1,3,1,0.9654184579849243,0.7018758654594421,0.6632888317108154,0.35399872042241814,0.41054474005534325,0.9482723474502563,0.05172764137387276,0.6632888317108154,0.507519006729126
672,13,13,4,0.010565200820565224,0.9894347786903381,4,0,13,1,0.35541054606437683,0.14547911286354065,0.23951303958892822,1.9277227568779502,1.429147418565528,0.8572267889976501,0.14277316629886627,0.23951303958892822,0.044740721583366394
673,9,27,9,0.011557025834918022,0.9884429574012756,9,1,9,1,0.2598569989204407,0.29531583189964294,0.16669107973575592,1.219709878734594,1.791613001540435,0.987216055393219,0.012783879414200783,0.16669107973575592,0.045496001839637756
674,17,17,17,0.011228217743337154,0.9887717962265015,17,1,17,1,0.9982450008392334,0.9719789028167725,0.8605020046234131,0.02842117967826917,0.15023933373021975,0.8447442650794983,0.1552557647228241,0.8605020046234131,0.8251983746886253
675,15,11,15,0.011160112917423248,0.988839864730835,15,1,15,1,0.373234361410141,0.9891743659973145,0.8320997953414917,0.010884657543154748,0.1838028990300053,0.9212573170661926,0.07874266803264618,0.8320997953414917,0.7866349592804909
676,10,10,10,0.010344814509153366,0.9896551966667175,10,1,10,1,0.9873626232147217,0.6885724663734436,0.5607218742370605,0.37313471381259056,0.57853026424133,0.9194726347923279,0.08052735775709152,0.5607218742370605,0.4971807301044464
677,16,6,16,0.010527150705456734,0.9894728660583496,16,1,16,1,0.2310032844543457,0.8776412606239319,0.3663938045501709,0.13051735583011603,1.0040465553039115,0.9625245332717896,0.03747551515698433,0.3663938045501709,0.25093981623649597
678,17,27,17,0.010065561160445213,0.9899344444274902,17,1,17,1,0.9488709568977356,0.6138080954551697,0.550574779510498,0.4880729478069536,0.5967924927885915,0.8401734828948975,0.15982656180858612,0.550574779510498,0.29525262117385864
679,2,25,2,0.01024372037500143,0.9897562861442566,2,1,2,1,0.04043443500995636,0.6034301519393921,0.4863680601119995,0.5051249834370405,0.7207896163744375,0.4132939875125885,0.5867059826850891,0.4863680601119995,0.30942513048648834
680,4,4,4,0.010250448249280453,0.989749550819397,4,1,4,1,0.9980368614196777,0.9332090616226196,0.8238562345504761,0.0691260286134471,0.19375923692770314,0.8490543961524963,0.15094560384750366,0.8238562345504761,0.7913948521018028
681,2,2,2,0.010232594795525074,0.9897674322128296,2,1,2,1,0.9977363348007202,0.9792017340660095,0.8632108569145203,0.02101759632489844,0.1470962875981701,0.8530295491218567,0.14697043597698212,0.8632108569145203,0.8267057947814465
682,21,21,21,0.010161429643630981,0.9898385405540466,21,1,21,1,0.9999542832374573,0.9985049366950989,0.9549083113670349,0.0014961820272234479,0.046139952150323696,0.8728520274162292,0.12714800238609314,0.9549083113670349,0.9440230643376708
683,25,18,25,0.010153215378522873,0.9898467659950256,25,1,25,1,0.0853552371263504,0.8411720991134644,0.38900625705718994,0.1729590036619775,0.9441598505131299,0.9921667575836182,0.00783331785351038,0.38900625705718994,0.20688548684120178
684,26,26,26,0.010082835331559181,0.9899171590805054,26,1,26,1,0.9999995231628418,0.9993491172790527,0.9723095893859863,0.0006510946370654953,0.028081017635723855,0.9107276797294617,0.08927227556705475,0.9723095893859863,0.9696619161404669
685,18,18,22,0.010082240216434002,0.9899177551269531,22,0,22,0,0.05044088140130043,0.04326381906867027,0.15862174332141876,3.1404385806000086,1.8412328838349776,0.8851363658905029,0.11486361175775528,0.30687785148620605,0.1482561081647873
686,8,8,8,0.011905713006854057,0.9880942702293396,8,1,8,1,0.9034466743469238,0.570777416229248,0.5013003349304199,0.5607559592826241,0.6905498865891844,0.9825698137283325,0.017430255189538002,0.5013003349304199,0.35415397584438324
687,22,22,25,0.012203863821923733,0.9877961277961731,25,0,22,1,0.6373011469841003,0.31225156784057617,0.26970478892326355,1.1639461088823266,1.3104272925118445,0.9965379238128662,0.0034621236845850945,0.26970478892326355,0.13229289650917053
688,17,1,1,0.012631329707801342,0.987368643283844,1,0,1,0,0.7555227875709534,0.001809605280868709,0.03328101336956024,6.314646534354737,3.4027682136862176,0.8529242277145386,0.14707572758197784,0.7505431771278381,0.6876217350363731
689,25,25,25,0.015772096812725067,0.9842278957366943,25,1,25,1,0.7582602500915527,0.3777041733264923,0.4028966426849365,0.973644000009195,0.909075219693874,0.9538207054138184,0.04617929831147194,0.4028966426849365,0.2907395660877228
690,6,6,6,0.01655423268675804,0.9834457635879517,6,1,6,1,0.9995190501213074,0.9295966029167175,0.8393243551254272,0.07300454724065372,0.17515804993546058,0.839013934135437,0.16098608076572418,0.8393243551254272,0.8007962107658386
691,0,0,0,0.016581373289227486,0.9834186434745789,0,1,0,1,0.9999569058418274,0.9995765686035156,0.9839245080947876,0.00042352106887243575,0.016206104288834806,0.8764427304267883,0.12355721741914749,0.9839245080947876,0.9816706785932183
692,17,7,17,0.01656447909772396,0.9834355115890503,17,1,17,1,0.537830114364624,0.9112087488174438,0.7705940008163452,0.09298326547137323,0.2605936319016902,0.961346447467804,0.03865360468626022,0.7705940008163452,0.7265605553984642
693,3,3,3,0.015554238110780716,0.9844457507133484,3,1,3,1,0.9579752683639526,0.7438806295394897,0.6907342076301575,0.29587470118894,0.3700001780817931,0.9640713930130005,0.035928621888160706,0.6907342076301575,0.5196685791015625
694,18,18,19,0.01577949896454811,0.9842205047607422,19,0,18,1,0.42183417081832886,0.2628740966320038,0.3575342893600464,1.3360800814577931,1.0285240071537205,0.9623808264732361,0.03761918470263481,0.3575342893600464,0.16149576008319855
695,12,12,12,0.01678878627717495,0.9832112193107605,12,1,12,1,0.9469744563102722,0.9896784424781799,0.9174066781997681,0.010375194191854056,0.08620441736031106,0.8727679252624512,0.12723205983638763,0.9174066781997681,0.8988670408725739
696,26,1,26,0.01650705561041832,0.9834929704666138,26,1,26,1,0.06469152867794037,0.579503059387207,0.12283243238925934,0.5455843368595674,2.096934190734924,0.8827226758003235,0.1172773689031601,0.12283243238925934,0.024601787328720093
697,25,25,22,0.014514438807964325,0.9854855537414551,22,0,25,1,0.5415109992027283,0.28005480766296387,0.4185793399810791,1.2727699533143428,0.8708888252262713,0.9779035449028015,0.022096430882811546,0.4185793399810791,0.3034895285964012
698,5,5,5,0.015394965186715126,0.9846050143241882,5,1,5,1,0.9912737607955933,0.8140811920166016,0.6539974212646484,0.20569517346160834,0.4246518705531273,0.8498290181159973,0.15017090737819672,0.6539974212646484,0.541082575917244
699,26,8,7,0.015350612811744213,0.9846493601799011,7,0,8,0,0.22378918528556824,0.02466316893696785,0.04892131686210632,3.702444284353281,3.0175420498397285,0.9942551255226135,0.005744823254644871,0.4418962597846985,0.24066682159900665
700,24,10,24,0.016079232096672058,0.9839207530021667,24,1,24,1,0.14877949655056,0.764573335647583,0.27059316635131836,0.26843733192511987,1.3071388172549487,0.9744877815246582,0.025512229651212692,0.27059316635131836,0.09210959076881409
701,6,6,6,0.01391814649105072,0.9860818386077881,6,1,6,1,0.9252417087554932,0.5581939816474915,0.6535826921463013,0.5830487396515972,0.42528621659127924,0.9236735105514526,0.07632649689912796,0.6535826921463013,0.5841097310185432
702,27,9,9,0.014280795119702816,0.9857192039489746,9,0,9,0,0.7974069714546204,0.31537556648254395,0.2559257745742798,1.1539910758036018,1.3628678196134125,0.9204816818237305,0.07951837033033371,0.5064221620559692,0.25049638748168945
703,6,5,24,0.013309458270668983,0.9866905212402344,24,0,24,0,0.010925421491265297,0.005241883918642998,0.036079686135053635,5.25107431880475,3.3220252829648635,0.743277907371521,0.256722092628479,0.6127147674560547,0.576635081321001
704,1,1,1,0.015175683423876762,0.9848242998123169,1,1,1,1,0.972694456577301,0.8086159229278564,0.5533735752105713,0.21243122999821998,0.5917219626599208,0.8874943256378174,0.11250562220811844,0.5533735752105713,0.4982072561979294
705,26,26,26,0.015142558142542839,0.984857439994812,26,1,26,1,0.7474279999732971,0.9629539847373962,0.7660611867904663,0.03774965156824619,0.26649323411511294,0.9595480561256409,0.04045199975371361,0.7660611867904663,0.7042742930352688
706,24,0,10,0.014654367230832577,0.9853456616401672,10,0,24,1,0.31500136852264404,0.3945569396018982,0.3851960301399231,0.9299918155196684,0.9540029050823973,0.833903968334198,0.16609597206115723,0.3851960301399231,0.16603031754493713
707,1,5,1,0.014573274180293083,0.9854267239570618,1,1,1,1,0.06260614842176437,0.9688757658004761,0.7251380085945129,0.03161888397904401,0.3213932855609098,0.4235483407974243,0.5764515995979309,0.7251380085945129,0.600881889462471
708,4,4,4,0.012589381076395512,0.9874106049537659,4,1,4,1,0.9996888041496277,0.9877346158027649,0.9316626787185669,0.012341224802801674,0.07078446251539593,0.9292160868644714,0.07078385353088379,0.9316626787185669,0.9163710149005055
709,23,23,23,0.012578543275594711,0.987421452999115,23,1,23,1,0.998196542263031,0.9203672409057617,0.6334638595581055,0.08298251369058815,0.45655232969106,0.7067275047302246,0.293272465467453,0.6334638595581055,0.5913007743656635
710,10,10,10,0.012575013563036919,0.9874249696731567,10,1,10,1,0.9702109694480896,0.8098462224006653,0.8114371299743652,0.21091089822730152,0.20894836887425872,0.959807276725769,0.04019270837306976,0.8114371299743652,0.7625917233526707
711,16,16,10,0.012525893747806549,0.9874740839004517,10,0,10,0,0.016262173652648926,0.027955884113907814,0.08325716853141785,3.5771275786789007,2.485821045343207,0.37477099895477295,0.6252290606498718,0.7805522084236145,0.6972950398921967
712,14,14,14,0.015372668392956257,0.9846273064613342,14,1,14,1,0.9952916502952576,0.9251638650894165,0.6925995349884033,0.07778440571115887,0.3673033184139783,0.8900288343429565,0.10997119545936584,0.6925995349884033,0.6557312831282616
713,8,0,8,0.015314851887524128,0.9846851229667664,8,1,0,0,0.36858049035072327,0.4677795469760895,0.23944395780563354,0.7597581475149235,1.4294358861488372,0.6724600195884705,0.32754001021385193,0.2749619781970978,0.03551802039146423
714,3,6,6,0.013357930816709995,0.986642062664032,6,0,6,0,0.9291037321090698,0.31336113810539246,0.21042534708976746,1.1603989576890057,1.5586243344156547,0.9444133639335632,0.055586665868759155,0.5112398266792297,0.3008144795894623
715,3,3,10,0.013658949173986912,0.9863410592079163,10,0,10,0,0.028725679963827133,0.020814668387174606,0.09476488083600998,3.872097329897387,2.3563563936730336,0.9895715713500977,0.010428475216031075,0.2733093202114105,0.16146310418844223
716,15,15,15,0.01710311509668827,0.9828968644142151,15,1,15,1,0.9999983906745911,0.9964637160301208,0.9108086824417114,0.0035425514020126143,0.0934224120737033,0.6842284798622131,0.3157714903354645,0.9108086824417114,0.8897434882819653
717,12,5,12,0.0171059463173151,0.9828940629959106,12,1,12,1,0.5611806511878967,0.9771935939788818,0.7833452224731445,0.02307049510624255,0.2441817830019302,0.47507232427597046,0.5249276161193848,0.7833452224731445,0.7489664256572723
718,14,14,1,0.016098616644740105,0.9839013814926147,1,0,14,1,0.24667371809482574,0.1383109986782074,0.33174461126327515,1.9782505157931245,1.1033898492679088,0.9964159727096558,0.0035840042401105165,0.33174461126327515,0.2146928310394287
719,27,27,27,0.017808232456445694,0.9821917414665222,27,1,27,1,0.9193984270095825,0.9357635378837585,0.6712691783905029,0.06639246488706663,0.3985850624081744,0.9096102118492126,0.09038985520601273,0.6712691783905029,0.5746381729841232
720,8,9,8,0.017472831532359123,0.9825271964073181,8,1,8,1,0.03621388599276543,0.9793485999107361,0.7029721140861511,0.020867622293132163,0.3524380549765063,0.7426638007164001,0.25733625888824463,0.7029721140861511,0.5963542014360428
721,2,2,2,0.014505448751151562,0.9854945540428162,2,1,2,1,0.9995468854904175,0.9755243062973022,0.847998321056366,0.024780202471518343,0.16487662307855486,0.8421823382377625,0.15781767666339874,0.847998321056366,0.8112189248204231
722,4,6,4,0.014443990774452686,0.9855560064315796,4,1,4,1,0.5058427453041077,0.9650751352310181,0.7616088390350342,0.035549320331086404,0.27232218969649646,0.5541778206825256,0.44582217931747437,0.7616088390350342,0.7119753621518612
723,4,4,11,0.01343258935958147,0.9865674376487732,11,0,4,1,0.13606229424476624,0.031512532383203506,0.1820732206106186,3.45736995883821,1.7033463617633775,0.993815541267395,0.006184428930282593,0.1820732206106186,0.06717499345541
724,16,0,16,0.016177183017134666,0.9838228225708008,16,1,16,1,0.05803989619016647,0.9538050293922424,0.656818687915802,0.047296000126838336,0.42034726827092284,0.41640138626098633,0.5835986137390137,0.656818687915802,0.6224731467664242
725,23,13,23,0.013371709734201431,0.9866282939910889,23,1,23,1,0.19857606291770935,0.8135206699371338,0.4050157368183136,0.2063839439953978,0.903829356288971,0.8572244048118591,0.14277558028697968,0.4050157368183136,0.2907358780503273
726,6,1,6,0.011833371594548225,0.9881666302680969,6,1,6,1,0.01260971836745739,0.789907693862915,0.5826500654220581,0.23583918355926964,0.5401685036792392,0.9265073537826538,0.07349266111850739,0.5826500654220581,0.48421410471200943
727,0,0,0,0.010130063630640507,0.9898699522018433,0,1,0,1,0.9999606013298035,0.988797664642334,0.956169843673706,0.011265554091437117,0.04481972096398281,0.9014375805854797,0.09856235980987549,0.956169843673706,0.9472678517922759
728,1,1,1,0.010132290422916412,0.9898676872253418,1,1,1,1,0.7757973670959473,0.8756275773048401,0.5523041486740112,0.13281441850637213,0.5936563904718273,0.7155900001525879,0.2844099998474121,0.5523041486740112,0.4583924934267998
729,0,0,0,0.010065106675028801,0.9899349212646484,0,1,0,1,0.9924368262290955,0.998632550239563,0.9776415228843689,0.0013683855730758044,0.022612217157926103,0.8838880062103271,0.11611200124025345,0.9776415228843689,0.9714457360096276
730,16,16,16,0.010000715963542461,0.9899992942810059,16,1,16,1,0.999962329864502,0.9863682985305786,0.9024932384490967,0.013725466202209314,0.10259408082632798,0.900135338306427,0.09986468404531479,0.9024932384490967,0.8766212910413742
731,14,14,14,0.010007373057305813,0.989992618560791,14,1,14,1,0.9734035730361938,0.8027424216270447,0.8289813995361328,0.21972138657150148,0.18755756132879836,0.9439078569412231,0.05609222128987312,0.8289813995361328,0.7519027516245842
732,2,2,19,0.010109738446772099,0.9898902773857117,19,0,18,0,0.31142210960388184,0.05852723866701126,0.11058823764324188,2.838263014871353,2.2019415459722778,0.9955702424049377,0.004429729655385017,0.1744428277015686,0.009775891900062561
733,25,25,25,0.011560574173927307,0.9884394407272339,25,1,25,1,0.9583609700202942,0.726578414440155,0.6221218109130859,0.31940886726065504,0.47461936793576825,0.7987700700759888,0.2012299746274948,0.6221218109130859,0.395564004778862
734,14,14,14,0.01165519654750824,0.9883447885513306,14,1,14,1,0.9580895900726318,0.9663264155387878,0.8763239979743958,0.03425359756195502,0.13201939572598922,0.9120385646820068,0.08796139806509018,0.8763239979743958,0.8487205039709806
735,5,5,5,0.011453771032392979,0.9885462522506714,5,1,5,1,0.8260974884033203,0.9930829405784607,0.8565614819526672,0.006941093169756942,0.1548291810123582,0.891494631767273,0.10850533843040466,0.8565614819526672,0.8209213204681873
736,26,17,26,0.01110093668103218,0.9888990521430969,26,1,26,1,0.11068557947874069,0.8513559103012085,0.6422126889228821,0.16092501186999975,0.4428357389998369,0.2811860740184784,0.7188138961791992,0.6422126889228821,0.5356762856245041
737,2,2,2,0.010085786692798138,0.9899142384529114,2,1,2,1,0.9698145985603333,0.6619097590446472,0.5604093670845032,0.41262604797947733,0.5790877496616501,0.9371783137321472,0.06282167881727219,0.5604093670845032,0.4671289026737213
738,15,15,15,0.010257430374622345,0.9897425770759583,15,1,15,1,0.9877380728721619,0.7623088955879211,0.5108837485313416,0.2714034306503536,0.6716132126417429,0.8215470910072327,0.17845292389392853,0.5108837485313416,0.400629885494709
739,14,9,14,0.010397739708423615,0.989602267742157,14,1,14,1,0.8485047817230225,0.5822873115539551,0.45290037989616394,0.5407912905980855,0.7920830896122749,0.8254928588867188,0.17450715601444244,0.45290037989616394,0.23169535398483276
740,0,0,0,0.010272754356265068,0.989727258682251,0,1,0,1,0.9999997615814209,0.9998694658279419,0.9896754622459412,0.0001305426923846135,0.010378205510074269,0.8480308055877686,0.15196919441223145,0.9896754622459412,0.9884563992964104
741,9,27,9,0.010272074490785599,0.9897279143333435,9,1,9,1,0.812791645526886,0.5611583590507507,0.525121808052063,0.577752133345067,0.6441250279646463,0.8785807490348816,0.12141931056976318,0.525121808052063,0.2096247375011444
742,14,17,14,0.010289707221090794,0.98971027135849,14,1,14,1,0.5632405877113342,0.9358588457107544,0.7443111538887024,0.0662906197414714,0.29529611398530525,0.4910874664783478,0.5089125633239746,0.7443111538887024,0.6757834777235985
743,10,10,10,0.01003243587911129,0.9899675846099854,10,1,10,1,0.8748443126678467,0.5084534883499146,0.5142130255699158,0.6763815360154237,0.6651176527521789,0.9811619520187378,0.018838029354810715,0.5142130255699158,0.4691844545304775
744,16,16,16,0.010378596372902393,0.9896214008331299,16,1,16,1,0.977634072303772,0.812374472618103,0.8428727984428406,0.20779387195312113,0.17093922389243285,0.8743296265602112,0.12567031383514404,0.8428727984428406,0.8130039852112532
745,1,1,1,0.010462968610227108,0.9895370602607727,1,1,1,1,0.9593461751937866,0.5966963171958923,0.4337022304534912,0.5163469764257328,0.8353970853053178,0.7980017066001892,0.2019982784986496,0.4337022304534912,0.3150862604379654
746,25,25,23,0.010719621554017067,0.9892804026603699,23,0,25,1,0.5803431272506714,0.24982228875160217,0.32975223660469055,1.3870054588835783,1.1094137046793138,0.9042537212371826,0.09574629366397858,0.32975223660469055,0.1866045743227005
747,15,15,15,0.011492608115077019,0.9885073900222778,15,1,15,1,0.9920650720596313,0.7525880932807922,0.5284649133682251,0.2842372217281889,0.6377788649613644,0.7340567708015442,0.2659431993961334,0.5284649133682251,0.450210340321064
748,5,11,18,0.011649085208773613,0.9883509278297424,18,0,18,0,0.04992164671421051,0.10512841492891312,0.08987646549940109,2.2525726767561047,2.4093191571000023,0.6979119181632996,0.30208808183670044,0.2037205994129181,0.10196910798549652
749,26,26,26,0.011191108264029026,0.9888088703155518,26,1,26,1,0.9999998807907104,0.9992370009422302,0.9754355549812317,0.0007632902897000695,0.02487118467765519,0.8508847951889038,0.14911511540412903,0.9754355549812317,0.9718859638087451
750,8,8,8,0.01119112130254507,0.9888088703155518,8,1,8,1,0.9985201954841614,0.9928561449050903,0.9338191151618958,0.007169494610681381,0.06847252635935917,0.8382198810577393,0.16178010404109955,0.9338191151618958,0.9235213035717607
751,9,9,9,0.011157477274537086,0.9888425469398499,9,1,9,1,0.9215039610862732,0.8076207637786865,0.6266948580741882,0.21366268240010666,0.46729552654950635,0.7997414469718933,0.2002585530281067,0.6266948580741882,0.5251362398266792
752,17,17,17,0.010950880125164986,0.9890491366386414,17,1,17,1,0.9993670582771301,0.9583755135536194,0.8634370565414429,0.04251560124448271,0.14683427746112496,0.7005662322044373,0.29943376779556274,0.8634370565414429,0.7909007892012596
753,5,12,5,0.010968944057822227,0.9890310764312744,5,1,5,1,0.05719168856739998,0.9835420846939087,0.46978113055229187,0.01659485132738348,0.7554883724164616,0.987964391708374,0.012035656720399857,0.46978113055229187,0.29629819095134735
754,6,6,6,0.0100126126781106,0.9899873733520508,6,1,6,1,0.9357667565345764,0.6269530057907104,0.6020628809928894,0.46688369205018365,0.50739338565164,0.657102644443512,0.3428973853588104,0.6020628809928894,0.5331135168671608
755,18,18,25,0.010232589207589626,0.9897674322128296,25,0,18,1,0.19983656704425812,0.15311844646930695,0.3811541497707367,1.8765434971668218,0.9645513931068296,0.9866210222244263,0.013378962874412537,0.3811541497707367,0.07990482449531555
756,7,17,17,0.011082842014729977,0.9889171719551086,17,0,17,0,0.8603274822235107,0.00362243689596653,0.016101457178592682,5.620608303944209,4.128845503100197,0.751605212688446,0.24839480221271515,0.6659985780715942,0.4456975609064102
757,15,15,15,0.01321607455611229,0.9867839217185974,15,1,15,1,0.991400420665741,0.8143249154090881,0.5946089625358582,0.20539583364312564,0.5198512953130073,0.6589816212654114,0.341018408536911,0.5946089625358582,0.46592414379119873
758,1,14,1,0.013337325304746628,0.9866626858711243,1,1,1,1,0.010854347608983517,0.9569554328918457,0.22211460769176483,0.0439984582145775,1.5045617794576842,0.9854481816291809,0.01455177552998066,0.22211460769176483,0.03195820748806
759,9,9,9,0.010278558358550072,0.989721417427063,9,1,9,1,0.6256285309791565,0.9407070875167847,0.7344908118247986,0.0611234657317905,0.3085777928749053,0.7618383169174194,0.2381616085767746,0.7344908118247986,0.6785567849874496
760,12,12,12,0.010029534809291363,0.9899704456329346,12,1,12,1,0.9979708790779114,0.9894044399261475,0.9265565872192383,0.0106520927050182,0.07628015879235257,0.6894792318344116,0.3105207085609436,0.9265565872192383,0.9115437865257263
761,7,26,14,0.010005035437643528,0.9899949431419373,14,0,26,0,0.46088746190071106,0.23427727818489075,0.17352056503295898,1.4512499156149183,1.7514591561700705,0.9565302729606628,0.04346970096230507,0.4135073125362396,0.11987000703811646
762,5,5,5,0.010744125582277775,0.9892558455467224,5,1,5,1,0.9984789490699768,0.9840201139450073,0.8346505165100098,0.01610894113777434,0.18074218484667787,0.5973580479621887,0.40264201164245605,0.8346505165100098,0.7912391945719719
763,5,1,1,0.010675354860723019,0.9893246293067932,1,0,1,0,0.9989961385726929,0.006523178890347481,0.04385789856314659,5.032393461993024,3.126800449517188,0.8324695825576782,0.1675303876399994,0.8760852217674255,0.832227323204279
764,24,24,24,0.012841329909861088,0.9871586561203003,24,1,24,1,0.9984307885169983,0.9371314644813538,0.880412220954895,0.06493170297664365,0.12736504828703693,0.8029648065567017,0.19703513383865356,0.880412220954895,0.8551948741078377
765,8,8,8,0.01286883931607008,0.9871311783790588,8,1,8,1,0.6991806626319885,0.9903368949890137,0.8640536069869995,0.009710095773022056,0.14612046697895847,0.3588734567165375,0.6411265134811401,0.8640536069869995,0.8372933473438025
766,11,11,16,0.012188045307993889,0.9878119826316833,16,0,20,0,0.21131324768066406,0.028778336942195892,0.09081550687551498,3.5481323643837914,2.398925227388885,0.8502001762390137,0.14979985356330872,0.19260424375534058,0.03606458008289337
767,11,2,20,0.014385081827640533,0.9856148958206177,20,0,20,0,0.06865914165973663,0.40545371174812317,0.16989697515964508,0.902748562995114,1.772563054114032,0.9958844780921936,0.004115550313144922,0.4371212124824524,0.2672242373228073
768,1,12,1,0.011783955618739128,0.9882160425186157,1,1,1,1,0.17135703563690186,0.9572458863258362,0.3554953932762146,0.04369498602144548,1.0342429882582047,0.9665020704269409,0.033497948199510574,0.3554953932762146,0.23855197429656982
769,17,26,17,0.010457295924425125,0.9895427227020264,17,1,17,1,0.381907194852829,0.7802973389625549,0.31178951263427734,0.24808022814006037,1.1654269578366439,0.9925089478492737,0.007491114549338818,0.31178951263427734,0.09998907148838043
770,26,26,26,0.010124040767550468,0.9898759722709656,26,1,26,1,0.9999998211860657,0.9986982345581055,0.9644922018051147,0.0013026134745670304,0.036153531889241294,0.8249371647834778,0.17506276071071625,0.9644922018051147,0.9589971997775137
771,26,26,26,0.010123815387487411,0.9898762106895447,26,1,26,1,0.999999463558197,0.9983512163162231,0.958922803401947,0.0016501444235108036,0.04194470431274054,0.8819856643676758,0.11801430583000183,0.958922803401947,0.9511040849611163
772,24,24,24,0.010123270563781261,0.9898767471313477,24,1,24,1,0.9981659650802612,0.933973491191864,0.8871709704399109,0.0683072231776305,0.1197175639052102,0.8157763481140137,0.18422359228134155,0.8871709704399109,0.8644110318273306
773,6,6,6,0.010156355798244476,0.9898436665534973,6,1,6,1,0.9896963834762573,0.8119749426841736,0.7710453271865845,0.20828579805993355,0.26000811702160753,0.7160759568214417,0.28392404317855835,0.7710453271865845,0.7244018986821175
774,20,20,11,0.010260744020342827,0.9897392392158508,11,0,11,0,0.2166404128074646,0.12564286589622498,0.30108126997947693,2.074311794191193,1.2003750507448663,0.9261845350265503,0.07381550222635269,0.5399169325828552,0.2388356626033783
775,17,17,17,0.011346803978085518,0.9886531829833984,17,1,17,1,0.9178791046142578,0.48736390471458435,0.43077075481414795,0.7187441973356196,0.8421792217652768,0.845453143119812,0.1545468270778656,0.43077075481414795,0.3339259847998619
776,27,7,27,0.01171147357672453,0.9882885217666626,27,1,27,1,0.05260622128844261,0.9737588167190552,0.6115248203277588,0.026591627441194046,0.49179973542636846,0.721352756023407,0.2786472737789154,0.6115248203277588,0.45539824664592743
777,10,10,10,0.01002464909106493,0.9899753332138062,10,1,10,1,0.9941290020942688,0.8742368817329407,0.7498641014099121,0.13440390831801266,0.2878632869902608,0.9389340877532959,0.0610659159719944,0.7498641014099121,0.7290069032460451
778,6,6,21,0.010066571645438671,0.989933431148529,21,0,21,0,0.2544460594654083,0.012253733351826668,0.0614350363612175,4.401924625007915,2.7897749817979203,0.2077161967754364,0.7922837734222412,0.7348006367683411,0.6733656004071236
779,19,19,5,0.012694654054939747,0.9873053431510925,5,0,5,0,0.5136286616325378,0.12002144008874893,0.11930239200592041,2.1200848847529703,2.1260938997362677,0.9664234519004822,0.03357648849487305,0.3930676579475403,0.2737652659416199
780,6,3,11,0.013474052771925926,0.9865259528160095,11,0,4,0,0.01868894137442112,0.00648078927770257,0.024882730096578598,5.038912973920635,3.6935812865612374,0.9708898663520813,0.02911006100475788,0.18442294001579285,0.03514574468135834
781,1,6,1,0.014469725079834461,0.9855302572250366,1,1,1,1,0.3676673173904419,0.9012841582298279,0.598918080329895,0.10393469015270962,0.5126304509373258,0.7759618163108826,0.2240382432937622,0.598918080329895,0.5479797944426537
782,15,11,15,0.013161364011466503,0.9868386387825012,15,1,15,1,0.5813225507736206,0.7805962562561035,0.6139857172966003,0.2476972202295681,0.4877836128374741,0.9523431658744812,0.0476568304002285,0.6139857172966003,0.4934381991624832
783,14,14,14,0.01262715645134449,0.9873728156089783,14,1,14,1,0.9889242053031921,0.7304494380950928,0.762266218662262,0.31409526566245904,0.2714594159872143,0.9535763263702393,0.04642367362976074,0.762266218662262,0.6934762299060822
784,1,1,18,0.012511204928159714,0.9874888062477112,18,0,1,1,0.19007349014282227,0.09527494758367538,0.18184469640254974,2.350988382380587,1.7046022726565937,0.7699781060218811,0.2300219088792801,0.18184469640254974,0.0005466192960739136
785,14,14,14,0.013981628231704235,0.9860183596611023,14,1,14,1,0.9700685143470764,0.8708441257476807,0.7994380593299866,0.13829227825089713,0.22384622396834217,0.9482077360153198,0.05179230868816376,0.7994380593299866,0.7571503594517708
786,16,16,16,0.013793186284601688,0.9862068295478821,16,1,16,1,0.9984460473060608,0.8948389887809753,0.7405406832695007,0.11111147769475177,0.30037470651403136,0.8652670979499817,0.13473287224769592,0.7405406832695007,0.6944792158901691
787,2,2,2,0.013868805021047592,0.9861311912536621,2,1,2,1,0.989366888999939,0.9928052425384521,0.9178624153137207,0.007220764547208543,0.08570777397985983,0.7683233618736267,0.23167671263217926,0.9178624153137207,0.9092599740251899
788,27,7,27,0.013627925887703896,0.9863720536231995,27,1,27,1,0.04415357485413551,0.9679430723190308,0.6552066802978516,0.032582003022689786,0.4228045506804626,0.673213541507721,0.3267865478992462,0.6552066802978516,0.5508831813931465
789,3,3,15,0.011445185169577599,0.988554835319519,15,0,15,0,0.13386209309101105,0.09999160468578339,0.2586769461631775,2.3026690496604743,1.352175307935091,0.9584376811981201,0.04156235605478287,0.32337701320648193,0.06470006704330444
790,11,11,15,0.012865431606769562,0.987134575843811,15,0,15,0,0.2701624929904938,0.19051478803157806,0.2998809814453125,1.6580254599658848,1.204369611559139,0.9618653059005737,0.03813469782471657,0.31962934136390686,0.01974835991859436
791,17,17,17,0.01374856848269701,0.9862514138221741,17,1,17,1,0.7863673567771912,0.7399510145187378,0.7173870801925659,0.3011712915713133,0.33213972325637364,0.9231752157211304,0.07682480663061142,0.7173870801925659,0.6016971617937088
792,24,24,25,0.013461262919008732,0.9865387082099915,25,0,24,1,0.4973032772541046,0.2746807932853699,0.5635864734649658,1.2921456071991373,0.5734344994852145,0.9038567543029785,0.09614318609237671,0.5635864734649658,0.43726834654808044
793,20,20,4,0.014363575726747513,0.9856364130973816,4,0,20,1,0.4260222613811493,0.11295846104621887,0.23219168186187744,2.1807351292126342,1.4601920335216065,0.9369654059410095,0.06303465366363525,0.23219168186187744,0.1070580929517746
794,15,15,11,0.01575429178774357,0.9842457175254822,11,0,15,1,0.373945951461792,0.19475561380386353,0.27069368958473206,1.6360097689529525,1.3067673941048503,0.800582766532898,0.19941718876361847,0.27069368958473206,0.16428617388010025
795,8,26,27,0.017116930335760117,0.982883095741272,27,0,26,0,0.36864855885505676,0.14107294380664825,0.04018740728497505,1.9584781904119701,3.2142015840482343,0.9786938428878784,0.02130620740354061,0.26486775279045105,0.13784471154212952
796,27,27,14,0.01605071872472763,0.9839493036270142,14,0,14,0,0.24326299130916595,0.018332548439502716,0.05731402337551117,3.9990771957250133,2.859209949157109,0.9263293743133545,0.0736706405878067,0.5463466048240662,0.44249070435762405
797,16,16,11,0.019777916371822357,0.9802221059799194,11,0,16,1,0.5471058487892151,0.24101775884628296,0.3776034414768219,1.4228846600474707,0.9739107306717579,0.9745367765426636,0.025463268160820007,0.3776034414768219,0.25462018698453903
798,24,24,24,0.021273097023367882,0.9787269234657288,24,1,24,1,0.9950757622718811,0.9015477299690247,0.934723436832428,0.1036422926831508,0.06750458293182199,0.7633259296417236,0.2366740107536316,0.934723436832428,0.9161758068948984
799,8,12,8,0.021380150690674782,0.9786198735237122,8,1,8,1,0.07187257707118988,0.9615528583526611,0.5902616381645203,0.03920574057860327,0.5271893858631308,0.8568986058235168,0.14310139417648315,0.5902616381645203,0.48836449533700943
800,22,22,25,0.018381081521511078,0.9816189408302307,25,0,22,1,0.3170897662639618,0.21159155666828156,0.35577279329299927,1.5530974821179229,1.0334629729669615,0.9987063407897949,0.001293608103878796,0.35577279329299927,0.20284919440746307
801,27,27,27,0.019885649904608727,0.9801143407821655,27,1,27,1,0.9958626627922058,0.9137911796569824,0.6922618746757507,0.09015320227755172,0.36779096333929356,0.8154987692832947,0.18450121581554413,0.6922618746757507,0.48690901696681976
802,6,6,11,0.01979975961148739,0.9802002310752869,11,0,11,0,0.0029415248427540064,0.01808670535683632,0.2118116170167923,4.012578121267511,1.5520579983256284,0.777519702911377,0.22248026728630066,0.29703548550605774,0.08522386848926544
803,6,6,3,0.02667052112519741,0.973329484462738,3,0,6,1,0.36407947540283203,0.16310380399227142,0.4245310425758362,1.8133684465598794,0.8567701485172833,0.7534098029136658,0.24659013748168945,0.4245310425758362,0.26097095012664795
804,9,5,17,0.02917071431875229,0.9708293080329895,17,0,17,0,0.03245052322745323,0.0912332683801651,0.11992669850587845,2.3943356635494446,2.120874568626734,0.690856397151947,0.309143602848053,0.40646103024482727,0.2865343317389488
805,11,15,11,0.024563061073422432,0.9754369258880615,11,1,11,1,0.07612462341785431,0.877146303653717,0.4064241051673889,0.131081477657073,0.9003580705807304,0.8578479886054993,0.14215201139450073,0.4064241051673889,0.2952887713909149
806,4,4,4,0.02161313220858574,0.9783868789672852,4,1,4,1,0.8301512598991394,0.5467352271080017,0.7108891010284424,0.6037906392543951,0.341238837394436,0.9880337119102478,0.011966266669332981,0.7108891010284424,0.5853316634893417
807,10,10,10,0.022244656458497047,0.9777553677558899,10,1,10,1,0.9873586297035217,0.66445392370224,0.5820605754852295,0.4087897430339454,0.5411807550770706,0.9693577885627747,0.03064223751425743,0.5820605754852295,0.5420291870832443
808,1,5,22,0.022704631090164185,0.9772953987121582,22,0,23,0,0.17342734336853027,0.10534416884183884,0.10128793120384216,2.2505224906023273,2.2897880139777267,0.8240419626235962,0.17595802247524261,0.14112690091133118,0.039838969707489014
809,2,2,25,0.021516356617212296,0.9784836173057556,25,0,25,0,0.19396227598190308,0.16723088920116425,0.19424985349178314,1.7883798513685099,1.6386100439597193,0.9652518630027771,0.034748177975416183,0.412594199180603,0.17775070667266846
810,8,7,8,0.022363020107150078,0.977636992931366,8,1,8,1,0.3949952721595764,0.8817389607429504,0.6047419905662537,0.12585922965747476,0.5029533737859833,0.29427793622016907,0.7057220339775085,0.6047419905662537,0.49583807587623596
811,9,9,9,0.020960552617907524,0.9790394306182861,9,1,9,1,0.5721458792686462,0.8899841904640198,0.713357150554657,0.11655157993729807,0.3377730715637136,0.9087642431259155,0.09123583883047104,0.713357150554657,0.6644746847450733
812,10,10,10,0.01964546926319599,0.9803545475006104,10,1,10,1,0.9999967813491821,0.9973807334899902,0.9721178412437439,0.00262270279020229,0.02827824602269626,0.926633358001709,0.07336665689945221,0.9721178412437439,0.9676463487558067
813,26,26,26,0.019641192629933357,0.9803587794303894,26,1,26,1,0.8009529113769531,0.35638800263404846,0.40088245272636414,1.031735246595044,0.9140870299938567,0.9743826389312744,0.02561742067337036,0.40088245272636414,0.31284742802381516
814,21,21,6,0.02068614959716797,0.979313850402832,6,0,6,0,0.0624924898147583,0.06970465928316116,0.17870350182056427,2.6634881157718,1.7220272609227776,0.987471878528595,0.012528132647275925,0.5579679012298584,0.37926439940929413
815,1,5,1,0.02392956241965294,0.9760704636573792,1,1,1,1,0.5679460167884827,0.9520576596260071,0.7500184178352356,0.04912967919082732,0.28765751563965447,0.4351189136505127,0.5648811459541321,0.7500184178352356,0.6264267265796661
816,22,22,22,0.022565476596355438,0.977434515953064,22,1,22,1,0.6636661291122437,0.4178844094276428,0.40660595893859863,0.8725504171692885,0.8999107223650346,0.9983238577842712,0.0016761673614382744,0.40660595893859863,0.2857431247830391
817,15,15,20,0.02289310097694397,0.9771069288253784,20,0,15,1,0.3325462341308594,0.1610337793827057,0.2685718238353729,1.8261411261742082,1.3146369004870861,0.86460280418396,0.13539721071720123,0.2685718238353729,0.06986558437347412
818,3,3,6,0.025135282427072525,0.9748647212982178,6,0,6,0,0.7147650718688965,0.24443230032920837,0.21580994129180908,1.408816898677485,1.5333571600652733,0.9852092862129211,0.014790715649724007,0.48835325241088867,0.2725433111190796
819,15,15,15,0.02585790678858757,0.9741420745849609,15,1,15,1,0.9964696168899536,0.8559335470199585,0.6990827918052673,0.15556253783994334,0.35798610055005675,0.828829824924469,0.1711701899766922,0.6990827918052673,0.6297586560249329
820,14,27,14,0.026057183742523193,0.9739428162574768,14,1,14,1,0.15038377046585083,0.9690690040588379,0.7582517862319946,0.031419458007770046,0.2767397766865878,0.620174765586853,0.37982526421546936,0.7582517862319946,0.6676603630185127
821,9,14,9,0.02324593998491764,0.9767540693283081,9,1,27,0,0.5278946757316589,0.4942879378795624,0.25513678789138794,0.7046370613955284,1.3659554545436705,0.9750447273254395,0.024955321103334427,0.30146104097366333,0.04632425308227539
822,3,3,6,0.022412903606891632,0.977587103843689,6,0,3,1,0.5381993651390076,0.37052589654922485,0.5004222989082336,0.992831940469392,0.6923029392155109,0.9501898884773254,0.049810100346803665,0.5004222989082336,0.18722590804100037
823,16,16,16,0.023550353944301605,0.9764496684074402,16,1,16,1,0.9960868954658508,0.9689875245094299,0.8943781852722168,0.03150354177752072,0.11162656722734654,0.8575636744499207,0.14243631064891815,0.8943781852722168,0.8586714938282967
824,16,16,25,0.023374948650598526,0.9766250252723694,25,0,16,1,0.43152400851249695,0.2753189504146576,0.5382089614868164,1.289825033697154,0.6195083899791699,0.9675703048706055,0.032429710030555725,0.5382089614868164,0.3831971734762192
825,0,0,0,0.024944614619016647,0.9750553965568542,0,1,0,1,0.8385915160179138,0.9866663813591003,0.8945306539535522,0.013423309495256473,0.11145610724821131,0.8813164830207825,0.11868350952863693,0.8945306539535522,0.8643274735659361
826,26,26,26,0.02409122884273529,0.9759087562561035,26,1,26,1,0.9940948486328125,0.8654935956001282,0.7522693276405334,0.14445530404648213,0.28466087069399093,0.9208531975746155,0.07914680242538452,0.7522693276405334,0.665417492389679
827,4,15,4,0.024265514686703682,0.9757344722747803,4,1,4,1,0.3150894343852997,0.41803938150405884,0.34679678082466125,0.87217963677071,1.0590163166313438,0.6862152218818665,0.31378474831581116,0.34679678082466125,0.17662851512432098
828,12,12,12,0.023730820044875145,0.9762691855430603,12,1,12,1,0.9979731440544128,0.993046760559082,0.9103029370307922,0.0069775258552577345,0.09397783703339624,0.9278166890144348,0.07218325883150101,0.9103029370307922,0.9017976019531488
829,3,4,6,0.023584194481372833,0.9764158129692078,6,0,4,0,0.09883194416761398,0.16319823265075684,0.20722821354866028,1.812789665856621,1.5739346120911393,0.9943990111351013,0.005601007025688887,0.27079692482948303,0.06356871128082275
830,23,18,18,0.022958170622587204,0.9770418405532837,18,0,18,0,0.5725117325782776,0.026476074010133743,0.05648588016629219,3.631513821362479,2.87376458062329,0.9064812064170837,0.09351872652769089,0.48195844888687134,0.33682942390441895
831,21,21,21,0.027010135352611542,0.9729898571968079,21,1,21,1,0.9985969662666321,0.927251398563385,0.7807772755622864,0.07553055432197552,0.24746534835098813,0.8906872272491455,0.10931272804737091,0.7807772755622864,0.6934316158294678
832,5,1,18,0.02702060155570507,0.9729794263839722,18,0,1,0,0.1671278476715088,0.044290728867053986,0.08869042992591858,3.116979904486708,2.422603288092631,0.8929012417793274,0.10709875077009201,0.1758539229631424,0.07950908690690994
833,18,2,22,0.028895601630210876,0.9711043834686279,22,0,18,1,0.13034817576408386,0.13304272294044495,0.14854371547698975,2.0170849772259976,1.906875983744337,0.9794121384620667,0.020587872713804245,0.14854371547698975,0.0005106329917907715
834,9,27,9,0.02753005549311638,0.9724699258804321,9,1,9,1,0.16739962995052338,0.9016150236129761,0.772434651851654,0.10356765311570301,0.2582078668607247,0.9401043057441711,0.059895724058151245,0.772434651851654,0.6827156618237495
835,14,14,14,0.024736713618040085,0.9752632975578308,14,1,14,1,0.9202849864959717,0.9518136978149414,0.8954645395278931,0.04938595891418937,0.11041265678256157,0.9532780051231384,0.04672202840447426,0.8954645395278931,0.8694355431944132
836,2,2,25,0.024286331608891487,0.9757136702537537,25,0,25,0,0.591265082359314,0.016832398250699043,0.1241806149482727,4.084449782375285,2.086018200985879,0.9944431185722351,0.005556900519877672,0.5789216160774231,0.4547410011291504
837,17,17,27,0.029335983097553253,0.9706640243530273,27,0,27,0,0.4343235194683075,0.10444746911525726,0.21677722036838531,2.259071021859463,1.5288850870386497,0.28707417845726013,0.7129257917404175,0.6187365651130676,0.4019593447446823
838,24,24,24,0.032495882362127304,0.9675041437149048,24,1,24,1,0.8440356850624084,0.6105336546897888,0.8672095537185669,0.49342186051378334,0.14247463161554927,0.800136923789978,0.19986306130886078,0.8672095537185669,0.8277242034673691
839,24,24,16,0.0333113931119442,0.9666886329650879,24,1,24,1,0.6243698596954346,0.3679555654525757,0.6114867329597473,0.9997930941563811,0.4918620199860219,0.9343045949935913,0.0656953752040863,0.6114867329597473,0.4998924881219864
840,8,8,8,0.035058457404375076,0.9649415612220764,8,1,8,1,0.9308105707168579,0.9817236661911011,0.9002111554145813,0.018445409218528393,0.10512592604880787,0.8239668011665344,0.17603325843811035,0.9002111554145813,0.8838186096400023
841,15,15,15,0.034162938594818115,0.9658370614051819,15,1,15,1,0.9974780082702637,0.8776881098747253,0.7462947368621826,0.13046397638852295,0.2926346671781413,0.7945789098739624,0.20542103052139282,0.7462947368621826,0.6632527932524681
842,17,17,0,0.03438246250152588,0.9656175374984741,0,0,0,0,0.19122333824634552,0.06493077427148819,0.16461534798145294,2.734433587821795,1.804143750970377,0.9701636433601379,0.029836434870958328,0.3340892493724823,0.16947390139102936
843,4,5,4,0.03919531777501106,0.9608047008514404,4,1,4,1,0.025323251262307167,0.7128978967666626,0.47934848070144653,0.33841707111306396,0.7353274289615017,0.39488333463668823,0.6051166653633118,0.47934848070144653,0.42544182762503624
844,1,1,1,0.029566951096057892,0.9704330563545227,1,1,1,1,0.9928274154663086,0.9859579801559448,0.8525261878967285,0.014141541762310384,0.15955135135583817,0.8665916323661804,0.1334083378314972,0.8525261878967285,0.8119359090924263
845,17,27,9,0.029374469071626663,0.9706255197525024,9,0,9,0,0.7136280536651611,0.08423274755477905,0.11314043402671814,2.474171507517172,2.179125452882881,0.7370210289955139,0.26297903060913086,0.5111019611358643,0.2201060652732849
846,19,19,19,0.03133971616625786,0.968660295009613,19,1,19,1,0.9960447549819946,0.8667047023773193,0.7133779525756836,0.1430569572452499,0.33774391125079717,0.9086929559707642,0.09130708128213882,0.7133779525756836,0.6669784784317017
847,14,27,14,0.031473852694034576,0.9685261249542236,14,1,14,1,0.516187846660614,0.8150106072425842,0.5246883630752563,0.20455415080439326,0.6449507867796346,0.9700349569320679,0.029965056106448174,0.5246883630752563,0.3867635279893875
848,24,24,24,0.029889078810811043,0.9701108932495117,24,1,24,1,0.9983953833580017,0.9097501039505005,0.8571052551269531,0.0945853282271643,0.15419454980808653,0.7552143931388855,0.2447855919599533,0.8571052551269531,0.8338206131011248
849,3,6,3,0.03002595715224743,0.9699740409851074,6,0,6,0,0.9267621636390686,0.44838714599609375,0.31715014576911926,0.8020982545730453,1.1483799712803304,0.777672529220581,0.22232747077941895,0.4195118248462677,0.10236167907714844
850,19,5,5,0.029448188841342926,0.9705517888069153,5,0,5,0,0.9881560802459717,0.13863930106163025,0.07258592545986176,1.9758796749779282,2.6229842401347097,0.703855037689209,0.29614487290382385,0.4941125512123108,0.3993949666619301
851,5,5,5,0.028740623965859413,0.971259355545044,5,1,5,1,0.8010581731796265,0.9143295884132385,0.647691547870636,0.08956417251406244,0.43434070232933536,0.9132184386253357,0.08678159862756729,0.647691547870636,0.5780383720993996
852,12,5,12,0.02771066129207611,0.9722893238067627,12,1,12,1,0.15732617676258087,0.7876082062721252,0.4339952766895294,0.2387545129315221,0.834721628144804,0.7955181002616882,0.20448186993598938,0.4339952766895294,0.25775299966335297
853,1,1,1,0.02471836470067501,0.9752816557884216,1,1,1,1,0.9455381035804749,0.540270209312439,0.4685598313808441,0.6156858769603243,0.7580914770674069,0.9225515127182007,0.07744842767715454,0.4685598313808441,0.29920555651187897
854,8,4,24,0.02459562011063099,0.9754043817520142,24,0,4,0,0.002647868823260069,0.057262398302555084,0.07898519933223724,2.8601110957576674,2.5384947942922063,0.9850991368293762,0.014900839887559414,0.22544698417186737,0.06758502125740051
855,9,27,27,0.019708216190338135,0.9802917838096619,27,0,9,1,0.9290046691894531,0.44323432445526123,0.6135434508323669,0.813656699672328,0.488504192836472,0.9301150441169739,0.06988499313592911,0.6135434508323669,0.3213302791118622
856,3,3,3,0.019041763618588448,0.9809582233428955,3,1,3,1,0.9089178442955017,0.6136914491653442,0.6563847064971924,0.48826300293273794,0.4210082190973598,0.9121066331863403,0.08789335191249847,0.6563847064971924,0.4818492978811264
857,27,9,27,0.019478991627693176,0.980521023273468,27,1,27,1,0.7526567578315735,0.8963038921356201,0.5111141204833984,0.10947575818083215,0.6711623859562024,0.8167077898979187,0.18329228460788727,0.5111141204833984,0.18467119336128235
858,10,10,10,0.018867505714297295,0.9811325073242188,10,1,10,1,0.9999948143959045,0.9933766722679138,0.9541680216789246,0.006645359302635406,0.04691549968857705,0.9162981510162354,0.08370178937911987,0.9541680216789246,0.9422004222869873
859,14,14,14,0.01887344755232334,0.9811265468597412,14,1,14,1,0.9940863847732544,0.9507157206535339,0.8890032768249512,0.05054018788184357,0.11765435750770148,0.9174469113349915,0.08255307376384735,0.8890032768249512,0.8624441996216774
860,11,11,11,0.01879713498055935,0.9812028408050537,11,1,11,1,0.9478208422660828,0.6526427865028381,0.4638725817203522,0.4267253338356493,0.768145372828972,0.9088858366012573,0.09111417829990387,0.4638725817203522,0.208592027425766
861,24,24,10,0.01914167031645775,0.980858325958252,10,0,10,0,0.09270267188549042,0.0908578559756279,0.3584018051624298,2.3984590159397725,1.0261005611685163,0.44464850425720215,0.5553514361381531,0.507486879825592,0.14908507466316223
862,22,22,22,0.0215689018368721,0.9784311056137085,22,1,22,1,0.8601040244102478,0.4039071202278137,0.4287203550338745,0.9065703278783447,0.8469504256705948,0.9575861692428589,0.042413800954818726,0.4287203550338745,0.36041656881570816
863,24,24,24,0.0225243978202343,0.9774755835533142,24,1,24,1,0.8027717471122742,0.8001021146774292,0.7263867855072021,0.2230159161131421,0.31967264361823183,0.7168577313423157,0.2831422686576843,0.7263867855072021,0.6829074993729591
864,26,26,26,0.02166726067662239,0.9783327579498291,26,1,26,1,0.9999893307685852,0.9880788326263428,0.9206022620201111,0.011992794309696173,0.08272719048696899,0.9271814227104187,0.07281863689422607,0.9206022620201111,0.9070162866264582
865,17,17,17,0.021678639575839043,0.978321373462677,17,1,17,1,0.9905449748039246,0.8368993401527405,0.8121654987335205,0.1780514783857984,0.2080511434138674,0.9363433122634888,0.06365673243999481,0.8121654987335205,0.7471648380160332
866,7,5,7,0.02175024524331093,0.978249728679657,7,1,7,1,0.361605167388916,0.9769540429115295,0.6788375973701477,0.02331566703085048,0.3873733591621885,0.8324035406112671,0.16759654879570007,0.6788375973701477,0.5565065667033195
867,0,0,0,0.019993556663393974,0.9800064563751221,0,1,0,1,0.999998927116394,0.9997732043266296,0.9879963994026184,0.00022682139539826102,0.012076225570243416,0.8933053612709045,0.10669466853141785,0.9879963994026184,0.9868717393837869
868,6,3,11,0.01998964697122574,0.9800103306770325,11,0,3,0,0.3490656316280365,0.17920535802841187,0.14002655446529388,1.7192228791761746,1.965923199606715,0.9908877611160278,0.009112194180488586,0.3123914301395416,0.17236487567424774
869,24,24,24,0.020471729338169098,0.9795282483100891,24,1,24,1,0.8647326827049255,0.6154265403747559,0.8348153829574585,0.48543968999333675,0.1805446768316447,0.8601447343826294,0.13985520601272583,0.8348153829574585,0.8027629517018795
870,15,15,11,0.02097742073237896,0.9790225625038147,11,0,15,1,0.24619081616401672,0.16489824652671814,0.39862775802612305,1.8024266830284987,0.9197272348269999,0.8846347332000732,0.11536524444818497,0.39862775802612305,0.2538604140281677
871,2,2,2,0.023037688806653023,0.9769623279571533,2,1,2,1,0.8213096261024475,0.9695143699645996,0.8700077533721924,0.030959982372556302,0.13925315545115838,0.6042729020118713,0.3957270681858063,0.8700077533721924,0.8354771547019482
872,0,0,0,0.022170495241880417,0.9778295159339905,0,1,0,1,0.9999881386756897,0.997459352016449,0.9668839573860168,0.002543880906613075,0.033676793432931576,0.7593134641647339,0.2406865805387497,0.9668839573860168,0.9635707184206694
873,11,20,11,0.022163376212120056,0.9778366088867188,11,1,11,1,0.8267486095428467,0.339123010635376,0.26344308257102966,1.0813923741894298,1.3339179397562888,0.9613848924636841,0.03861512616276741,0.26344308257102966,0.0983985960483551
874,10,10,10,0.021973004564642906,0.9780269861221313,10,1,10,1,0.9298149347305298,0.6279817223548889,0.6702418923377991,0.4652442174679151,0.40011659841398095,0.9740749597549438,0.0259250421077013,0.6702418923377991,0.6152388863265514
875,11,15,4,0.022486163303256035,0.97751384973526,4,0,4,0,0.007635411806404591,0.05514542758464813,0.04539016634225845,2.8977814454296587,3.09245979778687,0.1841794103384018,0.815820574760437,0.7412499189376831,0.678271971642971
876,1,1,1,0.02184014953672886,0.9781598448753357,1,1,1,1,0.9998083710670471,0.9868766665458679,0.8976588845252991,0.013210205263467232,0.1079651441759304,0.8780185580253601,0.12198137491941452,0.8976588845252991,0.8677033260464668
877,20,20,11,0.021826038137078285,0.9781739711761475,11,0,11,0,0.0692499652504921,0.07438881695270538,0.2931022346019745,2.5984496582162024,1.2272338072685103,0.9409254193305969,0.059074584394693375,0.47421449422836304,0.18111225962638855
878,27,8,9,0.025167567655444145,0.9748324155807495,9,0,9,0,0.03393682464957237,0.27488580346107483,0.1323963701725006,1.2913995277014811,2.021955051470598,0.9083172082901001,0.0916827917098999,0.521539032459259,0.3891426622867584
879,17,17,9,0.0214612428098917,0.9785387516021729,9,0,9,0,0.0448894165456295,0.033055320382118225,0.14037922024726868,3.409572745848521,1.9634078022809225,0.6183846592903137,0.3816153407096863,0.5231241583824158,0.3827449381351471
880,17,17,27,0.026046978309750557,0.9739530086517334,27,0,17,1,0.3150024712085724,0.21582351624965668,0.4569915533065796,1.533294259668583,0.7830903711765125,0.6895167231559753,0.31048333644866943,0.4569915533065796,0.19402939081192017
881,27,8,27,0.027717063203454018,0.9722829461097717,27,1,27,1,0.2517327070236206,0.9466615319252014,0.5841428637504578,0.05481366053237964,0.5376096963611905,0.8880976438522339,0.1119023859500885,0.5841428637504578,0.4520222246646881
882,21,21,21,0.025304678827524185,0.9746953248977661,21,1,21,1,0.9876739382743835,0.8274479508399963,0.7319438457489014,0.18940907299617568,0.3120514814212383,0.8855488896369934,0.11445111781358719,0.7319438457489014,0.5898921638727188
883,16,16,16,0.025526298210024834,0.9744737148284912,16,1,16,1,0.9763491153717041,0.7817553877830505,0.7993184328079224,0.24621339071648002,0.22399587342762597,0.8811732530593872,0.11882677674293518,0.7993184328079224,0.7316618710756302
884,26,26,26,0.025836987420916557,0.9741629958152771,26,1,26,1,0.9999973177909851,0.9992779493331909,0.9717910289764404,0.0007223114709418906,0.02861448840050437,0.8932247161865234,0.10677529126405716,0.9717910289764404,0.9687209213152528
885,24,24,24,0.02583043836057186,0.9741695523262024,24,1,24,1,0.9585804343223572,0.5236063003540039,0.5771266222000122,0.6470152122571277,0.5496935873293703,0.8621289730072021,0.13787099719047546,0.5771266222000122,0.49449218064546585
886,10,10,24,0.02668851613998413,0.9733114838600159,24,0,10,1,0.11828473955392838,0.12723635137081146,0.47462818026542664,2.061708887686718,0.7452235598670485,0.9636591672897339,0.036340828984975815,0.47462818026542664,0.160881906747818
887,21,21,13,0.02979663573205471,0.9702033400535583,13,0,21,1,0.4741736054420471,0.3318323791027069,0.42410266399383545,1.1031253197823547,0.8577797209984831,0.9899369478225708,0.01006306055933237,0.42410266399383545,0.05458137392997742
888,5,7,5,0.031198304146528244,0.9688016772270203,5,1,5,1,0.47807571291923523,0.6958631277084351,0.47473353147506714,0.36260229357829266,0.7450016187275016,0.9316137433052063,0.06838630139827728,0.47473353147506714,0.2791846841573715
889,15,11,15,0.029555318877100945,0.9704446792602539,15,1,15,1,0.2379187047481537,0.8920493125915527,0.6591015458106995,0.11423386475579957,0.4168776655906048,0.9551721215248108,0.044827912002801895,0.6591015458106995,0.5688444077968597
890,7,7,7,0.027152497321367264,0.9728475213050842,7,1,7,1,0.9628408551216125,0.9870426058769226,0.9273701906204224,0.01304207343177189,0.0754024504997267,0.8815253973007202,0.1184745505452156,0.9273701906204224,0.9118025619536638
891,26,26,7,0.02677631936967373,0.9732236862182617,7,0,7,0,0.023874441161751747,0.02919226512312889,0.25274085998535156,3.533851497841791,1.3753905840090113,0.9684091806411743,0.031590789556503296,0.603956401348114,0.35121554136276245
892,24,24,25,0.03317256644368172,0.9668274521827698,25,0,24,1,0.349698930978775,0.23131980001926422,0.6445505619049072,1.4639541102123608,0.4392020083147868,0.941525936126709,0.05847408249974251,0.6445505619049072,0.5042501240968704
893,17,17,14,0.03580382838845253,0.9641961455345154,14,0,17,1,0.16120988130569458,0.11640182882547379,0.33662188053131104,2.150707032249172,1.088794994788786,0.8891909718513489,0.1108090728521347,0.33662188053131104,0.16095459461212158
894,2,3,2,0.040082160383462906,0.9599178433418274,2,1,2,1,0.07033160328865051,0.8757880926132202,0.6799339652061462,0.13263112071866073,0.38575959551842653,0.16824334859848022,0.8317567110061646,0.6799339652061462,0.6400231197476387
895,7,7,7,0.0334104560315609,0.9665895700454712,7,1,7,1,0.9985412359237671,0.895504355430603,0.7342900037765503,0.11036819380743274,0.30885122788626496,0.9074177742004395,0.09258221089839935,0.7342900037765503,0.6717927418649197
896,27,8,7,0.03358922526240349,0.966410756111145,7,0,8,0,0.4199495017528534,0.18045377731323242,0.13628613948822021,1.712280615370767,1.992998636659501,0.9941638112068176,0.005836146418005228,0.4914630651473999,0.3551769256591797
897,12,12,12,0.03279729560017586,0.9672027230262756,12,1,12,1,0.9355639219284058,0.6227244138717651,0.46125802397727966,0.47365121139763355,0.7737976876220076,0.9641095399856567,0.035890430212020874,0.46125802397727966,0.29001499712467194
898,5,1,5,0.03267686441540718,0.9673231244087219,5,1,5,1,0.6790589094161987,0.9574611186981201,0.7020090818405151,0.043470165855617755,0.35380893794525853,0.9603275656700134,0.03967241197824478,0.7020090818405151,0.5528980642557144
899,10,10,10,0.03123459406197071,0.968765377998352,10,1,10,1,0.9999964237213135,0.9945237636566162,0.9610412120819092,0.005491285894039272,0.039737986350811244,0.946867823600769,0.053132202476263046,0.9610412120819092,0.9566476834006608
900,3,16,6,0.03123955987393856,0.9687604308128357,6,0,6,0,0.15072491765022278,0.22780388593673706,0.17981593310832977,1.4792701695687338,1.7158215451403376,0.96944659948349,0.030553430318832397,0.20571519434452057,0.025899261236190796
901,16,16,16,0.027817437425255775,0.97218257188797,16,1,16,1,0.9997777938842773,0.9600206613540649,0.8774088025093079,0.04080047250803765,0.13078225780740593,0.9271330237388611,0.07286690920591354,0.8774088025093079,0.853248031809926
902,15,15,15,0.027848830446600914,0.9721511602401733,15,1,15,1,0.9121116399765015,0.4728597104549408,0.44781744480133057,0.7489565297159524,0.803369618896215,0.7566942572593689,0.2433057576417923,0.44781744480133057,0.3470168560743332
903,1,5,1,0.028926154598593712,0.9710738658905029,1,1,1,1,0.04399725794792175,0.49713531136512756,0.35133951902389526,0.6988930336726582,1.046002232374056,0.5116274356842041,0.4883725941181183,0.35133951902389526,0.2498520463705063
904,2,2,2,0.02353343740105629,0.9764665365219116,2,1,2,1,0.997833788394928,0.8765844702720642,0.7888194918632507,0.13172220702012813,0.2372177652190345,0.8168866038322449,0.18311335146427155,0.7888194918632507,0.7453258819878101
905,12,8,12,0.02360703982412815,0.9763929843902588,12,1,12,1,0.1399533599615097,0.7539234757423401,0.6595869660377502,0.28246440718265126,0.4161414488955859,0.9144430160522461,0.08555696904659271,0.6595869660377502,0.4767686575651169
906,4,4,4,0.018235450610518456,0.981764554977417,4,1,4,1,0.9777909517288208,0.7552131414413452,0.7560028433799744,0.2807552630292788,0.27971014172505476,0.9367750287055969,0.06322496384382248,0.7560028433799744,0.6708010211586952
907,23,23,23,0.01843797229230404,0.9815620183944702,23,1,23,1,0.438812792301178,0.2577974498271942,0.21795997023582458,1.3555810805849597,1.5234438558252201,0.9063447713851929,0.09365521371364594,0.21795997023582458,0.13096031546592712
908,1,1,1,0.018147818744182587,0.9818521738052368,1,1,1,1,0.7700545787811279,0.7795059680938721,0.5336318016052246,0.24909493420332393,0.6280491879459351,0.9640027284622192,0.03599730134010315,0.5336318016052246,0.4693593978881836
909,1,26,1,0.017253991216421127,0.9827460050582886,1,1,1,1,0.5292009711265564,0.9743962287902832,0.7840907573699951,0.025937252323112288,0.24323050338010246,0.8919956684112549,0.10800432413816452,0.7840907573699951,0.7333235368132591
910,13,13,13,0.016203539445996284,0.9837964773178101,13,1,13,1,0.5848528742790222,0.22589503228664398,0.29446735978126526,1.4876848465129546,1.2225871146941274,0.9407150149345398,0.05928494408726692,0.29446735978126526,0.10558180510997772
911,9,17,9,0.017444442957639694,0.9825555682182312,9,1,9,1,0.09992150962352753,0.7427514791488647,0.3668990433216095,0.2973937731922414,1.0026685550878882,0.8860809206962585,0.11391900479793549,0.3668990433216095,0.08098950982093811
912,8,5,8,0.014655626378953457,0.9853443503379822,8,1,8,1,0.4578503370285034,0.9863758683204651,0.8097122311592102,0.013717791826571853,0.21107636461286639,0.33863914012908936,0.6613608002662659,0.8097122311592102,0.7788809426128864
913,14,14,14,0.013311437331140041,0.9866885542869568,14,1,14,1,0.9989891052246094,0.9415102601051331,0.8650640249252319,0.06027003332866004,0.14495175753479617,0.9818041324615479,0.018195834010839462,0.8650640249252319,0.8307272084057331
914,3,3,6,0.013285099528729916,0.9867148995399475,6,0,3,1,0.2951478660106659,0.14809054136276245,0.3671954274177551,1.9099314263059242,1.0018610728793618,0.9654068350791931,0.03459315001964569,0.3671954274177551,0.07113668322563171
915,0,0,0,0.014584388583898544,0.9854156374931335,0,1,0,1,0.9981440305709839,0.9977901577949524,0.9631888270378113,0.002212287509488712,0.037505804331018466,0.9614277482032776,0.038572221994400024,0.9631888270378113,0.9558811970055103
916,4,4,13,0.01448589377105236,0.9855141043663025,13,0,4,1,0.44914302229881287,0.27210262417793274,0.5267042517662048,1.3015759890721028,0.6411160800624843,0.993990421295166,0.006009620148688555,0.5267042517662048,0.34913651645183563
917,16,10,25,0.015180807560682297,0.9848191738128662,25,0,10,0,0.45489826798439026,0.16566738486289978,0.08602765947580338,1.7977732063744851,2.45308641262617,0.9951493144035339,0.004850668366998434,0.5750454664230347,0.46854231506586075
918,6,6,6,0.014456154778599739,0.9855438470840454,6,1,6,1,0.9150269627571106,0.4564134180545807,0.6009509563446045,0.7843562616573613,0.509241951196629,0.8238494396209717,0.17615056037902832,0.6009509563446045,0.5279883146286011
919,18,18,25,0.015017341822385788,0.9849826693534851,25,0,25,0,0.13201001286506653,0.08869077265262604,0.2296614646911621,2.422599423796951,1.471148947004156,0.9937871694564819,0.0062128519639372826,0.2514975070953369,0.021836042404174805
920,16,16,16,0.016352079808712006,0.9836479425430298,16,1,16,1,0.9978315830230713,0.9565438628196716,0.8420462608337402,0.044428633526837354,0.17192032464127768,0.6500968337059021,0.3499031960964203,0.8420462608337402,0.756343737244606
921,7,7,7,0.016314305365085602,0.9836856722831726,7,1,7,1,0.9984163045883179,0.9952560067176819,0.9435610771179199,0.004755281734159072,0.058094181644541054,0.8731854557991028,0.12681452929973602,0.9435610771179199,0.9363002609461546
922,19,19,19,0.016226164996623993,0.9837738275527954,19,1,19,1,0.9031193256378174,0.8126861453056335,0.5957421064376831,0.20741028910345458,0.5179474128809379,0.7242240309715271,0.2757759690284729,0.5957421064376831,0.5230026841163635
923,10,10,10,0.015926387161016464,0.9840736389160156,10,1,10,1,0.9999985098838806,0.9983662962913513,0.9858065843582153,0.0016350396577808058,0.01429510553026897,0.9163850545883179,0.08361492305994034,0.9858065843582153,0.9837217228487134
924,23,23,23,0.015925537794828415,0.9840744733810425,23,1,23,1,0.9967120885848999,0.9720803499221802,0.7609838843345642,0.02831681340922992,0.2731430983032089,0.7208480834960938,0.27915188670158386,0.7609838843345642,0.7020631693303585
925,4,4,4,0.015834202989935875,0.9841657876968384,4,1,4,1,0.9033052921295166,0.9890537261962891,0.9371739029884338,0.01100662507728391,0.06488641845916439,0.6525759696960449,0.3474240303039551,0.9371739029884338,0.9154328927397728
926,16,16,25,0.015490534715354443,0.9845094680786133,25,0,25,0,0.10048943012952805,0.0849464014172554,0.33771952986717224,2.4657347929473845,1.085539521260534,0.9785364270210266,0.021463625133037567,0.36959969997406006,0.03188017010688782
927,8,8,8,0.01746898517012596,0.9825310111045837,8,1,8,1,0.9545477628707886,0.9616321921348572,0.7977868318557739,0.03912323808387877,0.22591384521765098,0.5703282952308655,0.42967167496681213,0.7977868318557739,0.7296741381287575
928,2,2,2,0.017121946439146996,0.9828780293464661,2,1,2,1,0.9841689467430115,0.754997968673706,0.7027387619018555,0.2810402202351343,0.35277006092513374,0.934410035610199,0.06558992713689804,0.7027387619018555,0.6360680460929871
929,17,17,17,0.017358889803290367,0.9826411008834839,17,1,17,1,0.6802613735198975,0.36870306730270386,0.6053488850593567,0.9977636545395834,0.5019503176416694,0.878128707408905,0.12187127768993378,0.6053488850593567,0.5194305181503296
930,16,16,25,0.01805383339524269,0.9819461703300476,25,0,25,0,0.00687205046415329,0.022870536893606186,0.3414689898490906,3.777905795332919,1.0744984098071462,0.9756656289100647,0.024334372952580452,0.3777446746826172,0.03627568483352661
931,9,9,9,0.023224186152219772,0.9767758250236511,9,1,9,1,0.8956477642059326,0.6043726205825806,0.6399686336517334,0.5035643497708195,0.44633611374861143,0.7606018781661987,0.23939818143844604,0.6399686336517334,0.3548796772956848
932,9,27,14,0.023664653301239014,0.976335346698761,14,0,14,0,0.09987201541662216,0.05938800796866417,0.15752819180488586,2.8236629590446944,1.848150841147671,0.9338766932487488,0.06612332910299301,0.6162072420120239,0.45867905020713806
933,18,18,23,0.025019224733114243,0.9749807715415955,23,0,23,0,0.023396475240588188,0.028958220034837723,0.13890188932418823,3.5419011762389796,1.9739874272683544,0.9695417284965515,0.030458230525255203,0.41632139682769775,0.2774195075035095
934,21,21,22,0.032272279262542725,0.9677277207374573,22,0,21,1,0.06200810521841049,0.06431036442518234,0.2229422777891159,2.744034472156003,1.5008423850229031,0.9987977743148804,0.0012022582814097404,0.2229422777891159,0.016248658299446106
935,21,21,6,0.038020577281713486,0.9619794487953186,6,0,21,1,0.33943429589271545,0.21136140823364258,0.379321813583374,1.554185775504908,0.969370321834483,0.9988038539886475,0.001196160214021802,0.379321813583374,0.22728033363819122
936,10,10,10,0.04123209789395332,0.9587678909301758,10,1,10,1,0.9991236329078674,0.8952854871749878,0.7503413558006287,0.11061263148682739,0.2872270349295544,0.9695612192153931,0.030438752844929695,0.7503413558006287,0.7082556150853634
937,2,4,2,0.04145466163754463,0.9585453271865845,2,1,2,1,0.07718599587678909,0.9554136395454407,0.716672420501709,0.045610901861234024,0.33313641795373156,0.7374002933502197,0.2625997066497803,0.716672420501709,0.6280913278460503
938,8,8,8,0.03534319996833801,0.9646567702293396,8,1,8,1,0.9939658641815186,0.9494069218635559,0.7833775281906128,0.05191778211463168,0.2441405431367924,0.9345114231109619,0.06548862904310226,0.7833775281906128,0.7544636894017458
939,9,27,14,0.03485282510519028,0.9651471972465515,14,0,9,1,0.09003844857215881,0.2670201361179352,0.40515071153640747,1.3204312072535023,0.9034961538473819,0.9444132447242737,0.05558671057224274,0.40515071153640747,0.1042100191116333
940,14,14,14,0.03357996046543121,0.96642005443573,14,1,14,1,0.7227166891098022,0.46914052963256836,0.5305522680282593,0.7568529186747652,0.6338367998092506,0.9937293529510498,0.006270695943385363,0.5305522680282593,0.29794515669345856
941,17,17,9,0.03330238536000252,0.966697633266449,9,0,17,1,0.2004714459180832,0.13572904467582703,0.3361503481864929,1.997094699112807,1.0901967542607174,0.8975817561149597,0.10241827368736267,0.3361503481864929,0.1278422772884369
942,14,17,14,0.0370047464966774,0.9629952311515808,14,1,14,1,0.21016517281532288,0.9414517879486084,0.6134306788444519,0.06033213989804511,0.4886880141339305,0.7927963137626648,0.20720365643501282,0.6134306788444519,0.4281366914510727
943,25,25,22,0.03363969549536705,0.966360330581665,22,0,25,1,0.5811942219734192,0.3566824197769165,0.4958288371562958,1.0309094735708233,0.7015244981916515,0.9850342869758606,0.014965715818107128,0.4958288371562958,0.32077036798000336
944,18,18,22,0.03505036607384682,0.9649496078491211,22,0,18,1,0.5060890913009644,0.26766544580459595,0.4099803566932678,1.3180174148424202,0.8916460309357532,0.9391129016876221,0.060887135565280914,0.4099803566932678,0.2500724494457245
945,12,7,12,0.03737287223339081,0.962627112865448,12,1,12,1,0.2636142075061798,0.9397254586219788,0.639217734336853,0.06216751167322966,0.4475101403328855,0.8576532602310181,0.14234673976898193,0.639217734336853,0.5749999284744263
946,15,3,15,0.03364962339401245,0.9663503766059875,15,1,15,1,0.07728102058172226,0.4424668550491333,0.26594796776771545,0.8153897211833524,1.3244545992303554,0.9315639734268188,0.06843597441911697,0.26594796776771545,0.13317008316516876
947,11,11,11,0.029135776683688164,0.9708642363548279,11,1,11,1,0.9995760321617126,0.9369311332702637,0.7887638807296753,0.06514549648823018,0.2372882668921183,0.9053720831871033,0.09462793171405792,0.7887638807296753,0.7368881888687611
948,4,4,4,0.029195889830589294,0.9708040952682495,4,1,4,1,0.7294487953186035,0.9182716608047485,0.8249479532241821,0.08526200533678806,0.19243498163851597,0.6134626865386963,0.3865372836589813,0.8249479532241821,0.7912884280085564
949,25,25,25,0.027783192694187164,0.972216784954071,25,1,25,1,0.9042900800704956,0.5705142021179199,0.5680119395256042,0.5612172158304923,0.5656128401903522,0.9162144064903259,0.08378557860851288,0.5680119395256042,0.37298235297203064
950,21,21,21,0.028392184525728226,0.9716078042984009,21,1,21,1,0.9995229840278625,0.9984681010246277,0.9738152027130127,0.0015330735322959756,0.02653372361478162,0.9022645354270935,0.09773549437522888,0.9738152027130127,0.9685625755228102
951,15,15,15,0.028333252295851707,0.9716667532920837,15,1,15,1,0.9992352724075317,0.9951914548873901,0.9455223679542542,0.004820143361064136,0.0560177338876694,0.8029975891113281,0.19700245559215546,0.9455223679542542,0.9268636163324118
952,18,12,18,0.028253845870494843,0.9717461466789246,18,1,2,0,0.4387258291244507,0.5622146129608154,0.1932230293750763,0.5758716283878533,1.6439101646434788,0.9056426286697388,0.09435734897851944,0.45200806856155396,0.25878503918647766
953,12,1,12,0.026361139491200447,0.9736388325691223,12,1,12,1,0.013969536870718002,0.775307834148407,0.4545728862285614,0.2544951231411699,0.7883970124824051,0.7147371172904968,0.2852628529071808,0.4545728862285614,0.3057769685983658
954,7,7,14,0.019896121695637703,0.9801038503646851,14,0,14,0,0.04673266038298607,0.019996855407953262,0.11144380271434784,3.9121802473923526,2.1942348266689815,0.9401803612709045,0.05981958657503128,0.2577168345451355,0.022794798016548157
955,15,15,15,0.024157725274562836,0.975842297077179,15,1,15,1,0.7943978309631348,0.47899842262268066,0.6335883140563965,0.7360579746399412,0.45635588237613023,0.8333986401557922,0.16660138964653015,0.6335883140563965,0.5668152049183846
956,8,8,18,0.025073591619729996,0.9749264121055603,18,0,18,0,0.07066288590431213,0.02626216970384121,0.08827248215675354,3.6396257896120017,2.427326860296036,0.9534100890159607,0.04658998176455498,0.3117384612560272,0.20880502462387085
957,16,21,16,0.029571300372481346,0.9704287052154541,16,1,16,1,0.25909918546676636,0.8845253586769104,0.6783512234687805,0.12270409572328089,0.38809009645728043,0.9556128978729248,0.04438713565468788,0.6783512234687805,0.6153497472405434
958,7,26,7,0.026033787056803703,0.9739662408828735,7,1,7,1,0.13710859417915344,0.5694736838340759,0.26468005776405334,0.5630427064091547,1.3292335115972058,0.9940717816352844,0.005928221624344587,0.26468005776405334,0.048233866691589355
959,8,8,8,0.024002132937312126,0.9759978652000427,8,1,8,1,0.9864992499351501,0.9232233166694641,0.780053436756134,0.07988412718949994,0.24839285298340052,0.843610405921936,0.15638959407806396,0.780053436756134,0.696166031062603
960,24,24,21,0.023864030838012695,0.9761359691619873,21,0,24,1,0.2880590558052063,0.1873387098312378,0.47551319003105164,1.6748370180016479,0.7433606580942441,0.8700112104415894,0.12998880445957184,0.47551319003105164,0.24213741719722748
961,11,11,15,0.026034094393253326,0.9739658832550049,15,0,15,0,0.2597508430480957,0.12905682623386383,0.1305612176656723,2.047502458177221,2.0359130613264345,0.9763258099555969,0.02367420122027397,0.23193731904029846,0.09286201000213623
962,16,16,25,0.02781575545668602,0.9721842408180237,25,0,16,1,0.3816055953502655,0.1819603145122528,0.4831606447696686,1.703966667812643,0.7274060827611651,0.9772775173187256,0.022722521796822548,0.4831606447696686,0.40178802609443665
963,5,5,5,0.03041219338774681,0.9695878028869629,5,1,5,1,0.9872967004776001,0.9815666675567627,0.7684466242790222,0.018605343418757785,0.2633841728345255,0.8773084878921509,0.1226915568113327,0.7684466242790222,0.7204766385257244
964,2,21,22,0.02975664660334587,0.9702433347702026,22,0,22,0,0.03681732714176178,0.2121964991092682,0.180597722530365,1.5502425510096582,1.7114832486526033,0.962722659111023,0.03727729618549347,0.24382267892360687,0.06322495639324188
965,0,0,0,0.025788847357034683,0.9742111563682556,0,1,0,1,0.9994208812713623,0.9972633719444275,0.9564674496650696,0.002740379467839594,0.044508521349919214,0.9021474123001099,0.09785253554582596,0.9564674496650696,0.9512635059654713
966,15,15,15,0.02568218857049942,0.9743177890777588,15,1,15,1,0.998996913433075,0.9055213928222656,0.811364471912384,0.0992443765128243,0.2090379153252177,0.7904413938522339,0.2095586657524109,0.811364471912384,0.7549677193164825
967,6,6,6,0.02580384723842144,0.9741961359977722,6,1,6,1,0.9807029962539673,0.659988284111023,0.6612451076507568,0.41553319546615775,0.41363069447479484,0.8985463976860046,0.10145360976457596,0.6612451076507568,0.5986132845282555
968,18,2,22,0.026235708966851234,0.9737643003463745,22,0,19,0,0.17786240577697754,0.053981225937604904,0.13152533769607544,2.919118960690463,2.0285557638256964,0.9975142478942871,0.002485759789124131,0.14829576015472412,0.0043014585971832275
969,9,9,9,0.027768652886152267,0.9722313284873962,9,1,9,1,0.9832829833030701,0.83039790391922,0.7228162288665771,0.1858502907557555,0.3246002677400067,0.8240461945533752,0.17595383524894714,0.7228162288665771,0.6711863875389099
970,26,7,7,0.02775556966662407,0.9722444415092468,7,0,7,0,0.8481602072715759,0.16951614618301392,0.1401597410440445,1.7748070989814642,1.964972499369646,0.7157705426216125,0.28422948718070984,0.5220946073532104,0.38193486630916595
971,15,15,15,0.023590516299009323,0.9764094948768616,15,1,15,1,0.7204079627990723,0.39931583404541016,0.46745917201042175,0.9180026111902647,0.7604432666651371,0.8300072550773621,0.16999267041683197,0.46745917201042175,0.17056769132614136
972,25,25,2,0.02452136017382145,0.9754786491394043,2,0,2,0,0.048252638429403305,0.04302339628338814,0.07588902860879898,3.146011211643421,2.578483155637708,0.22283193469047546,0.7771680355072021,0.3696426451206207,0.02122512459754944
973,2,2,2,0.029053138568997383,0.9709468483924866,2,1,2,1,0.9313371181488037,0.5832472443580627,0.626787543296814,0.5391440927243131,0.46714764218719973,0.8710232377052307,0.1289767473936081,0.626787543296814,0.5527905598282814
974,2,2,2,0.029799923300743103,0.9702000617980957,2,1,2,1,0.8419184684753418,0.9718016982078552,0.8724172711372375,0.028603509524872995,0.13648744758189926,0.7903364300727844,0.2096635401248932,0.8724172711372375,0.8399202674627304
975,5,26,1,0.02870222181081772,0.9712978005409241,1,0,23,0,0.08282435685396194,0.017728732898831367,0.017815735191106796,4.032568627956846,4.027673212681158,0.9951007962226868,0.0048992326483130455,0.18383774161338806,0.009436070919036865
976,24,24,10,0.028727253898978233,0.9712727665901184,10,0,24,1,0.5302127599716187,0.3261909484863281,0.7303279638290405,1.1202723375360466,0.3142615802100037,0.9142141938209534,0.08578585833311081,0.7303279638290405,0.6536957770586014
977,18,23,25,0.03042454831302166,0.9695754647254944,25,0,25,0,0.16469964385032654,0.0469210185110569,0.11805859208106995,3.059289548035685,2.1365742346932697,0.8456648588180542,0.15433509647846222,0.22331787645816803,0.04831652343273163
978,7,5,7,0.030232174322009087,0.9697678089141846,7,1,7,1,0.009171887300908566,0.9674903154373169,0.8562468886375427,0.03304986401220959,0.15519652312028323,0.29998522996902466,0.7000147700309753,0.8562468886375427,0.7849864512681961
979,17,17,17,0.02397790364921093,0.9760221242904663,17,1,17,1,0.991912305355072,0.864244282245636,0.8869571089744568,0.1458998160592322,0.11995865300015374,0.8426466584205627,0.15735331177711487,0.8869571089744568,0.8415957577526569
980,17,17,17,0.024113228544592857,0.9758867621421814,17,1,17,1,0.9986956119537354,0.9048392176628113,0.9181848764419556,0.09999801110671795,0.08535651817833635,0.857764482498169,0.14223556220531464,0.9181848764419556,0.8781803399324417
981,7,0,27,0.02416132017970085,0.9758386611938477,27,0,0,0,0.12989844381809235,0.07937169820070267,0.08728078007698059,2.533613420105943,2.438624999859996,0.6884976029396057,0.3115024268627167,0.15435808897018433,0.028687402606010437
982,11,20,20,0.02353016659617424,0.9764698147773743,20,0,20,0,0.960507333278656,0.13522224128246307,0.12781138718128204,2.0008356223758947,2.057199639433035,0.9455963969230652,0.05440356954932213,0.5662419199943542,0.4384305328130722
983,11,11,13,0.022131307050585747,0.9778686761856079,13,0,11,1,0.27542373538017273,0.08899086713790894,0.21901682019233704,2.4192215309434126,1.518606747583734,0.9789161086082458,0.021083947271108627,0.21901682019233704,0.034200623631477356
984,8,8,8,0.024093305692076683,0.9759066700935364,8,1,8,1,0.9999822378158569,0.9986146688461304,0.969641923904419,0.0013862916122102896,0.030828426251570507,0.8204680681228638,0.1795320212841034,0.969641923904419,0.9663607934489846
985,1,1,1,0.024074342101812363,0.9759256839752197,1,1,1,1,0.9996590614318848,0.9837465882301331,0.8692189455032349,0.016386947383467583,0.1401602343541593,0.8064591288566589,0.19354084134101868,0.8692189455032349,0.8420209120959044
986,6,5,6,0.02399931661784649,0.9760006666183472,6,1,6,1,0.12017703056335449,0.31738749146461487,0.2666071653366089,1.1476318810406425,1.3219789948672354,0.8163794875144958,0.18362045288085938,0.2666071653366089,0.027205288410186768
987,3,3,3,0.020352782681584358,0.9796472191810608,3,1,3,1,0.9028155207633972,0.3758073151111603,0.33541691303253174,0.9786787267553925,1.0923810044108164,0.9341883659362793,0.06581157445907593,0.33541691303253174,0.13259047269821167
988,23,23,23,0.020674146711826324,0.9793258309364319,23,1,23,1,0.9897983074188232,0.7551933526992798,0.5358421206474304,0.2807814662297329,0.6239157123309237,0.8636045455932617,0.13639545440673828,0.5358421206474304,0.4339449256658554
989,5,5,5,0.020846957340836525,0.979153037071228,5,1,5,1,0.8420457243919373,0.9877215027809143,0.8616458773612976,0.01235450074624321,0.14891090785220082,0.9301843643188477,0.06981570273637772,0.8616458773612976,0.8087900169193745
990,17,17,17,0.020128587260842323,0.979871392250061,17,1,17,1,0.8051459789276123,0.8698477745056152,0.8078073263168335,0.13943705447549076,0.2134317064252301,0.946844220161438,0.053155772387981415,0.8078073263168335,0.7512690238654613
991,14,9,14,0.01928071491420269,0.980719268321991,14,1,14,1,0.06038668379187584,0.934958815574646,0.7341604232788086,0.06725279817731787,0.3090277139230975,0.43887096643447876,0.5611290335655212,0.7341604232788086,0.6609055176377296
992,10,10,10,0.015904361382126808,0.9840956330299377,10,1,10,1,0.9997970461845398,0.9626444578170776,0.8900726437568665,0.03807113803826419,0.11645219738813559,0.9586020708084106,0.041397903114557266,0.8900726437568665,0.8660537600517273
993,21,12,21,0.015934400260448456,0.984065592288971,21,1,21,1,0.6008281707763672,0.43184930086135864,0.43063390254974365,0.839678592195769,0.8424969638726263,0.983079195022583,0.016920756548643112,0.43063390254974365,0.34159301966428757
994,15,15,15,0.01567583717405796,0.9843241572380066,15,1,15,1,0.9963932037353516,0.8613183498382568,0.8042051792144775,0.14929109859767942,0.21790084433269133,0.8008610606193542,0.19913889467716217,0.8042051792144775,0.7648406736552715
995,3,3,11,0.015792619436979294,0.9842073917388916,11,0,3,1,0.35894060134887695,0.2428065687417984,0.5646677613258362,1.415490166036727,0.5715177538465556,0.9827013611793518,0.017298685386776924,0.5646677613258362,0.43360021710395813
996,13,13,13,0.016969526186585426,0.9830304980278015,13,1,13,1,0.9984356760978699,0.9375736117362976,0.8557837605476379,0.06446000503465694,0.15573755093590336,0.7957461476325989,0.2042538821697235,0.8557837605476379,0.8071348331868649
997,4,4,4,0.017002902925014496,0.9829971194267273,4,1,4,1,0.9583058953285217,0.45360374450683594,0.5236672759056091,0.7905312715170506,0.6468987659854822,0.9672440886497498,0.032755881547927856,0.5236672759056091,0.3807528465986252
998,25,24,25,0.017238661646842957,0.9827613234519958,25,1,24,0,0.5600259304046631,0.5263431072235107,0.18626993894577026,0.6418019837946761,1.6805583727100275,0.9604257345199585,0.03957422077655792,0.5163975358009338,0.3301275968551636
999,12,12,12,0.016675755381584167,0.9833242297172546,12,1,12,1,0.8947219252586365,0.9158886671066284,0.7758452296257019,0.08786046415490277,0.25380222504961986,0.8850968480110168,0.11490310728549957,0.7758452296257019,0.7315375208854675
1000,7,26,7,0.01605979911983013,0.9839401841163635,7,1,12,0,0.24674567580223083,0.511507511138916,0.26258423924446106,0.6703930091647125,1.33718333702404,0.9902797341346741,0.009720269590616226,0.345875084400177,0.08329084515571594
1001,13,13,13,0.013711131177842617,0.986288845539093,13,1,13,1,0.9766808152198792,0.5516181588172913,0.46727314591407776,0.5948992133414506,0.760841297406629,0.8558192253112793,0.1441808044910431,0.46727314591407776,0.41858312115073204
1002,24,24,10,0.01399211399257183,0.9860078692436218,10,0,24,1,0.22400836646556854,0.17980796098709106,0.7430233359336853,1.7158658810221903,0.2970278270406514,0.8796994686126709,0.12030059099197388,0.7430233359336853,0.6681761220097542
1003,5,5,5,0.015274044126272202,0.9847259521484375,5,1,5,1,0.9032114744186401,0.9645782709121704,0.7564898133277893,0.03606429812787275,0.2790662113727559,0.8211085796356201,0.17889145016670227,0.7564898133277893,0.7133590318262577
1004,2,0,2,0.014811931177973747,0.9851880669593811,2,1,2,1,0.17409811913967133,0.9675815105438232,0.8543097972869873,0.032955609002809486,0.15746139068596043,0.0426030196249485,0.9573969841003418,0.8543097972869873,0.826488122344017
1005,2,23,2,0.0127453887835145,0.9872546195983887,2,1,2,1,0.0016156508354470134,0.9686800837516785,0.8814027905464172,0.03182087253024696,0.12624056054066776,0.06714187562465668,0.9328581094741821,0.8814027905464172,0.8395261988043785
1006,10,10,10,0.01003696583211422,0.9899630546569824,10,1,10,1,0.9914578199386597,0.9955567121505737,0.9652255177497864,0.004453188591666329,0.03539350779603874,0.9426029324531555,0.0573970228433609,0.9652255177497864,0.9551887027919292
1007,21,21,21,0.01000188011676073,0.9899981021881104,21,1,21,1,0.9832345247268677,0.9950661659240723,0.9084535241127014,0.004946045618312912,0.0960115491823628,0.6419022083282471,0.3580978214740753,0.9084535241127014,0.8883879948407412
1008,6,4,6,0.010001041926443577,0.9899989366531372,6,1,4,0,0.014724092558026314,0.7747942805290222,0.14912600815296173,0.2551577293440924,1.9029636381311719,0.9983022212982178,0.0016977618215605617,0.2736475169658661,0.027868449687957764
1009,18,18,18,0.01012211199849844,0.9898778796195984,18,1,18,1,0.7418177127838135,0.5894368290901184,0.50856614112854,0.5285877248992417,0.6761600009027849,0.960240364074707,0.03975965455174446,0.50856614112854,0.3668390065431595
1010,1,5,1,0.010263380594551563,0.9897366166114807,1,1,1,1,0.39312079548835754,0.9802110195159912,0.809117317199707,0.01998740446011742,0.2118113573573317,0.5987150073051453,0.40128496289253235,0.809117317199707,0.7500948794186115
1011,27,17,17,0.010008305311203003,0.9899916648864746,17,0,17,0,0.9980512261390686,0.03431001305580139,0.014752800576388836,3.372318041587182,4.216322344633573,0.9554405808448792,0.044559404253959656,0.8351070880889893,0.810103191062808
1012,21,21,6,0.011812402866780758,0.9881876111030579,6,0,21,1,0.2102382332086563,0.13450096547603607,0.4026780128479004,2.0061839017055156,0.9096180119500661,0.996282160282135,0.003717902349308133,0.4026780128479004,0.2848530560731888
1013,24,24,10,0.01296873576939106,0.9870312809944153,10,0,24,1,0.5493861436843872,0.3517023026943207,0.7299937605857849,1.044970192198298,0.3147192920189877,0.845649242401123,0.15435074269771576,0.7299937605857849,0.6913084387779236
1014,7,9,7,0.013670984655618668,0.9863290190696716,7,1,7,1,0.006771774962544441,0.9558183550834656,0.7775982022285461,0.045187389126818196,0.2515453377874664,0.9182850122451782,0.08171498030424118,0.7775982022285461,0.7013299986720085
1015,26,26,26,0.01019250601530075,0.9898074865341187,26,1,26,1,0.9999997019767761,0.999701201915741,0.9852151870727539,0.00029884273330086524,0.014895197636587445,0.9342637062072754,0.06573629379272461,0.9852151870727539,0.9833206043113023
1016,14,14,14,0.010191613808274269,0.9898083806037903,14,1,14,1,0.9998286962509155,0.9334828853607178,0.8377006649971008,0.06883265000804338,0.17709444398587224,0.7972199320793152,0.20278006792068481,0.8377006649971008,0.8149010222405195
1017,22,22,19,0.010181539691984653,0.9898184537887573,19,0,22,1,0.38634181022644043,0.1556849330663681,0.2329380065202713,1.859920973826738,1.4569829272549943,0.9941502213478088,0.005849754903465509,0.2329380065202713,0.05824212729930878
1018,5,17,5,0.011168130673468113,0.9888318777084351,5,1,5,1,0.03963155671954155,0.9746652245521545,0.6881805658340454,0.025661226379324886,0.373704025142677,0.989940345287323,0.01005966030061245,0.6881805658340454,0.5858272761106491
1019,6,6,6,0.010018947534263134,0.9899810552597046,6,1,6,1,0.9068945050239563,0.5468363165855408,0.4439140260219574,0.6036057597585633,0.8121243703852875,0.949152946472168,0.05084710195660591,0.4439140260219574,0.07918214797973633
1020,10,10,10,0.010303308255970478,0.9896966814994812,10,1,10,1,0.9237249493598938,0.7191594839096069,0.6468807458877563,0.3296721323537473,0.43559332003605533,0.9558756351470947,0.0441243015229702,0.6468807458877563,0.5995316952466965
1021,3,3,11,0.010222425684332848,0.9897775650024414,11,0,3,1,0.6053682565689087,0.2858128547668457,0.5995751619338989,1.2524180363073556,0.5115339380048055,0.9920164346694946,0.007983536459505558,0.5995751619338989,0.4862961396574974
1022,9,9,9,0.01083289459347725,0.9891670942306519,9,1,9,1,0.9712165594100952,0.736134946346283,0.6495318412780762,0.3063418260460322,0.4315034197804842,0.8922996520996094,0.10770034044981003,0.6495318412780762,0.5763032585382462
1023,4,3,4,0.010880516842007637,0.9891194701194763,4,1,4,1,0.12233738601207733,0.9275261163711548,0.8248677253723145,0.0752343270844048,0.19253223838418973,0.09473923593759537,0.9052608013153076,0.8248677253723145,0.787387028336525
1024,13,13,13,0.01004100777208805,0.9899590015411377,13,1,13,1,0.9399489164352417,0.890756368637085,0.763398289680481,0.11568432477481301,0.26997537907110586,0.9202492237091064,0.07975077629089355,0.763398289680481,0.7017008922994137
1025,3,3,11,0.010056326165795326,0.9899436831474304,11,0,3,1,0.4172085225582123,0.22371327877044678,0.6146624684333801,1.4973900525229316,0.4866819936545706,0.9758517742156982,0.024148261174559593,0.6146624684333801,0.5156348645687103
1026,15,15,15,0.010784330777823925,0.9892156720161438,15,1,15,1,0.999695897102356,0.9570260643959045,0.883629322052002,0.0439246523766517,0.12371762322896566,0.8242276310920715,0.17577241361141205,0.883629322052002,0.857881685718894
1027,17,17,16,0.010746335610747337,0.9892536401748657,16,0,16,0,0.001605380792170763,0.011651952750980854,0.09895698726177216,4.452281494906829,2.31306999536121,0.6557702422142029,0.34422972798347473,0.3086383640766144,0.20968137681484222
1028,24,24,24,0.015059656463563442,0.9849403500556946,24,1,24,1,0.9994556903839111,0.9628461003303528,0.9708103537559509,0.03786169269649499,0.02962414000738028,0.7911778688430786,0.20882214605808258,0.9708103537559509,0.9627614859491587
1029,11,11,13,0.015086698345839977,0.9849132895469666,13,0,13,0,0.02285439893603325,0.027612101286649704,0.15300506353378296,3.5895011499363614,1.8772842631452833,0.8901455402374268,0.10985442996025085,0.41787591576576233,0.26487085223197937
1030,3,3,6,0.018492290750145912,0.9815077185630798,6,0,3,1,0.5702424645423889,0.18297380208969116,0.3754121959209442,1.6984122943686275,0.9797306675552503,0.9931882619857788,0.006811691448092461,0.3754121959209442,0.22361601889133453
1031,25,25,25,0.01990452967584133,0.9800954461097717,25,1,25,1,0.9690048694610596,0.7507509589195251,0.7367058992385864,0.2866812948374283,0.3055665176715868,0.9065285325050354,0.09347149729728699,0.7367058992385864,0.6093622744083405
1032,15,11,15,0.019946763291954994,0.9800532460212708,15,1,15,1,0.17321929335594177,0.9337952136993408,0.7605413794517517,0.06849812207490588,0.27372475791257656,0.9242780208587646,0.07572193443775177,0.7605413794517517,0.6830404847860336
1033,23,23,19,0.01792449690401554,0.9820755124092102,19,0,24,0,0.345598965883255,0.08124331384897232,0.1287485957145691,2.510306752247959,2.0498936465690822,0.8537939190864563,0.1462060809135437,0.16508814692497253,0.028439030051231384
1034,14,27,14,0.01980741135776043,0.9801926016807556,14,1,14,1,0.37452298402786255,0.9352384805679321,0.8535983562469482,0.06695372278463332,0.15829450466778278,0.7666336297988892,0.23336640000343323,0.8535983562469482,0.7956964112818241
1035,4,4,4,0.018485352396965027,0.9815146327018738,4,1,4,1,0.7433319091796875,0.3678191006183624,0.6353613138198853,1.0001640360821387,0.4535614437659565,0.9937393665313721,0.006260675843805075,0.6353613138198853,0.5074566751718521
1036,7,8,8,0.01923106610774994,0.9807689189910889,8,0,8,0,0.7864857316017151,0.03829178214073181,0.04523773863911629,3.262519971334151,3.0958236148563136,0.4490133821964264,0.5509867072105408,0.8505330085754395,0.8052952699363232
1037,10,10,24,0.021907053887844086,0.9780929684638977,24,0,10,1,0.21590816974639893,0.19202108681201935,0.6355236172676086,1.6501500858389808,0.45330602575818,0.983185350894928,0.016814639791846275,0.6355236172676086,0.47576218843460083
1038,5,5,5,0.02386111579835415,0.9761388897895813,5,1,5,1,0.9847373366355896,0.926230251789093,0.7551451325416565,0.07663242320469535,0.28084531967465387,0.904385507106781,0.09561442583799362,0.7551451325416565,0.6462568938732147
1039,1,1,1,0.02351372130215168,0.9764862656593323,1,1,1,1,0.9999464750289917,0.9426859617233276,0.7827469110488892,0.05902207225415921,0.24494586506397176,0.8198185563087463,0.18018142879009247,0.7827469110488892,0.7087634280323982
1040,26,9,26,0.023546921089291573,0.9764530658721924,26,1,26,1,0.2537805736064911,0.7466334700584412,0.4009520411491394,0.29218088353268407,0.9139134569598166,0.5559141635894775,0.4440858066082001,0.4009520411491394,0.2699882686138153
1041,4,4,4,0.021205032244324684,0.9787949919700623,4,1,4,1,0.8179602026939392,0.34064558148384094,0.541346549987793,1.0769126926851524,0.6136956322245842,0.9925779700279236,0.007421972695738077,0.541346549987793,0.4234508126974106
1042,4,4,4,0.021972212940454483,0.9780277609825134,4,1,4,1,0.9881508350372314,0.9883493781089783,0.9259871244430542,0.011719022175848061,0.0768949489217683,0.9063765406608582,0.09362344443798065,0.9259871244430542,0.9148175716400146
1043,14,14,14,0.021694477647542953,0.9783055186271667,14,1,14,1,0.789219856262207,0.32999128103256226,0.3711654841899872,1.1086890459841026,0.9911072667953832,0.9930833578109741,0.0069166626781225204,0.3711654841899872,0.2475389838218689
1044,13,13,4,0.02273101732134819,0.9772689938545227,4,0,13,1,0.16943761706352234,0.1126556396484375,0.335862934589386,2.1834195498999596,1.0910521350158244,0.7448532581329346,0.25514674186706543,0.335862934589386,0.15344053506851196
1045,8,12,8,0.02552817575633526,0.9744718074798584,8,1,8,1,0.20841410756111145,0.9194313883781433,0.5106189250946045,0.08399985612517712,0.6721317104381902,0.9419775009155273,0.058022577315568924,0.5106189250946045,0.3623909652233124
1046,5,7,5,0.02283034473657608,0.9771696329116821,5,1,5,1,0.12731200456619263,0.5311960577964783,0.28853878378868103,0.6326241021643217,1.2429257695261389,0.9507722854614258,0.04922770336270332,0.28853878378868103,0.17109357565641403
1047,3,3,6,0.02036208100616932,0.9796379208564758,6,0,3,1,0.25732889771461487,0.16551470756530762,0.4925988018512726,1.7986952206494042,0.7080602255940847,0.9875418543815613,0.012458216398954391,0.4925988018512726,0.3145178407430649
1048,3,3,3,0.02231384813785553,0.9776861667633057,3,1,3,1,0.9382869005203247,0.6350664496421814,0.744812548160553,0.4540256404585651,0.29462270546980285,0.9377418160438538,0.06225813925266266,0.744812548160553,0.6553275808691978
1049,5,5,5,0.022778209298849106,0.9772217869758606,5,1,5,1,0.9806682467460632,0.8845154643058777,0.7286468148231506,0.12271528186540297,0.3165661433519286,0.8015686869621277,0.19843126833438873,0.7286468148231506,0.6640355288982391
1050,17,17,27,0.022435935214161873,0.9775640368461609,27,0,17,1,0.609270453453064,0.4327731728553772,0.7981849908828735,0.8375415384556384,0.22541489024903916,0.957557201385498,0.04244276136159897,0.7981849908828735,0.6919097751379013
1051,7,7,27,0.02338629774749279,0.9766137003898621,27,0,9,0,0.02671869657933712,0.014444995671510696,0.1701015681028366,4.237407244717103,1.7713595609112516,0.8184805512428284,0.18151947855949402,0.2538647949695587,0.0253780335187912
1052,24,24,24,0.03118044324219227,0.9688195586204529,24,1,24,1,0.9183362722396851,0.6737831830978394,0.9248479604721069,0.3948469066205851,0.07812592203663869,0.9126570820808411,0.08734294027090073,0.9248479604721069,0.9037425294518471
1053,15,15,15,0.03177632391452789,0.9682236909866333,15,1,15,1,0.9997144937515259,0.9524745345115662,0.8939971923828125,0.048691907759606676,0.11205264432494974,0.8166432976722717,0.18335670232772827,0.8939971923828125,0.8656399361789227
1054,25,18,25,0.031848978251218796,0.9681510329246521,25,1,18,0,0.277109295129776,0.4707224369049072,0.20726782083511353,0.7534866646090895,1.5737435015217334,0.9755340814590454,0.02446591481566429,0.24618950486183167,0.03892168402671814
1055,27,14,7,0.030621949583292007,0.9693780541419983,7,0,7,0,0.15118566155433655,0.1426544189453125,0.09245254844427109,1.9473302242678092,2.381059755879701,0.9742979407310486,0.02570207417011261,0.46597951650619507,0.2433474063873291
1056,27,27,27,0.03256117179989815,0.967438817024231,27,1,27,1,0.8977369666099548,0.9556024670600891,0.6756390929222107,0.0454132818468236,0.3920962317169086,0.6703150868415833,0.32968491315841675,0.6756390929222107,0.5920217707753181
1057,25,22,25,0.031629327684640884,0.9683706760406494,25,1,25,1,0.2865184545516968,0.9298602938652039,0.5948200225830078,0.07272092576955609,0.519496402247502,0.9330117702484131,0.06698821485042572,0.5948200225830078,0.46428580582141876
1058,24,24,24,0.02857527695596218,0.9714246988296509,24,1,24,1,0.9907878637313843,0.697442352771759,0.7300870418548584,0.3603354170580809,0.3145915165300634,0.8594184517860413,0.14058154821395874,0.7300870418548584,0.6561175286769867
1059,9,14,27,0.029091184958815575,0.9709088206291199,27,0,27,0,0.6146172285079956,0.4562964141368866,0.33214858174324036,0.7846126496444483,1.1021728748085282,0.9812237024307251,0.018776284530758858,0.3587428629398346,0.02659428119659424
1060,0,0,0,0.02838120236992836,0.9716187715530396,0,1,0,1,0.9999955892562866,0.9907368421554565,0.9000260233879089,0.00930632769071642,0.10533160120039887,0.9401305317878723,0.05986950919032097,0.9000260233879089,0.8884865427389741
1061,3,3,3,0.028393754735589027,0.9716062545776367,3,1,3,1,0.9492346048355103,0.7062278389930725,0.8099575638771057,0.34781737543068764,0.21077342296324914,0.9586971998214722,0.04130280017852783,0.8099575638771057,0.7397149801254272
1062,9,27,27,0.028859028592705727,0.97114098072052,27,0,27,0,0.9963194727897644,0.13356757164001465,0.2673148810863495,2.0131477745880164,1.3193279855337245,0.7167321443557739,0.2832678556442261,0.6356271505355835,0.368312269449234
1063,2,23,2,0.0280500166118145,0.9719499945640564,2,1,2,1,0.569891631603241,0.8589682579040527,0.7283063530921936,0.1520233100624157,0.31703350461604024,0.24574975669384003,0.7542502284049988,0.7283063530921936,0.6604078710079193
1064,17,0,9,0.0266614630818367,0.9733385443687439,9,0,9,0,0.03785436972975731,0.045376285910606384,0.048958033323287964,3.092765647170993,3.0167918106353553,0.9437463879585266,0.05625363439321518,0.2210339456796646,0.10010309517383575
1065,9,5,27,0.020246485248208046,0.9797534942626953,27,0,9,1,0.009439139626920223,0.2968047857284546,0.43042826652526855,1.214680643396892,0.8429745972788305,0.3545585572719574,0.6454413533210754,0.43042826652526855,0.12057769298553467
1066,0,0,0,0.017724258825182915,0.9822757244110107,0,1,0,1,0.9998942613601685,0.9939969778060913,0.9311919212341309,0.006021112766713011,0.07128987769323002,0.9197444915771484,0.08025544136762619,0.9311919212341309,0.9248838927596807
1067,10,10,10,0.017706917598843575,0.9822930693626404,10,1,10,1,0.9999937415122986,0.995354950428009,0.9750921130180359,0.004655871339522738,0.025223337556468044,0.9671178460121155,0.03288212791085243,0.9750921130180359,0.9719115945044905
1068,10,10,10,0.01770966686308384,0.9822903275489807,10,1,10,1,0.9904839992523193,0.8204998970031738,0.8734797835350037,0.19784149398134263,0.13527029388306527,0.9798412322998047,0.020158754661679268,0.8734797835350037,0.8457913398742676
1069,9,9,9,0.017885401844978333,0.9821146130561829,9,1,9,1,0.7774476408958435,0.879173219203949,0.6895749568939209,0.12877333677072406,0.37167987570112154,0.9475953578948975,0.05240466073155403,0.6895749568939209,0.5774140805006027
1070,5,5,5,0.017299965023994446,0.9827000498771667,5,1,5,1,0.9243761897087097,0.9745786190032959,0.8237321972846985,0.02575008704106504,0.193909805192951,0.8918046355247498,0.10819531977176666,0.8237321972846985,0.8022537156939507
1071,15,15,16,0.016874242573976517,0.9831257462501526,16,0,15,1,0.24318283796310425,0.20503434538841248,0.4765787720680237,1.5845777753966719,0.7411222556618934,0.8602447509765625,0.1397552341222763,0.4765787720680237,0.09427917003631592
1072,7,7,7,0.01830098032951355,0.9816990494728088,7,1,7,1,0.9389023780822754,0.673973560333252,0.776114284992218,0.3945643968314756,0.2534554951682313,0.9259154796600342,0.07408453524112701,0.776114284992218,0.7120373249053955
1073,8,8,8,0.018513038754463196,0.981486976146698,8,1,8,1,0.996720552444458,0.9969635009765625,0.9628609418869019,0.003041118540406488,0.03784627855901302,0.887757420539856,0.11224256455898285,0.9628609418869019,0.957091003190726
1074,8,9,8,0.018411030992865562,0.9815889596939087,8,1,8,1,0.355266809463501,0.981130063533783,0.7368204593658447,0.01905024560182593,0.3054110265576069,0.8079335689544678,0.19206644594669342,0.7368204593658447,0.6701767221093178
1075,2,2,2,0.016683761030435562,0.9833162426948547,2,1,2,1,0.9058144092559814,0.7313745617866516,0.7485645413398743,0.3128295540376127,0.2895978512648553,0.9277705550193787,0.07222943753004074,0.7485645413398743,0.7035715952515602
1076,7,7,7,0.016358155757188797,0.9836418628692627,7,1,7,1,0.9980272054672241,0.9966349005699158,0.9722049236297607,0.0033707741113255386,0.02818866996295112,0.8315783143043518,0.1684217005968094,0.9722049236297607,0.9645528551191092
1077,24,24,24,0.016280323266983032,0.9837196469306946,24,1,24,1,0.8530799746513367,0.5342180728912354,0.7688493728637695,0.6269511471839928,0.2628602027016295,0.8480989933013916,0.15190108120441437,0.7688493728637695,0.7076800353825092
1078,5,12,5,0.01679236814379692,0.983207643032074,5,1,5,1,0.1982511579990387,0.8032293319702148,0.6094863414764404,0.21911501182425094,0.49513873970248673,0.9939993619918823,0.006000594235956669,0.6094863414764404,0.4900614693760872
1079,5,5,5,0.015073532238602638,0.9849264621734619,5,1,5,1,0.9795858263969421,0.8514120578765869,0.6260740160942078,0.16085906327753371,0.4682866782992142,0.7355022430419922,0.2644977569580078,0.6260740160942078,0.5555794015526772
1080,3,6,3,0.014903637580573559,0.9850963354110718,3,1,3,1,0.5016993880271912,0.8259407877922058,0.7043744325637817,0.19123219351227694,0.3504451997766632,0.7729951739311218,0.2270047962665558,0.7043744325637817,0.48891817033290863
1081,5,5,5,0.014001644216477871,0.9859983325004578,5,1,5,1,0.9864041209220886,0.9736636281013489,0.8392370343208313,0.02668938601230971,0.1752620923675381,0.779546856880188,0.22045309841632843,0.8392370343208313,0.7791557610034943
1082,22,18,25,0.01384039781987667,0.98615962266922,25,0,25,0,0.06190597638487816,0.002397701842710376,0.01569397933781147,6.0332445659243445,4.154478121843832,0.9785903096199036,0.02140967920422554,0.6786458492279053,0.5991708263754845
1083,16,16,16,0.018224898725748062,0.9817751049995422,16,1,16,1,0.9999902844429016,0.987644612789154,0.9321079254150391,0.012432349597849028,0.07030667119928126,0.8997354507446289,0.10026448965072632,0.9321079254150391,0.9216944109648466
1084,1,5,1,0.018231958150863647,0.981768012046814,1,1,1,1,0.5827116370201111,0.9829879403114319,0.8441553711891174,0.017158427159023756,0.16941871224186458,0.36626189947128296,0.6337381601333618,0.8441553711891174,0.750407375395298
1085,21,21,21,0.01745956763625145,0.9825404286384583,21,1,21,1,0.9997789859771729,0.9596853852272034,0.8957158327102661,0.04114977195507286,0.11013206730322538,0.8541550636291504,0.1458449363708496,0.8957158327102661,0.8711155038326979
1086,17,27,9,0.01748422347009182,0.9825157523155212,9,0,9,0,0.0667194053530693,0.1725691705942154,0.059827759861946106,1.7569571339333336,2.8162855140002576,0.9884418845176697,0.011558067053556442,0.6882057785987854,0.6283780187368393
1087,17,17,17,0.014606359414756298,0.9853936433792114,17,1,17,1,0.9931968450546265,0.8207713961601257,0.9096471667289734,0.19751065390565345,0.09469848352677458,0.8802904486656189,0.11970958858728409,0.9096471667289734,0.8651890642940998
1088,5,1,5,0.014674409292638302,0.9853255748748779,5,1,5,1,0.20179912447929382,0.8116743564605713,0.5440186858177185,0.20865605809970278,0.6087716837864758,0.9636037349700928,0.036396294832229614,0.5440186858177185,0.24250411987304688
1089,4,4,4,0.012294169515371323,0.9877058267593384,4,1,4,1,0.9897034764289856,0.7575476765632629,0.797825813293457,0.27766880422176826,0.22586498443955502,0.9264895915985107,0.07351042330265045,0.797825813293457,0.7721518706530333
1090,9,9,9,0.01243914570659399,0.9875608682632446,9,1,9,1,0.9112027883529663,0.9619128108024597,0.8413429856300354,0.038831465685349176,0.17275587143605192,0.724271297454834,0.275728702545166,0.8413429856300354,0.8036798425018787
1091,12,12,12,0.012062247842550278,0.9879377484321594,12,1,12,1,0.7818091511726379,0.9759567379951477,0.8533951640129089,0.024337019376106706,0.1585325749739525,0.9129142165184021,0.08708583563566208,0.8533951640129089,0.818986289203167
1092,7,7,7,0.011596480384469032,0.9884034991264343,7,1,7,1,0.9563539028167725,0.9531559348106384,0.8879510760307312,0.04797676351828332,0.11883863206771539,0.8583779335021973,0.14162208139896393,0.8879510760307312,0.8677992559969425
1093,10,10,10,0.011378873139619827,0.9886211156845093,10,1,10,1,0.7997798919677734,0.8904569745063782,0.7540172934532166,0.11602049352706136,0.2823399756228526,0.9198670387268066,0.08013290911912918,0.7540172934532166,0.7051269933581352
1094,8,8,8,0.010981853120028973,0.9890181422233582,8,1,8,1,0.9298278093338013,0.5996031165122986,0.6973991394042969,0.5114873151149364,0.3603973787472311,0.9797058701515198,0.02029411680996418,0.6973991394042969,0.6534608900547028
1095,16,0,16,0.011262765154242516,0.9887372255325317,16,1,16,1,0.11928117275238037,0.8443570137023926,0.4025655686855316,0.16917987180925897,0.909897291824326,0.7869805097579956,0.2130194902420044,0.4025655686855316,0.19967086613178253
1096,11,11,11,0.010091534815728664,0.9899084568023682,11,1,11,1,0.964033842086792,0.48200562596321106,0.542168140411377,0.7297994928768109,0.612179103490224,0.9676542282104492,0.032345809042453766,0.542168140411377,0.35207991302013397
1097,21,21,21,0.010369637981057167,0.9896303415298462,21,1,21,1,0.9720593690872192,0.7798818945884705,0.8271341323852539,0.24861278795750896,0.18978840559222765,0.8509588837623596,0.14904117584228516,0.8271341323852539,0.7548039853572845
1098,20,3,3,0.010496408678591251,0.9895035624504089,3,0,3,0,0.8983168005943298,0.12634560465812683,0.017232805490493774,2.068734232788024,4.060940415783257,0.9724531173706055,0.027546938508749008,0.5126227140426636,0.4327102079987526
1099,0,0,0,0.01107854675501585,0.9889214634895325,0,1,0,1,0.9968792200088501,0.9982478022575378,0.9689359068870544,0.001753734636483714,0.031556812842364085,0.8549456596374512,0.14505437016487122,0.9689359068870544,0.9638287806883454
1100,12,12,12,0.010988163761794567,0.989011824131012,12,1,12,1,0.9992724657058716,0.9721208214759827,0.8445978760719299,0.028275180316519426,0.16889465120019653,0.941525936126709,0.05847408249974251,0.8445978760719299,0.8224291950464249
1101,25,25,25,0.010962218977510929,0.9890377521514893,25,1,25,1,0.9801475405693054,0.7477899193763733,0.7821093797683716,0.29063319690391726,0.24576067639141572,0.9136804342269897,0.08631960302591324,0.7821093797683716,0.7221301384270191
1102,1,7,1,0.010985988192260265,0.9890140295028687,1,1,1,1,0.014808695763349533,0.9674522876739502,0.5230386853218079,0.033089170359912566,0.6480998495421887,0.8538402318954468,0.14615976810455322,0.5230386853218079,0.42611921578645706
1103,10,10,10,0.010020838119089603,0.9899791479110718,10,1,10,1,0.9885584115982056,0.9728408455848694,0.893186092376709,0.02753478100277114,0.11296032969634794,0.803733766078949,0.19626623392105103,0.893186092376709,0.87720100954175
1104,15,15,15,0.010012635961174965,0.9899873733520508,15,1,15,1,0.9977049231529236,0.9960228800773621,0.9593865275382996,0.003985049696167418,0.041461232603662204,0.831972062587738,0.16802790760993958,0.9593865275382996,0.951595398131758
1105,19,9,19,0.010001346468925476,0.9899986386299133,19,1,19,1,0.3633486032485962,0.9241701364517212,0.622548520565033,0.0788590939313612,0.47393370899801945,0.5283417701721191,0.47165822982788086,0.622548520565033,0.48755888640880585
1106,3,3,6,0.010035619139671326,0.9899643659591675,6,0,3,1,0.9488741755485535,0.3930884301662445,0.6135744452476501,0.9337206792788765,0.4884536770459537,0.7899593710899353,0.2100406289100647,0.6135744452476501,0.3507198095321655
1107,24,24,10,0.010475579649209976,0.9895244240760803,10,0,24,1,0.12892410159111023,0.12250928580760956,0.6900062561035156,2.099568449359122,0.371054614615246,0.6685272455215454,0.331472784280777,0.6900062561035156,0.4974106550216675
1108,0,0,0,0.01164230890572071,0.988357663154602,0,1,0,1,0.9999340176582336,0.9986175894737244,0.9594702124595642,0.0013833669372438906,0.041374008873434384,0.9193159341812134,0.08068406581878662,0.9594702124595642,0.9546646308153868
1109,7,7,7,0.011629810556769371,0.9883701801300049,7,1,7,1,0.9981349110603333,0.9369032382965088,0.9234068989753723,0.06517526963593226,0.07968529766211793,0.7508445382118225,0.2491554170846939,0.9234068989753723,0.887516975402832
1110,20,20,15,0.011660506017506123,0.9883394837379456,15,0,20,1,0.20528346300125122,0.11275132745504379,0.2580089569091797,2.1825705272314604,1.3547609779608836,0.9918252229690552,0.008174754679203033,0.2580089569091797,0.02846093475818634
1111,11,11,11,0.013043321669101715,0.9869566559791565,11,1,11,1,0.7465498447418213,0.45423388481140137,0.6111473441123962,0.789143048809787,0.4924171964896591,0.9569702744483948,0.04302974417805672,0.6111473441123962,0.5180717781186104
1112,23,23,15,0.013563538901507854,0.9864364862442017,15,0,24,0,0.18605272471904755,0.08026030659675598,0.18651127815246582,2.5224800941063568,1.6792635690592879,0.9315323233604431,0.06846769154071808,0.2462078034877777,0.05969652533531189
1113,1,1,5,0.015216409228742123,0.9847835898399353,5,0,5,0,0.5792600512504578,0.3277275264263153,0.36545616388320923,1.1155727279454004,1.0066089416411022,0.9773218035697937,0.022678207606077194,0.4263550937175751,0.060898929834365845
1114,26,26,26,0.01569291204214096,0.9843071103096008,26,1,26,1,0.9760927557945251,0.7493500113487244,0.7371073365211487,0.2885490997463741,0.305021757612782,0.9433205127716064,0.056679416447877884,0.7371073365211487,0.665486291050911
1115,3,3,3,0.015920106321573257,0.984079897403717,3,1,3,1,0.9914655685424805,0.8350362777709961,0.8856470584869385,0.18028010864271982,0.12143676159324313,0.8970692157745361,0.10293078422546387,0.8856470584869385,0.8520497232675552
1116,19,19,19,0.016048692166805267,0.9839513301849365,19,1,19,1,0.8787112236022949,0.5028914213180542,0.5491126179695129,0.687380994374741,0.599451725595983,0.991588294506073,0.008411712944507599,0.5491126179695129,0.4804457798600197
1117,24,24,24,0.016577135771512985,0.9834228754043579,24,1,24,1,0.9901741743087769,0.6901758313179016,0.7535072565078735,0.37080888585701227,0.2830166305600033,0.8787572383880615,0.12124268710613251,0.7535072565078735,0.6900387331843376
1118,19,19,19,0.016888372600078583,0.9831116199493408,19,1,19,1,0.9856759905815125,0.7990158200263977,0.7004894614219666,0.22437453362914997,0.35597595768374396,0.9293402433395386,0.07065968960523605,0.7004894614219666,0.649438351392746
1119,8,8,8,0.017070531845092773,0.9829294681549072,8,1,8,1,0.6883872747421265,0.9862874746322632,0.8530002236366272,0.013807410451642218,0.15899546931390707,0.3862980306148529,0.6137019991874695,0.8530002236366272,0.8164269514381886
1120,14,14,14,0.015939626842737198,0.9840603470802307,14,1,14,1,0.9776117205619812,0.9716947674751282,0.9147806167602539,0.02871354906929519,0.08907100555793149,0.8599215745925903,0.14007842540740967,0.9147806167602539,0.9007191192358732
1121,4,4,11,0.015779046341776848,0.9842209815979004,11,0,4,1,0.4136463403701782,0.10880040377378464,0.40176787972450256,2.2182402334110725,0.9118807707512,0.9968838095664978,0.003116179956123233,0.40176787972450256,0.10279667377471924
1122,2,6,2,0.017451291903853416,0.982548713684082,2,1,2,1,0.0032651645597070456,0.6841153502464294,0.6492461562156677,0.37962873486667864,0.4319433488023298,0.5397346615791321,0.46026530861854553,0.6492461562156677,0.569125160574913
1123,11,11,16,0.012925328686833382,0.9870746731758118,16,0,16,0,0.028758613392710686,0.013330626301467419,0.10532738268375397,4.317691161539105,2.250681849167818,0.9713883996009827,0.028611652553081512,0.20471148192882538,0.026874437928199768
1124,3,15,3,0.01642841286957264,0.9835715889930725,3,1,15,0,0.13817165791988373,0.3933742642402649,0.1675192266702652,0.9329937939767798,1.7866571482132998,0.956572949886322,0.04342704638838768,0.27905961871147156,0.11154039204120636
1125,20,20,11,0.014478175900876522,0.9855218529701233,11,0,20,1,0.645395815372467,0.41064387559890747,0.5688997507095337,0.8900289228267707,0.5640510454229706,0.9594170451164246,0.040583014488220215,0.5688997507095337,0.2921565771102905
1126,22,25,19,0.015120896510779858,0.9848790764808655,19,0,25,0,0.5454161167144775,0.3708650767803192,0.16768307983875275,0.9919169569668699,1.7856795106591636,0.9626964926719666,0.03730354085564613,0.374997079372406,0.1877811700105667
1127,14,14,14,0.01510450430214405,0.9848954677581787,14,1,14,1,0.880571186542511,0.8595117926597595,0.851306140422821,0.15139073388132684,0.16098347312293065,0.9347848892211914,0.06521514058113098,0.851306140422821,0.8104116953909397
1128,26,8,26,0.014816383831202984,0.985183596611023,26,1,26,1,0.04791606217622757,0.8389400839805603,0.5414636135101318,0.17561598867577854,0.6134794105326548,0.7996810078620911,0.20031899213790894,0.5414636135101318,0.44314850866794586
1129,26,26,26,0.012115209363400936,0.9878848195075989,26,1,26,1,0.9999992251396179,0.998814046382904,0.9771043658256531,0.001186657416590965,0.023161809895620607,0.9006103277206421,0.09938961267471313,0.9771043658256531,0.9707421418279409
1130,21,21,21,0.012113700620830059,0.9878863096237183,21,1,21,1,0.9999935030937195,0.998295247554779,0.9737623333930969,0.0017062071892247112,0.026588016005147205,0.8621646165847778,0.13783541321754456,0.9737623333930969,0.967240787576884
1131,17,17,14,0.0121096046641469,0.9878904223442078,14,0,17,1,0.06424420326948166,0.04422936961054802,0.4066196382045746,3.1183662397346024,0.8998770803694424,0.8822606801986694,0.11773926764726639,0.4066196382045746,0.1853884607553482
1132,8,26,8,0.01422929111868143,0.9857707023620605,8,1,8,1,0.12992282211780548,0.6392444372177124,0.4871033728122711,0.4474683668937375,0.7192789139228858,0.6279237270355225,0.3720763027667999,0.4871033728122711,0.31764452159404755
1133,10,10,10,0.012528961524367332,0.9874710440635681,10,1,10,1,0.9115670323371887,0.4248065650463104,0.6107285022735596,0.8561213547333595,0.49310276836094286,0.9977812170982361,0.002218816662207246,0.6107285022735596,0.5649376213550568
1134,21,20,6,0.013071062043309212,0.9869289398193359,6,0,21,1,0.3793979585170746,0.051389675587415695,0.19742149114608765,2.9683179907549646,1.622414286854637,0.9983682036399841,0.0016317857662215829,0.19742149114608765,0.02088741958141327
1135,8,8,8,0.014186713844537735,0.9858132600784302,8,1,8,1,0.9793781042098999,0.9656831622123718,0.8703045845031738,0.03491948799810234,0.13891203147312323,0.8410333395004272,0.15896660089492798,0.8703045845031738,0.8164484240114689
1136,10,10,10,0.014042391441762447,0.9859576225280762,10,1,10,1,0.9978570342063904,0.8595699667930603,0.8447225689888,0.15132305340830327,0.1687470262573254,0.9350659847259521,0.06493402272462845,0.8447225689888,0.8176735397428274
1137,27,27,27,0.014080166816711426,0.9859198331832886,27,1,27,1,0.9997672438621521,0.9756729006767273,0.7279120683670044,0.02462789149118155,0.31757502329073084,0.8468893766403198,0.15311063826084137,0.7279120683670044,0.6329375132918358
1138,12,27,2,0.014074963517487049,0.985925018787384,2,0,2,0,0.032236166298389435,0.049577683210372925,0.028074413537979126,3.0042144817772427,3.572896667694987,0.3854208290576935,0.6145791411399841,0.6267632246017456,0.5834187269210815
1139,25,25,25,0.01444170344620943,0.985558271408081,25,1,25,1,0.9732030630111694,0.6723185777664185,0.6853893995285034,0.3970229767394202,0.37776813577079615,0.9095268249511719,0.09047310799360275,0.6853893995285034,0.6130631864070892
1140,0,0,0,0.014709558337926865,0.9852904677391052,0,1,0,1,0.996964156627655,0.9956924915313721,0.9495308995246887,0.004316812511005289,0.051787206315979856,0.9180395007133484,0.08196046203374863,0.9495308995246887,0.9401390207931399
1141,15,15,15,0.014612643048167229,0.98538738489151,15,1,15,1,0.990749716758728,0.9201738238334656,0.8508385419845581,0.08319268783634734,0.16153289580698152,0.7485542297363281,0.2514457404613495,0.8508385419845581,0.8217479288578033
1142,0,0,0,0.014555495232343674,0.9854444861412048,0,1,0,1,0.9999999403953552,0.999731183052063,0.9837677478790283,0.0002688530856891994,0.016365438367235537,0.7892288565635681,0.21077106893062592,0.9837677478790283,0.9818137441761792
1143,8,22,16,0.014555182307958603,0.9854448437690735,16,0,16,0,0.006164952181279659,0.008056458085775375,0.02627497725188732,4.821281262499357,3.6391382279897226,0.9920851588249207,0.007914775982499123,0.4643746316432953,0.33784379065036774
1144,9,14,9,0.01284901425242424,0.9871509671211243,9,1,14,0,0.07478565722703934,0.8649348020553589,0.18333998322486877,0.14510114823737705,1.6964130179459003,0.9919024109840393,0.008097562938928604,0.4692063331604004,0.2858663499355316
1145,6,3,13,0.010094440542161465,0.9899055361747742,13,0,3,0,0.5490344166755676,0.31426018476486206,0.10215647518634796,1.157534022284023,2.2812495707275238,0.9864843487739563,0.013515692204236984,0.605322003364563,0.4725111573934555
1146,26,26,26,0.010590526275336742,0.9894094467163086,26,1,26,1,1.0,0.9994854927062988,0.9853211045265198,0.0005146396979960724,0.014787696491524128,0.8630015254020691,0.13699840009212494,0.9853211045265198,0.9823347250930965
1147,20,20,20,0.010590641759335995,0.9894093871116638,20,1,20,1,0.9297535419464111,0.559546947479248,0.5205943584442139,0.5806278450466296,0.6527841231223138,0.9627938270568848,0.03720618411898613,0.5205943584442139,0.26245468854904175
1148,14,14,14,0.010473143309354782,0.9895268678665161,14,1,14,1,0.763805091381073,0.5142639875411987,0.4262365400791168,0.6650185509333244,0.8527608284099898,0.9853442311286926,0.014655712060630322,0.4262365400791168,0.3314700573682785
1149,1,1,1,0.010337800718843937,0.9896621704101562,1,1,1,1,0.9988827705383301,0.9160280823707581,0.7681660056114197,0.08770825716794382,0.2637494160523196,0.7358258962631226,0.26417407393455505,0.7681660056114197,0.7220744639635086
1150,16,12,21,0.010376598685979843,0.9896234273910522,21,0,21,0,0.2529628574848175,0.03256302326917648,0.06883475184440613,3.4245778899108656,2.6760465475524513,0.9979567527770996,0.002043199259787798,0.2841353118419647,0.18216408044099808
1151,16,16,16,0.011875180527567863,0.9881248474121094,16,1,16,1,0.9999642372131348,0.9840756058692932,0.923677921295166,0.016052549648537393,0.07939183813198222,0.8472300171852112,0.15276999771595,0.923677921295166,0.8959734234958887
1152,26,26,26,0.011881201528012753,0.9881188273429871,26,1,26,1,0.9661843180656433,0.7114081382751465,0.7842279672622681,0.3405089797312111,0.2430555263292416,0.924514889717102,0.07548513263463974,0.7842279672622681,0.7287144921720028
1153,10,10,18,0.012084227986633778,0.9879157543182373,10,1,10,1,0.636436939239502,0.308830201625824,0.582728385925293,1.1749636624215012,0.5400340915434009,0.9879705309867859,0.012029397301375866,0.582728385925293,0.4456171989440918
1154,21,21,21,0.012804204598069191,0.9871957898139954,21,1,21,1,0.9998329281806946,0.9757631421089172,0.9360427260398865,0.0245354042866043,0.06609415606784826,0.9355598092079163,0.06444019824266434,0.9360427260398865,0.9147032704204321
1155,14,27,14,0.01281790155917406,0.987182080745697,14,1,14,1,0.6769739389419556,0.9148346781730652,0.8461489081382751,0.08901190962341812,0.16705992051677868,0.8377154469490051,0.1622845083475113,0.8461489081382751,0.7741626799106598
1156,7,8,7,0.012285497970879078,0.9877145290374756,7,1,7,1,0.5078266263008118,0.97111576795578,0.882482647895813,0.029309592302467557,0.12501615280899867,0.874718189239502,0.12528182566165924,0.882482647895813,0.8300544545054436
1157,21,21,21,0.011701587587594986,0.9882984161376953,21,1,21,1,0.9972220659255981,0.9582876563072205,0.9097738265991211,0.04260727853848199,0.09455925256174035,0.8356227874755859,0.16437719762325287,0.9097738265991211,0.8921223375946283
1158,1,1,1,0.011670383624732494,0.9883295893669128,1,1,1,1,0.8882054090499878,0.9636337757110596,0.810809850692749,0.03704395726681798,0.2097217151283797,0.6324222683906555,0.3675777316093445,0.810809850692749,0.7651399485766888
1159,9,8,5,0.011317986063659191,0.9886820316314697,5,0,5,0,0.10277168452739716,0.008360601030290127,0.06396523118019104,4.784224960894372,2.749415606052687,0.9903377294540405,0.009662255644798279,0.5733535885810852,0.4692408815026283
1160,27,27,0,0.013159290887415409,0.9868407249450684,0,0,27,1,0.3929172158241272,0.2483604997396469,0.23549523949623108,1.392873960329123,1.4460645801833507,0.9951328635215759,0.0048670656979084015,0.23549523949623108,0.008267402648925781
1161,5,7,5,0.014084105379879475,0.9859158992767334,5,1,5,1,0.025957278907299042,0.9810813069343567,0.8163028359413147,0.019099941164872913,0.2029698703898415,0.9651724100112915,0.034827593713998795,0.8163028359413147,0.726995162665844
1162,2,2,22,0.01160371582955122,0.9883962869644165,22,0,2,1,0.48995542526245117,0.2058698683977127,0.43373721837997437,1.5805110166105891,0.8353164158671244,0.9927196502685547,0.00728036742657423,0.43373721837997437,0.32087427377700806
1163,19,5,19,0.012383418157696724,0.9876165986061096,19,1,19,1,0.2849159836769104,0.6090807318687439,0.31655049324035645,0.49580445541325646,1.1502725138180254,0.3914102017879486,0.608589768409729,0.31655049324035645,0.0899580717086792
1164,8,14,15,0.010413180105388165,0.9895868301391602,15,0,14,0,0.028708020225167274,0.0036387403961271048,0.01265556551516056,5.616117702240908,4.369658198890595,0.993366539478302,0.006633441429585218,0.15901370346546173,0.027323022484779358
1165,16,16,6,0.013539193198084831,0.98646080493927,6,0,16,1,0.25287318229675293,0.12546306848526,0.40842434763908386,2.0757438387355363,0.8954485773308419,0.9929019808769226,0.007098024245351553,0.40842434763908386,0.2856213301420212
1166,16,16,16,0.015041201375424862,0.984958827495575,16,1,16,1,0.9999997019767761,0.9965116381645203,0.9633138179779053,0.0034944603563227743,0.03737604490339167,0.8783601522445679,0.12163988500833511,0.9633138179779053,0.9522959031164646
1167,26,26,27,0.015043022111058235,0.9849569797515869,27,0,26,1,0.06701488047838211,0.04280325397849083,0.27044665813446045,3.1511411517495,1.3076803974263462,0.9860866069793701,0.013913397677242756,0.27044665813446045,0.13572409749031067
1168,22,22,13,0.017926177009940147,0.9820738434791565,13,0,13,0,0.011231468990445137,0.022215232253074646,0.17519350349903107,3.8069770878627516,1.7418641816523266,0.958859920501709,0.04114006087183952,0.23970407247543335,0.06451056897640228
1169,7,7,7,0.023049166426062584,0.9769508242607117,7,1,7,1,0.9627323746681213,0.7286742329597473,0.6929543614387512,0.3165285152168768,0.36679113847060746,0.8457750082015991,0.15422500669956207,0.6929543614387512,0.5233281701803207
1170,5,5,5,0.02329796738922596,0.9767020344734192,5,1,5,1,0.9828949570655823,0.9628941416740417,0.8087454438209534,0.03781179879839695,0.2122710667891356,0.8878650665283203,0.11213486641645432,0.8087454438209534,0.7482635453343391
1171,8,5,16,0.02304316870868206,0.976956844329834,16,0,8,1,0.03136437013745308,0.4406589865684509,0.4282974898815155,0.8194839757525537,0.8479372550328641,0.5540739297866821,0.4459260404109955,0.4282974898815155,0.11420929431915283
1172,20,11,11,0.020039157941937447,0.9799608588218689,11,0,11,0,0.705177366733551,0.1381506770849228,0.12160585820674896,1.9794103265395044,2.1069701345681553,0.9961733222007751,0.00382665335200727,0.40362218022346497,0.282016322016716
1173,13,10,20,0.018270041793584824,0.9817299842834473,20,0,10,0,0.12698374688625336,0.012646954506635666,0.08349522203207016,4.370338843257237,2.4829658699353336,0.9969151020050049,0.0030849194154143333,0.20298494398593903,0.05003388226032257
1174,8,8,8,0.021489838138222694,0.9785101413726807,8,1,8,1,0.9954761266708374,0.9849706292152405,0.945409893989563,0.01514345631020865,0.05613669527733672,0.8581250309944153,0.14187496900558472,0.945409893989563,0.9368211347609758
1175,6,3,11,0.021334949880838394,0.9786650538444519,11,0,3,0,0.010468573309481144,0.01180837582796812,0.03815177455544472,4.438946183381196,3.2661830071186677,0.9766751527786255,0.023324869573116302,0.40855807065963745,0.16565020382404327
1176,13,13,4,0.02553001418709755,0.9744699597358704,13,1,13,1,0.6244086623191833,0.30022871494293213,0.4842378497123718,1.2032107116492357,0.7251790679496767,0.7566728591918945,0.2433270812034607,0.4842378497123718,0.40616177022457123
1177,1,4,14,0.027027007192373276,0.9729729890823364,14,0,26,0,0.1702336221933365,0.11816918849945068,0.06048431620001793,2.135637880584625,2.8053711839162356,0.9986853003501892,0.0013147547142580152,0.24388131499290466,0.028736889362335205
1178,4,4,4,0.026268230751156807,0.9737317562103271,4,1,4,1,0.999197781085968,0.9824948310852051,0.9414622187614441,0.01766019623453933,0.06032106046181103,0.8699713349342346,0.13002872467041016,0.9414622187614441,0.9335371134802699
1179,10,10,10,0.026162995025515556,0.9738370180130005,10,1,10,1,0.9961848258972168,0.8645756244659424,0.8702936172485352,0.1455164999913444,0.13892463318054515,0.9287165403366089,0.0712835043668747,0.8702936172485352,0.848075931891799
1180,9,9,9,0.026350082829594612,0.9736499190330505,9,1,9,1,0.9171530604362488,0.8805069327354431,0.7279183864593506,0.12725747744207117,0.31756634358173685,0.8137070536613464,0.18629293143749237,0.7279183864593506,0.663981057703495
1181,2,2,22,0.0258711539208889,0.9741288423538208,22,0,2,1,0.6513953804969788,0.35584691166877747,0.6343586444854736,1.0332546640189955,0.455140799176213,0.9558051824569702,0.0441947802901268,0.6343586444854736,0.5395614430308342
1182,18,2,18,0.02707921899855137,0.9729207754135132,18,1,2,0,0.05046803131699562,0.5321877598762512,0.26688945293426514,0.6307589198081591,1.320920740271674,0.990935742855072,0.009064219892024994,0.29605138301849365,0.029161930084228516
1183,15,0,15,0.02135596051812172,0.9786440134048462,15,1,15,1,0.49820590019226074,0.9623861312866211,0.7553344368934631,0.03833952497556211,0.28059466503936004,0.8007393479347229,0.1992606222629547,0.7553344368934631,0.7100794054567814
1184,18,11,18,0.01990722119808197,0.9800927639007568,18,1,18,1,0.04051339626312256,0.9218173027038574,0.37036773562431335,0.0814082283101046,0.9932588868499407,0.9245631694793701,0.07543680816888809,0.37036773562431335,0.07826957106590271
1185,20,20,11,0.01657690294086933,0.983423113822937,11,0,20,1,0.4300364851951599,0.22161391377449036,0.5248741507530212,1.5068185382890578,0.6445967579776193,0.9923077821731567,0.0076921554282307625,0.5248741507530212,0.39928631484508514
1186,4,4,13,0.017891939729452133,0.9821080565452576,13,0,13,0,0.2505495846271515,0.02219563163816929,0.23570138216018677,3.8078597825216987,1.4451896049919641,0.992946207523346,0.00705381203442812,0.3729027211666107,0.13720133900642395
1187,9,17,9,0.021630343049764633,0.9783696532249451,9,1,9,1,0.3857552111148834,0.6309501528739929,0.5662244558334351,0.46052841659147575,0.5687647143133615,0.6818720102310181,0.31812795996665955,0.5662244558334351,0.3748254328966141
1188,17,17,17,0.020822810009121895,0.9791771769523621,17,1,17,1,0.9989098310470581,0.932992160320282,0.9428836703300476,0.06935848082788569,0.058812365220185375,0.9138659834861755,0.08613402396440506,0.9428836703300476,0.9203854501247406
1189,1,6,1,0.020843129605054855,0.9791568517684937,1,1,1,1,0.2245747148990631,0.9224054217338562,0.7474173307418823,0.0807704321891241,0.2911315741585399,0.2603053152561188,0.7396946549415588,0.7474173307418823,0.6990252807736397
1190,1,2,5,0.018421728163957596,0.9815782904624939,5,0,5,0,0.45261940360069275,0.3668830096721649,0.2940579950809479,1.0027122564822784,1.2239782689169862,0.9847773313522339,0.015222673304378986,0.49182721972465515,0.19776922464370728
1191,26,26,26,0.016641857102513313,0.9833581447601318,26,1,26,1,0.9999997615814209,0.9985788464546204,0.9800277352333069,0.0014221643418575786,0.020174406459516094,0.8551948666572571,0.1448051482439041,0.9800277352333069,0.9755143644288182
1192,8,8,8,0.01664263941347599,0.9833573698997498,8,1,8,1,0.9999760985374451,0.9983832240104675,0.9676290154457092,0.0016180843822747846,0.0329065136705368,0.7876760363578796,0.21232399344444275,0.9676290154457092,0.9599623414687812
1193,27,27,9,0.016632165759801865,0.9833678603172302,9,0,9,0,0.13095392286777496,0.06854449957609177,0.13283653557300568,2.680272115783382,2.01863596251101,0.9180264472961426,0.08197350054979324,0.5478309392929077,0.41499440371990204
1194,24,24,24,0.01909872144460678,0.980901300907135,24,1,24,1,0.7362610697746277,0.5257180333137512,0.953470766544342,0.6429902683139421,0.047646513515656894,0.8913071751594543,0.10869284719228745,0.953470766544342,0.9339818824082613
1195,6,6,6,0.019725946709513664,0.9802740812301636,6,1,6,1,0.9123029112815857,0.8232744336128235,0.8134586811065674,0.1944656787092741,0.2064601451230355,0.8224555253982544,0.1775444895029068,0.8134586811065674,0.7035602033138275
1196,10,10,10,0.019393138587474823,0.9806068539619446,10,1,10,1,0.9986077547073364,0.9454843401908875,0.9580086469650269,0.05605795348414997,0.04289847499248415,0.9270920753479004,0.0729079321026802,0.9580086469650269,0.947840710170567
1197,3,3,11,0.01944422721862793,0.9805557727813721,11,0,3,1,0.03206891566514969,0.03942924365401268,0.43040189146995544,3.2332475132696623,0.8430358754649545,0.98576420545578,0.014235829934477806,0.43040189146995544,0.2539526969194412
1198,0,0,0,0.023115046322345734,0.9768849611282349,0,1,0,1,0.9999504089355469,0.9991441369056702,0.9711712002754211,0.0008562295542558891,0.029252512869239782,0.8066849112510681,0.1933150738477707,0.9711712002754211,0.9675788243766874
1199,24,24,24,0.02307610958814621,0.9769238829612732,24,1,24,1,0.9682356119155884,0.6652044057846069,0.8244152069091797,0.40766090843724195,0.1930809841034752,0.8589274883270264,0.14107246696949005,0.8244152069091797,0.799646956846118
1200,15,15,15,0.023551754653453827,0.9764482378959656,15,1,15,1,0.9984529614448547,0.9864360690116882,0.9354338645935059,0.01365676148698131,0.06674483101714708,0.8046689629554749,0.19533097743988037,0.9354338645935059,0.9256954519078135
1201,4,4,13,0.023456677794456482,0.9765433073043823,13,0,4,1,0.609540581703186,0.2597252428531647,0.6298307180404663,1.3481309649863613,0.46230419722635036,0.9945996999740601,0.005400293041020632,0.6298307180404663,0.5628144145011902
1202,9,14,9,0.025020476430654526,0.9749795198440552,9,1,9,1,0.202596515417099,0.9389644265174866,0.44295385479927063,0.06297768492442904,0.8142896796012434,0.9466853141784668,0.0533146932721138,0.44295385479927063,0.2125665843486786
1203,7,7,7,0.022976640611886978,0.9770233631134033,7,1,7,1,0.9111261963844299,0.9899424910545349,0.9440476298332214,0.010108427384685896,0.05757865877766143,0.5316587090492249,0.46834132075309753,0.9440476298332214,0.9249004777520895
1204,12,8,16,0.02245960384607315,0.9775403738021851,16,0,16,0,0.1604650914669037,0.030279098078608513,0.028563087806105614,3.497297636899814,3.555640030894636,0.9616793990135193,0.03832061216235161,0.25877028703689575,0.10972872376441956
1205,11,15,11,0.023785259574651718,0.9762147665023804,11,1,11,1,0.6247562766075134,0.8161831498146057,0.5060942769050598,0.20311650090056896,0.6810323090555239,0.7721157073974609,0.22788432240486145,0.5060942769050598,0.4066266715526581
1206,7,7,27,0.022580353543162346,0.9774196743965149,27,0,7,1,0.8221856951713562,0.2530309557914734,0.34621021151542664,1.3742434428323584,1.060709140674372,0.6827955842018127,0.31720444560050964,0.34621021151542664,0.09304147958755493
1207,15,15,15,0.0230203028768301,0.976979672908783,15,1,15,1,0.9647006988525391,0.6389821171760559,0.6797384023666382,0.4478788106361827,0.38604725723094,0.8726643323898315,0.12733565270900726,0.6797384023666382,0.6052775606513023
1208,15,15,15,0.023161428049206734,0.9768385887145996,15,1,15,1,0.9638180136680603,0.7089300155639648,0.7433191537857056,0.34399846597652184,0.2966297790026357,0.7367492914199829,0.2632507383823395,0.7433191537857056,0.6506914719939232
1209,7,8,26,0.02356274053454399,0.9764372706413269,26,0,26,0,0.05028896778821945,0.16037964820861816,0.12119414657354355,1.8302114730922658,2.1103615021110183,0.9022485613822937,0.09775141626596451,0.3049488365650177,0.18276698887348175
1210,11,11,15,0.023261791095137596,0.9767382144927979,15,0,15,0,0.1471441686153412,0.08888911455869675,0.21529324352741241,2.4203655898683136,1.5357542567697597,0.9772689342498779,0.022731080651283264,0.25159889459609985,0.03630565106868744
1211,6,6,6,0.026458511129021645,0.9735414981842041,6,1,6,1,0.868710994720459,0.7205496430397034,0.7103949189186096,0.32774096509764855,0.3419342397528838,0.9260333180427551,0.07396665215492249,0.7103949189186096,0.5838707983493805
1212,7,12,26,0.026274411007761955,0.9737256169319153,26,0,12,0,0.5290294885635376,0.1372041255235672,0.10329120606184006,1.9862854947286728,2.270203036568989,0.773759663105011,0.22624029219150543,0.21966290473937988,0.10103008151054382
1213,21,21,21,0.024847036227583885,0.9751529693603516,21,1,21,1,0.9999938011169434,0.9928924441337585,0.9493306875228882,0.007132934868050693,0.051998082141693686,0.6440030932426453,0.35599684715270996,0.9493306875228882,0.9405719395726919
1214,21,21,21,0.024854326620697975,0.975145697593689,21,1,21,1,0.9490372538566589,0.7017041444778442,0.7139860391616821,0.3542434104026671,0.3368918698285579,0.9695279598236084,0.03047202341258526,0.7139860391616821,0.6458350643515587
1215,0,0,0,0.02522117644548416,0.9747788310050964,0,1,0,1,0.9999779462814331,0.9989613890647888,0.9687547087669373,0.001039150665293959,0.03174383766374837,0.6851034760475159,0.31489649415016174,0.9687547087669373,0.9642522744834423
1216,17,17,27,0.025209322571754456,0.9747906923294067,27,0,17,1,0.26566600799560547,0.16300056874752045,0.5238163471221924,1.8140015889328704,0.6466141386857088,0.7869582772254944,0.21304170787334442,0.5238163471221924,0.3273386061191559
1217,27,17,27,0.027616430073976517,0.9723835587501526,27,1,17,0,0.28078293800354004,0.39865249395370483,0.13434016704559326,0.9196651840549451,2.007380135690319,0.8553510904312134,0.144648939371109,0.4136103093624115,0.27927014231681824
1218,7,7,7,0.02411649003624916,0.9758834838867188,7,1,7,1,0.9995028972625732,0.9423222541809082,0.9337072372436523,0.059407967173729544,0.0685923403777618,0.7487011551856995,0.2512988746166229,0.9337072372436523,0.915445052087307
1219,4,4,4,0.024129360914230347,0.9758706092834473,4,1,4,1,0.8197177052497864,0.41445836424827576,0.6709378957748413,0.8807827575864764,0.39907870102588894,0.9915130734443665,0.008486920967698097,0.6709378957748413,0.5953405499458313
1220,7,12,26,0.025119377300143242,0.9748806357383728,26,0,24,0,0.31342238187789917,0.06684640794992447,0.09692573547363281,2.7053577098632764,2.3338102073844693,0.7163566946983337,0.28364330530166626,0.24559535086154938,0.14866961538791656
1221,21,21,21,0.022014731541275978,0.9779852628707886,21,1,21,1,0.999987781047821,0.9983535408973694,0.9762210845947266,0.0016478160060140823,0.024066197119921192,0.884369969367981,0.11563008278608322,0.9762210845947266,0.9718523779883981
1222,2,23,2,0.02200777642428875,0.9779922366142273,2,1,2,1,0.017512323334813118,0.9755327701568604,0.9084227085113525,0.024771526293193985,0.09604547070194513,0.06566588580608368,0.9343341588973999,0.9084227085113525,0.8848980255424976
1223,2,21,2,0.01775912009179592,0.9822408556938171,2,1,2,1,0.015107199549674988,0.9386081099510193,0.8679955005645752,0.06335723518288672,0.1415687480165872,0.17454202473163605,0.8254579901695251,0.8679955005645752,0.8416834753006697
1224,1,5,1,0.014026843011379242,0.9859731793403625,1,1,1,1,0.6220211982727051,0.949954628944397,0.7647735476493835,0.05134105453394609,0.2681755051216249,0.625304102897644,0.37469592690467834,0.7647735476493835,0.6886074766516685
1225,0,0,0,0.013370211236178875,0.9866297841072083,0,1,0,1,1.0,0.9997902512550354,0.988725483417511,0.00020977074530902358,0.011338555739914276,0.7716900706291199,0.22830995917320251,0.988725483417511,0.9872006247751415
1226,13,4,13,0.013370350934565067,0.9866296648979187,13,1,4,0,0.007869861088693142,0.9610270261764526,0.3826344311237335,0.03975274743491266,0.9606752335427505,0.986844003200531,0.013156075030565262,0.46559280157089233,0.08295837044715881
1227,7,8,17,0.010046899318695068,0.9899531006813049,17,0,17,0,0.12164876610040665,0.06686187535524368,0.1443508118391037,2.7051263493969557,1.9355087487871467,0.9144907593727112,0.08550924062728882,0.1838100701570511,0.03246559202671051
1228,13,4,13,0.01143704541027546,0.9885629415512085,13,1,4,0,0.11159180849790573,0.47504138946533203,0.19698677957057953,0.7443533430271034,1.6246186612748275,0.9938606023788452,0.006139439530670643,0.2877337336540222,0.09074695408344269
1229,24,24,10,0.010487642139196396,0.9895123839378357,10,0,24,1,0.49763888120651245,0.32784995436668396,0.8371671438217163,1.1151992314621357,0.17773153449608564,0.8935865163803101,0.10641350597143173,0.8371671438217163,0.7910648174583912
1230,6,6,6,0.011089897714555264,0.9889100790023804,6,1,6,1,0.9915236830711365,0.8271401524543762,0.7164738774299622,0.18978112739274464,0.3334134909550065,0.7291977405548096,0.27080225944519043,0.7164738774299622,0.6676327846944332
1231,21,21,21,0.011058825999498367,0.9889411926269531,21,1,21,1,0.9989635944366455,0.9501218795776367,0.9046816229820251,0.05116500832431025,0.10017219498749429,0.7828898429870605,0.21711018681526184,0.9046816229820251,0.8598556593060493
1232,25,25,25,0.01108645647764206,0.9889135360717773,25,1,25,1,0.9757498502731323,0.602215051651001,0.6348231434822083,0.5071406688081331,0.45440883308297536,0.9043718576431274,0.09562812000513077,0.6348231434822083,0.5646005347371101
1233,4,4,4,0.011140980757772923,0.9888589978218079,4,1,4,1,0.8448964953422546,0.49961793422698975,0.733500063419342,0.6939116042032857,0.30992759493783373,0.9877034425735474,0.012296557426452637,0.733500063419342,0.6131503582000732
1234,0,0,0,0.01147894561290741,0.9885210394859314,0,1,0,1,0.9999826550483704,0.9996387958526611,0.981978714466095,0.0003612693972697314,0.018185646559033434,0.8092781901359558,0.19072182476520538,0.981978714466095,0.9797583175823092
1235,15,15,15,0.011469384655356407,0.9885306358337402,15,1,15,1,0.9999839663505554,0.9870985746383667,0.9359700083732605,0.012985371548429912,0.06617184535417178,0.8580504059791565,0.1419495791196823,0.9359700083732605,0.9231461072340608
1236,15,15,15,0.011471298523247242,0.9885287284851074,15,1,15,1,0.9844599962234497,0.7207146286964417,0.7333276867866516,0.3275120193578639,0.31016262816986756,0.8675756454467773,0.13242433965206146,0.7333276867866516,0.6803201287984848
1237,5,10,5,0.011650769971311092,0.9883492588996887,5,1,5,1,0.0426984578371048,0.9765090346336365,0.6414235830307007,0.023771276651228048,0.44406522434366213,0.995030403137207,0.00496953958645463,0.6414235830307007,0.3904794156551361
1238,2,2,22,0.010022690519690514,0.9899773001670837,22,0,2,1,0.22181402146816254,0.05709352716803551,0.2726970314979553,2.863064528324918,1.2993938747858995,0.9867685437202454,0.01323146652430296,0.2726970314979553,0.11093978583812714
1239,25,25,25,0.011599303223192692,0.9884006977081299,25,1,25,1,0.9738637208938599,0.6693366765975952,0.7170260548591614,0.40146809193437555,0.3326431003270456,0.9061337113380432,0.0938662588596344,0.7170260548591614,0.6446320340037346
1240,5,5,5,0.011818700470030308,0.9881812930107117,5,1,5,1,0.7974652051925659,0.5599474906921387,0.47092095017433167,0.5799122662704875,0.7530650330761989,0.5362748503684998,0.46372514963150024,0.47092095017433167,0.07371833920478821
1241,14,14,14,0.012158432975411415,0.9878415465354919,14,1,14,1,0.9998050332069397,0.964492678642273,0.8911636471748352,0.03615303749743653,0.1152272015131308,0.6616939306259155,0.33830609917640686,0.8911636471748352,0.8703839033842087
1242,2,2,2,0.012169169262051582,0.9878308176994324,2,1,2,1,0.999636173248291,0.9457041621208191,0.8612372875213623,0.05582548386977477,0.14938521726089848,0.73606276512146,0.26393717527389526,0.8612372875213623,0.8254384435713291
