round,ground_truth,agent0_pred,agent1_pred,hedge0,hedge1,fused_B0_pred,acc_B0,fused_M1_pred,acc_M1,cos_sim_beliefs,p_b0_gt,p_m1_gt,loss_b0,loss_m1,pi0,pi1,m1_conf_top1,m1_margin
0,24,24,4,0.5,0.5,24,1,24,1,0.0673479363322258,0.5143452882766724,0.26921260356903076,0.6648604719862368,1.312253863700423,0.8120337724685669,0.18796619772911072,0.26921260356903076,0.09199798107147217
1,16,16,16,0.5411614179611206,0.4588386118412018,16,1,16,1,0.9999838471412659,0.9907444715499878,0.7042953372001648,0.00929862699278047,0.3505574977266836,0.6208468079566956,0.37915319204330444,0.7042953372001648,0.6594067886471748
2,0,0,0,0.5412425398826599,0.4587574601173401,0,1,0,1,0.9999994039535522,0.998127281665802,0.8107777237892151,0.0018744740635110255,0.2097613391413454,0.6212359070777893,0.37876415252685547,0.8107777237892151,0.7842779979109764
3,17,17,17,0.5412044525146484,0.45879557728767395,17,1,17,1,0.7134412527084351,0.616371214389801,0.47538819909095764,0.48390587618893044,0.7436235474795025,0.34726399183273315,0.6527360081672668,0.47538819909095764,0.3281793147325516
4,27,27,27,0.5280589461326599,0.4719410836696625,27,1,27,1,0.8977369666099548,0.7387876510620117,0.30166828632354736,0.3027447456559623,1.1984272549364,0.7848948240280151,0.21510519087314606,0.30166828632354736,0.07632343471050262
5,19,19,5,0.5205771923065186,0.47942280769348145,19,1,1,0,0.41652336716651917,0.5197229385375977,0.21129581332206726,0.6544594199052403,1.554496168460507,0.6084263920783997,0.3915736675262451,0.23172253370285034,0.02042672038078308
6,24,24,24,0.5331687927246094,0.466831237077713,24,1,24,1,0.9984307885169983,0.9587251543998718,0.6556375026702881,0.04215084121286442,0.4221472301635829,0.4823472797870636,0.5176527500152588,0.6556375026702881,0.527040958404541
7,10,10,10,0.5337082743644714,0.4662916958332062,10,1,10,1,0.9237249493598938,0.6636587977409363,0.30381929874420166,0.4099871204002855,1.1913221663344342,0.3909012973308563,0.6090987324714661,0.30381929874420166,0.2225652039051056
8,11,11,11,0.5317261219024658,0.46827390789985657,11,1,11,1,0.9995760321617126,0.9573302268981934,0.7012088894844055,0.043606882370899346,0.35494944848488985,0.6267486214637756,0.3732513189315796,0.7012088894844055,0.6165749505162239
9,24,24,24,0.532254695892334,0.4677453339099884,24,1,24,1,0.9558687806129456,0.854692280292511,0.5761975049972534,0.1570137809177483,0.551304786439568,0.5646541118621826,0.4353457987308502,0.5761975049972534,0.36028657853603363
10,9,17,9,0.5365824103355408,0.4634176194667816,9,1,17,0,0.09992150962352753,0.3618900179862976,0.11890901625156403,1.0164149310357287,2.12939664761738,0.9678881168365479,0.03211183100938797,0.3206807076931,0.20177169144153595
11,4,4,4,0.4923906624317169,0.5076093077659607,4,1,4,1,0.9996888041496277,0.9795369505882263,0.8881399631500244,0.020675318380305095,0.11862593225015146,0.3973616063594818,0.6026384830474854,0.8881399631500244,0.8493368923664093
12,10,10,10,0.4921726882457733,0.5078273415565491,10,1,10,1,0.7978729009628296,0.712044358253479,0.34897732734680176,0.3396150685929753,1.052748323512347,0.7499762177467346,0.2500237822532654,0.34897732734680176,0.16929176449775696
13,2,2,2,0.5024527311325073,0.4975472688674927,2,1,2,1,0.9927554726600647,0.8104257583618164,0.2502481937408447,0.21019554180227407,1.3853020786316579,0.501958429813385,0.4980415999889374,0.2502481937408447,0.06802056729793549
14,13,21,4,0.5001290440559387,0.4998709559440613,4,0,4,0,0.2421712428331375,0.0767797976732254,0.06763888895511627,2.566813724562405,2.693572180942425,0.8095510005950928,0.19044893980026245,0.2956375479698181,0.20965969562530518
15,19,19,19,0.47974056005477905,0.520259439945221,19,1,19,1,0.9856759905815125,0.8888556957244873,0.5868802666664124,0.11782037866357666,0.532934454974403,0.4796496033668518,0.5203503966331482,0.5868802666664124,0.5038517564535141
16,13,6,21,0.4824650287628174,0.5175349712371826,21,0,21,0,0.06270439177751541,0.11088959127664566,0.08098379522562027,2.199220245868826,2.513506203267118,0.6956675052642822,0.3043324649333954,0.19211405515670776,0.05633661150932312
17,7,7,7,0.4661097526550293,0.5338902473449707,7,1,7,1,0.9980272054672241,0.9551474452018738,0.5124337673187256,0.04588955753721789,0.668583810821119,0.5727308392524719,0.4272691011428833,0.5124337673187256,0.31023165583610535
18,16,16,16,0.4649033844470978,0.5350965857505798,16,1,16,1,0.9985281229019165,0.958895742893219,0.6071523427963257,0.04197292440559771,0.49897554281179,0.5982358455657959,0.4017642140388489,0.6071523427963257,0.4622974842786789
19,5,8,5,0.46583113074302673,0.5341688394546509,5,1,5,1,0.35520413517951965,0.6002854108810425,0.22187957167625427,0.5103500520664026,1.505620514226684,0.6509848833084106,0.34901514649391174,0.22187957167625427,0.046634823083877563
20,14,6,27,0.4480213224887848,0.5519787073135376,27,0,27,0,0.07276469469070435,0.16945862770080566,0.13999903202056885,1.7751464663160965,1.9661197705355296,0.8886566758155823,0.11134336143732071,0.14329546689987183,0.0032964348793029785
21,26,26,26,0.4161498248577118,0.5838502049446106,26,1,26,1,0.999999463558197,0.9979115128517151,0.8150804042816162,0.0020906710788395877,0.2044685150471488,0.5885782837867737,0.4114218056201935,0.8150804042816162,0.7936111502349377
22,4,4,4,0.41613662242889404,0.583863377571106,4,1,4,1,0.8301512598991394,0.7167908549308777,0.6500948667526245,0.33297117559075234,0.43063697789176,0.41083991527557373,0.589160144329071,0.6500948667526245,0.5165265202522278
23,16,16,16,0.4233083128929138,0.5766916871070862,16,1,16,1,0.8488872647285461,0.751862108707428,0.35293787717819214,0.28520233792646027,1.0414632228669762,0.5999318361282349,0.40006816387176514,0.35293787717819214,0.2506186217069626
24,8,8,8,0.41270434856414795,0.587295651435852,8,1,8,1,0.9746217727661133,0.854267418384552,0.4116206765174866,0.15751099792882345,0.8876530417905448,0.4784010946750641,0.5215988755226135,0.4116206765174866,0.31126298010349274
25,25,25,25,0.4082924425601959,0.5917075276374817,25,1,25,1,0.9836803078651428,0.800965428352356,0.4449116587638855,0.22193749345401778,0.8098795361552452,0.5776090621948242,0.42239096760749817,0.4449116587638855,0.38260554894804955
26,12,17,16,0.4022757411003113,0.5977242588996887,16,0,16,0,0.17757189273834229,0.2390531748533249,0.10991738736629486,1.4310692628715713,2.2080262192922575,0.9297623634338379,0.07023768126964569,0.1940751075744629,0.08415772020816803
27,24,24,24,0.386465460062027,0.6135345697402954,24,1,24,1,0.9886260032653809,0.8229196071624756,0.5489581823348999,0.194896765746469,0.5997330109841174,0.5756534934043884,0.4243464767932892,0.5489581823348999,0.4959195554256439
28,19,19,19,0.39050278067588806,0.6094971895217896,19,1,19,1,0.8179131150245667,0.5871297121047974,0.3882705271244049,0.5325095089404691,0.946052947457448,0.5681028962135315,0.4318971037864685,0.3882705271244049,0.2555220127105713
29,3,3,15,0.3961716592311859,0.6038283109664917,15,0,15,0,0.007193354889750481,0.35441479086875916,0.1767193228006363,1.037287326165095,1.7331925519247187,0.9207029938697815,0.07929696142673492,0.4070564806461334,0.23033715784549713
30,14,17,14,0.45625653862953186,0.5437434315681458,14,1,17,0,0.25910770893096924,0.5335738658905029,0.3352891206741333,0.6281577625469574,1.092762072579351,0.9240747094154358,0.07592527568340302,0.35303694009780884,0.017747819423675537
31,0,0,0,0.4355906546115875,0.5644093155860901,0,1,0,1,0.9967964291572571,0.9396471381187439,0.5636516809463501,0.06225085917272607,0.5733188052440253,0.5656776428222656,0.4343223571777344,0.5636516809463501,0.48965609818696976
32,16,5,16,0.4337691068649292,0.5662308931350708,16,1,16,1,0.2961770296096802,0.6116294860839844,0.32707905769348145,0.49162859470285974,1.1175533706589975,0.6930983066558838,0.3069017231464386,0.32707905769348145,0.21929388493299484
33,4,4,4,0.4139823317527771,0.5860176682472229,4,1,4,1,0.9952629208564758,0.9296818971633911,0.8430097699165344,0.07291279740680179,0.17077673158535772,0.6783438324928284,0.32165616750717163,0.8430097699165344,0.8031093999743462
34,1,12,1,0.4131614565849304,0.5868385434150696,1,1,1,1,0.23222194612026215,0.6325984597206116,0.2887350916862488,0.4579194029529275,1.2422456490028488,0.45108842849731445,0.5489115715026855,0.2887350916862488,0.145790696144104
35,14,14,14,0.38848137855529785,0.6115186214447021,14,1,14,1,0.7496035099029541,0.7898771166801453,0.5034235715866089,0.23587789412613866,0.6863233726123497,0.5491460561752319,0.4508539140224457,0.5034235715866089,0.2553451806306839
36,5,5,5,0.3795004189014435,0.6204996109008789,5,1,5,1,0.9864041209220886,0.8989332914352417,0.38516923785209656,0.10654645033907192,0.9540724624442113,0.5037685632705688,0.49623140692710876,0.38516923785209656,0.19124992191791534
37,14,27,14,0.3767382502555847,0.6232617497444153,14,1,14,1,0.5505817532539368,0.7083572149276733,0.4438755512237549,0.34480677166806445,0.8122110458750943,0.4076184332370758,0.5923815965652466,0.4438755512237549,0.24606315791606903
38,21,21,21,0.36316174268722534,0.6368382573127747,21,1,21,1,0.9832345247268677,0.8937714099884033,0.3985993564128876,0.11230523002906169,0.9197984858236936,0.5760511755943298,0.4239487648010254,0.3985993564128876,0.28751297295093536
39,7,7,7,0.359252393245697,0.640747606754303,7,1,7,1,0.998661458492279,0.9642314910888672,0.6649845242500305,0.036423877215319846,0.40799151040154097,0.6403950452804565,0.35960492491722107,0.6649845242500305,0.5492053776979446
40,16,16,16,0.3598286211490631,0.6401713490486145,16,1,16,1,0.9999665021896362,0.9824116230010986,0.7370125651359558,0.017744890428487484,0.30515033790698587,0.5177773237228394,0.48222270607948303,0.7370125651359558,0.7099289931356907
41,10,10,10,0.3600338399410248,0.6399661302566528,10,1,10,1,0.9999383687973022,0.981364369392395,0.7271823287010193,0.018811461882703735,0.3185780368802742,0.5039195418357849,0.4960804283618927,0.7271823287010193,0.6993102375417948
42,16,16,16,0.35967543721199036,0.640324592590332,16,1,16,1,0.9997777938842773,0.9674947261810303,0.6836462020874023,0.033045305068736104,0.38031474358892314,0.5197053551673889,0.4802946150302887,0.6836462020874023,0.6357946507632732
43,2,2,2,0.3599426746368408,0.6400573253631592,2,1,2,1,0.9058144092559814,0.6480132937431335,0.14768853783607483,0.4338440678045929,1.91264969681586,0.6847760677337646,0.31522396206855774,0.14768853783607483,0.01134510338306427
44,17,17,9,0.35533878207206726,0.6446611881256104,17,1,17,1,0.2004714459180832,0.408876895904541,0.3614073395729065,0.8943411562537744,1.017749592306082,0.9593019485473633,0.0406981036067009,0.3614073395729065,0.20070689916610718
45,3,3,3,0.38074225187301636,0.6192577481269836,3,1,3,1,0.9990044236183167,0.9120480418205261,0.47763869166374207,0.0920626128604256,0.7389007074888186,0.6544527411460876,0.3455471694469452,0.47763869166374207,0.2743944078683853
46,5,7,5,0.3804076611995697,0.6195923089981079,5,1,5,1,0.47807571291923523,0.5289735198020935,0.1526269018650055,0.6368169054616247,1.8797588855969294,0.6541317105293274,0.3458682894706726,0.1526269018650055,0.021702319383621216
47,27,27,27,0.3673475682735443,0.6326524615287781,27,1,27,1,0.9065530896186829,0.7867382168769836,0.42649438977241516,0.23985972010944148,0.8521560662461451,0.4364500045776367,0.5635499954223633,0.42649438977241516,0.1839924454689026
48,18,18,25,0.3611912727355957,0.6388087272644043,25,0,18,1,0.19983656704425812,0.3606528043746948,0.303900808095932,1.0198395441727808,1.1910539199779233,0.7292808294296265,0.2707192003726959,0.303900808095932,0.037471115589141846
49,20,20,11,0.38000723719596863,0.619992733001709,11,0,11,0,0.0692499652504921,0.41172343492507935,0.3079015910625458,0.887403429491876,1.1779750565997988,0.6453313231468201,0.35466864705085754,0.3962099552154541,0.08830836415290833
50,1,6,1,0.41492483019828796,0.5850751996040344,1,1,1,1,0.2245747148990631,0.581640362739563,0.3444557785987854,0.54190295568743,1.0657895607771195,0.6460118293762207,0.35398826003074646,0.3444557785987854,0.25229575484991074
51,11,11,15,0.3847094178199768,0.6152905821800232,15,0,15,0,0.051064010709524155,0.3470333218574524,0.29195818305015564,1.0583344752380666,1.2311446957015486,0.7723087072372437,0.22769130766391754,0.3098783791065216,0.017920196056365967
52,22,22,13,0.4262797236442566,0.5737202763557434,22,1,4,0,0.011231468990445137,0.40231963992118835,0.1412082463502884,0.9105083821248225,1.957519553714097,0.6128047108650208,0.38719525933265686,0.19379441440105438,0.00025644898414611816
53,27,17,27,0.4898892641067505,0.5101107358932495,27,1,17,0,0.448310911655426,0.5546246767044067,0.27780571579933167,0.5894636521916728,1.2808332736419854,0.8184565305709839,0.18154354393482208,0.45677605271339417,0.1789703369140625
54,16,16,25,0.47489964962005615,0.5251003503799438,16,1,16,1,0.43152400851249695,0.6007798910140991,0.4112420082092285,0.5095266494417257,0.8885734100172653,0.7162538766860962,0.2837460935115814,0.4112420082092285,0.18030385673046112
55,17,17,14,0.4915297329425812,0.5084702372550964,17,1,17,1,0.16120988130569458,0.49092626571655273,0.3998611271381378,0.7114613341212241,0.9166379743104877,0.9378716349601746,0.06212838739156723,0.3998611271381378,0.21936531364917755
56,21,21,21,0.520847737789154,0.47915226221084595,21,1,21,1,0.9999969601631165,0.9972623586654663,0.8106854557991028,0.002741395527894003,0.20987514744901886,0.48473218083381653,0.5152678489685059,0.8106854557991028,0.7628038041293621
57,15,15,15,0.5208994746208191,0.4791005551815033,15,1,15,1,0.9999839663505554,0.988798975944519,0.7285374999046326,0.0112642279340619,0.316716179167739,0.5184406638145447,0.4815594255924225,0.7285374999046326,0.7010675054043531
58,8,12,8,0.5209415555000305,0.4790584146976471,8,1,8,1,0.07187257707118988,0.493640273809433,0.3530547022819519,0.7059482177229848,1.041132270082981,0.5676112174987793,0.4323887825012207,0.3530547022819519,0.11823716759681702
59,16,16,16,0.48241087794303894,0.5175891518592834,16,1,16,1,0.9999877214431763,0.9897963404655457,0.8017687201499939,0.01025607371755349,0.22093509157014762,0.46594950556755066,0.5340505242347717,0.8017687201499939,0.7746784426271915
60,5,5,5,0.48245111107826233,0.5175489187240601,5,1,5,1,0.9806682467460632,0.7755327820777893,0.28408947587013245,0.2542050250761511,1.2584660345598653,0.5181029438972473,0.4818970859050751,0.28408947587013245,0.173518605530262
61,7,17,17,0.478584349155426,0.521415650844574,17,0,17,0,0.8603274822235107,0.0035547094885259867,0.022454747930169106,5.639481938186801,3.7962531980601475,0.6958842873573303,0.30411574244499207,0.6839547753334045,0.5548332631587982
62,10,10,10,0.4780753552913666,0.521924614906311,10,1,10,1,0.9999901056289673,0.9942740797996521,0.8669300079345703,0.005742376128370979,0.14279703448622885,0.59137362241745,0.40862640738487244,0.8669300079345703,0.8426848705857992
63,15,15,15,0.47801533341407776,0.5219846963882446,15,1,15,1,0.9647006988525391,0.6776147484779358,0.35078558325767517,0.38917637012269823,1.0475801160855163,0.6054776906967163,0.3945223391056061,0.35078558325767517,0.20732605457305908
64,23,18,23,0.4795765280723572,0.5204234719276428,23,1,23,1,0.7582131624221802,0.3783036768436432,0.09936614334583282,0.9720580280045995,2.3089438335433283,0.44131818413734436,0.558681845664978,0.09936614334583282,0.006852820515632629
65,25,25,25,0.47714564204216003,0.5228543281555176,25,1,25,1,0.8999348282814026,0.7124255299568176,0.5913563966751099,0.33907989166071273,0.525336403272221,0.5531753301620483,0.44682466983795166,0.5913563966751099,0.4610186815261841
66,2,19,2,0.4824451208114624,0.5175548791885376,2,1,19,0,0.07427551597356796,0.3849188983440399,0.10745379328727722,0.9547226205367941,2.2306943537035577,0.338103324174881,0.6618967056274414,0.2859174609184265,0.1784636676311493
67,0,0,0,0.4404981732368469,0.5595018267631531,0,1,0,1,0.9999340176582336,0.9894077777862549,0.7839978337287903,0.010648719105363268,0.24334902173657938,0.6232364177703857,0.3767634928226471,0.7839978337287903,0.7536793816834688
68,9,12,16,0.4402303695678711,0.5597696304321289,12,0,19,0,0.12659938633441925,0.05724338814616203,0.042599376291036606,2.8604431341141083,3.1559156668694723,0.7550322413444519,0.24496778845787048,0.1509363353252411,0.027324847877025604
69,26,26,26,0.414832204580307,0.5851677656173706,26,1,26,1,0.9998781681060791,0.9568924307823181,0.3711220324039459,0.04406429637313353,0.9912243421472369,0.5706798434257507,0.4293201267719269,0.3711220324039459,0.2982989624142647
70,18,18,22,0.41554611921310425,0.5844538807868958,18,1,18,1,0.3633419871330261,0.484112948179245,0.3466366231441498,0.7254370354839451,1.0594782432776306,0.5302548408508301,0.4697451889514923,0.3466366231441498,0.2360934019088745
71,4,4,4,0.43527087569236755,0.5647291541099548,4,1,4,1,0.9699692130088806,0.7110292315483093,0.6301254630088806,0.3410417367352629,0.4618363317906724,0.5751197934150696,0.4248802363872528,0.6301254630088806,0.5848816260695457
72,1,5,1,0.43010950088500977,0.5698904991149902,1,1,1,1,0.06260614842176437,0.5816380977630615,0.4409295916557312,0.54190684981352,0.8188700723911375,0.3341561257839203,0.6658438444137573,0.4409295916557312,0.07349628210067749
73,22,22,22,0.39418572187423706,0.6058142781257629,22,1,25,0,0.6425580978393555,0.5398737192153931,0.18685385584831238,0.6164200200765925,1.6774284872008813,0.6091529726982117,0.39084699749946594,0.20845650136470795,0.02160264551639557
74,20,20,15,0.4092463254928589,0.5907536745071411,20,1,20,1,0.20528346300125122,0.4658520221710205,0.27988073229789734,0.7638872442750739,1.273391722636886,0.8096997737884521,0.19030016660690308,0.27988073229789734,0.11906805634498596
75,16,16,16,0.43693438172340393,0.5630656480789185,16,1,16,1,0.9721068739891052,0.8143031001091003,0.609905481338501,0.20542262343156256,0.4944512824459668,0.5784158110618591,0.42158421874046326,0.609905481338501,0.5301287323236465
76,9,27,14,0.4381709098815918,0.5618290901184082,14,0,14,0,0.15694616734981537,0.212960347533226,0.08772067725658417,1.546649292418814,2.4335976347989594,0.8332104086875916,0.16678962111473083,0.3019121289253235,0.11508892476558685
77,14,12,14,0.42391878366470337,0.5760812163352966,14,1,14,1,0.0023095307406038046,0.5581477880477905,0.24783411622047424,0.5831314985359842,1.3949956428291048,0.6568918824195862,0.34310808777809143,0.24783411622047424,0.1073971837759018
78,6,3,11,0.3237304389476776,0.6762695908546448,3,0,11,0,0.3490656316280365,0.21288679540157318,0.10445711016654968,1.5469947315445873,2.2589787208545506,0.7934667468070984,0.2065332531929016,0.13386045396327972,0.0016272962093353271
79,9,9,9,0.32907798886299133,0.670922040939331,9,1,9,1,0.9991485476493835,0.8940292000770569,0.4813375174999237,0.1120168420634364,0.7311865553683804,0.5348840355873108,0.46511590480804443,0.4813375174999237,0.25505638122558594
80,23,18,18,0.3286927044391632,0.6713072657585144,18,0,18,0,0.5725117325782776,0.16154257953166962,0.08879285305738449,1.8229865207181764,2.421449115811003,0.760144829750061,0.23985514044761658,0.368909627199173,0.2204919457435608
81,14,27,14,0.36646559834480286,0.6335343718528748,14,1,14,1,0.3078632354736328,0.6850376725196838,0.5396239161491394,0.3782814458530567,0.6168828336345457,0.6542742252349854,0.34572580456733704,0.5396239161491394,0.2830562889575958
82,6,6,6,0.34923672676086426,0.6507632732391357,6,1,6,1,0.9252417087554932,0.6852065920829773,0.26209142804145813,0.3780348919086063,1.339061874103816,0.651918888092041,0.3480810821056366,0.26209142804145813,0.07191435992717743
83,9,9,9,0.3551892638206482,0.6448107361793518,9,1,9,1,0.7774476408958435,0.7319376468658447,0.2848205268383026,0.31205995052626895,1.2558960274688717,0.6583073139190674,0.3416926860809326,0.2848205268383026,0.017244786024093628
84,10,10,10,0.3474692106246948,0.6525307893753052,10,1,10,1,0.9115670323371887,0.6149027943611145,0.31908857822418213,0.48629108161750056,1.142286540057816,0.6495221257209778,0.3504779040813446,0.31908857822418213,0.1955636590719223
85,26,26,26,0.3572602868080139,0.6427397131919861,26,1,26,1,0.9999995231628418,0.9989349842071533,0.8583583831787109,0.001065583325155884,0.15273357069238638,0.5629907250404358,0.4370092451572418,0.8583583831787109,0.8266639783978462
86,15,15,20,0.3572465777397156,0.6427534222602844,15,1,20,0,0.10685741901397705,0.3867197632789612,0.15910235047340393,0.9500549741523037,1.838207570187474,0.16883012652397156,0.8311699032783508,0.19304347038269043,0.0339411199092865
87,23,23,23,0.39305397868156433,0.6069460511207581,23,1,23,1,0.998196542263031,0.9183822870254517,0.44164347648620605,0.08514154037825017,0.8172523366773835,0.6364468932151794,0.36355316638946533,0.44164347648620605,0.36761339753866196
88,24,24,10,0.39298614859580994,0.6070138216018677,10,0,10,0,0.12892410159111023,0.44683143496513367,0.3962954878807068,0.8055738584760581,0.9255951644657378,0.7501133680343628,0.24988655745983124,0.4595580995082855,0.06326261162757874
89,27,27,27,0.41872769594192505,0.581272304058075,27,1,27,1,0.9994849562644958,0.9390661716461182,0.6511150598526001,0.0628693319201376,0.4290689091456536,0.5275934338569641,0.4724065959453583,0.6511150598526001,0.5636844858527184
90,4,4,4,0.41915011405944824,0.5808498859405518,4,1,4,1,0.9999967217445374,0.9903504848480225,0.9090712666511536,0.009696373406587713,0.0953317867214837,0.4889150857925415,0.5110849142074585,0.9090712666511536,0.8975186534225941
91,21,21,21,0.4191643297672272,0.5808356404304504,21,1,21,1,0.9992913603782654,0.9796670079231262,0.6935133337974548,0.020542552892030188,0.3659848125952778,0.5683375000953674,0.43166249990463257,0.6935133337974548,0.6191778406500816
92,2,21,22,0.4186040163040161,0.5813959836959839,22,0,22,0,0.03681732714176178,0.13176241517066956,0.06926541030406952,2.0267548632058405,2.6698096272044354,0.7831812500953674,0.21681876480579376,0.15985634922981262,0.0490448996424675
93,18,18,25,0.38326841592788696,0.616731584072113,18,1,18,1,0.7700098752975464,0.5008414387702942,0.483304500579834,0.6914657174710882,0.7271083879877529,0.6093807220458984,0.39061927795410156,0.483304500579834,0.26756511628627777
94,26,26,26,0.38923823833465576,0.6107617616653442,26,1,26,1,0.9760927557945251,0.8438022136688232,0.4476728141307831,0.1698371558433096,0.8036926389857413,0.4601800739765167,0.5398199558258057,0.4476728141307831,0.35499703884124756
95,12,27,2,0.39271578192710876,0.6072841882705688,2,0,27,0,0.032236166298389435,0.06231767684221268,0.09000598639249802,2.7755101559993873,2.4078790953917277,0.44453951716423035,0.555460512638092,0.13873429596424103,0.0017618685960769653
96,10,10,10,0.39895617961883545,0.6010438203811646,10,1,10,1,0.9997047185897827,0.9807665944099426,0.8154656887054443,0.01942077391332192,0.20399593174189193,0.556972086429596,0.44302797317504883,0.8154656887054443,0.7542347088456154
97,7,8,12,0.3993126451969147,0.6006873250007629,8,0,8,0,0.10201967507600784,0.11833544075489044,0.06281280517578125,2.1342319691371556,2.767596322220644,0.7698026299476624,0.23019734025001526,0.13290978968143463,0.06393786519765854
98,17,17,17,0.4243834912776947,0.5756164789199829,17,1,17,1,0.9998827576637268,0.9754552841186523,0.8172412514686584,0.024850958904868815,0.20182093827615624,0.5748571157455444,0.42514291405677795,0.8172412514686584,0.7855278253555298
99,0,0,0,0.424336314201355,0.575663685798645,0,1,0,1,0.9999036192893982,0.9831364750862122,0.7282840013504028,0.017007333185621455,0.31706419511419487,0.6020397543907166,0.3979601562023163,0.7282840013504028,0.6962619125843048
100,5,10,5,0.42409855127334595,0.575901448726654,5,1,10,0,0.0426984578371048,0.5816263556480408,0.2870696783065796,0.5419270380260742,1.2480303111331623,0.8259690999984741,0.17403090000152588,0.43688178062438965,0.14981210231781006
101,25,25,25,0.38219040632247925,0.6178095936775208,25,1,25,1,0.9690048694610596,0.7627624273300171,0.44878026843070984,0.2708086627222571,0.8012218909123622,0.6254599094390869,0.3745401203632355,0.44878026843070984,0.2887321561574936
102,5,5,5,0.38270118832588196,0.6172988414764404,5,1,5,1,0.9168216586112976,0.7393795251846313,0.30013683438301086,0.3019439239846896,1.2035167937045492,0.6018538475036621,0.3981461524963379,0.30013683438301086,0.1323769986629486
103,14,14,9,0.3738636076450348,0.6261364221572876,14,1,14,1,0.7369499206542969,0.4446682333946228,0.44070878624916077,0.8104268178046716,0.8193709703028454,0.7626330256462097,0.2373669147491455,0.44070878624916077,0.2672310620546341
104,11,4,4,0.3779292404651642,0.6220707893371582,4,0,4,0,0.6235415935516357,0.20181791484355927,0.10809388011693954,1.6003893997622862,2.2247551691038567,0.4775899052619934,0.5224100947380066,0.25273436307907104,0.1340014636516571
105,15,15,15,0.3803853392601013,0.6196146607398987,15,1,15,1,0.9997144937515259,0.9684898853302002,0.7318364381790161,0.03201723983422658,0.31219823509903727,0.3801473081111908,0.6198527216911316,0.7318364381790161,0.6678149253129959
106,1,1,1,0.3809414505958557,0.6190585494041443,1,1,1,1,0.9988827705383301,0.9427040219306946,0.586100697517395,0.05900291419399758,0.5342636654008285,0.5190690755844116,0.4809309244155884,0.586100697517395,0.5099712610244751
107,3,6,3,0.381834477186203,0.6181654930114746,3,1,6,0,0.5016993880271912,0.6058945655822754,0.2656615078449249,0.5010492922374915,1.3255323074491048,0.6834169626235962,0.3165830075740814,0.265836238861084,0.00017473101615905762
108,13,13,13,0.3669985234737396,0.633001446723938,13,1,10,0,0.5848528742790222,0.4874013662338257,0.08927229046821594,0.7186673346890393,2.416064136360237,0.7202578186988831,0.27974215149879456,0.1545809805393219,0.033908694982528687
109,12,8,12,0.38460174202919006,0.6153982877731323,12,1,12,1,0.09176594763994217,0.6057249903678894,0.2282223403453827,0.5013292071904327,1.4774349482504132,0.7721052765846252,0.22789475321769714,0.2282223403453827,0.10618913918733597
110,15,15,20,0.3454170227050781,0.6545829772949219,15,1,15,1,0.3325462341308594,0.4263451397418976,0.25751152634620667,0.8525060735496909,1.356690797370617,0.6191123127937317,0.38088762760162354,0.25751152634620667,0.11261489987373352
111,6,6,6,0.3673710823059082,0.6326289176940918,6,1,4,0,0.7763303518295288,0.5784543752670288,0.1775912642478943,0.5473956027584586,1.7282706374272145,0.34574398398399353,0.6542560458183289,0.2962675094604492,0.11867624521255493
112,5,1,5,0.3663805425167084,0.6336194276809692,5,1,5,1,0.10970623791217804,0.6612327694892883,0.44057777523994446,0.41364935363224786,0.8196682879198531,0.6972069144248962,0.30279305577278137,0.44057777523994446,0.14747467637062073
113,10,10,10,0.3374720811843872,0.6625279188156128,10,1,10,1,0.9991236329078674,0.9266551733016968,0.6136125326156616,0.07617376395431875,0.48839160440549917,0.5733364820480347,0.42666351795196533,0.6136125326156616,0.5699945725500584
114,15,15,15,0.33872872591018677,0.6612712740898132,15,1,15,1,0.8431696891784668,0.6849796175956726,0.5862415432929993,0.37836619649739506,0.5340233844122589,0.7535465955734253,0.2464533895254135,0.5862415432929993,0.5076739639043808
115,14,27,14,0.34599101543426514,0.6540089845657349,14,1,14,1,0.17232584953308105,0.6437981128692627,0.588397741317749,0.4403700913592794,0.5303521289472173,0.8289538025856018,0.1710461974143982,0.588397741317749,0.3910606652498245
116,20,20,11,0.3239702880382538,0.6760297417640686,11,0,20,1,0.2364092618227005,0.36132580041885376,0.32120904326438904,1.017975233417266,1.1356631426844788,0.7971950769424438,0.20280492305755615,0.32120904326438904,0.007778555154800415
117,10,10,10,0.3455066382884979,0.6544933915138245,10,1,10,1,0.9991715550422668,0.9502814412117004,0.6941264867782593,0.050997084355021045,0.36510107747667125,0.6054956316947937,0.3945043385028839,0.6941264867782593,0.6377261467278004
118,12,12,19,0.3463827669620514,0.653617262840271,19,0,19,0,0.4462112486362457,0.1458553671836853,0.09599771350622177,1.925139784005854,2.3434309054414686,0.7954769134521484,0.20452310144901276,0.2181617021560669,0.12216398864984512
119,9,9,9,0.36597615480422974,0.6340238451957703,9,1,9,1,0.8956477642059326,0.7005400061607361,0.5916386842727661,0.3559038039711191,0.52485916104601,0.5453078746795654,0.45469218492507935,0.5916386842727661,0.3110707104206085
120,6,3,6,0.37045180797576904,0.629548192024231,6,1,6,1,0.26640164852142334,0.6504819989204407,0.4936359226703644,0.43004165409434725,0.7059570321542131,0.4671209752559662,0.5328789949417114,0.4936359226703644,0.2122727930545807
121,1,1,1,0.35163795948028564,0.6483620405197144,1,1,1,1,0.9932811856269836,0.8996604084968567,0.5183982849121094,0.10573791075477966,0.6570114423752599,0.6277846693992615,0.3722153902053833,0.5183982849121094,0.41646506637334824
122,18,18,25,0.3505944311618805,0.6494055390357971,25,0,18,1,0.13201001286506653,0.2178260087966919,0.22997985780239105,1.5240586596500227,1.4697635486660487,0.8482859134674072,0.1517140418291092,0.22997985780239105,0.013959914445877075
123,14,14,14,0.37053510546684265,0.6294649243354797,14,1,14,1,0.9580895900726318,0.8628869652748108,0.6728837490081787,0.14747157530127383,0.39618269975838144,0.5760422348976135,0.42395782470703125,0.6728837490081787,0.5630616545677185
124,14,14,14,0.36643093824386597,0.633569061756134,14,1,14,1,0.9700685143470764,0.7967513799667358,0.5877057909965515,0.2272125936915431,0.5315288117511102,0.6035582423210144,0.3964417576789856,0.5877057909965515,0.4892430976033211
125,11,11,11,0.3632422089576721,0.6367577910423279,11,1,11,1,0.9975367188453674,0.9318917393684387,0.7144445776939392,0.0705386305195044,0.33624985257886225,0.6057567596435547,0.3942432105541229,0.7144445776939392,0.6439741179347038
126,25,25,25,0.3631680905818939,0.6368318796157837,25,1,25,1,0.9998394250869751,0.9697951078414917,0.7544359564781189,0.03067045882609199,0.28178488644700783,0.5773584842681885,0.42264148592948914,0.7544359564781189,0.7135280519723892
127,0,0,0,0.3626006245613098,0.6373993754386902,0,1,0,1,0.9999999403953552,0.9995794296264648,0.940963625907898,0.0004206588380592788,0.06085079486448893,0.6513765454292297,0.34862345457077026,0.940963625907898,0.9359442945569754
128,24,24,24,0.3625955879688263,0.6374044418334961,24,1,24,1,0.9628334641456604,0.5665083527565002,0.3189612030982971,0.568263454127629,1.1426858039751646,0.6301685571670532,0.3698314130306244,0.3189612030982971,0.23085500299930573
129,21,21,21,0.3676401674747467,0.6323598623275757,21,1,21,1,0.9999985694885254,0.9979296326637268,0.8237264156341553,0.0020725135094829977,0.19391682406492494,0.5653218030929565,0.43467816710472107,0.8237264156341553,0.8028739895671606
130,24,24,24,0.36758914589881897,0.6324108242988586,24,1,24,1,0.9986635446548462,0.9643452763557434,0.8064291477203369,0.036305878005820906,0.21513923683173633,0.4794541299343109,0.5205458402633667,0.8064291477203369,0.6871782690286636
131,5,5,5,0.36825183033943176,0.6317481994628906,5,1,5,1,0.9243761897087097,0.8376140594482422,0.4730326533317566,0.1771978341700234,0.7485908583449509,0.6088848114013672,0.3911151587963104,0.4730326533317566,0.3548150286078453
132,21,21,21,0.3623744547367096,0.637625515460968,21,1,21,1,0.9997391104698181,0.9809470772743225,0.6592303514480591,0.019236768604602064,0.4166822585947833,0.5874117612838745,0.4125881791114807,0.6592303514480591,0.5988581329584122
133,4,4,11,0.3617955446243286,0.6382044553756714,4,1,4,1,0.6386535167694092,0.48065149784088135,0.4730508029460907,0.7326128081932963,0.748552490452106,0.5334668755531311,0.4665330648422241,0.4730508029460907,0.3747376427054405
134,2,2,2,0.374850869178772,0.625149130821228,2,1,2,1,0.989366888999939,0.8851875066757202,0.30862289667129517,0.121955784465933,1.1756351464998542,0.5159978866577148,0.4840020537376404,0.30862289667129517,0.2237609624862671
135,25,24,25,0.37069714069366455,0.6293028593063354,25,1,24,0,0.5600259304046631,0.4342058002948761,0.21528823673725128,0.8342366630484601,1.5357775127173137,0.9308519959449768,0.069147989153862,0.3602348864078522,0.1449466496706009
136,2,2,2,0.36285388469696045,0.6371461153030396,2,1,2,1,0.8419184684753418,0.7946719527244568,0.27927064895629883,0.22982588756877023,1.2755738994288888,0.6064239740371704,0.3935760259628296,0.27927064895629883,0.15045110881328583
137,2,2,2,0.35396382212638855,0.6460361480712891,2,1,2,1,0.8769682049751282,0.8004643321037292,0.2849942147731781,0.22256330456026086,1.2552863979609952,0.38808754086494446,0.6119124889373779,0.2849942147731781,0.1758764609694481
138,3,6,3,0.34522658586502075,0.6547734141349792,3,1,6,0,0.6671499609947205,0.5451341867446899,0.24459919333457947,0.6067233004141971,1.408134353630744,0.7469912767410278,0.25300875306129456,0.250319242477417,0.005720049142837524
139,25,25,22,0.3385673761367798,0.6614326238632202,25,1,25,1,0.5811942219734192,0.49628955125808716,0.5108515620231628,0.7005957498884487,0.671676216255021,0.5386132001876831,0.4613867402076721,0.5108515620231628,0.4020823463797569
140,15,15,15,0.34815821051597595,0.6518418192863464,15,1,15,1,0.9997748136520386,0.9867817759513855,0.8583599925041199,0.013306362321357627,0.15273169580663723,0.4988318681716919,0.5011681318283081,0.8583599925041199,0.828574588522315
141,1,1,1,0.3478601574897766,0.6521398425102234,1,1,1,1,0.9963415265083313,0.9488286375999451,0.6689141988754272,0.052527068226271026,0.40209947988105443,0.6473926305770874,0.3526074290275574,0.6689141988754272,0.5674583986401558
142,26,26,26,0.3470441401004791,0.6529558897018433,26,1,26,1,0.9999998211860657,0.9985466599464417,0.8624929189682007,0.0014543971765776152,0.14792834000226482,0.4811810255050659,0.5188189744949341,0.8624929189682007,0.849500510841608
143,10,10,10,0.34703901410102844,0.6529609560966492,10,1,10,1,0.9999986290931702,0.9977242946624756,0.9331907033920288,0.002278298690133998,0.06914570095903516,0.6479349732398987,0.3520650267601013,0.9331907033920288,0.9189233342185616
144,0,0,0,0.3470553159713745,0.6529446840286255,0,1,0,1,1.0,0.999772310256958,0.9529327750205994,0.00022771566828688503,0.04821091819314988,0.4630517363548279,0.5369482040405273,0.9529327750205994,0.9482598113827407
145,23,13,23,0.3470516800880432,0.6529483199119568,23,1,23,1,0.19857606291770935,0.5618173480033875,0.29492294788360596,0.5765784854662378,1.2210411503742054,0.1880262792110443,0.8119737505912781,0.29492294788360596,0.19778503477573395
146,17,0,9,0.31955885887145996,0.68044114112854,9,0,9,0,0.03785436972975731,0.031771667301654816,0.058205630630254745,3.449180351698319,2.8437731827000508,0.8760005831718445,0.12399943917989731,0.2041006237268448,0.09205256402492523
147,18,18,22,0.26161202788352966,0.7383880019187927,18,1,18,1,0.5060890913009644,0.42159855365753174,0.4693267345428467,0.8637017123644465,0.7564560909540126,0.6898165345191956,0.31018340587615967,0.4693267345428467,0.369853176176548
148,1,1,1,0.2746736705303192,0.7253263592720032,1,1,1,1,0.9998083710670471,0.9836001396179199,0.81639164686203,0.016535826694278066,0.2028610797719539,0.5806258320808411,0.41937413811683655,0.81639164686203,0.7628442905843258
149,25,26,22,0.27454206347465515,0.7254579663276672,25,1,22,0,0.2665790617465973,0.3546466529369354,0.13862068951129913,1.0366333290299636,1.9760139283934361,0.8738269805908203,0.1261729598045349,0.26380178332328796,0.12518109381198883
150,27,17,27,0.2648114264011383,0.7351885437965393,27,1,17,0,0.025978855788707733,0.7190160155296326,0.3074088394641876,0.3298716467808895,1.1795766927146678,0.8405311703681946,0.15946879982948303,0.5371140837669373,0.22970524430274963
151,2,2,2,0.21958954632282257,0.7804104685783386,2,1,2,1,0.9922654032707214,0.8678997755050659,0.45868247747421265,0.14167903699648815,0.779397078513695,0.547572910785675,0.45242708921432495,0.45868247747421265,0.35800663381814957
152,5,17,5,0.21994976699352264,0.7800502181053162,5,1,5,1,0.03963155671954155,0.7725556492805481,0.507305383682251,0.25805123490121956,0.6786421220426798,0.9131109714508057,0.08688901364803314,0.507305383682251,0.4253804162144661
153,2,2,2,0.1872931271791458,0.8127068877220154,2,1,2,1,0.9977363348007202,0.9563671946525574,0.5499668717384338,0.04461334485141928,0.5978972357725603,0.40086227655410767,0.5991377830505371,0.5499668717384338,0.5004749298095703
154,7,26,14,0.18622224032878876,0.81377774477005,14,0,14,0,0.46088746190071106,0.23084166646003723,0.21316534280776978,1.4660232300524623,1.5456871570911201,0.6446402668952942,0.3553597033023834,0.21382853388786316,0.0006631910800933838
155,0,0,0,0.18556533753871918,0.8144346475601196,0,1,0,1,0.9966393113136292,0.9631485939025879,0.6490616798400879,0.037547575969561,0.4322275285194942,0.5356980562210083,0.4643019437789917,0.6490616798400879,0.616984061896801
156,14,14,14,0.18390068411827087,0.8160993456840515,14,1,14,1,0.9989891052246094,0.9351867437362671,0.7689115405082703,0.06700904371487525,0.26277934794196695,0.6435543298721313,0.35644564032554626,0.7689115405082703,0.7145927101373672
157,0,0,0,0.18359962105751038,0.8164003491401672,0,1,0,1,0.9999882578849792,0.9980161786079407,0.9039401412010193,0.001985791772069729,0.10099213626790074,0.5385332107543945,0.4614667594432831,0.9039401412010193,0.8893784694373608
158,5,5,5,0.18353770673274994,0.8164622783660889,5,1,5,1,0.9912737607955933,0.8062831163406372,0.4405635595321655,0.21532033718466737,0.8197005544977997,0.5666423439979553,0.4333576261997223,0.4405635595321655,0.328143946826458
159,3,16,6,0.18309901654720306,0.8169009685516357,6,0,16,0,0.15072491765022278,0.1954585313796997,0.09207514673471451,1.6324070377612954,2.385150223008895,0.10104493051767349,0.8989550471305847,0.16229256987571716,0.004165530204772949
160,8,5,8,0.1658901572227478,0.8341098427772522,8,1,8,1,0.5584097504615784,0.7056187987327576,0.3477537930011749,0.3486801324495013,1.0562605409737265,0.6807601451873779,0.31923991441726685,0.3477537930011749,0.22558517009019852
161,8,8,8,0.15953142940998077,0.8404685854911804,8,1,8,1,0.9864992499351501,0.9092326760292053,0.5546372532844543,0.09515424833014326,0.5894409766094535,0.5844214558601379,0.41557854413986206,0.5546372532844543,0.45286764949560165
162,24,24,24,0.1587403565645218,0.8412596583366394,24,1,24,1,0.9977314472198486,0.9394728541374207,0.7759103178977966,0.062436354492387616,0.25371833519694714,0.4611501395702362,0.5388498306274414,0.7759103178977966,0.6394779235124588
163,4,3,4,0.15923230350017548,0.8407676815986633,4,1,4,1,0.12233738601207733,0.7958981990814209,0.22434687614440918,0.22828399191768434,1.4945618706846793,0.9284407496452332,0.07155924290418625,0.22434687614440918,0.08364714682102203
164,4,4,4,0.14056770503520966,0.8594322800636292,4,1,4,1,0.7294487953186035,0.8515971302986145,0.6739755868911743,0.16064171574465932,0.3945613899555463,0.8678735494613647,0.13212645053863525,0.6739755868911743,0.6200546734035015
165,24,24,24,0.1345127671957016,0.8654872179031372,24,1,24,1,0.9981659650802612,0.9418855309486389,0.7522690892219543,0.05987152882922908,0.2846611876265151,0.6598650217056274,0.34013494849205017,0.7522690892219543,0.6247800141572952
166,11,11,4,0.13489699363708496,0.865103006362915,4,0,4,0,0.29555249214172363,0.12337250262498856,0.11212226003408432,2.0925470235813823,2.188165395610036,0.6887937188148499,0.31120625138282776,0.20791593194007874,0.08149337768554688
167,1,1,1,0.14868944883346558,0.8513105511665344,1,1,1,1,0.8882054090499878,0.9022696018218994,0.6528565883636475,0.10284191020684462,0.4263977934831422,0.42061614990234375,0.5793838500976562,0.6528565883636475,0.5905272401869297
168,7,7,7,0.14480584859848022,0.8551941514015198,7,1,7,1,0.988288164138794,0.9655945301055908,0.5747228860855103,0.03501127397709002,0.553867291596456,0.6485254168510437,0.3514746129512787,0.5747228860855103,0.513632457703352
169,7,7,8,0.14323824644088745,0.8567617535591125,8,0,8,0,0.24906416237354279,0.16559921205043793,0.14486798644065857,1.7981847951918273,1.9319323896025595,0.5847802758216858,0.4152197539806366,0.4719085097312927,0.32704052329063416
170,4,13,13,0.15256710350513458,0.8474329113960266,13,0,13,0,0.9862426519393921,0.1112477108836174,0.24020031094551086,2.1959959344745177,1.4262820748095695,0.6139588356018066,0.38604116439819336,0.24660883843898773,0.006408527493476868
171,15,15,15,0.12775248289108276,0.8722475171089172,15,1,15,1,0.9984728097915649,0.940541684627533,0.7932541370391846,0.061299309450204606,0.23161163322933112,0.6553674936294556,0.3446325361728668,0.7932541370391846,0.763775397092104
172,15,15,15,0.12814021110534668,0.8718597888946533,15,1,15,1,0.9999956488609314,0.9944091439247131,0.9027289748191833,0.0056065434088534314,0.102332909243468,0.6130620241165161,0.3869379758834839,0.9027289748191833,0.8927911268547177
173,13,4,13,0.12815535068511963,0.8718446493148804,13,1,4,0,0.11159180849790573,0.4287698566913605,0.16872702538967133,0.8468349685916355,1.7794731043371685,0.2699028253555298,0.7300971746444702,0.27137571573257446,0.09361754357814789
174,18,18,18,0.1186802014708519,0.8813198208808899,18,1,18,1,0.957305371761322,0.7511829137802124,0.7046166658401489,0.2861060965807697,0.3501013604450619,0.6413447856903076,0.35865524411201477,0.7046166658401489,0.5938597917556763
175,8,8,8,0.11892837285995483,0.8810716271400452,8,1,8,1,0.9999760985374451,0.9970837831497192,0.8771628141403198,0.0029204772955773043,0.13106265487785376,0.5482368469238281,0.4517631530761719,0.8771628141403198,0.8563586194068193
176,14,14,14,0.11886131018400192,0.8811386823654175,14,1,14,1,0.9202849864959717,0.9234718084335327,0.7767481803894043,0.07961500668098664,0.2526390733066333,0.754734218120575,0.24526575207710266,0.7767481803894043,0.6995483636856079
177,7,7,7,0.11690262705087662,0.8830973505973816,7,1,7,1,0.9389023780822754,0.6914709210395813,0.36179837584495544,0.3689341807650322,1.0166681951273273,0.7251906394958496,0.2748093605041504,0.36179837584495544,0.177055224776268
178,20,20,20,0.1181197389960289,0.8818802833557129,20,1,20,1,0.9297535419464111,0.5473738312721252,0.3709288537502289,0.6026232890131162,0.9917450036320099,0.4652596116065979,0.5347403883934021,0.3709288537502289,0.10337018966674805
179,4,4,4,0.11695026606321335,0.883049726486206,4,1,4,1,0.999197781085968,0.9754291772842407,0.8880893588066101,0.024877723005900618,0.11868291176603092,0.5750678777694702,0.4249321222305298,0.8880893588066101,0.875603448599577
180,6,3,13,0.11652521044015884,0.8834747672080994,13,0,3,0,0.5490344166755676,0.31421521306037903,0.21732550859451294,1.1576771359356166,1.526359009771212,0.7360761165618896,0.26392391324043274,0.23414653539657593,0.01682102680206299
181,25,22,25,0.1165182814002037,0.8834817409515381,25,1,25,1,0.2865184545516968,0.8586772084236145,0.5854130387306213,0.1523622036105075,0.5354376317735208,0.6919769644737244,0.30802297592163086,0.5854130387306213,0.5318700112402439
182,4,4,13,0.10616619139909744,0.8938338160514832,13,0,4,1,0.44914302229881287,0.3108486533164978,0.500686764717102,1.1684491305377227,0.6917745935544242,0.44196540117263794,0.5580345988273621,0.500686764717102,0.3648388832807541
183,25,25,22,0.11076485365629196,0.8892351388931274,22,0,25,1,0.5415109992027283,0.34020674228668213,0.40617361664772034,1.0782017806198123,0.9009745835757288,0.6048012971878052,0.3951987028121948,0.40617361664772034,0.2937682271003723
184,8,26,27,0.1167924627661705,0.8832075595855713,27,0,14,0,0.36864855885505676,0.13068345189094543,0.11945133656263351,2.0349772777607793,2.124846215966652,0.4424217641353607,0.5575782656669617,0.13502182066440582,0.015570484101772308
185,16,16,16,0.11021368205547333,0.8897863030433655,16,1,16,1,0.999962329864502,0.9877060055732727,0.8379355669021606,0.012370190724818868,0.17681407059440846,0.6674501299858093,0.3325498402118683,0.8379355669021606,0.8009294420480728
186,10,10,10,0.1102796196937561,0.8897203803062439,10,1,10,1,0.9999937415122986,0.995646595954895,0.9210765361785889,0.004362907700693061,0.08221214500843499,0.6520113348960876,0.34798863530158997,0.9210765361785889,0.8979433551430702
187,17,17,17,0.1102951243519783,0.8897048830986023,17,1,17,1,0.6802613735198975,0.4097651243209839,0.34942328929901123,0.8921711509448651,1.0514712283832965,0.8533595204353333,0.14664046466350555,0.34942328929901123,0.058453649282455444
188,15,15,15,0.11427796632051468,0.8857220411300659,15,1,15,1,0.9519567489624023,0.9605783820152283,0.802859902381897,0.040219694673366176,0.21957504802514385,0.566149890422821,0.43385007977485657,0.802859902381897,0.7472934946417809
189,24,24,24,0.11258287727832794,0.8874171376228333,24,1,24,1,0.7362610697746277,0.5707677006721497,0.5615777373313904,0.560772981048921,0.5770050685602154,0.655200183391571,0.3447997570037842,0.5615777373313904,0.20479804277420044
190,14,21,14,0.11591741442680359,0.884082555770874,14,1,14,1,0.3290168046951294,0.3338909149169922,0.14065515995025635,1.0969409413964337,1.961444058261639,0.4955099821090698,0.5044899582862854,0.14065515995025635,0.027675144374370575
191,23,4,23,0.11038069427013397,0.8896192908287048,23,1,23,1,0.05478677526116371,0.6937680840492249,0.31828659772872925,0.3656175471632519,1.1448030513652656,0.08305415511131287,0.9169458746910095,0.31828659772872925,0.24274709075689316
192,10,10,10,0.08973792940378189,0.9102620482444763,10,1,10,1,0.9997970461845398,0.9654212594032288,0.7765145301818848,0.03519073465656086,0.25293992416423994,0.680491030216217,0.31950896978378296,0.7765145301818848,0.7248997054994106
193,27,8,9,0.08989467471837997,0.9101053476333618,9,0,9,0,0.03393682464957237,0.25735044479370117,0.12366939336061478,1.3573165245238756,2.090143456547757,0.8196390867233276,0.18036089837551117,0.32565420866012573,0.20198481529951096
194,10,10,10,0.07741321623325348,0.9225867986679077,10,1,10,1,0.9986077547073364,0.9485051035881042,0.8161848783493042,0.05286810892770719,0.20311438307582766,0.6103271245956421,0.38967281579971313,0.8161848783493042,0.7349618747830391
195,9,9,9,0.07760504633188248,0.9223949313163757,9,1,9,1,0.9712165594100952,0.7406889796257019,0.41206246614456177,0.30017447239718714,0.886580324269552,0.6505094170570374,0.34949052333831787,0.41206246614456177,0.2257760614156723
196,8,8,8,0.07792307436466217,0.922076940536499,8,1,8,1,0.9715781807899475,0.8927918672561646,0.5287846326828003,0.11340179665266818,0.6371740516029374,0.6606605648994446,0.33933940529823303,0.5287846326828003,0.44608159363269806
197,27,14,27,0.07648323476314545,0.9235167503356934,27,1,27,1,0.7116828560829163,0.5835491418838501,0.27659842371940613,0.5386266116349231,1.2851885585406524,0.6991817951202393,0.30081817507743835,0.27659842371940613,0.0270661860704422
198,21,21,21,0.07510578632354736,0.9248942136764526,21,1,21,1,0.9876739382743835,0.8354830741882324,0.5027601718902588,0.17974518945442533,0.687642018032292,0.5045058131217957,0.49549421668052673,0.5027601718902588,0.27154627442359924
199,24,24,24,0.07572968304157257,0.9242703318595886,24,1,24,1,0.8647326827049255,0.6371092796325684,0.468872606754303,0.4508140845402971,0.7574241748228047,0.7270113825798035,0.27298855781555176,0.468872606754303,0.1728019416332245
200,26,26,26,0.0774923637509346,0.922507643699646,26,1,26,1,0.9999918341636658,0.9883471131324768,0.7076822519302368,0.011721313854425427,0.3457600827365074,0.4837736487388611,0.5162263512611389,0.7076822519302368,0.671767707914114
201,1,5,1,0.07753398269414902,0.9224660396575928,1,1,1,1,0.274917334318161,0.9173237681388855,0.6665406227111816,0.08629479582555588,0.40565419191660856,0.37695401906967163,0.6230459809303284,0.6665406227111816,0.5854020565748215
202,2,3,2,0.07090636342763901,0.9290936589241028,2,1,2,1,0.07033160328865051,0.8483335375785828,0.41057607531547546,0.16448139790504424,0.8901940437143249,0.4894184470176697,0.5105815529823303,0.41057607531547546,0.34332262724637985
203,26,26,26,0.05942155048251152,0.9405784606933594,26,1,26,1,0.9999893307685852,0.988481342792511,0.7443745732307434,0.011585510811082786,0.29521091219835444,0.5834527015686035,0.41654732823371887,0.7443745732307434,0.70330860465765
204,26,26,8,0.05945155397057533,0.9405484199523926,8,0,8,0,0.06005460396409035,0.054597169160842896,0.0810915008187294,2.9077732444463824,2.512177122135167,0.5661110281944275,0.4338890016078949,0.39285457134246826,0.23198911547660828
205,8,5,8,0.07965464144945145,0.9203453660011292,8,1,8,1,0.4578503370285034,0.9306720495223999,0.637561023235321,0.07184831991393663,0.45010528380861103,0.7570275068283081,0.2429725080728531,0.637561023235321,0.6007759608328342
206,15,15,20,0.0727892518043518,0.9272107481956482,20,0,20,0,0.43542349338531494,0.055411115288734436,0.09435036033391953,2.89297506837304,2.3607401880554266,0.5642158389091492,0.43578413128852844,0.17482048273086548,0.010867461562156677
207,3,3,3,0.0812128335237503,0.9187871813774109,3,1,3,1,0.9382869005203247,0.6544455885887146,0.3516349196434021,0.4239668314062673,1.045161801710733,0.5846248865127563,0.41537508368492126,0.3516349196434021,0.15008600056171417
208,27,27,27,0.08279910683631897,0.9172009229660034,27,1,27,1,0.9770702719688416,0.9404675960540771,0.5705114603042603,0.0613780847909273,0.5612220217060304,0.740192711353302,0.2598072290420532,0.5705114603042603,0.4211145341396332
209,27,27,0,0.08192312717437744,0.9180768728256226,0,0,0,0,0.3929172158241272,0.29707223176956177,0.2004489004611969,1.2137799651375656,1.6071959252606391,0.5630025267601013,0.4369974732398987,0.2320365607738495,0.03158766031265259
210,4,4,4,0.08725327253341675,0.9127467274665833,4,1,4,1,0.9998841881752014,0.9598143100738525,0.8661778569221497,0.04101544023607478,0.14366501399851922,0.6071130037307739,0.39288702607154846,0.8661778569221497,0.8511654604226351
211,7,7,7,0.0874093696475029,0.9125906229019165,7,1,7,1,0.9111261963844299,0.9659871459007263,0.7011792063713074,0.03460475137913884,0.35499178072257825,0.4834654629230499,0.5165345668792725,0.7011792063713074,0.6276937872171402
212,25,25,25,0.08556941151618958,0.914430558681488,25,1,25,1,0.9801475405693054,0.7502864599227905,0.6070599555969238,0.2873001988110811,0.4991277191646443,0.7097245454788208,0.2902753949165344,0.6070599555969238,0.4633217751979828
213,11,11,16,0.08574092388153076,0.9142590761184692,16,0,16,0,0.028758613392710686,0.060275521129369736,0.12879672646522522,2.8088292090896525,2.049519881277528,0.9046445488929749,0.09535538405179977,0.17804332077503204,0.049246594309806824
214,19,19,26,0.10684270411729813,0.8931573033332825,26,0,19,1,0.3274867534637451,0.12631234526634216,0.10507059097290039,2.06899750882574,2.253122859733643,0.6091057062149048,0.3908942937850952,0.10507059097290039,0.027628697454929352
215,0,0,0,0.11564816534519196,0.8843518495559692,0,1,0,1,0.995621383190155,0.9682512283325195,0.618065595626831,0.03226369197716405,0.48116068536609885,0.5821065306663513,0.41789349913597107,0.618065595626831,0.5855384916067123
216,5,5,5,0.11402223259210587,0.8859777450561523,5,1,5,1,0.835993230342865,0.9350499510765076,0.6574482917785645,0.0671553275092023,0.4193891617055857,0.7089669704437256,0.291032999753952,0.6574482917785645,0.541919119656086
217,0,0,0,0.110115647315979,0.889884352684021,0,1,0,1,1.0,0.9997198581695557,0.9611794352531433,0.0002801810774969169,0.039594170216421046,0.5657308101654053,0.4342692196369171,0.9611794352531433,0.9566073389723897
218,14,14,14,0.110116146504879,0.8898838758468628,14,1,14,1,0.9834511876106262,0.9643030762672424,0.8064717054367065,0.0363496393150822,0.2150864651857964,0.6179865598678589,0.3820134103298187,0.8064717054367065,0.7568317390978336
219,7,17,7,0.1089068278670311,0.8910931944847107,7,1,7,1,0.6026561856269836,0.40145182609558105,0.23435841500759125,0.9126677376120548,1.4509036473955323,0.8342161178588867,0.1657838374376297,0.23435841500759125,0.11550898104906082
220,15,15,15,0.10716917365789413,0.8928308486938477,15,1,15,1,0.9121116399765015,0.5158603191375732,0.37490323185920715,0.661919249492044,0.9810873346873847,0.7878494262695312,0.21215060353279114,0.37490323185920715,0.295087069272995
221,15,15,15,0.11096473783254623,0.8890352845191956,15,1,15,1,0.9844599962234497,0.747066080570221,0.5994375944137573,0.29160163648973786,0.5117634059900574,0.629193127155304,0.37080690264701843,0.5994375944137573,0.5476412624120712
222,10,10,10,0.1125236302614212,0.88747638463974,10,1,10,1,0.9698145985603333,0.7358983159065247,0.558795690536499,0.3066633275336201,0.5819713636253115,0.849029541015625,0.1509704887866974,0.558795690536499,0.4413304254412651
223,5,1,1,0.11400134116411209,0.8859986662864685,1,0,1,0,0.7757973670959473,0.06163284182548523,0.09188212454319,2.7865604039971554,2.3872487784073493,0.4927077293395996,0.5072923302650452,0.6097986698150635,0.5179165452718735
224,2,2,2,0.13161097466945648,0.8683890104293823,2,1,2,1,0.9930759072303772,0.8784885406494141,0.6005257368087769,0.12955241566383635,0.5099497794150278,0.6112796068191528,0.38872048258781433,0.6005257368087769,0.534367598593235
225,10,10,10,0.13104380667209625,0.8689562082290649,10,1,10,1,0.9999876022338867,0.9944003224372864,0.9216049909591675,0.005615414532584507,0.08163857351788313,0.6341266632080078,0.3658733367919922,0.9216049909591675,0.8971113860607147
226,14,27,14,0.1310771405696869,0.8689228296279907,14,1,14,1,0.15038377046585083,0.874873697757721,0.7198214530944824,0.13367574846307284,0.3287520795378289,0.6348212361335754,0.3651787042617798,0.7198214530944824,0.5994883179664612
227,4,4,4,0.11831193417310715,0.8816880583763123,4,1,4,1,0.9940672516822815,0.7767082452774048,0.7001940608024597,0.2526904878314935,0.3563977526419902,0.6061910390853882,0.3938089609146118,0.7001940608024597,0.6633374616503716
228,1,1,1,0.11945395171642303,0.8805460333824158,1,1,1,1,0.8998174071311951,0.9431463479995728,0.7741715908050537,0.05853381432897927,0.2559617364162119,0.529590368270874,0.47040966153144836,0.7741715908050537,0.678276538848877
229,10,10,10,0.11726010590791702,0.8827399015426636,10,1,10,1,0.9941290020942688,0.8662465810775757,0.6075481176376343,0.14358567529380617,0.49832390091618683,0.585835337638855,0.41416463255882263,0.6075481176376343,0.5400352403521538
230,24,24,24,0.11680024862289429,0.8831997513771057,24,1,24,1,0.9998205304145813,0.963495671749115,0.7972464561462402,0.037187283354604146,0.22659141819907094,0.6788962483406067,0.32110369205474854,0.7972464561462402,0.7504825815558434
231,1,5,1,0.11701706796884537,0.8829829096794128,1,1,1,1,0.6220211982727051,0.8885903358459473,0.5937333703041077,0.11811896424738429,0.5213249319343862,0.43194112181663513,0.5680589079856873,0.5937333703041077,0.46314750611782074
232,26,26,26,0.11208729445934296,0.8879126906394958,26,1,26,1,0.9996378421783447,0.9538553953170776,0.7296687960624695,0.0472431962586084,0.3151645518185272,0.6059425473213196,0.3940574824810028,0.7296687960624695,0.6863375641405582
233,6,6,6,0.11223535239696503,0.8877646327018738,6,1,6,1,0.9896963834762573,0.8309545516967773,0.33758217096328735,0.1851801767212458,1.085946328782595,0.6009993553161621,0.3990006446838379,0.33758217096328735,0.22521384805440903
234,25,25,25,0.11326886713504791,0.8867311477661133,25,1,25,1,0.8140164613723755,0.5693279504776001,0.5000492334365845,0.563298648011064,0.6930487185343207,0.49497631192207336,0.5050236582756042,0.5000492334365845,0.17731496691703796
235,27,27,27,0.11609664559364319,0.8839033842086792,27,1,27,1,0.9997672438621521,0.9749292731285095,0.7539123892784119,0.025390350996486434,0.2824791123162611,0.6159356832504272,0.38406434655189514,0.7539123892784119,0.6906484141945839
236,24,24,10,0.11605817824602127,0.8839418292045593,10,0,10,0,0.21430610120296478,0.2608327567577362,0.38162660598754883,1.343875855751853,0.9633126196488911,0.7903980016708374,0.20960192382335663,0.41552719473838806,0.03390058875083923
237,17,4,14,0.12544287741184235,0.8745571374893188,14,0,14,0,0.0697108805179596,0.025529133155941963,0.05453870818018913,3.667935002244011,2.9088445875769784,0.6557267904281616,0.34427323937416077,0.32631009817123413,0.20647833496332169
238,1,1,1,0.13414788246154785,0.8658521175384521,1,1,1,1,0.972694456577301,0.8044374585151672,0.5492768883705139,0.21761205514253054,0.5991526142128579,0.5976061224937439,0.4023938775062561,0.5492768883705139,0.42707138508558273
239,27,8,27,0.13389037549495697,0.8661096096038818,27,1,27,1,0.4878557622432709,0.6180065274238586,0.22093340754508972,0.4812562594056971,1.509893946196765,0.7079334259033203,0.2920665740966797,0.22093340754508972,0.04626630246639252
240,17,17,17,0.12958113849163055,0.8704188466072083,17,1,17,1,0.7863673567771912,0.7099529504776001,0.587031900882721,0.3425565780754838,0.5326761150042695,0.5412673950195312,0.45873260498046875,0.587031900882721,0.45486021041870117
241,11,15,19,0.1271854192018509,0.8728145956993103,19,0,18,0,0.19149063527584076,0.035426344722509384,0.03154492750763893,3.3402995344219804,3.456342479223855,0.799406111240387,0.20059391856193542,0.13107751309871674,0.0030235201120376587
242,24,24,24,0.12970776855945587,0.8702922463417053,24,1,24,1,0.9991195201873779,0.9593079686164856,0.8501410484313965,0.04154312049359497,0.16235300393312813,0.552594006061554,0.44740602374076843,0.8501410484313965,0.7748130857944489
243,26,26,7,0.12996402382850647,0.8700359463691711,7,0,7,0,0.023874441161751747,0.10641693323850632,0.2179022878408432,2.2403905677586873,1.5237085375876314,0.7545529007911682,0.24544714391231537,0.5068166851997375,0.28891439735889435
244,8,26,8,0.15703223645687103,0.8429677486419678,8,1,8,1,0.22805380821228027,0.7104322910308838,0.3882312774658203,0.3418816336203139,0.9461540409987276,0.6964439749717712,0.303555965423584,0.3882312774658203,0.29188933223485947
245,5,19,5,0.14297886192798615,0.857021152973175,5,1,19,0,0.10006053000688553,0.40892907977104187,0.1430651694536209,0.8942135370675033,1.944455022090908,0.7128235101699829,0.28717657923698425,0.19002892076969147,0.02230238914489746
246,3,3,20,0.12850098311901093,0.8714990019798279,20,0,20,0,0.42174550890922546,0.21063652634620667,0.10376565903425217,1.5576212548804653,2.2656202008095607,0.7376251220703125,0.2623748183250427,0.17854046821594238,0.026893064379692078
247,22,25,19,0.13426049053668976,0.8657395243644714,19,0,19,0,0.5454161167144775,0.36990222334861755,0.11943233758211136,0.9945165694869683,2.125005280671515,0.3987523317337036,0.6012476086616516,0.29629188776016235,0.01012536883354187
248,1,1,1,0.1341325342655182,0.8658674955368042,1,1,1,1,0.7757973670959473,0.8285842537879944,0.6096077561378479,0.18803675291308525,0.49493955136740003,0.44449087977409363,0.555509090423584,0.6096077561378479,0.5051984861493111
249,1,7,1,0.1308879852294922,0.8691120147705078,1,1,1,1,0.427824467420578,0.7634794116020203,0.5107385516166687,0.2698691204997121,0.6718974603830646,0.4614437222480774,0.5385563373565674,0.5107385516166687,0.424585223197937
250,5,5,1,0.12268324196338654,0.8773167729377747,1,0,1,0,0.01448703370988369,0.06463856250047684,0.09485295414924622,2.7389441035611806,2.355427437601188,0.3127659261226654,0.687234103679657,0.6323578357696533,0.5375048816204071
251,6,6,6,0.14356426894664764,0.8564357161521912,6,1,6,1,0.9915236830711365,0.821091890335083,0.3626258373260498,0.19712025090235336,1.0143837274745005,0.7016832828521729,0.29831674695014954,0.3626258373260498,0.29152747243642807
252,7,5,7,0.14321579039096832,0.8567842245101929,7,1,7,1,0.361605167388916,0.8777617812156677,0.44896459579467773,0.1303800419608192,0.8008112455856029,0.7245354652404785,0.2754645049571991,0.44896459579467773,0.3203965127468109
253,5,26,5,0.13298237323760986,0.8670176267623901,5,1,5,1,0.2177799940109253,0.4149293005466461,0.37871333956718445,0.8796471333929373,0.9709757200652797,0.8220058083534241,0.17799417674541473,0.37871333956718445,0.18008559942245483
254,9,27,14,0.11884569376707077,0.8811542987823486,14,0,14,0,0.20297008752822876,0.13153524696826935,0.05225975438952446,2.0284804254985103,2.951528718680193,0.8061208724975586,0.19387918710708618,0.4847348630428314,0.37225206941366196
255,12,12,12,0.11721384525299072,0.8827861547470093,12,1,12,1,0.8947219252586365,0.8662015199661255,0.4747374951839447,0.14363769545121605,0.7449932694282259,0.541785717010498,0.45821425318717957,0.4747374951839447,0.3523702397942543
256,3,3,3,0.11331222206354141,0.8866877555847168,3,1,3,1,0.9842491149902344,0.7398654222488403,0.4077168107032776,0.30128697114868014,0.8971824369844764,0.5754880309104919,0.42451202869415283,0.4077168107032776,0.250241756439209
257,10,10,10,0.11470752954483032,0.8852924704551697,10,1,10,1,0.9885584115982056,0.9479736685752869,0.7916731834411621,0.05342855287733427,0.2336066195002334,0.6735817790031433,0.3264181911945343,0.7916731834411621,0.764473071321845
258,12,12,12,0.11329774558544159,0.8867022395133972,12,1,12,1,0.9936068058013916,0.944314181804657,0.6146765947341919,0.057296348500506786,0.48665901171047454,0.7775202989578247,0.2224797010421753,0.6146765947341919,0.5620959848165512
259,3,3,3,0.11225766688585281,0.8877423405647278,3,1,3,1,0.6913676857948303,0.4308857321739197,0.36464670300483704,0.8419123465959015,1.0088263311261936,0.8430821299552917,0.15691788494586945,0.36464670300483704,0.1685539335012436
260,9,9,9,0.11720652133226395,0.8827934861183167,9,1,9,1,0.9171530604362488,0.8551878929138184,0.496439665555954,0.15643407639464418,0.7002933224057708,0.6490964293479919,0.35090357065200806,0.496439665555954,0.3884389102458954
261,6,0,6,0.11527173221111298,0.8847282528877258,6,1,6,1,0.09647369384765625,0.7608922719955444,0.3140484690666199,0.27326349225083646,1.1582079449013991,0.5852310061454773,0.41476893424987793,0.3140484690666199,0.22846774756908417
262,26,26,26,0.0994885042309761,0.9005115032196045,26,1,26,1,0.9999982118606567,0.9971898198127747,0.9165270328521729,0.0028141361566304435,0.08716371639031667,0.5845351815223694,0.4154648184776306,0.9165270328521729,0.896708657965064
263,9,9,9,0.09949837625026703,0.9005016088485718,9,1,9,1,0.6256285309791565,0.8819274306297302,0.523669421672821,0.1256455045579671,0.6468946684164447,0.8130166530609131,0.18698334693908691,0.523669421672821,0.42747116833925247
264,16,9,16,0.09429903328418732,0.9057009816169739,16,1,16,1,0.5396928191184998,0.8950764536857605,0.588077187538147,0.11084614124304644,0.5308970683754571,0.2793998420238495,0.7206000685691833,0.588077187538147,0.4732978045940399
265,26,26,26,0.08944488316774368,0.9105551242828369,26,1,26,1,0.9999997019767761,0.9995611906051636,0.957578182220459,0.0004389056998529853,0.04334790881115028,0.6077792644500732,0.39222079515457153,0.957578182220459,0.9531757738441229
266,7,7,14,0.08943768590688705,0.9105623364448547,14,0,14,0,0.04673266038298607,0.055510323494672775,0.12627916038036346,2.891186266614238,2.0692602641870863,0.5859397053718567,0.4140603542327881,0.22144068777561188,0.06933042407035828
267,2,2,2,0.10696890950202942,0.893031120300293,2,1,2,1,0.9225703477859497,0.8784170150756836,0.46509867906570435,0.12963383788205052,0.7655056828642582,0.669897735118866,0.3301022946834564,0.46509867906570435,0.3537486344575882
268,26,26,26,0.10433114320039749,0.8956688642501831,26,1,26,1,0.8009529113769531,0.4111301898956299,0.35775524377822876,0.8888453509086169,1.0279062029919823,0.623640775680542,0.3763592839241028,0.35775524377822876,0.2986607365310192
269,0,0,0,0.10937908291816711,0.8906208872795105,0,1,0,1,0.9968792200088501,0.9832413196563721,0.8095760345458984,0.016900695925437186,0.21124458248551753,0.5957851409912109,0.40421485900878906,0.8095760345458984,0.7862139064818621
270,21,12,21,0.10857479274272919,0.8914251923561096,21,1,21,1,0.6008281707763672,0.42048272490501404,0.20366977155208588,0.8663518826841063,1.5912553636582625,0.386840283870697,0.6131597757339478,0.20366977155208588,0.0516950786113739
271,10,10,10,0.10697639733552933,0.8930236101150513,10,1,10,1,0.9998075366020203,0.9771988987922668,0.8980951309204102,0.02306506650026433,0.10747927985382318,0.6610926985740662,0.3389073312282562,0.8980951309204102,0.8619379326701164
272,14,14,14,0.10708452016115189,0.8929154872894287,14,1,14,1,0.995107114315033,0.9075107574462891,0.7919718623161316,0.0970498589780838,0.2332294151774452,0.7272210121154785,0.2727789580821991,0.7919718623161316,0.7103875502943993
273,6,3,11,0.10722234100103378,0.892777681350708,11,0,11,0,0.010468573309481144,0.03324328735470772,0.09245766699314117,3.4039024163305465,2.381004393347574,0.7612800598144531,0.23871994018554688,0.3713507354259491,0.10757404565811157
274,24,24,25,0.12612883746623993,0.8738711476325989,25,0,24,1,0.4973032772541046,0.35611721873283386,0.42682310938835144,1.0324953362228277,0.8513856153119499,0.8971734642982483,0.10282652080059052,0.42682310938835144,0.22044309973716736
275,16,0,16,0.13356086611747742,0.8664391040802002,16,1,16,1,0.02829277142882347,0.848124623298645,0.3256123960018158,0.1647276925509267,1.1220475743197957,0.8688241839408875,0.13117577135562897,0.3256123960018158,0.006884962320327759
276,20,20,11,0.11259973794221878,0.8874002695083618,11,0,11,0,0.2166404128074646,0.20564192533493042,0.3434351086616516,1.5816188491906833,1.068757097359043,0.8004685640335083,0.19953148066997528,0.47140052914619446,0.12796542048454285
277,24,24,24,0.12316993623971939,0.8768300414085388,24,1,24,1,0.9859507083892822,0.8585256934165955,0.7620369791984558,0.15253867082617537,0.27176019534115925,0.628820538520813,0.3711795210838318,0.7620369791984558,0.6454894989728928
278,21,21,21,0.12395434081554413,0.8760456442832947,21,1,21,1,0.9999080300331116,0.9905745387077332,0.7781020998954773,0.009470162057847264,0.2508975296153331,0.5711885094642639,0.4288114905357361,0.7781020998954773,0.7323246635496616
279,1,1,1,0.12382890284061432,0.8761711120605469,1,1,1,1,0.8778105974197388,0.9418812394142151,0.7693976759910583,0.05987608516230742,0.26214730921560797,0.5881392955780029,0.41186076402664185,0.7693976759910583,0.6582296937704086
280,24,24,24,0.12076383829116821,0.8792361617088318,24,1,24,1,0.9186242818832397,0.7294139862060547,0.7166218757629395,0.31551382584478777,0.33320694741711143,0.6104822158813477,0.38951775431632996,0.7166218757629395,0.5350023061037064
281,4,4,22,0.12270537763834,0.8772946000099182,22,0,4,1,0.030074940994381905,0.13455915451049805,0.302712619304657,2.0057513661415527,1.1949713746768946,0.6473584175109863,0.35264161229133606,0.302712619304657,0.18309386074543
282,24,24,24,0.14749105274677277,0.8525089621543884,24,1,24,1,0.8440356850624084,0.6565444469451904,0.6683491468429565,0.4207648846442137,0.4029445670778412,0.6602551341056824,0.33974489569664,0.6683491468429565,0.4598042517900467
283,20,20,11,0.15074282884597778,0.8492571711540222,20,1,20,1,0.645395815372467,0.4882395565509796,0.49491575360298157,0.7169490990066336,0.7033677256396667,0.8968059420585632,0.10319404304027557,0.49491575360298157,0.27712078392505646
284,4,11,11,0.15647423267364502,0.843525767326355,11,0,11,0,0.8661569356918335,0.22492222487926483,0.15863709151744843,1.492000603737663,1.8411361287923675,0.7741407752037048,0.22585922479629517,0.4175950586795807,0.25895796716213226
285,1,6,1,0.15534697473049164,0.8446530103683472,1,1,1,1,0.17132410407066345,0.8036849498748779,0.3871096968650818,0.21854793998722755,0.9490471716862369,0.8350502848625183,0.1649496853351593,0.3871096968650818,0.3144695311784744
286,17,17,17,0.1386750489473343,0.8613249659538269,17,1,17,1,0.9931968450546265,0.8308318853378296,0.7868184447288513,0.1853278086388458,0.23975775002613312,0.6266855001449585,0.37331444025039673,0.7868184447288513,0.6806140840053558
287,17,27,17,0.13923946022987366,0.8607605695724487,17,1,17,1,0.3338770270347595,0.8548815250396729,0.6657634973526001,0.15679238685175995,0.40682078058808807,0.35672804713249207,0.6432719230651855,0.6657634973526001,0.5452619642019272
288,8,7,8,0.12895141541957855,0.8710485696792603,8,1,8,1,0.3949952721595764,0.8116108179092407,0.42730844020843506,0.208734342004917,0.8502491841087109,0.777414083480835,0.22258591651916504,0.42730844020843506,0.28296782076358795
289,2,5,2,0.12169649451971054,0.8783035278320312,2,1,2,1,0.3679555058479309,0.8834482431411743,0.4098697304725647,0.12392257055558929,0.891915900325551,0.5116344094276428,0.4883655905723572,0.4098697304725647,0.36292310804128647
290,17,8,27,0.11054747551679611,0.8894525170326233,27,0,27,0,0.22332806885242462,0.33552196621894836,0.22382798790931702,1.0920678516318558,1.4968774332409907,0.5179846882820129,0.4820152819156647,0.2409406453371048,0.01711265742778778
291,1,1,1,0.10238856822252274,0.8976114392280579,1,1,1,1,0.9593461751937866,0.6311396360397339,0.5350660085678101,0.4602281476742734,0.6253651591962989,0.8053109049797058,0.194689080119133,0.5350660085678101,0.4228942394256592
292,14,14,14,0.10466162860393524,0.8953383564949036,14,1,14,1,0.7227166891098022,0.46384987235069275,0.543448805809021,0.768194330078124,0.609819770401023,0.9237640500068665,0.07623599469661713,0.543448805809021,0.3991248607635498
293,15,15,15,0.10385963320732117,0.8961403965950012,15,1,15,1,0.9999994039535522,0.9963244795799255,0.9410212635993958,0.0036822917424347585,0.06078954284080141,0.574975848197937,0.4250241219997406,0.9410212635993958,0.9339183643460274
294,1,1,1,0.10387081652879715,0.8961291909217834,1,1,1,1,0.9998025894165039,0.9463295340538025,0.8037764430046082,0.05516442592242253,0.21843410443231553,0.6993879675865173,0.30061203241348267,0.8037764430046082,0.764440793544054
295,21,21,13,0.10410062223672867,0.8958993554115295,13,0,13,0,0.4741736054420471,0.369066447019577,0.24226057529449463,0.9967785779290608,1.417741374697652,0.48881593346595764,0.51118403673172,0.31203988194465637,0.06977930665016174
296,1,5,1,0.10860636085271835,0.8913936614990234,1,1,1,1,0.39312079548835754,0.8996806144714355,0.7009906768798828,0.10571545144959872,0.35526069177938047,0.35026323795318604,0.6497367024421692,0.7009906768798828,0.6184420213103294
297,21,21,21,0.10036664456129074,0.8996333479881287,21,1,21,1,0.9999974966049194,0.9987016916275024,0.9013267755508423,0.0012991519050018629,0.10388740616011453,0.626625657081604,0.3733743727207184,0.9013267755508423,0.888758915476501
298,4,6,4,0.10034168511629105,0.8996583223342896,4,1,4,1,0.5058427453041077,0.9004727602005005,0.7793004512786865,0.10483536446218943,0.24935861905068177,0.8417125940322876,0.15828736126422882,0.7793004512786865,0.7458704002201557
299,27,27,14,0.09388852119445801,0.906111478805542,27,1,14,0,0.5228847861289978,0.33646127581596375,0.2374834567308426,1.0892722158182555,1.4376573138036604,0.7865097522735596,0.21349027752876282,0.3434520661830902,0.10596860945224762
300,13,13,4,0.09847380220890045,0.9015262126922607,4,0,4,0,0.35541054606437683,0.20781326293945312,0.08840091526508331,1.571115376851109,2.425872955714725,0.8675038814544678,0.13249610364437103,0.3234001398086548,0.17405462265014648
301,16,16,16,0.10682716965675354,0.8931728601455688,16,1,16,1,0.9993407726287842,0.9484118223190308,0.7654407620429993,0.052966459327637404,0.26730345153844637,0.6071712970733643,0.39282873272895813,0.7654407620429993,0.7097198590636253
302,1,1,1,0.10700305551290512,0.8929969668388367,1,1,1,1,0.6773576140403748,0.47192978858947754,0.46505674719810486,0.7509250574497998,0.765595843855516,0.8893420100212097,0.11065804958343506,0.46505674719810486,0.22264261543750763
303,8,8,18,0.10581540316343307,0.8941845893859863,18,0,18,0,0.07066288590431213,0.06167597323656082,0.07754435390233994,2.7858608366091646,2.556905197911551,0.7431495189666748,0.2568504810333252,0.18352201581001282,0.031151965260505676
304,11,11,11,0.12296976894140244,0.8770302534103394,11,1,11,1,0.7465498447418213,0.5136846303939819,0.43773698806762695,0.6661457613764397,0.8261370328321985,0.6833610534667969,0.3166390061378479,0.43773698806762695,0.24461758136749268
305,7,7,7,0.12730874121189117,0.87269127368927,7,1,7,1,0.9395211935043335,0.7335883975028992,0.5274643301963806,0.3098071740006963,0.6396740363990783,0.6978352069854736,0.302164763212204,0.5274643301963806,0.3918115347623825
306,24,24,24,0.129196897149086,0.8708031177520752,24,1,24,1,0.9987572431564331,0.9101194739341736,0.7807148694992065,0.09417939805147064,0.24754527966964437,0.5756153464317322,0.4243846833705902,0.7807148694992065,0.7385391741991043
307,27,14,14,0.12978845834732056,0.8702115416526794,14,0,14,0,0.9708755016326904,0.060479361563920975,0.10419529676437378,2.8054531033186763,2.2614882872998523,0.7260576486587524,0.27394232153892517,0.6931115984916687,0.5889163017272949
308,9,17,27,0.13777360320091248,0.8622263669967651,27,0,27,0,0.35856109857559204,0.037496402859687805,0.03926865756511688,3.283510274348407,3.23732859572018,0.8885201811790466,0.11147978156805038,0.42872822284698486,0.1580296754837036
309,4,4,4,0.14132201671600342,0.8586779832839966,4,1,4,1,0.9556710720062256,0.6727867722511292,0.6810297966003418,0.396326831261131,0.3841492196042872,0.4487525224685669,0.5512475371360779,0.6810297966003418,0.6178293377161026
310,0,0,0,0.14066874980926514,0.8593312501907349,0,1,0,1,0.9999997019767761,0.9992936849594116,0.9288325309753418,0.0007065645985746183,0.07382682447522029,0.7000976204872131,0.29990240931510925,0.9288325309753418,0.9216200686059892
311,16,16,16,0.14065399765968323,0.8593460321426392,16,1,16,1,0.5893375873565674,0.39585161209106445,0.1964031457901001,0.9267158548933494,1.6275858659288445,0.8663135170936584,0.13368648290634155,0.1964031457901001,0.019690290093421936
312,0,0,0,0.13935324549674988,0.8606467843055725,0,1,0,1,0.9924368262290955,0.9827706217765808,0.8255671858787537,0.017379531154120262,0.1916846308311168,0.5890012383460999,0.41099876165390015,0.8255671858787537,0.7583196610212326
313,3,6,6,0.13857007026672363,0.8614299297332764,6,0,6,0,0.7688639163970947,0.23456506431102753,0.11422892659902573,1.4500222698321223,2.169550716119916,0.7445425987243652,0.25545743107795715,0.265617311000824,0.15138838440179825
314,12,5,12,0.12733608484268188,0.8726639151573181,12,1,12,1,0.15732617676258087,0.7148251533508301,0.2737024128437042,0.33571730696116825,1.295713847323268,0.8228958249092102,0.17710424959659576,0.2737024128437042,0.10541461408138275
315,12,6,12,0.11485670506954193,0.8851432800292969,12,1,12,1,0.019868111237883568,0.8613482117652893,0.33239659667015076,0.14925642917563217,1.1014264547110488,0.9267556071281433,0.07324443757534027,0.33239659667015076,0.16522683203220367
316,21,21,6,0.09448545426130295,0.9055145382881165,6,0,6,0,0.0624924898147583,0.13900163769721985,0.19921880960464478,1.973269563926465,1.613351512563339,0.6004789471626282,0.3995210528373718,0.4190867841243744,0.21986797451972961
317,14,26,17,0.10802361369132996,0.8919763565063477,17,0,26,0,0.16262421011924744,0.08035514503717422,0.04872402176260948,2.5212991560275433,3.0215831104938085,0.849128007888794,0.15087194740772247,0.15858733654022217,0.017967745661735535
318,3,3,3,0.08647175878286362,0.9135282635688782,3,1,3,1,0.726096510887146,0.42046457529067993,0.28231728076934814,0.866395047373101,1.2647237313937687,0.7945244312286377,0.2054755538702011,0.28231728076934814,0.003182023763656616
319,1,1,1,0.0903184711933136,0.9096815586090088,1,1,1,1,0.9803053140640259,0.917544960975647,0.8416122198104858,0.08605369646588704,0.17243591736730798,0.6495206356048584,0.3504793643951416,0.8416122198104858,0.8140102457255125
320,1,1,1,0.08962443470954895,0.9103755354881287,1,1,1,1,0.7700545787811279,0.7432916164398193,0.556639552116394,0.2966668261523549,0.5858373721987016,0.5450818538665771,0.45491814613342285,0.556639552116394,0.5060460083186626
321,15,15,15,0.08551681786775589,0.9144831895828247,15,1,15,1,0.7943978309631348,0.5117369294166565,0.5231873393058777,0.6699445957211757,0.6478156777063311,0.7688687443733215,0.23113124072551727,0.5231873393058777,0.4014802426099777
322,9,27,9,0.08854784816503525,0.9114521741867065,9,1,9,1,0.8197943568229675,0.7199482917785645,0.47925350069999695,0.32857588652521447,0.7355255925447264,0.6984815001487732,0.3015184998512268,0.47925350069999695,0.15477964282035828
323,3,3,1,0.08628185093402863,0.9137181639671326,1,0,14,0,0.02710038237273693,0.0685134008526802,0.07480774819850922,2.680725919961733,2.59283381382475,0.6567351222038269,0.3432648479938507,0.18007665872573853,0.04530428349971771
324,14,27,9,0.10665907710790634,0.8933409452438354,9,0,14,1,0.05945884436368942,0.21260866522789001,0.32645028829574585,1.548302055542283,1.1194775982261418,0.8925178050994873,0.10748220980167389,0.32645028829574585,0.11527347564697266
325,13,13,11,0.09050165861845016,0.9094983339309692,11,0,11,0,0.2287440299987793,0.2424575388431549,0.2148529291152954,1.416928681489966,1.5378015355503867,0.9030243754386902,0.09697560966014862,0.22139647603034973,0.006543546915054321
326,0,0,0,0.0979716032743454,0.9020283818244934,0,1,0,1,0.9997904300689697,0.9966574311256409,0.9022598266601562,0.003348167737571126,0.10285274423547167,0.5312642455101013,0.46873581409454346,0.9022598266601562,0.8836955539882183
327,8,8,8,0.09782255440950394,0.9021774530410767,8,1,8,1,0.9999958872795105,0.9896641373634338,0.8604646325111389,0.01038964860201229,0.15028276526628054,0.6891093850135803,0.3108905553817749,0.8604646325111389,0.8193978145718575
328,8,8,8,0.09784623235464096,0.9021537899971008,8,1,8,1,0.9936658143997192,0.887252926826477,0.6463642716407776,0.11962518869909321,0.43639204613580623,0.5077592134475708,0.4922407269477844,0.6463642716407776,0.5147204548120499
329,12,12,12,0.09771272540092468,0.9022872447967529,12,1,12,1,0.9992724657058716,0.9681833982467651,0.7378414273262024,0.03233374865230413,0.3040263455908036,0.5527738928794861,0.44722607731819153,0.7378414273262024,0.6994418799877167
330,2,2,2,0.0975021943449974,0.9024978280067444,2,1,2,1,0.9982056021690369,0.9475814700126648,0.6695814728736877,0.053842361539751575,0.4011024291357694,0.6598156094551086,0.34018439054489136,0.6695814728736877,0.6268268153071404
331,26,26,27,0.09696958214044571,0.9030303955078125,27,0,26,1,0.06701488047838211,0.12223706394433975,0.16629602015018463,2.1017929726323255,1.7939858248183633,0.7857078313827515,0.21429219841957092,0.16629602015018463,0.01596778631210327
332,8,8,8,0.11374157667160034,0.8862584233283997,8,1,8,1,0.9034466743469238,0.6082638502120972,0.41076916456222534,0.49714652698655143,0.8897238656675494,0.46926116943359375,0.5307387709617615,0.41076916456222534,0.21297378838062286
333,19,19,2,0.11628983169794083,0.8837101459503174,2,0,19,1,0.3211141526699066,0.280061274766922,0.3171622157096863,1.272746861301236,1.1483419145079845,0.269756942987442,0.7302429676055908,0.3171622157096863,0.017488151788711548
334,23,23,23,0.12476003170013428,0.8752399682998657,23,1,23,1,0.918705403804779,0.716128945350647,0.35416269302368164,0.33389503696412454,1.037998886612456,0.5073186755180359,0.4926813542842865,0.35416269302368164,0.28537722676992416
335,13,13,11,0.12441886216402054,0.8755811452865601,11,0,6,0,0.3094851076602936,0.22407494485378265,0.1412685662508011,1.4957747078448107,1.9570924751098455,0.8549067378044128,0.14509327709674835,0.17064903676509857,0.029380470514297485
336,8,8,8,0.13552938401699066,0.8644706010818481,8,1,8,1,0.861012876033783,0.7840304374694824,0.5551078915596008,0.24330743608242286,0.5885927849222918,0.8167613744735718,0.183238685131073,0.5551078915596008,0.5059136599302292
337,9,27,27,0.1322896033525467,0.8677104115486145,27,0,27,0,0.9611522555351257,0.19092413783073425,0.16927798092365265,1.6558791139662983,1.7762130578192243,0.5963568687438965,0.4036431312561035,0.5669115781784058,0.3976335972547531
338,8,9,8,0.11567910015583038,0.8843209147453308,8,1,8,1,0.03621388599276543,0.8837266564369202,0.5725476145744324,0.12360747633586511,0.5576593774498113,0.4096069633960724,0.59039306640625,0.5725476145744324,0.41693921387195587
339,26,26,26,0.09769181162118912,0.9023081660270691,26,1,26,1,0.9661843180656433,0.7362642884254456,0.6734289526939392,0.3061661371751869,0.39537277838591806,0.6021544933319092,0.3978455066680908,0.6734289526939392,0.6126265972852707
340,0,0,0,0.09921395033597946,0.9007860422134399,0,1,0,1,0.9981675744056702,0.9928891062736511,0.9042688012123108,0.007136296627662912,0.10062861631486683,0.5204786658287048,0.47952136397361755,0.9042688012123108,0.8795353472232819
341,16,16,16,0.09890051931142807,0.9010995030403137,16,1,16,1,0.9981565475463867,0.9165310859680176,0.7471610903739929,0.087159294145541,0.2914744673340064,0.5856712460517883,0.4143286943435669,0.7471610903739929,0.6891674697399139
342,6,18,6,0.09926155209541321,0.9007384777069092,6,1,6,1,0.20203186571598053,0.7615771889686584,0.3178409934043884,0.2723637474127549,1.1462040419949353,0.3003723919391632,0.6996276378631592,0.3178409934043884,0.16730114817619324
343,13,13,20,0.09056607633829117,0.909433901309967,20,0,20,0,0.8545002937316895,0.2855641543865204,0.14602525532245636,1.2532885662448472,1.923975690572743,0.8239888548851013,0.1760111004114151,0.218398779630661,0.07237352430820465
344,11,11,11,0.09165842086076736,0.9083415865898132,11,1,11,1,0.9478208422660828,0.6737753748893738,0.5900114178657532,0.39485849529466444,0.5276133899547897,0.687720000743866,0.31227996945381165,0.5900114178657532,0.43500541150569916
345,26,26,26,0.0932115688920021,0.9067884087562561,26,1,26,1,0.9999998807907104,0.9992388486862183,0.9668262600898743,0.0007614411365182773,0.03373646865793505,0.6460956931114197,0.35390427708625793,0.9668262600898743,0.9634935618378222
346,22,22,2,0.09321166574954987,0.9067883491516113,22,1,2,0,0.3851150572299957,0.16378414630889893,0.05623467266559601,1.8092058991282793,2.8782217609736076,0.4408995509147644,0.5591004490852356,0.08750329911708832,0.011661745607852936
347,8,12,8,0.10279768705368042,0.8972023129463196,8,1,8,1,0.20841410756111145,0.8540889620780945,0.5285765528678894,0.15771991956736153,0.6375676348372011,0.6394951343536377,0.3605049252510071,0.5285765528678894,0.4177281856536865
348,26,26,26,0.09271087497472763,0.9072891473770142,26,1,26,1,0.9999663829803467,0.9950760006904602,0.9083212018013,0.004936162137069208,0.0961572164571745,0.5035495162010193,0.4964504837989807,0.9083212018013,0.8919559922069311
349,19,5,19,0.0926310196518898,0.9073689579963684,19,1,19,1,0.2849159836769104,0.5610948204994202,0.31957510113716125,0.5778653672437206,1.1407629744541559,0.5374316573143005,0.4625684320926666,0.31957510113716125,0.16412551701068878
350,6,6,21,0.07891332358121872,0.9210866689682007,21,0,21,0,0.2544460594654083,0.0411687009036541,0.07127691060304642,3.190076998139417,2.6411828384669653,0.5574997067451477,0.4425003230571747,0.5664956569671631,0.48700421303510666
351,4,4,4,0.09462910890579224,0.9053708910942078,4,1,4,1,0.9982067346572876,0.9833275079727173,0.9368529915809631,0.0168130424294705,0.06522890170904455,0.536389946937561,0.46361005306243896,0.9368529915809631,0.9286082610487938
352,3,3,6,0.09403267502784729,0.9059672951698303,6,0,3,1,0.5381993651390076,0.4153320789337158,0.42162564396858215,0.8786768885312074,0.8636374582523467,0.588736891746521,0.4112631678581238,0.42162564396858215,0.08274886012077332
353,4,4,13,0.0984388142824173,0.9015612006187439,13,0,4,1,0.21567119657993317,0.21011307835578918,0.40584275126457214,1.5601094248258338,0.9017895065613565,0.17029081284999847,0.8297091722488403,0.40584275126457214,0.11835157871246338
354,16,0,16,0.1073274165391922,0.892672598361969,16,1,16,1,0.11928117275238037,0.7674593329429626,0.25234901905059814,0.2646697873181474,1.376942153460809,0.9169360995292664,0.08306388556957245,0.25234901905059814,0.06583236157894135
355,9,14,16,0.0947146937251091,0.9052852988243103,16,0,14,0,0.03399988263845444,0.13625794649124146,0.10981747508049011,1.9932055242679991,2.2089356088317937,0.9192345142364502,0.08076544851064682,0.205365389585495,0.056605011224746704
356,21,21,21,0.09023530036211014,0.9097647070884705,21,1,21,1,0.9245727062225342,0.958573043346405,0.7162471413612366,0.04230951350908286,0.33373000207984466,0.6224595904350281,0.37754034996032715,0.7162471413612366,0.6756817847490311
357,26,26,26,0.08808045834302902,0.9119195342063904,26,1,26,1,0.9940948486328125,0.8742772936820984,0.7493053078651428,0.1343576839868255,0.28860875787192397,0.5460094809532166,0.45399048924446106,0.7493053078651428,0.6769184172153473
358,27,9,27,0.0886756032705307,0.9113243818283081,27,1,27,1,0.7526567578315735,0.8663696646690369,0.5291349291801453,0.14344359698654063,0.6365118150345348,0.44047608971595764,0.55952388048172,0.5291349291801453,0.2981557250022888
359,12,14,12,0.08608260750770569,0.9139174222946167,12,1,12,1,0.024168189615011215,0.8515902161598206,0.5603310465812683,0.16064983480309217,0.5792275153065887,0.7301824688911438,0.2698175013065338,0.5603310465812683,0.48955781757831573
360,9,14,9,0.06857234984636307,0.9314276576042175,9,1,9,1,0.07478565722703934,0.8164724707603455,0.3103006184101105,0.20276208329391365,1.1702137145871185,0.9508106708526611,0.04918936640024185,0.3103006184101105,0.024518698453903198
361,27,14,27,0.054440099745988846,0.9455599188804626,27,1,27,1,0.072707399725914,0.906684398651123,0.4837917387485504,0.09796085121564846,0.7261007567094429,0.752220630645752,0.24777936935424805,0.4837917387485504,0.3724250867962837
362,10,10,10,0.04634558781981468,0.953654408454895,10,1,10,1,0.9999985098838806,0.9983334541320801,0.9668871760368347,0.0016679361002902389,0.033673464547974874,0.6185161471366882,0.38148388266563416,0.9668871760368347,0.9578398950397968
363,24,24,24,0.04634319245815277,0.953656792640686,24,1,24,1,0.9950757622718811,0.9039838314056396,0.8675619959831238,0.10094380436314052,0.14206830460440298,0.5338225960731506,0.4661773443222046,0.8675619959831238,0.8005836829543114
364,14,27,14,0.04657040536403656,0.9534295797348022,14,1,14,1,0.7221803069114685,0.8178998231887817,0.5445214509963989,0.2010154154182931,0.6078479416157871,0.43253621459007263,0.567463755607605,0.5445214509963989,0.47185877710580826
365,6,6,6,0.045023154467344284,0.9549768567085266,6,1,6,1,0.7688639163970947,0.39391446113586426,0.2750605046749115,0.9316214969707071,1.290764188516078,0.7851656079292297,0.21483440697193146,0.2750605046749115,0.05435816943645477
366,15,15,15,0.04692338407039642,0.9530766010284424,15,1,15,1,0.9997214674949646,0.9580382704734802,0.8621488809585571,0.04286755350701726,0.1483273075029037,0.704944372177124,0.295055627822876,0.8621488809585571,0.8387370593845844
367,24,24,25,0.04702330753207207,0.9529767036437988,25,0,24,1,0.349698930978775,0.24228443205356598,0.4694380462169647,1.41764290393135,0.7562189459802746,0.7956198453903198,0.20438013970851898,0.4694380462169647,0.2282145470380783
368,4,15,4,0.05069560930132866,0.9493044018745422,4,1,4,1,0.3150894343852997,0.4139530062675476,0.43734657764434814,0.8820028230307771,0.8270293143570236,0.6749610900878906,0.32503896951675415,0.43734657764434814,0.2668980211019516
369,0,0,0,0.04960813373327255,0.9503918886184692,0,1,0,1,0.9999504089355469,0.998245358467102,0.9103124141693115,0.00175618271943623,0.09396742611544684,0.43839332461357117,0.5616066455841064,0.9103124141693115,0.900313944555819
370,17,17,27,0.04952682927250862,0.9504731893539429,27,0,17,1,0.3934432566165924,0.20034664869308472,0.36471137404441833,1.6077061693017538,1.008648994254811,0.740869402885437,0.2591306269168854,0.36471137404441833,0.05484497547149658
371,15,15,15,0.05197582021355629,0.9480241537094116,15,1,15,1,0.9999983906745911,0.9965808987617493,0.9514633417129517,0.0034249597225351463,0.04975411982683716,0.6068837642669678,0.39311620593070984,0.9514633417129517,0.9464753391221166
372,5,5,5,0.05198412016034126,0.9480158686637878,5,1,5,1,0.7974652051925659,0.5772145986557007,0.4332944452762604,0.5495411602059698,0.8363377698978116,0.4022790193557739,0.5977209210395813,0.4332944452762604,0.08755791187286377
373,10,10,24,0.053416017442941666,0.9465839862823486,24,0,24,0,0.06544634699821472,0.09378828853368759,0.15150053799152374,2.366715286482698,1.8871661029398517,0.7154483199119568,0.2845516800880432,0.26797017455101013,0.11646963655948639
374,9,27,27,0.06196720525622368,0.9380328059196472,27,0,27,0,0.9290046691894531,0.43369531631469727,0.3861547112464905,0.8354130275657492,0.9515171834806521,0.662382185459137,0.3376178443431854,0.4178372621536255,0.03168255090713501
375,22,22,19,0.059959132224321365,0.9400408864021301,19,0,19,0,0.4660016894340515,0.13012097775936127,0.09873662143945694,2.03929066311563,2.3152993634731343,0.5418365597724915,0.45816344022750854,0.3260897099971771,0.20530415326356888
376,12,8,12,0.06510565429925919,0.934894323348999,12,1,12,1,0.13656024634838104,0.8738735914230347,0.5286641120910645,0.13481954602594326,0.6374019975773467,0.6742913126945496,0.32570868730545044,0.5286641120910645,0.45051591843366623
377,8,8,8,0.05666390806436539,0.9433360695838928,8,1,8,1,0.6883872747421265,0.9565438628196716,0.7123307585716248,0.044428633526837354,0.33921292688378313,0.48832088708877563,0.5116790533065796,0.7123307585716248,0.6717030927538872
378,19,19,22,0.05305156111717224,0.9469484686851501,22,0,19,1,0.454814076423645,0.2671920657157898,0.32070982456207275,1.3197875319379606,1.137218538009285,0.6168702840805054,0.38312968611717224,0.32070982456207275,0.12424878776073456
379,16,16,16,0.05681945011019707,0.9431805610656738,16,1,16,1,0.9960868954658508,0.9643955826759338,0.8159597516059875,0.03625371307141173,0.2033902492467693,0.42946457862854004,0.5705354809761047,0.8159597516059875,0.7737675905227661
380,21,21,21,0.056410569697618484,0.943589448928833,21,1,21,1,1.0,0.99964439868927,0.9607987403869629,0.00035566455186894253,0.03999031922163261,0.542173445224762,0.45782655477523804,0.9607987403869629,0.953490000218153
381,0,0,0,0.05641140788793564,0.9435886144638062,0,1,0,1,0.996964156627655,0.990469217300415,0.8467867374420166,0.00957649126647572,0.1663064018161877,0.6784778237342834,0.32152223587036133,0.8467867374420166,0.8174241539090872
382,12,1,12,0.05605537071824074,0.9439446330070496,12,1,8,0,0.013969536870718002,0.7517389059066772,0.2607336640357971,0.28536621491221514,1.3442558369744964,0.860368549823761,0.1396314799785614,0.2925640940666199,0.031830430030822754
383,12,12,12,0.04262673482298851,0.9573732614517212,12,1,12,1,0.981370210647583,0.9547299742698669,0.7531799077987671,0.046326727938207454,0.28345115833990614,0.585946798324585,0.41405317187309265,0.7531799077987671,0.7076475583016872
384,6,6,6,0.04204102233052254,0.957958996295929,6,1,6,1,0.7172845005989075,0.42360225319862366,0.2465519905090332,0.8589603461032541,1.400182392894853,0.522487223148346,0.4775127172470093,0.2465519905090332,0.15767470002174377
385,12,12,12,0.04228615388274193,0.9577138423919678,12,1,12,1,0.9355639219284058,0.6222905516624451,0.5186734199523926,0.4743481704525737,0.6564808425229108,0.6138896346092224,0.3861103951931,0.5186734199523926,0.3985377103090286
386,17,17,16,0.04213239997625351,0.9578676223754883,16,0,16,0,0.001605380792170763,0.04258822649717331,0.17503800988197327,3.156177437210743,1.74275212931742,0.9656713008880615,0.034328654408454895,0.21181003749370575,0.03677202761173248
387,0,0,0,0.05830090120434761,0.9416990876197815,0,1,0,1,0.9999606013298035,0.9890096187591553,0.8862812519073486,0.01105122166439886,0.12072093867448269,0.5736405849456787,0.42635947465896606,0.8862812519073486,0.8537571392953396
388,21,21,21,0.05831309035420418,0.9416869282722473,21,1,21,1,1.0,0.9992495179176331,0.9400264620780945,0.0007507638350206187,0.06184725296741455,0.4692496657371521,0.5307503342628479,0.9400264620780945,0.9263819437474012
389,19,19,19,0.05831295996904373,0.9416870474815369,19,1,19,1,0.9611225724220276,0.7892785668373108,0.6686450242996216,0.23663595728323636,0.4025019661033848,0.629242479801178,0.370757520198822,0.6686450242996216,0.6252368167042732
390,21,21,21,0.057761937379837036,0.9422380328178406,21,1,21,1,0.9408620595932007,0.691543698310852,0.44484567642211914,0.36882893636584846,0.8100278515200711,0.693528950214386,0.3064710199832916,0.44484567642211914,0.2344323992729187
391,9,14,9,0.05860433354973793,0.94139564037323,9,1,9,1,0.1550258845090866,0.7276318669319153,0.38586166501045227,0.3179600359746562,0.9522763545529901,0.939461350440979,0.060538724064826965,0.38586166501045227,0.13630877435207367
392,16,16,16,0.04928773269057274,0.950712263584137,16,1,16,1,0.927710235118866,0.6086358428001404,0.553802490234375,0.49653514939846205,0.5909471716241557,0.7383495569229126,0.261650413274765,0.553802490234375,0.43902313709259033
393,2,25,2,0.05053320899605751,0.9494667649269104,2,1,2,1,0.04043443500995636,0.5789504647254944,0.24273468554019928,0.5465383582201537,1.4157862611738152,0.2132045477628708,0.7867954969406128,0.24273468554019928,0.07019001245498657
394,19,19,19,0.03850101679563522,0.9614989757537842,19,1,19,1,0.6976838707923889,0.3514200747013092,0.3568390905857086,1.0457729770825281,1.0304703254609637,0.6664426326751709,0.3335573673248291,0.3568390905857086,0.2543313503265381
395,3,3,3,0.04061572253704071,0.9593842625617981,3,1,3,1,0.9028155207633972,0.3786561191082001,0.3207797408103943,0.9711268232248744,1.1370005570712542,0.7926667332649231,0.2073332667350769,0.3207797408103943,0.15000177919864655
396,24,24,10,0.04124356433749199,0.9587564468383789,10,0,24,1,0.5302127599716187,0.3348708748817444,0.47546446323394775,1.094010269575485,0.7434631353648282,0.7141944169998169,0.2858055830001831,0.47546446323394775,0.29913514852523804
397,21,21,21,0.043647125363349915,0.9563528895378113,21,1,21,1,0.9998443126678467,0.9655666947364807,0.7193023562431335,0.03504010157444851,0.32947348636953233,0.5490824580192566,0.450917512178421,0.7193023562431335,0.6591402068734169
398,20,20,15,0.04371185600757599,0.9562881588935852,15,0,15,0,0.1888854056596756,0.15137779712677002,0.25058799982070923,1.8879765991506479,1.3839451234579943,0.8650432229042053,0.1349567472934723,0.41497334837913513,0.1643853485584259
399,8,8,8,0.04831980541348457,0.9516801834106445,8,1,8,1,0.9999822378158569,0.9982272386550903,0.9400216937065125,0.0017743345458508125,0.06185232557320645,0.6255647540092468,0.37443530559539795,0.9400216937065125,0.9301213668659329
400,9,5,9,0.048282720148563385,0.9517172574996948,9,1,9,1,0.5285237431526184,0.8575944900512695,0.6721550822257996,0.15362391353317278,0.3972661879622057,0.6591721773147583,0.3408277928829193,0.6721550822257996,0.5781021565198898
401,22,22,25,0.04580416902899742,0.9541958570480347,25,0,25,0,0.3170897662639618,0.23308050632476807,0.132179394364357,1.4563713643878105,2.0235952308510914,0.9015716910362244,0.09842833131551743,0.3557276129722595,0.22354821860790253
402,7,8,8,0.049440376460552216,0.9505596160888672,8,0,8,0,0.7864857316017151,0.05054337903857231,0.08210070431232452,2.9849233205595187,2.499808683847707,0.6520148515701294,0.347985178232193,0.7446317076683044,0.6625310033559799
403,3,3,13,0.05607960373163223,0.943920373916626,13,0,3,1,0.24754168093204498,0.17758703231811523,0.29285740852355957,1.7282944673167104,1.2280694487517898,0.7376740574836731,0.2623259425163269,0.29285740852355957,0.10048350691795349
404,15,15,15,0.0617215558886528,0.9382784366607666,15,1,15,1,0.9877380728721619,0.774664044380188,0.6061770915985107,0.25532583473556664,0.5005831052432188,0.680940568447113,0.3190594017505646,0.6061770915985107,0.49265802651643753
405,6,6,11,0.06252136081457138,0.9374786615371704,11,0,13,0,0.11396851390600204,0.10238419473171234,0.2142036259174347,2.2790229266127797,1.5408281933926447,0.8981003761291504,0.10189954936504364,0.2466862052679062,0.0324825793504715
406,13,3,13,0.0702221468091011,0.9297778606414795,13,1,13,1,0.031368330121040344,0.7816445231437683,0.41029003262519836,0.24635521577185224,0.8908909727240327,0.4470839202404022,0.5529160499572754,0.41029003262519836,0.2689591348171234
407,3,3,3,0.05634677782654762,0.9436532258987427,3,1,3,1,0.9492346048355103,0.7139865756034851,0.6315798163414001,0.33689111849509756,0.4595309535055031,0.5606803894042969,0.4393196702003479,0.6315798163414001,0.453219473361969
408,21,21,22,0.057243119925260544,0.9427568912506104,22,0,21,1,0.06200810521841049,0.08831959217786789,0.15834945440292358,2.4267933140153275,1.8429509515170106,0.9092491269111633,0.09075089544057846,0.15834945440292358,0.008211657404899597
409,27,7,27,0.06713064759969711,0.9328693747520447,27,1,27,1,0.04415357485413551,0.9169910550117493,0.5159764289855957,0.08665756139511441,0.6616941948044226,0.5905055403709412,0.40949442982673645,0.5159764289855957,0.32920263707637787
410,1,5,1,0.0568726472556591,0.9431273341178894,1,1,1,1,0.5827116370201111,0.9604957103729248,0.7975419759750366,0.040305762818974994,0.22622081125682497,0.31460124254226685,0.6853986978530884,0.7975419759750366,0.686898298561573
411,0,0,0,0.05455422028899193,0.9454457759857178,0,1,0,1,0.9999881386756897,0.9972478747367859,0.9280565977096558,0.002755919322696467,0.07466255914441752,0.6002811193466187,0.39971885085105896,0.9280565977096558,0.9145521344617009
412,21,21,21,0.05453728511929512,0.945462703704834,21,1,21,1,0.8933495879173279,0.5533784031867981,0.4140250086784363,0.5917132380742484,0.881828899545442,0.6247143745422363,0.37528571486473083,0.4140250086784363,0.2045246809720993
413,9,9,9,0.05526241287589073,0.9447376132011414,9,1,9,1,0.7399948239326477,0.9534964561462402,0.7815701365470886,0.04761957062791968,0.24645038708600886,0.7064912915229797,0.2935086190700531,0.7815701365470886,0.6999152973294258
414,25,25,18,0.0531037263572216,0.9468962550163269,18,0,19,0,0.2613983750343323,0.022010860964655876,0.07340133190155029,3.8162192672321744,2.6118131977286123,0.7123998999595642,0.2876000702381134,0.24893246591091156,0.12337273359298706
415,1,2,10,0.06207495555281639,0.9379250407218933,10,0,10,0,0.019817987456917763,0.005837290082126856,0.012107503600418568,5.143488616868934,4.4139298863160015,0.5127846002578735,0.48721539974212646,0.3511267900466919,0.26447390019893646
416,9,8,5,0.07620830833911896,0.9237917065620422,5,0,5,0,0.10277168452739716,0.01726491190493107,0.0748583972454071,4.05907905067674,2.592156986761674,0.7167513370513916,0.2832486927509308,0.29443514347076416,0.055145710706710815
417,9,7,14,0.08767039328813553,0.9123296141624451,14,0,14,0,0.04295851290225983,0.05079412832856178,0.07178404182195663,2.9799745151614854,2.634093086378216,0.5760698914527893,0.42393001914024353,0.4851606488227844,0.3319157660007477
418,16,12,21,0.08042913675308228,0.9195708632469177,21,0,21,0,0.2529628574848175,0.041823990643024445,0.05028397962450981,3.174285165262987,2.9900687491378557,0.4141016900539398,0.5858983397483826,0.15782491862773895,0.07804174721240997
419,10,10,24,0.08676974475383759,0.9132302403450012,24,0,10,1,0.21590816974639893,0.2455844283103943,0.3971424996852875,1.4041144873641567,0.9234601214261898,0.7789814472198486,0.22101855278015137,0.3971424996852875,0.08604598045349121
420,13,13,13,0.09395366162061691,0.9060463309288025,13,1,13,1,0.991126298904419,0.8495793342590332,0.5040254592895508,0.16301395287335682,0.6851284977231866,0.72161865234375,0.2783814072608948,0.5040254592895508,0.39641014486551285
421,16,16,25,0.0936003029346466,0.9063997268676758,25,0,16,1,0.3816055953502655,0.23712271451950073,0.2699989378452301,1.439177489067553,1.3093372538980552,0.6822682619094849,0.31773170828819275,0.2699989378452301,0.1381072700023651
422,11,11,11,0.1016950011253357,0.8983049988746643,11,1,11,1,0.964033842086792,0.4897025525569916,0.4940084218978882,0.7139571077961463,0.7052027135632446,0.5942038297653198,0.40579622983932495,0.4940084218978882,0.2751091867685318
423,10,10,24,0.10243254154920578,0.8975674510002136,24,0,10,1,0.14105527102947235,0.20086339116096497,0.39145538210868835,1.6051302479524292,0.9378837365627165,0.8595653176307678,0.14043468236923218,0.39145538210868835,0.15392626821994781
424,0,26,0,0.11300929635763168,0.8869907259941101,0,1,0,1,0.21768897771835327,0.8981590270996094,0.5357823967933655,0.10740813604720663,0.6240271764737363,0.7323023080825806,0.26769766211509705,0.5357823967933655,0.4370735213160515
425,4,4,4,0.101948082447052,0.898051917552948,4,1,4,1,0.9856913089752197,0.7213941216468811,0.7608479261398315,0.3265696590808562,0.27332177533461094,0.5540769696235657,0.4459230899810791,0.7608479261398315,0.7254593335092068
426,14,14,14,0.10345828533172607,0.8965417146682739,14,1,14,1,0.808104395866394,0.8606588840484619,0.655354380607605,0.1500570388308692,0.4225791505601863,0.5548281073570251,0.4451718330383301,0.655354380607605,0.5107182264328003
427,13,13,13,0.10090413689613342,0.899095892906189,13,1,13,1,0.7196876406669617,0.5001629590988159,0.42444342374801636,0.6928213154621121,0.8569765595027875,0.8147635459899902,0.18523651361465454,0.42444342374801636,0.2953045964241028
428,4,4,4,0.10445937514305115,0.8955405950546265,4,1,4,1,0.9138815402984619,0.5810307860374451,0.7303786277770996,0.5429515355177846,0.314192211113745,0.548477053642273,0.45152297616004944,0.7303786277770996,0.6551321372389793
429,17,14,14,0.10696528106927872,0.8930346965789795,14,0,14,0,0.9322764277458191,0.009774535894393921,0.06026213988661766,4.627974653072244,2.809051235014069,0.5327300429344177,0.46726998686790466,0.6633325815200806,0.5382417589426041
430,16,16,16,0.12289465963840485,0.8771053552627563,16,1,16,1,0.999988317489624,0.9839358329772949,0.8739415407180786,0.016194594445101403,0.1347417926138934,0.5084269046783447,0.4915730953216553,0.8739415407180786,0.8589189723134041
431,19,1,12,0.12286723405122757,0.877132773399353,19,1,19,1,0.26988354325294495,0.23465554416179657,0.2517454922199249,1.4496366096532782,1.379336653323617,0.8523116707801819,0.1476883590221405,0.2517454922199249,0.07787922024726868
432,20,20,4,0.11917956173419952,0.8808204531669617,4,0,4,0,0.4260222613811493,0.17362669110298157,0.14360739290714264,1.7508477379810865,1.9406721410529297,0.7684126496315002,0.23158732056617737,0.17425118386745453,0.03064379096031189
433,23,23,15,0.12938658893108368,0.8706133961677551,15,0,15,0,0.18605272471904755,0.15711848437786102,0.1702020913362503,1.850755080693758,1.7707687753963195,0.9747070074081421,0.025293007493019104,0.20478320121765137,0.03458110988140106
434,10,10,10,0.14310619235038757,0.8568938374519348,10,1,10,1,0.9873586297035217,0.7057411670684814,0.5711678266525269,0.3485067275931987,0.5600721954315582,0.5382776260375977,0.46172237396240234,0.5711678266525269,0.5337872803211212
435,15,15,15,0.14569294452667236,0.8543070554733276,15,1,15,1,0.999992847442627,0.9932714700698853,0.9149206280708313,0.006751268543315644,0.08891796274698494,0.6437962055206299,0.3562037944793701,0.9149206280708313,0.9040166735649109
436,9,14,9,0.14561103284358978,0.854388952255249,9,1,9,1,0.5278946757316589,0.4620687663555145,0.2803691625595093,0.7720415540513489,1.2716481064761727,0.8825420141220093,0.11745800822973251,0.2803691625595093,0.05866001546382904
437,25,18,25,0.1410260647535324,0.8589739203453064,25,1,25,1,0.277109295129776,0.4416530430316925,0.35553815960884094,0.81723067567165,1.0341226948275941,0.5937321186065674,0.4062679708003998,0.35553815960884094,0.2073250263929367
438,15,15,15,0.13618449866771698,0.8638154864311218,15,1,15,1,0.9963932037353516,0.8781718611717224,0.7566373944282532,0.1299129628484759,0.27887114370075133,0.6774609684944153,0.3225390315055847,0.7566373944282532,0.7120589315891266
439,6,5,24,0.1370740383863449,0.8629259467124939,24,0,24,0,0.010925421491265297,0.012586060911417007,0.01754268817603588,4.375165354272309,4.043118044029986,0.26714664697647095,0.7328534126281738,0.48682472109794617,0.4017074778676033
440,0,1,0,0.15359286963939667,0.8464071154594421,0,1,0,1,0.0033178662415593863,0.846678614616394,0.5406771898269653,0.1664340959855878,0.6149328698591815,0.658852219581604,0.3411477208137512,0.5406771898269653,0.35477909445762634
441,15,15,16,0.11841538548469543,0.881584644317627,16,0,15,1,0.1787932813167572,0.205533966422081,0.3399563431739807,1.5821439719787387,1.0789380720456963,0.9090941548347473,0.09090590476989746,0.3399563431739807,0.25976210087537766
442,27,17,9,0.13103096187114716,0.8689690232276917,9,0,17,0,0.24294379353523254,0.10811175405979156,0.05454216152429581,2.2245898270399387,2.9087812704414038,0.9743470549583435,0.025652917101979256,0.2687549889087677,0.037547722458839417
443,19,9,19,0.1327120065689087,0.8672879934310913,19,1,19,1,0.3633486032485962,0.8438795208930969,0.7105054259300232,0.16974554233260486,0.34177869469719147,0.2884274125099182,0.7115725874900818,0.7105054259300232,0.5788217782974243
444,23,23,19,0.1258794367313385,0.8741205930709839,19,0,23,1,0.345598965883255,0.1334330141544342,0.13816118240356445,2.0141556937022873,1.9793342869611368,0.8922366499900818,0.10776341706514359,0.13816118240356445,0.021216578781604767
445,14,27,14,0.13751475512981415,0.8624852299690247,14,1,14,1,0.6088300943374634,0.7904149293899536,0.5811689496040344,0.23519724432864186,0.5427137733448928,0.42176008224487305,0.5782398581504822,0.5811689496040344,0.44157303869724274
446,11,15,4,0.13230501115322113,0.8676949739456177,4,0,4,0,0.007635411806404591,0.05239788070321083,0.06099361926317215,2.9488891330682585,2.7969860225231016,0.8384098410606384,0.16159020364284515,0.4181937277317047,0.15195241570472717
447,21,21,21,0.1289200782775879,0.8710799217224121,21,1,21,1,0.726520299911499,0.5521231293678284,0.5799130201339722,0.5939841971303603,0.5448771519738448,0.7018469572067261,0.29815301299095154,0.5799130201339722,0.39782439172267914
448,14,27,14,0.13268961012363434,0.8673104047775269,14,1,14,1,0.37452298402786255,0.8542681932449341,0.6604633331298828,0.15751009088260584,0.41481367036860434,0.3219200074672699,0.6780800223350525,0.6604633331298828,0.5363005995750427
449,16,16,16,0.12479238957166672,0.8752076029777527,16,1,16,1,0.9936587810516357,0.8577049374580383,0.75008624792099,0.153495134376426,0.28756708183546864,0.5395844578742981,0.4604155719280243,0.75008624792099,0.7033381424844265
450,19,5,5,0.12535254657268524,0.8746474385261536,5,0,5,0,0.9881560802459717,0.13333816826343536,0.22307787835597992,2.014866759223949,1.5002343381928502,0.6730758547782898,0.326924204826355,0.283357173204422,0.06027929484844208
451,14,14,1,0.12263180315494537,0.8773682117462158,1,0,14,1,0.24667371809482574,0.22854672372341156,0.29632869362831116,1.4760146093611173,1.2162859893062339,0.9409236311912537,0.05907641723752022,0.29632869362831116,0.1399923413991928
452,3,3,3,0.13411274552345276,0.8658872246742249,3,1,3,1,0.9914655685424805,0.8525181412696838,0.7535969018936157,0.15956078996914236,0.2828976668037849,0.5979467630386353,0.40205320715904236,0.7535969018936157,0.642408087849617
453,15,15,15,0.13506494462490082,0.864935040473938,15,1,15,1,0.9920650720596313,0.7817528247833252,0.6736044883728027,0.24621666924064092,0.3951121528149328,0.6169077157974243,0.3830922842025757,0.6736044883728027,0.6187958717346191
454,15,15,15,0.1366712898015976,0.8633286952972412,15,1,15,1,0.9974780082702637,0.8903889656066895,0.8019833564758301,0.11609687172260304,0.2206674238548618,0.6234225630760193,0.3765774965286255,0.8019833564758301,0.7737475130707026
455,12,5,16,0.1374557614326477,0.8625442385673523,16,0,12,1,0.24554982781410217,0.3171539008617401,0.254973441362381,1.1483681312403973,1.3665958907679316,0.8178549408912659,0.18214505910873413,0.254973441362381,0.13708652555942535
456,20,20,20,0.12981204688549042,0.8701879382133484,20,1,20,1,0.7704648375511169,0.4462195038795471,0.4324142336845398,0.8069442868687524,0.8383712758945268,0.9319837689399719,0.0680161714553833,0.4324142336845398,0.3085286617279053
457,9,5,9,0.1356055736541748,0.8643944263458252,9,1,9,1,0.14590317010879517,0.5679486393928528,0.38135001063346863,0.5657242879535787,0.9640376624881384,0.8437281847000122,0.1562718152999878,0.38135001063346863,0.2761832997202873
458,3,3,3,0.11633438616991043,0.8836656212806702,3,1,3,1,0.9654184579849243,0.7311398983001709,0.6900007128715515,0.3131504581994499,0.37106264824418955,0.6795073747634888,0.320492684841156,0.6900007128715515,0.5504831075668335
459,9,27,9,0.11805707216262817,0.8819429278373718,9,1,9,1,0.16739962995052338,0.8272441029548645,0.5392417907714844,0.18965546069797867,0.6175912172474147,0.8292666673660278,0.17073336243629456,0.5392417907714844,0.40685200691223145
460,14,14,14,0.10708989202976227,0.8929101228713989,14,1,14,1,0.763805091381073,0.4985220730304718,0.27063366770744324,0.6961074116628889,1.3069891522581238,0.28574138879776,0.71425861120224,0.27063366770744324,0.19463152438402176
461,22,18,25,0.10528908669948578,0.894710898399353,25,0,25,0,0.06190597638487816,0.014871676452457905,0.02255619689822197,4.208296784282576,3.791745443769486,0.7855930328369141,0.21440701186656952,0.4856095612049103,0.36489445716142654
462,8,8,8,0.13468697667121887,0.8653129935264587,8,1,8,1,0.9939658641815186,0.9254792928695679,0.5937530994415283,0.07744352121178981,0.5212917035348631,0.6673953533172607,0.33260464668273926,0.5937530994415283,0.5323794260621071
463,9,27,9,0.13300828635692596,0.8669916987419128,9,1,9,1,0.3302662670612335,0.36768391728401184,0.29567256569862366,1.0005316303205916,1.2185026339096297,0.8445621728897095,0.15543784201145172,0.29567256569862366,0.20237621665000916
464,4,4,4,0.13027559220790863,0.8697243928909302,4,1,4,1,0.9917312860488892,0.5268616080284119,0.5674295425415039,0.6408173682887224,0.5666386914462265,0.4514710307121277,0.5485289692878723,0.5674295425415039,0.3593086451292038
465,13,10,20,0.13094507157802582,0.869054913520813,20,0,15,0,0.12698374688625336,0.03805271536111832,0.06256843358278275,3.268782834247772,2.7714943839219197,0.9477698802947998,0.0522301122546196,0.1513018012046814,0.03446464240550995
466,20,15,24,0.15096841752529144,0.8490315675735474,24,0,24,0,0.03180496767163277,0.09604709595441818,0.07029180228710175,2.3429166249522067,2.655100097390337,0.5734512805938721,0.42654871940612793,0.13754676282405853,0.00259612500667572
467,8,8,8,0.14092262089252472,0.8590773940086365,8,1,8,1,0.9545477628707886,0.9215947389602661,0.6952589750289917,0.08164969765026558,0.3634708768841541,0.6683712005615234,0.33162879943847656,0.6952589750289917,0.631670393049717
468,4,4,13,0.1384686827659607,0.8615313172340393,4,1,4,1,0.609540581703186,0.33700111508369446,0.5697481036186218,1.0876690397815567,0.5625609393066009,0.5456469655036926,0.454353004693985,0.5697481036186218,0.44622498750686646
469,17,17,17,0.14654937386512756,0.8534506559371948,17,1,17,1,0.9986956119537354,0.9094520211219788,0.8529375791549683,0.0949130354424112,0.15906891218103222,0.48395100235939026,0.5160490274429321,0.8529375791549683,0.7967549338936806
470,2,2,22,0.14680491387844086,0.853195071220398,2,1,2,1,0.6513953804969788,0.4201284646987915,0.3229711949825287,0.8671947461424485,1.1301921393568735,0.8561767339706421,0.1438232809305191,0.3229711949825287,0.15467724204063416
471,0,0,0,0.1527743935585022,0.8472256064414978,0,1,0,1,0.999998927116394,0.9992442727088928,0.9578121900558472,0.0007560129969293,0.04310356401341137,0.4670766592025757,0.5329232811927795,0.9578121900558472,0.951062913518399
472,1,26,1,0.15274855494499207,0.8472514748573303,1,1,1,1,0.5292009711265564,0.8779653906822205,0.5654318928718567,0.13014810448132413,0.5701654276872917,0.5859922766685486,0.4140078127384186,0.5654318928718567,0.4814251959323883
473,3,3,3,0.1446632593870163,0.8553367257118225,3,1,3,1,0.9393302202224731,0.6344040632247925,0.6216827630996704,0.4550692038510001,0.47532534352200406,0.6531752347946167,0.3468247354030609,0.6216827630996704,0.5467868894338608
474,9,5,17,0.14781612157821655,0.8521838784217834,17,0,17,0,0.03245052322745323,0.08041883260011673,0.10272591561079025,2.5205068939064,2.275690851029799,0.1276986449956894,0.8723013401031494,0.42762941122055054,0.3226333186030388
475,17,17,17,0.12691785395145416,0.873082160949707,17,1,17,1,0.991912305355072,0.8750881552696228,0.8245283365249634,0.13343064881978123,0.19294376944089725,0.587432861328125,0.4125671684741974,0.8245283365249634,0.7627520337700844
476,9,9,9,0.12755823135375977,0.8724417686462402,9,1,9,1,0.9215039610862732,0.7779271602630615,0.6637365818023682,0.2511223835273155,0.4098699223706409,0.46695560216903687,0.5330443978309631,0.6637365818023682,0.6027059629559517
477,11,20,11,0.12546978890895844,0.8745301961898804,11,1,11,1,0.8267486095428467,0.33343636989593506,0.3012075126171112,1.0983032267448614,1.1999558410795663,0.7440023422241211,0.2559976279735565,0.3012075126171112,0.13066574931144714
478,3,4,3,0.12450505048036575,0.8754949569702148,3,1,3,1,0.07148122787475586,0.5119631886482239,0.4987120032310486,0.6695025536987925,0.6957264976781096,0.23326635360717773,0.7667336463928223,0.4987120032310486,0.3042896091938019
479,3,3,10,0.11258268356323242,0.8874173164367676,10,0,16,0,0.028725679963827133,0.10606133937835693,0.15608377754688263,2.243737678856221,1.8573623803276473,0.6980581283569336,0.3019419014453888,0.15660198032855988,0.0005182027816772461
480,24,24,24,0.1374937742948532,0.8625062108039856,24,1,24,1,0.998304545879364,0.9163655638694763,0.785097062587738,0.08733990672836818,0.24194792223475697,0.557418942451477,0.44258105754852295,0.785097062587738,0.7432029843330383
481,10,10,10,0.13808687031269073,0.8619131445884705,10,1,10,1,0.9995593428611755,0.96790611743927,0.9006965160369873,0.032620182525474134,0.1045869082614427,0.4488544166088104,0.5511455535888672,0.9006965160369873,0.872505147010088
482,16,16,16,0.13830024003982544,0.8616997599601746,16,1,16,1,0.9999750256538391,0.9892321228981018,0.9181069135665894,0.010826270249008731,0.08544143156284013,0.6309850215911865,0.3690149784088135,0.9181069135665894,0.9022088497877121
483,2,6,2,0.1382506638765335,0.8617493510246277,2,1,2,1,0.21192309260368347,0.4215645492076874,0.2168360948562622,0.8637823716099643,1.5286135340850315,0.7026230096817017,0.29737696051597595,0.2168360948562622,0.03691929578781128
484,18,18,16,0.12833340466022491,0.8716666102409363,16,0,16,0,0.012764264829456806,0.07616209983825684,0.14441262185573578,2.574891317473428,1.9350806473701134,0.7164686918258667,0.2835313081741333,0.2796725034713745,0.13525988161563873
485,5,7,5,0.16980531811714172,0.8301947116851807,5,1,5,1,0.5746679902076721,0.7836485505104065,0.2919706404209137,0.24379463654828085,1.231102028272714,0.5891455411911011,0.41085442900657654,0.2919706404209137,0.123920738697052
486,5,11,18,0.16225364804267883,0.8377463221549988,18,0,18,0,0.04992164671421051,0.08989053219556808,0.041879985481500626,2.409162657894074,3.1729472396489005,0.6615840792655945,0.3384159505367279,0.21306394040584564,0.10801525413990021
487,5,26,1,0.14268989861011505,0.8573101162910461,1,0,5,1,0.19946137070655823,0.382993221282959,0.370810329914093,0.9597379889582273,0.9920645872262299,0.8484491109848022,0.15155084431171417,0.370810329914093,0.21676653623580933
488,4,4,4,0.13867796957492828,0.8613220453262329,4,1,4,1,0.8197177052497864,0.4734397828578949,0.6536172032356262,0.7477305489779118,0.42523341504278633,0.5774829387664795,0.4225170314311981,0.6536172032356262,0.5833788961172104
489,2,2,25,0.14367589354515076,0.8563240766525269,25,0,25,0,0.19396227598190308,0.19116097688674927,0.23499996960163116,1.6546393949758142,1.4481698941927474,0.8970351219177246,0.1029648706316948,0.2659445106983185,0.030944541096687317
490,4,4,11,0.14859949052333832,0.8514004945755005,11,0,4,1,0.4136463403701782,0.197040393948555,0.33191919326782227,1.6243465258389513,1.1028637334623395,0.490840345621109,0.5091597437858582,0.33191919326782227,0.05809754133224487
491,17,17,9,0.16203057765960693,0.8379694223403931,9,0,9,0,0.0448894165456295,0.1470632702112198,0.26467010378837585,1.9168923752029086,1.3292711198814822,0.9660021662712097,0.033997874706983566,0.4066378176212311,0.14196771383285522
492,17,17,27,0.19079601764678955,0.8092039823532104,17,1,17,1,0.6133995056152344,0.4877597689628601,0.5822486281394958,0.717932271052403,0.5408577263570088,0.6758121848106384,0.3241878151893616,0.5822486281394958,0.46270738542079926
493,14,9,14,0.19305869936943054,0.8069413304328918,14,1,14,1,0.8485047817230225,0.5298334956169128,0.4533131420612335,0.6351924810076851,0.7911721294828736,0.3762649595737457,0.6237350106239319,0.4533131420612335,0.11162850260734558
494,6,3,6,0.18785816431045532,0.8121418356895447,6,1,6,1,0.745486855506897,0.7811276316642761,0.38984206318855286,0.24701672166924207,0.942013588062592,0.5970519185066223,0.4029480516910553,0.38984206318855286,0.06419482827186584
495,10,10,10,0.1832192838191986,0.8167807459831238,10,1,10,1,0.9298149347305298,0.6882950663566589,0.6360750198364258,0.3735376574712124,0.452438766880593,0.9596889019012451,0.04031107574701309,0.6360750198364258,0.5777149610221386
496,18,2,22,0.18677902221679688,0.8132209777832031,22,0,2,0,0.13034817576408386,0.11954735964536667,0.04934625327587128,2.124042671098639,3.0088934374464014,0.9314205050468445,0.06857941299676895,0.14246653020381927,0.013288632035255432
497,6,12,6,0.17933008074760437,0.820669949054718,6,1,6,1,0.13400055468082428,0.47758057713508606,0.1821242719888687,0.7390223853708002,1.7030660117905092,0.448285311460495,0.5517146587371826,0.1821242719888687,0.054058462381362915
498,23,23,23,0.16228140890598297,0.8377186059951782,23,1,23,1,0.4670284688472748,0.29811733961105347,0.25609833002090454,1.2102681128946373,1.3621938066065689,0.8972259759902954,0.10277406126260757,0.25609833002090454,0.16552282869815826
499,17,17,0,0.1628391593694687,0.8371608257293701,0,0,17,1,0.19122333824634552,0.14444893598556519,0.24347175657749176,1.9348292180674946,1.4127543326016032,0.932667076587677,0.0673329308629036,0.24347175657749176,0.06509381532669067
500,11,11,4,0.18223978579044342,0.8177602291107178,4,0,4,0,0.3958284258842468,0.16815684735774994,0.09686258435249329,1.7828581199018019,2.3344619610446657,0.49326470494270325,0.5067353248596191,0.5410573482513428,0.41734442114830017
501,0,0,0,0.197756826877594,0.802243173122406,0,1,0,1,0.9998757839202881,0.9937852621078491,0.8954800367355347,0.006234129761021126,0.1103953505991683,0.697515070438385,0.302484929561615,0.8954800367355347,0.8788566645234823
502,26,1,26,0.1975167691707611,0.8024832606315613,26,1,1,0,0.06469152867794037,0.4807848632335663,0.12979255616664886,0.7323353787160269,2.0418178248416203,0.7333281636238098,0.26667192578315735,0.24764084815979004,0.11784829199314117
503,17,7,17,0.17762009799480438,0.8223798871040344,17,1,17,1,0.537830114364624,0.8040128350257874,0.6949248909950256,0.2181400459681713,0.36395150976813784,0.6204811930656433,0.3795188367366791,0.6949248909950256,0.6331081055104733
504,8,8,8,0.16847002506256104,0.831529974937439,8,1,8,1,0.9999327063560486,0.9940277338027954,0.8980096578598022,0.005990171504738793,0.10757445588275685,0.5427793860435486,0.45722058415412903,0.8980096578598022,0.8855452621355653
505,1,1,1,0.16825243830680847,0.8317475914955139,1,1,1,1,0.7984068989753723,0.7804821729660034,0.5384809970855713,0.247843379817924,0.6190030716145327,0.5897409915924072,0.4102589786052704,0.5384809970855713,0.4433573931455612
506,27,27,9,0.1638391762971878,0.8361608386039734,9,0,17,0,0.2667675316333771,0.12406405806541443,0.07843081653118134,2.0869572494658195,2.5455383608570017,0.8487281203269958,0.15127190947532654,0.2648833096027374,0.008330166339874268
507,15,15,15,0.1917576938867569,0.8082423210144043,15,1,15,1,0.7204079627990723,0.478325754404068,0.5907545685768127,0.7374632840334757,0.5263546294252388,0.9177665114402771,0.08223344385623932,0.5907545685768127,0.5437259562313557
508,3,3,3,0.1979786902666092,0.802021324634552,3,1,3,1,0.9362612962722778,0.6507235765457153,0.6071427464485168,0.42967034054850156,0.4989913484390944,0.5191237330436707,0.48087629675865173,0.6071427464485168,0.47521162033081055
509,4,2,4,0.20198412239551544,0.7980158925056458,4,1,4,1,0.05393039062619209,0.7932459115982056,0.5846107006072998,0.2316220025211394,0.536809122320441,0.8024269938468933,0.1975729912519455,0.5846107006072998,0.46038171648979187
510,2,2,25,0.17468008399009705,0.8253199458122253,25,0,25,0,0.591265082359314,0.07267332077026367,0.149415522813797,2.621780938820469,1.9010241106513273,0.9263315796852112,0.07366841286420822,0.32225745916366577,0.17284193634986877
511,13,13,4,0.20444761216640472,0.7955523729324341,4,0,4,0,0.16943761706352234,0.27655330300331116,0.2867281138896942,1.2853516990101304,1.249220850594536,0.9398354291915894,0.06016455218195915,0.3687123954296112,0.08198428153991699
512,15,15,15,0.22446972131729126,0.7755302786827087,15,1,15,1,0.991400420665741,0.8492135405540466,0.7796030044555664,0.16344460420944767,0.2489704575137171,0.7061015367507935,0.29389840364456177,0.7796030044555664,0.7322945632040501
513,14,14,14,0.22608506679534912,0.7739149332046509,14,1,14,1,0.789219856262207,0.43414604663848877,0.38728004693984985,0.8343742884976203,0.9486072121467966,0.7799591422080994,0.22004085779190063,0.38728004693984985,0.3030490279197693
514,26,8,26,0.23454588651657104,0.765454113483429,26,1,26,1,0.04791606217622757,0.6550376415252686,0.4923756420612335,0.42306257702059685,0.7085133536833191,0.40696796774864197,0.5930320024490356,0.4923756420612335,0.253693625330925
515,11,15,11,0.1999146193265915,0.8000853657722473,11,1,11,1,0.6247562766075134,0.720525324344635,0.3321068286895752,0.3277747158679014,1.1022985886621586,0.8391585350036621,0.1608414351940155,0.3321068286895752,0.08107337355613708
516,24,10,24,0.1915380209684372,0.8084619641304016,24,1,24,1,0.14877949655056,0.6356184482574463,0.3007684648036957,0.4531568197920091,1.201414530155985,0.8411259651184082,0.15887409448623657,0.3007684648036957,0.09908418357372284
517,13,13,13,0.16986612975597382,0.830133855342865,13,1,13,1,0.7770822644233704,0.45031145215034485,0.3186734616756439,0.7978158197298626,1.143588331576254,0.7415978908538818,0.25840216875076294,0.3186734616756439,0.07792575657367706
518,15,15,11,0.17742764949798584,0.8225723505020142,11,0,15,1,0.24619081616401672,0.298145592212677,0.5192751288414001,1.2101733473134253,0.6553214229021388,0.8562325835227966,0.14376738667488098,0.5192751288414001,0.36621926724910736
519,14,14,14,0.19184252619743347,0.8081575036048889,14,1,14,1,0.984885573387146,0.9034728407859802,0.7689922451972961,0.10150922940611397,0.26267439379613533,0.6953558325767517,0.3046441674232483,0.7689922451972961,0.7149624340236187
520,11,11,11,0.1909036934375763,0.8090962767601013,11,1,11,1,0.9237813353538513,0.6475826501846313,0.6322561502456665,0.43450884848159366,0.45846066592592843,0.7514033913612366,0.24859659373760223,0.6322561502456665,0.5525646209716797
521,8,14,8,0.1951630413532257,0.8048369884490967,8,1,8,1,0.2696782648563385,0.5743775963783264,0.32803967595100403,0.5544682655284063,1.114620714648203,0.8962845206260681,0.10371549427509308,0.32803967595100403,0.12307074666023254
522,5,1,18,0.17802368104457855,0.8219763040542603,18,0,1,0,0.1671278476715088,0.06271520256996155,0.10081105679273605,2.7691513955025586,2.2945072389562937,0.9467454552650452,0.05325450748205185,0.2827400863170624,0.18192902952432632
523,11,20,20,0.18834862112998962,0.811651349067688,20,0,20,0,0.960507333278656,0.1190197542309761,0.061253804713487625,2.1284657977064296,2.792729313715303,0.9245250821113586,0.07547488063573837,0.5520864725112915,0.4908326677978039
524,7,8,26,0.17894701659679413,0.8210529685020447,26,0,26,0,0.05028896778821945,0.15458008646965027,0.10168339312076569,1.8670429579191057,2.2858912820758426,0.5014089941978455,0.49859094619750977,0.4506097137928009,0.23569776117801666
525,4,4,4,0.17702126502990723,0.8229787349700928,4,1,4,1,0.9777909517288208,0.7853354811668396,0.8536361455917358,0.24164428795020085,0.15825023500857302,0.5149616599082947,0.4850383400917053,0.8536361455917358,0.8238060623407364
526,25,25,25,0.17866633832454681,0.821333646774292,25,1,25,1,0.9583609700202942,0.7483069896697998,0.5914281606674194,0.2899419712073895,0.5252150557420184,0.46598994731903076,0.5340099930763245,0.5914281606674194,0.44987982511520386
527,5,12,5,0.1798798143863678,0.8201201558113098,5,1,5,1,0.05719168856739998,0.8203949928283691,0.5394757390022278,0.19796935613216984,0.6171574647070988,0.7663480043411255,0.23365196585655212,0.5394757390022278,0.3639962375164032
528,10,10,10,0.15509532392024994,0.8449046611785889,10,1,10,1,0.9904839992523193,0.8455052971839905,0.8192262649536133,0.1678208455135237,0.19939496349990568,0.8392806649208069,0.16071932017803192,0.8192262649536133,0.7707652188837528
529,14,14,14,0.15641726553440094,0.8435827493667603,14,1,14,1,0.7732433080673218,0.3808060586452484,0.37779566645622253,0.9654650658835942,0.973401794451074,0.43572351336479187,0.5642765164375305,0.37779566645622253,0.30653565376996994
530,21,21,21,0.164218470454216,0.8357815146446228,21,1,21,1,0.9999187588691711,0.9921479225158691,0.8729068040847778,0.007883067374482085,0.13592648246679276,0.6543406844139099,0.3456593453884125,0.8729068040847778,0.8517279457300901
531,5,5,5,0.16398775577545166,0.8360122442245483,5,1,5,1,0.9999973773956299,0.9965673685073853,0.9259412288665771,0.00343853648908725,0.07694451409679727,0.6117612719535828,0.38823866844177246,0.9259412288665771,0.9037863556295633
532,3,4,6,0.1639636904001236,0.8360363245010376,6,0,6,0,0.09883194416761398,0.15339680016040802,0.11523249000310898,1.8747272497162948,2.160803539206703,0.14343777298927307,0.8565622568130493,0.41066986322402954,0.19428054988384247
533,27,27,27,0.1602228581905365,0.8397771716117859,27,1,27,1,0.8198628425598145,0.4952186048030853,0.27172550559043884,0.7027559880366291,1.3029628928650476,0.6342464089393616,0.36575356125831604,0.27172550559043884,0.012941539287567139
534,10,10,10,0.16548554599285126,0.8345144391059875,10,1,10,1,0.7997798919677734,0.8197266459465027,0.7084940671920776,0.19878435290199453,0.3446135936449975,0.2852141857147217,0.7147858142852783,0.7084940671920776,0.652720931917429
535,7,7,26,0.16058498620986938,0.8394150137901306,26,0,26,0,0.2488935887813568,0.2636265158653259,0.23881657421588898,1.3332218901178867,1.4320594936080016,0.10186643898487091,0.8981335759162903,0.3332115113735199,0.09439493715763092
536,3,3,11,0.17431578040122986,0.8256841897964478,11,0,3,1,0.03206891566514969,0.16274361312389374,0.47392410039901733,1.8155792421418833,0.7467080958490254,0.9113721251487732,0.08862783014774323,0.47392410039901733,0.2962382882833481
537,6,1,6,0.20122432708740234,0.7987756729125977,6,1,6,1,0.01260971836745739,0.639430582523346,0.2831907868385315,0.4471772134668312,1.2616344500415788,0.5305721759796143,0.46942785382270813,0.2831907868385315,0.13808034360408783
538,3,3,11,0.1631949096918106,0.8368051052093506,11,0,3,1,0.35894060134887695,0.3554600477218628,0.57475346326828,1.0343424193964805,0.5538140896618635,0.8359611630439758,0.16403886675834656,0.57475346326828,0.436867818236351
539,14,14,14,0.17342105507850647,0.8265789747238159,14,1,14,1,0.9776117205619812,0.9431507587432861,0.840613067150116,0.05852913771287503,0.17362381150444406,0.6690831780433655,0.3309168815612793,0.840613067150116,0.7875450477004051
540,5,5,5,0.17195117473602295,0.828048825263977,5,1,5,1,0.9872967004776001,0.9307211637496948,0.6481722593307495,0.07179554844474235,0.4335987856564684,0.5494979619979858,0.45050206780433655,0.6481722593307495,0.6100700683891773
541,3,3,6,0.1687757670879364,0.8312242031097412,3,1,3,1,0.4163457453250885,0.2939856946468353,0.35803645849227905,1.2242241704911034,1.0271204584028049,0.5126628875732422,0.4873371124267578,0.35803645849227905,0.24475283175706863
542,13,13,13,0.18209408223628998,0.8179059028625488,13,1,13,1,0.9984356760978699,0.943884015083313,0.7770603895187378,0.05775198576305162,0.2522372102463033,0.751937210559845,0.24806275963783264,0.7770603895187378,0.7309456244111061
543,6,6,6,0.18239200115203857,0.8176079988479614,6,1,6,1,0.934291422367096,0.6990527510643005,0.43940144777297974,0.35802907312324483,0.822341824150893,0.44381824135780334,0.5561817288398743,0.43940144777297974,0.34884344786405563
544,18,2,18,0.1806447058916092,0.819355309009552,18,1,2,0,0.09731537848711014,0.31520864367485046,0.10188055783510208,1.1545204985481097,2.283954153472619,0.9663965106010437,0.033603422343730927,0.3134951889514923,0.20250330865383148
545,15,15,15,0.15677587687969208,0.8432241082191467,15,1,15,1,0.999343991279602,0.9456574320793152,0.888565719127655,0.055874898050179735,0.11814666774390607,0.6847502589225769,0.3152496814727783,0.888565719127655,0.8734696079045534
546,23,12,23,0.15721531212329865,0.8427847027778625,23,1,23,1,0.038938552141189575,0.5503246188163757,0.3462849259376526,0.5972469588348227,1.0604933574335231,0.13823415338993073,0.8617658615112305,0.3462849259376526,0.2866954542696476
547,17,17,17,0.13080395758152008,0.8691960573196411,17,1,17,1,0.9993670582771301,0.9622669219970703,0.9132695198059082,0.038463401109496836,0.09072423953471888,0.6163134574890137,0.38368651270866394,0.9132695198059082,0.8739924021065235
548,25,25,19,0.1309935450553894,0.8690064549446106,19,0,19,0,0.179022878408432,0.17488759756088257,0.20978812873363495,1.7436118110735135,1.5616571683499592,0.47821375727653503,0.5217862725257874,0.2941954433917999,0.08440731465816498
549,12,7,8,0.14626075327396393,0.8537392616271973,8,0,8,0,0.14027413725852966,0.138856902718544,0.16223055124282837,1.9743113529717082,1.8187367996562862,0.4973334074020386,0.5026665329933167,0.35811880230903625,0.151289701461792
550,20,20,15,0.11180002987384796,0.8881999850273132,15,0,20,1,0.06494780629873276,0.14648942649364471,0.34598851203918457,1.9208020272345052,1.0613497066745066,0.9556809663772583,0.04431910812854767,0.34598851203918457,0.20440535247325897
551,3,3,6,0.1287028193473816,0.8712971806526184,6,0,3,1,0.2951478660106659,0.23771384358406067,0.4242432415485382,1.436687666580848,0.8574483053458087,0.40545713901519775,0.5945428609848022,0.4242432415485382,0.13306474685668945
552,19,19,19,0.13969196379184723,0.860308051109314,19,1,19,1,0.6220017671585083,0.7323962450027466,0.5889793038368225,0.31143359317096675,0.5293642337461613,0.5541666746139526,0.44583332538604736,0.5889793038368225,0.5224437117576599
553,25,25,23,0.13294173777103424,0.867058277130127,25,1,25,1,0.5803431272506714,0.34110620617866516,0.37053677439689636,1.0755613951212826,0.9928025830395855,0.6546432375907898,0.3453567922115326,0.37053677439689636,0.2629428207874298
554,8,8,8,0.14126954972743988,0.8587304353713989,8,1,8,1,0.996720552444458,0.9839065074920654,0.8738449811935425,0.01622439915519283,0.13485228611344133,0.7552756667137146,0.2447243332862854,0.8738449811935425,0.8528947867453098
555,1,12,1,0.14058803021907806,0.8594119548797607,1,1,1,1,0.17135703563690186,0.8437426686286926,0.5817022919654846,0.16990772586580793,0.5417964879571707,0.3138261139392853,0.6861738562583923,0.5817022919654846,0.5038794279098511
556,15,15,15,0.12661835551261902,0.8733816146850586,15,1,15,1,0.9964696168899536,0.8705938458442688,0.8062533140182495,0.13857971875606342,0.21535730047037058,0.6578596830368042,0.3421403765678406,0.8062533140182495,0.7649139650166035
557,18,2,18,0.1274925321340561,0.8725074529647827,18,1,2,0,0.05046803131699562,0.4776964783668518,0.18456654250621796,0.738779730673575,1.689745216534837,0.930934488773346,0.06906550377607346,0.20720958709716797,0.022643044590950012
558,16,16,16,0.10278884321451187,0.8972111344337463,16,1,16,1,0.9984460473060608,0.9041622877120972,0.755316436290741,0.10074641289665436,0.28061849662486077,0.5906757712364197,0.4093242585659027,0.755316436290741,0.7028376124799252
559,7,7,7,0.1033012643456459,0.8966987133026123,7,1,7,1,0.993843138217926,0.8473745584487915,0.5513932108879089,0.16561246431237459,0.5953070929674985,0.6112151741981506,0.38878485560417175,0.5513932108879089,0.45970701426267624
560,27,14,27,0.1038333997130394,0.8961666226387024,27,1,27,1,0.383550763130188,0.9209916591644287,0.5537968277931213,0.08230429904967494,0.5909573963347736,0.7675482630729675,0.23245175182819366,0.5537968277931213,0.22760453820228577
561,2,2,2,0.09800692647695541,0.9019930958747864,2,1,2,1,0.9960943460464478,0.8803408741950989,0.6694286465644836,0.12744608947336988,0.401330696730837,0.676466166973114,0.3235338032245636,0.6694286465644836,0.6104381121695042
562,7,7,7,0.098012275993824,0.9019877314567566,7,1,7,1,0.950563371181488,0.8160666227340698,0.5301153063774109,0.20325928184340458,0.6346607368958789,0.6987975835800171,0.3012023866176605,0.5301153063774109,0.4370199963450432
563,15,3,15,0.09624551236629486,0.903754472732544,15,1,12,0,0.07728102058172226,0.4153188169002533,0.17090389132499695,0.8787088201971579,1.7666539195177267,0.743419349193573,0.2565806210041046,0.21937295794487,0.022509992122650146
564,13,13,13,0.08406534790992737,0.9159346222877502,13,1,13,1,0.9950294494628906,0.8701903223991394,0.6651718020439148,0.13904332987996768,0.4077099227544055,0.48347896337509155,0.5165210366249084,0.6651718020439148,0.6199650056660175
565,6,3,6,0.08367995172739029,0.9163200259208679,6,1,6,1,0.47405824065208435,0.864383339881897,0.5980880856513977,0.14573892815627273,0.5140172354587496,0.4670927822589874,0.5329071879386902,0.5980880856513977,0.3214447498321533
566,19,19,19,0.07958165556192398,0.9204183220863342,19,1,19,1,0.9960447549819946,0.8705483675003052,0.816641628742218,0.13863195842221523,0.20255492326445945,0.6827888488769531,0.3172111213207245,0.816641628742218,0.7820796631276608
567,17,17,9,0.07990523427724838,0.9200947880744934,17,1,17,1,0.6394972205162048,0.4208041727542877,0.5283956527709961,0.8655877013666246,0.6379099335233814,0.9562612771987915,0.043738722801208496,0.5283956527709961,0.3669438809156418
568,26,26,26,0.08330069482326508,0.9166992902755737,26,1,26,1,0.9980645179748535,0.9304634928703308,0.8737117648124695,0.07207243755415313,0.1350047462628877,0.4584102928638458,0.5415896773338318,0.8737117648124695,0.8507924098521471
569,18,18,22,0.08359511196613312,0.9164049029350281,22,0,18,1,0.05044088140130043,0.11239960789680481,0.25443193316459656,2.1856948299912218,1.3687219319478372,0.5988616347312927,0.40113839507102966,0.25443193316459656,0.04373432695865631
570,20,11,11,0.09740585833787918,0.9025941491127014,11,0,11,0,0.705177366733551,0.12892915308475494,0.08327098935842514,2.0484922263798877,2.4856550574740783,0.8283684253692627,0.1716315746307373,0.47433215379714966,0.30864760279655457
571,13,13,13,0.08942990005016327,0.9105700850486755,13,1,13,1,0.9695156216621399,0.7046844363212585,0.589055597782135,0.3500051844312095,0.5292347062672821,0.7677543759346008,0.23224563896656036,0.589055597782135,0.48814208805561066
572,22,22,25,0.09100934118032455,0.9089906811714172,22,1,25,0,0.6373011469841003,0.33675745129585266,0.13677768409252167,1.0883923368515267,1.9893984150791457,0.8764573931694031,0.12354263663291931,0.22135667502880096,0.0845789909362793
573,18,18,18,0.09393464028835297,0.9060653448104858,18,1,18,1,0.820557177066803,0.6311566233634949,0.5960001349449158,0.4602012327188729,0.5175143854991691,0.750751256942749,0.24924875795841217,0.5960001349449158,0.48312320560216904
574,6,6,11,0.09358595311641693,0.9064140319824219,11,0,6,1,0.0029415248427540064,0.07860738039016724,0.25006118416786194,2.5432896858613954,1.3860496543915768,0.9586211442947388,0.04137883335351944,0.25006118416786194,0.08414684236049652
575,3,3,6,0.12285229563713074,0.8771476745605469,6,0,6,0,0.5608923435211182,0.24041971564292908,0.3412126302719116,1.4253690678580424,1.0752494468401443,0.37027788162231445,0.6297221183776855,0.47367510199546814,0.13246247172355652
576,6,4,6,0.12895067036151886,0.8710493445396423,6,1,6,1,0.014724092558026314,0.6824889183044434,0.4886320233345032,0.3820089889714089,0.7161455813023195,0.19794772565364838,0.8020523190498352,0.4886320233345032,0.31535062193870544
577,1,1,1,0.10438596457242966,0.8956140279769897,1,1,1,1,0.9999464750289917,0.9449196457862854,0.8522661924362183,0.05665538601771111,0.1598563685127957,0.6026937961578369,0.3973061740398407,0.8522661924362183,0.8141073547303677
578,27,17,27,0.10452112555503845,0.8954789042472839,27,1,27,1,0.4988691508769989,0.9180152416229248,0.5888374447822571,0.08554128542439463,0.5296051185109902,0.7800618410110474,0.21993817389011383,0.5888374447822571,0.2999534010887146
579,1,6,1,0.0997881144285202,0.9002118706703186,1,1,1,1,0.3676673173904419,0.8348180651664734,0.5835039019584656,0.18054146390006634,0.5387041401168475,0.6976075768470764,0.30239251255989075,0.5835039019584656,0.5278947167098522
580,24,24,25,0.09148130565881729,0.9085186719894409,25,0,24,1,0.06890776008367538,0.13441401720046997,0.36807766556739807,2.0068305616850424,0.9994613153431522,0.8311699032783508,0.16883008182048798,0.36807766556739807,0.0325983464717865
581,7,5,7,0.10496430099010468,0.8950356841087341,7,1,7,1,0.33369481563568115,0.3100173771381378,0.1557195782661438,1.1711269277896683,1.8596984645267256,0.7109940052032471,0.2890060245990753,0.1557195782661438,0.011852309107780457
582,7,7,27,0.09934201091527939,0.9006580114364624,27,0,27,0,0.8221856951713562,0.26233547925949097,0.24614141881465912,1.3381311391157633,1.4018490349957675,0.7175714373588562,0.2824285924434662,0.35732904076576233,0.11118762195110321
583,6,6,6,0.10112283378839493,0.8988771438598633,6,1,6,1,0.941649317741394,0.7789134979248047,0.6104925870895386,0.2498552817355896,0.4934891278645749,0.6902086734771729,0.3097912669181824,0.6104925870895386,0.5149012580513954
584,8,8,8,0.0991959273815155,0.9008040428161621,8,1,8,1,0.9954761266708374,0.9744209051132202,0.8407878279685974,0.025911927912207807,0.1734159362504007,0.5847689509391785,0.4152310788631439,0.8407878279685974,0.8037578240036964
585,3,3,3,0.098537378013134,0.9014626145362854,3,1,3,1,0.9579752683639526,0.7647152543067932,0.764337956905365,0.26825173103781863,0.2687452356540335,0.7277664542198181,0.2722335457801819,0.764337956905365,0.6229861825704575
586,27,14,8,0.09984253346920013,0.9001574516296387,8,0,14,0,0.0415382944047451,0.06843902170658112,0.07400714606046677,2.6818121242365036,2.6035936220557074,0.9451364874839783,0.05486353859305382,0.2382398545742035,0.06983616948127747
587,7,12,26,0.09324027597904205,0.9067597389221191,26,0,12,0,0.5290294885635376,0.1308213621377945,0.08102668821811676,2.0339225341978624,2.5129766944034078,0.714879035949707,0.2851209342479706,0.20754645764827728,0.04998284578323364
588,3,3,6,0.08850560337305069,0.9114943742752075,6,0,6,0,0.7147650718688965,0.2564174234867096,0.28857526183128357,1.3609486019280719,1.2427993541566709,0.36557450890541077,0.6344254612922668,0.4564860165119171,0.16791075468063354
589,1,8,1,0.09088024497032166,0.909119725227356,1,1,1,1,0.009737825021147728,0.8571255803108215,0.6238817572593689,0.15417083633444087,0.47179442014002976,0.3535178005695343,0.6464821696281433,0.6238817572593689,0.522364117205143
590,17,17,27,0.07044979184865952,0.9295502305030823,27,0,17,1,0.26566600799560547,0.19867880642414093,0.47471269965171814,1.6160657962900191,0.7450455007772047,0.9094352722167969,0.09056474268436432,0.47471269965171814,0.17017456889152527
591,17,17,27,0.07683617621660233,0.9231638312339783,27,0,17,1,0.4343235194683075,0.13413532078266144,0.44191494584083557,2.0089061320063357,0.816637845645864,0.8583218455314636,0.14167816936969757,0.44191494584083557,0.04044732451438904
592,14,14,14,0.08466622978448868,0.9153337478637695,14,1,14,1,0.7893341779708862,0.8744428157806396,0.7471460103988647,0.13416837742125232,0.2914946505682571,0.496642529964447,0.503357470035553,0.7471460103988647,0.6688950657844543
593,9,27,9,0.08201377093791962,0.9179862141609192,9,1,9,1,0.24030958116054535,0.8968881964683533,0.4670030176639557,0.10882406631008823,0.7614195595269315,0.8902768492698669,0.10972314327955246,0.4670030176639557,0.30729302763938904
594,7,1,26,0.07496072351932526,0.9250392913818359,26,0,1,0,0.007302086800336838,0.08234855532646179,0.07470548897981644,2.496794365603301,2.594201709224084,0.789129912853241,0.21087008714675903,0.20791886746883392,0.11695383489131927
595,15,15,15,0.05685555189847946,0.9431444406509399,15,1,15,1,0.998996913433075,0.908389687538147,0.843428373336792,0.09608182115098544,0.17028029662208416,0.5725769400596619,0.4274231195449829,0.843428373336792,0.8210160993039608
596,4,4,4,0.05711622163653374,0.9428837895393372,4,1,4,1,0.9881508350372314,0.9803541302680969,0.9421613216400146,0.019841415174960894,0.0595787646732139,0.4869491159915924,0.51305091381073,0.9421613216400146,0.9340007724240422
597,5,1,5,0.05641987919807434,0.9435800909996033,5,1,5,1,0.054999664425849915,0.822998046875,0.566604495048523,0.194801451485283,0.5680937582452821,0.9464301466941833,0.05356984585523605,0.566604495048523,0.301852822303772
598,11,15,11,0.04899972677230835,0.9510002732276917,11,1,15,0,0.07612462341785431,0.8568103313446045,0.2731139659881592,0.1545387018627005,1.2978661130763705,0.9229553937911987,0.0770445391535759,0.3666433095932007,0.0935293436050415
599,17,17,17,0.04324515536427498,0.9567548632621765,17,1,17,1,0.9937482476234436,0.864782452583313,0.8689378499984741,0.14527730358534655,0.14048367526344754,0.6007302403450012,0.39926978945732117,0.8689378499984741,0.7889743000268936
600,24,24,10,0.043449800461530685,0.9565501809120178,10,0,24,1,0.6599645018577576,0.47953569889068604,0.6783934831619263,0.7349369371886619,0.38802780073878174,0.5636216402053833,0.4363783597946167,0.6783934831619263,0.44174325466156006
601,24,0,10,0.04509832337498665,0.9549016952514648,10,0,24,1,0.31500136852264404,0.39327549934387207,0.4009726941585541,0.9332448965677519,0.9138619483617901,0.5520915985107422,0.44790834188461304,0.4009726941585541,0.06957444548606873
602,25,2,25,0.04485643282532692,0.9551435708999634,25,1,25,1,0.19083547592163086,0.4765172302722931,0.23954546451568604,0.7412513964738683,1.429012049183586,0.928516685962677,0.0714833214879036,0.23954546451568604,0.05430203676223755
603,27,7,27,0.039651334285736084,0.9603486657142639,27,1,27,1,0.05260622128844261,0.9469810724258423,0.6734502911567688,0.054476172874529556,0.3953410926012736,0.3864568769931793,0.6135430932044983,0.6734502911567688,0.5442747622728348
604,9,9,27,0.03331702947616577,0.9666829705238342,9,1,9,1,0.6932669281959534,0.45308277010917664,0.5144203901290894,0.7916804547167459,0.6647144681796814,0.6698576807975769,0.3301422894001007,0.5144203901290894,0.2905009984970093
605,2,23,2,0.034561384469270706,0.9654386043548584,2,1,2,1,0.017512323334813118,0.9631716012954712,0.6918413639068604,0.03752368856710138,0.368398592553801,0.7228363752365112,0.27716362476348877,0.6918413639068604,0.5632388740777969
606,24,24,24,0.02795850858092308,0.9720414876937866,24,1,24,1,0.9994556903839111,0.9633066058158875,0.927925169467926,0.037383531756462245,0.07480418579643931,0.5404990315437317,0.4595009386539459,0.927925169467926,0.8958562314510345
607,0,0,0,0.028008054941892624,0.9719919562339783,0,1,0,1,0.9999918937683105,0.9990389943122864,0.9454792737960815,0.000961467749732737,0.05606331201645429,0.5847094058990479,0.41529062390327454,0.9454792737960815,0.934444266371429
608,6,6,6,0.02800050564110279,0.97199946641922,6,1,6,1,0.9690818190574646,0.9366670250892639,0.7766111493110657,0.06542742266495137,0.2528155052191651,0.5526633858680725,0.4473365545272827,0.7766111493110657,0.6832907274365425
609,18,12,18,0.027738245204091072,0.9722617268562317,18,1,18,1,0.4387258291244507,0.5624396800994873,0.3849058747291565,0.5754713860323754,0.954756455807729,0.8136157393455505,0.18638424575328827,0.3849058747291565,0.18861790001392365
610,10,10,10,0.025879157707095146,0.9741208553314209,10,1,10,1,0.9914578199386597,0.9933530688285828,0.9573689103126526,0.006669120399923997,0.043566475589789246,0.5569892525672913,0.44301074743270874,0.9573689103126526,0.9475548788905144
611,17,27,9,0.02569042146205902,0.9743095636367798,9,0,9,0,0.7136280536651611,0.08342915028333664,0.15425020456314087,2.4837575069056284,1.869179290018324,0.8564721941947937,0.14352786540985107,0.3452775478363037,0.002846628427505493
612,10,10,10,0.027416158467531204,0.9725838303565979,10,1,10,1,0.9702109694480896,0.8089293837547302,0.7975204586982727,0.2120436540465571,0.22624779111203,0.5101585984230042,0.4898414611816406,0.7975204586982727,0.6977776512503624
613,19,19,19,0.027310671284794807,0.9726893305778503,19,1,19,1,0.9972376823425293,0.8722910284996033,0.8229420781135559,0.1366321624753641,0.1948694597446552,0.6243665218353271,0.37563350796699524,0.8229420781135559,0.7909885682165623
614,26,26,26,0.027493972331285477,0.972506046295166,26,1,26,1,0.9847475290298462,0.6451281905174255,0.511234700679779,0.4383062369452767,0.6709264973936224,0.6718458533287048,0.32815420627593994,0.511234700679779,0.468567069619894
615,7,7,27,0.028105981647968292,0.9718940258026123,27,0,27,0,0.07477184385061264,0.043845284730196,0.09061392396688461,3.1270880977544335,2.4011473915730086,0.5863199830055237,0.4136800765991211,0.16733913123607635,0.03616301715373993
616,18,2,22,0.03353369981050491,0.9664663076400757,22,0,22,0,0.006739619188010693,0.23641327023506165,0.15007518231868744,1.442173860359604,1.8966188949944771,0.9423360824584961,0.057663921266794205,0.16473686695098877,0.01466168463230133
617,7,26,7,0.027518179267644882,0.9724818468093872,7,1,7,1,0.24674567580223083,0.5057949423789978,0.3929121196269989,0.6816239440469615,0.9341693062989188,0.9016056060791016,0.09839442372322083,0.3929121196269989,0.09851068258285522
618,0,0,0,0.023533856496214867,0.9764661192893982,0,1,0,1,0.998475193977356,0.9974556565284729,0.9216474890708923,0.002547585814301121,0.08159246142831014,0.5850945115089417,0.41490548849105835,0.9216474890708923,0.9075511582195759
619,1,7,1,0.023416681215167046,0.9765833020210266,1,1,1,1,0.014808695763349533,0.9553842544555664,0.7920076847076416,0.04564165874030411,0.23318418430109528,0.23148120939731598,0.7685187458992004,0.7920076847076416,0.7539295889437199
620,9,27,14,0.0184229277074337,0.9815770983695984,14,0,14,0,0.09987201541662216,0.058756791055202484,0.07486134022474289,2.8343485402091804,2.592117673583787,0.3622138500213623,0.6377862095832825,0.7831631898880005,0.7083018496632576
621,18,23,25,0.019483447074890137,0.9805165529251099,25,0,23,0,0.16469964385032654,0.04698421061038971,0.0788099467754364,3.0579436781738534,2.5407160619697264,0.9916329383850098,0.00836705882102251,0.21923676133155823,0.09796734899282455
622,15,15,15,0.01935887336730957,0.9806411266326904,15,1,15,1,0.9638180136680603,0.7078045010566711,0.7467531561851501,0.3455873518699269,0.29202059533288105,0.6463126540184021,0.3536873459815979,0.7467531561851501,0.7085324861109257
623,27,27,27,0.019695628434419632,0.9803043603897095,27,1,27,1,0.8908085823059082,0.9080981612205505,0.5942513942718506,0.09640279915290115,0.5204528264730666,0.6511942148208618,0.3488057851791382,0.5942513942718506,0.4244389683008194
624,27,27,27,0.01916440576314926,0.9808356165885925,27,1,27,1,0.9958626627922058,0.9138469696044922,0.7127462029457092,0.09009215086258794,0.338629878533312,0.539828896522522,0.460171103477478,0.7127462029457092,0.5655703544616699
625,20,20,11,0.019081568345427513,0.9809184074401855,11,0,20,1,0.4300364851951599,0.22356291115283966,0.45133864879608154,1.4980624228688593,0.7955373370034746,0.9264043569564819,0.07359561324119568,0.45133864879608154,0.2763019949197769
626,25,25,25,0.020591139793395996,0.979408860206604,25,1,25,1,0.7582602500915527,0.38067421317100525,0.42586758732795715,0.9658113531885725,0.8536268088984063,0.56676185131073,0.4332382082939148,0.42586758732795715,0.3462763652205467
627,11,11,13,0.02160700410604477,0.978393018245697,13,0,13,0,0.10100693255662918,0.098046213388443,0.032394301146268845,2.3223163462752923,3.429772762201668,0.08398208022117615,0.9160178899765015,0.6807488203048706,0.609500989317894
628,7,7,7,0.023831699043512344,0.9761682748794556,7,1,7,1,0.9915651679039001,0.8514984250068665,0.6231364607810974,0.1607576285500813,0.4729897460081359,0.5652866363525391,0.43471333384513855,0.6231364607810974,0.5492934659123421
629,24,24,10,0.02377888187766075,0.9762211441993713,10,0,10,0,0.11748306453227997,0.12618419528007507,0.30028578639030457,2.070012572216257,1.2030206364806342,0.3746022582054138,0.625397801399231,0.6268919706344604,0.3266061842441559
630,26,26,26,0.02654040977358818,0.9734596014022827,26,1,26,1,0.9764550924301147,0.6700004935264587,0.5937924385070801,0.40047682999074175,0.521225450807184,0.7145832777023315,0.28541675209999084,0.5937924385070801,0.5134434401988983
631,19,19,19,0.027076972648501396,0.9729230403900146,19,1,19,1,0.9994470477104187,0.9529243111610413,0.9007949829101562,0.04821980013883147,0.10447759120574239,0.5949856638908386,0.405014306306839,0.9007949829101562,0.8846998959779739
632,21,21,21,0.027097711339592934,0.9729022979736328,21,1,21,1,0.9999542832374573,0.9982308149337769,0.9384722113609314,0.0017707519224342088,0.06350203302534702,0.5369325876235962,0.4630674123764038,0.9384722113609314,0.9275182960554957
633,6,6,6,0.027076182886958122,0.9729238152503967,6,1,6,1,0.7324748635292053,0.28226080536842346,0.2971877455711365,1.2649237937146405,1.2133911999255906,0.5971399545669556,0.40285998582839966,0.2971877455711365,0.15495145320892334
634,3,6,6,0.028060991317033768,0.9719390273094177,6,0,3,1,0.9291037321090698,0.31597262620925903,0.5330761671066284,1.152099695067533,0.6290909623868243,0.6431161761283875,0.35688379406929016,0.5330761671066284,0.27096524834632874
635,0,0,0,0.028683705255389214,0.9713162779808044,0,1,0,1,0.999839723110199,0.9671698212623596,0.7488102316856384,0.03338118233712817,0.2892696898020138,0.5187095999717712,0.48129037022590637,0.7488102316856384,0.7189131807535887
636,14,14,14,0.0286509208381176,0.9713490605354309,14,1,14,1,0.9632045030593872,0.9461805820465088,0.8263054490089417,0.05532183803486946,0.19079078082870154,0.5042294263839722,0.49577057361602783,0.8263054490089417,0.7744551971554756
637,15,15,15,0.028198610991239548,0.9718014001846313,15,1,15,1,0.8962646126747131,0.8799167275428772,0.790051281452179,0.1279280037795619,0.2356574223972362,0.6834296584129333,0.3165704309940338,0.790051281452179,0.732475146651268
638,7,8,17,0.02759089693427086,0.9724091291427612,17,0,17,0,0.12164876610040665,0.06784197688102722,0.14062345027923584,2.6905741475777307,1.961669526320721,0.3304329514503479,0.6695669889450073,0.3016941249370575,0.13338182866573334
639,7,12,26,0.028422731906175613,0.9715772867202759,26,0,26,0,0.18871276080608368,0.16652418673038483,0.14305920898914337,1.7926147144637141,1.9444966855416832,0.4671686887741089,0.5328313708305359,0.26146066188812256,0.11840145289897919
640,0,0,0,0.026698442175984383,0.9733015298843384,0,1,0,1,0.9989348649978638,0.9968419075012207,0.9151544570922852,0.0031630897969549144,0.08866242238733303,0.6206014752388,0.3793985843658447,0.9151544570922852,0.9012793600559235
641,18,18,23,0.026565056294202805,0.9734349250793457,23,0,18,1,0.30331793427467346,0.18743173778057098,0.36520928144454956,1.674340565029773,1.0072847158949243,0.6526901721954346,0.34730979800224304,0.36520928144454956,0.11706581711769104
642,4,26,25,0.028964495286345482,0.9710354804992676,25,0,25,0,0.012468945235013962,0.016056358814239502,0.12922303378582,4.131650320064693,2.0462154234476335,0.934084951877594,0.06591508537530899,0.2983364760875702,0.16911344230175018
643,5,1,5,0.032347701489925385,0.9676523208618164,5,1,5,1,0.20179912447929382,0.7975242733955383,0.5285338163375854,0.22624300792672003,0.6376484902172488,0.921166181564331,0.07883385568857193,0.5285338163375854,0.2247740626335144
644,4,4,4,0.027179867029190063,0.9728201627731323,4,1,4,1,0.989951491355896,0.8500642776489258,0.8456803560256958,0.1624433115934386,0.16761382052842128,0.489096462726593,0.5109035968780518,0.8456803560256958,0.789163775742054
645,25,25,25,0.027057215571403503,0.9729427695274353,25,1,25,1,0.9042900800704956,0.570284903049469,0.559034526348114,0.5616192131155536,0.5815440432475981,0.3662416934967041,0.6337583065032959,0.559034526348114,0.46183162182569504
646,15,15,15,0.027650747448205948,0.972349226474762,15,1,15,1,0.996006429195404,0.8923443555831909,0.8828208446502686,0.11390317203973681,0.12463299290474289,0.4438416659832001,0.5561583042144775,0.8828208446502686,0.8659859206527472
647,10,10,10,0.027794234454631805,0.9722057580947876,10,1,10,1,0.9191476106643677,0.6973738074302673,0.7310585975646973,0.36043370290176796,0.31326166161784674,0.7780677676200867,0.22193220257759094,0.7310585975646973,0.5578281432390213
648,13,13,13,0.028299393132328987,0.9717006087303162,13,1,13,1,0.9399489164352417,0.8858285546302795,0.6448668241500854,0.12123185203351541,0.4387114576910079,0.6205279231071472,0.3794720470905304,0.6448668241500854,0.5415604263544083
649,7,0,27,0.027809087187051773,0.9721909165382385,27,0,27,0,0.12989844381809235,0.07924926280975342,0.06391379237174988,2.535157168353142,2.7502200978260323,0.9115111827850342,0.08848880976438522,0.131461963057518,0.014801442623138428
650,0,0,0,0.027085289359092712,0.9729146957397461,0,1,0,1,0.8385915160179138,0.9855749011039734,0.8570126891136169,0.014530152127811986,0.15430255406034604,0.5636016130447388,0.43639835715293884,0.8570126891136169,0.8148650787770748
651,15,15,15,0.026160631328821182,0.9738393425941467,15,1,15,1,0.9977049231529236,0.9935804605484009,0.9460286498069763,0.006440233305867905,0.055482425180626224,0.4471655786037445,0.5528344511985779,0.9460286498069763,0.9380266712978482
652,0,0,0,0.025951987132430077,0.9740480184555054,0,1,0,1,0.9999826550483704,0.9993969202041626,0.9579783082008362,0.0006032617216049896,0.042930144064250435,0.43220603466033936,0.5677939653396606,0.9579783082008362,0.9544416861608624
653,26,26,26,0.02593068778514862,0.9740692973136902,26,1,26,1,0.9999992251396179,0.998779296875,0.9705274105072021,0.0012214487899451477,0.029915633075676518,0.5738738775253296,0.4261261820793152,0.9705274105072021,0.9644398242235184
654,13,4,11,0.025927506387233734,0.9740725159645081,11,0,4,0,0.31236007809638977,0.10387372225522995,0.0996474027633667,2.2645793266741903,2.3061172962518888,0.6605737805366516,0.3394261598587036,0.47489452362060547,0.27705132961273193
655,11,11,11,0.025194350630044937,0.9748056530952454,11,1,11,1,0.973118245601654,0.7638020515441895,0.8030909895896912,0.2694466182239311,0.2192872593878395,0.6782520413398743,0.32174795866012573,0.8030909895896912,0.7225191071629524
656,7,7,7,0.02551203779876232,0.9744879603385925,7,1,7,1,0.9154833555221558,0.6955884695053101,0.7014105916023254,0.36299707296873945,0.3546618407309265,0.6134267449378967,0.38657331466674805,0.7014105916023254,0.5059570670127869
657,4,4,19,0.02579589933156967,0.9742041230201721,19,0,4,1,0.3955674171447754,0.1512228101491928,0.30897000432014465,1.889000965839962,1.174511080193909,0.6239475607872009,0.3760524392127991,0.30897000432014465,0.22915751487016678
658,2,2,2,0.028388751670718193,0.9716112613677979,2,1,2,1,0.9698145985603333,0.6668121218681335,0.4171425402164459,0.4052469491043701,0.8743272925305069,0.6085612177848816,0.3914387822151184,0.4171425402164459,0.33551719784736633
659,11,11,15,0.02886280044913292,0.9711372256278992,15,0,15,0,0.2701624929904938,0.19886790215969086,0.28473955392837524,1.6151144829186448,1.2561803623905323,0.5595906376838684,0.440409392118454,0.4274902939796448,0.14275074005126953
660,24,24,24,0.030809789896011353,0.9691901803016663,24,1,24,1,0.9682356119155884,0.6678407788276672,0.6508684754371643,0.40370548890497293,0.42944769184405257,0.6371171474456787,0.3628828823566437,0.6508684754371643,0.5914333201944828
661,20,11,6,0.03143971040844917,0.9685602784156799,6,0,11,0,0.27186936140060425,0.1084362342953682,0.07455254346132278,2.2215929811131767,2.596251120830605,0.7008987069129944,0.2991012632846832,0.18490566313266754,0.015904158353805542
662,8,9,12,0.03124053403735161,0.9687594771385193,12,0,12,0,0.05823967605829239,0.26792216300964355,0.21298322081565857,1.3170587771873188,1.5465418918890057,0.5380988121032715,0.4619011878967285,0.46905994415283203,0.25607672333717346
663,9,14,27,0.029522918164730072,0.9704771041870117,27,0,27,0,0.6146172285079956,0.4562169313430786,0.30343568325042725,0.7847868559602303,1.1925856077426686,0.7450128793716431,0.25498709082603455,0.4531534016132355,0.14971771836280823
664,12,5,12,0.02880270965397358,0.9711973071098328,12,1,12,1,0.459231972694397,0.9706171751022339,0.7469950318336487,0.029823146822193714,0.2916967446965387,0.3525390923023224,0.6474608778953552,0.7469950318336487,0.6843829900026321
665,3,21,6,0.02682630717754364,0.9731736779212952,6,0,6,0,0.03521352261304855,0.37568536400794983,0.18649892508983612,0.9790032837542015,1.6793298035082485,0.8292320966720581,0.1707678884267807,0.36818423867225647,0.18168531358242035
666,11,11,15,0.021912718191742897,0.978087306022644,15,0,15,0,0.2597508430480957,0.12762342393398285,0.14467352628707886,2.058671351768601,1.9332756179430197,0.6106270551681519,0.389372855424881,0.21544234454631805,0.0707688182592392
667,26,26,26,0.023419111967086792,0.9765809178352356,26,1,26,1,0.9999997615814209,0.998253345489502,0.9669910669326782,0.0017481816900500186,0.03356602149014935,0.5447160005569458,0.4552839994430542,0.9669910669326782,0.9611587501130998
668,5,7,1,0.023420723155140877,0.9765792489051819,1,0,1,0,0.2222200632095337,0.2018723487854004,0.15747977793216705,1.600119718043031,1.848458223041154,0.573151707649231,0.42684829235076904,0.24228382110595703,0.08480404317378998
669,2,22,2,0.022609472274780273,0.9773905277252197,2,1,2,1,0.09178237617015839,0.9253010153770447,0.6840978860855103,0.07763617237873839,0.37965426328645474,0.38676488399505615,0.6132351160049438,0.6840978860855103,0.6341807097196579
670,8,5,16,0.019895896315574646,0.9801040887832642,16,0,8,1,0.03136437013745308,0.4419950544834137,0.2984490692615509,0.8164565859185884,1.2091559829464709,0.7018400430679321,0.2981599271297455,0.2984490692615509,0.08675043284893036
671,8,8,8,0.01729491725564003,0.9827050566673279,8,1,8,1,0.6991806626319885,0.9873860478401184,0.8182156085968018,0.012694183457613478,0.2006293969188567,0.45551273226737976,0.5444872379302979,0.8182156085968018,0.7627208009362221
672,9,9,9,0.016383860260248184,0.9836161136627197,9,1,9,1,0.9833050966262817,0.8029085993766785,0.721362292766571,0.21951439545319082,0.3266137814011554,0.6524819135665894,0.34751811623573303,0.721362292766571,0.6817455925047398
673,26,26,26,0.01653219386935234,0.9834678173065186,26,1,26,1,0.999941349029541,0.998668372631073,0.9662227630615234,0.0013325147725332753,0.03436086777118082,0.6842969059944153,0.3157031536102295,0.9662227630615234,0.963132539531216
674,12,12,12,0.01650267280638218,0.9834973216056824,12,1,12,1,0.8843370676040649,0.9825833439826965,0.8075911998748779,0.017570110355336833,0.2136992892411618,0.7388102412223816,0.2611898183822632,0.8075911998748779,0.7731386013329029
675,16,16,16,0.016026880592107773,0.9839731454849243,16,1,16,1,0.9999386072158813,0.9888277053833008,0.9299908876419067,0.011235173472919144,0.07258049111734732,0.6635035872459412,0.3364964723587036,0.9299908876419067,0.916497178375721
676,7,7,7,0.016015805304050446,0.9839841723442078,7,1,7,1,0.8972553014755249,0.863953709602356,0.7323070764541626,0.14623608846249714,0.31155534963507503,0.7324601411819458,0.2675398588180542,0.7323070764541626,0.6492002457380295
677,9,27,9,0.015663882717490196,0.9843361377716064,9,1,25,0,0.2598569989204407,0.29477667808532715,0.15272074937820435,1.2215372327688252,1.879144192700018,0.9386119842529297,0.061388012021780014,0.18065176904201508,0.02793101966381073
678,14,14,14,0.015220030210912228,0.984779953956604,14,1,14,1,0.9111241102218628,0.9623779654502869,0.8440341353416443,0.03834801000117966,0.16956234048645746,0.6553552150726318,0.3446447551250458,0.8440341353416443,0.8006324209272861
679,11,21,4,0.014905991964042187,0.9850940108299255,4,0,4,0,0.20418603718280792,0.06372954696416855,0.05652420222759247,2.753106978355788,2.8730863745383566,0.8130719661712646,0.18692806363105774,0.1952648013830185,0.07976305484771729
680,9,27,14,0.011506796814501286,0.9884932041168213,14,0,14,0,0.09003844857215881,0.27043282985687256,0.22632475197315216,1.3077315299906158,1.485784355509217,0.7457568049430847,0.25424322485923767,0.5249332785606384,0.29860852658748627
681,2,2,2,0.011076770722866058,0.9889232516288757,2,1,2,1,0.9976766109466553,0.8976139426231384,0.7468920946121216,0.10801521110892288,0.2918345559405983,0.5338620543479919,0.4661378860473633,0.7468920946121216,0.6989991515874863
682,1,7,1,0.011120700277388096,0.9888793230056763,1,1,1,1,0.00777159258723259,0.9214816093444824,0.6429089903831482,0.0817724593752802,0.4417521038240939,0.14601528644561768,0.8539847135543823,0.6429089903831482,0.5571588575839996
683,27,27,27,0.01004628837108612,0.9899536967277527,27,1,27,1,0.9973242878913879,0.8850855231285095,0.6755751967430115,0.12207100233979372,0.39219080765461967,0.6402381658554077,0.3597617745399475,0.6755751967430115,0.4827876389026642
684,25,25,25,0.010061102919280529,0.9899389147758484,25,1,25,1,0.9702014923095703,0.7074268460273743,0.7465649843215942,0.34612105265183674,0.2922726137868831,0.7019009590148926,0.29809901118278503,0.7465649843215942,0.6868699118494987
685,0,0,0,0.01019307505339384,0.9898069500923157,0,1,0,1,0.9981440305709839,0.9983541965484619,0.9520503282546997,0.0016471592738542039,0.049137379774359426,0.5928986072540283,0.4071013629436493,0.9520503282546997,0.9422760866582394
686,8,8,8,0.010123931802809238,0.9898760914802551,8,1,8,1,0.9000933170318604,0.6253105401992798,0.5322935581207275,0.4695068883230911,0.6305601408478598,0.6109017729759216,0.38909822702407837,0.5322935581207275,0.2906586080789566
687,2,0,2,0.010351206175982952,0.9896488189697266,2,1,2,1,0.17409811913967133,0.9717514514923096,0.8104403018951416,0.02865521556189555,0.21017759641655445,0.6064435839653015,0.3935564458370209,0.8104403018951416,0.7866289671510458
688,17,17,17,0.010012799873948097,0.9899871945381165,17,1,17,1,0.7489069700241089,0.938481867313385,0.8604451417922974,0.06349174406562935,0.15030541691151308,0.5339321494102478,0.4660678803920746,0.8604451417922974,0.8163388259708881
689,10,10,10,0.010028757154941559,0.9899712204933167,10,1,10,1,0.8938624858856201,0.6124074459075928,0.785875678062439,0.49035745670362574,0.24095666946720973,0.9116101264953613,0.08838992565870285,0.785875678062439,0.7110519334673882
690,25,25,25,0.010278214700520039,0.9897217750549316,25,1,25,1,0.8368622064590454,0.4944480359554291,0.5589169263839722,0.70431321745437,0.5817544279906712,0.5850117802619934,0.4149882197380066,0.5589169263839722,0.4812760576605797
691,2,2,2,0.010538293048739433,0.9894617199897766,2,1,2,1,0.7307115793228149,0.3569759428501129,0.43013128638267517,1.0300868864475758,0.8436647997253188,0.8191424012184143,0.1808575689792633,0.43013128638267517,0.33487869799137115
692,16,0,16,0.011017688550055027,0.9889823198318481,16,1,16,1,0.05803989619016647,0.9587007164955139,0.5361457467079163,0.04217633153791967,0.6233492393738106,0.5897879600524902,0.4102120101451874,0.5361457467079163,0.4722438082098961
693,0,0,0,0.010025722905993462,0.9899742603302002,0,1,0,1,1.0,0.9995515942573547,0.9803677797317505,0.00044850630656369825,0.019827492278925336,0.6255873441696167,0.3744126856327057,0.9803677797317505,0.9768363332841545
694,0,0,0,0.010025380179286003,0.9899746179580688,0,1,0,1,0.9999995231628418,0.9998179078102112,0.9848127961158752,0.0001821087705844622,0.015303710577427378,0.7018951177597046,0.2981049418449402,0.9848127961158752,0.9826827829238027
695,2,22,19,0.010024242103099823,0.9899757504463196,19,0,19,0,0.7725332975387573,0.318889319896698,0.2840633690357208,1.1429111959731704,1.2585579353033503,0.46889859437942505,0.531101405620575,0.3520747125148773,0.0680113434791565
696,0,0,0,0.010582742281258106,0.9894172549247742,0,1,0,1,0.9994944334030151,0.958000898361206,0.8556196689605713,0.042906563265154546,0.15592931353815156,0.7602670788764954,0.23973295092582703,0.8556196689605713,0.8085809014737606
697,23,23,23,0.01058023702353239,0.9894197583198547,23,1,23,1,0.9904729723930359,0.8015252947807312,0.626703679561615,0.22123874812829136,0.46728145044017316,0.657092809677124,0.3429071605205536,0.626703679561615,0.5030424669384956
698,0,0,0,0.010605129413306713,0.9893948435783386,0,1,0,1,0.9998942613601685,0.9941366314888,0.8947887420654297,0.00588062554564746,0.11116763095466475,0.7097503542900085,0.29024970531463623,0.8947887420654297,0.884245740249753
699,26,26,26,0.010594679042696953,0.9894053339958191,26,1,26,1,0.9999918341636658,0.9914042949676514,0.9419877529144287,0.00863286118026308,0.059763005642700845,0.5836465358734131,0.4163534641265869,0.9419877529144287,0.9319771761074662
700,25,25,25,0.010598328895866871,0.9894016981124878,25,1,25,1,0.9898994565010071,0.7599279880523682,0.745846152305603,0.2745316027537414,0.2932359302000856,0.4184594750404358,0.5815405249595642,0.745846152305603,0.6801256015896797
701,22,2,22,0.010672087781131268,0.9893279075622559,22,1,19,0,0.4978216886520386,0.20136837661266327,0.05301699787378311,1.602619328838262,2.9371427022482677,0.74879390001297,0.25120604038238525,0.18076515197753906,0.05173914134502411
702,4,4,4,0.01082790456712246,0.989172101020813,4,1,4,1,0.9885544776916504,0.9668227434158325,0.9298064708709717,0.033740106002701734,0.07277881032744338,0.49633052945137024,0.5036695003509521,0.9298064708709717,0.9182640938088298
703,20,20,6,0.010737111791968346,0.9892628788948059,6,0,3,0,0.23118145763874054,0.1173132061958313,0.16408970952033997,2.1429079448702035,1.8073419914426077,0.6577110886573792,0.3422888517379761,0.2847573161125183,0.11126051843166351
704,16,16,16,0.011596263386309147,0.9884037375450134,16,1,16,1,0.9910591244697571,0.8267627954483032,0.7685388922691345,0.19023745043527823,0.2632641092565285,0.5893024802207947,0.4106975495815277,0.7685388922691345,0.7156706713140011
705,5,5,5,0.011674941517412663,0.9883250594139099,5,1,5,1,0.9988418817520142,0.9912835955619812,0.8918537497520447,0.008754614489390345,0.11445311752173692,0.6010032296180725,0.3989967703819275,0.8918537497520447,0.868167182430625
706,26,26,26,0.011632229201495647,0.9883677959442139,26,1,26,1,1.0,0.9994857311248779,0.9805479049682617,0.0005144011567141778,0.019643776845953614,0.6414308547973633,0.3585691750049591,0.9805479049682617,0.9778324475046247
707,12,7,12,0.01163235493004322,0.9883676171302795,12,1,12,1,0.2636142075061798,0.9619041681289673,0.679704487323761,0.03884045060812212,0.3860971527331953,0.6005334258079529,0.39946651458740234,0.679704487323761,0.6308109238743782
708,1,5,1,0.010445662774145603,0.9895543456077576,1,1,1,1,0.04399725794792175,0.5064556002616882,0.22538045048713684,0.6803186190337026,1.4899654136706117,0.2573598623275757,0.7426401972770691,0.22538045048713684,0.08044891059398651
709,11,11,11,0.010341744869947433,0.9896582365036011,11,1,11,1,0.9814327955245972,0.8554347157478333,0.7844730615615845,0.1561454997857791,0.24274304575224534,0.5084194540977478,0.4915805160999298,0.7844730615615845,0.7286900989711285
710,21,21,21,0.010239863768219948,0.989760160446167,21,1,21,1,0.9985969662666321,0.9271271228790283,0.7687633633613586,0.07566458918390444,0.26297207677820844,0.6064199805259705,0.39358004927635193,0.7687633633613586,0.6972067505121231
711,17,17,27,0.010243899188935757,0.9897561073303223,27,0,17,1,0.609270453453064,0.4259204566478729,0.674659252166748,0.8535026716312596,0.39354752717470054,0.9166239500045776,0.08337599039077759,0.674659252166748,0.46394486725330353
712,7,7,7,0.010683463886380196,0.9893165230751038,7,1,7,1,0.9999573230743408,0.9910648465156555,0.9484230875968933,0.008975311358387104,0.05295458135364632,0.6114161610603333,0.38858383893966675,0.9484230875968933,0.9209935944527388
713,16,16,11,0.010684472508728504,0.9893155097961426,11,0,16,1,0.5471058487892151,0.23398062586784363,0.2950146496295929,1.4525169624887326,1.2207302641139905,0.733535885810852,0.26646408438682556,0.2950146496295929,0.06762680411338806
714,5,5,5,0.011500269174575806,0.9884997606277466,5,1,5,1,0.9994531869888306,0.9714393019676208,0.7713199257850647,0.02897649079112137,0.25965204234882494,0.5726121068000793,0.42738795280456543,0.7713199257850647,0.723116084933281
715,17,1,17,0.01146275456994772,0.9885372519493103,17,1,17,1,0.1283264011144638,0.39096665382385254,0.27700075507164,0.9391330069716602,1.2837350469081166,0.9389415383338928,0.06105842441320419,0.27700075507164,0.09207721054553986
716,16,16,16,0.010818243026733398,0.9891817569732666,16,1,16,1,0.9998283982276917,0.9704166054725647,0.8941412568092346,0.03002980951131358,0.11189151091070106,0.5506258606910706,0.44937410950660706,0.8941412568092346,0.8762257434427738
717,8,26,8,0.010829216800630093,0.9891707897186279,8,1,8,1,0.10591673851013184,0.9791569113731384,0.7986105680465698,0.0210633721004269,0.22488185122423346,0.8622609972953796,0.13773901760578156,0.7986105680465698,0.7109978199005127
718,3,3,3,0.010013716295361519,0.9899863004684448,3,1,3,1,0.9089178442955017,0.6104655861854553,0.7445673942565918,0.4935333569048134,0.29495190811204786,0.703571617603302,0.296428382396698,0.7445673942565918,0.6281464844942093
719,6,6,6,0.010250397957861423,0.9897496104240417,6,1,6,1,0.9807029962539673,0.6558628082275391,0.4936351180076599,0.42180364570905365,0.7059586622287748,0.7454221248626709,0.2545778453350067,0.4936351180076599,0.3187670558691025
720,10,10,10,0.010424736887216568,0.9895752668380737,10,1,10,1,0.823697030544281,0.9749889373779297,0.8915801048278809,0.025329154327705862,0.1147599917302853,0.2827795445919037,0.7172204852104187,0.8915801048278809,0.8728374000638723
721,26,26,26,0.010127468034625053,0.9898725152015686,26,1,26,1,0.9999977350234985,0.9995127320289612,0.9811041355133057,0.00048738672465474097,0.019076672641464107,0.5892084836959839,0.4107915461063385,0.9811041355133057,0.9789161861408502
722,13,13,4,0.01012407150119543,0.9898759126663208,13,1,13,1,0.6244086623191833,0.29049789905548096,0.3352125883102417,1.2361589348833424,1.0929903564545402,0.9266109466552734,0.07338900119066238,0.3352125883102417,0.10281303524971008
723,13,13,13,0.01072765700519085,0.9892723560333252,13,1,13,1,0.977921724319458,0.8056169748306274,0.7442945241928101,0.21614686675877845,0.2953184566327073,0.7074407935142517,0.2925592362880707,0.7442945241928101,0.6739574149250984
724,5,5,5,0.010842360556125641,0.9891576170921326,5,1,5,1,0.9821127653121948,0.9961671829223633,0.9314034581184387,0.0038401811437800922,0.07106273562301733,0.7690166234970093,0.23098334670066833,0.9314034581184387,0.9111202023923397
725,3,11,6,0.010733776725828648,0.9892662167549133,6,0,6,0,0.08001536875963211,0.1499784290790558,0.2766633927822113,1.8972638013666037,1.284953700246926,0.29894572496414185,0.7010542750358582,0.42223960161209106,0.14557620882987976
726,8,8,8,0.010989923030138016,0.9890100955963135,8,1,8,1,0.9985201954841614,0.9928679466247559,0.9304229021072388,0.0071576080452556935,0.07211606274611329,0.5945270657539368,0.40547293424606323,0.9304229021072388,0.907738545909524
727,0,0,0,0.01095687784254551,0.989043116569519,0,1,0,1,0.8366858959197998,0.9937529563903809,0.895078182220459,0.006266638033989599,0.11084421008619125,0.6026790738105774,0.397320955991745,0.895078182220459,0.8596181236207485
728,0,0,0,0.010543418116867542,0.9894565939903259,0,1,0,1,0.9995627403259277,0.9891222715377808,0.8921711444854736,0.010937323517061108,0.11409729879095255,0.6993713974952698,0.3006286025047302,0.8921711444854736,0.8790187146514654
729,27,17,14,0.010527508333325386,0.989472508430481,14,0,17,0,0.6335353255271912,0.14395570755004883,0.12428871542215347,1.9382496131785476,2.085148069605559,0.950486421585083,0.04951357841491699,0.3347169756889343,0.027135014533996582
730,21,21,21,0.011011311784386635,0.9889886975288391,21,1,21,1,0.9998922348022461,0.9925006031990051,0.9007421731948853,0.007527658663792251,0.10453621860080572,0.5711957216262817,0.4288042485713959,0.9007421731948853,0.8821288924664259
731,26,17,26,0.010992728173732758,0.989007294178009,26,1,26,1,0.08393526822328568,0.9846925139427185,0.7541410326957703,0.01542585513087639,0.2821758824494955,0.5031495094299316,0.49685046076774597,0.7541410326957703,0.676219530403614
732,18,0,16,0.010012509301304817,0.9899874925613403,16,0,16,0,0.041651368141174316,0.013122720643877983,0.03598357364535332,4.333410150814346,3.3246927322859787,0.8438714742660522,0.15612858533859253,0.14618483185768127,0.01107148826122284
733,17,17,17,0.012385105714201927,0.9876148700714111,17,1,17,1,0.8051459789276123,0.8738309144973755,0.8424487709999084,0.13486838371620852,0.17144242453920283,0.5406185388565063,0.45938143134117126,0.8424487709999084,0.782045491039753
734,6,6,6,0.011859461665153503,0.9881405234336853,6,1,6,1,0.868710994720459,0.721960186958313,0.566906750202179,0.32578528432674436,0.5675604505042494,0.5862135291099548,0.4137864112854004,0.566906750202179,0.3899500072002411
735,4,4,4,0.011775714345276356,0.9882242679595947,4,1,4,1,0.6612544655799866,0.26771771907806396,0.5656114816665649,1.3178221405900234,0.5698478646295694,0.6055366396903992,0.39446336030960083,0.5656114816665649,0.4750714525580406
736,16,21,16,0.012576384469866753,0.9874235987663269,16,1,16,1,0.25909918546676636,0.8988574147224426,0.6842578053474426,0.10663086140270045,0.3794205239690219,0.489938348531723,0.5100616216659546,0.6842578053474426,0.625902783125639
737,27,17,27,0.01104876771569252,0.9889512062072754,27,1,27,1,0.27048906683921814,0.9533940553665161,0.513835072517395,0.04772697142435169,0.6658529356056796,0.8930115699768066,0.10698837786912918,0.513835072517395,0.19215857982635498
738,19,19,19,0.010029434226453304,0.9899705648422241,19,1,19,1,0.8787112236022949,0.5001110434532166,0.5859534740447998,0.6929251183111585,0.5345148883851267,0.6843045949935913,0.3156953752040863,0.5859534740447998,0.4746924489736557
739,3,3,3,0.010361765511333942,0.9896382093429565,3,1,3,1,0.9661770462989807,0.7539329528808594,0.8305152058601379,0.2824518368366429,0.18570904081267017,0.6097741723060608,0.390225887298584,0.8305152058601379,0.7428128868341446
740,0,0,0,0.010499288327991962,0.9895007014274597,0,1,0,1,0.9994208812713623,0.9985095858573914,0.9552048444747925,0.001491525914571301,0.045829464670319835,0.48400524258613586,0.5159947872161865,0.9552048444747925,0.9501506304368377
741,3,15,3,0.010455186478793621,0.9895448088645935,3,1,11,0,0.13817165791988373,0.39557701349258423,0.2677157521247864,0.927409786350016,1.3178294877335377,0.853451669216156,0.14654837548732758,0.28036177158355713,0.012646019458770752
742,7,7,7,0.010469394735991955,0.989530622959137,7,1,7,1,0.9897823333740234,0.9970341920852661,0.9551978707313538,0.0029702146381811235,0.045836765480126315,0.6505898237228394,0.34941020607948303,0.9551978707313538,0.944776582531631
743,23,6,23,0.010372353717684746,0.9896276593208313,23,1,23,1,0.005432928446680307,0.7786068320274353,0.4538886845111847,0.25024906908517963,0.7899032993057102,0.6302463412284851,0.3697536289691925,0.4538886845111847,0.34424278140068054
744,16,16,10,0.010123190470039845,0.9898768067359924,10,0,10,0,0.016262173652648926,0.025597751140594482,0.06325904279947281,3.6652507774258405,2.7605171924319984,0.07579315453767776,0.9242068529129028,0.8461765050888062,0.7829174622893333
745,9,17,9,0.012430773116648197,0.9875692129135132,9,1,9,1,0.3857552111148834,0.6341241598129272,0.4754274785518646,0.4555105080511345,0.7435409248180279,0.9140210151672363,0.08597898483276367,0.4754274785518646,0.2939206212759018
746,8,8,8,0.011962492018938065,0.9880375266075134,8,1,8,1,0.9999798536300659,0.9875591993331909,0.9002131223678589,0.012518835311872228,0.10512374106018951,0.6724616885185242,0.32753828167915344,0.9002131223678589,0.8763621356338263
747,17,27,9,0.01196190994232893,0.9880380630493164,9,0,9,0,0.0667194053530693,0.17351359128952026,0.12414931505918503,1.7514993467006716,2.0862702840855887,0.7738261222839355,0.22617386281490326,0.41289764642715454,0.2887483313679695
748,12,8,12,0.010920345783233643,0.9890796542167664,12,1,12,1,0.1399533599615097,0.7636681199073792,0.5475593209266663,0.2696219822207629,0.6022844744362756,0.8047981858253479,0.1952018290758133,0.5475593209266663,0.19641849398612976
749,0,0,0,0.010138199664652348,0.989861786365509,0,1,0,1,1.0,0.9998896718025208,0.9889989495277405,0.00011033428408251431,0.011062009515964276,0.5636274218559265,0.4363725185394287,0.9889989495277405,0.9873175609391183
750,16,16,16,0.010138165205717087,0.9898618459701538,16,1,16,1,0.977634072303772,0.8123398423194885,0.8689069747924805,0.20783650135362725,0.14051920801707024,0.443205326795578,0.5567946434020996,0.8689069747924805,0.8057722672820091
751,21,21,21,0.010220603086054325,0.9897794127464294,21,1,21,1,0.9490372538566589,0.6981348395347595,0.5784652233123779,0.35934301502736327,0.5473768494321898,0.5875275731086731,0.4124724864959717,0.5784652233123779,0.42226868867874146
752,7,7,7,0.010373757220804691,0.9896262288093567,7,1,7,1,0.9627323746681213,0.7264162302017212,0.6238861680030823,0.3196321086052883,0.4717873503258054,0.6315426826477051,0.36845728754997253,0.6238861680030823,0.523898683488369
753,14,14,14,0.010487203486263752,0.9895128011703491,14,1,14,1,0.9937877058982849,0.880761444568634,0.7685167193412781,0.12696846772811488,0.2632929604284581,0.6864192485809326,0.31358078122138977,0.7685167193412781,0.6829020604491234
754,17,17,27,0.010540798306465149,0.989459216594696,27,0,27,0,0.03398682922124863,0.03256095573306084,0.10874955356121063,3.424641385297604,2.21870771420604,0.5238121747970581,0.47618788480758667,0.5094419121742249,0.4006923586130142
755,21,21,6,0.01188313402235508,0.9881168603897095,6,0,21,1,0.2102382332086563,0.13455116748809814,0.2508701980113983,2.0058107248636032,1.3828196130098684,0.8099294900894165,0.19007053971290588,0.2508701980113983,0.08601070940494537
756,6,6,3,0.013046300038695335,0.9869536757469177,3,0,3,0,0.5851123332977295,0.3904075026512146,0.2262541502714157,0.9405642067712655,1.486096352829282,0.6728156805038452,0.3271843194961548,0.4878630042076111,0.2616088539361954
757,2,21,2,0.013035898096859455,0.9869641065597534,2,1,2,1,0.015107199549674988,0.9430835247039795,0.7834664583206177,0.058600426884029576,0.2440270281590844,0.5568271279335022,0.4431728720664978,0.7834664583206177,0.7418253682553768
758,1,5,22,0.010285863652825356,0.9897141456604004,22,0,2,0,0.17342734336853027,0.10623010247945786,0.04812400043010712,2.242147759496546,3.0339742568733827,0.7307008504867554,0.269299179315567,0.11783193051815033,0.013741739094257355
759,26,26,26,0.01117246225476265,0.9888275265693665,26,1,26,1,0.9944509863853455,0.8438323736190796,0.7890775203704834,0.1698014135677166,0.23689071154248642,0.637451171875,0.3625488579273224,0.7890775203704834,0.7287462130188942
760,8,12,14,0.01126778032630682,0.9887322187423706,14,0,14,0,0.018388651311397552,0.009318526834249496,0.03982769325375557,4.675750727772915,3.2231927982596957,0.5948790311813354,0.4051210284233093,0.3587281405925751,0.28138092905282974
761,26,26,26,0.01298375241458416,0.9870162606239319,26,1,26,1,0.9999983310699463,0.9983733892440796,0.9664437174797058,0.0016279351235446375,0.03413221536646466,0.4558381736278534,0.5441617965698242,0.9664437174797058,0.9625503290444613
762,9,5,27,0.012981090694665909,0.987018883228302,27,0,9,1,0.009439139626920223,0.29885682463645935,0.40847206115722656,1.2077906676451657,0.8953317607609974,0.6062586903572083,0.39374130964279175,0.40847206115722656,0.0671243667602539
763,24,26,21,0.01135347131639719,0.9886465072631836,21,0,21,0,0.18138867616653442,0.14291925728321075,0.11005482077598572,1.9454754425713943,2.206776666644369,0.25605687499046326,0.7439430952072144,0.29726386070251465,0.18720903992652893
764,4,4,4,0.011019605211913586,0.9889804124832153,4,1,4,1,0.9983882308006287,0.9324120879173279,0.9167947769165039,0.0699804076002724,0.08687163011849255,0.6288653016090393,0.3711347281932831,0.9167947769165039,0.8688599653542042
765,25,25,25,0.011057160794734955,0.9889428615570068,25,1,25,1,0.7889482378959656,0.43538135290145874,0.5331151485443115,0.8315329586103924,0.6290178396045839,0.5783339738845825,0.4216659963130951,0.5331151485443115,0.44019515067338943
766,22,18,25,0.011504552327096462,0.9884954690933228,25,0,18,0,0.108022540807724,0.17722384631633759,0.07657749950885773,1.7303416769739801,2.5694519854789037,0.9332444667816162,0.06675548106431961,0.2274738997220993,0.05405279994010925
767,22,25,22,0.010904673486948013,0.9890953302383423,22,1,25,0,0.5688562989234924,0.31999167799949646,0.12330630421638489,1.1394602897781068,2.093083741032228,0.5189208388328552,0.4810791015625,0.4322286546230316,0.30892235040664673
768,19,5,19,0.010584007948637009,0.9894160032272339,19,1,19,1,0.1970953792333603,0.5167039632797241,0.439098596572876,0.6602851733492956,0.8230312975642416,0.6233274936676025,0.37667253613471985,0.439098596572876,0.26737019419670105
769,26,7,7,0.010333220474421978,0.989666759967804,7,0,7,0,0.8481602072715759,0.17244292795658112,0.08804595470428467,1.757688949680078,2.4298963882607625,0.6617020964622498,0.33829790353775024,0.47670599818229675,0.3487641215324402
770,0,0,0,0.010906827636063099,0.9890931844711304,0,1,0,1,0.7575357556343079,0.988575279712677,0.8950750231742859,0.01149048377021061,0.11084773944464345,0.43683645129203796,0.5631635785102844,0.8950750231742859,0.8677530717104673
771,21,21,21,0.010368195362389088,0.9896318316459656,21,1,21,1,0.9998329281806946,0.9757111072540283,0.8964202404022217,0.02458873305065869,0.10934595765586214,0.5343112945556641,0.4656887352466583,0.8964202404022217,0.8640625476837158
772,5,5,5,0.010379313491284847,0.9896206855773926,5,1,5,1,0.9828949570655823,0.9654137492179871,0.7971165776252747,0.03519851386628951,0.22675434034227396,0.7952243089675903,0.20477575063705444,0.7971165776252747,0.7360376231372356
773,9,9,9,0.010264314711093903,0.9897356629371643,9,1,9,1,0.9832829833030701,0.8305381536483765,0.7153438925743103,0.18568141040801325,0.3349918832810702,0.5517948269844055,0.4482051134109497,0.7153438925743103,0.6032647714018822
774,14,27,14,0.010259391739964485,0.9897406101226807,14,1,14,1,0.6769739389419556,0.9161941409111023,0.7937777638435364,0.08752699253891703,0.2309517513163571,0.38300731778144836,0.616992712020874,0.7937777638435364,0.6873308047652245
775,3,3,15,0.010043075308203697,0.9899569153785706,15,0,15,0,0.13386209309101105,0.09876998513936996,0.3093418776988983,2.314961514519033,1.1733082133740844,0.5581994652748108,0.4418005347251892,0.38228073716163635,0.07293885946273804
776,5,5,5,0.011291319504380226,0.9887086749076843,5,1,5,1,0.9966849088668823,0.9834148287773132,0.8585323691368103,0.01672424502777566,0.15253089506091677,0.7178006768226624,0.28219929337501526,0.8585323691368103,0.8380205314606428
777,4,4,4,0.011241070926189423,0.98875892162323,4,1,4,1,0.8179602026939392,0.3371015191078186,0.5824695825576782,1.0873711503511527,0.5404783136908314,0.678273618221283,0.32172641158103943,0.5824695825576782,0.5127687677741051
778,9,9,9,0.011652056127786636,0.9883479475975037,9,1,9,1,0.9817639589309692,0.913173496723175,0.770930290222168,0.09082938717081004,0.2601573242637081,0.638232946395874,0.3617670238018036,0.770930290222168,0.7294767089188099
779,5,5,5,0.01158151589334011,0.988418459892273,5,1,5,1,0.9032114744186401,0.9662430882453918,0.7772430777549744,0.034339832280328116,0.2520021361556583,0.7358307838439941,0.26416924595832825,0.7772430777549744,0.7383119836449623
780,6,6,6,0.011229845695197582,0.9887701272964478,6,1,3,0,0.9068945050239563,0.5468191504478455,0.39691585302352905,0.6036371519807286,0.9240309778806057,0.6297122836112976,0.37028768658638,0.4232293963432312,0.02631354331970215
781,3,3,3,0.01121528446674347,0.9887847304344177,3,1,3,1,0.9802654981613159,0.8096974492073059,0.8598906397819519,0.2110946205885888,0.150950060864731,0.5550400614738464,0.4449599087238312,0.8598906397819519,0.7687270268797874
782,3,6,1,0.011322466656565666,0.9886775612831116,1,0,1,0,0.061159830540418625,0.03302882984280586,0.07253444939851761,3.41037446730945,2.623693665858745,0.3664324879646301,0.6335675120353699,0.2910439968109131,0.1482715904712677
783,9,9,9,0.01231751311570406,0.9876824617385864,9,1,9,1,0.99976646900177,0.9814015030860901,0.8870363831520081,0.018773623754152407,0.11986927930407663,0.5502471923828125,0.4497527778148651,0.8870363831520081,0.8704466875642538
784,10,10,10,0.012304088100790977,0.9876959323883057,10,1,10,1,0.9999547004699707,0.9856165647506714,0.951907753944397,0.01448787957598137,0.04928714600283075,0.6881662607192993,0.3118337392807007,0.951907753944397,0.9407200152054429
785,2,2,22,0.012311982922255993,0.9876880049705505,22,0,2,1,0.48995542526245117,0.2062557339668274,0.3021340072154999,1.5786384531025044,1.196884627525765,0.8145559430122375,0.18544410169124603,0.3021340072154999,0.17864890396595
786,16,16,12,0.013138645328581333,0.9868613481521606,12,0,16,1,0.6687369346618652,0.34648650884628296,0.4488883316516876,1.0599113966187486,0.800981126733934,0.675594687461853,0.324405312538147,0.4488883316516876,0.3413480892777443
787,18,21,5,0.013601080514490604,0.9863989353179932,5,0,5,0,0.00934066716581583,0.01619352214038372,0.03342575952410698,4.1231439845898255,3.398428433017984,0.9076752066612244,0.09232483059167862,0.2640904486179352,0.1362476646900177
788,16,16,16,0.014596134424209595,0.9854038953781128,16,1,16,1,0.9763491153717041,0.7793639302253723,0.8008672595024109,0.24927716604838807,0.22206006412049537,0.6918500065803528,0.3081500232219696,0.8008672595024109,0.7259058505296707
789,17,9,27,0.014775805175304413,0.985224187374115,27,0,27,0,0.7526567578315735,0.02032347023487091,0.05281313136219978,3.895978891577833,2.9409954191489875,0.4825795292854309,0.5174205303192139,0.549475908279419,0.2773522436618805
790,14,27,14,0.014065672643482685,0.985934317111969,14,1,14,1,0.6851301789283752,0.8641889691352844,0.7196674346923828,0.14596381981561243,0.32896606993955285,0.5799439549446106,0.4200560450553894,0.7196674346923828,0.63465316593647
791,8,8,8,0.013511953875422478,0.9864880442619324,8,1,8,1,0.9308105707168579,0.990630567073822,0.9106172323226929,0.009413602173219165,0.09363263211962636,0.6530190110206604,0.3469809293746948,0.9106172323226929,0.8843893557786942
792,6,0,6,0.013159304857254028,0.9868406653404236,6,1,6,1,0.013066684827208519,0.4384297728538513,0.3066692650318146,0.8245556331226876,1.1819854247132258,0.2587205171585083,0.7412794232368469,0.3066692650318146,0.1871713474392891
793,5,5,5,0.010677002370357513,0.9893230199813843,5,1,5,1,0.8635459542274475,0.9646082520484924,0.8701585531234741,0.036033216492201335,0.13907983896859424,0.8401002883911133,0.15989968180656433,0.8701585531234741,0.8032838106155396
794,5,5,5,0.010415131226181984,0.9895848631858826,5,1,5,1,0.9818227887153625,0.7469618320465088,0.5829805731773376,0.2917411901393063,0.539601415352642,0.7333806157112122,0.26661932468414307,0.5829805731773376,0.4459960162639618
795,17,17,17,0.010464798659086227,0.9895352125167847,17,1,17,1,0.9905449748039246,0.8362458348274231,0.8199504613876343,0.1788326483264849,0.19851135349068294,0.38356471061706543,0.6164352893829346,0.8199504613876343,0.7670357823371887
796,1,1,1,0.010499761439859867,0.9895002245903015,1,1,1,1,0.7581013441085815,0.9544568061828613,0.8085392713546753,0.046612889660744575,0.2125260280404976,0.25452929735183716,0.7454707622528076,0.8085392713546753,0.7519686110317707
797,3,3,10,0.01002471148967743,0.9899752736091614,10,0,3,1,0.058163005858659744,0.028637081384658813,0.1753041297197342,3.553052849042796,1.7412329293191184,0.6959531903266907,0.30404675006866455,0.1753041297197342,0.09605124592781067
798,11,21,23,0.0121906828135252,0.9878093004226685,23,0,4,0,0.09601426869630814,0.02990848384797573,0.03647172451019287,3.5096130980973115,3.3112179895599083,0.8443113565444946,0.15568865835666656,0.15706390142440796,0.060728996992111206
799,1,5,1,0.011915192939341068,0.9880847930908203,1,1,1,1,0.12877623736858368,0.8608539700508118,0.6972625851631165,0.14983039399029144,0.36059320292338987,0.0793689712882042,0.9206310510635376,0.6972625851631165,0.6389683522284031
800,10,10,24,0.010443489998579025,0.9895564913749695,24,0,10,1,0.5620704889297485,0.2222537398338318,0.29832157492637634,1.5039355775808485,1.2095832638067343,0.8867109417915344,0.11328914016485214,0.29832157492637634,0.22043482959270477
801,13,21,13,0.011262296698987484,0.9887377023696899,13,1,13,1,0.4386218190193176,0.8040810823440552,0.5778371095657349,0.21805516620142182,0.5484632673880545,0.4823795557022095,0.5176204442977905,0.5778371095657349,0.4775429666042328
802,15,15,15,0.010673848912119865,0.9893261790275574,15,1,15,1,0.919745683670044,0.9953062534332275,0.9678574204444885,0.004704796786702551,0.03267049548347623,0.684124767780304,0.31587523221969604,0.9678574204444885,0.9603133462369442
803,0,0,0,0.010484213009476662,0.9895157814025879,0,1,0,1,0.9999927282333374,0.9989556074142456,0.9661820530891418,0.001044938343714452,0.03440300177131098,0.6315054893493652,0.36849451065063477,0.9661820530891418,0.9613584605976939
804,13,15,13,0.010479878634214401,0.9895201325416565,13,1,13,1,0.0065699550323188305,0.6477965116500854,0.28182098269462585,0.43417865717745957,1.2664832227628238,0.6738098859786987,0.3261900842189789,0.28182098269462585,0.11514091491699219
805,5,5,5,0.010216804221272469,0.9897831678390503,5,1,5,1,0.9984789490699768,0.9840834140777588,0.8634838461875916,0.016044615118464892,0.1467800889385514,0.5536689758300781,0.44633105397224426,0.8634838461875916,0.833367021754384
806,3,3,11,0.010151374153792858,0.9898486137390137,11,0,3,1,0.4172085225582123,0.2237706482410431,0.6289947628974915,1.49713364344342,0.4636323483934786,0.7095140218734741,0.2904859185218811,0.6289947628974915,0.5119172781705856
807,21,21,21,0.010840707458555698,0.9891592860221863,21,1,21,1,0.9999982714653015,0.9978941082954407,0.95735764503479,0.002108112212475489,0.04357824257325873,0.5160701870918274,0.4839298725128174,0.95735764503479,0.9480612613260746
808,22,2,16,0.0108400983735919,0.989159882068634,16,0,16,0,0.019761258736252785,0.010405058972537518,0.03578421100974083,4.565463151441162,3.3302485161067126,0.8025014400482178,0.19749850034713745,0.6813213229179382,0.6331186667084694
809,25,25,25,0.013168374076485634,0.9868316054344177,25,1,25,1,0.9995039701461792,0.9412651658058167,0.8760690093040466,0.060530387587939036,0.1323104134042037,0.7054682374000549,0.2945317327976227,0.8760690093040466,0.8332041651010513
810,10,10,10,0.013197976164519787,0.9868020415306091,10,1,10,1,0.9873626232147217,0.6894009113311768,0.6501135230064392,0.37193230298092933,0.4306082805629888,0.640597403049469,0.3594026267528534,0.6501135230064392,0.6175841763615608
811,7,8,7,0.013429919257760048,0.9865700602531433,7,1,7,1,0.7418378591537476,0.8375575542449951,0.652591347694397,0.1772652961575674,0.42680415311737063,0.8339484930038452,0.16605144739151,0.652591347694397,0.5552603378891945
812,13,13,13,0.01289534941315651,0.9871046543121338,13,1,13,1,0.9889554381370544,0.7719916105270386,0.6571722626686096,0.2587815962093645,0.4198090990222167,0.7532186508178711,0.24678131937980652,0.6571722626686096,0.5705636516213417
813,11,11,24,0.012971527874469757,0.9870284795761108,24,0,24,0,0.07293131947517395,0.05540153756737709,0.1015472486615181,2.8931479316902577,2.2872310847593296,0.31601420044898987,0.6839857697486877,0.4814901351928711,0.35576269030570984
814,11,11,15,0.015082571655511856,0.984917402267456,15,0,15,0,0.23641322553157806,0.05170262232422829,0.16836442053318024,2.962246776815416,1.7816244789907465,0.6237396001815796,0.37626034021377563,0.25365394353866577,0.08528952300548553
815,17,17,17,0.017405536025762558,0.9825944900512695,17,1,17,1,0.8702861666679382,0.6355273723602295,0.800464391708374,0.45330011711619556,0.22256323009767687,0.8464659452438354,0.15353402495384216,0.800464391708374,0.6604752987623215
816,16,10,25,0.017793545499444008,0.9822064638137817,25,0,10,0,0.45489826798439026,0.16539227962493896,0.13697314262390137,1.7994351744774832,1.987970411613812,0.9965733289718628,0.0034267043229192495,0.4589414894580841,0.32196834683418274
817,13,21,11,0.016946319490671158,0.9830536842346191,11,0,11,0,0.13399827480316162,0.18844978511333466,0.10204571485519409,1.668923699554415,2.282334381247855,0.7854906320571899,0.21450933814048767,0.2887120842933655,0.1461680680513382
818,14,14,14,0.013703060336411,0.9862969517707825,14,1,14,1,0.9998050332069397,0.9645195603370667,0.8690129518508911,0.036125166554730984,0.14039724951148283,0.8272202610969543,0.17277978360652924,0.8690129518508911,0.8348890505731106
819,3,6,3,0.013715141452848911,0.9862848520278931,3,1,3,1,0.9267621636390686,0.45082491636276245,0.44938087463378906,0.796676226909226,0.7998844776937185,0.7291305661201477,0.2708694338798523,0.44938087463378906,0.06176140904426575
820,27,27,9,0.01344687957316637,0.9865531325340271,9,0,9,0,0.36255934834480286,0.24002858996391296,0.22761359810829163,1.42699723788531,1.4801058328719034,0.8059064745903015,0.1940935254096985,0.6086087822914124,0.3809951841831207
821,15,15,11,0.01426383201032877,0.9857361912727356,11,0,15,1,0.373945951461792,0.1935606300830841,0.2929536700248718,1.6421644818283636,1.2277408052498022,0.6721864938735962,0.3278135061264038,0.2929536700248718,0.04078856110572815
822,18,18,1,0.01549958623945713,0.9845004081726074,1,0,1,0,0.29025799036026,0.1879020780324936,0.2198842167854309,1.6718343133769646,1.5146541585065167,0.6421454548835754,0.3578545153141022,0.22081004083156586,0.0009258240461349487
823,27,8,27,0.01579424738883972,0.9842057824134827,27,1,27,1,0.2517327070236206,0.9564394354820251,0.4791906476020813,0.044537810996230755,0.735656749061498,0.8383729457855225,0.16162708401679993,0.4791906476020813,0.35136735439300537
824,21,21,6,0.014404203742742538,0.9855958223342896,6,0,21,1,0.37896764278411865,0.15420515835285187,0.2569821774959564,1.8694713660593005,1.3587485447563803,0.9520824551582336,0.04791753739118576,0.2569821774959564,0.08208610117435455
825,6,6,6,0.015684127807617188,0.9843158721923828,6,1,6,1,0.9150269627571106,0.45705634355545044,0.5193213224411011,0.7829486056318364,0.6552324690073429,0.8328707218170166,0.167129248380661,0.5193213224411011,0.4039088562130928
826,15,15,15,0.01629219576716423,0.9837077856063843,15,1,15,1,0.9999301433563232,0.9797917008399963,0.9330610632896423,0.020415280072775786,0.06928463194885065,0.37433943152427673,0.6256605982780457,0.9330610632896423,0.9180500488728285
827,14,14,14,0.016298850998282433,0.9837011694908142,14,1,14,1,0.6439652442932129,0.31026288866996765,0.27626004815101624,1.1703353129078669,1.2864126534143265,0.8407070636749268,0.15929293632507324,0.27626004815101624,0.06970137357711792
828,5,1,18,0.01710645668208599,0.9828935265541077,18,0,1,0,0.56891930103302,0.2906390130519867,0.36130160093307495,1.2356732868498437,1.0180422098030013,0.9453710317611694,0.054628994315862656,0.37797391414642334,0.01667231321334839
829,15,11,15,0.01632407307624817,0.9836759567260742,15,1,15,1,0.19640159606933594,0.737208902835846,0.4110603928565979,0.30488397670506817,0.8890151340237823,0.6983761191368103,0.3016239404678345,0.4110603928565979,0.08569580316543579
830,25,25,25,0.013661451637744904,0.9863385558128357,25,1,25,1,0.9732030630111694,0.6720829606056213,0.6539708375930786,0.3973734927965422,0.42469251935541047,0.6470299959182739,0.35297003388404846,0.6539708375930786,0.5926684662699699
831,7,26,7,0.013915038667619228,0.9860849380493164,7,1,7,1,0.13710859417915344,0.5751923322677612,0.2838132977485657,0.553050803213942,1.2594386592983533,0.971315860748291,0.028684185817837715,0.2838132977485657,0.09121064841747284
832,9,9,9,0.012816676869988441,0.9871833324432373,9,1,9,1,0.9998025894165039,0.9391248226165771,0.8096264004707336,0.06280687717441984,0.21118237170351492,0.733119785785675,0.26688021421432495,0.8096264004707336,0.7684893757104874
833,15,15,15,0.012806533835828304,0.9871934652328491,15,1,15,1,0.8941365480422974,0.5420086979866028,0.6701338291168213,0.6124732297254961,0.40027784159301233,0.8967715501785278,0.10322847962379456,0.6701338291168213,0.642024427652359
834,8,22,16,0.013205652125179768,0.9867943525314331,16,0,16,0,0.006164952181279659,0.008066598325967789,0.01306526642292738,4.820023406510957,4.337797988106694,0.8177483081817627,0.18225161731243134,0.37317389249801636,0.1630556285381317
835,4,4,4,0.012723660096526146,0.9872763156890869,4,1,4,1,0.9969812631607056,0.8746569752693176,0.8600435853004456,0.1339234977513284,0.1507722104368875,0.6499065160751343,0.3500934839248657,0.8600435853004456,0.7913611084222794
836,1,1,1,0.01278628222644329,0.9872137308120728,1,1,1,1,0.887962818145752,0.5228919982910156,0.6112209558486938,0.6483803404658267,0.49229675531593275,0.9551365375518799,0.04486340656876564,0.6112209558486938,0.4336203336715698
837,18,2,22,0.013196774758398533,0.9868032336235046,22,0,2,0,0.17786240577697754,0.05250899866223335,0.06311345100402832,2.946770720982231,2.76282136251644,0.9629318714141846,0.037068113684654236,0.17477522790431976,0.052657127380371094
838,24,24,24,0.01397879421710968,0.9860212206840515,24,1,24,1,0.711355447769165,0.32964861392974854,0.4910556375980377,1.1097279981040522,0.7111978427436401,0.8107236623764038,0.18927638232707977,0.4910556375980377,0.4125688448548317
839,5,1,5,0.014785329811275005,0.9852146506309509,5,1,5,1,0.6790589094161987,0.9680604338645935,0.8687863945960999,0.032460761976037075,0.14065798992036607,0.9491419792175293,0.05085805431008339,0.8687863945960999,0.815094854682684
840,12,8,16,0.014121217653155327,0.9858787655830383,16,0,15,0,0.1604650914669037,0.02974173054099083,0.09171497821807861,3.5152041506386436,2.389069573711587,0.9750222563743591,0.02497771941125393,0.11716336011886597,0.008714787662029266
841,7,9,7,0.014962241984903812,0.9850377440452576,7,1,7,1,0.006771774962544441,0.9545703530311584,0.7717585563659668,0.04649393184719753,0.259083528695385,0.7115324139595032,0.28846755623817444,0.7717585563659668,0.6787996515631676
842,5,5,5,0.011158929206430912,0.9888410568237305,5,1,5,1,0.8010581731796265,0.9229506254196167,0.7230689525604248,0.08017953949666527,0.3242506913010645,0.8282675743103027,0.17173245549201965,0.7230689525604248,0.6684043258428574
843,14,27,14,0.010752057656645775,0.9892479181289673,14,1,7,0,0.14569643139839172,0.5811104774475098,0.19551900029182434,0.542814389694478,1.6320977160857082,0.8956071138381958,0.10439292341470718,0.23690149188041687,0.04138249158859253
844,11,11,11,0.010274653322994709,0.9897253513336182,11,1,11,1,0.9898462891578674,0.8842852711677551,0.8421164155006409,0.1229755634616343,0.17183701360734133,0.648484468460083,0.3515155613422394,0.8421164155006409,0.798958282917738
845,2,4,2,0.010099695064127445,0.9899002909660339,2,1,2,1,0.07718599587678909,0.9854857325553894,0.8344494104385376,0.014620629860583979,0.18098316031998343,0.4498525857925415,0.5501474142074585,0.8344494104385376,0.793382540345192
846,10,10,10,0.010003392584621906,0.989996612071991,10,1,10,1,0.98867267370224,0.8043293952941895,0.7746593356132507,0.2177463980659746,0.2553319132173066,0.7493985891342163,0.2506014406681061,0.7746593356132507,0.7237779796123505
847,13,13,13,0.010110304690897465,0.9898896813392639,13,1,13,1,0.9654388427734375,0.7202956676483154,0.6994342803955078,0.3280935017539216,0.3574834415484213,0.7863316535949707,0.2136683315038681,0.6994342803955078,0.5342148244380951
848,8,8,8,0.010270234197378159,0.9897297620773315,8,1,8,1,0.9550809264183044,0.9755179286003113,0.845344066619873,0.02478674020491736,0.16801155506820972,0.5949423313140869,0.40505775809288025,0.845344066619873,0.8092251978814602
849,6,3,11,0.010092922486364841,0.9899070858955383,11,0,3,0,0.01868894137442112,0.0064126355573534966,0.03325493261218071,5.049484929160383,3.4035521736444165,0.9017791748046875,0.09822084754705429,0.2509166896343231,0.14763402938842773
850,5,12,5,0.012856830842792988,0.9871431589126587,5,1,5,1,0.1982511579990387,0.8060808777809143,0.6841130256652832,0.21557119686836262,0.3796321328098688,0.7118293642997742,0.28817060589790344,0.6841130256652832,0.5795867070555687
851,6,4,4,0.01153610274195671,0.9884638786315918,4,0,4,0,0.7834557890892029,0.010695559903979301,0.019479136914014816,4.537926585879859,3.9384112880113724,0.5319648385047913,0.46803513169288635,0.7742626070976257,0.6837625131011009
852,0,0,0,0.01307043805718422,0.9869295358657837,0,1,0,1,0.9999779462814331,0.9990779161453247,0.9612130522727966,0.0009225092355041186,0.03955919606845191,0.5777631402015686,0.4222368001937866,0.9612130522727966,0.9568042415194213
853,19,19,2,0.013064218685030937,0.9869357943534851,2,0,19,1,0.2995799481868744,0.17232711613178253,0.35765376687049866,1.7583607703973374,1.028189892201652,0.6224319934844971,0.3775680661201477,0.35765376687049866,0.12452694773674011
854,7,12,26,0.014289168640971184,0.985710859298706,26,0,12,0,0.31342238187789917,0.06753802299499512,0.07126370072364807,2.6950645360700296,2.641368187460676,0.8689861297607422,0.13101384043693542,0.11524762213230133,0.023683011531829834
855,5,7,5,0.012505918741226196,0.9874940514564514,5,1,5,1,0.025957278907299042,0.9826202988624573,0.7956103086471558,0.01753250114379314,0.2286457750134167,0.602611243724823,0.3973887264728546,0.7956103086471558,0.7183451354503632
856,14,14,14,0.01030056457966566,0.9896994233131409,14,1,14,1,0.973706066608429,0.718514621257782,0.6516631245613098,0.33056922397243127,0.4282275307013433,0.8435274362564087,0.15647253394126892,0.6516631245613098,0.6079287193715572
857,2,2,2,0.010361582040786743,0.9896383881568909,2,1,2,1,0.999636173248291,0.9456667304039001,0.7954640984535217,0.05586506544213773,0.22882956301653345,0.526352047920227,0.4736480116844177,0.7954640984535217,0.769564850255847
858,17,9,27,0.010372694581747055,0.9896273016929626,27,0,27,0,0.17208190262317657,0.006411253474652767,0.028104890137910843,5.049700477299115,3.5718116915230778,0.5298842787742615,0.47011563181877136,0.45512571930885315,0.04933750629425049
859,16,16,16,0.012838976457715034,0.9871610403060913,16,1,16,1,0.9949813485145569,0.8409522771835327,0.8145102858543396,0.1732203659420568,0.2051682225921022,0.7020319104194641,0.2979681193828583,0.8145102858543396,0.7927308604121208
860,18,11,18,0.012940827757120132,0.9870591759681702,18,1,18,1,0.04051339626312256,0.9282090663909912,0.511293351650238,0.07449828450999746,0.670811779816164,0.6917948722839355,0.3082050681114197,0.511293351650238,0.40690143406391144
861,26,26,26,0.010763132944703102,0.9892368912696838,26,1,26,1,0.9999997615814209,0.9985732436180115,0.9723927974700928,0.0014277751680302588,0.027995443529660522,0.6361672282218933,0.3638328015804291,0.9723927974700928,0.9665672616101801
862,2,22,2,0.010763642378151417,0.9892363548278809,2,1,2,1,0.2087520807981491,0.788677453994751,0.5193402171134949,0.2373978452746651,0.6551960862749968,0.5145696401596069,0.48543038964271545,0.5193402171134949,0.4410659372806549
863,5,1,5,0.010120892897248268,0.9898791313171387,5,1,5,1,0.7090808153152466,0.952400267124176,0.8474195599555969,0.04876988389469334,0.16555935873886884,0.8333960771560669,0.1666039675474167,0.8474195599555969,0.766257531940937
864,4,4,4,0.010022858157753944,0.9899771213531494,4,1,4,1,0.9897034764289856,0.7570881247520447,0.7564840912818909,0.27827561917348237,0.27907377534445565,0.6739340424537659,0.3260659873485565,0.7564840912818909,0.6562035456299782
865,8,8,8,0.010141326114535332,0.9898586869239807,8,1,8,1,0.9298278093338013,0.5992695093154907,0.5288562774658203,0.5120438499764913,0.6370385712476634,0.7611871361732483,0.2388129085302353,0.5288562774658203,0.38705597817897797
866,13,13,13,0.010400963947176933,0.9895990490913391,13,1,13,1,0.9393891096115112,0.9568019509315491,0.8239383697509766,0.04415885677076131,0.1936595458614087,0.5283268094062805,0.47167325019836426,0.8239383697509766,0.787905365228653
867,14,14,14,0.010225900448858738,0.9897741079330444,14,1,14,1,0.9906463623046875,0.9714028239250183,0.9249387383460999,0.029014042007579646,0.07802777247796384,0.7022141218185425,0.29778581857681274,0.9249387383460999,0.8881764076650143
868,21,21,21,0.010160237550735474,0.9898397326469421,21,1,21,1,0.7768360376358032,0.8202484250068665,0.6907364130020142,0.1981480272806952,0.36999698529314634,0.3884921073913574,0.6115078926086426,0.6907364130020142,0.5954890102148056
869,21,21,21,0.01009808573871851,0.9899019002914429,21,1,21,1,0.9999660849571228,0.9839680790901184,0.9103534817695618,0.016161822405136816,0.0939223133900986,0.6658259034156799,0.33417409658432007,0.9103534817695618,0.8896347936242819
870,24,24,10,0.010105925612151623,0.9898940920829773,10,0,24,1,0.22400836646556854,0.17658817768096924,0.49238720536231995,1.733934937102002,0.7084898692451781,0.7008236050605774,0.29917633533477783,0.49238720536231995,0.23656299710273743
871,24,24,24,0.011035796254873276,0.9889642000198364,24,1,24,1,0.8607556819915771,0.5884758830070496,0.7751160264015198,0.5302193335683417,0.2547425493486042,0.7026702165603638,0.29732972383499146,0.7751160264015198,0.6805007755756378
872,27,17,17,0.011329904198646545,0.9886701107025146,17,0,17,0,0.9980512261390686,0.03428940102458,0.032102227210998535,3.3729189805927993,3.4388298677328883,0.6506338715553284,0.349366158246994,0.7724030017852783,0.7220063805580139
873,5,1,1,0.011828005313873291,0.9881719946861267,1,0,1,0,0.9989961385726929,0.006532357539981604,0.01703614555299282,5.0309873686937765,4.072417983109768,0.6804040670394897,0.31959590315818787,0.9344738125801086,0.9174376670271158
874,8,4,24,0.012856116518378258,0.987143874168396,24,0,24,0,0.002647868823260069,0.05794397369027138,0.05484721064567566,2.848278706143623,2.9032039477805327,0.5969682931900024,0.40303173661231995,0.3036364018917084,0.056696102023124695
875,6,0,6,0.011538541875779629,0.988461434841156,6,1,6,1,0.21492648124694824,0.33561548590660095,0.2619777321815491,1.091789161512681,1.339495770506514,0.756874680519104,0.2431253045797348,0.2619777321815491,0.01970180869102478
876,21,20,6,0.010565564967691898,0.9894344210624695,6,0,21,1,0.3793979585170746,0.05086974427103996,0.16150806844234467,2.978486947267629,1.823200178172032,0.9199256896972656,0.08007429540157318,0.16150806844234467,0.01556655764579773
877,0,0,0,0.01161906123161316,0.9883809685707092,0,1,0,1,0.9999569058418274,0.999678373336792,0.9774637818336487,0.00032167839615601196,0.02279403964163679,0.5280550718307495,0.4719448685646057,0.9774637818336487,0.9746704925782979
878,27,8,7,0.011607163585722446,0.9883928298950195,7,0,7,0,0.4199495017528534,0.18201953172683716,0.09047286957502365,1.7036412804829943,2.4027052569217693,0.9249829053878784,0.07501707971096039,0.4220159351825714,0.13953259587287903
879,10,10,18,0.011327427811920643,0.9886725544929504,10,1,10,1,0.636436939239502,0.3083229959011078,0.5088419318199158,1.1766073575070755,0.6756178571839297,0.9843814373016357,0.015618615783751011,0.5088419318199158,0.36570440232753754
880,17,17,17,0.012002862989902496,0.9879971146583557,17,1,17,1,0.9978122711181641,0.9415753483772278,0.9072967171669006,0.06020090394672705,0.09728574105745035,0.634251058101654,0.3657490015029907,0.9072967171669006,0.8526222370564938
881,25,25,25,0.0119765130802989,0.9880234599113464,25,1,25,1,0.9738637208938599,0.6694524884223938,0.6861464381217957,0.40129508213101983,0.3766642073871673,0.7370970249176025,0.26290300488471985,0.6861464381217957,0.5651935115456581
882,23,23,23,0.012202956713736057,0.9877970218658447,23,1,23,1,0.9897983074188232,0.7540123462677002,0.5666192173957825,0.2823465367478943,0.5680677751192698,0.7008168697357178,0.2991832196712494,0.5666192173957825,0.49837626516819
883,21,0,24,0.012305848300457,0.9876941442489624,24,0,24,0,0.07505976408720016,0.09753022342920303,0.14912383258342743,2.327592965124153,1.9029782270377678,0.6696242690086365,0.3303757905960083,0.328718900680542,0.17959506809711456
884,1,1,5,0.012807166203856468,0.9871928095817566,5,0,5,0,0.5792600512504578,0.3270489275455475,0.1926712840795517,1.1176454937561136,1.6467697334542228,0.9513516426086426,0.04864831268787384,0.5978909134864807,0.405219629406929
885,14,14,14,0.013209235854446888,0.9867907762527466,14,1,14,1,0.971502959728241,0.9213384985923767,0.8631119132041931,0.08192777649145128,0.1472109170430782,0.7807348370552063,0.21926511824131012,0.8631119132041931,0.8185438774526119
886,2,2,2,0.013021629303693771,0.9869783520698547,2,1,2,1,0.9841689467430115,0.7540044188499451,0.6844204664230347,0.2823570504476602,0.379182833227943,0.6562930941581726,0.343706876039505,0.6844204664230347,0.6326903812587261
887,27,14,27,0.013202591799199581,0.9867973923683167,27,1,27,1,0.21551506221294403,0.8222237825393677,0.5444191098213196,0.19574267944488116,0.608035906283581,0.7457384467124939,0.2542616128921509,0.5444191098213196,0.42156191170215607
888,11,4,22,0.012041549198329449,0.9879584312438965,22,0,4,0,0.24752375483512878,0.033299244940280914,0.015797430649399757,3.4022205567188473,4.147907969299412,0.7769432663917542,0.22305680811405182,0.34014081954956055,0.2282000258564949
889,1,1,1,0.011849730275571346,0.9881502985954285,1,1,1,1,0.983342170715332,0.5831486582756042,0.5910660624504089,0.5393131366698047,0.5258274870270923,0.9272155165672302,0.0727844163775444,0.5910660624504089,0.5182295516133308
890,7,7,7,0.012132208794355392,0.9878677725791931,7,1,7,1,0.9985412359237671,0.893288254737854,0.6932450532913208,0.11284595653289177,0.36637173004532353,0.7177640199661255,0.2822359502315521,0.6932450532913208,0.6407084539532661
891,10,10,10,0.012198561802506447,0.9878014326095581,10,1,10,1,0.8748443126678467,0.5095273852348328,0.6414957642555237,0.6742716785295805,0.4439526978235004,0.9185575246810913,0.0814424380660057,0.6414957642555237,0.5823084712028503
892,1,4,14,0.01261851005256176,0.9873815178871155,14,0,26,0,0.1702336221933365,0.11893253028392792,0.13769561052322388,2.1291989190642067,1.9827097508563842,0.9192911386489868,0.08070889860391617,0.24087132513523102,0.023730173707008362
893,16,16,10,0.012259150855243206,0.9877408742904663,10,0,10,0,0.1619160920381546,0.14207281172275543,0.41036272048950195,1.951415594185698,0.8907138262653929,0.3480146527290344,0.6519853472709656,0.410602331161499,0.0002396106719970703
894,4,4,4,0.01354959700256586,0.9864503741264343,4,1,4,1,0.8816329836845398,0.9903662800788879,0.9703494310379028,0.009680424401514898,0.030099034171499277,0.6304360032081604,0.3695639371871948,0.9703494310379028,0.9612583499401808
895,20,3,3,0.013164244592189789,0.986835777759552,3,0,3,0,0.8983168005943298,0.12607286870479584,0.021112237125635147,2.070895216141054,3.85790244805018,0.5654509663581848,0.434548944234848,0.557449996471405,0.4893588572740555
896,14,14,14,0.012151832692325115,0.987848162651062,14,1,14,1,0.8208299875259399,0.8492622375488281,0.8667057752609253,0.1633872622144394,0.14305571935772146,0.8384484648704529,0.16155153512954712,0.8667057752609253,0.8006633743643761
897,7,5,7,0.011867882683873177,0.988132119178772,7,1,7,1,0.009171887300908566,0.985650360584259,0.8015265464782715,0.014453591136240807,0.2212371864850456,0.7209701538085938,0.27902987599372864,0.8015265464782715,0.6862941160798073
898,5,5,5,0.010020011104643345,0.9899799823760986,5,1,5,1,0.8420457243919373,0.9932482838630676,0.937825620174408,0.006774612088500911,0.0641912532560072,0.7079437971115112,0.2920561730861664,0.937825620174408,0.9233053205534816
899,2,2,2,0.01000101026147604,0.989998996257782,2,1,2,1,0.9970465302467346,0.9846270680427551,0.8706017136573792,0.015492320625442273,0.1385706815022438,0.6222090721130371,0.3777908980846405,0.8706017136573792,0.8552482025697827
900,4,4,3,0.010006789118051529,0.9899932146072388,3,0,6,0,0.13606932759284973,0.04579007625579834,0.14955012500286102,3.083687886977146,1.9001236580465426,0.44949281215667725,0.5505071878433228,0.26084014773368835,0.03286343812942505
901,2,2,19,0.011749266646802425,0.988250732421875,19,0,2,1,0.31142210960388184,0.05935613438487053,0.1909814476966858,2.8241998037921894,1.6555789881312566,0.9574149250984192,0.0425851009786129,0.1909814476966858,0.024007558822631836
902,0,0,0,0.013193562626838684,0.9868064522743225,0,1,0,1,0.9999905228614807,0.9995089173316956,0.9733000993728638,0.0004912032888894002,0.027062817450789818,0.7443656921386719,0.2556343674659729,0.9733000993728638,0.9699134405236691
903,24,24,25,0.01318378560245037,0.9868162274360657,25,0,24,1,0.208710178732872,0.1718253791332245,0.5634837746620178,1.761276555468976,0.573616739773081,0.9544671177864075,0.045532893389463425,0.5634837746620178,0.2739188075065613
904,16,16,25,0.014427040703594685,0.9855729341506958,25,0,25,0,0.00687205046415329,0.019404657185077667,0.23553673923015594,3.9422421806364287,1.4458883724696219,0.7518532872200012,0.24814672768115997,0.50546795129776,0.26993121206760406
905,26,26,26,0.018578384071588516,0.9814215898513794,26,1,26,1,0.9999973177909851,0.999315619468689,0.9729197025299072,0.0006846148265710291,0.027453725864555474,0.6675245761871338,0.3324754238128662,0.9729197025299072,0.9700995082966983
906,14,14,14,0.018573639914393425,0.9814263582229614,14,1,14,1,0.9337610602378845,0.8483071327209473,0.8215495944023132,0.16451252395088278,0.19656297278253437,0.7256947159767151,0.2743052840232849,0.8215495944023132,0.7656184285879135
907,21,21,21,0.018323786556720734,0.9816762208938599,21,1,21,1,0.9999989867210388,0.997795820236206,0.967871367931366,0.002206612543522812,0.03265608490389356,0.5734891295433044,0.42651084065437317,0.967871367931366,0.958329314365983
908,3,3,3,0.018325654789805412,0.9816743731498718,3,1,3,1,0.9850383400917053,0.7666321992874146,0.7915873527526855,0.2657481241948206,0.23371504219706507,0.784652590751648,0.21534739434719086,0.7915873527526855,0.6637454777956009
909,7,7,7,0.01853245124220848,0.9814675450325012,7,1,7,1,0.8526524305343628,0.4356687068939209,0.369623064994812,0.8308731710364065,0.9952715358727434,0.6864268779754639,0.3135731518268585,0.369623064994812,0.2896081954240799
910,16,6,16,0.019311318174004555,0.9806886911392212,16,1,16,1,0.2310032844543457,0.8709104657173157,0.7166849374771118,0.13821610222702768,0.3331189526993992,0.7764374017715454,0.22356261312961578,0.7166849374771118,0.6527318581938744
911,13,13,13,0.017502879723906517,0.9824970960617065,13,1,13,1,0.9766808152198792,0.5526753067970276,0.4680798649787903,0.5929845985482083,0.7591163459597474,0.8346271514892578,0.16537286341190338,0.4680798649787903,0.3927004560828209
912,1,14,1,0.017860159277915955,0.9821398258209229,1,1,1,1,0.010854347608983517,0.952591598033905,0.5373626947402954,0.048569010690065265,0.6210820032596105,0.824952244758606,0.17504772543907166,0.5373626947402954,0.4696429967880249
913,18,18,18,0.01377861574292183,0.9862213730812073,18,1,18,1,0.7153067588806152,0.4540908932685852,0.5014369487762451,0.7894578955418108,0.690277404755926,0.8925272226333618,0.10747280716896057,0.5014369487762451,0.2739676535129547
914,24,24,24,0.013523026369512081,0.9864769577980042,24,1,24,1,0.9183362722396851,0.668175995349884,0.8427649140357971,0.40320367405394664,0.17106722815621042,0.7535621523857117,0.24643786251544952,0.8427649140357971,0.7614925056695938
915,26,26,26,0.013786263763904572,0.986213743686676,26,1,26,1,0.7474279999732971,0.9635933041572571,0.8046124577522278,0.037085957043835646,0.2173945364242095,0.6786516308784485,0.32134830951690674,0.8046124577522278,0.7794501353055239
916,10,10,21,0.013341207057237625,0.9866588115692139,21,0,21,0,0.0008450105669908226,0.013768883422017097,0.196037158370018,4.285344057255062,1.6294510541998044,0.8491034507751465,0.1508965939283371,0.4410158693790436,0.24497871100902557
917,1,1,1,0.019298966974020004,0.9807010293006897,1,1,1,1,0.9928274154663086,0.9872376322746277,0.8939375281333923,0.012844506344211876,0.11211938529569959,0.6847072839736938,0.31529268622398376,0.8939375281333923,0.8730843998491764
918,27,27,9,0.019172009080648422,0.9808279871940613,9,0,14,0,0.13095392286777496,0.07071267813444138,0.10912133008241653,2.649130399179513,2.2152948957895666,0.9130223989486694,0.08697762340307236,0.33628031611442566,0.056047141551971436
919,8,5,8,0.022006792947649956,0.9779931902885437,8,1,8,1,0.24042589962482452,0.6413686871528625,0.5129175186157227,0.44415081244572296,0.6676402291637392,0.66354900598526,0.33645099401474,0.5129175186157227,0.4259987846016884
920,6,3,6,0.020137881860136986,0.9798620939254761,6,1,3,0,0.6968836784362793,0.57024747133255,0.34945619106292725,0.5616848521412808,1.051377072624357,0.7384040355682373,0.26159602403640747,0.5275938510894775,0.1781376600265503
921,7,7,7,0.0192516278475523,0.9807483553886414,7,1,7,1,0.9774336218833923,0.9935014843940735,0.9324030876159668,0.006519722885620756,0.06999006035458204,0.6593145728111267,0.34068551659584045,0.9324030876159668,0.914946798235178
922,16,16,25,0.0189956184476614,0.9810043573379517,25,0,16,1,0.10048943012952805,0.08764003217220306,0.48112550377845764,2.43451739715997,0.7316271202944256,0.9013549089431763,0.0986451581120491,0.48112550377845764,0.27476511895656586
923,11,11,16,0.02141200378537178,0.9785879850387573,16,0,20,0,0.21131324768066406,0.03428548574447632,0.17061984539031982,3.373033170503783,1.768317323665873,0.7052047848701477,0.2947951853275299,0.22213740646839142,0.051517561078071594
924,21,21,21,0.025229299440979958,0.974770724773407,21,1,21,1,0.9999465346336365,0.9901108145713806,0.9276068210601807,0.009938408207148688,0.07514732017783934,0.6320790648460388,0.36792096495628357,0.9276068210601807,0.9107979908585548
925,12,26,12,0.02522323653101921,0.9747767448425293,12,1,12,1,0.4411800503730774,0.9661589860916138,0.5627768635749817,0.0344268764363535,0.5748720640841112,0.846404492855072,0.15359552204608917,0.5627768635749817,0.45445528626441956
926,7,7,7,0.023408066481351852,0.976591944694519,7,1,7,1,0.9628408551216125,0.9879702925682068,0.9087837338447571,0.012102649937131,0.09564812967371684,0.8231067061424255,0.17689332365989685,0.9087837338447571,0.8838047254830599
927,8,17,8,0.023082533851265907,0.9769174456596375,8,1,8,1,0.0386384092271328,0.9745308756828308,0.8073469996452332,0.02579907692142302,0.2140017159613652,0.8548420667648315,0.14515787363052368,0.8073469996452332,0.7699764519929886
928,10,10,10,0.018996745347976685,0.9810032248497009,10,1,10,1,0.8642956018447876,0.5939599275588989,0.7608513236045837,0.5209434239172124,0.2733173099781973,0.9411407709121704,0.058859262615442276,0.7608513236045837,0.6478696241974831
929,6,6,6,0.019501008093357086,0.9804989695549011,6,1,6,1,0.7767689824104309,0.5449838638305664,0.6971263289451599,0.606999092407545,0.36078863795161137,0.69206702709198,0.30793297290802,0.6971263289451599,0.5746990889310837
930,4,21,4,0.02010169066488743,0.9798983335494995,4,1,4,1,0.3483486473560333,0.9737211465835571,0.8364675045013428,0.026630313472591118,0.17856760628968704,0.7691213488578796,0.23087868094444275,0.8364675045013428,0.7719503715634346
931,19,19,19,0.018582535907626152,0.9814174771308899,19,1,19,1,0.9919617772102356,0.8256358504295349,0.8325730562210083,0.19160146171222472,0.18323430575737187,0.7345082759857178,0.2654917538166046,0.8325730562210083,0.7981603518128395
932,15,11,15,0.018758954480290413,0.9812410473823547,15,1,15,1,0.373234361410141,0.9832273721694946,0.8984660506248474,0.01691488123836452,0.10706635797449311,0.5667740702629089,0.43322592973709106,0.8984660506248474,0.8510062396526337
933,26,26,26,0.017398294061422348,0.9826017022132874,26,1,26,1,0.9999967813491821,0.997373104095459,0.949638843536377,0.0026303522498875233,0.051673531367019805,0.6679173707962036,0.3320826292037964,0.949638843536377,0.9425872778519988
934,24,24,24,0.017395058646798134,0.9826049208641052,24,1,24,1,0.9907878637313843,0.6940118074417114,0.7017148733139038,0.3652663050152908,0.3542281208335166,0.6906526684761047,0.30934736132621765,0.7017148733139038,0.6663723587989807
935,10,10,25,0.017712794244289398,0.9822872281074524,25,0,10,1,0.0665808916091919,0.055665064603090286,0.47053807973861694,2.8884025352328364,0.7538783886119301,0.9965391159057617,0.003460917854681611,0.47053807973861694,0.3342383801937103
936,7,7,7,0.02074737846851349,0.9792526364326477,7,1,7,1,0.9981349110603333,0.9373709559440613,0.8783299326896667,0.06467617760478922,0.12973297838284825,0.6953774094581604,0.304622620344162,0.8783299326896667,0.8271316140890121
937,10,16,10,0.02080163173377514,0.9791983962059021,10,1,10,1,0.10805938392877579,0.9654939770698547,0.8161587715148926,0.03511541527921401,0.2031463700099711,0.4053012728691101,0.5946987271308899,0.8161587715148926,0.7271349653601646
938,26,8,26,0.01831051893532276,0.981689453125,26,1,26,1,0.200434148311615,0.31103241443634033,0.18782296776771545,1.167858145750696,1.6722554206032807,0.7913138270378113,0.20868615806102753,0.18782296776771545,0.021869733929634094
939,4,4,4,0.014654228463768959,0.9853457808494568,4,1,4,1,0.7433319091796875,0.3661118447780609,0.7565631866455078,1.0048164054376116,0.27896922426420473,0.6887257695198059,0.3112742304801941,0.7565631866455078,0.7000202089548111
940,6,6,6,0.01524779200553894,0.9847521781921387,6,1,6,1,0.749247133731842,0.339878112077713,0.38366004824638367,1.0791682195353054,0.9579984095209853,0.9739892482757568,0.026010753586888313,0.38366004824638367,0.28528477996587753
941,16,16,6,0.015538403764367104,0.9844616055488586,6,0,16,1,0.25287318229675293,0.12716121971607208,0.3476215600967407,2.0622995510063613,1.0566408619196415,0.6708871722221375,0.32911282777786255,0.3476215600967407,0.1945413202047348
942,15,15,15,0.01725832000374794,0.98274165391922,15,1,15,1,0.9964345693588257,0.9109331965446472,0.9256399869918823,0.09328571421923122,0.07726990287777284,0.688230037689209,0.3117699921131134,0.9256399869918823,0.9142604619264603
943,20,20,11,0.017337480559945107,0.9826624989509583,11,0,20,1,0.6724411845207214,0.42832422256469727,0.5839551687240601,0.8478748408241135,0.53793106498402,0.9612494707107544,0.038750506937503815,0.5839551687240601,0.36980900168418884
944,27,1,27,0.017967499792575836,0.9820324778556824,27,1,27,1,0.15080538392066956,0.7519007921218872,0.2605462670326233,0.2851508891050451,1.3449748249887195,0.929498553276062,0.07050145417451859,0.2605462670326233,0.14872850477695465
945,24,24,10,0.015793457627296448,0.9842065572738647,10,0,24,1,0.49763888120651245,0.33141136169433594,0.6121510863304138,1.1043948906475543,0.4907761538490461,0.6941834688186646,0.30581656098365784,0.6121510863304138,0.42835551500320435
946,16,16,16,0.016695259138941765,0.9833047389984131,16,1,16,1,0.9999642372131348,0.9841245412826538,0.949975311756134,0.01600282359456723,0.051319282350356786,0.50523841381073,0.49476152658462524,0.949975311756134,0.942968568764627
947,18,18,22,0.016703683882951736,0.9832963347434998,22,0,18,1,0.32153621315956116,0.12278014421463013,0.3752937316894531,2.0973599684059385,0.9800462751137293,0.9543547034263611,0.04564524069428444,0.3752937316894531,0.24270257353782654
948,4,4,4,0.018138810992240906,0.9818611741065979,4,1,4,1,0.9583058953285217,0.4537694752216339,0.6888814568519592,0.7901659737254968,0.3726860737840735,0.6784969568252563,0.32150301337242126,0.6888814568519592,0.6256478130817413
949,8,17,8,0.018390027806162834,0.9816100001335144,8,1,8,1,0.09571273624897003,0.9786108732223511,0.8054592609405518,0.02162118919113865,0.21634265375765252,0.8874763250350952,0.11252370476722717,0.8054592609405518,0.7690055295825005
950,10,10,10,0.015761153772473335,0.984238862991333,10,1,10,1,0.9978570342063904,0.8596526384353638,0.8750537037849426,0.1512268801238016,0.13347001875371703,0.6722868084907532,0.32771313190460205,0.8750537037849426,0.8569309618324041
951,6,6,6,0.01580347865819931,0.9841965436935425,6,1,6,1,0.9995190501213074,0.9295729994773865,0.8631426692008972,0.07302993861893566,0.14717528383228667,0.7941462397575378,0.20585371553897858,0.8631426692008972,0.8420183788985014
952,10,10,24,0.015829408541321754,0.9841706156730652,24,0,10,1,0.11828473955392838,0.11752422899007797,0.5124268531799316,2.141110762484205,0.6685973036584,0.885618269443512,0.11438178271055222,0.5124268531799316,0.15068739652633667
953,14,14,14,0.017695879563689232,0.9823040962219238,14,1,14,1,0.9998286962509155,0.9333442449569702,0.8715249300003052,0.06898118052996573,0.13751080857887152,0.7366743683815002,0.26332563161849976,0.8715249300003052,0.8420181795954704
954,2,2,2,0.0176785197108984,0.9823215007781982,2,1,2,1,0.9979848861694336,0.991325855255127,0.9133788347244263,0.008711984113413134,0.09060455046771543,0.43547773361206055,0.5645222663879395,0.9133788347244263,0.905017557553947
955,3,3,15,0.017518797889351845,0.9824811816215515,15,0,15,0,0.027183830738067627,0.03404748812317848,0.2799443304538727,3.379999019352165,1.273164515387763,0.8054560422897339,0.1945439875125885,0.3268369138240814,0.04689258337020874
956,16,16,16,0.02138631045818329,0.9786136746406555,16,1,16,1,0.9884524941444397,0.852911651134491,0.9106091260910034,0.1590993111401183,0.0936415340681975,0.6992859840393066,0.30071401596069336,0.9106091260910034,0.8810763321816921
957,18,18,18,0.021544553339481354,0.9784554243087769,18,1,18,1,0.9062948226928711,0.5402565002441406,0.6900120973587036,0.6157112517487081,0.3710461491406045,0.6840121150016785,0.3159879148006439,0.6900120973587036,0.6220515444874763
958,11,11,13,0.022186260670423508,0.977813720703125,13,0,4,0,0.27542373538017273,0.08901165425777435,0.08742482215166092,2.4189879711062043,2.4369760303308956,0.6384219527244568,0.3615780174732208,0.2717529535293579,0.10985212028026581
959,18,18,18,0.024153010919690132,0.9758470058441162,18,1,18,1,0.7418177127838135,0.584692120552063,0.6237697601318359,0.5366698599438839,0.47197395284811794,0.8245096206665039,0.1754903942346573,0.6237697601318359,0.4892212003469467
960,7,8,7,0.02317710593342781,0.9768229126930237,7,1,7,1,0.5078266263008118,0.9644343256950378,0.8308718204498291,0.036213540509859185,0.18527974337682812,0.8788270354270935,0.12117291986942291,0.8308718204498291,0.7575299441814423
961,21,21,6,0.022087110206484795,0.9779129028320312,6,0,21,1,0.33943429589271545,0.1986367255449295,0.35916730761528015,1.6162776222871567,1.0239669611302327,0.8402392864227295,0.15976069867610931,0.35916730761528015,0.2421867921948433
962,11,11,11,0.023986322805285454,0.9760136604309082,11,1,11,1,0.9398339986801147,0.515463650226593,0.6877732872962952,0.6626884916357808,0.3742960196324895,0.848014771938324,0.1519852578639984,0.6877732872962952,0.5301327854394913
963,24,24,23,0.024381151422858238,0.975618839263916,23,0,24,1,0.13011501729488373,0.06323935836553574,0.23934751749038696,2.760828412714859,1.4298387350779715,0.8080079555511475,0.19199198484420776,0.23934751749038696,0.1703743413090706
964,24,24,10,0.028331367298960686,0.9716686606407166,10,0,10,0,0.0768556222319603,0.09773094952106476,0.32343441247940063,2.325536988920228,1.12875892909132,0.48641812801361084,0.5135819315910339,0.6436429619789124,0.3202085494995117
965,0,0,0,0.03219786286354065,0.9678021669387817,0,1,0,1,1.0,0.9997942447662354,0.9788231253623962,0.00020577640427677145,0.021404321454059894,0.5907252430915833,0.40927475690841675,0.9788231253623962,0.9755510366521776
966,17,17,17,0.032198190689086914,0.9678018093109131,17,1,17,1,0.8754187226295471,0.455472856760025,0.41450992226600647,0.7864191540466461,0.8806583667777181,0.7761022448539734,0.2238977998495102,0.41450992226600647,0.2872501313686371
967,6,6,6,0.03169339522719383,0.9683066010475159,6,1,6,1,0.9240351915359497,0.6045757532119751,0.7389003038406372,0.5032283012914811,0.30259227398091076,0.8612141013145447,0.13878588378429413,0.7389003038406372,0.5694786161184311
968,24,24,10,0.032130222767591476,0.967869758605957,10,0,10,0,0.09270267188549042,0.10112747550010681,0.39827844500541687,2.291373424297596,0.9206039077447148,0.5974981188774109,0.4025018513202667,0.5108494162559509,0.11257097125053406
969,17,8,1,0.03614375740289688,0.9638562202453613,1,0,1,0,0.02231965959072113,0.00983458198606968,0.018575511872768402,4.621850330731753,3.985911131677605,0.5784361958503723,0.42156386375427246,0.7183796167373657,0.6200867593288422
970,24,24,24,0.044284600764513016,0.9557154178619385,24,1,24,1,0.9996150732040405,0.968744695186615,0.9597771763801575,0.03175417426597073,0.041054129398807315,0.709968626499176,0.29003140330314636,0.9597771763801575,0.9456918369978666
971,26,26,26,0.044353216886520386,0.955646812915802,26,1,26,1,0.999999463558197,0.999567449092865,0.9820579290390015,0.00043264448426419573,0.01810498149281748,0.6637688279151917,0.33623120188713074,0.9820579290390015,0.9807735999347642
972,5,5,5,0.04434673488140106,0.9556532502174377,5,1,5,1,0.9763071537017822,0.6744219660758972,0.6121368408203125,0.3938993015380066,0.49079942535207416,0.7570095658302307,0.2429903745651245,0.6121368408203125,0.5455764085054398
973,25,25,25,0.04501710087060928,0.9549828767776489,25,1,25,1,0.9843223094940186,0.8093660473823547,0.7913244366645813,0.21150399530462366,0.23404723517494266,0.6363754272460938,0.36362454295158386,0.7913244366645813,0.7432016953825951
974,27,27,27,0.04468991979956627,0.9553101062774658,27,1,27,1,0.9916431307792664,0.9172882437705994,0.7495320439338684,0.08633352267140662,0.28830620860574374,0.7852575778961182,0.21474243700504303,0.7495320439338684,0.6726275533437729
975,10,10,10,0.044573817402124405,0.9554261565208435,10,1,10,1,0.9961848258972168,0.8670739531517029,0.8803192377090454,0.14263100808641252,0.1274706671711416,0.88720703125,0.11279302090406418,0.8803192377090454,0.8640736434608698
976,5,5,5,0.04488649591803551,0.9551135301589966,5,1,5,1,0.9795858263969421,0.8461773991584778,0.690750002861023,0.16702624968145277,0.36997731103670317,0.8344516158103943,0.1655483841896057,0.690750002861023,0.6510307416319847
977,19,19,19,0.04439571872353554,0.9556042551994324,19,1,19,1,0.9990325570106506,0.9232538938522339,0.8885549306869507,0.07985100770922872,0.11815880922760962,0.7596220374107361,0.24037791788578033,0.8885549306869507,0.8672003597021103
978,10,10,10,0.04455171898007393,0.9554482698440552,10,1,10,1,0.9999948143959045,0.9935410022735596,0.9775825142860413,0.006479947309852804,0.022672577093384907,0.8220030069351196,0.17799705266952515,0.9775825142860413,0.9728907407261431
979,17,17,14,0.04456538334488869,0.9554346203804016,14,0,17,1,0.06424420326948166,0.07201827317476273,0.4327714145183563,2.630835398072428,0.8375456014167995,0.984716534614563,0.015283466316759586,0.4327714145183563,0.1540631353855133
980,8,26,8,0.05206676572561264,0.9479332566261292,8,1,8,1,0.12992282211780548,0.6165925860404968,0.4817429780960083,0.4835467875392924,0.7303445476195082,0.9102706909179688,0.08972930908203125,0.4817429780960083,0.3858468309044838
981,5,7,5,0.04605628922581673,0.9539437294006348,5,1,5,1,0.12731200456619263,0.5198136568069458,0.3186018764972687,0.654284883924526,1.1438129917015982,0.8816402554512024,0.11835977435112,0.3186018764972687,0.1855630874633789
982,17,17,17,0.04118281602859497,0.958817183971405,17,1,17,1,0.9731493592262268,0.7326233983039856,0.7972511649131775,0.31112349043057397,0.22658551192881365,0.8527922630310059,0.14720770716667175,0.7972511649131775,0.722053200006485
983,9,14,9,0.04172775521874428,0.9582722187042236,9,1,9,1,0.202596515417099,0.9257401823997498,0.44386062026023865,0.07716166426787331,0.8122446841653821,0.93067866563797,0.06932128965854645,0.44386062026023865,0.13759329915046692
984,21,21,21,0.03837287425994873,0.9616271257400513,21,1,21,1,0.9948246479034424,0.8671524524688721,0.829717218875885,0.14254047859502847,0.18667033639251132,0.8017687201499939,0.19823123514652252,0.829717218875885,0.7788795605301857
985,3,3,3,0.03844114765524864,0.9615588784217834,3,1,3,1,0.9084136486053467,0.5457172989845276,0.7283987998962402,0.605654204752678,0.31690657871894834,0.8513997793197632,0.14860017597675323,0.7283987998962402,0.6257260665297508
986,1,26,1,0.03957338258624077,0.9604266285896301,1,1,1,1,0.6379503607749939,0.9673039317131042,0.7537590265274048,0.0332425291755092,0.2826825555200365,0.7839608788490295,0.21603913605213165,0.7537590265274048,0.6601740270853043
987,12,6,12,0.03774021193385124,0.9622597694396973,12,1,12,1,0.026240050792694092,0.940028727054596,0.6507830023765564,0.06184484348867737,0.42957902202296394,0.9213866591453552,0.07861338555812836,0.6507830023765564,0.5440071374177933
988,10,10,10,0.030012572184205055,0.9699874520301819,10,1,10,1,0.9999988079071045,0.9982786774635315,0.9901948571205139,0.0017228057143685142,0.009853529846817624,0.9070858359336853,0.09291424602270126,0.9901948571205139,0.9871056361589581
989,5,5,5,0.030011920258402824,0.9699881076812744,5,1,5,1,0.9136178493499756,0.9384080767631531,0.8547999262809753,0.0635703747285543,0.1568878417784031,0.7597295045852661,0.24027052521705627,0.8547999262809753,0.8110800199210644
990,15,15,15,0.02911985106766224,0.9708801507949829,15,1,15,1,0.9992352724075317,0.9951474666595459,0.9661135077476501,0.004864345107184049,0.0344739488281792,0.5838662981987,0.41613367199897766,0.9661135077476501,0.959902545902878
991,2,6,2,0.029038306325674057,0.9709616899490356,2,1,2,1,0.0032651645597070456,0.6760662198066711,0.25127866864204407,0.3914642494428811,1.3811927220702866,0.9065953493118286,0.09340464323759079,0.25127866864204407,0.03380826115608215
992,1,1,1,0.021573251113295555,0.9784267544746399,1,1,1,1,0.982694685459137,0.9814997911453247,0.9060633182525635,0.01867347805695855,0.09864608768520279,0.671830952167511,0.328169047832489,0.9060633182525635,0.8769573401659727
993,25,18,25,0.021107351407408714,0.9788926243782043,25,1,18,0,0.0853552371263504,0.8326091170310974,0.33692461252212524,0.18319099420783214,1.087896075369498,0.9651646614074707,0.03483530133962631,0.3937227129936218,0.05679810047149658
994,0,0,0,0.018642690032720566,0.9813573360443115,0,1,0,1,0.9140486121177673,0.622495174407959,0.5444400310516357,0.4740194026284069,0.6079974784841836,0.9279083609580994,0.07209168374538422,0.5444400310516357,0.44413942098617554
995,24,24,24,0.019069364294409752,0.9809306263923645,24,1,24,1,0.9994106292724609,0.9177200794219971,0.8842934370040894,0.08586285923744659,0.12296632911283596,0.7036271691322327,0.29637283086776733,0.8842934370040894,0.8658092822879553
996,0,0,0,0.019151190295815468,0.9808487892150879,0,1,0,1,0.9998605847358704,0.9877828359603882,0.9226738214492798,0.012292407053720459,0.08047949648182762,0.6875416040420532,0.312458336353302,0.9226738214492798,0.9042976442724466
997,19,19,5,0.019146375358104706,0.9808536171913147,5,0,5,0,0.5136286616325378,0.12178485095500946,0.21460886299610138,2.1054993078373787,1.5389381495633339,0.8441963791847229,0.15580366551876068,0.4213302731513977,0.20672141015529633
998,6,15,24,0.02031373418867588,0.9796862602233887,24,0,24,0,0.05237860605120659,0.013801615685224533,0.02647441439330578,4.282969615032688,3.6315765069723214,0.8092471957206726,0.1907528042793274,0.1429004967212677,0.004951953887939453
999,17,17,17,0.02214529924094677,0.9778547286987305,17,1,17,1,0.8894944787025452,0.5886229276657104,0.7950893640518188,0.5299694910604869,0.22930076303271665,0.8716326355934143,0.12836743891239166,0.7950893640518188,0.6637103706598282
1000,6,6,6,0.022594835609197617,0.9774051904678345,6,1,6,1,0.9357667565345764,0.6249114274978638,0.5540825128555298,0.47014535529181517,0.5904416631529031,0.7334722876548767,0.2665277123451233,0.5540825128555298,0.4002104103565216
1001,0,0,0,0.022267475724220276,0.9777325391769409,0,1,0,1,0.9998860955238342,0.9914817810058594,0.9176162481307983,0.008554706374309938,0.08597600611930224,0.7748173475265503,0.2251826375722885,0.9176162481307983,0.9071365920826793
1002,6,21,24,0.022241784259676933,0.9777582287788391,24,0,24,0,0.18710672855377197,0.026410557329654694,0.030654262751340866,3.6339914499175445,3.48498354792324,0.877773106098175,0.12222690880298615,0.26694294810295105,0.1437985822558403
1003,16,16,16,0.024388939142227173,0.9756110310554504,16,1,16,1,0.9999902844429016,0.9876928329467773,0.9541429281234741,0.012383527400166338,0.04694179891979457,0.601936936378479,0.3980630040168762,0.9541429281234741,0.9435551930218935
1004,7,7,7,0.024398326873779297,0.9756016731262207,7,1,7,1,0.9999759793281555,0.9949148297309875,0.94580078125,0.005098143747598463,0.05572332275240253,0.7110588550567627,0.2889411747455597,0.94580078125,0.9356303950771689
1005,8,8,8,0.024390745908021927,0.9756092429161072,8,1,8,1,0.9793781042098999,0.9638323187828064,0.8710319399833679,0.03683794267282205,0.13807663232738965,0.7448487877845764,0.2551511526107788,0.8710319399833679,0.8407594300806522
1006,11,9,11,0.024145158007740974,0.9758548140525818,11,1,11,1,0.006425659637898207,0.6424347162246704,0.2513531744480133,0.44249007636414506,1.3808962593310503,0.9388270974159241,0.06117287278175354,0.2513531744480133,0.13010145723819733
1007,2,23,2,0.018401790410280228,0.9815981984138489,2,1,2,1,0.569891631603241,0.864437460899353,0.7277194261550903,0.14567631782968565,0.3178397087056366,0.8244692087173462,0.17553085088729858,0.7277194261550903,0.6915857084095478
1008,15,15,15,0.01748226024210453,0.9825177192687988,15,1,15,1,0.9999957084655762,0.9927389621734619,0.9608044624328613,0.007287527467779702,0.03998436372999932,0.74398273229599,0.25601726770401,0.9608044624328613,0.9541212879121304
1009,9,17,9,0.01748758926987648,0.9825124144554138,9,1,17,0,0.24294379353523254,0.48085445165634155,0.11806537955999374,0.7321906499766353,2.136516743885551,0.992180347442627,0.007819624617695808,0.39312654733657837,0.1724172979593277
1010,21,9,21,0.01608547940850258,0.9839144945144653,21,1,21,1,0.4013773798942566,0.9834786653518677,0.9150979518890381,0.016659333963940835,0.08872416819134098,0.26643848419189453,0.7335615158081055,0.9150979518890381,0.9025284042581916
1011,14,26,14,0.014909652061760426,0.9850903749465942,14,1,27,0,0.2010292112827301,0.46818700432777405,0.1722707450389862,0.7588874809791233,1.7586879407001805,0.9898927807807922,0.010107198730111122,0.20394167304039001,0.03167092800140381
1012,14,14,14,0.013495963998138905,0.9865040183067322,14,1,14,1,0.880571186542511,0.8599614500999451,0.8188413381576538,0.15086771620445497,0.19986494019966278,0.9140413403511047,0.08595869690179825,0.8188413381576538,0.7601355463266373
1013,11,11,11,0.013238114304840565,0.9867618680000305,11,1,11,1,0.812599241733551,0.455217182636261,0.3204798698425293,0.786980649438977,1.137935813197608,0.9135744571685791,0.08642548322677612,0.3204798698425293,0.011256486177444458
1014,16,16,10,0.013118216767907143,0.9868817925453186,10,0,16,1,0.12298871576786041,0.11556316167116165,0.5108239650726318,2.1579380441948377,0.671730239180707,0.4530521035194397,0.5469478368759155,0.5108239650726318,0.15430757403373718
1015,13,4,13,0.014626352116465569,0.9853736758232117,13,1,13,1,0.007869861088693142,0.959806501865387,0.7649141550064087,0.04102357539320275,0.2679916671301486,0.43195703625679016,0.5680429339408875,0.7649141550064087,0.6200708895921707
1016,16,16,16,0.010849129408597946,0.989150881767273,16,1,16,1,0.9999997019767761,0.9965013265609741,0.9769936203956604,0.003504808109928737,0.023275156750171534,0.648257315158844,0.3517426550388336,0.9769936203956604,0.9741569152101874
1017,2,2,2,0.010850448161363602,0.9891495704650879,2,1,2,1,0.9313371181488037,0.5760958790779114,0.6516073942184448,0.5514811754061455,0.4283130545309641,0.549933910369873,0.45006608963012695,0.6516073942184448,0.5533101558685303
1018,15,15,15,0.01113471481949091,0.9888652563095093,15,1,15,1,0.9999987483024597,0.9961370825767517,0.9690403342247009,0.003870397758917762,0.031449043370755235,0.7018384337425232,0.2981615662574768,0.9690403342247009,0.963176776189357
1019,8,8,8,0.011136291548609734,0.9888637065887451,8,1,8,1,0.7969141602516174,0.5308926701545715,0.623717725276947,0.6331954059399374,0.47205737629809674,0.9038851261138916,0.09611491113901138,0.623717725276947,0.4216708540916443
1020,1,1,1,0.011465453542768955,0.9885345697402954,1,1,1,1,0.997684895992279,0.991957426071167,0.9406707286834717,0.008075089885205269,0.061162117014913364,0.6525205373764038,0.34747952222824097,0.9406707286834717,0.9332956555299461
1021,24,24,24,0.011412444524466991,0.9885875582695007,24,1,24,1,0.9585804343223572,0.5165585279464722,0.6480709910392761,0.6605666803921765,0.4337550345575146,0.8319129347801208,0.16808712482452393,0.6480709910392761,0.6125839799642563
1022,5,5,5,0.011797362938523293,0.9882026314735413,5,1,5,1,0.8198866844177246,0.9698085784912109,0.7757591009140015,0.030656568720794322,0.25391324396094106,0.7100473046302795,0.28995269536972046,0.7757591009140015,0.6717848405241966
1023,24,24,24,0.011325674131512642,0.9886743426322937,24,1,24,1,0.7421531677246094,0.2792125642299652,0.5561380386352539,1.2757819082827686,0.5867387446189655,0.8897343873977661,0.11026564240455627,0.5561380386352539,0.5194446071982384
1024,2,22,2,0.012080415152013302,0.9879195690155029,2,1,2,1,0.19760733842849731,0.9646667838096619,0.8673714995384216,0.03597253902517408,0.14228790546629128,0.46987736225128174,0.5301225781440735,0.8673714995384216,0.8448842186480761
1025,12,12,12,0.011002015322446823,0.9889979958534241,12,1,12,1,0.7818091511726379,0.9765289425849915,0.8399699926376343,0.023750890000699087,0.1743891108332965,0.8242802023887634,0.17571984231472015,0.8399699926376343,0.7817764841020107
1026,0,0,0,0.010576749220490456,0.9894232749938965,0,1,0,1,0.999997615814209,0.9998577237129211,0.9883700609207153,0.00014228640930990358,0.011698095774934062,0.5549657940864563,0.4450341761112213,0.9883700609207153,0.986961146700196
1027,2,2,2,0.010574919171631336,0.9894250631332397,2,1,2,1,0.9814478754997253,0.7093840837478638,0.688738226890564,0.3433581731110243,0.37289401210493467,0.8330715298652649,0.1669284552335739,0.688738226890564,0.6476371176540852
1028,21,21,21,0.010745644569396973,0.989254355430603,21,1,21,1,0.9972220659255981,0.9583358764648438,0.9155258536338806,0.04255696071987134,0.08825667536037843,0.6837022304534912,0.3162977397441864,0.9155258536338806,0.8980750106275082
1029,7,7,7,0.01071696262806654,0.98928302526474,7,1,7,1,0.9995028972625732,0.9421834945678711,0.8617487549781799,0.05955523084048143,0.1487915183460784,0.5871203541755676,0.41287961602211,0.8617487549781799,0.8226575292646885
1030,4,4,13,0.010722761042416096,0.9892772436141968,13,0,4,1,0.5058996677398682,0.19794103503227234,0.5767875909805298,1.6197860955069927,0.550281206799458,0.8179876208305359,0.1820123791694641,0.5767875909805298,0.46256981045007706
1031,24,24,16,0.011629351414740086,0.9883706569671631,16,0,24,1,0.6243698596954346,0.3538258373737335,0.7463542222976685,1.0389504717325655,0.2925549626566565,0.9238613843917847,0.07613863050937653,0.7463542222976685,0.6875924468040466
1032,24,24,24,0.012253683991730213,0.9877462983131409,24,1,24,1,0.9901741743087769,0.6888139843940735,0.6803078651428223,0.3727840235281456,0.3852098404120171,0.8146763443946838,0.18532367050647736,0.6803078651428223,0.6432051733136177
1033,4,4,20,0.012484779581427574,0.9875152111053467,20,0,4,1,0.04505885764956474,0.028229109942913055,0.2626423239707947,3.5674015659805876,1.336962157325074,0.86137855052948,0.13862144947052002,0.2626423239707947,0.12783676385879517
1034,7,7,7,0.015295283868908882,0.9847047328948975,7,1,7,1,0.9979795813560486,0.9250795841217041,0.8254964351654053,0.0778755082823439,0.19177033402569987,0.6740508079528809,0.3259492516517639,0.8254964351654053,0.7953313328325748
1035,1,2,5,0.01534624956548214,0.9846537709236145,5,0,5,0,0.45261940360069275,0.36788487434387207,0.1269736886024475,0.9999852312151724,2.0637753903462133,0.6447815299034119,0.35521847009658813,0.5594390034675598,0.4324653148651123
1036,26,26,14,0.01385932881385088,0.9861406683921814,14,0,26,1,0.12250053137540817,0.11695180088281631,0.4543578326702118,2.1459933873290264,0.7888702137020164,0.9917348623275757,0.008265189826488495,0.4543578326702118,0.23354308307170868
1037,8,26,8,0.015483858063817024,0.9845161437988281,8,1,8,1,0.033066559582948685,0.9398759007453918,0.7970333695411682,0.0620074329171843,0.22685873213343502,0.9206283688545227,0.07937171310186386,0.7970333695411682,0.7113108262419701
1038,20,20,15,0.01301440130919218,0.9869856238365173,15,0,20,1,0.5818060636520386,0.2659244239330292,0.49839916825294495,1.3245431311228508,0.6963539803446663,0.9822580218315125,0.01774202473461628,0.49839916825294495,0.4113541841506958
1039,3,3,20,0.013907435350120068,0.9860925674438477,20,0,3,1,0.29927706718444824,0.11311198025941849,0.35005542635917664,2.1793769752150465,1.0496637760102423,0.86692214012146,0.13307791948318481,0.35005542635917664,0.20447975397109985
1040,17,27,17,0.015467680990695953,0.9845322966575623,17,1,17,1,0.9488709568977356,0.6128589510917664,0.6875471472740173,0.4896204656203548,0.37462487393964805,0.868984580039978,0.13101543486118317,0.6875471472740173,0.5103386342525482
1041,18,18,23,0.015213869512081146,0.9847861528396606,23,0,23,0,0.023396475240588188,0.01960078440606594,0.1705545037984848,3.932185692828823,1.7687003629699078,0.7533518671989441,0.24664810299873352,0.36599770188331604,0.19544319808483124
1042,18,18,25,0.019681742414832115,0.9803182482719421,25,0,18,1,0.46706682443618774,0.4378573000431061,0.623638927936554,0.8258622206780537,0.4721837192174132,0.9362956881523132,0.06370431184768677,0.623638927936554,0.44255977869033813
1043,7,0,12,0.019344907253980637,0.9806550741195679,12,0,12,0,0.024687916040420532,0.2374187856912613,0.163161501288414,1.4379296689715417,1.81301476324872,0.7268394231796265,0.2731606066226959,0.4741249978542328,0.3109634965658188
1044,21,21,21,0.01729227788746357,0.9827077388763428,21,1,21,1,0.9999938011169434,0.9928471446037292,0.9551166296005249,0.0071785597126114604,0.04592182072193463,0.7055935263633728,0.2944064736366272,0.9551166296005249,0.9466672046110034
1045,7,7,7,0.01729739084839821,0.9827026128768921,7,1,7,1,0.9618560075759888,0.9845655560493469,0.9189580082893372,0.015554794953931667,0.08451485050028255,0.7191445231437683,0.2808554470539093,0.9189580082893372,0.9002653602510691
1046,7,7,7,0.01707744039595127,0.9829225540161133,7,1,7,1,0.9967581033706665,0.9789055585861206,0.8680065274238586,0.0213201083305061,0.14155604427649263,0.6555502414703369,0.3444497585296631,0.8680065274238586,0.8315055593848228
1047,3,3,6,0.01701306365430355,0.9829869270324707,6,0,3,1,0.5702424645423889,0.1820877343416214,0.4030107259750366,1.7032666512353096,0.9087921020669639,0.8645675778388977,0.1354323923587799,0.4030107259750366,0.16471047699451447
1048,8,14,15,0.01831444352865219,0.9816855788230896,15,0,15,0,0.028708020225167274,0.0047371722757816315,0.014042912982404232,5.352314887582419,4.265637424525708,0.7905482053756714,0.2094518393278122,0.23110412061214447,0.08076807856559753
1049,24,24,24,0.022460322827100754,0.9775396585464478,24,1,24,1,0.9995107054710388,0.9688301086425781,0.9763611555099487,0.03166600894110207,0.02392272463247817,0.6807799935340881,0.3192199766635895,0.9763611555099487,0.9661135151982307
1050,9,9,9,0.02249523624777794,0.9775047898292542,9,1,9,1,0.5721458792686462,0.8889665603637695,0.6805886030197144,0.11769565906458831,0.38479726254523283,0.8784642815589905,0.12153574824333191,0.6805886030197144,0.6185515262186527
1051,4,4,4,0.021085940301418304,0.9789140820503235,4,1,4,1,0.9473662972450256,0.5272927284240723,0.7334011793136597,0.6399994227473751,0.3100624153373964,0.894003689289093,0.10599633306264877,0.7334011793136597,0.6683071926236153
1052,8,14,16,0.02115437388420105,0.9788456559181213,16,0,16,0,0.08976636826992035,0.07002397626638412,0.049193043261766434,2.6589175774875065,3.012003062599958,0.9305394291877747,0.06946060061454773,0.18835563957691193,0.042710527777671814
1053,3,15,6,0.021921362727880478,0.9780786633491516,6,0,6,0,0.0364084467291832,0.039072174578905106,0.058599282056093216,3.242344712930504,2.8370328340767266,0.7491289377212524,0.25087106227874756,0.14169201254844666,0.011767864227294922
1054,17,17,17,0.020210588350892067,0.9797894358634949,17,1,17,1,0.9178791046142578,0.4911979138851166,0.6243504285812378,0.710908149134777,0.4710434839773364,0.896459698677063,0.10354028642177582,0.6243504285812378,0.5686553120613098
1055,4,4,4,0.02085411734879017,0.979145884513855,4,1,4,1,0.9033052921295166,0.9872575402259827,0.9698821902275085,0.012824341239092433,0.030580668234469307,0.5741830468177795,0.4258168935775757,0.9698821902275085,0.9572427924722433
1056,17,17,17,0.020403753966093063,0.9795962572097778,17,1,17,1,0.8165042996406555,0.44144779443740845,0.6490083336830139,0.817695511824604,0.4323097215546129,0.9401170611381531,0.059883009642362595,0.6490083336830139,0.5293010175228119
1057,1,5,1,0.02091524563729763,0.9790847301483154,1,1,1,1,0.5679460167884827,0.9540988206863403,0.8261464238166809,0.04698802727337624,0.19098325262817337,0.38991081714630127,0.6100891828536987,0.8261464238166809,0.7351607456803322
1058,22,22,25,0.01971951685845852,0.9802804589271545,25,0,25,0,0.00980992242693901,0.022173814475536346,0.10350051522254944,3.808843214423705,2.2681786882934567,0.9650965929031372,0.03490346670150757,0.5721104145050049,0.46860989928245544
1059,26,26,26,0.026224764063954353,0.9737752079963684,26,1,26,1,0.9999913573265076,0.9873881936073303,0.8908553123474121,0.012692010280379465,0.11557325263548555,0.8255671262741089,0.1744329035282135,0.8908553123474121,0.8738430663943291
1060,11,11,20,0.026239976286888123,0.9737600088119507,20,0,11,1,0.2564917802810669,0.17575237154960632,0.4423711895942688,1.7386792545012872,0.815605953873202,0.6368270516395569,0.3631729185581207,0.4423711895942688,0.20330938696861267
1061,0,0,0,0.028652703389525414,0.9713472723960876,0,1,0,1,0.9971543550491333,0.994236171245575,0.9345409870147705,0.0057805037206846875,0.0676997932144436,0.7929209470748901,0.20707903802394867,0.9345409870147705,0.9244732717052102
1062,2,2,2,0.02848520316183567,0.9715148210525513,2,1,2,1,0.9943562746047974,0.8552731275558472,0.850307285785675,0.15633441362410533,0.162157482138713,0.7196162343025208,0.28038379549980164,0.850307285785675,0.8217997159808874
1063,12,12,12,0.02870422787964344,0.9712957739830017,12,1,12,1,0.9469744563102722,0.9862275123596191,0.8475711941719055,0.013868208238283074,0.16538043833314528,0.7459835410118103,0.2540164887905121,0.8475711941719055,0.7890182584524155
1064,6,5,6,0.028228288516402245,0.9717717170715332,6,1,24,0,0.12017703056335449,0.3160606324672699,0.08300269395112991,1.1518212089044348,2.488882214469735,0.932399570941925,0.06760041415691376,0.23161379992961884,0.14776533842086792
1065,21,21,21,0.023954961448907852,0.9760450124740601,21,1,21,1,0.9997789859771729,0.959867000579834,0.9125481247901917,0.04096054518062755,0.09151445542006838,0.6904226541519165,0.3095773756504059,0.9125481247901917,0.8976583313196898
1066,12,12,12,0.023988565430045128,0.9760114550590515,12,1,12,1,0.5014353394508362,0.9616673588752747,0.7927787899971008,0.03908666890732702,0.2322110496074068,0.7675403952598572,0.23245958983898163,0.7927787899971008,0.7312638685107231
1067,10,10,10,0.022020384669303894,0.9779796004295349,10,1,10,1,0.9999404549598694,0.9952529668807983,0.9770390391349792,0.004758336065411899,0.023228669564703572,0.7145193219184875,0.28548070788383484,0.9770390391349792,0.9719168837182224
1068,18,18,19,0.02198365144431591,0.9780163764953613,19,0,18,1,0.42183417081832886,0.2668377459049225,0.618468701839447,1.3211144985422545,0.48050869176151895,0.9465535283088684,0.053446441888809204,0.618468701839447,0.5359656289219856
1069,7,7,7,0.023380344733595848,0.9766196608543396,7,1,7,1,0.9563539028167725,0.9495667815208435,0.8385639190673828,0.05174941784778553,0.17606447037096262,0.7067705392837524,0.29322943091392517,0.8385639190673828,0.8091155141592026
1070,21,21,21,0.02294674701988697,0.9770532250404358,21,1,21,1,0.9107421040534973,0.6155845522880554,0.7357883453369141,0.48518297108136405,0.3068127758811676,0.8729957938194275,0.12700419127941132,0.7357883453369141,0.6397428661584854
1071,19,19,19,0.02329777181148529,0.9767022132873535,19,1,19,1,0.9031193256378174,0.810863733291626,0.8243009448051453,0.20965526205245996,0.1932195914727286,0.7817866206169128,0.21821339428424835,0.8243009448051453,0.7951843552291393
1072,17,17,27,0.02287038415670395,0.9771296381950378,27,0,17,1,0.3150024712085724,0.21416200697422028,0.6287461519241333,1.5410225084363816,0.4640276777871022,0.9501121640205383,0.04988785833120346,0.6287461519241333,0.45273004472255707
1073,1,1,1,0.02434188313782215,0.975658118724823,1,1,1,1,0.9455381035804749,0.5402899980545044,0.6061633229255676,0.6156492501403974,0.5006058194458944,0.9512754082679749,0.048724573105573654,0.6061633229255676,0.5397006869316101
1074,11,21,11,0.024220963940024376,0.9757790565490723,11,1,11,1,0.31466662883758545,0.6664072871208191,0.5132268667221069,0.40585425313404067,0.6670372962428446,0.9037593007087708,0.09624069184064865,0.5132268667221069,0.380394846200943
1075,19,19,19,0.022672094404697418,0.9773278832435608,19,1,19,1,0.9983829259872437,0.9074333906173706,0.896087646484375,0.09713511430569027,0.1097170510542194,0.7470199465751648,0.25298011302948,0.896087646484375,0.8760079462081194
1076,9,27,9,0.022748803719878197,0.9772511720657349,9,1,9,1,0.812791645526886,0.5569086670875549,0.5576842427253723,0.5853540254127086,0.5839623500195413,0.7637531161308289,0.23624694347381592,0.5576842427253723,0.3067372739315033
1077,17,7,9,0.02174367941915989,0.978256344795227,9,0,17,1,0.2195124626159668,0.3390876352787018,0.4417104423046112,1.0814966938633228,0.8171007194895068,0.8938327431678772,0.1061672568321228,0.4417104423046112,0.27895012497901917
1078,15,11,15,0.021085485816001892,0.9789144992828369,15,1,15,1,0.5813225507736206,0.7770557999610901,0.7441036701202393,0.25224311657129855,0.2955749122967172,0.6995683312416077,0.30043163895606995,0.7441036701202393,0.6752966567873955
1079,9,27,27,0.020236240699887276,0.9797637462615967,27,0,27,0,0.9963194727897644,0.13408449292182922,0.16118252277374268,2.0092851335479343,1.8252178743051553,0.7452978491783142,0.2547021806240082,0.6917622685432434,0.5305797457695007
1080,17,27,27,0.019664060324430466,0.9803359508514404,27,0,27,0,0.9176466464996338,0.13268615305423737,0.12365906685590744,2.0197686908335886,2.0902269609265436,0.919025182723999,0.08097481727600098,0.2947135269641876,0.17105446010828018
1081,2,2,22,0.018449677154421806,0.9815503358840942,22,0,2,1,0.22181402146816254,0.06319799274206161,0.29817432165145874,2.761482738744115,1.2100769915213883,0.9826160669326782,0.017383979633450508,0.29817432165145874,0.1645851880311966
1082,1,5,1,0.021104736253619194,0.9788952469825745,1,1,1,1,0.09408124536275864,0.9704108238220215,0.880517303943634,0.030035767434677563,0.1272456988328107,0.178398996591568,0.8216010332107544,0.880517303943634,0.8260621353983879
1083,27,14,7,0.018403755500912666,0.9815962314605713,7,0,7,0,0.15118566155433655,0.13852550089359283,0.1512007862329483,1.9767008483277149,1.8891466152968623,0.8469064235687256,0.15309354662895203,0.5739868879318237,0.4227861016988754
1084,0,0,0,0.019584858790040016,0.9804151654243469,0,1,0,1,0.9999997615814209,0.9986897706985474,0.9699212312698364,0.0013110884023586076,0.030540415658460326,0.7064560651779175,0.29354390501976013,0.9699212312698364,0.9637503931298852
1085,8,8,9,0.019585540518164635,0.9804144501686096,9,0,9,0,0.008736892603337765,0.022480526939034462,0.11777941137552261,3.7951058138828593,2.1389417991389017,0.9601812362670898,0.039818715304136276,0.2237529754638672,0.10407306998968124
1086,1,1,1,0.025966737419366837,0.9740332365036011,1,1,1,1,0.9219386577606201,0.646016538143158,0.7027029395103455,0.43693017468642936,0.35282103762730754,0.9408925175666809,0.05910751596093178,0.7027029395103455,0.6591847278177738
1087,11,11,11,0.025932766497135162,0.974067211151123,11,1,11,1,0.9309695959091187,0.5665322542190552,0.7783607840538025,0.5682212641788993,0.250565129577562,0.8773645758628845,0.12263543158769608,0.7783607840538025,0.695209689438343
1088,17,17,17,0.026522645726799965,0.9734773635864258,17,1,17,1,0.9857537746429443,0.8121665716171265,0.8297123908996582,0.20804982239875536,0.1866761552307415,0.8606185913085938,0.13938134908676147,0.8297123908996582,0.7906507030129433
1089,12,5,12,0.026442263275384903,0.973557710647583,12,1,12,1,0.5611806511878967,0.9706459045410156,0.7786359786987305,0.029793548114955007,0.250211635396486,0.756697952747345,0.24330204725265503,0.7786359786987305,0.7232674732804298
1090,12,12,12,0.024899069219827652,0.9751009345054626,12,1,12,1,0.9979708790779114,0.9878228306770325,0.8807988166809082,0.012251918491326503,0.12692603703402863,0.8142263293266296,0.18577370047569275,0.8807988166809082,0.8458503261208534
1091,4,5,4,0.02476152963936329,0.9752384424209595,4,1,4,1,0.025323251262307167,0.7235749959945679,0.7269226908683777,0.32355108106830616,0.318935147036565,0.5361194014549255,0.4638805389404297,0.7269226908683777,0.6786259859800339
1092,17,17,17,0.018610158935189247,0.9813898205757141,17,1,17,1,0.9999785423278809,0.9562968015670776,0.950646698474884,0.04468695222380738,0.0506127907459644,0.6663155555725098,0.3336844742298126,0.950646698474884,0.9295702874660492
1093,24,24,24,0.018605723977088928,0.9813942909240723,24,1,24,1,0.8027717471122742,0.8018409013748169,0.8253225684165955,0.22084506813314292,0.19198097704480183,0.5377920269966125,0.46220797300338745,0.8253225684165955,0.7953128162771463
1094,4,4,4,0.01789497770369053,0.982105016708374,4,1,4,1,0.9984070062637329,0.9737545847892761,0.9553597569465637,0.026595973423897717,0.04566730059379976,0.6941541433334351,0.30584582686424255,0.9553597569465637,0.9453999800607562
1095,14,14,14,0.01783972606062889,0.9821602702140808,14,1,14,1,0.9940863847732544,0.9507937431335449,0.9054444432258606,0.05045812415138032,0.09932935834397719,0.8197346925735474,0.1802653670310974,0.9054444432258606,0.8705694451928139
1096,18,18,18,0.017767516896128654,0.9822325110435486,18,1,18,1,0.9754332900047302,0.7654771208763123,0.8695427775382996,0.2672559521477534,0.1397877485390904,0.7812795042991638,0.21872049570083618,0.8695427775382996,0.8352357931435108
1097,6,3,6,0.0178774856030941,0.982122540473938,6,1,3,0,0.238191157579422,0.6254335641860962,0.3584532141685486,0.4693101670484806,1.0259571318702048,0.6849575042724609,0.31504249572753906,0.42517662048339844,0.06672340631484985
1098,14,14,14,0.01481663342565298,0.9851833581924438,14,1,14,1,0.9889242053031921,0.7301762700080872,0.786693274974823,0.3144693082233629,0.23991684608207595,0.9624029397964478,0.037597037851810455,0.786693274974823,0.7120628505945206
1099,26,17,26,0.014680876396596432,0.9853191375732422,26,1,26,1,0.11068557947874069,0.8484291434288025,0.38170427083969116,0.16436870583397142,0.9631091302977642,0.7087069153785706,0.29129311442375183,0.38170427083969116,0.19660209119319916
1100,14,17,14,0.012662491761147976,0.9873375296592712,14,1,14,1,0.5632405877113342,0.9344034194946289,0.7228468060493469,0.06784700735298181,0.32455796578991764,0.9207387566566467,0.0792611762881279,0.7228468060493469,0.5991806089878082
1101,14,14,14,0.012020973488688469,0.9879790544509888,14,1,14,1,0.9952916502952576,0.9253926277160645,0.8259207010269165,0.07753716913264576,0.1912565136691742,0.7877388596534729,0.2122611552476883,0.8259207010269165,0.7969276066869497
1102,9,9,9,0.011975608766078949,0.9880244135856628,9,1,9,1,0.9766975045204163,0.6910374760627747,0.6171126365661621,0.36956122215142373,0.48270371652534394,0.7547265887260437,0.2452734261751175,0.6171126365661621,0.5751553848385811
1103,21,21,21,0.012154935859143734,0.9878450632095337,21,1,21,1,0.9989635944366455,0.9501757621765137,0.927605390548706,0.05110829868292833,0.0751488623318481,0.713375985622406,0.28662407398223877,0.927605390548706,0.8997353464365005
1104,14,27,14,0.012185271829366684,0.987814724445343,14,1,14,1,0.516187846660614,0.8255342245101929,0.6254909634590149,0.19172455735332528,0.46921839608757854,0.9032865166664124,0.09671349823474884,0.6254909634590149,0.5031288787722588
1105,21,21,21,0.011560126207768917,0.9884398579597473,21,1,21,1,0.9995229840278625,0.9991726279258728,0.9780012369155884,0.0008277145353099624,0.022244344208254083,0.6488567590713501,0.3511432707309723,0.9780012369155884,0.9717404684051871
1106,9,9,14,0.011535716243088245,0.9884642958641052,14,0,9,1,0.520322322845459,0.3446345031261444,0.5263862609863281,1.0652708347520792,0.6417199992616238,0.9249019026756287,0.07509804517030716,0.5263862609863281,0.29658202826976776
1107,10,21,10,0.011723586358129978,0.9882764220237732,10,1,10,1,0.04505132511258125,0.9703507423400879,0.8160253167152405,0.03009768280130511,0.20330989911298328,0.5700032711029053,0.42999666929244995,0.8160253167152405,0.7429056167602539
1108,10,10,10,0.010026571340858936,0.9899734258651733,10,1,10,1,0.7531003355979919,0.33834177255630493,0.6013384461402893,1.083698732969271,0.5085973646132315,0.9205009341239929,0.07949906587600708,0.6013384461402893,0.5102587193250656
1109,4,4,13,0.010571373626589775,0.9894286394119263,13,0,13,0,0.2505495846271515,0.018047267571091652,0.12673290073871613,4.014760986765478,2.065673551025867,0.4720081090927124,0.5279919505119324,0.5223581194877625,0.33212806284427643
1110,11,11,15,0.01280012633651495,0.9871999025344849,15,0,11,1,0.1471441686153412,0.07959301024675369,0.31647855043411255,2.53082900095784,1.1504998108347184,0.7740602493286133,0.22593972086906433,0.31647855043411255,0.020885765552520752
1111,3,3,11,0.014580626972019672,0.9854193925857544,11,0,3,1,0.6053682565689087,0.2885284125804901,0.608609139919281,1.2429617140686715,0.4965790236903963,0.7080342173576355,0.2919657826423645,0.608609139919281,0.4153197854757309
1112,21,21,21,0.015447299927473068,0.9845526814460754,21,1,21,1,0.9999935030937195,0.9982725381851196,0.9787286520004272,0.0017289555975909087,0.021500843408814637,0.6873528957366943,0.31264713406562805,0.9787286520004272,0.9746503904461861
1113,2,22,2,0.015442094765603542,0.9845579266548157,2,1,2,1,0.6842851638793945,0.8912763595581055,0.8467473387718201,0.11510073174921759,0.16635293016274655,0.5565240979194641,0.4434759020805359,0.8467473387718201,0.8017323017120361
1114,22,22,22,0.014907319098711014,0.9850926995277405,22,1,22,1,0.6636661291122437,0.4167948067188263,0.24671435356140137,0.8751612485082578,1.3995240748880247,0.9707550406455994,0.02924494259059429,0.24671435356140137,0.011379808187484741
1115,8,0,8,0.015125474892556667,0.9848745465278625,8,1,8,1,0.36858049035072327,0.4678637981414795,0.2138982117176056,0.7595780550340496,1.5422550232952255,0.677591860294342,0.32240813970565796,0.2138982117176056,0.024842023849487305
1116,24,24,24,0.013192428275942802,0.9868075847625732,24,1,24,1,0.8530799746513367,0.5327914357185364,0.8040424585342407,0.6296252339869935,0.21810320207533332,0.777310848236084,0.2226891666650772,0.8040424585342407,0.7698376141488552
1117,6,6,21,0.01360869687050581,0.9863913059234619,21,0,6,1,0.13024501502513885,0.10142794251441956,0.2668609619140625,2.2884066585833733,1.3210274981099337,0.7048333883285522,0.295166552066803,0.2668609619140625,0.030796021223068237
1118,11,11,4,0.015252356417477131,0.9847476482391357,4,0,4,0,0.29146498441696167,0.09495128691196442,0.2995092272758484,2.3543912882404996,1.2056100529668332,0.800636351108551,0.19936367869377136,0.379384309053421,0.07987508177757263
1119,5,5,5,0.0168144628405571,0.9831855297088623,5,1,5,1,0.7376710772514343,0.9460152387619019,0.8131769895553589,0.055496601432198096,0.20680649379730232,0.9567884206771851,0.04321158677339554,0.8131769895553589,0.7528948523104191
1120,15,15,15,0.016093946993350983,0.9839060306549072,15,1,15,1,0.9984529614448547,0.9870221018791199,0.9432938098907471,0.013062846811411283,0.05837747553301176,0.8823958039283752,0.11760416626930237,0.9432938098907471,0.9307958567515016
1121,15,15,16,0.01602848246693611,0.9839715361595154,16,0,15,1,0.24318283796310425,0.2043513059616089,0.6989662051200867,1.5879146781843008,0.35815288538479045,0.9505965709686279,0.049403443932533264,0.6989662051200867,0.6288820058107376
1122,6,6,6,0.017384974285960197,0.982615053653717,6,1,6,1,0.8801741003990173,0.36275559663772583,0.5376585125923157,1.0140259589764813,0.6205316553083905,0.9281200766563416,0.07187999784946442,0.5376585125923157,0.2537521719932556
1123,17,1,1,0.017745403572916985,0.9822546243667603,1,0,1,0,0.7555227875709534,0.002198302885517478,0.008114585652947426,6.120069631985919,4.814092138721817,0.51202392578125,0.4879760444164276,0.9033803939819336,0.8840129598975182
1124,5,5,5,0.022129280492663383,0.9778707027435303,5,1,5,1,0.8260974884033203,0.9880843162536621,0.8986038565635681,0.011987244537834008,0.10691299060860536,0.6577599048614502,0.3422400653362274,0.8986038565635681,0.8609629087150097
1125,2,2,2,0.02145472541451454,0.9785452485084534,2,1,2,1,0.9985095262527466,0.9294828772544861,0.8834477663040161,0.07312689344864139,0.12392311030117212,0.8426575660705566,0.15734240412712097,0.8834477663040161,0.8576540537178516
1126,25,25,2,0.02145109511911869,0.9785488843917847,2,0,2,0,0.048252638429403305,0.0406709723174572,0.11192192137241364,3.2022406518627444,2.1899537813990233,0.2957477867603302,0.7042522430419922,0.35160914063453674,0.07078099250793457
1127,16,16,16,0.025430254638195038,0.9745697379112244,16,1,16,1,0.9985331892967224,0.9100258350372314,0.9061928391456604,0.09428228972343025,0.09850314884867165,0.6479515433311462,0.35204845666885376,0.9061928391456604,0.891783987171948
1128,21,21,21,0.025532038882374763,0.974467933177948,21,1,21,1,0.999987781047821,0.9983309507369995,0.9789354205131531,0.0016704436775019757,0.02128960337392017,0.7499377727508545,0.2500622272491455,0.9789354205131531,0.975791455945
1129,17,17,17,0.02552400343120098,0.9744759798049927,17,1,17,1,0.9989098310470581,0.9330803751945496,0.9491536021232605,0.06926393479856005,0.05218463664847264,0.723976731300354,0.276023268699646,0.9491536021232605,0.9232722297310829
1130,1,1,18,0.025548789650201797,0.9744511842727661,18,0,1,1,0.19007349014282227,0.10482707619667053,0.40683311223983765,2.255443179809309,0.8993522212671847,0.9769579172134399,0.023042060434818268,0.40683311223983765,0.28356945514678955
1131,4,4,11,0.02850726805627346,0.9714927077293396,11,0,4,1,0.13606229424476624,0.044375695288181305,0.3502504229545593,3.115063362843249,1.049106886186708,0.8874003291130066,0.11259961128234863,0.3502504229545593,0.22021229565143585
1132,24,24,24,0.03422512114048004,0.9657748937606812,24,1,24,1,0.8754585981369019,0.5689180493354797,0.8608169555664062,0.564018881000957,0.14987339231692923,0.7947303652763367,0.20526960492134094,0.8608169555664062,0.7970858588814735
1133,26,9,26,0.03517886996269226,0.9648211002349854,26,1,26,1,0.2537805736064911,0.7388046383857727,0.5565471649169922,0.30272175240690025,0.5860033590869752,0.4561571478843689,0.5438429117202759,0.5565471649169922,0.51246602460742
1134,21,21,21,0.0317176878452301,0.9682822823524475,21,1,21,1,0.9720593690872192,0.7845031023025513,0.8489147424697876,0.24270475232030883,0.1637965188325416,0.836717963218689,0.16328206658363342,0.8489147424697876,0.7962606474757195
1135,25,25,25,0.032096978276968,0.9679030179977417,25,1,25,1,0.8354750871658325,0.5039151906967163,0.6541116833686829,0.6853472974973119,0.4244771724275347,0.530388355255127,0.46961167454719543,0.6541116833686829,0.5365490615367889
1136,14,17,14,0.03258884325623512,0.9674111604690552,14,1,14,1,0.21016517281532288,0.9451510906219482,0.6297013163566589,0.05641048001248987,0.46250967303915824,0.9724942445755005,0.02750575728714466,0.6297013163566589,0.3837672770023346
1137,23,23,23,0.029613006860017776,0.9703869819641113,23,1,23,1,0.438812792301178,0.25699785351753235,0.26441454887390137,1.3586875461936545,1.3302371465203664,0.977411150932312,0.02258884720504284,0.26441454887390137,0.1629452183842659
1138,26,26,26,0.029152216389775276,0.9708477854728699,26,1,26,1,0.9999919533729553,0.998466968536377,0.9635974168777466,0.0015342077587092375,0.037081688944737186,0.7490656971931458,0.2509342432022095,0.9635974168777466,0.9605031297542155
1139,24,24,24,0.029135452583432198,0.9708645343780518,24,1,24,1,0.9983953833580017,0.90968257188797,0.9294071793556213,0.09465956242495391,0.07320833764017645,0.6730029582977295,0.32699698209762573,0.9294071793556213,0.9192832512781024
1140,17,17,17,0.029268983751535416,0.9707310199737549,17,1,17,1,0.9982450008392334,0.9699459075927734,0.9392604231834412,0.030514974407929312,0.0626624972423449,0.7740570306777954,0.225942924618721,0.9392604231834412,0.9248341349884868
1141,6,2,6,0.029094673693180084,0.9709053039550781,6,1,6,1,0.257680743932724,0.9063701033592224,0.7160208225250244,0.09830755374963229,0.3340460307054961,0.8938495516777039,0.10615041851997375,0.7160208225250244,0.669966533780098
1142,2,23,2,0.026677262037992477,0.9733227491378784,2,1,2,1,0.0016156508354470134,0.9550207257270813,0.571486234664917,0.0460222364048767,0.5595148823629564,0.9300694465637207,0.0699305534362793,0.571486234664917,0.34090277552604675
1143,3,3,3,0.018767815083265305,0.9812321662902832,3,1,3,1,0.9616955518722534,0.5053489208221436,0.638667643070221,0.6825061559695464,0.4483710803050235,0.8716102242469788,0.12838976085186005,0.638667643070221,0.4941001385450363
1144,23,23,23,0.01915593259036541,0.9808440804481506,23,1,23,1,0.9575986862182617,0.5490290522575378,0.46154895424842834,0.5996039203708505,0.7731671542869718,0.8977548480033875,0.10224509239196777,0.46154895424842834,0.38368039578199387
1145,15,11,15,0.019616685807704926,0.9803833365440369,15,1,15,1,0.17321929335594177,0.9340734481811523,0.7646177411079407,0.06820020553553925,0.26837925486588887,0.5462762117385864,0.4537237584590912,0.7646177411079407,0.6508258506655693
1146,27,9,9,0.017627280205488205,0.9823727011680603,9,0,9,0,0.7974069714546204,0.3145642876625061,0.10200224071741104,1.156566811449567,2.2827604981214,0.7390499114990234,0.2609500586986542,0.7724132537841797,0.6704110130667686
1147,5,5,5,0.01643212139606476,0.9835678935050964,5,1,5,1,0.9847373366355896,0.9280270338058472,0.8200340270996094,0.07469441536394246,0.1984094431218544,0.8072383403778076,0.1927616000175476,0.8200340270996094,0.7497548684477806
1148,17,17,17,0.016191089525818825,0.9838089346885681,17,1,17,1,0.9038182497024536,0.8164939284324646,0.835430920124054,0.20273580268932684,0.17980761524578615,0.7230648398399353,0.2769351005554199,0.835430920124054,0.7862643674015999
1149,27,27,14,0.015942499041557312,0.9840574860572815,14,0,14,0,0.24326299130916595,0.01826748065650463,0.0334477424621582,4.002632813201631,3.397770984605979,0.8749029636383057,0.12509706616401672,0.7049984931945801,0.6221005320549011
1150,27,27,27,0.019645068794488907,0.980354905128479,27,1,27,1,0.9704968929290771,0.698481559753418,0.3724271059036255,0.3588465004139617,0.9877139491614115,0.851085901260376,0.1489141285419464,0.3724271059036255,0.14020921289920807
1151,25,25,25,0.01991296373307705,0.9800870418548584,25,1,25,1,0.9757498502731323,0.6027688980102539,0.6779469847679138,0.5062214094297648,0.3886861876566663,0.8318464159965515,0.1681535840034485,0.6779469847679138,0.5882823467254639
1152,27,14,27,0.020010018721222878,0.9799900054931641,27,1,17,0,0.18818211555480957,0.6512542366981506,0.2119852602481842,0.4288551804491173,1.5512385338584542,0.9722926020622253,0.027707429602742195,0.3153779208660126,0.10339266061782837
1153,24,24,10,0.014566886238753796,0.9854331016540527,10,0,24,1,0.5493861436843872,0.35275110602378845,0.7777094841003418,1.0419925528217027,0.25140223829279573,0.725264847278595,0.2747351825237274,0.7777094841003418,0.7122464701533318
1154,4,4,4,0.015354327857494354,0.984645664691925,4,1,4,1,0.9979420304298401,0.9875332713127136,0.9699535369873047,0.012545090305867831,0.03050710864503876,0.8015899062156677,0.1984100639820099,0.9699535369873047,0.9640309223905206
1155,22,22,16,0.015274934470653534,0.9847250580787659,16,0,16,0,0.016840867698192596,0.023370815441012383,0.0661257803440094,3.7562672383994378,2.716196587829685,0.7992095947265625,0.20079033076763153,0.4309840500354767,0.32274845987558365
1156,19,19,19,0.019093340262770653,0.9809066653251648,19,1,19,1,0.9800263047218323,0.776918351650238,0.866481363773346,0.2524200156671657,0.1433146775322651,0.8199693560600281,0.18003062903881073,0.866481363773346,0.8442870639264584
1157,7,27,7,0.01933216117322445,0.9806678295135498,7,1,7,1,0.5359053611755371,0.9660269618034363,0.8586136102676392,0.034563534389514566,0.15243627161962073,0.7211428284645081,0.27885720133781433,0.8586136102676392,0.7782565280795097
1158,2,2,2,0.01843721605837345,0.9815627932548523,2,1,2,1,0.8583379983901978,0.761243999004364,0.7984422445297241,0.27280134307039716,0.2250926438995207,0.876132607460022,0.12386734783649445,0.7984422445297241,0.7444587349891663
1159,23,18,23,0.01785288378596306,0.9821470975875854,23,1,18,0,0.5021823644638062,0.32327693700790405,0.19612231850624084,1.129245932991078,1.6290167403933917,0.962193489074707,0.0378064326941967,0.24639400839805603,0.050271689891815186
1160,10,10,10,0.018010107800364494,0.9819899201393127,10,1,10,1,0.999840259552002,0.9834508299827576,0.9688836336135864,0.016687637336459258,0.03161076345271575,0.8171170949935913,0.1828829050064087,0.9688836336135864,0.9577375827357173
1161,12,1,19,0.017988119274377823,0.9820118546485901,19,0,5,0,0.13084515929222107,0.0495065376162529,0.052247390151023865,3.0056505450727564,2.951765338647424,0.9953994154930115,0.00460058031603694,0.266432523727417,0.1152527928352356
1162,0,0,16,0.019625823944807053,0.9803741574287415,16,0,16,0,0.13537368178367615,0.13024510443210602,0.33904778957366943,2.0383371849889564,1.0816142093436176,0.8852704167366028,0.11472956091165543,0.42387908697128296,0.08483129739761353
1163,12,8,12,0.02148624137043953,0.978513777256012,12,1,12,1,0.37916767597198486,0.9582114219665527,0.7342348694801331,0.04268683437189945,0.3089263158843605,0.8422751426696777,0.15772485733032227,0.7342348694801331,0.6404687985777855
1164,6,6,3,0.0196901373565197,0.9803098440170288,3,0,6,1,0.36407947540283203,0.15780028700828552,0.4177595376968384,1.8464250517615892,0.8728492806557376,0.9497969746589661,0.05020300671458244,0.4177595376968384,0.20969083905220032
1165,11,11,4,0.021550452336668968,0.9784495234489441,4,0,4,0,0.5628113746643066,0.050764068961143494,0.12835776805877686,2.980566478569625,2.0529338510283277,0.805453896522522,0.19454613327980042,0.669035017490387,0.5406772494316101
1166,6,15,3,0.024672040715813637,0.9753279685974121,3,0,3,0,0.1556117832660675,0.38582462072372437,0.28306844830513,0.9523723632224227,1.2620665437813794,0.8128452301025391,0.18715476989746094,0.35119348764419556,0.06812503933906555
1167,6,6,6,0.023662758991122246,0.9763372540473938,6,1,6,1,0.9123029112815857,0.822318434715271,0.8431402444839478,0.1956275687775906,0.17062197125376274,0.8203985691070557,0.17960141599178314,0.8431402444839478,0.785309687256813
1168,6,3,23,0.023265110328793526,0.9767348766326904,23,0,3,0,0.1458432972431183,0.08133642375469208,0.11525771766901016,2.509161346094993,2.1605846347572975,0.6897279620170593,0.31027209758758545,0.23607638478279114,0.09747867286205292
1169,6,6,6,0.02428438700735569,0.9757156372070312,6,1,6,1,0.9421218037605286,0.5009196996688843,0.6138043999671936,0.6913094708455279,0.4880789684168608,0.9084647297859192,0.09153526276350021,0.6138043999671936,0.5543826520442963
1170,10,10,10,0.024869350716471672,0.9751306772232056,10,1,10,1,0.9999694228172302,0.9866951704025269,0.9702272415161133,0.013394131827937621,0.03022496531730679,0.791970431804657,0.2080295979976654,0.9702272415161133,0.9635397251695395
1171,15,15,15,0.024883314967155457,0.9751166701316833,15,1,15,1,0.990749716758728,0.9194505214691162,0.8803178071975708,0.08397904664211991,0.1274722921641846,0.72150057554245,0.27849942445755005,0.8803178071975708,0.8538032732903957
1172,6,3,3,0.024787012487649918,0.9752129912376404,3,0,3,0,0.8947378993034363,0.27406546473503113,0.279503732919693,1.2943882787408512,1.2747396307706493,0.824569821357727,0.17543010413646698,0.47159138321876526,0.19208765029907227
1173,27,9,27,0.02504456602036953,0.9749554395675659,27,1,27,1,0.17208190262317657,0.8399255275726318,0.5483954548835754,0.17444204872672842,0.6007586192867923,0.40595555305480957,0.5940444469451904,0.5483954548835754,0.228408545255661
1174,27,27,27,0.02088509500026703,0.9791148900985718,27,1,27,1,0.9663739800453186,0.8634728789329529,0.6279894113540649,0.1467927901886514,0.46523197355725543,0.7376201748847961,0.26237985491752625,0.6279894113540649,0.4571637362241745
1175,2,2,2,0.02053043246269226,0.9794695973396301,2,1,2,1,0.9928385019302368,0.923710286617279,0.8676033616065979,0.07935679912721026,0.14202062543273095,0.6822038888931274,0.31779611110687256,0.8676033616065979,0.8535002805292606
1176,2,2,2,0.020432600751519203,0.9795674085617065,2,1,2,1,0.997833788394928,0.8764051795005798,0.8181828856468201,0.13192676130501257,0.2006693907835555,0.7819523215293884,0.218047633767128,0.8181828856468201,0.788455281406641
1177,27,17,27,0.020496705546975136,0.9795032739639282,27,1,17,0,0.28078293800354004,0.4013859033584595,0.149409219622612,0.9128319619250166,1.9010662971927397,0.9783103466033936,0.021689657121896744,0.5499964356422424,0.40058721601963043
1178,4,4,4,0.01788248121738434,0.9821175336837769,4,1,4,1,0.8448964953422546,0.502389132976532,0.8250317573547363,0.6883802942839559,0.1923333996250052,0.8755124807357788,0.12448753416538239,0.8250317573547363,0.7658451460301876
1179,22,22,19,0.01842113770544529,0.9815788865089417,19,0,22,1,0.38634181022644043,0.16235041618347168,0.13890455663204193,1.817998216941208,1.9739682246336236,0.9663708209991455,0.03362913057208061,0.13890455663204193,0.04205717891454697
1180,9,9,9,0.020189858973026276,0.9798101186752319,9,1,9,1,0.9112027883529663,0.9584359526634216,0.8329252004623413,0.04245253911146912,0.18281143621047513,0.7181292772293091,0.2818707227706909,0.8329252004623413,0.7819828279316425
1181,0,0,0,0.019582776352763176,0.9804172515869141,0,1,0,1,0.891361653804779,0.4758186340332031,0.514205813407898,0.7427185182962875,0.665131678481278,0.878365159034729,0.12163479626178741,0.514205813407898,0.4508490413427353
1182,11,11,13,0.020317617803812027,0.9796823859214783,13,0,13,0,0.02285439893603325,0.03223174437880516,0.06371434032917023,3.434803461789556,2.7533456188334675,0.4144687354564667,0.5855312943458557,0.39525577425956726,0.16246075928211212
1183,7,7,7,0.024874189868569374,0.975125789642334,7,1,7,1,0.9984163045883179,0.9943660497665405,0.9396638870239258,0.005649880793909374,0.062233034656232256,0.7520681023597717,0.24793192744255066,0.9396638870239258,0.9312643948942423
1184,3,3,3,0.02474096789956093,0.975259006023407,3,1,3,1,0.9955751299858093,0.8433756828308105,0.7698185443878174,0.17034277039407436,0.2616004485449946,0.7285956740379333,0.2714043855667114,0.7698185443878174,0.5726604014635086
1185,23,23,23,0.024858010932803154,0.9751420021057129,23,1,23,1,0.7925035953521729,0.7777803540229797,0.5556491017341614,0.25131111597113215,0.5876182959554751,0.7698866724967957,0.23011332750320435,0.5556491017341614,0.4378569722175598
1186,2,2,2,0.02430696226656437,0.9756930470466614,2,1,2,1,0.8213096261024475,0.9688364863395691,0.9094061851501465,0.03165942607797432,0.09496343626165475,0.7489486336708069,0.2510513663291931,0.9094061851501465,0.8921679761260748
1187,7,7,27,0.023393135517835617,0.9766068458557129,27,0,27,0,0.02671869657933712,0.014448780566453934,0.10445945709943771,4.237145257849501,2.2589562531975442,0.820564329624176,0.1794356256723404,0.4619341492652893,0.3495087996125221
1188,8,8,8,0.031189490109682083,0.968810498714447,8,1,8,1,0.9974621534347534,0.981526255607605,0.902642011642456,0.018646515131707862,0.10242924753343353,0.7373977899551392,0.26260221004486084,0.902642011642456,0.891037292778492
1189,0,0,0,0.030955759808421135,0.9690442681312561,0,1,0,1,0.9999997615814209,0.9998418688774109,0.9875182509422302,0.00015814362663328004,0.012560300410834144,0.6205459833145142,0.37945401668548584,0.9875182509422302,0.9862248778808862
1190,5,26,1,0.030953751876950264,0.9690462350845337,1,0,1,0,0.08282435685396194,0.01772945560514927,0.05159753933548927,4.032527864096734,2.9642812949284147,0.8250228762626648,0.1749771535396576,0.30252328515052795,0.17553535103797913
1191,14,9,14,0.030980685725808144,0.9690192937850952,14,1,14,1,0.06038668379187584,0.9240305423736572,0.6777508854866028,0.07901015336979635,0.3889754840950267,0.7817807793617249,0.21821916103363037,0.6777508854866028,0.5082709491252899
1192,3,3,3,0.025608984753489494,0.9743910431861877,3,1,3,1,0.7420685291290283,0.5060842633247375,0.5400880575180054,0.6810520952492133,0.6160230832404113,0.3955451548099518,0.6044548749923706,0.5400880575180054,0.13973894715309143
1193,15,0,15,0.026483017951250076,0.9735170006752014,15,1,15,1,0.49820590019226074,0.9585651755332947,0.8304113745689392,0.04231772138166389,0.18583406896569926,0.7404329180717468,0.25956711173057556,0.8304113745689392,0.8051037415862083
1194,20,16,11,0.024695243686437607,0.9753047823905945,11,0,11,0,0.41588646173477173,0.20529229938983917,0.07924062758684158,1.5833204647214272,2.5352661371069063,0.8774226307868958,0.12257733941078186,0.24393577873706818,0.013077989220619202
1195,4,4,4,0.019899876788258553,0.9801000952720642,4,1,4,1,0.9999433755874634,0.9754445552825928,0.9584116339683533,0.024861957763798417,0.042477912746012904,0.6250017881393433,0.37499821186065674,0.9584116339683533,0.9521834310144186
1196,27,27,27,0.019914831966161728,0.9800851941108704,27,1,27,1,0.9193984270095825,0.9351271390914917,0.7591427564620972,0.06707278129961204,0.27556543434196074,0.6555721163749695,0.34442782402038574,0.7591427564620972,0.7032432295382023
1197,10,10,10,0.019540542736649513,0.980459451675415,10,1,10,1,0.9999967813491821,0.9973812103271484,0.9879710078239441,0.002622224700914813,0.012101925972570754,0.823221743106842,0.17677822709083557,0.9879710078239441,0.9838023907504976
1198,4,4,4,0.01953628845512867,0.9804636836051941,4,1,4,1,0.9980368614196777,0.9329089522361755,0.9297870993614197,0.06944766892429838,0.07279964446008697,0.6959736347198486,0.3040263056755066,0.9297870993614197,0.9169523362070322
1199,10,10,10,0.019502578303217888,0.980497419834137,10,1,10,1,0.9999964237213135,0.9944854378700256,0.9807350039482117,0.005529823459944852,0.01945298440120542,0.8568598031997681,0.14314012229442596,0.9807350039482117,0.977306904271245
1200,15,15,15,0.019505714997649193,0.9804942607879639,15,1,15,1,0.999695897102356,0.9564508199691772,0.9132251739501953,0.04452590807904061,0.0907727979629182,0.7683451771736145,0.23165489733219147,0.9132251739501953,0.8962481841444969
1201,22,22,22,0.019437599927186966,0.9805623888969421,22,1,22,1,0.8601040244102478,0.4027157425880432,0.2523466646671295,0.909524319293733,1.3769514833740404,0.8435506820678711,0.15644928812980652,0.2523466646671295,0.12163203954696655
1202,9,5,9,0.020300637930631638,0.9796993732452393,9,1,9,1,0.011936246417462826,0.8055346608161926,0.4711667597293854,0.2162490471031796,0.7525431930011234,0.889290988445282,0.11070901155471802,0.4711667597293854,0.3001426160335541
1203,21,21,21,0.016184035688638687,0.9838159680366516,21,1,21,1,0.9999857544898987,0.9902862906455994,0.9582242965698242,0.009761195188390259,0.04267339838430315,0.7361314296722412,0.2638685703277588,0.9582242965698242,0.9510874426923692
1204,3,3,6,0.016190793365240097,0.983809232711792,6,0,6,0,0.25732889771461487,0.16210442781448364,0.3591434061527252,1.8195145352867057,1.0240335102213312,0.8286959528923035,0.17130409181118011,0.4373563230037689,0.0782129168510437
1205,26,26,26,0.017749972641468048,0.9822500348091125,26,1,26,1,0.9999949336051941,0.9992966651916504,0.9783243536949158,0.0007035822643123254,0.02191401393622128,0.5881900787353516,0.41180992126464844,0.9783243536949158,0.975814595585689
1206,2,18,2,0.017741423100233078,0.9822585582733154,2,1,2,1,0.004636471159756184,0.9787588119506836,0.8531935811042786,0.02147002844747858,0.158768815732184,0.4181636869907379,0.5818363428115845,0.8531935811042786,0.7675878033041954
1207,23,23,23,0.01323432195931673,0.9867656826972961,23,1,23,1,0.7211995124816895,0.7203977108001709,0.3850838541984558,0.32795184336421485,0.9542941652971351,0.8553420305252075,0.14465799927711487,0.3850838541984558,0.23853439092636108
1208,16,16,16,0.012762731872498989,0.987237274646759,16,1,16,1,0.9978315830230713,0.9567016959190369,0.9443098902702332,0.044263643623683124,0.057300893115274,0.6601963043212891,0.33980369567871094,0.9443098902702332,0.9307770188897848
1209,3,3,6,0.012733141891658306,0.9872668385505676,6,0,6,0,0.9488741755485535,0.3935527503490448,0.4006330370903015,0.9325401658549043,0.9147093901285815,0.7238055467605591,0.2761944532394409,0.5264917016029358,0.12585866451263428
1210,8,9,8,0.012964298948645592,0.9870356917381287,8,1,8,1,0.355266809463501,0.9858295917510986,0.8988288640975952,0.014271767154595882,0.1066626251483397,0.594005823135376,0.40599414706230164,0.8988288640975952,0.8810958229005337
1211,12,12,12,0.011741913855075836,0.9882580637931824,12,1,12,1,0.9979731440544128,0.9944702982902527,0.9144731163978577,0.005545047106703798,0.08940720863322801,0.775151789188385,0.22484825551509857,0.9144731163978577,0.9000696334987879
1212,14,14,14,0.011668479070067406,0.9883314967155457,14,1,14,1,0.9734035730361938,0.802825927734375,0.8673886060714722,0.21961736595171433,0.14226818339290975,0.8012327551841736,0.19876724481582642,0.8673886060714722,0.8031797111034393
1213,10,10,10,0.01170358993113041,0.988296389579773,10,1,10,1,0.9999966621398926,0.9955155849456787,0.9842789769172668,0.0044945002054744745,0.015845908984831982,0.8005785942077637,0.1994214504957199,0.9842789769172668,0.9814093122258782
1214,27,27,9,0.011705631390213966,0.9882943630218506,9,0,27,1,0.7378158569335938,0.44481125473976135,0.5272170305252075,0.8101052334437526,0.6401429925879619,0.8509334921836853,0.14906646311283112,0.5272170305252075,0.36633627116680145
1215,0,0,16,0.012073710560798645,0.9879263043403625,16,0,16,0,0.0038778260350227356,0.012005398981273174,0.06690482795238495,4.422398815269493,2.7044841477495294,0.5804070234298706,0.41959288716316223,0.4256399869918823,0.2673353850841522
1216,2,2,2,0.016910625621676445,0.9830893874168396,2,1,2,1,0.9995468854904175,0.9753303527832031,0.9295381903648376,0.024979042004576707,0.07306738566647437,0.6824572682380676,0.31754270195961,0.9295381903648376,0.9191556824371219
1217,26,8,7,0.016839152202010155,0.9831608533859253,7,0,8,0,0.22378918528556824,0.024719303473830223,0.08911480009555817,3.7001708234146067,2.4178298517276215,0.9637401103973389,0.036259859800338745,0.40228593349456787,0.08806976675987244
1218,3,3,1,0.017637157812714577,0.9823628664016724,1,0,3,1,0.05750368908047676,0.050072912126779556,0.24044878780841827,2.9942750932215385,1.425248152616907,0.2529672682285309,0.7470327019691467,0.24044878780841827,0.024675682187080383
1219,0,0,0,0.02075350657105446,0.9792464971542358,0,1,0,1,0.9999955892562866,0.9906677603721619,0.9191664457321167,0.009376057803621723,0.08428805688658905,0.7328824996948242,0.26711753010749817,0.9191664457321167,0.9109901925548911
1220,5,5,5,0.02076275646686554,0.9792372584342957,5,1,5,1,0.7602634429931641,0.9201892018318176,0.811042308807373,0.08317597591795085,0.20943505753773042,0.944568932056427,0.055431120097637177,0.811042308807373,0.7170597687363625
1221,7,1,0,0.020037319511175156,0.9799627065658569,0,0,7,1,0.3516407012939453,0.09268166869878769,0.11486281454563141,2.378584574629815,2.164016779705242,0.9921018481254578,0.007898185402154922,0.11486281454563141,0.017882823944091797
1222,15,15,15,0.020689575001597404,0.9793104529380798,15,1,15,1,0.9999050498008728,0.9713209271430969,0.9346441626548767,0.0290983533070373,0.06758939683104709,0.8360961079597473,0.16390393674373627,0.9346441626548767,0.9251770731061697
1223,10,10,10,0.02071848325431347,0.9792815446853638,10,1,10,1,0.999995768070221,0.9964104294776917,0.989648163318634,0.0035960284894263005,0.010405789606940765,0.921198308467865,0.0788016989827156,0.989648163318634,0.9865600795019418
1224,8,8,8,0.0207220371812582,0.9792779684066772,8,1,8,1,0.9999890327453613,0.9962086081504822,0.9572978019714355,0.003798597394057296,0.04364075310325257,0.6225718855857849,0.3774281442165375,0.9572978019714355,0.94974006107077
1225,21,21,24,0.020715810358524323,0.9792841672897339,24,0,21,1,0.36709460616111755,0.17746131122112274,0.42576050758361816,1.7290026587759,0.8538782795709757,0.9332006573677063,0.06679932028055191,0.42576050758361816,0.3016262352466583
1226,1,1,1,0.02261536568403244,0.977384626865387,1,1,1,1,0.9996590614318848,0.9838356375694275,0.8991994261741638,0.016296430872200517,0.10625043799442226,0.6373447179794312,0.36265531182289124,0.8991994261741638,0.8851469494402409
1227,0,0,0,0.022544782608747482,0.977455198764801,0,1,0,1,0.9995745420455933,0.9976019859313965,0.9526875019073486,0.0024008939091934955,0.04846833895800506,0.8644086718559265,0.1355913281440735,0.9526875019073486,0.9486285499297082
1228,22,18,2,0.02243828773498535,0.9775617122650146,2,0,18,0,0.518368661403656,0.1740952730178833,0.05619973689317703,1.7481525835364768,2.8788432037095175,0.8872652053833008,0.11273476481437683,0.4886394441127777,0.3460703641176224
1229,17,26,17,0.021486176177859306,0.9785138368606567,17,1,17,1,0.381907194852829,0.7734733819961548,0.4834578037261963,0.2568640219772265,0.726791240438734,0.8805109262466431,0.11948908865451813,0.4834578037261963,0.3029864579439163
1230,27,27,17,0.01992185227572918,0.9800781607627869,17,0,17,0,0.7999430298805237,0.30091890692710876,0.27221909165382385,1.2009144627335446,1.3011480528928876,0.8815963864326477,0.11840364336967468,0.3119393587112427,0.03972026705741882
1231,7,7,7,0.020613892003893852,0.9793860912322998,7,1,7,1,0.9993788599967957,0.9923615455627441,0.9229904413223267,0.007667776844367409,0.08013640063006386,0.7202098965644836,0.27979010343551636,0.9229904413223267,0.886206291615963
1232,14,14,14,0.020548254251480103,0.9794517755508423,14,1,14,1,0.9657876491546631,0.4835071563720703,0.4826022684574127,0.7266891630151388,0.7285624253103078,0.8726912140846252,0.12730877101421356,0.4826022684574127,0.12319108843803406
1233,15,11,15,0.020761486142873764,0.9792385101318359,15,1,15,1,0.2379187047481537,0.8986862301826477,0.7474923729896545,0.1068213263639242,0.29103117712767185,0.5280033349990845,0.47199660539627075,0.7474923729896545,0.6275183632969856
1234,25,25,25,0.019059553742408752,0.9809404611587524,25,1,25,1,0.991773247718811,0.8248030543327332,0.843625009059906,0.1926106431670228,0.17004718517930917,0.6839745044708252,0.3160254657268524,0.843625009059906,0.792985588312149
1235,24,24,21,0.0191788449883461,0.9808211326599121,21,0,24,1,0.2880590558052063,0.18344543874263763,0.5910326242446899,1.6958379922531726,0.5258840613319354,0.7932299375534058,0.206770122051239,0.5910326242446899,0.43063895404338837
1236,20,20,11,0.020932000130414963,0.9790679812431335,11,0,11,0,0.0782470777630806,0.025632226839661598,0.24381791055202484,3.663904858273394,1.4113336005150905,0.9390736818313599,0.06092638522386551,0.6623331904411316,0.41851527988910675
1237,6,6,3,0.02660413086414337,0.9733958840370178,3,0,3,0,0.6489232182502747,0.31767362356185913,0.3234628438949585,1.1467307642509796,1.1286710282220676,0.7272430658340454,0.2727568447589874,0.6403107643127441,0.31684792041778564
1238,23,23,23,0.02757600136101246,0.9724239706993103,23,1,23,1,0.9967120885848999,0.9708288311958313,0.8545305728912354,0.02960510718189537,0.15720299837579588,0.7985062599182129,0.20149371027946472,0.8545305728912354,0.8385531660169363
1239,4,1,12,0.027419712394475937,0.9725803136825562,12,0,4,1,0.2803208827972412,0.08957608789205551,0.21077243983745575,2.4126668708237813,1.5569762116712877,0.9888569712638855,0.011143004521727562,0.21077243983745575,0.04151390492916107
1240,11,2,20,0.028843646869063377,0.9711563587188721,20,0,20,0,0.06865914165973663,0.39961183071136475,0.2885456383228302,0.9172616262612023,1.2429020137847366,0.9380536079406738,0.06194641441106796,0.33642518520355225,0.047879546880722046
1241,18,18,25,0.023690948262810707,0.976309061050415,25,0,25,0,0.07992074638605118,0.0639972910284996,0.298164039850235,2.748914524198,1.2101114746332875,0.7999231219291687,0.2000768780708313,0.44363054633140564,0.14546650648117065
1242,1,8,1,0.027572397142648697,0.9724276065826416,1,1,1,1,0.009922238998115063,0.9522466659545898,0.6834467649459839,0.04893117485865261,0.38060651181192273,0.5259317755699158,0.4740682542324066,0.6834467649459839,0.5865732356905937
